Time [s],Speed [mph],Speed [mps],Acceleration Command [m/s²],Calculated Acceleration [m/s²]
35.082,0.0,0.0,-0.5,-0.5
35.1811,0.0,0.0,-0.5,-0.5
35.281,0.0,0.0,-0.5,-0.5
35.382,0.0,0.0,-0.5,-0.5
35.481,0.0,0.0,-0.5,-0.5
35.581,0.0,0.0,-0.5,-0.5
35.681,0.0,0.0,-0.5,-0.5
35.7809,0.0,0.0,-0.5,-0.5
35.8812,0.0,0.0,-0.5,-0.5
35.9813,0.0,0.0,-0.5,-0.5
36.0811,0.0,0.0,-0.5,-0.5
36.1812,0.0,0.0,-0.5,-0.5
36.281,0.0,0.0,-0.5,-0.5
36.381,0.0,0.0,-0.5,-0.5
36.481,0.0,0.0,-0.5,-0.5
36.581,0.0,0.0,-0.5,-0.5
36.681,0.0,0.0,-0.5,-0.5
36.781,0.0,0.0,-0.5,-0.5
36.881,0.0,0.0,-0.5,-0.5
36.981,0.0,0.0,-0.5,-0.5
37.081,0.0,0.0,-0.5,-0.5
37.181,0.0,0.0,-0.5,-0.5
37.281,0.0,0.0,-0.5,-0.5
37.381,0.0,0.0,-0.5,-0.5
37.4812,0.0,0.0,-0.5,-0.5
37.581,0.0,0.0,-0.5,-0.5
37.681,0.0,0.0,-0.5,-0.5
37.781,0.0,0.0,-0.5,-0.5
37.881,0.0,0.0,-0.5,-0.5
37.981,0.0,0.0,-0.5,-0.5
38.081,0.0,0.0,-0.5,-0.5
38.181,0.0,0.0,-0.5,-0.5
38.281,0.0,0.0,-0.5,-0.5
38.381,0.0,0.0,-0.5,-0.5
38.481,0.0,0.0,-0.5,-0.5
38.581,0.0,0.0,-0.5,-0.5
38.681,0.0,0.0,-0.5,-0.5
38.781,0.0,0.0,-0.5,-0.5
38.881,0.0,0.0,-0.5,-0.5
38.981,0.0,0.0,-0.5,-0.5
39.081,0.0,0.0,-0.5,-0.5
39.181,0.0,0.0,-0.5,-0.5
39.281,0.0,0.0,-0.5,-0.5
39.381,0.0,0.0,-0.5,-0.5
39.481,0.0,0.0,-0.5,-0.5
39.581,0.0,0.0,-0.5,-0.5
39.681,0.0,0.0,-0.5,-0.5
39.781,0.0,0.0,-0.5,-0.5
39.881,0.0,0.0,-0.5,-0.5
39.981,0.0,0.0,-0.5,-0.5
40.081,0.0,0.0,-0.5,-0.5
40.181,0.0,0.0,-0.5,-0.5
40.281,0.0,0.0,-0.5,-0.5
40.3811,0.0,0.0,-0.5,-0.5
40.481,0.0,0.0,-0.5,-0.5
40.581,0.0,0.0,-0.5,-0.5
40.681,0.0,0.0,-0.5,-0.5
40.781,0.0,0.0,-0.5,-0.5
40.881,0.0,0.0,-0.5,-0.5
40.9811,0.0,0.0,-0.5,-0.5
41.081,0.0,0.0,-0.5,-0.5
41.181,0.0,0.0,-0.5,-0.5
41.2813,0.0,0.0,-0.5,-0.5
41.381,0.0,0.0,-0.5,-0.5
41.4811,0.0,0.0,-0.5,-0.5
41.581,0.0,0.0,-0.5,-0.5
41.681,0.0,0.0,-0.5,-0.5
41.781,0.0,0.0,-0.5,-0.5
41.881,0.0,0.0,-0.5,-0.5
41.981,0.0,0.0,-0.5,-0.5
42.081,0.0,0.0,-0.5,-0.5
42.181,0.0,0.0,-0.5,-0.5
42.281,0.0,0.0,-0.5,-0.5
42.381,0.0,0.0,-0.5,-0.5
42.481,0.0,0.0,-0.5,-0.5
42.5811,0.0,0.0,-0.5,-0.5
42.681,0.0,0.0,-0.5,-0.5
42.7811,0.0,0.0,-0.5,-0.5
42.881,0.0,0.0,-0.5,-0.5
42.9812,0.0,0.0,-0.5,-0.5
43.081,0.0,0.0,-0.5,-0.5
43.1811,0.0,0.0,-0.5,-0.5
43.282,0.0,0.0,-0.5,-0.5
43.3811,0.0,0.0,-0.5,-0.5
43.4811,0.0,0.0,-0.5,-0.5
43.5812,0.0,0.0,-0.5,-0.5
43.6816,0.0,0.0,-0.5,-0.5
43.7811,0.0,0.0,-0.5,-0.5
43.8811,0.0,0.0,-0.5,-0.5
43.981,0.0,0.0,-0.5,-0.5
44.081,0.0,0.0,-0.5,-0.5
44.1812,0.0,0.0,-0.5,-0.5
44.2811,0.0,0.0,-0.5,-0.5
44.3812,0.0,0.0,-0.5,-0.5
44.481,0.0,0.0,-0.5,-0.5
44.581,0.0,0.0,-0.5,-0.5
44.681,0.0,0.0,-0.5,-0.5
44.781,0.0,0.0,-0.5,-0.5
44.8809,0.0,0.0,-0.5,-0.5
44.981,0.0,0.0,-0.5,-0.5
45.081,0.0,0.0,-0.5,-0.5
45.181,0.0,0.0,-0.5,-0.5
45.2809,0.0,0.0,-0.5,-0.5
45.381,0.0,0.0,-0.5,-0.5
45.481,0.0,0.0,-0.5,-0.5
45.5809,0.0,0.0,-0.5,-0.5
45.681,0.0,0.0,-0.5,-0.5
45.7812,0.0,0.0,-0.5,-0.5
45.881,0.0,0.0,-0.5,-0.5
45.981,0.0,0.0,-0.5,-0.5
46.081,0.0,0.0,-0.5,-0.5
46.181,0.0,0.0,-0.5,-0.5
46.2822,0.0,0.0,-0.5,-0.5
46.3811,0.0,0.0,-0.5,-0.5
46.481,0.0,0.0,-0.5,-0.5
46.581,0.0,0.0,-0.5,-0.5
46.6809,0.0,0.0,-0.5,-0.5
46.7811,0.0,0.0,-0.5,-0.5
46.8812,0.0,0.0,-0.5,-0.5
46.981,0.0,0.0,-0.5,-0.5
47.081,0.0,0.0,-0.5,-0.5
47.181,0.0,0.0,-0.5,-0.5
47.2809,0.0,0.0,-0.5,-0.5
47.381,0.0,0.0,-0.5,-0.5
47.481,0.0,0.0,-0.5,-0.5
47.581,0.0,0.0,-0.5,-0.5
47.6812,0.0,0.0,-0.5,-0.5
47.781,0.0,0.0,-0.5,-0.5
47.881,0.0,0.0,-0.5,-0.5
47.981,0.0,0.0,-0.5,-0.5
48.081,0.0,0.0,-0.5,-0.5
48.181,0.0,0.0,-0.5,-0.5
48.281,0.0,0.0,-0.5,-0.5
48.381,0.0,0.0,-0.5,-0.5
48.481,0.0,0.0,-0.5,-0.5
48.581,0.0,0.0,-0.5,-0.5
48.681,0.0,0.0,-0.5,-0.5
48.781,0.0,0.0,-0.5,-0.5
48.881,0.0,0.0,-0.5,-0.5
48.981,0.0,0.0,-0.5,-0.5
49.081,0.0,0.0,-0.5,-0.5
49.181,0.0,0.0,-0.5,-0.5
49.2812,0.0,0.0,-0.5,-0.5
49.3811,0.0,0.0,-0.5,-0.5
49.481,0.0,0.0,-0.5,-0.5
49.581,0.0,0.0,-0.5,-0.5
49.681,0.0,0.0,-0.5,-0.5
49.781,0.0,0.0,-0.5,-0.5
49.8811,0.0,0.0,-0.5,-0.5
49.981,0.0,0.0,-0.5,-0.5
50.081,0.0,0.0,-0.5,-0.5
50.181,0.0,0.0,-0.5,-0.5
50.281,0.0,0.0,-0.5,-0.5
50.381,0.0,0.0,-0.5,-0.5
50.4812,0.0,0.0,-0.5,-0.5
50.581,0.0,0.0,-0.5,-0.5
50.6811,0.0,0.0,-0.5,-0.5
50.781,0.0,0.0,-0.5,-0.5
50.881,0.0,0.0,-0.5,-0.5
50.9812,0.0,0.0,-0.5,-0.5
51.081,0.0,0.0,-0.5,-0.5
51.1812,0.0,0.0,-0.5,-0.5
51.2811,0.0,0.0,-0.5,-0.5
51.3812,0.0,0.0,-0.5,-0.5
51.481,0.0,0.0,-0.5,-0.5
51.581,0.0,0.0,-0.5,-0.5
51.6811,0.0,0.0,-0.5,-0.5
51.781,0.0,0.0,-0.5,-0.5
51.881,0.0,0.0,-0.5,-0.5
51.981,0.0,0.0,-0.5,-0.5
52.081,0.0,0.0,-0.5,-0.5
52.1811,0.0,0.0,-0.5,-0.5
52.281,0.0,0.0,-0.5,-0.5
52.3812,0.0,0.0,-0.5,-0.5
52.481,0.0,0.0,-0.5,-0.5
52.5811,0.0,0.0,-0.5,-0.5
52.681,0.0,0.0,-0.5,-0.5
52.7811,0.0,0.0,-0.5,-0.5
52.881,0.0,0.0,-0.5,-0.5
52.981,0.0,0.0,-0.5,-0.5
53.081,0.0,0.0,-0.5,-0.5
53.181,0.0,0.0,-0.5,-0.5
53.281,0.0,0.0,-0.5,-0.5
53.381,0.0,0.0,-0.5,-0.5
53.481,0.0,0.0,-0.5,-0.5
53.581,0.0,0.0,-0.5,-0.5
53.681,0.0,0.0,-0.5,-0.5
53.781,0.0,0.0,-0.5,-0.5
53.881,0.0,0.0,-0.5,-0.5
53.981,0.0,0.0,-0.5,-0.5
54.0811,0.0,0.0,-0.5,-0.5
54.1811,0.0,0.0,-0.5,-0.5
54.2811,0.0,0.0,-0.5,-0.5
54.3811,0.0,0.0,-0.5,-0.5
54.4812,0.0,0.0,-0.5,-0.5
54.5812,0.0,0.0,-0.5,-0.5
54.6811,0.0,0.0,-0.5,-0.5
54.7812,0.0,0.0,-0.5,-0.5
54.8812,0.0,0.0,-0.5,-0.5
54.9812,0.0,0.0,-0.5,-0.5
55.0815,0.0,0.0,-0.5,-0.5
55.1802,0.0,0.0,-0.5,-0.5
55.2802,0.0,0.0,-0.5,-0.5
55.3803,0.0,0.0,-0.5,-0.5
55.4803,0.0,0.0,-0.5,-0.5
55.5804,0.0,0.0,-0.5,-0.5
55.6803,0.0,0.0,-0.5,-0.5
55.7803,0.0,0.0,-0.5,-0.5
55.8804,0.0,0.0,-0.5,-0.5
55.9804,0.0,0.0,-0.5,-0.5
56.0802,0.0,0.0,-0.5,-0.5
56.1803,0.0,0.0,-0.5,-0.5
56.2803,0.0,0.0,-0.5,-0.5
56.3816,0.0,0.0,-0.5,-0.5
56.4803,0.0,0.0,-0.5,-0.5
56.5803,0.0,0.0,-0.5,-0.5
56.6804,0.0,0.0,-0.5,-0.5
56.7803,0.0,0.0,-0.5,-0.5
56.8803,0.0,0.0,-0.5,-0.5
56.9803,0.0,0.0,-0.5,-0.5
57.0803,0.0,0.0,-0.5,-0.5
57.1803,0.0,0.0,-0.5,-0.5
57.2803,0.0,0.0,-0.5,-0.5
57.3803,0.0,0.0,-0.5,-0.5
57.4803,0.0,0.0,-0.5,-0.5
57.5803,0.0,0.0,-0.5,-0.5
57.6805,0.0,0.0,-0.5,-0.5
57.7803,0.0,0.0,-0.5,-0.5
57.8803,0.0,0.0,-0.5,-0.5
57.9803,0.0,0.0,-0.5,-0.5
58.0803,0.0,0.0,-0.5,-0.5
58.1806,0.0,0.0,-0.5,-0.5
58.2805,0.0,0.0,-0.5,-0.5
58.3806,0.0,0.0,-0.5,-0.5
58.4802,0.0,0.0,-0.5,-0.5
58.5802,0.0,0.0,-0.5,-0.5
58.6803,0.0,0.0,-0.5,-0.5
58.7803,0.0,0.0,-0.5,-0.5
58.8803,0.0,0.0,-0.5,-0.5
58.9803,0.0,0.0,-0.5,-0.5
59.0802,0.0,0.0,-0.5,-0.5
59.1802,0.0,0.0,-0.5,-0.5
59.2802,0.0,0.0,-0.5,-0.5
59.3803,0.0,0.0,-0.5,-0.5
59.4803,0.0,0.0,-0.5,-0.5
59.5803,0.0,0.0,-0.5,-0.5
59.6802,0.0,0.0,-0.5,-0.5
59.7803,0.0,0.0,-0.5,-0.5
59.8802,0.0,0.0,-0.5,-0.5
59.9804,0.0,0.0,-0.5,-0.5
60.0803,0.0,0.0,-0.5,-0.5
60.1803,0.0,0.0,-0.5,-0.5
60.2803,0.0,0.0,-0.5,-0.5
60.3803,0.0,0.0,-0.5,-0.5
60.4802,0.0,0.0,-0.5,-0.5
60.5802,0.0,0.0,-0.5,-0.5
60.6805,0.0,0.0,-0.5,-0.5
60.7803,0.0,0.0,-0.5,-0.5
60.8803,0.0,0.0,-0.5,-0.5
60.9804,0.0,0.0,-0.5,-0.5
61.0803,0.0,0.0,-0.5,-0.5
61.1802,0.0,0.0,-0.5,-0.5
61.2803,0.0,0.0,-0.5,-0.5
61.3802,0.0,0.0,-0.5,-0.5
61.4803,0.0,0.0,-0.5,-0.5
61.5803,0.0,0.0,-0.5,-0.5
61.6802,0.0,0.0,-0.5,-0.5
61.7803,0.0,0.0,-0.5,-0.5
61.8803,0.0,0.0,-0.5,-0.5
61.9804,0.0,0.0,-0.5,-0.5
62.0803,0.0,0.0,-0.5,-0.5
62.1803,0.0,0.0,-0.5,-0.5
62.2803,0.0,0.0,-0.5,-0.5
62.3803,0.0,0.0,-0.5,-0.5
62.4803,0.0,0.0,-0.5,-0.5
62.5803,0.0,0.0,-0.5,-0.5
62.6803,0.0,0.0,-0.5,-0.5
62.7803,0.0,0.0,-0.5,-0.5
62.8803,0.0,0.0,-0.5,-0.5
62.9805,0.0,0.0,-0.5,-0.5
63.0803,0.0,0.0,-0.5,-0.5
63.1803,0.0,0.0,-0.5,-0.5
63.2803,0.0,0.0,-0.5,-0.5
63.3803,0.0,0.0,-0.5,-0.5
63.4803,0.0,0.0,-0.5,-0.5
63.5804,0.0,0.0,-0.5,-0.5
63.6803,0.0,0.0,-0.5,-0.5
63.7803,0.0,0.0,-0.5,-0.5
63.8804,0.0,0.0,-0.5,-0.5
63.9804,0.0,0.0,-0.5,-0.5
64.0803,0.0,0.0,-0.5,-0.5
64.1803,0.0,0.0,-0.5,-0.5
64.2803,0.0,0.0,-0.5,-0.5
64.3803,0.0,0.0,-0.5,-0.5
64.4803,0.0,0.0,-0.5,-0.5
64.5804,0.0,0.0,-0.5,-0.5
64.6803,0.0,0.0,-0.5,-0.5
64.7804,0.0,0.0,-0.5,-0.5
64.8804,0.0,0.0,-0.5,-0.5
64.9804,0.0,0.0,-0.5,-0.5
65.0803,0.0,0.0,-0.5,-0.5
65.1813,0.0,0.0,-0.5,-0.5
65.2803,0.0,0.0,-0.5,-0.5
65.3803,0.0,0.0,-0.5,-0.5
65.4803,0.0,0.0,-0.5,-0.5
65.5813,0.0,0.0,-0.5,-0.5
65.6804,0.0,0.0,-0.5,-0.5
65.7803,0.0,0.0,-0.5,-0.5
65.8803,0.0,0.0,-0.5,-0.5
65.9805,0.0,0.0,-0.5,-0.5
66.0803,0.0,0.0,-0.5,-0.5
66.1807,0.0,0.0,-0.5,-0.5
66.2803,0.0,0.0,-0.5,-0.5
66.3803,0.0,0.0,-0.5,-0.5
66.4804,0.0,0.0,-0.5,-0.5
66.5802,0.0,0.0,-0.5,-0.5
66.6807,0.0,0.0,-0.5,-0.5
66.7803,0.0,0.0,-0.5,-0.5
66.8803,0.0,0.0,-0.5,-0.5
66.9803,0.0,0.0,-0.5,-0.5
67.0802,0.0,0.0,-0.5,-0.5
67.1803,0.0,0.0,-0.5,-0.5
67.2803,0.0,0.0,-0.5,-0.5
67.3804,0.0,0.0,-0.5,-0.5
67.4803,0.0,0.0,-0.5,-0.5
67.5804,0.0,0.0,-0.5,-0.5
67.6803,0.0,0.0,-0.5,-0.5
67.7803,0.0,0.0,-0.5,-0.5
67.8803,0.0,0.0,-0.5,-0.5
67.9805,0.0,0.0,-0.5,-0.5
68.0803,0.0,0.0,-0.5,-0.5
68.1803,0.0,0.0,-0.5,-0.5
68.2803,0.0,0.0,-0.5,-0.5
68.3802,0.0,0.0,-0.5,-0.5
68.4803,0.0,0.0,-0.5,-0.5
68.5803,0.0,0.0,-0.5,-0.5
68.6803,0.0,0.0,-0.5,-0.5
68.7803,0.0,0.0,-0.5,-0.5
68.8803,0.0,0.0,-0.5,-0.5
68.9804,0.0,0.0,-0.5,-0.5
69.0803,0.0,0.0,-0.5,-0.5
69.1803,0.0,0.0,-0.5,-0.5
69.2803,0.0,0.0,-0.5,-0.5
69.3803,0.0,0.0,-0.5,-0.5
69.4803,0.0,0.0,-0.5,-0.5
69.5803,0.0,0.0,-0.5,-0.5
69.6803,0.0,0.0,-0.5,-0.5
69.7803,0.0,0.0,-0.5,-0.5
69.8803,0.0,0.0,-0.5,-0.5
69.9805,0.0,0.0,-0.5,-0.5
70.0803,0.0,0.0,-0.5,-0.5
70.1803,0.0,0.0,-0.5,-0.5
70.2803,0.0,0.0,-0.5,-0.5
70.3803,0.0,0.0,-0.5,-0.5
70.4803,0.0,0.0,-0.5,-0.5
70.5803,0.0,0.0,-0.5,-0.5
70.6803,0.0,0.0,-0.5,-0.5
70.7803,0.0,0.0,-0.5,-0.5
70.8803,0.0,0.0,-0.5,-0.5
70.9804,0.0,0.0,-0.5,-0.5
71.0803,0.0,0.0,-0.5,-0.5
71.1803,0.0,0.0,-0.5,-0.5
71.2803,0.0,0.0,-0.5,-0.5
71.3803,0.0,0.0,-0.5,-0.5
71.4803,0.0,0.0,-0.5,-0.5
71.5803,0.0,0.0,-0.5,-0.5
71.6805,0.0,0.0,-0.5,-0.5
71.7805,0.0,0.0,-0.5,-0.5
71.8805,0.0,0.0,-0.5,-0.5
71.9805,0.0,0.0,-0.5,-0.5
72.0804,0.0,0.0,-0.5,-0.5
72.1805,0.0,0.0,-0.5,-0.5
72.2805,0.0,0.0,-0.5,-0.5
72.3803,0.0,0.0,-0.5,-0.5
72.4805,0.0,0.0,-0.5,-0.5
72.5805,0.0,0.0,-0.5,-0.5
72.6803,0.0,0.0,-0.5,-0.5
72.7803,0.0,0.0,-0.5,-0.5
72.8803,0.0,0.0,-0.5,-0.5
72.9803,0.0,0.0,-0.5,-0.5
73.0805,0.0,0.0,-0.5,-0.5
73.1803,0.0,0.0,-0.5,-0.5
73.2803,0.0,0.0,-0.5,-0.5
73.3803,0.0,0.0,-0.5,-0.5
73.4805,0.0,0.0,-0.5,-0.5
73.5805,0.0,0.0,-0.5,-0.5
73.6815,0.0,0.0,-0.5,-0.5
73.7803,0.0,0.0,-0.5,-0.5
73.8805,0.0,0.0,-0.5,-0.5
73.9805,0.0,0.0,-0.5,-0.5
74.0803,0.0,0.0,-0.5,-0.5
74.1803,0.0,0.0,-0.5,-0.5
74.2803,0.0,0.0,-0.5,-0.5
74.3806,0.0,0.0,-0.5,-0.5
74.4803,0.0,0.0,-0.5,-0.5
74.5802,0.0,0.0,-0.5,-0.5
74.6803,0.0,0.0,-0.5,-0.5
74.7803,0.0,0.0,-0.5,-0.5
74.8803,0.0,0.0,-0.5,-0.5
74.9805,0.0,0.0,-0.5,-0.5
75.0803,0.0,0.0,-0.5,-0.5
75.1805,0.0,0.0,-0.5,-0.5
75.2803,0.0,0.0,-0.5,-0.5
75.3803,0.0,0.0,-0.5,-0.5
75.4803,0.0,0.0,-0.5,-0.5
75.5803,0.0,0.0,-0.5,-0.5
75.6803,0.0,0.0,-0.5,-0.5
75.7803,0.0,0.0,-0.5,-0.5
75.8802,0.0,0.0,-0.5,-0.5
75.9805,0.0,0.0,-0.5,-0.5
76.0803,0.0,0.0,-0.5,-0.5
76.1803,0.0,0.0,-0.5,-0.5
76.2803,0.0,0.0,-0.5,-0.5
76.3803,0.0,0.0,-0.5,-0.5
76.4804,0.0,0.0,-0.5,-0.5
76.5803,0.0,0.0,-0.5,-0.5
76.6804,0.0,0.0,-0.5,-0.5
76.7803,0.0,0.0,-0.5,-0.5
76.8803,0.0,0.0,-0.5,-0.5
76.9805,0.0,0.0,-0.5,-0.5
77.0807,0.0,0.0,-0.5,-0.5
77.1803,0.0,0.0,-0.5,-0.5
77.2803,0.0,0.0,-0.5,-0.5
77.3803,0.0,0.0,-0.5,-0.5
77.4805,0.0,0.0,-0.5,-0.5
77.5803,0.0,0.0,-0.5,-0.5
77.6803,0.0,0.0,-0.5,-0.5
77.7803,0.0,0.0,-0.5,-0.5
77.8804,0.0,0.0,-0.5,-0.5
77.9804,0.0,0.0,-0.5,-0.5
78.0803,0.0,0.0,-0.5,-0.5
78.1806,0.0,0.0,-0.5,-0.5
78.2803,0.0,0.0,-0.5,-0.5
78.3804,0.0,0.0,-0.5,-0.5
78.4803,0.0,0.0,-0.5,-0.5
78.5803,0.0,0.0,-0.5,-0.5
78.6803,0.0,0.0,-0.5,-0.5
78.7803,0.0,0.0,-0.5,-0.5
78.8803,0.0,0.0,-0.5,-0.5
78.9805,0.0,0.0,-0.5,-0.5
79.0803,0.0,0.0,-0.5,-0.5
79.1803,0.0,0.0,-0.5,-0.5
79.2803,0.0,0.0,-0.5,-0.5
79.3803,0.0,0.0,-0.5,-0.5
79.4805,0.0,0.0,-0.5,-0.5
79.5803,0.0,0.0,-0.5,-0.5
79.6802,0.0,0.0,-0.5,-0.5
79.7804,0.0,0.0,-0.5,-0.5
79.8803,0.0,0.0,-0.5,-0.5
79.9805,0.0,0.0,-0.5,-0.5
80.0803,0.0,0.0,-0.5,-0.5
80.1803,0.0,0.0,-0.5,-0.5
80.2804,0.0,0.0,-0.5,-0.5
80.3803,0.0,0.0,-0.5,-0.5
80.4803,0.0,0.0,-0.5,-0.5
80.5803,0.0,0.0,-0.5,-0.5
80.6813,0.0,0.0,-0.5,-0.5
80.7803,0.0,0.0,-0.5,-0.5
80.8807,0.0,0.0,-0.5,-0.5
80.9804,0.0,0.0,-0.5,-0.5
81.0803,0.0,0.0,-0.5,-0.5
81.1803,0.0,0.0,-0.5,-0.5
81.2803,0.0,0.0,-0.5,-0.5
81.3805,0.0,0.0,-0.5,-0.5
81.4802,0.0,0.0,-0.5,-0.5
81.5802,0.0,0.0,-0.5,-0.5
81.6804,0.0,0.0,-0.5,-0.5
81.7802,0.0,0.0,-0.5,-0.5
81.8803,0.0,0.0,-0.5,-0.5
81.9805,0.0,0.0,-0.5,-0.5
82.0802,0.0,0.0,-0.5,-0.5
82.1804,0.0,0.0,-0.5,-0.5
82.2803,0.0,0.0,-0.5,-0.5
82.3803,0.0,0.0,-0.5,-0.5
82.4803,0.0,0.0,-0.5,-0.5
82.5803,0.0,0.0,-0.5,-0.5
82.6804,0.0,0.0,-0.5,-0.5
82.7804,0.0,0.0,-0.5,-0.5
82.8803,0.0,0.0,-0.5,-0.5
82.9802,0.0,0.0,-0.5,-0.5
83.0813,0.0,0.0,-0.5,-0.5
83.1803,0.0,0.0,-0.5,-0.5
83.2805,0.0,0.0,-0.5,-0.5
83.3802,0.0,0.0,-0.5,-0.5
83.4802,0.0,0.0,-0.5,-0.5
83.5803,0.0,0.0,-0.5,-0.5
83.6803,0.0,0.0,-0.5,-0.5
83.7805,0.0,0.0,-0.5,-0.5
83.8803,0.0,0.0,-0.5,-0.5
83.9803,0.0,0.0,-0.5,-0.5
84.0803,0.0,0.0,-0.5,-0.5
84.1802,0.0,0.0,-0.5,-0.5
84.2803,0.0,0.0,-0.5,-0.5
84.3803,0.0,0.0,-0.5,-0.5
84.4802,0.0,0.0,-0.5,-0.5
84.5803,0.0,0.0,-0.5,-0.5
84.6803,0.0,0.0,-0.5,-0.5
84.7803,0.0,0.0,-0.5,-0.5
84.8802,0.0,0.0,-0.5,-0.5
84.9803,0.0,0.0,-0.5,-0.5
85.0803,0.0,0.0,-0.5,-0.5
85.1803,0.0,0.0,-0.5,-0.5
85.2803,0.0,0.0,-0.5,-0.5
85.3803,0.0,0.0,-0.5,-0.5
85.4803,0.0,0.0,-0.5,-0.5
85.5803,0.0,0.0,-0.5,-0.5
85.6803,0.0,0.0,-0.5,-0.5
85.7803,0.0,0.0,-0.5,-0.5
85.8803,0.0,0.0,-0.5,-0.5
85.9803,0.0,0.0,-0.5,-0.5
86.0804,0.0,0.0,-0.5,-0.5
86.1803,0.0,0.0,-0.5,-0.5
86.2803,0.0,0.0,-0.5,-0.5
86.3803,0.0,0.0,-0.5,-0.5
86.4803,0.0,0.0,-0.5,-0.5
86.5803,0.0,0.0,-0.5,-0.5
86.6805,0.0,0.0,-0.5,-0.5
86.7803,0.0,0.0,-0.5,-0.5
86.8803,0.0,0.0,-0.5,-0.5
86.9803,0.0,0.0,-0.5,-0.5
87.0803,0.0,0.0,-0.5,-0.5
87.1803,0.0,0.0,-0.5,-0.5
87.2803,0.0,0.0,-0.5,-0.5
87.3803,0.0,0.0,-0.5,-0.5
87.4803,0.0,0.0,-0.5,-0.5
87.5803,0.0,0.0,-0.5,-0.5
87.6803,0.0,0.0,-0.5,-0.5
87.7804,0.0,0.0,-0.5,-0.5
87.8803,0.0,0.0,-0.5,-0.5
87.9803,0.0,0.0,-0.5,-0.5
88.0803,0.0,0.0,-0.5,-0.5
88.1803,0.0,0.0,-0.5,-0.5
88.2803,0.0,0.0,-0.5,-0.5
88.3805,0.0,0.0,-0.5,-0.5
88.4803,0.0,0.0,-0.5,-0.5
88.5803,0.0,0.0,-0.5,-0.5
88.6813,0.0,0.0,-0.5,-0.5
88.7803,0.0,0.0,-0.5,-0.5
88.8805,0.0,0.0,-0.5,-0.5
88.9803,0.0,0.0,-0.5,-0.5
89.0804,0.0,0.0,-0.5,-0.5
89.1803,0.0,0.0,-0.5,-0.5
89.2804,0.0,0.0,-0.5,-0.5
89.3803,0.0,0.0,-0.5,-0.5
89.4803,0.0,0.0,-0.5,-0.5
89.5803,0.0,0.0,-0.5,-0.5
89.6803,0.0,0.0,-0.5,-0.5
89.7803,0.0,0.0,-0.5,-0.5
89.8803,0.0,0.0,-0.5,-0.5
89.9802,0.0,0.0,-0.5,-0.5
90.0803,0.0,0.0,-0.5,-0.5
90.1803,0.0,0.0,-0.5,-0.5
90.2803,0.0,0.0,-0.5,-0.5
90.3803,0.0,0.0,-0.5,-0.5
90.4803,0.0,0.0,-0.5,-0.5
90.5803,0.0,0.0,-0.5,-0.5
90.6803,0.0,0.0,-0.5,-0.5
90.7804,0.0,0.0,-0.5,-0.5
90.8803,0.0,0.0,-0.5,-0.5
90.9804,0.0,0.0,-0.5,-0.5
91.0803,0.0,0.0,-0.5,-0.5
91.1803,0.0,0.0,-0.5,-0.5
91.2803,0.0,0.0,-0.5,-0.5
91.3802,0.0,0.0,-0.5,-0.5
91.4803,0.0,0.0,-0.5,-0.5
91.5802,0.0,0.0,-0.5,-0.5
91.6802,0.0,0.0,-0.5,-0.5
91.7802,0.0,0.0,-0.5,-0.5
91.8803,0.0,0.0,-0.5,-0.5
91.9804,0.0,0.0,-0.5,-0.5
92.0803,0.0,0.0,-0.5,-0.5
92.1803,0.0,0.0,-0.5,-0.5
92.2803,0.0,0.0,-0.5,-0.5
92.3803,0.0,0.0,-0.5,-0.5
92.4803,0.0,0.0,-0.5,-0.5
92.5806,0.0,0.0,-0.5,-0.5
92.6802,0.0,0.0,-0.5,-0.5
92.7804,0.0,0.0,-0.5,-0.5
92.8803,0.0,0.0,-0.5,-0.5
92.9803,0.0,0.0,-0.5,-0.5
93.0803,0.0,0.0,-0.5,-0.5
93.1803,0.0,0.0,-0.5,-0.5
93.2803,0.0,0.0,-0.5,-0.5
93.3803,0.0,0.0,-0.5,-0.5
93.4903,0.0,0.0,-0.5,-0.5
93.5815,0.0,0.0,-0.5,-0.5
93.6805,0.0,0.0,-0.5,-0.5
93.7805,0.0,0.0,-0.5,-0.5
93.8804,0.0,0.0,-0.5,-0.5
93.9805,0.0,0.0,-0.5,-0.5
94.0804,0.0,0.0,-0.5,-0.5
94.1804,0.0,0.0,-0.5,-0.5
94.2805,0.0,0.0,-0.5,-0.5
94.3805,0.0,0.0,-0.5,-0.5
94.4805,0.0,0.0,-0.5,-0.5
94.5804,0.0,0.0,-0.5,-0.5
94.6804,0.0,0.0,-0.5,-0.5
94.7803,0.0,0.0,-0.5,-0.5
94.8803,0.0,0.0,-0.5,-0.5
94.9803,0.0,0.0,-0.5,-0.5
95.0803,0.0,0.0,-0.5,-0.5
95.1803,0.0,0.0,-0.5,-0.5
95.2804,0.0,0.0,-0.5,-0.5
95.3803,0.0,0.0,-0.5,-0.5
95.4803,0.0,0.0,-0.5,-0.5
95.5813,0.0,0.0,-0.5,-0.5
95.6803,0.0,0.0,-0.5,-0.5
95.7813,0.0,0.0,-0.5,-0.5
95.8803,0.0,0.0,-0.5,-0.5
95.9803,0.0,0.0,-0.5,-0.5
96.0803,0.0,0.0,-0.5,-0.5
96.1803,0.0,0.0,-0.5,-0.5
96.2805,0.0,0.0,-0.5,-0.5
96.3803,0.0,0.0,-0.5,-0.5
96.4802,0.0,0.0,-0.5,-0.5
96.5803,0.0,0.0,-0.5,-0.5
96.6806,0.0,0.0,-0.5,-0.5
96.7804,0.0,0.0,-0.5,-0.5
96.8804,0.0,0.0,-0.5,-0.5
96.9803,0.0,0.0,-0.5,-0.5
97.0804,0.0,0.0,-0.5,-0.5
97.1804,0.0,0.0,-0.5,-0.5
97.2803,0.0,0.0,-0.5,-0.5
97.3803,0.0,0.0,-0.5,-0.5
97.4803,0.0,0.0,-0.5,-0.5
97.5803,0.0,0.0,-0.5,-0.5
97.6803,0.0,0.0,-0.5,-0.5
97.7804,0.0,0.0,-0.5,-0.5
97.8803,0.0,0.0,-0.5,-0.5
97.9803,0.0,0.0,-0.5,-0.5
98.0803,0.0,0.0,-0.5,-0.5
98.1803,0.0,0.0,-0.5,-0.5
98.2802,0.0,0.0,-0.5,-0.5
98.3803,0.0,0.0,-0.5,-0.5
98.4802,0.0,0.0,-0.5,-0.5
98.5805,0.0,0.0,-0.5,-0.5
98.6803,0.0,0.0,-0.5,-0.5
98.7803,0.0,0.0,-0.5,-0.5
98.8804,0.0,0.0,-0.5,-0.5
98.9803,0.0,0.0,-0.5,-0.5
99.0805,0.0,0.0,-0.5,-0.5
99.1803,0.0,0.0,-0.5,-0.5
99.2803,0.0,0.0,-0.5,-0.5
99.3802,0.0,0.0,-0.5,-0.5
99.4803,0.0,0.0,-0.5,-0.5
99.5802,0.0,0.0,-0.5,-0.5
99.6803,0.0,0.0,-0.5,-0.5
99.7803,0.0,0.0,-0.5,-0.5
99.8804,0.0,0.0,-0.5,-0.5
99.9803,0.0,0.0,-0.5,-0.5
100.0803,0.0,0.0,-0.5,-0.5
100.1803,0.0,0.0,-0.5,-0.5
100.2804,0.0,0.0,-0.5,-0.5
100.4003,0.0,0.0,-0.5,-0.5
100.4803,0.0,0.0,-0.5,-0.5
100.6003,0.0,0.0,-0.5,-0.5
100.7003,0.0,0.0,-0.5,-0.5
100.7803,0.0,0.0,-0.5,-0.5
100.8803,0.0,0.0,-0.5,-0.5
101.0004,0.0,0.0,-0.5,-0.5
101.1003,0.0,0.0,-0.5,-0.5
101.1803,0.0,0.0,-0.5,-0.5
101.2803,0.0,0.0,-0.5,-0.5
101.4002,0.0,0.0,-0.5,-0.5
101.5003,0.0,0.0,-0.5,-0.5
101.5803,0.0,0.0,-0.5,-0.5
101.6803,0.0,0.0,-0.5,-0.5
101.8002,0.0,0.0,-0.5,-0.5
101.9003,0.0,0.0,-0.5,-0.5
101.9802,0.0,0.0,-0.5,-0.5
102.0803,0.0,0.0,-0.5,-0.5
102.2003,0.0,0.0,-0.5,-0.5
102.3003,0.0,0.0,-0.5,-0.5
102.4003,0.0,0.0,-0.5,-0.5
102.4802,0.0,0.0,-0.5,-0.5
102.6003,0.0,0.0,-0.5,-0.5
102.7002,0.0,0.0,-0.5,-0.5
102.8003,0.0,0.0,-0.5,-0.5
102.8803,0.0,0.0,-0.5,-0.5
103.0003,0.0,0.0,-0.5,-0.5
103.1003,0.0,0.0,-0.5,-0.5
103.2003,0.0,0.0,-0.5,-0.5
103.2803,0.0,0.0,-0.5,-0.5
103.4004,0.0,0.0,-0.5,-0.5
103.5003,0.0,0.0,-0.5,-0.5
103.5805,0.0,0.0,-0.5,-0.5
103.6806,0.0,0.0,-0.5,-0.5
103.8003,0.0,0.0,-0.5,-0.5
103.9003,0.0,0.0,0.5,-0.5
103.9803,0.0,0.0,0.5,-0.5
104.0803,0.0,0.0,0.5,-0.5
104.2004,0.0,0.0,0.5,-0.5
104.2805,0.0,0.0,0.5,-0.5
104.3807,0.0,0.0,0.5,-0.5
104.4803,0.0,0.0,0.5,-0.5
104.6004,0.0,0.0,0.5,-0.5
104.6804,0.0,0.0,0.5,-0.5
104.7803,0.0,0.0,0.5,-0.5
104.9003,0.0,0.0,0.5,-0.5
104.9803,0.0,0.0,0.5,-0.5
105.0803,0.0,0.0,0.5,-0.5
105.1803,0.0,0.0,0.5,-0.5
105.3004,0.0,0.0,0.5,-0.5
105.4003,0.0,0.0,0.5,-0.5
105.4803,0.0,0.0,0.5,-0.5
105.6003,0.0,0.0,0.5,-0.5
105.6805,0.0,0.0,0.5,-0.5
105.8003,0.0,0.0,0.5,-0.5
105.8802,0.0,0.0,0.5,-0.5
105.9803,0.0,0.0,0.5,-0.5
106.0805,0.0,0.0,0.5,-0.5
106.2002,0.0,0.0,0.5,-0.5
106.3003,0.0,0.0,0.5,-0.5
106.3802,0.0,0.0,0.5,-0.5
106.4803,0.8077823000000001,0.3611114,0.5,-0.5
106.6004,0.8699194,0.3888892,0.5,0.23128892589509933
106.7003,0.9941936,0.4444448000000001,0.5,0.3937005190035917
106.7805,0.9941936,0.4444448000000001,0.5,0.26246701266906114
106.8803,1.1184678000000001,0.5000004,0.5,0.33601759417113175
107.0002,1.242742,0.555556,0.5,0.3614839669132181
107.1003,1.3048791,0.5833338000000001,0.5,0.3474867223444329
107.1803,1.3670162000000001,0.6111116000000001,0.5,0.3474489762952292
107.3003,1.4912904,0.6666672,0.5,0.3618882709249968
107.4003,1.5534275,0.6944450000000001,0.5,0.35254268526666127
107.5003,1.6777017,0.7500006000000001,0.5,0.37284401673999834
107.6003,1.7398388,0.7777784,0.5,0.3642016515818144
107.7003,1.8641130000000001,0.833334,0.5,0.38014784728333256
107.8003,1.9883872,0.8888896000000002,0.5,0.3936407821076941
107.9003,2.0505242999999997,0.9166674,0.5,0.3853648690999999
108.0003,2.1747985,0.9722230000000001,0.5,0.3967109444933354
108.1004,2.2369356000000002,1.0000008,0.5,0.3892602916812835
108.2003,2.3612098,1.0555564,0.5,0.39907510464780105
108.3003,2.4233469,1.0833342000000001,0.5,0.3923363766118131
108.4013,2.485484,1.111112,0.5,0.3861622369360461
108.5004,2.6097582,1.1666676000000002,0.5,0.3948841957249674
108.6003,2.6718953,1.1944454,0.5,0.38932095097882796
108.7002,2.7340324000000003,1.2222232000000002,0.5,0.3842634557550669
108.8005,2.8583065999999997,1.2777788,0.5,0.39163871059392613
108.9003,2.9204437000000003,1.3055566,0.5,0.3869177088749572
109.0002,2.9825808,1.3333344,0.5,0.38256324276220055
109.1003,3.106855,1.3888900000000002,0.5,0.38919546415600104
109.2003,3.1689920999999996,1.4166678,0.5,0.385068891409483
109.3003,3.2311292000000003,1.4444456,0.5,0.38123707385914496
109.4003,3.2932663,1.4722234,0.5,0.37766951958813916
109.5005,3.4175405,1.5277790000000002,0.5,0.38356210579481514
109.6005,3.4796776,1.5555568,0.5,0.38014971528530545
109.7003,3.5418147,1.5833346000000001,0.5,0.3769679950994732
109.8004,3.6660889,1.6388902000000003,0.5,0.38236293461164106
109.9003,3.7282260000000003,1.666668,0.5,0.37929508524235866
110.0003,3.7903631,1.6944458,0.5,0.37639459709257744
110.1004,3.8525002,1.7222236000000002,0.5,0.3736475388261311
110.2002,3.9767744,1.7777792000000003,0.5,0.378594073957245
110.3003,4.0389115,1.805557,0.5,0.37593371673469916
110.4003,4.1010485999999995,1.8333348,0.5,0.3734169034850909
110.5003,4.1631857000000005,1.8611126000000002,0.5,0.37102593089796404
110.6003,4.2874599,1.9166682000000004,0.5,0.37552666429069553
110.7003,4.349597,1.9444460000000001,0.5,0.37319931514091736
110.8004,4.411734099999999,1.9722238,0.5,0.3709737612888148
110.9003,4.5360083,2.0277794,0.5,0.3751814510802527
111.0003,4.5981454,2.0555572000000004,0.5,0.3730169299451364
111.1005,4.6602825,2.0833350000000004,0.5,0.370934465226638
111.2003,4.7224196,2.1111128,0.5,0.3689642568034897
111.3003,4.8466938,2.1666684000000003,0.5,0.37285158478675107
111.4004,4.9088309,2.1944462000000002,0.5,0.37090564427070444
111.5003,5.0331051,2.2500018,0.5,0.37460977362753356
111.6004,5.0952421999999995,2.2777796,0.5,0.37270567021327805
111.7004,5.1573793000000006,2.3055574000000005,0.5,0.37088013809379156
111.8003,5.2816535,2.361113,0.5,0.37437508099979844
111.9003,5.3437906,2.3888908,0.5,0.3725862461664684
112.0003,5.4680648000000005,2.4444464000000004,0.5,0.37591296896344234
112.1008,5.530201900000001,2.4722242000000003,0.5,0.3741358805873178
112.2003,5.6544761,2.5277798000000002,0.5,0.37736766757163703
112.3003,5.716613199999999,2.5555576,0.5,0.3756506043376435
112.4003,5.840887400000001,2.6111132,0.5,0.37869984833192
112.5003,5.9651616,2.6666688,0.5,0.38164745085972185
112.6004,6.0894358,2.7222244000000004,0.5,0.38704265207815375
112.7013,6.21371,2.7777800000000004,0.5,0.38695079345375416
112.8003,6.2758471,2.8055578000000003,0.5,0.391627190760152
112.9004,6.4001213,2.8611134000000003,0.5,0.39159938509887837
113.0003,6.5243955,2.916669,0.5,0.393145429336055
113.1005,6.648669699999999,2.9722246,0.5,0.3977612061075202
113.2003,6.7729439000000005,3.0277802000000005,0.5,0.4012519867521425
113.3003,6.8972181,3.0833358,0.5,0.4027951978632535
113.4004,7.0214923,3.1388914000000003,0.5,0.4074155811799362
113.5003,7.1457665,3.1944470000000003,0.5,0.4074248497151383
113.6002,7.2079036,3.2222248000000002,0.5,0.4074294839827394
113.7002,7.3943149,3.3055582000000006,0.5,0.4120591173160731
113.8003,7.5185891,3.3611138,0.5,0.41204986729942267
113.9006,7.6428633,3.4166694000000004,0.5,0.4166518059169036
114.0003,7.7671375000000005,3.4722250000000003,0.5,0.4166796673010556
114.1005,7.8914117,3.5277806000000003,0.5,0.4212954440725208
114.2003,7.9535488,3.5555584000000007,0.5,0.4166658200262974
114.3003,8.1399601,3.6388918,0.5,0.4259250866929644
114.4004,8.202097199999999,3.6666696,0.5,0.42596629963843485
114.5003,8.326371400000001,3.7222252000000005,0.5,0.42589147796172977
114.6003,8.4506456,3.7777808000000004,0.5,0.43051647702746165
114.7003,8.5749198,3.8333364000000008,0.5,0.4351414760931942
114.8003,8.699194,3.8888920000000002,0.5,0.4351691708090476
114.9003,8.823468199999999,3.9444476,0.5,0.4397895263200689
115.0003,8.8856053,3.9722254000000006,0.5,0.43978489205246857
115.1005,9.0098795,4.027781,0.5,0.4397756604989252
115.2003,9.134153699999999,4.0833366,0.5,0.44442384947688074
115.3003,9.258427900000001,4.138892200000001,0.5,0.4490534828102144
115.4002,9.3827021,4.1944478,0.5,0.4536923846787494
115.5003,9.5069763,4.250003400000001,0.5,0.4537016162322927
115.6003,9.6312505,4.305559000000001,0.5,0.4583312495656251
115.7003,9.7555247,4.3611146000000005,0.5,0.46295160507664773
115.8004,9.8797989,4.4166702,0.5,0.46295160507664773
115.9003,10.004073100000001,4.4722258,0.5,0.46758587267758167
116.0003,10.1283473,4.5277814,0.5,0.47221550601091533
116.1003,10.190484399999999,4.5555592,0.5,0.47222013101923976
116.2003,10.3768957,4.6388926,0.5,0.47683120870795154
116.3003,10.4390328,4.666670400000001,0.5,0.47683583371627686
116.4003,10.625444100000001,4.750003800000001,0.5,0.48609510038294274
116.5003,10.6875812,4.7777816,0.5,0.4860951003829425
116.6004,10.8739925,4.861115000000001,0.5,0.49071085869130204
116.7003,10.9982667,4.916670600000001,0.5,0.49534976055983654
116.8003,11.122540899999999,4.9722262,0.5,0.49998401890149513
116.9004,11.246815100000001,5.0277818000000005,0.5,0.4999655003496428
117.0003,11.371089300000001,5.0833374000000005,0.5,0.5046044022181785
117.1003,11.4953635,5.138893,0.5,0.5092432763366075
117.2003,11.6196377,5.1944486,0.5,0.5138636318476302
117.3003,11.681774800000001,5.2222264,0.5,0.5092339985142965
117.4003,11.806049,5.277782,0.5,0.5138682568559545
117.5003,11.9303232,5.3333376,0.5,0.5138589883207524
117.6003,12.054597399999999,5.3888932,0.5,0.5184932466624097
117.7003,12.1788716,5.444448800000001,0.5,0.5231228799957441
117.8003,12.303145800000001,5.500004400000001,0.5,0.5231136114605419
117.9004,12.42742,5.555560000000001,0.5,0.5277339947772247
118.0005,12.5516942,5.611115600000001,0.5,0.5277247447605741
118.1003,12.675968399999999,5.6666712,0.5,0.5323959667401886
118.2004,12.8002426,5.7222268000000005,0.5,0.5323401877453138
118.3003,12.924516800000001,5.7777824,0.5,0.5369790896138494
118.4003,12.986653899999999,5.8055602,0.5,0.5323494562805166
118.5004,13.1109281,5.861115800000001,0.5,0.5323402062638664
118.6003,13.235202300000001,5.916671400000001,0.5,0.5323587248157174
118.7003,13.3594765,5.972227,0.5,0.532441314904916
118.8014,13.4837507,6.0277826,0.5,0.5369234405131239
118.9003,13.608024899999998,6.0833382,0.5,0.5370356752955315
119.0005,13.670162,6.111116000000001,0.5,0.5323875326418992
119.1003,13.7944362,6.1666716,0.5,0.5324245698567145
119.2003,13.9187104,6.2222272,0.5,0.5324060142120925
119.3003,14.0429846,6.277782800000001,0.5,0.5324060142120929
119.4003,14.1672588,6.333338400000001,0.5,0.5324152642287432
119.5003,14.2293959,6.3611162000000006,0.5,0.5277763623602074
119.6003,14.4158072,6.4444496000000004,0.5,0.5370309947592723
119.7003,14.4779443,6.4722274,0.5,0.527771728092605
119.8003,14.6022185,6.527783,0.5,0.5277809781092554
119.9004,14.7886298,6.611116400000001,0.5,0.5324244311334649
120.0004,14.8507669,6.6388942,0.5,0.5277669364159793
120.1004,14.9750411,6.694449800000001,0.5,0.5277854179861728
120.2003,15.0993153,6.750005400000001,0.5,0.5324150420323963
120.3005,15.1614524,6.7777832,0.5,0.5231465345806322
120.4004,15.2857266,6.833338800000001,0.5,0.5277900614574926
120.5004,15.4100008,6.888894400000001,0.5,0.5277807929222905
120.6003,15.534275000000001,6.944450000000001,0.5,0.5277900614574925
120.7006,15.6585492,7.000005600000001,0.5,0.5277623667416405
120.8004,15.7206863,7.027783400000001,0.5,0.5231420112306179
120.9003,15.7828234,7.0555612000000005,0.5,0.518517012164886
121.0003,15.9692347,7.1388946,0.5,0.5277762788315532
121.1004,16.0935089,7.1944502,0.5,0.5277855103850965
121.2003,16.155646,7.222228,0.5,0.5231419556747414
121.3015,16.2799202,7.2777836,0.5,0.5230321619988509
121.4016,16.404194399999998,7.3333392,0.5,0.5230136434469999
121.5007,16.5284686,7.388894800000001,0.5,0.5231069836755575
121.6005,16.652742800000002,7.444450400000001,0.5,0.5231255393201808
121.7003,16.777017,7.500006000000001,0.5,0.5231440949648027
121.8003,16.839154100000002,7.527783800000001,0.5,0.5185237116481195
121.9003,16.9634283,7.583339400000001,0.5,0.5185144431129173
122.0004,17.0877025,7.638895000000001,0.5,0.518505193096267
122.1004,17.2119767,7.694450600000001,0.5,0.5231348264296012
122.2003,17.3362509,7.7500062000000005,0.5,0.5185144616314684
122.3004,17.398388,7.7777840000000005,0.5,0.5185098366231432
122.4003,17.5226622,7.8333396,0.5,0.5138894718250123
122.5003,17.7090735,7.916673,0.5,0.5231487384916798
122.6006,17.7712106,7.944450800000001,0.5,0.5138894994920613
122.7003,17.895484800000002,8.0000064,0.5,0.5139080923410122
122.8003,17.9576219,8.027784200000001,0.5,0.509278459007679
122.9005,18.1440332,8.1111176,0.5,0.5138896200023735
123.0004,18.3304445,8.194451,0.5,0.5185238876033064
123.1003,18.3925816,8.222228800000002,0.5,0.5138988885375748
123.2003,18.4547187,8.2500066,0.5,0.509269255204241
123.3003,18.5789929,8.3055622,0.5,0.5138988885375746
123.4003,18.7654042,8.3888956,0.5,0.5185285218709074
123.5003,18.8275413,8.4166734,0.5,0.5138988885375739
123.6003,19.0139526,8.500006800000001,0.5,0.518528521870907
123.7003,19.0760897,8.5277846,0.5,0.5138988885375732
123.8003,19.3246381,8.638895800000002,0.5,0.5231581552042405
123.9003,19.262501,8.611118000000001,0.5,0.509278505220892
124.0003,19.5731865,8.750007,0.5,0.523176655237543
124.1004,19.5110494,8.722229200000001,0.5,0.5092738246012457
124.2003,19.6974607,8.8055626,0.5,0.5139266107540306
124.3003,19.7595978,8.8333404,0.5,0.509287708885495
124.4003,20.008146200000002,8.9444516,0.5,0.5231766088854938
124.5003,20.008146200000002,8.9444516,0.5,0.5139265922354767
124.6003,20.1324204,9.0000072,0.5,0.5139173237002745
124.7003,20.3188317,9.083340600000001,0.5,0.5185469570336083
124.8003,20.4431059,9.1388962,0.5,0.5186477007856695
124.9005,20.5673801,9.194451800000001,0.01,0.5185262344497201
125.0003,20.6916543,9.2500074,0.01,0.523183664212772
125.1004,20.8780656,9.333340800000002,0.01,0.5277808668765088
125.2003,20.629517200000002,9.222229600000002,0.01,0.4999845298061055
125.3005,20.8780656,9.333340800000002,0.01,0.5092068333323855
125.4003,20.9402027,9.361118600000001,0.01,0.504586477821364
125.5003,20.9402027,9.361118600000001,0.01,0.49995684448803046
125.6004,21.002339799999998,9.3888964,0.01,0.49069295281303993
125.7003,20.9402027,9.361118600000001,0.01,0.4814290518787724
125.8003,21.002339799999998,9.3888964,0.01,0.47679941854543867
125.9003,20.9402027,9.361118600000001,0.01,0.45829476023708243
126.0005,21.002339799999998,9.3888964,0.01,0.45828551945198565
126.1003,20.9402027,9.361118600000001,0.01,0.4443873416296739
126.2005,21.002339799999998,9.3888964,0.01,0.4397391989760425
126.3003,21.002339799999998,9.3888964,0.01,0.43511880642780587
126.4003,21.0644769,9.416674200000001,0.01,0.4304799045592708
126.5003,21.002339799999998,9.3888964,0.01,0.4165910045592699
126.6003,21.0644769,9.416674200000001,0.01,0.411952102690735
126.7003,21.002339799999998,9.3888964,0.01,0.39809089740658615
126.8003,21.126614,9.444452,0.01,0.4027112529176088
126.9003,21.002339799999998,9.3888964,0.01,0.3888177186500089
127.0006,21.126614,9.444452,0.01,0.38416039060082185
127.1005,21.002339799999998,9.3888964,0.01,0.3656418387489357
127.2004,21.126614,9.444452,0.01,0.37027610634986974
127.3003,21.002339799999998,9.3888964,0.01,0.35185809815722363
127.4003,21.1887511,9.472229800000001,0.01,0.3564969815072057
127.5004,21.002339799999998,9.3888964,0.01,0.3332785996536056
127.6003,21.126614,9.444452,0.01,0.3332693125441846
127.7003,21.126614,9.444452,0.01,0.32399149023289553
127.8004,21.1887511,9.472229800000001,0.01,0.32398686522457054
127.9003,21.126614,9.444452,0.01,0.31009333095697056
128.0004,21.126614,9.444452,0.01,0.30084331430695366
128.1004,21.126614,9.444452,0.01,0.2915840476402865
128.2006,21.0644769,9.416674200000001,0.01,0.27769511989018175
128.3004,21.1887511,9.472229800000001,0.01,0.2823479338764638
128.4004,21.0644769,9.416674200000001,0.01,0.2638201320079285
128.5003,21.1887511,9.472229800000001,0.01,0.25919976720979443
128.6004,21.0644769,9.416674200000001,0.01,0.24533396458437054
128.7003,21.1887511,9.472229800000001,0.01,0.2453153717354208
128.8003,21.0644769,9.416674200000001,0.01,0.23142647173541986
128.9005,21.250888200000002,9.500007600000002,0.01,0.23142647173542016
129.0005,21.0644769,9.416674200000001,0.01,0.20363476893261703
129.1005,21.126614,9.444452,0.01,0.203630134665015
129.2006,21.0644769,9.416674200000001,0.01,0.19437549300667326
129.3003,21.126614,9.444452,0.01,0.1897597903654162
129.4013,21.126614,9.444452,0.01,0.17587089036541756
129.5003,21.250888200000002,9.500007600000002,0.01,0.180594051644877
129.6003,21.1887511,9.472229800000001,0.01,0.1620755183115443
129.7005,21.126614,9.444452,0.01,0.15282549242997395
129.8003,21.250888200000002,9.500007600000002,0.01,0.14358478140792993
129.9004,21.126614,9.444452,0.01,0.13896439809124592
130.0003,21.250888200000002,9.500007600000002,0.01,0.12508476662644505
130.1004,21.1887511,9.472229800000001,0.01,0.12508476662644477
130.2005,21.250888200000002,9.500007600000002,0.01,0.1158069721486514
130.3003,21.126614,9.444452,0.01,0.10189951650402702
130.4003,21.3130253,9.5277854,0.01,0.0972698831706962
130.5003,21.126614,9.444452,0.01,0.08338098317069922
130.6003,21.3130253,9.5277854,0.01,0.08801061650403427
130.7004,21.126614,9.444452,0.01,0.060246691529007974
130.8003,21.3751624,9.5555632,0.01,0.0695244952660798
130.9003,21.126614,9.444452,0.01,0.04176517683627154
131.0003,21.3751624,9.5555632,0.01,0.051005887858311866
131.1003,21.250888200000002,9.500007600000002,0.01,0.027871596216619245
131.2005,21.250888200000002,9.500007600000002,0.01,0.046408666620355345
131.3003,21.250888200000002,9.500007600000002,0.01,0.027927096427408094
131.4004,21.250888200000002,9.500007600000002,0.01,0.023288185271763708
131.5003,21.3130253,9.5277854,0.01,0.027922452872696922
131.6004,21.250888200000002,9.500007600000002,0.01,0.018672436222680364
131.7003,21.3130253,9.5277854,0.01,0.027940971424548763
131.8003,21.250888200000002,9.500007600000002,0.01,0.018681704757881883
131.9003,21.3751624,9.5555632,0.01,0.03257060475788155
132.0004,21.250888200000002,9.500007600000002,0.01,0.018700195559630952
132.1003,21.3751624,9.5555632,0.01,0.032607641917144395
132.2005,21.250888200000002,9.500007600000002,0.01,0.018746464272434413
132.3005,21.3751624,9.5555632,0.01,0.028005730939101296
132.4016,21.250888200000002,9.500007600000002,0.01,0.014217574691162737
132.5005,21.3751624,9.5555632,0.01,0.028209459456920785
132.6005,21.3130253,9.5277854,0.01,0.01895019279025558
132.7014,21.4372995,9.583341,0.01,0.032756502701059134
132.8004,21.3130253,9.5277854,0.01,0.014144441421596368
132.9005,21.3130253,9.5277854,0.01,0.023403708088262237
133.0003,21.250888200000002,9.500007600000002,0.01,0.009533224981804693
133.1004,21.3130253,9.5277854,0.01,0.023426768508682336
133.2006,21.3751624,9.5555632,0.01,0.018778625855050954
133.3003,21.3751624,9.5555632,0.01,0.028047161056920313
133.4003,21.250888200000002,9.500007600000002,0.01,0.004898994390254482
133.5003,21.3751624,9.5555632,0.01,0.02803328603194417
133.6004,21.3751624,9.5555632,0.01,0.018764750830076126
133.7007,21.3751624,9.5555632,0.01,0.018764750830076126
133.8005,21.4372995,9.583341,0.01,0.01877865366071289
133.9005,21.4372995,9.583341,0.01,0.02341292126164706
134.0005,21.4372995,9.583341,0.01,0.02341292126164706
134.1004,21.3130253,9.5277854,0.01,0.014144386059780339
134.2009,21.499436600000003,9.611118800000002,0.01,0.032584579603044415
134.301,21.3130253,9.5277854,0.01,0.009431732316728595
134.4004,21.499436600000003,9.611118800000002,0.01,0.032663735401906584
134.5015,21.3130253,9.5277854,0.01,0.00965741582813106
134.6005,21.499436600000003,9.611118800000002,0.01,0.032936624397337425
134.7003,21.3751624,9.5555632,0.01,0.014390266884177388
134.8004,21.5615737,9.638896600000002,0.01,0.0375245585258703
134.9003,21.3751624,9.5555632,0.01,0.009760578078355238
135.0003,21.499436600000003,9.611118800000002,0.01,0.03290874474502101
135.1004,21.3751624,9.5555632,0.01,0.019029094761671726
135.2004,21.5615737,9.638896600000002,0.01,0.03754300308668122
135.3015,21.4372995,9.583341,0.01,0.02374091614666502
135.4004,21.4372995,9.583341,0.01,0.02374091614666502
135.5004,21.499436600000003,9.611118800000002,0.01,0.019017754867204237
135.6003,21.4372995,9.583341,0.01,0.01901312059960315
135.7003,21.499436600000003,9.611118800000002,0.01,0.028263146481173843
135.8005,21.499436600000003,9.611118800000002,0.01,0.018985324169883168
135.9004,21.499436600000003,9.611118800000002,0.01,0.02823534081990032
136.0003,21.4372995,9.583341,0.01,0.014332538017099798
136.1003,21.5615737,9.638896600000002,0.01,0.028216813008775852
136.2004,21.499436600000003,9.611118800000002,0.01,0.018966796358758697
136.3004,21.5615737,9.638896600000002,0.01,0.032874252003383106
136.4004,21.499436600000003,9.611118800000002,0.01,0.014355718670048449
136.5005,21.623710799999998,9.6666744,0.01,0.03749463532006199
136.6006,21.4372995,9.583341,0.01,0.00973071034503592
136.7004,21.623710799999998,9.6666744,0.01,0.03752246878699281
136.8005,21.5615737,9.638896600000002,0.01,0.014360390058246112
136.9003,21.623710799999998,9.6666744,0.01,0.03751783454722521
137.0004,21.5615737,9.638896600000002,0.01,0.014374292888889447
137.1004,21.623710799999998,9.6666744,0.01,0.028263192888889475
137.2005,21.4372995,9.583341,0.01,0.01438816791386434
137.3003,21.5615737,9.638896600000002,0.01,0.023665990225155017
137.4003,21.4372995,9.583341,0.01,0.01440672355848754
137.5007,21.623710799999998,9.6666744,0.01,0.023606021694604913
137.601,21.5615737,9.638896600000002,0.01,0.023615244044206726
137.7003,21.6858479,9.6944522,0.01,0.02830551487898862
137.8004,21.499436600000003,9.611118800000002,0.01,0.01906012323729692
137.9003,21.5615737,9.638896600000002,0.01,0.014435124171564862
138.0003,21.5615737,9.638896600000002,0.01,0.023685140821578795
138.1005,21.5615737,9.638896600000002,0.01,0.014416605619709732
138.2006,21.623710799999998,9.6666744,0.01,0.028282399041191043
138.3004,21.499436600000003,9.611118800000002,0.01,0.009745310063234076
138.4003,21.623710799999998,9.6666744,0.01,0.028172368179708616
138.5003,21.5615737,9.638896600000002,0.01,0.01418048341395247
138.6003,21.6858479,9.6944522,0.01,0.02806938341395148
138.7003,21.5615737,9.638896600000002,0.01,0.009633440169814777
138.8005,21.6858479,9.6944522,0.01,0.028227019879083694
138.9003,21.5615737,9.638896600000002,0.01,0.01894919756779361
139.0003,21.6858479,9.6944522,0.01,0.03284737539010159
139.1003,21.6858479,9.6944522,0.01,0.028222367065093304
139.2005,21.747985,9.722230000000001,0.01,0.0282223670650936
139.3005,21.5615737,9.638896600000002,0.01,0.014333467065092973
139.4003,21.623710799999998,9.6666744,0.01,0.028231644887404594
139.5003,21.623710799999998,9.6666744,0.01,0.01897237822074035
139.6003,21.623710799999998,9.6666744,0.01,0.01897237822074035
139.7003,21.5615737,9.638896600000002,-2.0,0.014342744887407206
139.8003,21.623710799999998,9.6666744,-2.0,0.01433346706509501
139.9003,21.747985,9.722230000000001,-2.0,0.023592733731762485
140.0003,21.747985,9.722230000000001,-2.0,0.023592733731762485
140.1003,21.623710799999998,9.6666744,-2.0,0.02360200226696174
140.2004,21.5615737,9.638896600000002,-2.0,0.005157192946926333
140.3003,21.250888200000002,9.500007600000002,-2.0,-0.0041391200827217665
140.4003,20.629517200000002,9.222229600000002,-2.0,-0.06440818983456849
140.5003,20.505243,9.166674,-2.0,-0.05992967212932453
140.6003,19.6974607,8.8055626,-2.0,-0.13414409738185087
140.7005,19.0760897,8.5277846,-2.0,-0.17107020055292826
140.8003,18.4547187,8.2500066,-2.0,-0.23133433708440593
140.9003,17.646936399999998,7.8888952,-2.0,-0.2776167676149382
141.0004,17.0877025,7.638895000000001,-2.0,-0.32850110920666714
141.1003,16.4663315,7.361117000000001,-2.0,-0.3655937685659968
141.2006,15.9070976,7.111116800000001,-2.0,-0.4210247423446602
141.3005,15.4721379,6.9166722,-2.0,-0.4443060926365972
141.4004,14.912904000000001,6.666672,-2.0,-0.4860145010450093
141.5004,14.5400814,6.5000052,-2.0,-0.5184219343783353
141.6003,14.1672588,6.333338400000001,-2.0,-0.5415932723830087
141.7004,13.670162,6.111116000000001,-2.0,-0.5832229723164098
141.8004,13.235202300000001,5.916671400000001,-2.0,-0.6156304056497449
141.9004,12.8623797,5.7500046000000005,-2.0,-0.6434082056497467
142.0003,12.365282899999999,5.5277822,-2.0,-0.6758480788562801
142.1005,11.9303232,5.3333376,-2.0,-0.7174500933606053
142.2004,11.4953635,5.138893,-2.0,-0.7452649582421395
142.3003,11.060403800000001,4.944448400000001,-2.0,-0.782334464782016
142.4003,10.563307,4.722226,-2.0,-0.8147418981153511
142.5003,10.0662102,4.5000036,-2.0,-0.8610289814320259
142.6003,9.6312505,4.305559000000001,-2.0,-0.8795613897903358
142.7003,9.3827021,4.1944478,-2.0,-0.9119966565906018
142.8004,8.7613311,3.9166698,-2.0,-0.9536217315156781
142.9003,8.4506456,3.7777808000000004,-2.0,-0.9814319806759961
143.0003,8.015685900000001,3.5833362000000006,-2.0,-1.0092144056843155
143.1003,7.5807262,3.3888916,-2.0,-1.046251472350984
143.2007,7.2700407,3.2500026,-2.0,-1.0554323902710432
143.3003,6.8972181,3.0833358,-2.0,-1.0925995700120583
143.4003,6.337984199999999,2.8333356,-2.0,-1.125007003345393
143.5003,6.0894358,2.7222244000000004,-2.0,-1.1573591024157726
143.6004,5.716613199999999,2.5555576,-2.0,-1.1804933663904167
143.7003,5.4059276999999994,2.4166686,-2.0,-1.212989242830807
143.8004,4.8466938,2.1666684000000003,-2.0,-1.2407392927808576
143.9003,4.411734099999999,1.9722238,-2.0,-1.277813433588335
144.0004,4.1010485999999995,1.8333348,-2.0,-1.3009384752133708
144.1004,3.6660889,1.6388902000000003,-2.0,-1.333345908546706
144.2009,3.2311292000000003,1.4444456,-2.0,-1.3702171191934445
144.3006,2.8583065999999997,1.2777788,-2.0,-1.3888006810346079
144.4005,2.4233469,1.0833342000000001,-2.0,-1.4305090894430201
144.5004,2.0505242999999997,0.9166674,-2.0,-1.4536850617152883
144.6003,1.6155646000000001,0.7222228,-2.0,-1.495384201588498
144.7003,1.242742,0.555556,-2.0,-1.5139027349218328
144.8019,0.8699194,0.3888892,-2.0,-1.5504838743490172
144.9004,0.0,0.0,-2.0,-2.0
145.0003,0.0,0.0,-2.0,-2.0
145.1005,0.0,0.0,-2.0,-2.0
145.2006,0.0,0.0,-2.0,-2.0
145.3004,0.0,0.0,-2.0,-2.0
145.4003,0.0,0.0,-2.0,-2.0
145.5004,0.0,0.0,-2.0,-2.0
145.6004,0.0,0.0,-2.0,-2.0
145.7003,0.0,0.0,-2.0,-2.0
145.8003,0.0,0.0,-2.0,-2.0
145.9004,0.0,0.0,-2.0,-2.0
146.0003,0.0,0.0,-2.0,-2.0
146.1003,0.0,0.0,-2.0,-2.0
146.2005,0.0,0.0,-2.0,-2.0
146.3003,0.0,0.0,-2.0,-2.0
146.4003,0.0,0.0,-2.0,-2.0
146.5003,0.0,0.0,-2.0,-2.0
146.6003,0.0,0.0,-2.0,-2.0
146.7003,0.0,0.0,-2.0,-2.0
146.8003,0.0,0.0,-2.0,-2.0
146.9003,0.0,0.0,-2.0,-2.0
147.0003,0.0,0.0,-2.0,-2.0
147.1004,0.0,0.0,-2.0,-2.0
147.2004,0.0,0.0,-2.0,-2.0
147.3003,0.0,0.0,-2.0,-2.0
147.4003,0.0,0.0,-2.0,-2.0
147.5004,0.0,0.0,-2.0,-2.0
147.6003,0.0,0.0,-2.0,-2.0
147.7003,0.0,0.0,-2.0,-2.0
147.8003,0.0,0.0,-2.0,-2.0
147.9003,0.0,0.0,-2.0,-2.0
148.0003,0.0,0.0,-2.0,-2.0
148.1003,0.0,0.0,-2.0,-2.0
148.2005,0.0,0.0,-2.0,-2.0
148.3003,0.0,0.0,-2.0,-2.0
148.4004,0.0,0.0,-2.0,-2.0
148.5004,0.0,0.0,-2.0,-2.0
148.6003,0.0,0.0,-2.0,-2.0
148.7003,0.0,0.0,-2.0,-2.0
148.8003,0.0,0.0,-2.0,-2.0
148.9004,0.0,0.0,-2.0,-2.0
149.0003,0.0,0.0,-2.0,-2.0
149.1004,0.0,0.0,-2.0,-2.0
149.2004,0.0,0.0,-2.0,-2.0
149.3013,0.0,0.0,-2.0,-2.0
149.4004,0.0,0.0,-2.0,-2.0
149.5005,0.0,0.0,-2.0,-2.0
149.6004,0.0,0.0,-2.0,-2.0
149.7003,0.0,0.0,-2.0,-2.0
149.8003,0.0,0.0,-2.0,-2.0
149.9004,0.0,0.0,-2.0,-2.0
150.0004,0.0,0.0,-2.0,-2.0
150.1003,0.0,0.0,-2.0,-2.0
150.2003,0.0,0.0,-2.0,-2.0
150.3004,0.0,0.0,-2.0,-2.0
150.4004,0.0,0.0,-2.0,-2.0
150.5003,0.0,0.0,-2.0,-2.0
150.6003,0.0,0.0,-2.0,-2.0
150.7004,0.0,0.0,-2.0,-2.0
150.8003,0.0,0.0,-2.0,-2.0
150.9003,0.0,0.0,-2.0,-2.0
151.0004,0.0,0.0,-2.0,-2.0
151.1004,0.0,0.0,-2.0,-2.0
151.2003,0.0,0.0,-2.0,-2.0
151.3003,0.0,0.0,-2.0,-2.0
151.4014,0.0,0.0,-2.0,-2.0
151.5005,0.0,0.0,-2.0,-2.0
151.6003,0.0,0.0,-2.0,-2.0
151.7006,0.0,0.0,-2.0,-2.0
151.8015,0.0,0.0,-2.0,-2.0
151.9013,0.0,0.0,-2.0,-2.0
152.0005,0.0,0.0,-2.0,-2.0
152.1004,0.0,0.0,-2.0,-2.0
152.2005,0.0,0.0,-2.0,-2.0
152.3003,0.0,0.0,-2.0,-2.0
152.4003,0.0,0.0,-2.0,-2.0
152.5003,0.0,0.0,-2.0,-2.0
152.6003,0.0,0.0,-2.0,-2.0
152.7003,0.0,0.0,-2.0,-2.0
152.8003,0.0,0.0,-2.0,-2.0
152.9003,0.0,0.0,-2.0,-2.0
153.0004,0.0,0.0,-2.0,-2.0
153.1003,0.0,0.0,-2.0,-2.0
153.2003,0.0,0.0,-2.0,-2.0
153.3003,0.0,0.0,-2.0,-2.0
153.4003,0.0,0.0,-2.0,-2.0
153.5003,0.0,0.0,-2.0,-2.0
153.6003,0.0,0.0,-2.0,-2.0
153.7003,0.0,0.0,-2.0,-2.0
153.8003,0.0,0.0,-2.0,-2.0
153.9003,0.0,0.0,-2.0,-2.0
154.0004,0.0,0.0,-2.0,-2.0
154.1003,0.0,0.0,-2.0,-2.0
154.2003,0.0,0.0,-2.0,-2.0
154.3003,0.0,0.0,-2.0,-2.0
154.4003,0.0,0.0,-2.0,-2.0
154.5003,0.0,0.0,-2.0,-2.0
154.6006,0.0,0.0,-2.0,-2.0
154.7004,0.0,0.0,-2.0,-2.0
154.8004,0.0,0.0,-2.0,-2.0
154.9005,0.0,0.0,-2.0,-2.0
155.0005,0.0,0.0,-2.0,-2.0
155.1005,0.0,0.0,-2.0,-2.0
155.2005,0.0,0.0,-2.0,-2.0
155.3004,0.0,0.0,-2.0,-2.0
155.4006,0.0,0.0,-2.0,-2.0
155.5006,0.0,0.0,-2.0,-2.0
155.6005,0.0,0.0,-2.0,-2.0
155.7004,0.0,0.0,-2.0,-2.0
155.8006,0.0,0.0,-2.0,-2.0
155.9004,0.0,0.0,-2.0,-2.0
156.0003,0.0,0.0,-2.0,-2.0
156.1003,0.0,0.0,-2.0,-2.0
156.2003,0.0,0.0,-2.0,-2.0
156.3003,0.0,0.0,-2.0,-2.0
156.4003,0.0,0.0,-2.0,-2.0
156.5003,0.0,0.0,-2.0,-2.0
156.6204,0.0,0.0,-2.0,-2.0
156.7204,0.0,0.0,-2.0,-2.0
156.8004,0.0,0.0,-2.0,-2.0
156.9003,0.0,0.0,-2.0,-2.0
157.0204,0.0,0.0,-2.0,-2.0
157.1204,0.0,0.0,-2.0,-2.0
157.2006,0.0,0.0,-2.0,-2.0
157.3003,0.0,0.0,-2.0,-2.0
157.4203,0.0,0.0,-2.0,-2.0
157.5203,0.0,0.0,-2.0,-2.0
157.6004,0.0,0.0,-2.0,-2.0
157.7003,0.0,0.0,-2.0,-2.0
157.8203,0.0,0.0,-2.0,-2.0
157.9203,0.0,0.0,-2.0,-2.0
158.0003,0.0,0.0,-2.0,-2.0
158.1203,0.0,0.0,-2.0,-2.0
158.2203,0.0,0.0,-2.0,-2.0
158.3203,0.0,0.0,-2.0,-2.0
158.4003,0.0,0.0,-2.0,-2.0
158.5003,0.0,0.0,-2.0,-2.0
158.6204,0.0,0.0,-2.0,-2.0
158.7203,0.0,0.0,-2.0,-2.0
158.8204,0.0,0.0,-2.0,-2.0
158.9203,0.0,0.0,-2.0,-2.0
159.0203,0.0,0.0,-2.0,-2.0
159.1204,0.0,0.0,-2.0,-2.0
159.2206,0.0,0.0,-2.0,-2.0
159.3204,0.0,0.0,-2.0,-2.0
159.4203,0.0,0.0,-2.0,-2.0
159.5205,0.0,0.0,-2.0,-2.0
159.6204,0.0,0.0,-2.0,-2.0
159.7205,0.0,0.0,-2.0,-2.0
159.8204,0.0,0.0,-2.0,-2.0
159.9204,0.0,0.0,-2.0,-2.0
160.0214,0.0,0.0,-2.0,-2.0
160.1204,0.0,0.0,-2.0,-2.0
160.2204,0.0,0.0,-2.0,-2.0
160.3204,0.0,0.0,-2.0,-2.0
160.4204,0.0,0.0,-2.0,-2.0
160.5205,0.0,0.0,-2.0,-2.0
160.6203,0.0,0.0,-2.0,-2.0
160.7204,0.0,0.0,-2.0,-2.0
160.8205,0.0,0.0,-2.0,-2.0
160.9204,0.0,0.0,-2.0,-2.0
161.0204,0.0,0.0,-2.0,-2.0
161.1205,0.0,0.0,-2.0,-2.0
161.2206,0.0,0.0,-2.0,-2.0
161.3214,0.0,0.0,-2.0,-2.0
161.4206,0.0,0.0,-2.0,-2.0
161.5204,0.0,0.0,-2.0,-2.0
161.6204,0.0,0.0,-2.0,-2.0
161.7203,0.0,0.0,-2.0,-2.0
161.8206,0.0,0.0,-2.0,-2.0
161.9204,0.0,0.0,-2.0,-2.0
162.0204,0.0,0.0,-2.0,-2.0
162.1203,0.0,0.0,-2.0,-2.0
162.221,0.0,0.0,-2.0,-2.0
162.3204,0.0,0.0,-2.0,-2.0
162.4204,0.0,0.0,-2.0,-2.0
162.5204,0.0,0.0,-2.0,-2.0
162.6205,0.0,0.0,-2.0,-2.0
162.7203,0.0,0.0,-2.0,-2.0
162.8204,0.0,0.0,-2.0,-2.0
162.9204,0.0,0.0,-2.0,-2.0
163.0204,0.0,0.0,-2.0,-2.0
163.1203,0.0,0.0,-2.0,-2.0
163.2203,0.0,0.0,-2.0,-2.0
163.3204,0.0,0.0,0.5,-2.0
163.4203,0.0,0.0,0.5,-2.0
163.5204,0.0,0.0,0.5,-2.0
163.6206,0.0,0.0,0.5,-2.0
163.7204,0.0,0.0,0.5,-2.0
163.8215,0.0,0.0,0.5,-2.0
163.9203,0.0,0.0,0.5,-2.0
164.0203,0.0,0.0,0.5,-2.0
164.1204,0.0,0.0,0.5,-2.0
164.2204,0.0,0.0,0.5,-2.0
164.3204,0.0,0.0,0.5,-2.0
164.4204,0.0,0.0,0.5,-2.0
164.5204,0.0,0.0,0.5,-2.0
164.6204,0.0,0.0,0.5,-2.0
164.7203,0.0,0.0,0.5,-2.0
164.8205,0.0,0.0,0.5,-2.0
164.9203,0.0,0.0,0.5,-2.0
165.0204,0.0,0.0,0.5,-2.0
165.1203,0.0,0.0,0.5,-2.0
165.2205,0.0,0.0,0.5,-2.0
165.3204,0.0,0.0,0.5,-2.0
165.4204,0.0,0.0,0.5,-2.0
165.5204,0.0,0.0,0.5,-2.0
165.6204,0.0,0.0,0.5,-2.0
165.7205,0.0,0.0,0.5,-2.0
165.8204,0.0,0.0,0.5,-2.0
165.9203,0.0,0.0,0.5,-2.0
166.0204,0.0,0.0,0.5,-2.0
166.1204,0.0,0.0,0.5,-2.0
166.2207,0.0,0.0,0.5,-2.0
166.3204,0.0,0.0,0.5,-2.0
166.4203,0.0,0.0,0.5,-2.0
166.5204,0.0,0.0,0.5,-2.0
166.6204,0.0,0.0,0.5,-2.0
166.7204,0.0,0.0,0.5,-2.0
166.8204,0.0,0.0,0.5,-2.0
166.9205,0.0,0.0,0.5,-2.0
167.0203,1.0563307,0.47222260000000005,0.5,-2.0
167.1203,0.9941936,0.4444448000000001,0.5,-1.5458356853710606
167.2204,1.1184678000000001,0.5000004,0.5,-1.5458449353877108
167.3206,1.242742,0.555556,0.5,-1.5366041502912373
167.4204,1.242742,0.555556,0.5,-1.5412245428394742
167.5204,1.3670162000000001,0.6111116000000001,0.5,-1.5180763761728062
167.6204,1.4291532999999998,0.6388894,0.5,-1.5180856539951175
167.7205,1.4912904,0.6666672,0.5,-1.513460645670109
167.8204,1.6155646000000001,0.7222228,0.5,-1.5041921104682423
167.9204,1.7398388,0.7777784,0.5,-1.4903032104682419
168.0204,1.8019759,0.8055562000000001,0.5,-1.4903032104682417
168.1204,1.8641130000000001,0.833334,0.5,-1.4949328438015757
168.2204,1.9883872,0.8888896000000002,0.5,-1.485673577134911
168.3204,2.0505242999999997,0.9166674,0.5,-1.47178467713491
168.4204,2.1126614,0.9444452000000001,0.5,-1.4625300354765685
168.5204,2.2369356000000002,1.0000008,0.5,-1.4300994308052277
168.6205,2.2990727,1.0277786000000002,0.5,-1.3791780891468837
168.7208,2.3612098,1.0555564,0.5,-1.365303036504812
168.8207,2.485484,1.111112,0.5,-1.2958492679696056
168.9209,2.5476210999999997,1.1388898,0.5,-1.2450249499390007
169.0204,2.6718953,1.1944454,0.5,-1.1893300427376583
169.1208,2.7340324000000003,1.2222232000000002,0.5,-1.1245336208253043
169.2205,2.7961695,1.2500010000000001,0.5,-1.07826498187483
169.3204,2.9204437000000003,1.3055566,0.5,-1.0226537706636163
169.4203,2.9825808,1.3333344,0.5,-0.9764774292840191
169.5204,3.0447179,1.3611122000000002,0.5,-0.9394125477524677
169.6203,3.1689920999999996,1.4166678,0.5,-0.8884356041421863
169.7204,3.2311292000000003,1.4444456,0.5,-0.8560327958171855
169.8205,3.2932663,1.4722234,0.5,-0.8236021818865689
169.9205,3.4175405,1.5277790000000002,0.5,-0.7773428486198344
170.0204,3.4796776,1.5555568,0.5,-0.7403011476855644
170.1204,3.5418147,1.5833346000000001,0.5,-0.7078937143522291
170.2206,3.6039518,1.6111124000000001,0.5,-0.6661991809965254
170.3204,3.6660889,1.6388902000000003,0.5,-0.6292175220032238
170.4204,3.7903631,1.6944458,0.5,-0.5875183821300141
170.5204,3.8525002,1.7222236000000002,0.5,-0.5504488755901377
170.6204,3.9146373,1.7500014000000002,0.5,-0.508782175590135
170.7204,3.9767744,1.7777792000000003,0.5,-0.46711547559014455
170.8203,4.0389115,1.805557,0.5,-0.43007377465587465
170.9203,4.1010485999999995,1.8333348,0.5,-0.4069256079892066
171.0203,4.2253228,1.8888904000000002,0.5,-0.35141625807245497
171.1203,4.2874599,1.9166682000000004,0.5,-0.32361528673444795
171.2203,4.349597,1.9444460000000001,0.5,-0.2865782200677899
171.3204,4.411734099999999,1.9722238,0.5,-0.24954577840944617
171.4204,4.4738712000000005,2.0000016,0.5,-0.22186020218102803
171.5204,4.5981454,2.0555572000000004,0.5,-0.1847115780846366
171.6203,4.6602825,2.0833350000000004,0.5,-0.13841061048369951
171.7204,4.7224196,2.1111128,0.5,-0.11526706882536354
171.8205,4.7845567,2.1388906000000003,0.5,-0.08289201055030437
171.9204,4.9088309,2.1944462000000002,0.5,-0.05045213734376159
172.0204,4.970968,2.222224,0.5,-0.0041974290853520595
172.1204,5.0331051,2.2500018,0.5,0.032872077454524376
172.2204,5.0952421999999995,2.2777796,0.5,0.06062675241289219
172.3204,5.2195164,2.3333352000000005,0.5,0.10229345241289459
172.4204,5.2816535,2.361113,0.5,0.13916928806795845
172.5204,5.4059276999999994,2.4166686,0.5,0.17628993888707944
172.6203,5.4680648000000005,2.4444464000000004,0.5,0.213364079694557
172.7203,5.530201900000001,2.4722242000000003,0.5,0.2457993186334895
172.8204,5.6544761,2.5277798000000002,0.5,0.2874892084900491
172.9203,5.7787503000000005,2.5833354000000006,0.5,0.3245355436919202
173.0204,5.840887400000001,2.6111132,0.5,0.35650090634763976
173.1204,5.9651616,2.6666688,0.5,0.37038980634764046
173.2204,6.027298699999999,2.6944466,0.5,0.36576942303095855
173.3204,6.151572900000001,2.7500022000000004,0.5,0.36578790460115224
173.4203,6.2758471,2.8055578000000003,0.5,0.37505643980302156
173.5204,6.4001213,2.8611134000000003,0.5,0.37504718978637125
173.6203,6.5243955,2.916669,0.5,0.37968609165490697
173.7204,6.648669699999999,2.9722246,0.5,0.38431109997991275
173.8204,6.7108068,3.0000024000000005,0.5,0.3796721981113797
173.9204,6.835081,3.0555580000000004,0.5,0.3796721981113797
174.0204,6.9593552,3.1111136,0.5,0.38430183144471314
174.1204,7.0836294,3.1666692000000003,0.5,0.38893146477804685
174.2204,7.2079036,3.2222248000000002,0.5,0.3889314647780468
174.3204,7.3321778,3.2777804000000006,0.5,0.3935610981113805
174.4205,7.4564520000000005,3.333336,0.5,0.39818148142806353
174.5203,7.5807262,3.3888916,0.5,0.3982000370726867
174.6203,7.7050004,3.4444472000000004,0.5,0.40283429541434557
174.7204,7.8292746,3.5000028000000003,0.5,0.40746852608895284
174.8204,7.9535488,3.5555584000000007,0.5,0.4074592575537508
174.9203,8.077823,3.611114,0.5,0.4121074002073833
175.0216,8.202097199999999,3.6666696,0.5,0.4119420454970098
175.1204,8.326371400000001,3.7222252000000005,0.5,0.4167025843134061
175.2205,8.4506456,3.7777808000000004,0.5,0.4213090369380127
175.3204,8.5749198,3.8333364000000008,0.5,0.42130903693801275
175.4206,8.699194,3.8888920000000002,0.5,0.4259155544335516
175.5204,8.7613311,3.9166698,0.5,0.4259294572641884
175.6204,8.8856053,3.9722254000000006,0.5,0.42592018872898635
175.7204,9.0098795,4.027781,0.5,0.43055444707064366
175.8206,9.134153699999999,4.0833366,0.5,0.43517022384210874
175.9214,9.258427900000001,4.138892200000001,0.5,0.4350967375987228
176.0204,9.320565,4.166670000000001,0.5,0.43513886730418605
176.1204,9.5069763,4.250003400000001,0.5,0.4443981339708532
176.2208,9.6312505,4.305559000000001,0.5,0.4490001185806502
176.3204,9.7555247,4.3611146000000005,0.5,0.45365765990157836
176.4205,9.8797989,4.4166702,0.5,0.453648409884928
176.5203,10.004073100000001,4.4722258,0.5,0.4582965988628847
176.621,10.1283473,4.5277814,0.5,0.46286186787976474
176.7205,10.2526215,4.583337,0.5,0.46753803019132556
176.8204,10.3768957,4.6388926,0.5,0.47217229779225767
176.9204,10.501169899999999,4.6944482,0.5,0.47680193112559127
177.0204,10.625444100000001,4.750003800000001,0.5,0.47680193112559144
177.1204,10.749718300000001,4.805559400000001,0.5,0.48143156445892493
177.2203,10.8739925,4.861115000000001,0.5,0.4860704663274594
177.3204,10.9982667,4.916670600000001,0.5,0.49069547465246793
177.4215,11.122540899999999,4.9722262,0.5,0.49522436423374006
177.5204,11.246815100000001,5.0277818000000005,0.5,0.4953273489994975
177.6204,11.371089300000001,5.0833374000000005,0.5,0.49995234806523003
177.7204,11.4953635,5.138893,0.5,0.5045866064068875
177.8204,11.6196377,5.1944486,0.5,0.5092208647485462
177.9204,11.743911899999999,5.2500042,0.5,0.509211596213344
178.0204,11.8681861,5.305559800000001,0.5,0.5138412295466777
178.1204,11.992460300000001,5.361115400000001,0.5,0.5184708628800113
178.2204,12.054597399999999,5.3888932,0.5,0.5184708628800111
178.3204,12.2410087,5.4722266,0.5,0.5231004962133448
178.4204,12.365282899999999,5.5277822,0.5,0.5277301295466784
178.5203,12.42742,5.555560000000001,0.5,0.523105130480946
178.6204,12.5516942,5.611115600000001,0.5,0.5277208795300281
178.7204,12.675968399999999,5.6666712,0.5,0.5323505128633603
178.8204,12.8002426,5.7222268000000005,0.5,0.5323597628800107
178.9204,12.924516800000001,5.7777824,0.5,0.5323504943448085
179.0214,13.048791,5.833338,0.5,0.5368930767788761
179.1204,13.1109281,5.861115800000001,0.5,0.5323102074186069
179.2205,13.297339399999998,5.9444492,0.5,0.5415555990602997
179.3205,13.3594765,5.972227,0.5,0.5369259657269648
179.4204,13.4837507,6.0277826,0.5,0.5369259657269648
179.5205,13.608024899999998,6.0833382,0.5,0.5369259657269647
179.6204,13.7322991,6.138893800000001,0.5,0.5369259657269648
179.7204,13.7944362,6.1666716,0.5,0.5323055824102828
179.8204,13.9187104,6.2222272,0.5,0.5369352157436162
179.9205,14.1051217,6.305560600000001,0.5,0.5415509740519745
180.0205,14.1672588,6.333338400000001,0.5,0.536921340718641
180.1206,14.291533,6.3888940000000005,0.5,0.5369120907019908
180.2205,14.4158072,6.4444496000000004,0.5,0.5369213592371955
180.3207,14.5400814,6.5000052,0.5,0.536902877667002
180.4206,14.6022185,6.527783,0.5,0.5322871286179185
180.5205,14.7886298,6.611116400000001,0.5,0.5369121091094322
180.6206,14.8507669,6.6388942,0.5,0.5322778507677732
180.7206,14.9750411,6.694449800000001,0.5,0.5322871007844263
180.8205,15.0993153,6.750005400000001,0.5,0.5322963693196258
180.9205,15.223589500000001,6.805561000000001,0.5,0.5322871007844238
181.0205,15.4100008,6.888894400000001,0.5,0.5370355598499074
181.1205,15.4100008,6.888894400000001,0.5,0.5276638324544941
181.2217,15.534275000000001,6.944450000000001,0.5,0.527563288795254
181.3205,15.6585492,7.000005600000001,0.5,0.5276664809887978
181.4205,15.7206863,7.027783400000001,0.5,0.5230553292256579
181.5205,15.844960500000001,7.0833390000000005,0.5,0.5276756847366798
181.6205,15.9692347,7.1388946,0.5,0.5276756847366797
181.7205,16.0935089,7.1944502,0.5,0.5276756847366825
181.8205,16.217783100000002,7.250005800000001,0.5,0.5276941663068736
181.9205,16.2799202,7.2777836,0.5,0.5231380192169257
182.0206,16.404194399999998,7.3333392,0.5,0.5277116385605448
182.1205,16.5284686,7.388894800000001,0.5,0.5230912737624136
182.2205,16.652742800000002,7.444450400000001,0.5,0.523128163271047
182.3205,16.777017,7.500006000000001,0.5,0.5230909774611394
182.4205,16.839154100000002,7.527783800000001,0.5,0.5184705941444562
182.5205,16.9012912,7.555561600000001,0.5,0.5138224051664994
182.6205,17.1498396,7.6666728000000015,0.5,0.5231460361496203
182.7205,17.274113800000002,7.7222284000000005,0.5,0.5230995071713941
182.8206,17.3362509,7.7500062000000005,0.5,0.5184559802945345
182.9205,17.4605251,7.805561800000001,0.5,0.5184652488297369
183.0216,17.5226622,7.8333396,0.5,0.5137852436203723
183.1205,17.646936399999998,7.8888952,0.5,0.5138882283861298
183.2205,17.7712106,7.944450800000001,0.5,0.5138789598509302
183.3205,17.895484800000002,8.0000064,0.5,0.5138882098675778
183.4205,17.9576219,8.027784200000001,0.5,0.509359320286306
183.5206,18.0818961,8.083339800000001,0.5,0.509247085503898
183.6205,18.2061703,8.138895400000001,0.5,0.5092563540391003
183.7215,18.3925816,8.222228800000002,0.5,0.5137484735110498
183.8205,18.4547187,8.2500066,0.5,0.5091656041507789
183.9206,18.516855800000002,8.277784400000002,0.5,0.5045313458091203
184.0205,18.64113,8.333340000000002,0.5,0.5045406143443223
184.1208,18.8275413,8.4166734,0.5,0.5091287056038757
184.2216,19.0139526,8.500006800000001,0.5,0.5182777429054654
184.3216,19.0139526,8.500006800000001,0.5,0.5043888429054646
184.4205,19.1382268,8.555562400000001,0.5,0.5044918276712193
184.5208,19.262501,8.611118000000001,0.5,0.5090891320210983
184.6205,19.3867752,8.666673600000001,0.5,0.5091262434219019
184.7205,19.4489123,8.6944514,0.5,0.504496610088571
184.8205,19.5731865,8.750007,0.5,0.5044966100885683
184.9205,19.7595978,8.8333404,0.5,0.5091262434219018
185.0205,19.8217349,8.8611182,0.5,0.5045882859961593
185.1206,20.008146200000002,8.9444516,0.5,0.5137869136647869
185.2205,20.1324204,9.0000072,0.5,0.509180423891631
185.3205,20.2566946,9.0555628,0.5,0.5138100572249633
185.4205,20.380968799999998,9.1111184,0.5,0.5138007886897611
185.5205,20.4431059,9.1388962,0.5,0.5091804053730777
185.6205,20.6916543,9.2500074,0.01,0.5184304035045426
185.7205,20.7537914,9.2777852,0.01,0.5184304035045442
185.8205,20.9402027,9.361118600000001,0.01,0.5230600368378739
185.9205,20.815928500000002,9.305563000000001,0.01,0.4999257451961814
186.0205,20.9402027,9.361118600000001,0.01,0.504555378529515
186.1205,21.002339799999998,9.3888964,0.01,0.4999349952128315
186.2205,21.002339799999998,9.3888964,0.01,0.4906664600109622
186.3206,21.002339799999998,9.3888964,0.01,0.4814256749144886
186.4205,21.0644769,9.416674200000001,0.01,0.4814256749144901
186.5205,21.002339799999998,9.3888964,0.01,0.4628932387783522
186.6205,21.126614,9.444452,0.01,0.4675274971200111
186.7205,21.0644769,9.416674200000001,0.01,0.4536385971200103
186.8205,21.126614,9.444452,0.01,0.44899969525147576
186.9205,21.0644769,9.416674200000001,0.01,0.43511079525147517
187.0205,21.0644769,9.416674200000001,0.01,0.4212218952514744
187.1205,21.126614,9.444452,0.01,0.4258515285848078
187.2205,21.1887511,9.472229800000001,0.01,0.4213316889273647
187.3206,21.126614,9.444452,0.01,0.40733495320694685
187.4205,21.0644769,9.416674200000001,0.01,0.3980710522726787
187.5206,21.0644769,9.416674200000001,0.01,0.3888117856060116
187.6205,21.0644769,9.416674200000001,0.01,0.3795525189393444
187.7205,21.126614,9.444452,0.01,0.37492288560601067
187.8205,21.126614,9.444452,0.01,0.36566361893934596
187.9205,21.1887511,9.472229800000001,0.01,0.36566361893934635
188.0205,21.126614,9.444452,0.01,0.35178396895599573
188.1205,21.1887511,9.472229800000001,0.01,0.34714506708746
188.2205,21.0644769,9.416674200000001,0.01,0.3286265337541257
188.3205,21.250888200000002,9.500007600000002,0.01,0.3332561670874581
188.4205,21.250888200000002,9.500007600000002,0.01,0.3286265337541245
188.5205,21.126614,9.444452,0.01,0.3147376337541234
188.6205,21.126614,9.444452,0.01,0.2962191004207889
188.7205,21.126614,9.444452,0.01,0.2869598337541219
188.8205,21.250888200000002,9.500007600000002,0.01,0.2915940920957796
188.9207,21.250888200000002,9.500007600000002,0.01,0.28232555689391
189.0205,21.126614,9.444452,0.01,0.2684684731253167
189.1205,21.126614,9.444452,0.01,0.25910622169289205
189.2205,21.250888200000002,9.500007600000002,0.01,0.25910622169289227
189.3206,21.126614,9.444452,0.01,0.24059693837621335
189.4205,21.250888200000002,9.500007600000002,0.01,0.24523584024474926
189.5205,21.250888200000002,9.500007600000002,0.01,0.2359858235947324
189.6205,21.3130253,9.5277854,0.01,0.23134692172619653
189.7205,21.126614,9.444452,0.01,0.20370663558758148
189.8205,21.250888200000002,9.500007600000002,0.01,0.20828950494784998
189.9205,21.1887511,9.472229800000001,0.01,0.19903486328950765
190.0205,21.3130253,9.5277854,0.01,0.1990255947543055
190.1205,21.250888200000002,9.500007600000002,0.01,0.1805486034947515
190.2207,21.250888200000002,9.500007600000002,0.01,0.1667699328598297
190.3205,21.3130253,9.5277854,0.01,0.1714088440154734
190.4205,21.250888200000002,9.500007600000002,0.01,0.15741695924971802
190.5206,21.250888200000002,9.500007600000002,0.01,0.1481853872989042
190.6205,21.1887511,9.472229800000001,0.01,0.13426399164714878
190.7206,21.3130253,9.5277854,0.01,0.13888437496383219
190.8206,21.250888200000002,9.500007600000002,0.01,0.12499547496383556
190.9217,21.3751624,9.5555632,0.01,0.12026509787844272
191.0205,21.250888200000002,9.500007600000002,0.01,0.10626373714969906
191.1215,21.3130253,9.5277854,0.01,0.09697250755421144
191.2205,21.250888200000002,9.500007600000002,0.01,0.08302757504594444
191.3205,21.3130253,9.5277854,0.01,0.07839794171261198
191.4205,21.250888200000002,9.500007600000002,0.01,0.06450904171261136
191.5205,21.3130253,9.5277854,0.01,0.06450904171261139
191.6207,21.250888200000002,9.500007600000002,0.01,0.041370115831040374
191.7207,21.3751624,9.5555632,0.01,0.04599974916437352
191.8208,21.3130253,9.5277854,0.01,0.02748584083936825
191.9211,21.3751624,9.5555632,0.01,0.0413608934814422
192.0207,21.3751624,9.5555632,0.01,0.03210162681477501
192.1205,21.3751624,9.5555632,0.01,0.027471993481441574
192.2206,21.3130253,9.5277854,0.01,0.022846985156433294
192.3207,21.3130253,9.5277854,0.01,0.022846985156433294
192.4205,21.3751624,9.5555632,0.01,0.022851628711142193
192.5205,21.3751624,9.5555632,0.01,0.027481262044475926
192.6205,21.4372995,9.583341,0.01,0.022851628711142487
192.7206,21.3130253,9.5277854,0.01,0.018231245394459073
192.8205,21.4372995,9.583341,0.01,0.022870147262993665
192.9205,21.3130253,9.5277854,0.01,0.01824051392965993
193.0206,21.3751624,9.5555632,0.01,0.02286552225466821
193.1209,21.3130253,9.5277854,0.01,0.013620102945928003
193.2206,21.4372995,9.583341,0.01,0.018277597663414837
193.3217,21.3751624,9.5555632,0.01,0.018323344531119064
193.4206,21.3130253,9.5277854,0.01,0.018276486415842785
193.5208,21.3130253,9.5277854,0.01,0.018276486415842785
193.6206,21.3751624,9.5555632,0.01,0.022915397571487823
193.7205,21.4372995,9.583341,0.01,0.022920031839089205
193.8405,21.3751624,9.5555632,0.01,0.019062004061311456
193.9205,21.3751624,9.5555632,0.01,0.014432370727977725
194.0205,21.3751624,9.5555632,0.01,0.019062004061311456
194.1405,21.4372995,9.583341,0.01,0.018290398505755475
194.2207,21.3751624,9.5555632,0.01,0.021777055031108425
194.3405,21.499436600000003,9.611118800000002,0.01,0.015617092148529743
194.4405,21.4372995,9.583341,0.01,0.010987458815196005
194.5205,21.3751624,9.5555632,0.01,0.014459683815197546
194.6208,21.3751624,9.5555632,0.01,0.014459683815197546
194.7405,21.4372995,9.583341,0.01,0.018327380835526437
194.8405,21.499436600000003,9.611118800000002,0.01,0.013697747502195327
194.9205,21.499436600000003,9.611118800000002,0.01,0.013697747502195327
195.0206,21.4372995,9.583341,0.01,0.018350561488477427
195.1205,21.3751624,9.5555632,0.01,0.013716293887542601
195.2205,21.4372995,9.583341,0.01,0.00908666055420886
195.3207,21.499436600000003,9.611118800000002,0.01,0.022957069752460348
195.4405,21.4372995,9.583341,0.01,0.009824065991881544
195.5405,21.5615737,9.638896600000002,0.01,0.01908333265854639
195.6205,21.4372995,9.583341,0.01,0.0028796159918769567
195.7205,21.5615737,9.638896600000002,0.01,0.026027782658545353
195.8404,21.4372995,9.583341,0.01,0.009046025027187552
195.9405,21.623710799999998,9.6666744,0.01,0.02755068333554643
196.0404,21.4372995,9.583341,0.01,0.004388613866079316
196.1405,21.623710799999998,9.6666744,0.01,0.02289327217443789
196.2205,21.4372995,9.583341,0.01,0.005532147174434647
196.3405,21.499436600000003,9.611118800000002,0.01,0.004751263796568676
196.4405,21.5615737,9.638896600000002,0.01,0.01401053046323586
196.5405,21.5615737,9.638896600000002,0.01,0.01401053046323586
196.6205,21.5615737,9.638896600000002,0.01,0.01864479806417069
196.7206,21.499436600000003,9.611118800000002,0.01,0.00476977308914525
196.8405,21.623710799999998,9.6666744,0.01,0.017121897387169842
196.9205,21.499436600000003,9.611118800000002,0.01,-0.0036107088607693497
197.0205,21.623710799999998,9.6666744,0.01,0.015020285201307755
197.1405,21.499436600000003,9.611118800000002,0.01,0.002720434266214906
197.2205,21.499436600000003,9.611118800000002,0.01,0.007396831572612552
197.3405,21.5615737,9.638896600000002,0.01,0.006625226017058174
197.4405,21.5615737,9.638896600000002,0.01,0.011254859350391612
197.5205,21.499436600000003,9.611118800000002,0.01,0.0008381843503922348
197.6405,21.623710799999998,9.6666744,0.01,0.0131746324541839
197.7405,21.5615737,9.638896600000002,0.01,-0.0007142675458161278
197.8405,21.623710799999998,9.6666744,0.01,0.008540374112525295
197.9205,21.5615737,9.638896600000002,0.01,-0.0018624535295466615
198.0405,21.6858479,9.6944522,0.01,0.005853602026008344
198.1405,21.499436600000003,9.611118800000002,0.01,-0.00803529797399228
198.2205,21.6858479,9.6944522,0.01,0.013950835351019247
198.3205,21.5615737,9.638896600000002,0.01,0.004691568684354995
198.4405,21.747985,9.722230000000001,0.01,0.011626740862046769
198.5405,21.5615737,9.638896600000002,0.01,-0.002262159137949906
198.6405,21.747985,9.722230000000001,0.01,0.006997107528716978
198.7205,21.6858479,9.6944522,0.01,0.01046008251206584
198.8405,21.6858479,9.6944522,0.01,0.0011915473101991203
198.9405,21.6858479,9.6944522,0.01,0.010450813976866296
199.0405,21.623710799999998,9.6666744,0.01,0.0011961723185255975
199.1405,21.6858479,9.6944522,0.01,0.010441591627266097
199.2205,21.623710799999998,9.6666744,0.01,-0.004632578090222465
199.3404,21.6858479,9.6944522,0.01,0.0038079288494270455
199.4404,21.623710799999998,9.6666744,0.01,0.0038594212323054397
199.5206,21.6858479,9.6944522,0.01,0.00963203137361967
199.6405,21.6858479,9.6944522,0.01,0.004993120217974623
199.7405,21.6858479,9.6944522,0.01,0.0003588526170397973
199.8405,21.6858479,9.6944522,0.01,0.004216880394817546
199.9405,21.747985,9.722230000000001,0.01,0.008846513728151284
200.0205,21.747985,9.722230000000001,0.01,0.008846513728151284
200.1205,21.747985,9.722230000000001,0.01,0.004988485950373535
200.2205,21.6858479,9.6944522,0.01,0.006131462758354023
200.3405,21.747985,9.722230000000001,0.01,0.0022605534187134842
200.4207,21.6858479,9.6944522,0.01,0.0011175766107350382
200.5405,21.747985,9.722230000000001,0.01,0.010769086836110124
200.6205,21.6858479,9.6944522,0.01,0.004982045169442129
200.7405,21.8101221,9.7500078,0.01,0.008830403704668487
200.8405,21.6858479,9.6944522,0.01,-0.0050584962953324295
200.9405,21.8101221,9.7500078,0.01,0.004200770371334751
201.0404,21.747985,9.722230000000001,0.01,0.004191511095410114
201.1206,21.8101221,9.7500078,0.01,0.014598388837658806
201.2405,21.8101221,9.7500078,0.01,0.009968755504325062
201.3405,21.747985,9.722230000000001,0.01,0.0007187296227546621
201.4405,21.6858479,9.6944522,0.01,-4.643515186992982e-05
201.5405,21.747985,9.722230000000001,0.01,-0.004676068485202351
201.6405,21.6858479,9.6944522,0.01,0.002268381514799902
201.7205,21.872259200000002,9.777785600000001,0.01,0.010370239848136039
201.8406,21.747985,9.722230000000001,0.01,0.010383099949659932
201.9405,21.747985,9.722230000000001,0.01,-0.0034919250253652046
202.0404,21.8101221,9.7500078,0.01,0.01504514537836794
202.1405,21.747985,9.722230000000001,0.01,-0.0034548879216654764
202.2405,21.747985,9.722230000000001,0.01,0.013906237078337765
202.3405,21.747985,9.722230000000001,0.01,0.010048209300560015
202.4404,21.872259200000002,9.777785600000001,0.01,0.014687111169092998
202.5405,21.8101221,9.7500078,0.01,0.010062102844084422
202.6405,21.872259200000002,9.777785600000001,0.01,0.014691736177418159
202.7405,21.8101221,9.7500078,0.01,0.014687111169093003
202.8405,21.872259200000002,9.777785600000001,0.01,0.011594253537734276
202.9405,21.8101221,9.7500078,0.01,0.018538703537731675
203.0404,21.8101221,9.7500078,0.01,0.009279436871064788
203.1405,21.8101221,9.7500078,0.01,0.016995492426619803
203.2404,21.872259200000002,9.777785600000001,0.01,0.02162976002755463
203.3404,21.8101221,9.7500078,0.01,0.013142098916443135
203.4405,21.872259200000002,9.777785600000001,0.01,0.01776710724145171
203.5405,21.8101221,9.7500078,0.01,0.01892451557478523
203.6205,21.9343963,9.8055634,0.01,0.022782543352565843
203.7405,21.8101221,9.7500078,0.01,0.01969612113034374
203.8405,21.9343963,9.8055634,0.01,0.02432575446367777
203.9405,21.8101221,9.7500078,0.01,0.02085352946367579
204.0405,21.9343963,9.8055634,0.01,0.022396740574785332
204.1206,21.8101221,9.7500078,0.01,0.02472600678368969
204.2405,21.9965334,9.833341200000001,0.01,0.01894861823072563
204.3205,21.872259200000002,9.777785600000001,0.01,0.016633801564058377
204.4405,21.9343963,9.8055634,0.01,0.008917746008501296
204.5205,21.9343963,9.8055634,0.01,0.022806646008497966
204.6405,21.9343963,9.8055634,0.01,0.008917746008497348
204.7405,21.872259200000002,9.777785600000001,0.01,0.010075154341831897
204.8405,21.9965334,9.833341200000001,0.01,0.019334421008499077
204.9404,21.872259200000002,9.777785600000001,-2.01,0.010065885806632357
205.0405,21.9965334,9.833341200000001,-2.01,0.023945535789981636
205.1405,21.872259200000002,9.777785600000001,-2.01,0.010056635789980712
205.2405,21.9343963,9.8055634,-2.01,0.020473310789982154
205.3206,21.8101221,9.7500078,-2.01,0.005052431516543504
205.4405,21.8101221,9.7500078,-2.01,0.009682064849875929
205.5207,21.623710799999998,9.6666744,-2.01,-0.013408375715374475
205.6405,21.1887511,9.472229800000001,-2.01,-0.0404596556263375
205.7405,20.9402027,9.361118600000001,-2.01,-0.058978188959671864
205.8405,20.2566946,9.0555628,-2.01,-0.10990415562634151
205.9404,19.6974607,8.8055626,-2.01,-0.1562421973680756
206.0405,18.9518155,8.472229,-2.01,-0.21174229726817675
206.1405,18.0818961,8.083339800000001,-2.01,-0.27655716393484703
206.2405,17.646936399999998,7.8888952,-2.01,-0.30433496393484855
206.3405,16.777017,7.500006000000001,-2.01,-0.37300785837929656
206.4404,16.404194399999998,7.3333392,-2.01,-0.3950408538435847
206.5405,15.7828234,7.0555612000000005,-2.01,-0.44515540565237816
206.6404,15.2857266,6.833338800000001,-2.01,-0.4764425047931876
206.7405,14.912904000000001,6.666672,-2.01,-0.5119086102987935
206.8405,14.4158072,6.4444496000000004,-2.01,-0.5396864102987952
206.9405,14.0429846,6.277782800000001,-2.01,-0.5767234769654639
207.0406,13.670162,6.111116000000001,-2.01,-0.5998392593145733
207.1406,13.1730652,5.8888936,-2.01,-0.6426489361225561
207.2405,12.7381055,5.6944490000000005,-2.01,-0.6750888093290989
207.3405,12.365282899999999,5.5277822,-2.01,-0.6982369759957671
207.4405,11.9303232,5.3333376,-2.01,-0.7260147759957685
207.5405,11.433226399999999,5.1111152,-2.01,-0.7676814759957591
207.6207,10.9982667,4.916670600000001,-2.01,-0.8034601136516237
207.7405,10.563307,4.722226,-2.01,-0.8478725185625906
207.8405,10.0662102,4.5000036,-2.01,-0.8771999543660903
207.9405,9.6312505,4.305559000000001,-2.01,-0.9096073876994254
208.0405,9.320565,4.166670000000001,-2.01,-0.9373898219670199
208.1405,8.7613311,3.9166698,-2.01,-0.9744315136420141
208.2405,8.3885085,3.7500030000000004,-2.01,-1.0022093136420156
208.3406,8.077823,3.611114,-2.01,-1.025334355267058
208.4405,7.5185891,3.3611138,-2.01,-1.0763112988773367
208.5405,7.2079036,3.2222248000000002,-2.01,-1.0948344572189894
208.6405,6.7108068,3.0000024000000005,-2.01,-1.1365011572189918
208.7406,6.337984199999999,2.8333356,-2.01,-1.1596215738357087
208.8405,5.9651616,2.6666688,-2.01,-1.1920568127746507
208.9406,5.530201900000001,2.4722242000000003,-2.01,-1.2198022377163757
209.0405,5.0952421999999995,2.2777796,-2.01,-1.2522421109229094
209.1405,4.6602825,2.0833350000000004,-2.01,-1.2846495442562444
209.2405,4.2874599,1.9166682000000004,-2.01,-1.317061611857181
209.3405,3.9146373,1.7500014000000002,-2.01,-1.3402097785238491
209.4405,3.5418147,1.5833346000000001,-2.01,-1.3726125868488592
209.5406,2.9204437000000003,1.3055566,-2.01,-1.4142330367655982
209.6405,2.6718953,1.1944454,-2.01,-1.4443441905026726
209.7405,2.2369356000000002,1.0000008,-2.01,-1.4690355682804523
209.8405,1.8019759,0.8055562000000001,-2.01,-1.5107022682804545
209.9405,1.4912904,0.6666672,-2.01,-1.5245911682804554
210.0405,1.242742,0.555556,-2.01,-1.5523689682804493
210.1406,0.8699194,0.3888892,-2.01,-1.5685593844394037
210.2405,0.0,0.0,-2.01,-2.01
210.3405,0.0,0.0,-2.01,-2.01
210.4405,0.0,0.0,-2.01,-2.01
210.5405,0.0,0.0,-2.01,-2.01
210.6207,0.0,0.0,-2.01,-2.01
210.7405,0.0,0.0,-2.01,-2.01
210.8405,0.0,0.0,-2.01,-2.01
210.9405,0.0,0.0,-2.01,-2.01
211.0405,0.0,0.0,-2.01,-2.01
211.1404,0.0,0.0,-2.01,-2.01
211.2405,0.0,0.0,-2.01,-2.01
211.3405,0.0,0.0,-2.01,-2.01
211.4404,0.0,0.0,-2.01,-2.01
211.5404,0.0,0.0,-2.01,-2.01
211.6405,0.0,0.0,-2.01,-2.01
211.7405,0.0,0.0,-2.01,-2.01
211.8405,0.0,0.0,-2.01,-2.01
211.9405,0.0,0.0,-2.01,-2.01
212.0405,0.0,0.0,-2.01,-2.01
212.1405,0.0,0.0,-2.01,-2.01
212.2405,0.0,0.0,-2.01,-2.01
212.3406,0.0,0.0,-2.01,-2.01
212.4405,0.0,0.0,-2.01,-2.01
212.5405,0.0,0.0,-2.01,-2.01
212.6405,0.0,0.0,-2.01,-2.01
212.7405,0.0,0.0,-2.01,-2.01
212.8405,0.0,0.0,-2.01,-2.01
212.9405,0.0,0.0,-2.01,-2.01
213.0405,0.0,0.0,-2.01,-2.01
213.1405,0.0,0.0,-2.01,-2.01
213.2406,0.0,0.0,-2.01,-2.01
213.3405,0.0,0.0,-2.01,-2.01
213.4405,0.0,0.0,-2.01,-2.01
213.5405,0.0,0.0,-2.01,-2.01
213.6405,0.0,0.0,-2.01,-2.01
213.7405,0.0,0.0,-2.01,-2.01
213.8405,0.0,0.0,-2.01,-2.01
213.9405,0.0,0.0,-2.01,-2.01
214.0405,0.0,0.0,-2.01,-2.01
214.1405,0.0,0.0,-2.01,-2.01
214.2406,0.0,0.0,-2.01,-2.01
214.3415,0.0,0.0,-2.01,-2.01
214.4405,0.0,0.0,-2.01,-2.01
214.5405,0.0,0.0,-2.01,-2.01
214.6407,0.0,0.0,-2.01,-2.01
214.7405,0.0,0.0,-2.01,-2.01
214.8404,0.0,0.0,-2.01,-2.01
214.9405,0.0,0.0,-2.01,-2.01
215.0405,0.0,0.0,-2.01,-2.01
215.1405,0.0,0.0,-2.01,-2.01
215.2405,0.0,0.0,-2.01,-2.01
215.3405,0.0,0.0,-2.01,-2.01
215.4405,0.0,0.0,-2.01,-2.01
215.5405,0.0,0.0,-2.01,-2.01
215.6405,0.0,0.0,-2.01,-2.01
215.7407,0.0,0.0,-2.01,-2.01
215.8405,0.0,0.0,-2.01,-2.01
215.9434,0.0,0.0,-2.01,-2.01
216.0407,0.0,0.0,-2.01,-2.01
216.141,0.0,0.0,-2.01,-2.01
216.2408,0.0,0.0,-2.01,-2.01
216.3416,0.0,0.0,-2.01,-2.01
216.4408,0.0,0.0,-2.01,-2.01
216.5415,0.0,0.0,-2.01,-2.01
216.6405,0.0,0.0,-2.01,-2.01
216.7407,0.0,0.0,-2.01,-2.01
216.8406,0.0,0.0,-2.01,-2.01
216.941,0.0,0.0,-2.01,-2.01
217.0406,0.0,0.0,-2.01,-2.01
217.1405,0.0,0.0,-2.01,-2.01
217.2405,0.0,0.0,-2.01,-2.01
217.3405,0.0,0.0,-2.01,-2.01
217.4405,0.0,0.0,-2.01,-2.01
217.5405,0.0,0.0,-2.01,-2.01
217.6405,0.0,0.0,-2.01,-2.01
217.7406,0.0,0.0,-2.01,-2.01
217.8405,0.0,0.0,-2.01,-2.01
217.9405,0.0,0.0,-2.01,-2.01
218.0406,0.0,0.0,-2.01,-2.01
218.1405,0.0,0.0,-2.01,-2.01
218.2405,0.0,0.0,-2.01,-2.01
218.3405,0.0,0.0,-2.01,-2.01
218.4405,0.0,0.0,-2.01,-2.01
218.5404,0.0,0.0,-2.01,-2.01
218.6415,0.0,0.0,-2.01,-2.01
218.7404,0.0,0.0,-2.01,-2.01
218.8404,0.0,0.0,-2.01,-2.01
218.9405,0.0,0.0,-2.01,-2.01
219.0405,0.0,0.0,-2.01,-2.01
219.1404,0.0,0.0,-2.01,-2.01
219.2404,0.0,0.0,-2.01,-2.01
219.3404,0.0,0.0,-2.01,-2.01
219.4405,0.0,0.0,-2.01,-2.01
219.5405,0.0,0.0,-2.01,-2.01
219.6406,0.0,0.0,-2.01,-2.01
219.7407,0.0,0.0,-2.01,-2.01
219.8405,0.0,0.0,-2.01,-2.01
219.9406,0.0,0.0,-2.01,-2.01
220.0405,0.0,0.0,-2.01,-2.01
220.1405,0.0,0.0,-2.01,-2.01
220.2405,0.0,0.0,-2.01,-2.01
220.3406,0.0,0.0,-2.01,-2.01
220.4405,0.0,0.0,-2.01,-2.01
220.5405,0.0,0.0,-2.01,-2.01
220.6405,0.0,0.0,-2.01,-2.01
220.7405,0.0,0.0,-2.01,-2.01
220.8406,0.0,0.0,-2.01,-2.01
220.9405,0.0,0.0,-2.01,-2.01
221.0407,0.0,0.0,-2.01,-2.01
221.1405,0.0,0.0,-2.01,-2.01
221.2405,0.0,0.0,-2.01,-2.01
221.3407,0.0,0.0,-2.01,-2.01
221.4404,0.0,0.0,-2.01,-2.01
221.5405,0.0,0.0,-2.01,-2.01
221.6406,0.0,0.0,-2.01,-2.01
221.7405,0.0,0.0,-2.01,-2.01
221.8404,0.0,0.0,-2.01,-2.01
221.9405,0.0,0.0,-2.01,-2.01
222.0405,0.0,0.0,-2.01,-2.01
222.1405,0.0,0.0,-2.01,-2.01
222.2404,0.0,0.0,-2.01,-2.01
222.3407,0.0,0.0,-2.01,-2.01
222.4405,0.0,0.0,-2.01,-2.01
222.5405,0.0,0.0,-2.01,-2.01
222.6405,0.0,0.0,-2.01,-2.01
222.7405,0.0,0.0,-2.01,-2.01
222.8405,0.0,0.0,-2.01,-2.01
222.9405,0.0,0.0,-2.01,-2.01
223.0405,0.0,0.0,-2.01,-2.01
223.1405,0.0,0.0,-2.01,-2.01
223.2405,0.0,0.0,-2.01,-2.01
223.3407,0.0,0.0,-2.01,-2.01
223.4405,0.0,0.0,-2.01,-2.01
223.5406,0.0,0.0,-2.01,-2.01
223.6407,0.0,0.0,-2.01,-2.01
223.7405,0.0,0.0,-2.01,-2.01
223.8405,0.0,0.0,-2.01,-2.01
223.9405,0.0,0.0,-2.01,-2.01
224.0417,0.0,0.0,-2.01,-2.01
224.1405,0.0,0.0,-2.01,-2.01
224.2405,0.0,0.0,-2.01,-2.01
224.3418,0.0,0.0,-2.01,-2.01
224.4405,0.0,0.0,-2.01,-2.01
224.5407,0.0,0.0,-2.01,-2.01
224.6406,0.0,0.0,-2.01,-2.01
224.7405,0.0,0.0,-2.01,-2.01
224.8405,0.0,0.0,-2.01,-2.01
224.9405,0.0,0.0,-2.01,-2.01
225.0405,0.0,0.0,-2.01,-2.01
225.1405,0.0,0.0,-2.01,-2.01
225.2405,0.0,0.0,-2.01,-2.01
225.3416,0.0,0.0,-2.01,-2.01
225.4404,0.0,0.0,-2.01,-2.01
225.5405,0.0,0.0,-2.01,-2.01
225.6405,0.0,0.0,-2.01,-2.01
225.7406,0.0,0.0,-2.01,-2.01
225.8405,0.0,0.0,-2.01,-2.01
225.9406,0.0,0.0,-2.01,-2.01
226.0405,0.0,0.0,-2.01,-2.01
226.1405,0.0,0.0,-2.01,-2.01
226.2405,0.0,0.0,-2.01,-2.01
226.3407,0.0,0.0,-2.01,-2.01
226.4407,0.0,0.0,-2.01,-2.01
226.5405,0.0,0.0,-2.01,-2.01
226.6404,0.0,0.0,-2.01,-2.01
226.7405,0.0,0.0,-2.01,-2.01
226.8404,0.0,0.0,-2.01,-2.01
226.9405,0.0,0.0,-2.01,-2.01
227.0405,0.0,0.0,-2.01,-2.01
227.1408,0.0,0.0,-2.01,-2.01
227.2404,0.0,0.0,-2.01,-2.01
227.3407,0.0,0.0,-2.01,-2.01
227.4406,0.0,0.0,-2.01,-2.01
227.5404,0.0,0.0,-2.01,-2.01
227.6404,0.0,0.0,-2.01,-2.01
227.7405,0.0,0.0,-2.01,-2.01
227.8407,0.0,0.0,-2.01,-2.01
227.9405,0.0,0.0,-2.01,-2.01
228.0405,0.0,0.0,-2.01,-2.01
228.1406,0.0,0.0,-2.01,-2.01
228.2405,0.0,0.0,-2.01,-2.01
228.3404,0.0,0.0,-2.01,-2.01
228.4405,0.0,0.0,-2.01,-2.01
228.5405,0.0,0.0,-2.01,-2.01
228.6405,0.0,0.0,-2.01,-2.01
228.7405,0.0,0.0,-2.01,-2.01
228.8405,0.0,0.0,-2.01,-2.01
228.9408,0.0,0.0,-2.01,-2.01
229.0405,0.0,0.0,-2.01,-2.01
229.1405,0.0,0.0,-2.01,-2.01
229.2405,0.0,0.0,-2.01,-2.01
229.3407,0.0,0.0,-2.01,-2.01
229.4405,0.0,0.0,-2.01,-2.01
229.5405,0.0,0.0,-2.01,-2.01
229.6405,0.0,0.0,-2.01,-2.01
229.7407,0.0,0.0,-2.01,-2.01
229.8406,0.0,0.0,-2.01,-2.01
229.9405,0.0,0.0,-2.01,-2.01
230.0405,0.0,0.0,-2.01,-2.01
230.1405,0.0,0.0,-2.01,-2.01
230.2406,0.0,0.0,-2.01,-2.01
230.3405,0.0,0.0,-2.01,-2.01
230.4405,0.0,0.0,-2.01,-2.01
230.5405,0.0,0.0,-2.01,-2.01
230.6405,0.0,0.0,-2.01,-2.01
230.7405,0.0,0.0,-2.01,-2.01
230.8407,0.0,0.0,-2.01,-2.01
230.9407,0.0,0.0,-2.01,-2.01
231.0405,0.0,0.0,-2.01,-2.01
231.1405,0.0,0.0,-2.01,-2.01
231.2415,0.0,0.0,-2.01,-2.01
231.3415,0.0,0.0,-2.01,-2.01
231.4405,0.0,0.0,-2.01,-2.01
231.5406,0.0,0.0,-2.01,-2.01
231.6406,0.0,0.0,-2.01,-2.01
231.7405,0.0,0.0,-2.01,-2.01
231.8406,0.0,0.0,-2.01,-2.01
231.9408,0.0,0.0,-2.01,-2.01
232.0405,0.0,0.0,0.5,-2.01
232.1404,0.0,0.0,0.5,-2.01
232.2405,0.0,0.0,0.5,-2.01
232.3405,0.0,0.0,0.5,-2.01
232.4405,0.0,0.0,0.5,-2.01
232.5405,0.0,0.0,0.5,-2.01
232.6405,0.0,0.0,0.5,-2.01
232.7405,0.0,0.0,0.5,-2.01
232.8406,0.0,0.0,0.5,-2.01
232.9415,0.0,0.0,0.5,-2.01
233.0405,0.0,0.0,0.5,-2.01
233.1405,0.0,0.0,0.5,-2.01
233.2405,0.0,0.0,0.5,-2.01
233.3405,0.0,0.0,0.5,-2.01
233.4405,0.0,0.0,0.5,-2.01
233.5404,0.0,0.0,0.5,-2.01
233.6405,0.0,0.0,0.5,-2.01
233.7404,0.0,0.0,0.5,-2.01
233.8405,0.0,0.0,0.5,-2.01
233.9406,0.0,0.0,0.5,-2.01
234.0415,0.0,0.0,0.5,-2.01
234.1407,0.0,0.0,0.5,-2.01
234.2405,0.0,0.0,0.5,-2.01
234.3405,0.0,0.0,0.5,-2.01
234.4405,0.0,0.0,0.5,-2.01
234.5405,0.0,0.0,0.5,-2.01
234.6405,0.0,0.0,0.5,-2.01
234.7406,0.0,0.0,0.5,-2.01
234.8405,0.0,0.0,0.5,-2.01
234.9405,0.0,0.0,0.5,-2.01
235.0405,0.0,0.0,0.5,-2.01
235.1405,0.0,0.0,0.5,-2.01
235.2405,0.0,0.0,0.5,-2.01
235.3405,0.0,0.0,0.5,-2.01
235.4406,0.0,0.0,0.5,-2.01
235.5405,0.0,0.0,0.5,-2.01
235.6405,0.9941936,0.4444448000000001,0.5,-2.01
235.7406,0.9320565000000001,0.416667,0.5,-1.584768129211451
235.8405,0.9941936,0.4444448000000001,0.5,-1.5685597782771847
235.9405,1.1184678000000001,0.5000004,0.5,-1.5631585393882965
236.041,1.1184678000000001,0.5000004,0.5,-1.5631585393882965
236.1405,1.242742,0.555556,0.5,-1.553852743743406
236.2405,1.3048791,0.5833338000000001,0.5,-1.5445934770767389
236.3407,1.3670162000000001,0.6111116000000001,0.5,-1.549232351195169
236.4405,1.4912904,0.6666672,0.5,-1.530685993682012
236.5405,1.5534275,0.6944450000000001,0.5,-1.5353063769986965
236.6405,1.6155646000000001,0.7222228,0.5,-1.521417476998696
236.7405,1.7398388,0.7777784,0.5,-1.5167878436653623
236.8405,1.8019759,0.8055562000000001,0.5,-1.5005985765409364
236.9404,1.9262501,0.8611118000000001,0.5,-1.4913300413390695
237.0406,2.0505242999999997,0.9166674,0.5,-1.46477142581866
237.1405,2.1126614,0.9444452000000001,0.5,-1.4330858783067622
237.2404,2.1747985,0.9722230000000001,0.5,-1.4099330773724932
237.3404,2.2990727,1.0277786000000002,0.5,-1.3497478440391566
237.4405,2.3612098,1.0555564,0.5,-1.303414427305748
237.5405,2.485484,1.111112,0.5,-1.238655060738982
237.6405,2.5476210999999997,1.1388898,0.5,-1.1692105607389776
237.7405,2.6097582,1.1666676000000002,0.5,-1.1321734940723087
237.8405,2.7340324000000003,1.2222232000000002,0.5,-1.0580993607389713
237.9407,2.7961695,1.2500010000000001,0.5,-1.0256733625851344
238.0405,2.8583065999999997,1.2777788,0.5,-0.9747843681794064
238.1405,2.9825808,1.3333344,0.5,-0.9284509607052617
238.2407,3.0447179,1.3611122000000002,0.5,-0.8960805182069738
238.3405,3.106855,1.3888900000000002,0.5,-0.85440454038466
238.4405,3.1689920999999996,1.4166678,0.5,-0.8219971070513249
238.5406,3.2311292000000003,1.4444456,0.5,-0.7896220487762751
238.6405,3.3554034,1.5000012000000003,0.5,-0.7433164469077366
238.7405,3.4175405,1.5277790000000002,0.5,-0.7062469403678603
238.8405,3.4796776,1.5555568,0.5,-0.6738395070345251
238.9405,3.6039518,1.6111124000000001,0.5,-0.6321728070345229
239.0417,3.6660889,1.6388902000000003,0.5,-0.5905610038724765
239.1405,3.7282260000000003,1.666668,0.5,-0.5454668691855729
239.2405,3.7903631,1.6944458,0.5,-0.5137859559412759
239.3406,3.9146373,1.7500014000000002,0.5,-0.46749887262459033
239.4406,3.9767744,1.7777792000000003,0.5,-0.43046180595792133
239.5405,4.0389115,1.805557,0.5,-0.4026793716903265
239.6405,4.1010485999999995,1.8333348,0.5,-0.35638303835699053
239.7406,4.2253228,1.8888904000000002,0.5,-0.31935522170697184
239.8405,4.2874599,1.9166682000000004,0.5,-0.29159591248099503
239.9405,4.349597,1.9444460000000001,0.5,-0.24525787073924935
240.0405,4.4738712000000005,2.0000016,0.5,-0.2128504374059234
240.1406,4.5360083,2.0277794,0.5,-0.17118836241424631
240.2405,4.6602825,2.0833350000000004,0.5,-0.1341697772623261
240.3405,4.7224196,2.1111128,0.5,-0.10173453832338457
240.4405,4.8466938,2.1666684000000003,0.5,-0.06010021338165839
240.5405,4.9088309,2.1944462000000002,0.5,-0.023030706841792425
240.6405,4.970968,2.222224,0.5,0.014006359824876264
240.7405,5.0331051,2.2500018,0.5,0.0464137931582114
240.8409,5.1573793000000006,2.3055574000000005,0.5,0.08341397031624691
240.9405,5.2195164,2.3333352000000005,0.5,0.11583999655453595
241.0405,5.3437906,2.3888908,0.5,0.1713493464712715
241.1405,5.4059276999999994,2.4166686,0.5,0.19451605020834384
241.2407,5.530201900000001,2.4722242000000003,0.5,0.23616426863815274
241.3406,5.592339,2.5000020000000003,0.5,0.27320596957242255
241.4408,5.716613199999999,2.5555576,0.5,0.3055949213355642
241.5406,5.840887400000001,2.6111132,0.5,0.333391276980181
241.6406,5.9651616,2.6666688,0.5,0.370400593596899
241.7406,6.027298699999999,2.6944466,0.5,0.379655235255241
241.8406,6.151572900000001,2.7500022000000004,0.5,0.3842802343209736
241.9408,6.2758471,2.8055578000000003,0.5,0.38426175275077995
242.0406,6.4001213,2.8611134000000003,0.5,0.39353957506206766
242.1407,6.5243955,2.916669,0.5,0.39348379606719397
242.2407,6.648669699999999,2.9722246,0.5,0.39811342940052746
242.3408,6.7729439000000005,3.0277802000000005,0.5,0.40274305350230755
242.4408,6.8972181,3.0833358,0.5,0.40272449785768427
242.5406,7.0214923,3.1388914000000003,0.5,0.4073726868356398
242.6407,7.1457665,3.1944470000000003,0.5,0.41199307015232306
242.7409,7.2700407,3.2500026,0.5,0.4119745885821295
242.8407,7.3943149,3.3055582000000006,0.5,0.41662277756008625
242.9406,7.5185891,3.3611138,0.5,0.4166227775600888
243.0407,7.6428633,3.4166694000000004,0.5,0.41663200911363224
243.1407,7.7671375000000005,3.4722250000000003,0.5,0.42125700817936207
243.2406,7.8914117,3.5277806000000003,0.5,0.42589127578029673
243.3408,8.015685900000001,3.5833362000000006,0.5,0.42587279421010316
243.4409,8.1399601,3.6388918,0.5,0.4304978025351115
243.5407,8.2642343,3.6944474000000005,0.5,0.4305163581797375
243.6407,8.326371400000001,3.7222252000000005,0.5,0.43051635817973616
243.7407,8.4506456,3.7777808000000004,0.5,0.43514599151306965
243.8407,8.5749198,3.8333364000000008,0.5,0.4351459915130697
243.9406,8.699194,3.8888920000000002,0.5,0.43979413416670227
244.0407,8.823468199999999,3.9444476,0.5,0.4444052396610752
244.1407,8.947742400000001,4.0000032,0.5,0.44440523966107254
244.2407,9.0720166,4.0555588,0.5,0.44904411377950293
244.3406,9.1962908,4.111114400000001,0.5,0.45367373782572723
244.4408,9.258427900000001,4.138892200000001,0.5,0.45366449704063044
244.5406,9.3827021,4.1944478,0.5,0.4583173110269109
244.6406,9.5069763,4.250003400000001,0.5,0.45830804249170887
244.7406,9.6312505,4.305559000000001,0.5,0.4629376758250424
244.8407,9.7555247,4.3611146000000005,0.5,0.4675580591417257
244.941,9.8797989,4.4166702,0.5,0.46753036442587237
245.0407,10.004073100000001,4.4722258,0.5,0.47224275598130455
245.1409,10.1283473,4.5277814,0.5,0.476797677380073
245.2407,10.2526215,4.583337,0.5,0.48144586635802705
245.3407,10.3768957,4.6388926,0.5,0.4814551163746773
245.4408,10.501169899999999,4.6944482,0.5,0.4860754996913606
245.5406,10.625444100000001,4.750003800000001,0.5,0.49071905440171515
245.6407,10.749718300000001,4.805559400000001,0.5,0.4953394377183983
245.7407,10.8739925,4.861115000000001,0.5,0.49534868773504864
245.8407,10.9982667,4.916670600000001,0.5,0.4999736868007812
245.9418,11.122540899999999,4.9722262,0.5,0.5045025763820533
246.0407,11.246815100000001,5.0277818000000005,0.5,0.5046055611478135
246.1417,11.3089522,5.0555596000000005,0.5,0.5045643482023431
246.2407,11.4953635,5.138893,0.5,0.5093250049196629
246.3417,11.557500600000001,5.166670800000001,0.5,0.5092791669658676
246.4409,11.681774800000001,5.2222264,0.5,0.5093538384712435
246.5407,11.806049,5.277782,0.5,0.5140020274492016
246.6407,11.9303232,5.3333376,0.5,0.5186316607825326
246.7407,12.054597399999999,5.3888932,0.5,0.5232612941158662
246.8408,12.1788716,5.444448800000001,0.5,0.5232889336078493
246.9406,12.2410087,5.4722266,0.5,0.523279618525207
247.0407,12.42742,5.555560000000001,0.5,0.5278953768335679
247.1412,12.5516942,5.611115600000001,0.5,0.5324789441635833
247.2407,12.613831300000001,5.638893400000001,0.5,0.5278910568895548
247.3407,12.7381055,5.6944490000000005,0.5,0.5325160559552873
247.4409,12.8623797,5.7500046000000005,0.5,0.5325160559552874
247.5407,12.986653899999999,5.8055602,0.5,0.53251605595529
247.6408,13.048791,5.833338,0.5,0.5278817976136299
247.7408,13.1730652,5.8888936,0.5,0.5325114309469634
247.8407,13.297339399999998,5.9444492,0.5,0.5325206994821656
247.9407,13.4216136,6.000004800000001,0.5,0.5325391810523592
248.0407,13.545887800000001,6.055560400000001,0.5,0.5325206254077387
248.1409,13.608024899999998,6.0833382,0.5,0.5278910013059586
248.2407,13.7322991,6.138893800000001,0.5,0.5279095569505793
248.3407,13.8565733,6.194449400000001,0.5,0.5279188069672295
248.4407,13.9808475,6.250005000000001,0.5,0.5279188069672297
248.5407,14.1051217,6.305560600000001,0.5,0.5279002513226091
248.6407,14.2293959,6.3611162000000006,0.5,0.5279095013392566
248.7407,14.291533,6.3888940000000005,0.5,0.5232983495761167
248.8407,14.4158072,6.4444496000000004,0.5,0.5232797939314934
248.9406,14.5400814,6.5000052,0.5,0.5232797939314934
249.0406,14.6643556,6.555560800000001,0.5,0.5232890439481412
249.1406,14.7886298,6.611116400000001,0.5,0.5232890439481438
249.2406,14.8507669,6.6388942,0.5,0.5186501420796079
249.3406,14.9750411,6.694449800000001,0.5,0.5186686236498015
249.4409,15.1614524,6.7777832,0.5,0.5232659649260053
249.5408,15.1614524,6.7777832,0.5,0.5139881426147148
249.6406,15.3478637,6.861116600000001,0.5,0.5232752427483143
249.7406,15.4721379,6.9166722,0.5,0.523275242748314
249.8407,15.534275000000001,6.944450000000001,0.5,0.5186409844066554
249.9406,15.6585492,7.000005600000001,0.5,0.5186409844066555
250.0406,15.7828234,7.0555612000000005,0.5,0.5186502344233033
250.1406,15.844960500000001,7.0833390000000005,0.5,0.5140206010899723
250.2407,15.9692347,7.1388946,0.5,0.5140113510733219
250.3406,16.155646,7.222228,0.5,0.5186456186742565
250.4408,16.2799202,7.2777836,0.5,0.5232660112224933
250.5407,16.2799202,7.2777836,0.5,0.5139881889112057
250.6407,16.404194399999998,7.3333392,0.5,0.5139881889112029
250.7406,16.5284686,7.388894800000001,0.5,0.5139974574464052
250.8406,16.5906057,7.4166726,0.5,0.5093770741297218
250.9407,16.652742800000002,7.444450400000001,0.5,0.5047705105039165
251.0407,16.839154100000002,7.527783800000001,0.5,0.5093722824530967
251.1407,16.9634283,7.583339400000001,0.5,0.5093907640232876
251.2407,17.0877025,7.638895000000001,0.5,0.509372208378667
251.3407,17.1498396,7.6666728000000015,0.5,0.5047425750453336
251.4409,17.3362509,7.7500062000000005,0.5,0.509353736040027
251.5406,17.4605251,7.805561800000001,0.5,0.5093630417795574
251.6406,17.646936399999998,7.8888952,0.5,0.5140019251295411
251.7407,17.5847993,7.861117400000001,0.5,0.5001176501378656
251.8407,17.7090735,7.916673,0.5,0.5001176501378655
251.9407,17.8333477,7.9722286,0.5,0.500218393889927
252.0407,18.019759,8.055562,0.5,0.504745042457503
252.1407,18.0818961,8.083339800000001,0.5,0.5047908804112974
252.2407,18.1440332,8.1111176,0.5,0.49539132182544154
252.3409,18.3304445,8.194451,0.5,0.504668704090614
252.4408,18.3304445,8.194451,0.5,0.49533476591857084
252.5406,18.516855800000002,8.277784400000002,0.5,0.4999736770742122
252.6408,18.7032671,8.3611178,0.5,0.504575588052258
252.7407,18.7032671,8.3611178,0.5,0.4953163213855908
252.8407,18.8896784,8.4444512,0.5,0.4999552047355744
252.9406,18.9518155,8.472229,0.5,0.49995056118086423
253.0407,19.0760897,8.5277846,0.5,0.4953255528558556
253.1406,19.2003639,8.5833402,0.5,0.4953808873943734
253.2407,19.3246381,8.638895800000002,0.5,0.4999780062219454
253.3406,19.3867752,8.666673600000001,0.5,0.4953530071562128
253.4406,19.5731865,8.750007,0.5,0.5000011220597397
253.5407,19.6974607,8.8055626,0.5,0.49997331639846615
253.6407,19.883872,8.888896,0.5,0.5092372080734561
253.7419,19.883872,8.888896,0.5,0.4999779414067888
253.8433,20.0702833,8.9722294,0.5,0.5044065462443654
253.9408,20.194557500000002,9.027785000000002,0.5,0.5046439633383825
254.0408,20.3188317,9.083340600000001,0.5,0.5046439633383825
254.1409,20.380968799999998,9.1111184,0.5,0.5046485791151542
254.2409,20.629517200000002,9.222229600000002,0.5,0.5138892901371956
254.3409,20.6916543,9.2500074,0.5,0.5092596568038615
254.441,20.815928500000002,9.305563000000001,0.5,0.5092504067872116
254.5407,20.9402027,9.361118600000001,0.5,0.5092782681713649
254.6406,21.0644769,9.416674200000001,0.5,0.5092875367065672
254.7408,21.1887511,9.472229800000001,0.5,0.5138986884697071
254.8409,21.3751624,9.5555632,0.5,0.5185144467780651
254.9406,21.4372995,9.583341,0.5,0.5138894756016062
255.0409,21.5615737,9.638896600000002,0.5,0.5138617808857556
255.1407,21.6858479,9.6944522,0.01,0.513880336530376
255.2406,21.747985,9.722230000000001,0.01,0.5138849707979775
255.3407,21.6858479,9.6944522,0.01,0.5000006958063014
255.4422,21.9343963,9.8055634,0.01,0.5043981983070075
255.5407,21.8101221,9.7500078,0.01,0.4949979275794245
255.6407,21.9343963,9.8055634,0.01,0.4903404607791572
255.7406,21.9343963,9.8055634,0.01,0.4810811941124902
255.8406,21.9343963,9.8055634,0.01,0.47645618578748167
255.9407,21.9965334,9.833341200000001,0.01,0.4718126589106208
256.0409,21.9343963,9.8055634,0.01,0.45793299969572054
256.1406,21.872259200000002,9.777785600000001,0.01,0.4486598023369769
256.2406,21.9965334,9.833341200000001,0.01,0.44866905235362986
256.3407,21.9965334,9.833341200000001,0.01,0.43476624955082577
256.4457,22.0586705,9.861119,0.01,0.42993463905752816
256.5407,21.872259200000002,9.777785600000001,0.01,0.41531474432069043
256.6406,22.0586705,9.861119,0.01,0.4199582804568297
256.7406,21.9965334,9.833341200000001,0.01,0.4060601119216255
256.8406,22.120807600000003,9.888896800000001,0.01,0.4106897452549566
256.9406,21.9965334,9.833341200000001,0.01,0.3968054702632834
257.0406,21.9965334,9.833341200000001,0.01,0.3829165702632827
257.1408,22.0586705,9.861119,0.01,0.37827769614485346
257.2406,21.9343963,9.8055634,0.01,0.35974060716689327
257.3406,21.9965334,9.833341200000001,0.01,0.35974060716689193
257.4407,21.9343963,9.8055634,0.01,0.34125442119717314
257.5406,22.120807600000003,9.888896800000001,0.01,0.34587009594915924
257.6406,21.9343963,9.8055634,0.01,0.3180922959491616
257.7406,22.0586705,9.861119,0.01,0.3319765709408396
257.8406,21.9965334,9.833341200000001,0.01,0.31808767094084056
257.9407,22.0586705,9.861119,0.01,0.31345341259918164
258.0409,21.9965334,9.833341200000001,0.01,0.29494412005094556
258.1406,22.120807600000003,9.888896800000001,0.01,0.2996016147684337
258.2407,21.9965334,9.833341200000001,0.01,0.28572196478508344
258.3407,21.9965334,9.833341200000001,0.01,0.2718607871403729
258.4409,22.120807600000003,9.888896800000001,0.01,0.2811015722368492
258.5406,21.9965334,9.833341200000001,0.01,0.2578977107190968
258.641,21.9965334,9.833341200000001,0.01,0.24403653307438652
258.7407,22.0586705,9.861119,0.01,0.2486800970997967
258.8406,21.9965334,9.833341200000001,0.01,0.23015692949886155
258.9407,21.9965334,9.833341200000001,0.01,0.22552266189792672
259.0406,21.9965334,9.833341200000001,0.01,0.21627264524790987
259.1406,22.120807600000003,9.888896800000001,0.01,0.2162633767127077
259.2406,22.0586705,9.861119,0.01,0.20238372672935548
259.3407,22.0586705,9.861119,0.01,0.19774945912842093
259.4422,22.120807600000003,9.888896800000001,0.01,0.18842177423515338
259.5407,22.0586705,9.861119,0.01,0.17447162222134624
259.6407,22.120807600000003,9.888896800000001,0.01,0.16521235555468436
259.7407,22.0586705,9.861119,0.01,0.16058272222135195
259.8407,22.0586705,9.861119,0.01,0.14688558218190603
259.9418,22.182944700000004,9.916674600000002,0.01,0.14654742133583024
260.0406,22.120807600000003,9.888896800000001,0.01,0.1326022909714563
260.1407,22.182944700000004,9.916674600000002,0.01,0.13260229097145657
260.2407,22.0586705,9.861119,0.01,0.10482449097146233
260.3406,22.0586705,9.861119,0.01,0.10019485763812917
260.4406,22.182944700000004,9.916674600000002,0.01,0.10020410765477687
260.5406,22.0586705,9.861119,0.01,0.0816577129372862
260.6407,22.0586705,9.861119,0.01,0.0723891777354195
260.7407,22.0586705,9.861119,0.01,0.06314839263894588
260.8407,22.120807600000003,9.888896800000001,0.01,0.05390300099725317
260.941,22.120807600000003,9.888896800000001,0.01,0.049259436971842735
261.0407,22.120807600000003,9.888896800000001,0.01,0.04002786502102861
261.1407,22.182944700000004,9.916674600000002,0.01,0.035379676043076236
261.2408,22.120807600000003,9.888896800000001,0.01,0.026120400117132833
261.3408,22.120807600000003,9.888896800000001,0.01,0.030745408442141405
261.4409,22.182944700000004,9.916674600000002,0.01,0.017125556340223436
261.5419,22.182944700000004,9.916674600000002,0.01,0.026525827067806377
261.6407,22.245081799999998,9.9444524,0.01,0.021952424098847987
261.7407,22.120807600000003,9.888896800000001,0.01,0.012693157432183733
261.8417,22.120807600000003,9.888896800000001,0.01,0.012693157432183733
261.9408,22.182944700000004,9.916674600000002,0.01,0.012739827546461208
262.0408,22.182944700000004,9.916674600000002,0.01,0.017360220094696857
262.1407,22.245081799999998,9.9444524,0.01,0.026638051721041223
262.2418,22.120807600000003,9.888896800000001,0.01,0.008220262139768508
262.3415,22.245081799999998,9.9444524,0.01,0.01750739019058878
262.4417,22.182944700000004,9.916674600000002,0.01,0.008477823039177646
262.5408,22.182944700000004,9.916674600000002,0.01,0.02309771777601538
262.6406,22.245081799999998,9.9444524,0.01,0.013833826128854912
262.7406,22.245081799999998,9.9444524,0.01,0.018463459462189667
262.8407,22.245081799999998,9.9444524,0.01,0.00920419279552512
262.9408,22.182944700000004,9.916674600000002,0.01,0.01383845113718168
263.0407,22.182944700000004,9.916674600000002,0.01,0.01383845113718168
263.1406,22.182944700000004,9.916674600000002,0.01,0.009218058588946334
263.2407,22.3072189,9.9722302,0.01,0.027745897550255916
263.3407,22.182944700000004,9.916674600000002,0.01,0.013856997550259239
263.4407,22.3072189,9.9722302,0.01,0.02774127254193733
263.5406,22.182944700000004,9.916674600000002,0.01,0.004569934537264089
263.6407,22.3072189,9.9722302,0.01,0.027708851187277617
263.7406,22.245081799999998,9.9444524,0.01,0.013815316919672974
263.8406,22.245081799999998,9.9444524,0.01,0.0184449502530051
263.941,22.3072189,9.9722302,0.01,0.018431130507015184
264.0417,22.3072189,9.9722302,0.01,0.023051523055250534
264.1406,22.245081799999998,9.9444524,0.01,0.009083269288218862
264.2406,22.245081799999998,9.9444524,0.01,0.018333285938235706
264.3408,22.245081799999998,9.9444524,0.01,0.018333285938235706
264.4408,22.3072189,9.9722302,0.01,0.0137221341750919
264.5407,22.245081799999998,9.9444524,0.01,0.018374994624977627
264.6406,22.369356,10.000008000000001,0.01,0.02764352982684728
264.7407,22.369356,10.000008000000001,0.01,0.022999965801437153
264.8406,22.245081799999998,9.9444524,0.01,0.018365698200502028
264.9406,22.3072189,9.9722302,0.01,0.022995331533834446
265.0407,22.245081799999998,9.9444524,0.01,0.01837032320882587
265.1408,22.3072189,9.9722302,0.01,0.013736064867169908
265.2407,22.369356,10.000008000000001,0.01,0.02299996580143978
265.3407,22.3072189,9.9722302,0.01,0.01837033246810736
265.4406,22.245081799999998,9.9444524,0.01,0.00917484976043948
265.5407,22.4314931,10.027785800000002,0.01,0.02775001009925547
265.6407,22.245081799999998,9.9444524,0.01,0.009231476765915259
265.7407,22.4314931,10.027785800000002,0.01,0.027750010099244937
265.8408,22.3072189,9.9722302,0.01,0.018499993449227783
265.9407,22.4314931,10.027785800000002,0.01,0.01861000573648881
266.0407,22.3072189,9.9722302,0.01,0.014036602767530725
266.1408,22.3072189,9.9722302,0.01,0.009411594442522143
266.2408,22.3072189,9.9722302,0.01,0.018670861109186983
266.3407,22.4314931,10.027785800000002,0.01,0.027939396311051364
266.4406,22.4314931,10.027785800000002,0.01,0.018680129644386523
266.5407,22.4314931,10.027785800000002,0.01,0.027939396311056627
266.6409,22.369356,10.000008000000001,0.01,0.02331900376281836
266.7406,22.4314931,10.027785800000002,0.01,0.027962567788228792
266.8406,22.369356,10.000008000000001,0.01,0.018703301121563962
266.9407,22.4314931,10.027785800000002,0.01,0.023328309446572538
267.0406,22.493630200000002,10.055563600000001,0.01,0.027962577047507067
267.1406,22.369356,10.000008000000001,0.01,0.01407367704750746
267.241,22.493630200000002,10.055563600000001,0.01,0.027921062530552467
267.3407,22.369356,10.000008000000001,0.01,0.018633934479737192
267.4406,22.369356,10.000008000000001,0.01,0.014008926154728615
267.5406,22.493630200000002,10.055563600000001,0.01,0.023268192821398425
267.6408,22.369356,10.000008000000001,0.01,0.009341544027221276
267.7406,22.4314931,10.027785800000002,0.01,0.023239721849532182
267.8406,22.369356,10.000008000000001,0.01,0.018610088516199764
267.9407,22.4314931,10.027785800000002,0.01,0.018563418401922282
268.0406,22.4314931,10.027785800000002,0.01,0.018563418401922282
268.1419,22.4314931,10.027785800000002,0.01,0.01392915080098805
268.241,22.369356,10.000008000000001,0.01,0.018415995276302215
268.3406,22.493630200000002,10.055563600000001,0.01,0.01842531970205401
268.4406,22.4314931,10.027785800000002,0.01,0.018416078916956936
268.5407,22.4314931,10.027785800000002,0.01,0.018416078916956936
268.6408,22.4314931,10.027785800000002,0.01,0.013777167761313512
268.7407,22.4314931,10.027785800000002,0.01,0.013777167761313512
268.8407,22.493630200000002,10.055563600000001,0.01,0.01840680109464564
268.9407,22.4314931,10.027785800000002,0.01,0.018402176086318865
269.0407,22.4314931,10.027785800000002,0.01,0.018402176086318865
269.1417,22.5557673,10.0833414,0.01,0.027569766845394545
269.2409,22.4314931,10.027785800000002,0.01,0.008985812023334932
269.3408,22.5557673,10.0833414,0.01,0.027513613891868238
269.4408,22.5557673,10.0833414,0.01,0.01825434722519873
269.5407,22.4314931,10.027785800000002,0.01,0.01825434722519873
269.6408,22.5557673,10.0833414,0.01,0.01825434722519873
269.7409,22.4314931,10.027785800000002,0.01,0.013638598176116996
269.841,22.4314931,10.027785800000002,0.01,0.013638598176116996
269.9406,22.5557673,10.0833414,0.01,0.018323862073670396
270.0408,22.493630200000002,10.055563600000001,0.01,0.013703469525432424
270.1411,22.6179044,10.111119200000001,0.01,0.02761616719245736
270.2407,22.5557673,10.0833414,0.01,0.022967940954171182
270.3418,22.6179044,10.111119200000001,0.01,0.0275472024114755
270.4408,22.493630200000002,10.055563600000001,0.01,0.013564774465352857
270.5407,22.6179044,10.111119200000001,0.01,0.027467577268157035
270.6406,22.493630200000002,10.055563600000001,0.01,0.008930506864418031
270.7407,22.6179044,10.111119200000001,0.01,0.018180523514434888
270.8406,22.493630200000002,10.055563600000001,0.01,0.018180523514435176
270.9407,22.493630200000002,10.055563600000001,0.01,0.013550890181102759
271.0407,22.493630200000002,10.055563600000001,0.01,0.018175898506111336
271.1407,22.493630200000002,10.055563600000001,0.01,0.013550890181102759
271.2407,22.6179044,10.111119200000001,0.01,0.01817588924683248
271.3407,22.6179044,10.111119200000001,0.01,0.0228055225801649
271.4407,22.5557673,10.0833414,0.01,0.02281015684776467
271.5407,22.6179044,10.111119200000001,0.01,0.01356476520607137
271.6407,22.5557673,10.0833414,0.01,0.022824031872741478
271.7408,22.6179044,10.111119200000001,0.01,0.013560140197752786
271.8407,22.5557673,10.0833414,0.01,0.018175889246837742
271.9407,22.6179044,10.111119200000001,0.01,0.013536987378303148
272.0406,22.5557673,10.0833414,0.01,0.018161986444033166
272.1406,22.5557673,10.0833414,0.01,0.018161986444033166
272.2411,22.5557673,10.0833414,0.01,0.018161986444033166
272.3407,22.6800415,10.138897,0.01,0.01818990371874085
272.4407,22.5557673,10.0833414,0.01,0.008930637052071035
272.5406,22.6800415,10.138897,0.01,0.018199172253940396
272.6408,22.6179044,10.111119200000001,0.01,0.018199172253943307
272.7407,22.6800415,10.138897,0.01,0.018189875829467406
272.8407,22.6179044,10.111119200000001,0.01,0.0181898758294677
272.9407,22.6800415,10.138897,0.01,0.018194500837793885
273.0406,22.6179044,10.111119200000001,0.01,0.008925965635924819
273.1406,22.6800415,10.138897,0.01,0.0228148656359215
273.2406,22.6179044,10.111119200000001,0.01,0.008962855144550308
273.3406,22.6179044,10.111119200000001,0.01,0.018249983195365582
273.4406,22.6800415,10.138897,0.01,0.022879616528697706
273.5407,22.6179044,10.111119200000001,0.01,0.008995341537019613
273.6407,22.6179044,10.111119200000001,0.01,0.018236126633490612
273.7408,22.742178600000003,10.166674800000001,0.01,0.02284723212786081
273.8406,22.6179044,10.111119200000001,0.01,0.018199043149905496
273.9407,22.742178600000003,10.166674800000001,0.01,0.022824051474913776
274.0409,22.6800415,10.138897,0.01,0.01820365892667813
274.1406,22.6800415,10.138897,0.01,0.01820365892667813
274.2407,22.742178600000003,10.166674800000001,0.01,0.027500345690975442
274.3406,22.742178600000003,10.166674800000001,0.01,0.01820389321440338
274.4406,22.6800415,10.138897,0.01,0.018203893214403077
274.5406,22.6179044,10.111119200000001,0.01,0.013574259881068317
274.6407,22.6800415,10.138897,0.01,0.018199268206076598
274.7407,22.742178600000003,10.166674800000001,0.01,0.02282890153940902
274.8407,22.742178600000003,10.166674800000001,0.01,0.018199268206076907
274.9406,22.6800415,10.138897,0.01,0.018194633938476826
275.0406,22.6800415,10.138897,0.01,0.018194633938476826
275.1406,22.742178600000003,10.166674800000001,0.01,0.013656676512733572
275.2406,22.6800415,10.138897,0.01,0.018360981351441572
275.3406,22.6800415,10.138897,0.01,0.009092446149572516
275.4407,22.804315700000004,10.194452600000002,0.01,0.01834246279958967
275.5407,22.6800415,10.138897,0.01,0.01835173133479388
275.6407,22.804315700000004,10.194452600000002,0.01,0.018360981351447436
275.7406,22.6800415,10.138897,0.01,0.018342462799594336
275.8406,22.6800415,10.138897,0.01,0.018342462799594336
275.9408,22.804315700000004,10.194452600000002,0.01,0.018286795419493868
276.0406,22.804315700000004,10.194452600000002,0.01,0.022907187967731838
276.1407,22.6800415,10.138897,0.01,0.00442559936690087
276.2406,22.804315700000004,10.194452600000002,0.01,0.0183423608070567
276.3406,22.804315700000004,10.194452600000002,0.01,0.013763099349752386
276.4408,22.804315700000004,10.194452600000002,0.01,0.023115893962542607
276.5406,22.742178600000003,10.166674800000001,0.01,0.00920844760502659
276.6407,22.804315700000004,10.194452600000002,0.01,0.023101991131904524
276.7416,22.804315700000004,10.194452600000002,0.01,0.013851974481887666
276.8409,22.866452799999998,10.2222304,0.01,0.02778277890161657
276.9406,22.742178600000003,10.166674800000001,0.01,0.018495650850801296
277.0407,22.742178600000003,10.166674800000001,0.01,0.018495650850801296
277.1412,22.742178600000003,10.166674800000001,0.01,0.018495650850801296
277.2408,22.866452799999998,10.2222304,0.01,0.018532836660714116
277.3409,22.866452799999998,10.2222304,0.01,0.018532836660714116
277.4411,22.804315700000004,10.194452600000002,0.01,0.018542077445813814
277.5418,22.742178600000003,10.166674800000001,0.01,0.009314992937374476
277.642,22.9285899,10.2500082,0.01,0.02780580391542374
277.7409,22.742178600000003,10.166674800000001,0.01,0.00913741844178243
277.8418,22.866452799999998,10.2222304,0.01,0.022948362620187016
277.941,22.866452799999998,10.2222304,0.01,0.018318729286851965
278.0408,22.9285899,10.2500082,0.01,0.02759190804343051
278.1408,22.804315700000004,10.194452600000002,0.01,0.018332641376766257
278.2462,22.804315700000004,10.194452600000002,0.01,0.018332641376766257
278.3406,22.804315700000004,10.194452600000002,0.01,0.009036188900194194
278.4407,22.9285899,10.2500082,0.01,0.02754547221688057
278.5407,22.866452799999998,10.2222304,0.01,0.013647303681679084
278.6407,22.9285899,10.2500082,0.01,0.022897329563249202
278.7406,22.804315700000004,10.194452600000002,0.01,0.008994526760445598
278.8407,22.9285899,10.2500082,0.01,0.022874176743789044
278.9407,22.804315700000004,10.194452600000002,0.01,0.008985276743784755
279.0407,22.9285899,10.2500082,0.01,0.022878811011383553
279.1406,22.866452799999998,10.2222304,0.01,0.013614910077116885
279.2406,22.9285899,10.2500082,0.01,0.022874176743786414
279.3407,22.866452799999998,10.2222304,0.01,0.018249168418780763
279.4408,22.866452799999998,10.2222304,0.01,0.013619535085448628
279.5406,22.804315700000004,10.194452600000002,0.01,0.013605632254810552
279.6406,22.9285899,10.2500082,0.01,0.022864898921474808
279.7406,22.9285899,10.2500082,0.01,0.013614882271457938
279.8407,22.990727,10.277786,0.01,0.027517712907751637
279.9407,22.866452799999998,10.2222304,0.01,0.009008429591064954
280.0407,22.990727,10.277786,0.01,0.022888088805965157
280.1406,22.866452799999998,10.2222304,0.01,0.013619553604095799
280.2606,22.990727,10.277786,0.01,0.01671060083464247
280.3406,22.866452799999998,10.2222304,0.01,0.005136517501306848
280.4608,22.990727,10.277786,0.01,0.017469367695426122
280.5606,22.866452799999998,10.2222304,0.01,0.01282117871747315
280.6406,22.866452799999998,10.2222304,0.01,0.008196170392464869
280.7407,22.866452799999998,10.2222304,0.01,0.0035665370591324353
280.8409,22.990727,10.277786,0.01,0.012807322155608675
280.9606,22.9285899,10.2500082,0.01,0.01357389273621554
281.0407,22.990727,10.277786,0.01,0.01935370963176181
281.1407,22.9285899,10.2500082,0.01,0.010094442965094319
281.2406,22.866452799999998,10.2222304,0.01,0.01008980869749485
281.3607,22.990727,10.277786,0.01,0.017799439560662093
281.4406,23.0528641,10.305563800000002,0.01,0.01434370743296401
281.5408,23.0528641,10.305563800000002,0.01,0.023602974099628866
281.6407,23.0528641,10.305563800000002,0.01,0.014343707432958744
281.7608,22.9285899,10.2500082,0.01,0.015902611771660923
281.8407,22.9285899,10.2500082,0.01,0.015902611771660923
281.9419,23.0528641,10.305563800000002,0.01,0.01581129966597186
282.0406,23.0528641,10.305563800000002,0.01,0.01581129966597186
282.1606,22.990727,10.277786,0.01,0.021203288538211264
282.2609,22.9285899,10.2500082,0.01,0.00731896736093455
282.3606,22.990727,10.277786,0.01,0.011962531386344982
282.4606,23.0528641,10.305563800000002,0.01,0.016592164719677404
282.5606,23.0528641,10.305563800000002,0.01,0.02123107587532407
282.6606,23.0528641,10.305563800000002,0.01,0.016606067550315486
282.7606,23.115001200000002,10.333341600000002,0.01,0.021235700883647908
282.8606,22.9285899,10.2500082,0.01,0.002684531665783202
282.9607,22.990727,10.277786,0.01,0.016596668041607057
283.0607,22.990727,10.277786,0.01,0.016596668041607057
283.1606,23.115001200000002,10.333341600000002,0.01,0.02586520324347671
283.2606,23.0528641,10.305563800000002,0.01,0.011939117433566914
283.3607,23.115001200000002,10.333341600000002,0.01,0.01656412575857549
283.4607,22.990727,10.277786,0.01,0.011925251640140735
283.5606,23.0528641,10.305563800000002,0.01,0.02115697041617985
283.6606,22.990727,10.277786,0.01,0.0026661594381305787
283.7607,23.115001200000002,10.333341600000002,0.01,0.025959553236780463
283.8606,23.0528641,10.305563800000002,0.01,0.012148609058373238
283.9606,23.115001200000002,10.333341600000002,0.01,0.01677824239170566
284.0606,23.0528641,10.305563800000002,0.01,0.007509697902729521
284.1606,23.0528641,10.305563800000002,0.01,0.01676896456939377
284.2606,23.0528641,10.305563800000002,0.01,0.01676896456939377
284.3606,23.115001200000002,10.333341600000002,0.01,0.021398597902728824
284.4608,23.115001200000002,10.333341600000002,0.01,0.012148581252712268
284.5606,23.115001200000002,10.333341600000002,0.01,0.016778214586044386
284.6607,23.0528641,10.305563800000002,0.01,0.007523572927701061
284.7608,23.0528641,10.305563800000002,0.01,0.016792108129570115
284.8607,23.0528641,10.305563800000002,0.01,0.0075420914795588136
284.9607,23.115001200000002,10.333341600000002,0.01,0.021430991479563385
285.0606,23.1771383,10.3611194,0.01,0.016805992413830732
285.1606,23.1771383,10.3611194,0.01,0.02144026001476525
285.2606,23.1771383,10.3611194,0.01,0.016810626681430504
285.3607,23.1771383,10.3611194,0.01,0.021435635006436148
285.4606,23.115001200000002,10.333341600000002,0.01,0.016801367405501914
285.5607,23.115001200000002,10.333341600000002,0.01,0.021440278561148277
285.6607,23.115001200000002,10.333341600000002,0.01,0.012181011894484032
285.7607,23.115001200000002,10.333341600000002,0.01,0.012181011894484032
285.8607,23.2392754,10.3888972,0.01,0.01681527023614233
285.9607,23.115001200000002,10.333341600000002,0.01,0.01681527023614262
286.0607,23.115001200000002,10.333341600000002,0.01,0.007556003569478081
286.1609,23.2392754,10.3888972,0.01,0.026065323867818138
286.2607,23.115001200000002,10.333341600000002,0.01,0.009071446000970167
286.3607,23.115001200000002,10.333341600000002,0.01,0.02064552933430578
286.4607,23.2392754,10.3888972,0.01,0.022201579140188454
286.5606,23.115001200000002,10.333341600000002,0.01,0.022210866249612396
286.6609,23.115001200000002,10.333341600000002,0.01,0.022210866249612396
286.7608,23.2392754,10.3888972,0.01,0.03147940145148146
286.8618,23.115001200000002,10.333341600000002,0.01,0.01307102559592954
286.9606,23.115001200000002,10.333341600000002,0.01,0.016938722616257507
287.0612,23.2392754,10.3888972,0.01,0.02036294813290574
287.1607,23.115001200000002,10.333341600000002,0.01,0.01568678582135322
287.2607,23.2392754,10.3888972,0.01,0.029580320088957265
287.3607,23.1771383,10.3611194,0.01,0.0172410558924576
287.4606,23.2392754,10.3888972,0.01,0.016081038971073353
287.5608,23.115001200000002,10.333341600000002,0.01,0.006840253874597408
287.6607,23.2392754,10.3888972,0.01,0.016108789076461197
287.7606,23.1771383,10.3611194,0.01,0.019184152338693857
287.8606,23.1771383,10.3611194,0.01,0.019184152338693857
287.9607,23.2392754,10.3888972,0.01,0.014659687672920193
288.0607,23.3014125,10.416675000000001,0.01,0.019289321006252618
288.1608,23.1771383,10.3611194,-2.1,0.013897332134013214
288.2606,23.2392754,10.3888972,-2.1,0.023152029265064284
288.3609,23.1771383,10.3611194,-2.1,0.013892679264246803
288.4606,23.1771383,10.3611194,-2.1,0.009263045930914374
288.5607,22.990727,10.277786,-2.1,-0.004611979044110762
288.6607,22.866452799999998,10.2222304,-2.1,-0.013871245710775311
288.7606,22.6800415,10.138897,-2.1,-0.03240368184691192
288.8609,21.9965334,9.833341200000001,-2.1,-0.06928842757638261
288.9606,21.5615737,9.638896600000002,-2.1,-0.10641838407926303
289.0607,20.9402027,9.361118600000001,-2.1,-0.1526684673293476
289.1607,19.9460091,8.916673800000002,-2.1,-0.23601113586453365
289.2608,19.3867752,8.666673600000001,-2.1,-0.2730065774562772
289.3606,18.516855800000002,8.277784400000002,-2.1,-0.3425763419603369
289.4606,17.9576219,8.027784200000001,-2.1,-0.37498377529365745
289.5606,17.3362509,7.7500062000000005,-2.1,-0.42591437622791256
289.6606,16.7148799,7.4722282,-2.1,-0.4675810762279267
289.7606,16.2799202,7.2777836,-2.1,-0.5092385262112697
289.8606,15.7206863,7.027783400000001,-2.1,-0.546270958610349
289.9606,15.3478637,6.861116600000001,-2.1,-0.5786783919436752
290.0607,14.9750411,6.694449800000001,-2.1,-0.6017988085603933
290.1607,14.5400814,6.5000052,-2.1,-0.6342062418937194
290.2607,14.1051217,6.305560600000001,-2.1,-0.6666136752270637
290.3607,13.670162,6.111116000000001,-2.1,-0.7036507418937248
290.4608,13.297339399999998,5.9444492,-2.1,-0.7314007918437755
290.5606,12.8002426,5.7222268000000005,-2.1,-0.7685120810889264
290.6617,12.42742,5.555560000000001,-2.1,-0.7913626415077428
290.7611,11.9303232,5.3333376,-2.1,-0.8286232719571047
290.8607,11.433226399999999,5.1111152,-2.1,-0.865809081863393
290.9612,10.9982667,4.916670600000001,-2.1,-0.9026849175184493
291.0608,10.501169899999999,4.6944482,-2.1,-0.9445049950256904
291.1617,10.004073100000001,4.4722258,-2.1,-0.9812117013355592
291.2607,9.5069763,4.250003400000001,-2.1,-1.0186228797867416
291.3607,9.320565,4.166670000000001,-2.1,-1.0325117797867385
291.4606,8.512782699999999,3.8055586000000003,-2.1,-1.088122990997955
291.5608,8.2642343,3.6944474000000005,-2.1,-1.1066045611909074
291.6607,7.8292746,3.5000028000000003,-2.1,-1.1390444343974317
291.7607,7.2700407,3.2500026,-2.1,-1.180711134397446
291.8612,7.0214923,3.1388914000000003,-2.1,-1.2083968023908083
291.9606,6.4622584000000005,2.8888912,-2.1,-1.2410557449796706
292.0608,6.027298699999999,2.6944466,-2.1,-1.2733984928173376
292.1608,5.6544761,2.5277798000000002,-2.1,-1.3104170779138018
292.2608,5.1573793000000006,2.3055574000000005,-2.1,-1.3381763222691672
292.3606,4.7845567,2.1388906000000003,-2.1,-1.3660097892030465
292.4606,4.411734099999999,1.9722238,-2.1,-1.4030468558697098
292.5606,4.1631857000000005,1.8611126000000002,-2.1,-1.4122968540011749
292.6608,3.4796776,1.5555568,-2.1,-1.4631211720317945
292.7608,3.0447179,1.3611122000000002,-2.1,-1.5047971405669895
292.8608,2.6718953,1.1944454,-2.1,-1.5234073498079233
292.9608,2.2369356000000002,1.0000008,-2.1,-1.5558147831412492
293.0607,1.8641130000000001,0.833334,-2.1,-1.5928244311590518
293.1607,1.4912904,0.6666672,-2.1,-1.611296435514158
293.2607,1.1184678000000001,0.5000004,-2.1,-1.648333502180837
293.3607,0.8077823000000001,0.3611114,-2.1,-1.6668520355141658
293.4607,0.0,0.0,-2.1,-2.1
293.5608,0.0,0.0,-2.1,-2.1
293.6607,0.0,0.0,-2.1,-2.1
293.7608,0.0,0.0,-2.1,-2.1
293.8607,0.0,0.0,-2.1,-2.1
293.9608,0.0,0.0,-2.1,-2.1
294.061,0.0,0.0,-2.1,-2.1
294.1607,0.0,0.0,-2.1,-2.1
294.2618,0.0,0.0,-2.1,-2.1
294.3606,0.0,0.0,-2.1,-2.1
294.461,0.0,0.0,-2.1,-2.1
294.5617,0.0,0.0,-2.1,-2.1
294.6614,0.0,0.0,-2.1,-2.1
294.7608,0.0,0.0,-2.1,-2.1
294.8607,0.0,0.0,-2.1,-2.1
294.9606,0.0,0.0,-2.1,-2.1
295.0606,0.0,0.0,-2.1,-2.1
295.1621,0.0,0.0,-2.1,-2.1
295.2607,0.0,0.0,-2.1,-2.1
295.3607,0.0,0.0,-2.1,-2.1
295.4606,0.0,0.0,-2.1,-2.1
295.5619,0.0,0.0,-2.1,-2.1
295.6607,0.0,0.0,-2.1,-2.1
295.7606,0.0,0.0,-2.1,-2.1
295.8607,0.0,0.0,-2.1,-2.1
295.9606,0.0,0.0,-2.1,-2.1
296.0607,0.0,0.0,-2.1,-2.1
296.1606,0.0,0.0,-2.1,-2.1
296.2607,0.0,0.0,-2.1,-2.1
296.3618,0.0,0.0,-2.1,-2.1
296.4607,0.0,0.0,-2.1,-2.1
296.5609,0.0,0.0,-2.1,-2.1
296.6607,0.0,0.0,-2.1,-2.1
296.7606,0.0,0.0,-2.1,-2.1
296.8606,0.0,0.0,-2.1,-2.1
296.9608,0.0,0.0,-2.1,-2.1
297.0607,0.0,0.0,-2.1,-2.1
297.1607,0.0,0.0,-2.1,-2.1
297.2608,0.0,0.0,-2.1,-2.1
297.3607,0.0,0.0,-2.1,-2.1
297.4606,0.0,0.0,-2.1,-2.1
297.5607,0.0,0.0,-2.1,-2.1
297.6607,0.0,0.0,-2.1,-2.1
297.7606,0.0,0.0,-2.1,-2.1
297.8609,0.0,0.0,-2.1,-2.1
297.9607,0.0,0.0,-2.1,-2.1
298.0607,0.0,0.0,-2.1,-2.1
298.1608,0.0,0.0,-2.1,-2.1
298.2612,0.0,0.0,-2.1,-2.1
298.3608,0.0,0.0,-2.1,-2.1
298.4609,0.0,0.0,-2.1,-2.1
298.5608,0.0,0.0,-2.1,-2.1
298.6607,0.0,0.0,-2.1,-2.1
298.7607,0.0,0.0,-2.1,-2.1
298.8607,0.0,0.0,-2.1,-2.1
298.9607,0.0,0.0,-2.1,-2.1
299.0607,0.0,0.0,-2.1,-2.1
299.1608,0.0,0.0,-2.1,-2.1
299.2607,0.0,0.0,-2.1,-2.1
299.3612,0.0,0.0,-2.1,-2.1
299.4606,0.0,0.0,-2.1,-2.1
299.5608,0.0,0.0,-2.1,-2.1
299.6607,0.0,0.0,-2.1,-2.1
299.7607,0.0,0.0,-2.1,-2.1
299.8607,0.0,0.0,-2.1,-2.1
299.9606,0.0,0.0,-2.1,-2.1
300.0606,0.0,0.0,-2.1,-2.1
300.1607,0.0,0.0,-2.1,-2.1
300.2608,0.0,0.0,-2.1,-2.1
300.3607,0.0,0.0,-2.1,-2.1
300.4606,0.0,0.0,-2.1,-2.1
300.5609,0.0,0.0,-2.1,-2.1
300.6609,0.0,0.0,-2.1,-2.1
300.7608,0.0,0.0,-2.1,-2.1
300.8609,0.0,0.0,-2.1,-2.1
300.9608,0.0,0.0,-2.1,-2.1
301.0607,0.0,0.0,-2.1,-2.1
301.1606,0.0,0.0,-2.1,-2.1
301.2617,0.0,0.0,-2.1,-2.1
301.3608,0.0,0.0,-2.1,-2.1
301.4608,0.0,0.0,-2.1,-2.1
301.561,0.0,0.0,-2.1,-2.1
301.6618,0.0,0.0,-2.1,-2.1
301.7607,0.0,0.0,-2.1,-2.1
301.8608,0.0,0.0,-2.1,-2.1
301.9606,0.0,0.0,-2.1,-2.1
302.0618,0.0,0.0,-2.1,-2.1
302.1618,0.0,0.0,-2.1,-2.1
302.2616,0.0,0.0,-2.1,-2.1
302.3611,0.0,0.0,-2.1,-2.1
302.4608,0.0,0.0,-2.1,-2.1
302.5615,0.0,0.0,-2.1,-2.1
302.6606,0.0,0.0,-2.1,-2.1
302.7609,0.0,0.0,-2.1,-2.1
302.8607,0.0,0.0,-2.1,-2.1
302.9607,0.0,0.0,-2.1,-2.1
303.0607,0.0,0.0,-2.1,-2.1
303.1607,0.0,0.0,-2.1,-2.1
303.2607,0.0,0.0,-2.1,-2.1
303.3607,0.0,0.0,-2.1,-2.1
303.4608,0.0,0.0,-2.1,-2.1
303.5609,0.0,0.0,-2.1,-2.1
303.6608,0.0,0.0,-2.1,-2.1
303.7607,0.0,0.0,-2.1,-2.1
303.8608,0.0,0.0,-2.1,-2.1
303.9608,0.0,0.0,-2.1,-2.1
304.0608,0.0,0.0,-2.1,-2.1
304.1609,0.0,0.0,-2.1,-2.1
304.2611,0.0,0.0,-2.1,-2.1
304.3608,0.0,0.0,-2.1,-2.1
304.4608,0.0,0.0,-2.1,-2.1
304.5615,0.0,0.0,-2.1,-2.1
304.6609,0.0,0.0,-2.1,-2.1
304.7608,0.0,0.0,-2.1,-2.1
304.8608,0.0,0.0,-2.1,-2.1
304.9608,0.0,0.0,-2.1,-2.1
305.0608,0.0,0.0,-2.1,-2.1
305.1608,0.0,0.0,-2.1,-2.1
305.2608,0.0,0.0,-2.1,-2.1
305.3608,0.0,0.0,-2.1,-2.1
305.4608,0.0,0.0,-2.1,-2.1
305.5619,0.0,0.0,-2.1,-2.1
305.6609,0.0,0.0,-2.1,-2.1
305.7608,0.0,0.0,-2.1,-2.1
305.8608,0.0,0.0,-2.1,-2.1
305.9608,0.0,0.0,-2.1,-2.1
306.0608,0.0,0.0,-2.1,-2.1
306.1608,0.0,0.0,-2.1,-2.1
306.2609,0.0,0.0,-2.1,-2.1
306.3608,0.0,0.0,-2.1,-2.1
306.4608,0.0,0.0,-2.1,-2.1
306.5616,0.0,0.0,-2.1,-2.1
306.6609,0.0,0.0,-2.1,-2.1
306.7609,0.0,0.0,-2.1,-2.1
306.861,0.0,0.0,-2.1,-2.1
306.9608,0.0,0.0,-2.1,-2.1
307.0608,0.0,0.0,-2.1,-2.1
307.1609,0.0,0.0,-2.1,-2.1
307.2609,0.0,0.0,-2.1,-2.1
307.361,0.0,0.0,-2.1,-2.1
307.4609,0.0,0.0,-2.1,-2.1
307.5608,0.0,0.0,-2.1,-2.1
307.6608,0.0,0.0,-2.1,-2.1
307.761,0.0,0.0,-2.1,-2.1
307.8608,0.0,0.0,-2.1,-2.1
307.9612,0.0,0.0,-2.1,-2.1
308.0609,0.0,0.0,-2.1,-2.1
308.1608,0.0,0.0,-2.1,-2.1
308.2608,0.0,0.0,-2.1,-2.1
308.362,0.0,0.0,-2.1,-2.1
308.4608,0.0,0.0,-2.1,-2.1
308.5611,0.0,0.0,-2.1,-2.1
308.6609,0.0,0.0,-2.1,-2.1
308.7608,0.0,0.0,-2.1,-2.1
308.861,0.0,0.0,-2.1,-2.1
308.9608,0.0,0.0,-2.1,-2.1
309.061,0.0,0.0,-2.1,-2.1
309.1618,0.0,0.0,-2.1,-2.1
309.2609,0.0,0.0,-2.1,-2.1
309.3609,0.0,0.0,-2.1,-2.1
309.4609,0.0,0.0,-2.1,-2.1
309.5618,0.0,0.0,-2.1,-2.1
309.6609,0.0,0.0,-2.1,-2.1
309.7608,0.0,0.0,-2.1,-2.1
309.8609,0.0,0.0,-2.1,-2.1
309.9609,0.0,0.0,-2.1,-2.1
310.0608,0.0,0.0,-2.1,-2.1
310.1608,0.0,0.0,-2.1,-2.1
310.2609,0.0,0.0,-2.1,-2.1
310.3609,0.0,0.0,-2.1,-2.1
310.4609,0.0,0.0,-2.1,-2.1
310.5608,0.0,0.0,-2.1,-2.1
310.6608,0.0,0.0,-2.1,-2.1
310.7608,0.0,0.0,-2.1,-2.1
310.8608,0.0,0.0,-2.1,-2.1
310.9608,0.0,0.0,-2.1,-2.1
311.0608,0.0,0.0,-2.1,-2.1
311.1608,0.0,0.0,-2.1,-2.1
311.2608,0.0,0.0,-2.1,-2.1
311.3609,0.0,0.0,-2.1,-2.1
311.4608,0.0,0.0,-2.1,-2.1
311.5608,0.0,0.0,-2.1,-2.1
311.6608,0.0,0.0,-2.1,-2.1
311.7609,0.0,0.0,-2.1,-2.1
311.8608,0.0,0.0,-2.1,-2.1
311.9608,0.0,0.0,-2.1,-2.1
312.0608,0.0,0.0,-2.1,-2.1
312.1608,0.0,0.0,-2.1,-2.1
312.2608,0.0,0.0,-2.1,-2.1
312.3608,0.0,0.0,-2.1,-2.1
312.4608,0.0,0.0,-2.1,-2.1
312.5608,0.0,0.0,-2.1,-2.1
312.6608,0.0,0.0,-2.1,-2.1
312.7608,0.0,0.0,-2.1,-2.1
312.8609,0.0,0.0,-2.1,-2.1
312.9608,0.0,0.0,-2.1,-2.1
313.0609,0.0,0.0,-2.1,-2.1
313.1608,0.0,0.0,-2.1,-2.1
313.2618,0.0,0.0,-2.1,-2.1
313.3608,0.0,0.0,-2.1,-2.1
313.4608,0.0,0.0,-2.1,-2.1
313.5608,0.0,0.0,-2.1,-2.1
313.6608,0.0,0.0,-2.1,-2.1
313.7608,0.0,0.0,-2.1,-2.1
313.8609,0.0,0.0,-2.1,-2.1
313.9608,0.0,0.0,-2.1,-2.1
314.0608,0.0,0.0,-2.1,-2.1
314.1608,0.0,0.0,-2.1,-2.1
314.2608,0.0,0.0,-2.1,-2.1
314.3608,0.0,0.0,-2.1,-2.1
314.461,0.0,0.0,-2.1,-2.1
314.561,0.0,0.0,-2.1,-2.1
314.6611,0.0,0.0,-2.1,-2.1
314.761,0.0,0.0,-2.1,-2.1
314.861,0.0,0.0,-2.1,-2.1
314.961,0.0,0.0,-2.1,-2.1
315.061,0.0,0.0,-2.1,-2.1
315.1608,0.0,0.0,-2.1,-2.1
315.2608,0.0,0.0,-2.1,-2.1
315.3611,0.0,0.0,-2.1,-2.1
315.4609,0.0,0.0,-2.1,-2.1
315.5608,0.0,0.0,-2.1,-2.1
315.661,0.0,0.0,-2.1,-2.1
315.7608,0.0,0.0,-2.1,-2.1
315.861,0.0,0.0,-2.1,-2.1
315.9609,0.0,0.0,-2.1,-2.1
316.061,0.0,0.0,-2.1,-2.1
316.1609,0.0,0.0,-2.1,-2.1
316.2608,0.0,0.0,-2.1,-2.1
316.3608,0.0,0.0,-2.1,-2.1
316.4608,0.0,0.0,-2.1,-2.1
316.5618,0.0,0.0,-2.1,-2.1
316.661,0.0,0.0,-2.1,-2.1
316.7608,0.0,0.0,-2.1,-2.1
316.8609,0.0,0.0,-2.1,-2.1
316.9608,0.0,0.0,-2.1,-2.1
317.0618,0.0,0.0,-2.1,-2.1
317.1608,0.0,0.0,-2.1,-2.1
317.2611,0.0,0.0,-2.1,-2.1
317.3609,0.0,0.0,-2.1,-2.1
317.4608,0.0,0.0,-2.1,-2.1
317.5621,0.0,0.0,-2.1,-2.1
317.6611,0.0,0.0,-2.1,-2.1
317.7608,0.0,0.0,-2.1,-2.1
317.8608,0.0,0.0,-2.1,-2.1
317.9608,0.0,0.0,-2.1,-2.1
318.0619,0.0,0.0,-2.1,-2.1
318.1608,0.0,0.0,-2.1,-2.1
318.2608,0.0,0.0,-2.1,-2.1
318.361,0.0,0.0,-2.1,-2.1
318.461,0.0,0.0,-2.1,-2.1
318.5608,0.0,0.0,-2.1,-2.1
318.6627,0.0,0.0,-2.1,-2.1
318.7609,0.0,0.0,-2.1,-2.1
318.8608,0.0,0.0,-2.1,-2.1
318.9608,0.0,0.0,-2.1,-2.1
319.0608,0.0,0.0,-2.1,-2.1
319.1608,0.0,0.0,-2.1,-2.1
319.2608,0.0,0.0,-2.1,-2.1
319.3608,0.0,0.0,-2.1,-2.1
319.4608,0.0,0.0,-2.1,-2.1
319.561,0.0,0.0,-2.1,-2.1
319.661,0.0,0.0,-2.1,-2.1
319.7608,0.0,0.0,-2.1,-2.1
319.8608,0.0,0.0,-2.1,-2.1
319.9609,0.0,0.0,-2.1,-2.1
320.0608,0.0,0.0,-2.1,-2.1
320.1608,0.0,0.0,-2.1,-2.1
320.2608,0.0,0.0,-2.1,-2.1
320.3608,0.0,0.0,-2.1,-2.1
320.4608,0.0,0.0,-2.1,-2.1
320.5608,0.0,0.0,-2.1,-2.1
320.661,0.0,0.0,-2.1,-2.1
320.7609,0.0,0.0,-2.1,-2.1
320.8609,0.0,0.0,-2.1,-2.1
320.9608,0.0,0.0,-2.1,-2.1
321.0608,0.0,0.0,-2.1,-2.1
321.1609,0.0,0.0,-2.1,-2.1
321.2608,0.0,0.0,-2.1,-2.1
321.3609,0.0,0.0,-2.1,-2.1
321.4608,0.0,0.0,-2.1,-2.1
321.5608,0.0,0.0,-2.1,-2.1
321.661,0.0,0.0,-2.1,-2.1
321.7608,0.0,0.0,-2.1,-2.1
321.8609,0.0,0.0,-2.1,-2.1
321.9608,0.0,0.0,-2.1,-2.1
322.0608,0.0,0.0,-2.1,-2.1
322.1608,0.0,0.0,-2.1,-2.1
322.2608,0.0,0.0,-2.1,-2.1
322.3608,0.0,0.0,-2.1,-2.1
322.4609,0.0,0.0,-2.1,-2.1
322.5608,0.0,0.0,-2.1,-2.1
322.662,0.0,0.0,-2.1,-2.1
322.7608,0.0,0.0,-2.1,-2.1
322.8609,0.0,0.0,-2.1,-2.1
322.9609,0.0,0.0,-2.1,-2.1
323.0608,0.0,0.0,-2.1,-2.1
323.1609,0.0,0.0,-2.1,-2.1
323.2608,0.0,0.0,-2.1,-2.1
323.3608,0.0,0.0,-2.1,-2.1
323.4608,0.0,0.0,-2.1,-2.1
323.5608,0.0,0.0,-2.1,-2.1
323.661,0.0,0.0,-2.1,-2.1
323.7608,0.0,0.0,-2.1,-2.1
323.8608,0.0,0.0,-2.1,-2.1
323.9608,0.0,0.0,-2.1,-2.1
324.0608,0.0,0.0,-2.1,-2.1
324.1608,0.0,0.0,-2.1,-2.1
324.2619,0.0,0.0,-2.1,-2.1
324.3609,0.0,0.0,-2.1,-2.1
324.4608,0.0,0.0,-2.1,-2.1
324.5608,0.0,0.0,-2.1,-2.1
324.661,0.0,0.0,-2.1,-2.1
324.7608,0.0,0.0,-2.1,-2.1
324.8608,0.0,0.0,-2.1,-2.1
324.9608,0.0,0.0,-2.1,-2.1
325.0608,0.0,0.0,-2.1,-2.1
325.161,0.0,0.0,-2.1,-2.1
325.2608,0.0,0.0,-2.1,-2.1
325.3608,0.0,0.0,-2.1,-2.1
325.4611,0.0,0.0,-2.1,-2.1
325.5608,0.0,0.0,-2.1,-2.1
325.6609,0.0,0.0,-2.1,-2.1
325.7608,0.0,0.0,-2.1,-2.1
325.8608,0.0,0.0,-2.1,-2.1
325.9609,0.0,0.0,-2.1,-2.1
326.0608,0.0,0.0,-2.1,-2.1
326.1608,0.0,0.0,-2.1,-2.1
326.2609,0.0,0.0,-2.1,-2.1
326.3608,0.0,0.0,-2.1,-2.1
326.462,0.0,0.0,-2.1,-2.1
326.5608,0.0,0.0,-2.1,-2.1
326.6611,0.0,0.0,-2.1,-2.1
326.7608,0.0,0.0,-2.1,-2.1
326.8609,0.0,0.0,-2.1,-2.1
326.9608,0.0,0.0,-2.1,-2.1
327.0608,0.0,0.0,-2.1,-2.1
327.1608,0.0,0.0,-2.1,-2.1
327.2608,0.0,0.0,-2.1,-2.1
327.3608,0.0,0.0,-2.1,-2.1
327.4608,0.0,0.0,-2.1,-2.1
327.5608,0.0,0.0,-2.1,-2.1
327.6609,0.0,0.0,-2.1,-2.1
327.7612,0.0,0.0,-2.1,-2.1
327.8608,0.0,0.0,-2.1,-2.1
327.9608,0.0,0.0,-2.1,-2.1
328.0608,0.0,0.0,-2.1,-2.1
328.1608,0.0,0.0,-2.1,-2.1
328.2608,0.0,0.0,-2.1,-2.1
328.3609,0.0,0.0,-2.1,-2.1
328.4608,0.0,0.0,-2.1,-2.1
328.5608,0.0,0.0,-2.1,-2.1
328.661,0.0,0.0,-2.1,-2.1
328.7611,0.0,0.0,-2.1,-2.1
328.861,0.0,0.0,-2.1,-2.1
328.9609,0.0,0.0,-2.1,-2.1
329.0608,0.0,0.0,-2.1,-2.1
329.1609,0.0,0.0,-2.1,-2.1
329.2608,0.0,0.0,-2.1,-2.1
329.3608,0.0,0.0,-2.1,-2.1
329.4608,0.0,0.0,-2.1,-2.1
329.5608,0.0,0.0,-2.1,-2.1
329.661,0.0,0.0,-2.1,-2.1
329.7608,0.0,0.0,-2.1,-2.1
329.8608,0.0,0.0,-2.1,-2.1
329.9609,0.0,0.0,-2.1,-2.1
330.0608,0.0,0.0,-2.1,-2.1
330.1609,0.0,0.0,-2.1,-2.1
330.2608,0.0,0.0,-2.1,-2.1
330.3608,0.0,0.0,-2.1,-2.1
330.4608,0.0,0.0,-2.1,-2.1
330.5609,0.0,0.0,-2.1,-2.1
330.661,0.0,0.0,-2.1,-2.1
330.763,0.0,0.0,-2.1,-2.1
330.8609,0.0,0.0,-2.1,-2.1
330.9608,0.0,0.0,-2.1,-2.1
331.0609,0.0,0.0,-2.1,-2.1
331.1608,0.0,0.0,-2.1,-2.1
331.2608,0.0,0.0,-2.1,-2.1
331.3609,0.0,0.0,-2.1,-2.1
331.4609,0.0,0.0,-2.1,-2.1
331.5609,0.0,0.0,-2.1,-2.1
331.661,0.0,0.0,-2.1,-2.1
331.7609,0.0,0.0,-2.1,-2.1
331.8609,0.0,0.0,-2.1,-2.1
331.9609,0.0,0.0,-2.1,-2.1
332.061,0.0,0.0,-2.1,-2.1
332.1609,0.0,0.0,-2.1,-2.1
332.2609,0.0,0.0,-2.1,-2.1
332.3608,0.0,0.0,-2.1,-2.1
332.4609,0.0,0.0,-2.1,-2.1
332.5619,0.0,0.0,-2.1,-2.1
332.6613,0.0,0.0,-2.1,-2.1
332.7611,0.0,0.0,-2.1,-2.1
332.8623,0.0,0.0,-2.1,-2.1
332.962,0.0,0.0,-2.1,-2.1
333.061,0.0,0.0,-2.1,-2.1
333.1609,0.0,0.0,-2.1,-2.1
333.2608,0.0,0.0,-2.1,-2.1
333.3608,0.0,0.0,-2.1,-2.1
333.4608,0.0,0.0,-2.1,-2.1
333.5608,0.0,0.0,-2.1,-2.1
333.6611,0.0,0.0,-2.1,-2.1
333.7608,0.0,0.0,-2.1,-2.1
333.8608,0.0,0.0,-2.1,-2.1
333.9608,0.0,0.0,-2.1,-2.1
334.0608,0.0,0.0,-2.1,-2.1
334.1609,0.0,0.0,-2.1,-2.1
334.2608,0.0,0.0,-2.1,-2.1
334.3608,0.0,0.0,-2.1,-2.1
334.4608,0.0,0.0,-2.1,-2.1
334.5609,0.0,0.0,-2.1,-2.1
334.661,0.0,0.0,-2.1,-2.1
334.761,0.0,0.0,-2.1,-2.1
334.861,0.0,0.0,-2.1,-2.1
334.9609,0.0,0.0,-2.1,-2.1
335.0619,0.0,0.0,-2.1,-2.1
335.1609,0.0,0.0,-2.1,-2.1
335.261,0.0,0.0,-2.1,-2.1
335.3609,0.0,0.0,-2.1,-2.1
335.4608,0.0,0.0,-2.1,-2.1
335.5609,0.0,0.0,-2.1,-2.1
335.6627,0.0,0.0,-2.1,-2.1
335.7608,0.0,0.0,-2.1,-2.1
335.8608,0.0,0.0,-2.1,-2.1
335.9609,0.0,0.0,-2.1,-2.1
336.0608,0.0,0.0,-2.1,-2.1
336.1608,0.0,0.0,-2.1,-2.1
336.2608,0.0,0.0,-2.1,-2.1
336.3609,0.0,0.0,-2.1,-2.1
336.4608,0.0,0.0,-2.1,-2.1
336.5609,0.0,0.0,-2.1,-2.1
336.6609,0.0,0.0,-2.1,-2.1
336.7618,0.0,0.0,-2.1,-2.1
336.8608,0.0,0.0,-2.1,-2.1
336.9608,0.0,0.0,-2.1,-2.1
337.0609,0.0,0.0,-2.1,-2.1
337.1608,0.0,0.0,-2.1,-2.1
337.2608,0.0,0.0,-2.1,-2.1
337.3608,0.0,0.0,-2.1,-2.1
337.461,0.0,0.0,-2.1,-2.1
337.5608,0.0,0.0,-2.1,-2.1
337.6621,0.0,0.0,-2.1,-2.1
337.7609,0.0,0.0,-2.1,-2.1
337.8608,0.0,0.0,-2.1,-2.1
337.9612,0.0,0.0,-2.1,-2.1
338.061,0.0,0.0,-2.1,-2.1
338.1609,0.0,0.0,-2.1,-2.1
338.2609,0.0,0.0,-2.1,-2.1
338.3724,0.0,0.0,-2.1,-2.1
338.461,0.0,0.0,-2.1,-2.1
338.561,0.0,0.0,-2.1,-2.1
338.661,0.0,0.0,-2.1,-2.1
338.7611,0.0,0.0,-2.1,-2.1
338.8676,0.0,0.0,-2.1,-2.1
338.9611,0.0,0.0,-2.1,-2.1
339.061,0.0,0.0,-2.1,-2.1
339.161,0.0,0.0,-2.1,-2.1
339.2611,0.0,0.0,-2.1,-2.1
339.361,0.0,0.0,-2.1,-2.1
339.461,0.0,0.0,-2.1,-2.1
339.5611,0.0,0.0,-2.1,-2.1
339.6609,0.0,0.0,-2.1,-2.1
339.761,0.0,0.0,-2.1,-2.1
339.861,0.0,0.0,-2.1,-2.1
339.9609,0.0,0.0,-2.1,-2.1
340.0608,0.0,0.0,-2.1,-2.1
340.1611,0.0,0.0,0.5,-2.1
340.2618,0.0,0.0,0.5,-2.1
340.361,0.0,0.0,0.5,-2.1
340.4619,0.0,0.0,0.5,-2.1
340.5618,0.0,0.0,0.5,-2.1
340.6621,0.0,0.0,0.5,-2.1
340.761,0.0,0.0,0.5,-2.1
340.8609,0.0,0.0,0.5,-2.1
340.9609,0.0,0.0,0.5,-2.1
341.061,0.0,0.0,0.5,-2.1
341.1609,0.0,0.0,0.5,-2.1
341.2609,0.0,0.0,0.5,-2.1
341.3609,0.0,0.0,0.5,-2.1
341.4608,0.0,0.0,0.5,-2.1
341.5608,0.0,0.0,0.5,-2.1
341.661,0.0,0.0,0.5,-2.1
341.7608,0.0,0.0,0.5,-2.1
341.8608,0.0,0.0,0.5,-2.1
341.9608,0.0,0.0,0.5,-2.1
342.0608,0.0,0.0,0.5,-2.1
342.1608,0.0,0.0,0.5,-2.1
342.2608,0.0,0.0,0.5,-2.1
342.3608,0.0,0.0,0.5,-2.1
342.4608,0.0,0.0,0.5,-2.1
342.5608,0.0,0.0,0.5,-2.1
342.6608,0.0,0.0,0.5,-2.1
342.7612,0.0,0.0,0.5,-2.1
342.862,0.0,0.0,0.5,-2.1
342.9608,0.0,0.0,0.5,-2.1
343.0611,0.0,0.0,0.5,-2.1
343.1609,0.0,0.0,0.5,-2.1
343.2608,0.0,0.0,0.5,-2.1
343.3611,0.0,0.0,0.5,-2.1
343.4608,0.0,0.0,0.5,-2.1
343.5608,0.0,0.0,0.5,-2.1
343.6608,0.0,0.0,0.5,-2.1
343.7609,1.0563307,0.47222260000000005,0.5,-2.1
343.8608,0.9941936,0.4444448000000001,0.5,-1.6761205707160358
343.9609,1.1184678000000001,0.5000004,0.5,-1.6576297689695427
344.0608,1.242742,0.555556,0.5,-1.6576297689695374
344.1608,1.3048791,0.5833338000000001,0.5,-1.6483658680352702
344.2608,1.3670162000000001,0.6111116000000001,0.5,-1.6437362347019377
344.3608,1.4291532999999998,0.6388894,0.5,-1.6437316096936112
344.4608,1.5534275,0.6944450000000001,0.5,-1.6391019763602794
344.5608,1.6155646000000001,0.7222228,0.5,-1.6252223263769272
344.6608,1.7398388,0.7777784,0.5,-1.6206019708659067
344.7609,1.8019759,0.8055562000000001,0.5,-1.6113611765654914
344.8609,1.8641130000000001,0.833334,0.5,-1.606731543232159
344.9609,1.9883872,0.8888896000000002,0.5,-1.583597251590464
345.0608,2.0505242999999997,0.9166674,0.5,-1.569703717322865
345.1608,2.1126614,0.9444452000000001,0.5,-1.5511712811867284
345.2608,2.2369356000000002,1.0000008,0.5,-1.491138368790588
345.3608,2.2990727,1.0277786000000002,0.5,-1.4540037872793812
345.4608,2.3612098,1.0555564,0.5,-1.4031240706959645
345.5608,2.485484,1.111112,0.5,-1.3197906706959783
345.6608,2.5476210999999997,1.1388898,0.5,-1.27353596243757
345.7608,2.6718953,1.1944454,0.5,-1.1993319395918542
345.8609,2.7340324000000003,1.2222232000000002,0.5,-1.1530402312668548
345.9609,2.8583065999999997,1.2777788,0.5,-1.0974846312668622
346.0609,2.9204437000000003,1.3055566,0.5,-1.046558664600181
346.1608,3.0447179,1.3611122000000002,0.5,-1.0048826960649857
346.2608,3.106855,1.3888900000000002,0.5,-0.9585863627316393
346.361,3.1689920999999996,1.4166678,0.5,-0.9261881701834077
346.4608,3.2932663,1.4722234,0.5,-0.8891602979220692
346.5608,3.3554034,1.5000012000000003,0.5,-0.8521232312554082
346.6608,3.4796776,1.5555568,0.5,-0.8104565312553993
346.7609,3.5418147,1.5833346000000001,0.5,-0.7734240895970649
346.8608,3.6039518,1.6111124000000001,0.5,-0.7410397720460795
346.9608,3.7282260000000003,1.666668,0.5,-0.694669216134264
347.0608,3.7903631,1.6944458,0.5,-0.6625640140571042
347.1608,3.8525002,1.7222236000000002,0.5,-0.6206737502744099
347.2609,3.9767744,1.7777792000000003,0.5,-0.5742379237181048
347.3608,4.0389115,1.805557,0.5,-0.5373574537954491
347.4609,4.1010485999999995,1.8333348,0.5,-0.4955466355641312
347.5609,4.2253228,1.8888904000000002,0.5,-0.44958066258759743
347.6608,4.2874599,1.9166682000000004,0.5,-0.4075352165354803
347.7608,4.349597,1.9444460000000001,0.5,-0.38901668320215116
347.861,4.4738712000000005,2.0000016,0.5,-0.319530419293524
347.9609,4.5360083,2.0277794,0.5,-0.29641458149963695
348.0613,4.5981454,2.0555572000000004,0.5,-0.2593635197140968
348.1611,4.7224196,2.1111128,0.5,-0.20841899740278966
348.261,4.7845567,2.1388906000000003,0.5,-0.18535832847515968
348.3609,4.8466938,2.1666684000000003,0.5,-0.1388058516186929
348.4608,4.970968,2.222224,0.5,-0.0971945685791567
348.5608,5.0331051,2.2500018,0.5,-0.06478713524582809
348.6608,5.1573793000000006,2.3055574000000005,0.5,-0.01849080191250523
348.7608,5.2195164,2.3333352000000005,0.5,0.013972298354706127
348.8608,5.3437906,2.3888908,0.5,0.05100936502136956
348.961,5.4059276999999994,2.4166686,0.5,0.07414829090293416
349.0608,5.4680648000000005,2.4444464000000004,0.5,0.12961152008920018
349.1609,5.592339,2.5000020000000003,0.5,0.1712689700725377
349.2608,5.716613199999999,2.5555576,0.5,0.20831530527441658
349.3608,5.840887400000001,2.6111132,0.5,0.2499820052744123
349.4608,5.9030245,2.638891,0.5,0.2824172442133527
349.5608,6.027298699999999,2.6944466,0.5,0.31945431088001613
349.6608,6.151572900000001,2.7500022000000004,0.5,0.3564913775466903
349.7609,6.2758471,2.8055578000000003,0.5,0.38888956086336857
349.8618,6.4001213,2.8611134000000003,0.5,0.40270050504177046
349.9608,6.4622584000000005,2.8888912,0.5,0.39812688569815147
350.0608,6.648669699999999,2.9722246,0.5,0.4027472504962868
350.1608,6.7729439000000005,3.0277802000000005,0.5,0.4073768838296191
350.2608,6.835081,3.0555580000000004,0.5,0.4073768838296192
350.3608,7.0214923,3.1388914000000003,0.5,0.41663615049628905
350.4608,7.1457665,3.1944470000000003,0.5,0.4166361504962889
350.5609,7.2700407,3.2500026,0.5,0.42125653381297085
350.661,7.3943149,3.3055582000000006,0.5,0.4212472837963232
350.7608,7.5185891,3.3611138,0.5,0.42590009778260246
350.8608,7.6428633,3.4166694000000004,0.5,0.4305297311159401
350.9608,7.7671375000000005,3.4722250000000003,0.5,0.43052973111593484
351.0608,7.8914117,3.5277806000000003,0.5,0.43515473018166995
351.1608,8.015685900000001,3.5833362000000006,0.5,0.4397843635150023
351.2608,8.1399601,3.6388918,0.5,0.4397843635150023
351.3608,8.2642343,3.6944474000000005,0.5,0.4444139968483372
351.4608,8.326371400000001,3.7222252000000005,0.5,0.44441399684833727
351.5608,8.4506456,3.7777808000000004,0.5,0.44441399684833716
351.6608,8.5749198,3.8333364000000008,0.5,0.44904363018166954
351.7608,8.699194,3.8888920000000002,0.5,0.44904363018166943
351.8608,8.823468199999999,3.9444476,0.5,0.45367788852333085
351.9608,8.947742400000001,4.0000032,0.5,0.4536778885233254
352.0608,9.0720166,4.0555588,0.5,0.458307521856663
352.1608,9.1962908,4.111114400000001,0.5,0.45829825332145824
352.2608,9.320565,4.166670000000001,0.5,0.4629278866547905
352.3613,9.4448392,4.2222256,0.5,0.46752069476990127
352.4608,9.5691134,4.277781200000001,0.5,0.4675486681035067
352.5609,9.6933876,4.3333368000000005,0.5,0.4721690514201888
352.6609,9.7555247,4.3611146000000005,0.5,0.46753941808685656
352.7609,9.941936,4.444448,0.5,0.47680330976185276
352.8808,10.0662102,4.5000036,0.5,0.47989153312560895
352.9808,10.190484399999999,4.5555592,0.5,0.47989153312561417
353.0808,10.314758600000001,4.611114800000001,0.5,0.4845211664589439
353.1808,10.4390328,4.666670400000001,0.5,0.4891507997922815
353.2811,10.563307,4.722226,0.5,0.4891323550930782
353.3609,10.6875812,4.7777816,0.5,0.4961011785531243
353.4808,10.811855399999999,4.8333372,0.5,0.4991986611928104
353.5808,10.936129600000001,4.888892800000001,0.5,0.49919866119281053
353.6808,11.060403800000001,4.944448400000001,0.5,0.5038236602585455
353.7811,11.184678,5.000004000000001,0.5,0.5084255988760271
353.8808,11.3089522,5.0555596000000005,0.5,0.5084719418303663
353.9808,11.371089300000001,5.0833374000000005,0.5,0.5084673075627665
354.0808,11.4953635,5.138893,0.5,0.5131153856504153
354.181,11.6196377,5.1944486,0.5,0.5130783484355985
354.2809,11.806049,5.277782,0.5,0.5223468836374706
354.3808,11.8681861,5.305559800000001,0.5,0.5223468836374681
354.4808,11.992460300000001,5.361115400000001,0.5,0.5223376151022685
354.5809,12.1167345,5.416671000000001,0.5,0.5269579984189504
354.6808,12.2410087,5.4722266,0.5,0.5269672669541551
354.7808,12.303145800000001,5.500004400000001,0.5,0.5269672669541552
354.8608,12.42742,5.555560000000001,0.5,0.5292820836208211
354.9808,12.613831300000001,5.638893400000001,0.5,0.5362357744059184
355.0808,12.675968399999999,5.6666712,0.5,0.536226496583604
355.1808,12.8002426,5.7222268000000005,0.5,0.5362357466002624
355.2808,12.924516800000001,5.7777824,0.5,0.5362264780650576
355.3808,13.048791,5.833338,0.5,0.5362264780650523
355.4809,13.1730652,5.8888936,0.5,0.5408468613817369
355.5808,13.235202300000001,5.916671400000001,0.5,0.5362218623160018
355.681,13.4837507,6.0277826,0.5,0.5454441658422895
355.7809,13.4837507,6.0277826,0.5,0.5361941491922727
355.8609,13.608024899999998,6.0833382,0.5,0.5385915559481329
355.9809,13.7322991,6.138893800000001,0.5,0.5416312141972904
356.0811,13.8565733,6.194449400000001,0.5,0.5369830992937621
356.1808,13.9808475,6.250005000000001,0.5,0.5370109606779181
356.2608,14.0429846,6.277782800000001,0.5,0.5381683690112494
356.3619,14.1672588,6.333338400000001,0.5,0.5334379919258532
356.4808,14.2293959,6.3611162000000006,0.5,0.528072445472253
356.581,14.4158072,6.4444496000000004,0.5,0.5326836064669426
356.681,14.4779443,6.4722274,0.5,0.5280632231502606
356.7808,14.6022185,6.527783,0.5,0.5280632231502607
356.8808,14.7264927,6.5833386,0.5,0.5280632231502552
356.9809,14.7886298,6.611116400000001,0.5,0.5234289648085994
357.0808,14.912904000000001,6.666672,0.5,0.5234382333437988
357.1608,15.0371782,6.7222276,0.5,0.5257530500104697
357.2809,15.1614524,6.7777832,0.5,0.5242034142069761
357.3807,15.223589500000001,6.805561000000001,0.5,0.5195830586959502
357.4808,15.3478637,6.861116600000001,0.5,0.5242034420126348
357.5608,15.4721379,6.9166722,0.5,0.5265182586793005
357.6808,15.5964121,6.972227800000001,0.5,0.5249750475681912
357.7808,15.7206863,7.027783400000001,0.5,0.5249750475681912
357.8808,15.7828234,7.0555612000000005,0.5,0.5203454142348537
357.9811,15.9070976,7.111116800000001,0.5,0.5203177195190031
358.061,16.031371800000002,7.166672400000001,0.5,0.5226470218969793
358.1808,16.217783100000002,7.250005800000001,0.5,0.5249811609064416
358.2808,16.2799202,7.2777836,0.5,0.5203515275731093
358.3808,16.404194399999998,7.3333392,0.5,0.520397593576425
358.4608,16.4663315,7.361117000000001,0.5,0.5168788395981997
358.5808,16.5284686,7.388894800000001,0.5,0.5114868507259603
358.6808,16.777017,7.500006000000001,0.5,0.5253757507259678
358.7808,16.777017,7.500006000000001,0.5,0.5114868507259632
358.8808,16.9634283,7.583339400000001,0.5,0.5176532597612691
358.9608,16.9634283,7.583339400000001,0.5,0.5083939930945991
359.061,17.1498396,7.6666728000000015,0.5,0.512995904072649
359.1808,17.2119767,7.694450600000001,0.5,0.5076011059646881
359.2808,17.3362509,7.7500062000000005,0.5,0.5076288006805388
359.3809,17.4605251,7.805561800000001,0.5,0.5052757262695751
359.4608,17.5847993,7.861117400000001,0.5,0.5091418043495184
359.582,17.7090735,7.916673,0.5,0.5075221966487509
359.6808,17.7712106,7.944450800000001,0.5,0.5029487936797878
359.7808,18.019759,8.055562,0.5,0.512235755062303
359.8808,18.0818961,8.083339800000001,0.5,0.50757826034482
359.9614,18.1440332,8.1111176,0.5,0.5086925889635112
360.0608,18.2061703,8.138895400000001,0.5,0.5040909011030197
360.1608,18.3925816,8.222228800000002,0.5,0.5087390160065405
360.2808,18.516855800000002,8.277784400000002,0.5,0.5025522687592917
360.3808,18.64113,8.333340000000002,0.5,0.507177267825024
360.4808,18.7654042,8.3888956,0.5,0.5071772678250237
360.5809,18.9518155,8.472229,0.5,0.5118022761500323
360.6808,19.0139526,8.500006800000001,0.5,0.5071680085490979
360.762,19.0760897,8.5277846,0.5,0.508239894099179
360.8808,19.1382268,8.555562400000001,0.5,0.5005628085211741
360.9809,19.3867752,8.666673600000001,0.5,0.5074887584878749
361.0808,19.3867752,8.666673600000001,0.5,0.5028591251545428
361.1808,19.5731865,8.750007,0.5,0.5074887584878773
361.2812,19.6974607,8.8055626,0.5,0.507451868979244
361.3808,19.8217349,8.8611182,0.5,0.5074890547891514
361.4808,19.883872,8.888896,0.5,0.5028686714724697
361.5808,20.0702833,8.9722294,0.5,0.5121233038715316
361.6809,20.194557500000002,9.027785000000002,0.5,0.5028917503285963
361.7808,20.3188317,9.083340600000001,0.5,0.5121602855304658
361.8808,20.4431059,9.1388962,0.5,0.5098454688638026
361.9808,20.505243,9.166674,0.5,0.5067590466415822
362.0808,20.7537914,9.2777852,0.0,0.5160367948784352
362.1808,20.7537914,9.2777852,0.0,0.5067496668276147
362.2808,20.8780656,9.333340800000002,0.0,0.5102218918276157
362.3808,20.815928500000002,9.305563000000001,0.0,0.49643373557967496
362.4808,21.0644769,9.416674200000001,0.0,0.5110585486999504
362.5807,21.002339799999998,9.3888964,0.0,0.492563103454309
362.6809,21.002339799999998,9.3888964,0.0,0.48793347012097416
362.781,21.0644769,9.416674200000001,0.0,0.48328065613469495
362.881,21.002339799999998,9.3888964,0.0,0.4693917561346953
362.9808,21.0644769,9.416674200000001,0.0,0.46940565896533076
363.0808,21.002339799999998,9.3888964,0.0,0.45550749043012917
363.1808,21.0644769,9.416674200000001,0.0,0.4485630404301286
363.2808,21.002339799999998,9.3888964,0.0,0.43622377623362535
363.3811,21.126614,9.444452,0.0,0.4408164370287952
363.4808,21.002339799999998,9.3888964,0.0,0.4222792923279577
363.5808,21.126614,9.444452,0.0,0.4199644756612867
363.6808,21.002339799999998,9.3888964,0.0,0.40298915343906155
363.7808,21.002339799999998,9.3888964,0.0,0.393729886772397
363.8808,21.002339799999998,9.3888964,0.0,0.38910025343906474
363.9809,21.126614,9.444452,0.0,0.38911869813826766
364.0808,21.0644769,9.416674200000001,0.0,0.37289586149268705
364.182,21.002339799999998,9.3888964,0.0,0.3567277193211714
364.2811,21.002339799999998,9.3888964,0.0,0.35209808598783926
364.3809,21.002339799999998,9.3888964,0.0,0.3428388193211746
364.4818,21.002339799999998,9.3888964,0.0,0.3370517776545067
364.5808,21.002339799999998,9.3888964,0.0,0.33319374987672906
364.6809,21.126614,9.444452,0.0,0.3239252331934063
364.7808,21.002339799999998,9.3888964,0.0,0.314656697991537
364.881,21.126614,9.444452,0.0,0.3100085830880165
364.9809,21.002339799999998,9.3888964,0.0,0.3007400478861524
365.0809,21.126614,9.444452,0.0,0.29613813690810775
365.1815,21.002339799999998,9.3888964,0.0,0.2830696259372092
365.2808,21.126614,9.444452,0.0,0.28313489770626415
365.3815,21.002339799999998,9.3888964,0.0,0.2646899787060334
365.4821,21.126614,9.444452,0.0,0.26230545207359046
365.5808,21.002339799999998,9.3888964,0.0,0.24528457054774802
365.6809,21.126614,9.444452,0.0,0.24984872350005813
365.7823,21.002339799999998,9.3888964,0.0,0.2221987634737652
365.8812,21.0644769,9.416674200000001,0.0,0.22225025585664657
365.9811,21.126614,9.444452,0.0,0.22114056150555245
366.0812,21.126614,9.444452,0.0,0.2164829826993794
366.1812,21.126614,9.444452,0.0,0.20259408269938242
366.2811,21.0644769,9.416674200000001,0.0,0.1902437595428927
366.381,21.1887511,9.472229800000001,0.0,0.19025302807809746
366.481,21.002339799999998,9.3888964,0.0,0.16710486141143102
366.581,21.1887511,9.472229800000001,0.0,0.16711873643640254
366.681,21.002339799999998,9.3888964,0.0,0.14859556883546285
366.781,21.1887511,9.472229800000001,0.0,0.15678294995204622
366.881,21.0644769,9.416674200000001,0.0,0.1436266855300459
366.9811,21.1887511,9.472229800000001,0.0,0.1343766688800238
367.0811,21.002339799999998,9.3888964,0.0,0.12048776888001894
367.1811,21.1887511,9.472229800000001,0.0,0.12048776888001136
367.2811,21.0644769,9.416674200000001,0.0,0.10200612505531033
367.3811,21.0644769,9.416674200000001,0.0,0.09270967257873826
367.4811,21.0644769,9.416674200000001,0.0,0.08808003924540322
367.5811,21.1887511,9.472229800000001,0.0,0.08345040591207634
367.6812,21.1887511,9.472229800000001,0.0,0.07420038926205917
367.7811,21.126614,9.444452,0.0,0.06029758645925498
367.8811,21.0644769,9.416674200000001,0.0,0.046408686459258594
367.9811,21.0644769,9.416674200000001,0.0,0.04177905312592354
368.0811,21.1887511,9.472229800000001,0.0,0.032519786459264254
368.1811,21.0644769,9.416674200000001,0.0,0.023260519792599705
368.2811,21.1887511,9.472229800000001,0.0,0.02326051979260469
368.3811,21.1887511,9.472229800000001,0.0,0.027890153125937102
368.4813,21.1887511,9.472229800000001,0.0,0.009371619792597477
368.5811,21.0644769,9.416674200000001,0.0,0.004728065082244566
368.6811,21.1887511,9.472229800000001,0.0,0.013987331748909116
368.7811,21.0644769,9.416674200000001,0.0,0.00010305675723072579
368.8811,21.1887511,9.472229800000001,0.0,0.01399195675723033
368.9811,21.126614,9.444452,0.0,0.00472341226825389
369.0811,21.250888200000002,9.500007600000002,0.0,0.018612312268256423
369.1811,21.0644769,9.416674200000001,0.0,9.377893492439708e-05
369.2811,21.1887511,9.472229800000001,0.0,0.01398267893492663
369.3811,21.0644769,9.416674200000001,0.0,-0.004508159682551734
369.4811,21.1887511,9.472229800000001,0.0,0.01403823503493338
369.5811,21.0644769,9.416674200000001,0.0,-0.004480298298400981
369.6811,21.1887511,9.472229800000001,0.0,0.014038235034933379
369.7811,21.1887511,9.472229800000001,0.0,0.014038235034933379
369.8811,21.1887511,9.472229800000001,0.0,0.014038235034933379
369.9811,21.126614,9.444452,0.0,0.00015858505158410362
370.0811,21.0644769,9.416674200000001,0.0,0.00016321931918387433
370.1811,21.1887511,9.472229800000001,0.0,0.01399722248123697
370.2811,21.1887511,9.472229800000001,0.0,0.01399722248123697
370.3811,21.1887511,9.472229800000001,0.0,0.01399722248123697
370.4811,21.126614,9.444452,0.0,0.009367589147904549
370.5811,21.126614,9.444452,0.0,0.009367589147904549
370.6811,21.126614,9.444452,0.0,0.00011757249788769593
370.7811,21.1887511,9.472229800000001,0.0,0.014015741033092104
370.8812,21.250888200000002,9.500007600000002,0.0,0.009399964261624445
370.9811,21.250888200000002,9.500007600000002,0.0,0.018668499463488527
371.0811,21.250888200000002,9.500007600000002,0.0,0.009409232796818717
371.1811,21.126614,9.444452,0.0,0.009354008542343462
371.2813,21.126614,9.444452,0.0,2.9470106624076194e-05
371.3811,21.250888200000002,9.500007600000002,0.0,0.018502194768125653
371.4811,21.250888200000002,9.500007600000002,0.0,0.009298152355930863
371.5813,21.1887511,9.472229800000001,0.0,0.01405898236763778
371.6811,21.126614,9.444452,0.0,0.00017005456197691227
371.7811,21.126614,9.444452,0.0,0.009301481254940935
371.8813,21.126614,9.444452,0.0,0.004620355538727136
371.9811,21.250888200000002,9.500007600000002,0.0,0.009263910249083275
372.0811,21.250888200000002,9.500007600000002,0.0,0.009263910249083275
372.1811,21.126614,9.444452,0.0,4.643582418430622e-06
372.2811,21.250888200000002,9.500007600000002,0.0,0.013898177850023072
372.3811,21.126614,9.444452,0.0,-0.004629624018511132
372.4822,21.250888200000002,9.500007600000002,0.0,0.018417798896094472
372.5812,21.1887511,9.472229800000001,0.0,-0.00014749841029775278
372.6813,21.126614,9.444452,0.0,0.009116393264698526
372.781,21.1887511,9.472229800000001,0.0,-0.0001289427098880025
372.8811,21.126614,9.444452,0.0,0.004505315631773236
372.9811,21.250888200000002,9.500007600000002,0.0,0.004514565648426476
373.0811,21.3130253,9.5277854,0.0,0.023033098981766097
373.1812,21.3130253,9.5277854,0.0,0.009144198981769132
373.2811,21.1887511,9.472229800000001,0.0,0.009134930446569585
373.3811,21.1887511,9.472229800000001,0.0,0.009134930446569585
373.4811,21.1887511,9.472229800000001,0.0,0.009134930446569585
373.5611,21.3130253,9.5277854,0.0,0.011449747113235395
373.6811,21.3130253,9.5277854,0.0,0.011449747113235395
373.7811,21.250888200000002,9.500007600000002,0.0,0.011454381380835462
373.881,21.1887511,9.472229800000001,0.0,0.01144974711323276
373.9812,21.3130253,9.5277854,0.0,0.020690532209703755
374.0811,21.1887511,9.472229800000001,0.0,0.002162730341164587
374.1811,21.250888200000002,9.500007600000002,0.0,0.016051630341161558
374.2811,21.1887511,9.472229800000001,0.0,0.0021627303411566887
374.3811,21.3130253,9.5277854,0.0,0.011421997007821238
374.4811,21.3130253,9.5277854,0.0,0.011421997007821238
374.5811,21.1887511,9.472229800000001,0.0,0.011440552652439163
374.6811,21.1887511,9.472229800000001,0.0,0.002181285985774615
374.7811,21.250888200000002,9.500007600000002,0.0,0.01607018598577948
374.8811,21.3130253,9.5277854,0.0,0.01144055265244706
374.9812,21.250888200000002,9.500007600000002,0.0,0.0114451776607712
375.0835,21.250888200000002,9.500007600000002,0.0,0.0021859109941010906
375.1815,21.1887511,9.472229800000001,0.0,0.011350695347840053
375.2813,21.3130253,9.5277854,0.0,0.011369250992463258
375.3813,21.3130253,9.5277854,0.0,0.020628517659127803
375.4811,21.3751624,9.5555632,0.0,0.016008162148106977
375.5811,21.250888200000002,9.500007600000002,0.0,0.016008162148107276
375.6813,21.250888200000002,9.500007600000002,0.0,0.006748895481442727
375.7811,21.1887511,9.472229800000001,0.0,0.0021099843257960686
375.8811,21.250888200000002,9.500007600000002,0.0,0.006739617659128491
375.9811,21.3130253,9.5277854,0.0,0.015998884325793036
376.0813,21.3751624,9.5555632,0.0,0.025248910207365766
376.1811,21.3130253,9.5277854,0.0,0.0113507323850575
376.2811,21.250888200000002,9.500007600000002,0.0,0.006721099051722743
376.3811,21.3751624,9.5555632,0.0,0.015980365718386996
376.4814,21.250888200000002,9.500007600000002,0.0,0.011378427100905891
376.5811,21.3130253,9.5277854,0.0,0.016021991126316026
376.6811,21.250888200000002,9.500007600000002,0.0,0.0113923577929839
376.7811,21.3751624,9.5555632,0.0,0.016021991126318365
376.8811,21.250888200000002,9.500007600000002,0.0,0.00213771613464554
376.9811,21.3751624,9.5555632,0.0,0.011396982801309793
377.0811,21.250888200000002,9.500007600000002,0.0,0.0021377161346402755
377.1811,21.3751624,9.5555632,0.0,0.020656249467969363
377.2811,21.3751624,9.5555632,0.0,0.020656249467969363
377.3811,21.3751624,9.5555632,0.0,0.011378427156681338
377.4811,21.250888200000002,9.500007600000002,0.0,0.0021191604900170856
377.5817,21.250888200000002,9.500007600000002,0.0,0.006739553038255351
377.6811,21.3751624,9.5555632,0.0,0.020693621806239505
377.7811,21.250888200000002,9.500007600000002,0.0,0.011434355139569986
377.8811,21.3130253,9.5277854,0.0,0.016063988472902115
377.9811,21.250888200000002,9.500007600000002,0.0,0.0021565328282819557
378.0811,21.3751624,9.5555632,0.0,0.011415799494951473
378.1811,21.250888200000002,9.500007600000002,0.0,0.011415799494952058
378.2811,21.250888200000002,9.500007600000002,0.0,0.002156532828281958
378.3811,21.250888200000002,9.500007600000002,0.0,0.011415799494946794
378.4811,21.3130253,9.5277854,0.0,0.00688690991367029
378.5811,21.3751624,9.5555632,0.0,0.016192940553400304
378.6813,21.250888200000002,9.500007600000002,0.0,0.011577163781938174
378.7811,21.3751624,9.5555632,0.0,0.016211422067820468
378.8811,21.250888200000002,9.500007600000002,0.0,0.011577163726164786
378.9812,21.3751624,9.5555632,0.0,0.01156791370951651
379.0811,21.250888200000002,9.500007600000002,0.0,-0.0023302548256873123
379.1611,21.3751624,9.5555632,0.0,0.009243828507647937
379.2811,21.3751624,9.5555632,0.0,0.018512363709517293
379.3811,21.3751624,9.5555632,0.0,0.018512363709517293
379.4811,21.250888200000002,9.500007600000002,0.0,0.009253097042853039
379.5811,21.3751624,9.5555632,0.0,0.006938280376186942
379.6813,21.3130253,9.5277854,0.0,0.0023178878279515895
379.7811,21.3751624,9.5555632,0.0,0.011586432316932712
379.8821,21.3130253,9.5277854,0.0,0.011636904538329692
379.9811,21.3751624,9.5555632,0.0,0.007072516748253658
380.0812,21.3130253,9.5277854,0.0,0.011716043625114731
380.1814,21.3130253,9.5277854,0.0,0.0070864102917823114
380.2812,21.3751624,9.5555632,0.0,0.016354954780761086
380.381,21.3130253,9.5277854,0.0,0.002456776958450177
380.4818,21.3751624,9.5555632,0.0,0.00704966717008799
380.5811,21.3130253,9.5277854,0.0,0.011646664618898255
380.6812,21.3751624,9.5555632,0.0,0.016271672943906534
380.7811,21.3130253,9.5277854,0.0,0.007007772009636955
380.8811,21.4372995,9.583341,0.0,0.011637405342969373
380.9811,21.4372995,9.583341,0.0,0.016262413667977656
381.0811,21.3751624,9.5555632,0.0,0.0116327803346426
381.181,21.3751624,9.5555632,0.0,0.01635689598090061
381.2812,21.3130253,9.5277854,0.0,0.00245868112137224
381.3811,21.4372995,9.583341,0.0,0.011727216323241597
381.4811,21.3130253,9.5277854,0.0,-0.002170961499066672
381.5811,21.4372995,9.583341,0.0,0.01634757183427266
381.6811,21.3130253,9.5277854,0.0,0.007088305167608109
381.7811,21.4372995,9.583341,0.0,0.020986482989924574
381.8811,21.3130253,9.5277854,0.0,0.0070975829899276085
381.9811,21.4372995,9.583341,0.0,0.011727216323260034
382.0811,21.4372995,9.583341,0.0,0.007106823775022059
382.1811,21.4372995,9.583341,0.0,0.01174573493066578
382.2812,21.3130253,9.5277854,0.0,0.007125351613983681
382.3811,21.3130253,9.5277854,0.0,-0.00213391505268057
382.4811,21.3751624,9.5555632,0.0,0.01172729023146508
382.5811,21.3130253,9.5277854,0.0,0.002454092872720186
382.6811,21.4372995,9.583341,0.0,0.01634299287271686
382.7811,21.3751624,9.5555632,0.0,0.0024540928727122898
382.8811,21.4372995,9.583341,0.0,0.016342992872708965
382.9811,21.3751624,9.5555632,0.0,0.0024540928727122898
383.0811,21.3751624,9.5555632,0.0,0.011713359539381806
383.1811,21.4372995,9.583341,0.0,0.007083726206049975
383.2811,21.3751624,9.5555632,0.0,0.00245409287271492
383.3812,21.499436600000003,9.611118800000002,0.0,0.011704109522732072
383.4811,21.3130253,9.5277854,0.0,0.007060573386600054
383.5814,21.499436600000003,9.611118800000002,0.0,0.020907931312828774
383.6812,21.3130253,9.5277854,0.0,-0.002323959766443114
383.7813,21.499436600000003,9.611118800000002,0.0,0.020810331875251838
383.8811,21.3751624,9.5555632,0.0,0.0069028762306316774
383.9811,21.3751624,9.5555632,0.0,0.011532509563963806
384.0811,21.4372995,9.583341,0.0,0.006902876230629341
384.1811,21.3751624,9.5555632,0.0,0.011532509563961171
384.2811,21.3751624,9.5555632,0.0,0.011532509563961171
384.3811,21.3751624,9.5555632,0.0,0.011532509563961171
384.4811,21.4372995,9.583341,0.0,0.011532509563961464
384.5811,21.4372995,9.583341,0.0,0.00690287623062671
384.6811,21.499436600000003,9.611118800000002,0.0,0.02077329466042983
384.7813,21.3751624,9.5555632,0.0,0.0022546872526605756
384.8812,21.499436600000003,9.611118800000002,0.0,0.020782489121194476
384.9811,21.3751624,9.5555632,0.0,0.0022639372693135412
385.0813,21.4372995,9.583341,0.0,0.016152865019420867
385.1811,21.3751624,9.5555632,0.0,-6.0129469558395374e-05
385.2814,21.499436600000003,9.611118800000002,0.0,0.00917144248125572
385.3811,21.3751624,9.5555632,0.0,-0.00011568556956514745
385.4811,21.3751624,9.5555632,0.0,0.009143581097099103
385.5811,21.499436600000003,9.611118800000002,0.0,0.0091435810970997
385.6811,21.499436600000003,9.611118800000002,0.0,0.013763973645335046
385.7824,21.499436600000003,9.611118800000002,0.0,0.009125062489688689
385.8811,21.4372995,9.583341,0.0,0.009018246589253784
385.9815,21.4372995,9.583341,0.0,0.004341849282858826
386.0811,21.4372995,9.583341,0.0,0.008966857607867104
386.1811,21.3751624,9.5555632,0.0,0.004337224274534681
386.2811,21.499436600000003,9.611118800000002,0.0,0.008957579785561073
386.3811,21.499436600000003,9.611118800000002,0.0,0.013596490941207429
386.4812,21.499436600000003,9.611118800000002,0.0,0.00900360072956962
386.5812,21.499436600000003,9.611118800000002,0.0,0.013665869947429162
386.6812,21.4372995,9.583341,0.0,0.0044112282890858305
386.7812,21.4372995,9.583341,0.0,0.009045495890020357
386.8812,21.5615737,9.638896600000002,0.0,0.00904549589002592
386.9812,21.499436600000003,9.611118800000002,0.0,0.004415862556693497
387.0811,21.4372995,9.583341,0.0,0.004411228289093729
387.1811,21.4372995,9.583341,0.0,0.004411228289093729
387.2821,21.4372995,9.583341,0.0,0.009031620837329075
387.3811,21.5615737,9.638896600000002,0.0,0.009115880248255607
387.4813,21.4372995,9.583341,0.0,0.00913436181844362
387.5813,21.5615737,9.638896600000002,0.0,0.00913436181843865
387.6821,21.4372995,9.583341,0.0,0.009207848061821806
387.7817,21.5615737,9.638896600000002,0.0,0.009245033871724356
387.8811,21.4372995,9.583341,0.0,0.009189142926048171
387.9811,21.5615737,9.638896600000002,0.0,0.00918914292604847
388.0816,21.499436600000003,9.611118800000002,0.0,0.004582542594371265
388.1818,21.499436600000003,9.611118800000002,0.0,0.004582542594371265
388.2811,21.4372995,9.583341,0.0,0.009170290026528282
388.3811,21.499436600000003,9.611118800000002,0.0,0.013799923359860706
388.4811,21.5615737,9.638896600000002,0.0,0.013799923359860997
388.5811,21.499436600000003,9.611118800000002,0.0,0.013799923359860699
388.6811,21.499436600000003,9.611118800000002,0.0,0.004540656693196152
388.7813,21.5615737,9.638896600000002,0.0,0.013790682574769479
388.8813,21.5615737,9.638896600000002,0.0,0.009161049241437054
388.9811,21.5615737,9.638896600000002,0.0,0.013790682574769479
389.0811,21.4372995,9.583341,0.0,0.00453141590809937
389.1811,21.5615737,9.638896600000002,0.0,0.00916104924143179
389.2813,21.5615737,9.638896600000002,0.0,0.013790682574766846
389.3811,21.499436600000003,9.611118800000002,0.0,-9.824523089432638e-05
389.4821,21.499436600000003,9.611118800000002,0.0,0.013804557571901955
389.5811,21.499436600000003,9.611118800000002,0.0,-4.280035432677372e-05
389.6811,21.5615737,9.638896600000002,0.0,0.018503566445937404
389.7823,21.499436600000003,9.611118800000002,0.0,5.380497552341749e-05
389.8811,21.5615737,9.638896600000002,0.0,0.01401749098451821
389.9811,21.499436600000003,9.611118800000002,0.0,0.009387857651185789
390.0811,21.623710799999998,9.6666744,0.0,0.014017490984520245
390.1811,21.499436600000003,9.611118800000002,0.0,0.00938785765118842
390.2811,21.623710799999998,9.6666744,0.0,0.01864712431785794
390.3811,21.4372995,9.583341,0.0,0.004758224317861265
390.4811,21.623710799999998,9.6666744,0.0,0.01401749098452551
390.5811,21.4372995,9.583341,0.0,0.0001285909845209395
390.6811,21.499436600000003,9.611118800000002,0.0,0.00012859098452094135
390.7813,21.499436600000003,9.611118800000002,0.0,0.00936937608099748
390.8812,21.5615737,9.638896600000002,0.0,0.004735108480062652
390.9812,21.623710799999998,9.6666744,0.0,0.01863327701525886
391.0811,21.499436600000003,9.611118800000002,0.0,0.0047443492651515285
391.1811,21.623710799999998,9.6666744,0.0,0.018642527087459802
391.2814,21.5615737,9.638896600000002,0.0,0.004795169161239221
391.3811,21.623710799999998,9.6666744,0.0,0.01872586123746993
391.4811,21.499436600000003,9.611118800000002,0.0,0.009466594570805675
391.5811,21.623710799999998,9.6666744,0.0,0.00946659457080508
391.6813,21.623710799999998,9.6666744,0.0,0.00946659457080508
391.7813,21.623710799999998,9.6666744,0.0,0.00946659457080508
391.8811,21.5615737,9.638896600000002,0.0,0.009518294695134401
391.9811,21.623710799999998,9.6666744,0.0,0.014147928028466232
392.0811,21.499436600000003,9.611118800000002,0.0,0.004888661361796715
392.1811,21.623710799999998,9.6666744,0.0,0.018777561361793395
392.2811,21.499436600000003,9.611118800000002,0.0,0.00025902802845376345
392.3811,21.6858479,9.6944522,0.0,0.014147928028450439
392.4811,21.499436600000003,9.611118800000002,0.0,0.00025902802845376345
392.5811,21.6858479,9.6944522,0.0,0.014147928028458333
392.6811,21.499436600000003,9.611118800000002,0.0,0.004888661361796715
392.7816,21.6858479,9.6944522,0.0,0.018708462356819926
392.8811,21.499436600000003,9.611118800000002,0.0,-0.0045094977771898285
392.9811,21.6858479,9.6944522,0.0,0.01400903555613927
393.0811,21.499436600000003,9.611118800000002,0.0,0.004754403157069531
393.1813,21.6858479,9.6944522,0.0,0.01861558080177588
393.2812,21.499436600000003,9.611118800000002,0.0,0.0047127779989719915
393.3811,21.623710799999998,9.6666744,0.0,0.004628518588045161
393.4811,21.499436600000003,9.611118800000002,0.0,0.0046100370178574455
393.5811,21.623710799999998,9.6666744,0.0,0.004610037017862115
393.6811,21.623710799999998,9.6666744,0.0,0.01379581744114351
393.7811,21.5615737,9.638896600000002,0.0,-0.0001302683687633153
393.8811,21.5615737,9.638896600000002,0.0,0.009184889243577417
393.9813,21.623710799999998,9.6666744,0.0,0.004546015125150248
394.0812,21.623710799999998,9.6666744,0.0,0.00915261545682745
394.1811,21.623710799999998,9.6666744,0.0,0.00915261545682745
394.2812,21.5615737,9.638896600000002,0.0,0.009189876349679311
394.3811,21.5615737,9.638896600000002,0.0,0.004560243016346888
394.4821,21.623710799999998,9.6666744,0.0,0.004514405062552016
394.5811,21.5615737,9.638896600000002,0.0,0.004467641089489722
394.6815,21.6858479,9.6944522,0.0,0.013690018247520634
394.7813,21.5615737,9.638896600000002,0.0,-0.00020819661201035473
394.8811,21.6858479,9.6944522,0.0,0.009069625699277085
394.9811,21.5615737,9.638896600000002,0.0,-0.00018964096738716685
395.0811,21.6858479,9.6944522,0.0,0.018328892365952462
395.1811,21.5615737,9.638896600000002,0.0,-0.00018964096737663822
395.2811,21.6858479,9.6944522,0.0,0.009069625699292878
395.3811,21.5615737,9.638896600000002,0.0,0.004449270188272641
395.4813,21.747985,9.722230000000001,0.0,0.018310447832986854
395.5812,21.5615737,9.638896600000002,0.0,0.004407645030190875
395.6812,21.747985,9.722230000000001,0.0,0.013666911696863022
395.7815,21.5615737,9.638896600000002,0.0,0.004394290266030993
395.8813,21.623710799999998,9.6666744,0.0,0.004347337723967659
395.9811,21.6858479,9.6944522,0.0,0.013615882212944097
396.0811,21.623710799999998,9.6666744,0.0,-0.00027301778706047367
396.1811,21.623710799999998,9.6666744,0.0,0.00898624887960378
396.2811,21.623710799999998,9.6666744,0.0,-0.00027301778706573796
396.3811,21.623710799999998,9.6666744,0.0,0.013615882212930934
396.4812,21.747985,9.722230000000001,0.0,0.008976998862951415
396.5821,21.623710799999998,9.6666744,0.0,0.013689222285488462
396.6811,21.623710799999998,9.6666744,0.0,0.009059588952156037
396.7811,21.623710799999998,9.6666744,0.0,0.009059588952156037
396.8811,21.6858479,9.6944522,0.0,0.009054954684553636
396.9811,21.5615737,9.638896600000002,0.0,-0.0048339453154424466
397.0811,21.623710799999998,9.6666744,0.0,0.009064223219761077
397.1811,21.6858479,9.6944522,0.0,0.004434589886429248
397.2811,21.623710799999998,9.6666744,0.0,0.004420742528500659
397.3811,21.6858479,9.6944522,0.0,0.004406811836423243
397.4811,21.623710799999998,9.6666744,0.0,0.009036445169755073
397.5811,21.747985,9.722230000000001,0.0,0.009036445169755665
397.6811,21.623710799999998,9.6666744,0.0,-0.00022282149690917944
397.7811,21.747985,9.722230000000001,0.0,0.00903644516976093
397.8811,21.623710799999998,9.6666744,0.0,0.004416089658739506
397.9811,21.747985,9.722230000000001,0.0,0.009045722992072522
398.0811,21.623710799999998,9.6666744,0.0,0.00904572299207193
398.1811,21.747985,9.722230000000001,0.0,0.009045722992072522
398.2811,21.6858479,9.6944522,0.0,0.013675356325406984
398.3811,21.623710799999998,9.6666744,0.0,-0.004843177007922111
398.4811,21.6858479,9.6944522,0.0,0.013675356325406984
398.5811,21.747985,9.722230000000001,0.0,0.004416089658737469
398.6811,21.623710799999998,9.6666744,0.0,0.009045722992069304
398.7811,21.747985,9.722230000000001,0.0,0.004485188663716202
398.8811,21.623710799999998,9.6666744,0.0,0.009184615464390996
398.9811,21.8101221,9.7500078,0.0,0.009184615464391295
399.0815,21.623710799999998,9.6666744,0.0,0.009239949727341074
399.1811,21.747985,9.722230000000001,0.0,0.004675224559207085
399.2811,21.6858479,9.6944522,0.0,0.013948394028675922
399.3814,21.6858479,9.6944522,0.0,0.004679858826806855
399.4811,21.747985,9.722230000000001,0.0,0.01858268951887889
399.5811,21.6858479,9.6944522,0.0,0.004693789518874322
399.6813,21.747985,9.722230000000001,0.0,0.00931418206710997
399.7813,21.6858479,9.6944522,0.0,0.009314182067109374
399.8815,21.747985,9.722230000000001,0.0,0.013934574615345021
399.9813,21.6858479,9.6944522,0.0,0.004675270911460688
400.0813,21.747985,9.722230000000001,0.0,0.00930490424479311
400.1813,21.6858479,9.6944522,0.0,0.004675270911460689
400.2822,21.747985,9.722230000000001,0.0,0.013888617525205016
400.3812,21.747985,9.722230000000001,0.0,0.013888617525205016
400.4813,21.747985,9.722230000000001,0.0,0.009304822145667472
400.5813,21.6858479,9.6944522,0.0,0.009351586118732392
400.6813,21.747985,9.722230000000001,0.0,0.004758842294033902
400.7813,21.6858479,9.6944522,0.0,0.00940703127199157
400.8812,21.8101221,9.7500078,0.0,0.009397744162573489
400.9811,21.6858479,9.6944522,0.0,0.009388475627373657
401.0813,21.8101221,9.7500078,0.0,0.00936999405718038
401.1811,21.6858479,9.6944522,0.0,0.009351438412556895
401.2811,21.8101221,9.7500078,0.0,0.009351438412557192
401.3813,21.6858479,9.6944522,-2.5,0.009369919982750448
401.4811,21.8101221,9.7500078,-2.5,0.004786564649323969
401.5811,21.623710799999998,9.6666744,-2.5,0.00480046745211508
401.6811,21.6858479,9.6944522,-2.5,-0.004458799214557065
401.7812,21.499436600000003,9.611118800000002,-2.5,-0.004486466263361623
401.8811,21.250888200000002,9.500007600000002,-2.5,-0.027662447822743755
401.9813,20.9402027,9.361118600000001,-2.5,-0.05540332171957853
402.0822,20.2566946,9.0555628,-2.5,-0.10124540956231337
402.1811,19.9460091,8.916673800000002,-2.5,-0.12465103814336803
402.2811,19.0139526,8.500006800000001,-2.5,-0.19409553814339178
402.3811,18.3925816,8.222228800000002,-2.5,-0.24039187147671454
402.4813,17.398388,7.7777840000000005,-2.5,-0.3235681688985419
402.5811,16.4663315,7.361117000000001,-2.5,-0.3839751596557324
402.6822,15.534275000000001,6.944450000000001,-2.5,-0.4526640815152565
402.7811,15.0371782,6.7222276,-2.5,-0.4901130872449659
402.8811,14.0429846,6.277782800000001,-2.5,-0.5688168539116147
402.9811,13.4216136,6.000004800000001,-2.5,-0.6058539205782733
403.0812,12.7381055,5.6944490000000005,-2.5,-0.6613586454867005
403.1811,12.1788716,5.444448800000001,-2.5,-0.7076966872284451
403.2813,11.6196377,5.1944486,-2.5,-0.7446505868292533
403.3811,11.122540899999999,4.9722262,-2.5,-0.7863915094077369
403.4811,10.749718300000001,4.805559400000001,-2.5,-0.8095396760743979
403.5811,10.2526215,4.583337,-2.5,-0.8558360094077475
403.6811,9.8797989,4.4166702,-2.5,-0.8743545427410763
403.7811,9.4448392,4.2222256,-2.5,-0.9160212427410908
403.8811,9.0098795,4.027781,-2.5,-0.939169409407752
403.9811,8.512782699999999,3.8055586000000003,-2.5,-0.985465742741075
404.0811,7.9535488,3.5555584000000007,-2.5,-1.017873176074419
404.1813,7.4564520000000005,3.333336,-2.5,-1.064095583126968
404.2811,6.835081,3.0555580000000004,-2.5,-1.1058550613500981
404.3811,6.337984199999999,2.8333356,-2.5,-1.1382624946834239
404.4811,5.840887400000001,2.6111132,-2.5,-1.1799291946834145
404.5811,5.0952421999999995,2.2777796,-2.5,-1.2401144280167684
404.6811,4.6602825,2.0833350000000004,-2.5,-1.2632625946834297
404.7812,4.4738712000000005,2.0000016,-2.5,-1.286396886325125
404.8811,3.2932663,1.4722234,-2.5,-1.3651887040762192
404.9811,3.106855,1.3888900000000002,-2.5,-1.3929665040762134
405.0811,2.4233469,1.0833342000000001,-2.5,-1.4300589050058423
405.1811,2.6097582,1.1666676000000002,-2.5,-1.4254664574824178
405.2812,1.3048791,0.5833338000000001,-2.5,-1.51796199897426
405.3811,0.9320565000000001,0.416667,-2.5,-1.5457676045798683
405.4811,1.1806049,0.5277782,-2.5,-1.531892635271947
405.5811,0.621371,0.277778,-2.5,-1.5689297019386261
405.6811,0.0,0.0,-2.5,-2.5
405.7811,0.0,0.0,-2.5,-2.5
405.8811,0.0,0.0,-2.5,-2.5
405.9811,0.0,0.0,-2.5,-2.5
406.0811,0.0,0.0,-2.5,-2.5
406.1811,0.0,0.0,-2.5,-2.5
406.2812,0.0,0.0,-2.5,-2.5
406.3811,0.0,0.0,-2.5,-2.5
406.4811,0.0,0.0,-2.5,-2.5
406.5811,0.0,0.0,-2.5,-2.5
406.6811,0.0,0.0,-2.5,-2.5
406.7811,0.0,0.0,-2.5,-2.5
406.8811,0.0,0.0,-2.5,-2.5
406.9812,0.0,0.0,-2.5,-2.5
407.0811,0.0,0.0,-2.5,-2.5
407.1813,0.0,0.0,-2.5,-2.5
407.2811,0.0,0.0,-2.5,-2.5
407.3811,0.0,0.0,-2.5,-2.5
407.4811,0.0,0.0,-2.5,-2.5
407.5811,0.0,0.0,-2.5,-2.5
407.6811,0.0,0.0,-2.5,-2.5
407.7813,0.0,0.0,-2.5,-2.5
407.8811,0.0,0.0,-2.5,-2.5
407.9811,0.0,0.0,-2.5,-2.5
408.0811,0.0,0.0,-2.5,-2.5
408.1811,0.0,0.0,-2.5,-2.5
408.2811,0.0,0.0,-2.5,-2.5
408.3811,0.0,0.0,-2.5,-2.5
408.4811,0.0,0.0,-2.5,-2.5
408.5811,0.0,0.0,-2.5,-2.5
408.6812,0.0,0.0,-2.5,-2.5
408.7811,0.0,0.0,-2.5,-2.5
408.8811,0.0,0.0,-2.5,-2.5
408.9811,0.0,0.0,-2.5,-2.5
409.0811,0.0,0.0,-2.5,-2.5
409.1811,0.0,0.0,-2.5,-2.5
409.2813,0.0,0.0,-2.5,-2.5
409.3812,0.0,0.0,-2.5,-2.5
409.4823,0.0,0.0,-2.5,-2.5
409.5811,0.0,0.0,-2.5,-2.5
409.6811,0.0,0.0,-2.5,-2.5
409.7811,0.0,0.0,-2.5,-2.5
409.8812,0.0,0.0,-2.5,-2.5
409.9811,0.0,0.0,-2.5,-2.5
410.0811,0.0,0.0,-2.5,-2.5
410.1811,0.0,0.0,-2.5,-2.5
410.2812,0.0,0.0,-2.5,-2.5
410.3811,0.0,0.0,-2.5,-2.5
410.4811,0.0,0.0,-2.5,-2.5
410.5811,0.0,0.0,-2.5,-2.5
410.6811,0.0,0.0,-2.5,-2.5
410.7823,0.0,0.0,-2.5,-2.5
410.8812,0.0,0.0,-2.5,-2.5
410.9812,0.0,0.0,-2.5,-2.5
411.0815,0.0,0.0,-2.5,-2.5
411.1818,0.0,0.0,-2.5,-2.5
411.2811,0.0,0.0,-2.5,-2.5
411.3811,0.0,0.0,-2.5,-2.5
411.4811,0.0,0.0,-2.5,-2.5
411.5811,0.0,0.0,-2.5,-2.5
411.6811,0.0,0.0,-2.5,-2.5
411.7816,0.0,0.0,-2.5,-2.5
411.8811,0.0,0.0,-2.5,-2.5
411.9811,0.0,0.0,-2.5,-2.5
412.0811,0.0,0.0,-2.5,-2.5
412.1811,0.0,0.0,-2.5,-2.5
412.2811,0.0,0.0,-2.5,-2.5
412.3811,0.0,0.0,-2.5,-2.5
412.4811,0.0,0.0,-2.5,-2.5
412.5821,0.0,0.0,-2.5,-2.5
412.6811,0.0,0.0,-2.5,-2.5
412.7811,0.0,0.0,-2.5,-2.5
412.8811,0.0,0.0,-2.5,-2.5
412.981,0.0,0.0,-2.5,-2.5
413.0811,0.0,0.0,-2.5,-2.5
413.1811,0.0,0.0,-2.5,-2.5
413.2811,0.0,0.0,-2.5,-2.5
413.3811,0.0,0.0,-2.5,-2.5
413.4811,0.0,0.0,-2.5,-2.5
413.5811,0.0,0.0,-2.5,-2.5
413.6811,0.0,0.0,-2.5,-2.5
413.7812,0.0,0.0,-2.5,-2.5
413.8811,0.0,0.0,-2.5,-2.5
413.9811,0.0,0.0,-2.5,-2.5
414.0813,0.0,0.0,-2.5,-2.5
414.1811,0.0,0.0,-2.5,-2.5
414.2812,0.0,0.0,-2.5,-2.5
414.3812,0.0,0.0,-2.5,-2.5
414.4812,0.0,0.0,-2.5,-2.5
414.5811,0.0,0.0,-2.5,-2.5
414.6812,0.0,0.0,-2.5,-2.5
414.7811,0.0,0.0,-2.5,-2.5
414.8811,0.0,0.0,-2.5,-2.5
414.9811,0.0,0.0,-2.5,-2.5
415.0811,0.0,0.0,-2.5,-2.5
415.1811,0.0,0.0,-2.5,-2.5
415.2811,0.0,0.0,-2.5,-2.5
415.3812,0.0,0.0,-2.5,-2.5
415.4811,0.0,0.0,-2.5,-2.5
415.5811,0.0,0.0,-2.5,-2.5
415.6811,0.0,0.0,-2.5,-2.5
415.7811,0.0,0.0,-2.5,-2.5
415.8811,0.0,0.0,-2.5,-2.5
415.9811,0.0,0.0,-2.5,-2.5
416.0811,0.0,0.0,-2.5,-2.5
416.1811,0.0,0.0,-2.5,-2.5
416.2811,0.0,0.0,-2.5,-2.5
416.3813,0.0,0.0,-2.5,-2.5
416.4811,0.0,0.0,-2.5,-2.5
416.5811,0.0,0.0,-2.5,-2.5
416.6812,0.0,0.0,-2.5,-2.5
416.7811,0.0,0.0,-2.5,-2.5
416.8812,0.0,0.0,-2.5,-2.5
416.9811,0.0,0.0,-2.5,-2.5
417.0811,0.0,0.0,-2.5,-2.5
417.1811,0.0,0.0,-2.5,-2.5
417.2811,0.0,0.0,-2.5,-2.5
417.3811,0.0,0.0,-2.5,-2.5
417.4811,0.0,0.0,-2.5,-2.5
417.5821,0.0,0.0,-2.5,-2.5
417.6811,0.0,0.0,-2.5,-2.5
417.7811,0.0,0.0,-2.5,-2.5
417.8811,0.0,0.0,-2.5,-2.5
417.9811,0.0,0.0,-2.5,-2.5
418.0811,0.0,0.0,-2.5,-2.5
418.1811,0.0,0.0,-2.5,-2.5
418.2813,0.0,0.0,-2.5,-2.5
418.3812,0.0,0.0,-2.5,-2.5
418.4811,0.0,0.0,-2.5,-2.5
418.5816,0.0,0.0,-2.5,-2.5
418.6812,0.0,0.0,-2.5,-2.5
418.7811,0.0,0.0,-2.5,-2.5
418.8812,0.0,0.0,-2.5,-2.5
418.9811,0.0,0.0,-2.5,-2.5
419.081,0.0,0.0,-2.5,-2.5
419.1811,0.0,0.0,-2.5,-2.5
419.2811,0.0,0.0,-2.5,-2.5
419.3811,0.0,0.0,-2.5,-2.5
419.4811,0.0,0.0,-2.5,-2.5
419.5813,0.0,0.0,-2.5,-2.5
419.6811,0.0,0.0,-2.5,-2.5
419.7813,0.0,0.0,-2.5,-2.5
419.8811,0.0,0.0,-2.5,-2.5
419.981,0.0,0.0,-2.5,-2.5
420.0811,0.0,0.0,-2.5,-2.5
420.1812,0.0,0.0,-2.5,-2.5
420.2811,0.0,0.0,-2.5,-2.5
420.3811,0.0,0.0,-2.5,-2.5
420.4811,0.0,0.0,-2.5,-2.5
420.5811,0.0,0.0,-2.5,-2.5
420.6811,0.0,0.0,-2.5,-2.5
420.7811,0.0,0.0,-2.5,-2.5
420.8811,0.0,0.0,-2.5,-2.5
420.9811,0.0,0.0,-2.5,-2.5
421.0811,0.0,0.0,-2.5,-2.5
421.1811,0.0,0.0,-2.5,-2.5
421.2811,0.0,0.0,-2.5,-2.5
421.3811,0.0,0.0,-2.5,-2.5
421.4811,0.0,0.0,-2.5,-2.5
421.5811,0.0,0.0,-2.5,-2.5
421.6811,0.0,0.0,-2.5,-2.5
421.7811,0.0,0.0,-2.5,-2.5
421.8811,0.0,0.0,-2.5,-2.5
421.9811,0.0,0.0,-2.5,-2.5
422.0811,0.0,0.0,-2.5,-2.5
422.1811,0.0,0.0,-2.5,-2.5
422.2811,0.0,0.0,-2.5,-2.5
422.3814,0.0,0.0,-2.5,-2.5
422.4811,0.0,0.0,-2.5,-2.5
422.5811,0.0,0.0,-2.5,-2.5
422.6811,0.0,0.0,-2.5,-2.5
422.7815,0.0,0.0,-2.5,-2.5
422.8812,0.0,0.0,-2.5,-2.5
422.9811,0.0,0.0,-2.5,-2.5
423.0812,0.0,0.0,-2.5,-2.5
423.1811,0.0,0.0,-2.5,-2.5
423.2813,0.0,0.0,-2.5,-2.5
423.3811,0.0,0.0,-2.5,-2.5
423.4811,0.0,0.0,-2.5,-2.5
423.5812,0.0,0.0,-2.5,-2.5
423.6811,0.0,0.0,-2.5,-2.5
423.7811,0.0,0.0,-2.5,-2.5
423.8811,0.0,0.0,-2.5,-2.5
423.9811,0.0,0.0,-2.5,-2.5
424.0811,0.0,0.0,-2.5,-2.5
424.1811,0.0,0.0,-2.5,-2.5
424.2811,0.0,0.0,-2.5,-2.5
424.3811,0.0,0.0,-2.5,-2.5
424.4813,0.0,0.0,-2.5,-2.5
424.5811,0.0,0.0,-2.5,-2.5
424.6815,0.0,0.0,-2.5,-2.5
424.7811,0.0,0.0,-2.5,-2.5
424.8813,0.0,0.0,-2.5,-2.5
424.9812,0.0,0.0,-2.5,-2.5
425.0812,0.0,0.0,-2.5,-2.5
425.1811,0.0,0.0,-2.5,-2.5
425.2811,0.0,0.0,-2.5,-2.5
425.3813,0.0,0.0,-2.5,-2.5
425.4811,0.0,0.0,-2.5,-2.5
425.6011,0.0,0.0,-2.5,-2.5
425.6811,0.0,0.0,-2.5,-2.5
425.7811,0.0,0.0,-2.5,-2.5
425.8813,0.0,0.0,-2.5,-2.5
425.9811,0.0,0.0,-2.5,-2.5
426.0811,0.0,0.0,-2.5,-2.5
426.1812,0.0,0.0,-2.5,-2.5
426.2822,0.0,0.0,-2.5,-2.5
426.3811,0.0,0.0,-2.5,-2.5
426.4811,0.0,0.0,-2.5,-2.5
426.5811,0.0,0.0,-2.5,-2.5
426.6811,0.0,0.0,-2.5,-2.5
426.7811,0.0,0.0,-2.5,-2.5
426.8812,0.0,0.0,-2.5,-2.5
426.9811,0.0,0.0,-2.5,-2.5
427.1022,0.0,0.0,-2.5,-2.5
427.1811,0.0,0.0,-2.5,-2.5
427.2811,0.0,0.0,-2.5,-2.5
427.4011,0.0,0.0,-2.5,-2.5
427.5011,0.0,0.0,-2.5,-2.5
427.5811,0.0,0.0,-2.5,-2.5
427.6811,0.0,0.0,-2.5,-2.5
427.8013,0.0,0.0,-2.5,-2.5
427.9011,0.0,0.0,-2.5,-2.5
427.9812,0.0,0.0,-2.5,-2.5
428.0812,0.0,0.0,-2.5,-2.5
428.2013,0.0,0.0,-2.5,-2.5
428.3002,0.0,0.0,-2.5,-2.5
428.3802,0.0,0.0,-2.5,-2.5
428.4802,0.0,0.0,-2.5,-2.5
428.6003,0.0,0.0,-2.5,-2.5
428.7002,0.0,0.0,-2.5,-2.5
428.7802,0.0,0.0,-2.5,-2.5
428.8814,0.0,0.0,-2.5,-2.5
429.0003,0.0,0.0,-2.5,-2.5
429.1003,0.0,0.0,-2.5,-2.5
429.2004,0.0,0.0,-2.5,-2.5
429.2805,0.0,0.0,-2.5,-2.5
429.3804,0.0,0.0,-2.5,-2.5
429.5003,0.0,0.0,-2.5,-2.5
429.6007,0.0,0.0,-2.5,-2.5
429.6816,0.0,0.0,-2.5,-2.5
429.7803,0.0,0.0,-2.5,-2.5
429.9003,0.0,0.0,-2.5,-2.5
430.0004,0.0,0.0,-2.5,-2.5
430.1003,0.0,0.0,-2.5,-2.5
430.1804,0.0,0.0,-2.5,-2.5
430.2803,0.0,0.0,-2.5,-2.5
430.4003,0.0,0.0,-2.5,-2.5
430.5003,0.0,0.0,-2.5,-2.5
430.6003,0.0,0.0,-2.5,-2.5
430.6803,0.0,0.0,-2.5,-2.5
430.7803,0.0,0.0,-2.5,-2.5
430.9003,0.0,0.0,-2.5,-2.5
431.0003,0.0,0.0,-2.5,-2.5
431.1003,0.0,0.0,-2.5,-2.5
431.1803,0.0,0.0,-2.5,-2.5
431.2803,0.0,0.0,-2.5,-2.5
431.4003,0.0,0.0,-2.5,-2.5
431.5003,0.0,0.0,-2.5,-2.5
431.5803,0.0,0.0,-2.5,-2.5
431.6803,0.0,0.0,-2.5,-2.5
431.8003,0.0,0.0,-2.5,-2.5
431.9004,0.0,0.0,-2.5,-2.5
431.9803,0.0,0.0,-2.5,-2.5
432.0804,0.0,0.0,-2.5,-2.5
432.1803,0.0,0.0,-2.5,-2.5
432.3003,0.0,0.0,-2.5,-2.5
432.4003,0.0,0.0,-2.5,-2.5
432.4803,0.0,0.0,-2.5,-2.5
432.5803,0.0,0.0,-2.5,-2.5
432.6803,0.0,0.0,-2.5,-2.5
432.8003,0.0,0.0,-2.5,-2.5
432.8805,0.0,0.0,-2.5,-2.5
432.9803,0.0,0.0,-2.5,-2.5
433.0803,0.0,0.0,-2.5,-2.5
433.1804,0.0,0.0,-2.5,-2.5
433.2803,0.0,0.0,-2.5,-2.5
433.4003,0.0,0.0,-2.5,-2.5
433.5003,0.0,0.0,-2.5,-2.5
433.5805,0.0,0.0,-2.5,-2.5
433.6804,0.0,0.0,-2.5,-2.5
433.8003,0.0,0.0,-2.5,-2.5
433.9004,0.0,0.0,-2.5,-2.5
434.0003,0.0,0.0,-2.5,-2.5
434.0803,0.0,0.0,-2.5,-2.5
434.1807,0.0,0.0,-2.5,-2.5
434.3006,0.0,0.0,-2.5,-2.5
434.4004,0.0,0.0,-2.5,-2.5
434.4803,0.0,0.0,-2.5,-2.5
434.5804,0.0,0.0,-2.5,-2.5
434.6805,0.0,0.0,-2.5,-2.5
434.8007,0.0,0.0,-2.5,-2.5
434.9006,0.0,0.0,-2.5,-2.5
435.001,0.0,0.0,-2.5,-2.5
435.0805,0.0,0.0,-2.5,-2.5
435.1805,0.0,0.0,-2.5,-2.5
435.2805,0.0,0.0,-2.5,-2.5
435.4004,0.0,0.0,-2.5,-2.5
435.4805,0.0,0.0,-2.5,-2.5
435.5804,0.0,0.0,-2.5,-2.5
435.6803,0.0,0.0,-2.5,-2.5
435.8005,0.0,0.0,-2.5,-2.5
435.9006,0.0,0.0,-2.5,-2.5
435.9815,0.0,0.0,-2.5,-2.5
436.0807,0.0,0.0,-2.5,-2.5
436.1804,0.0,0.0,-2.5,-2.5
436.2805,0.0,0.0,-2.5,-2.5
436.4006,0.0,0.0,-2.5,-2.5
436.4803,0.0,0.0,-2.5,-2.5
436.5804,0.0,0.0,-2.5,-2.5
436.7003,0.0,0.0,-2.5,-2.5
436.8003,0.0,0.0,-2.5,-2.5
436.8805,0.0,0.0,-2.5,-2.5
436.9803,0.0,0.0,-2.5,-2.5
437.0803,0.0,0.0,-2.5,-2.5
437.2003,0.0,0.0,-2.5,-2.5
437.3004,0.0,0.0,-2.5,-2.5
437.3803,0.0,0.0,-2.5,-2.5
437.4803,0.0,0.0,-2.5,-2.5
437.6004,0.0,0.0,-2.5,-2.5
437.7003,0.0,0.0,-2.5,-2.5
437.7804,0.0,0.0,-2.5,-2.5
437.8805,0.0,0.0,-2.5,-2.5
438.0003,0.0,0.0,-2.5,-2.5
438.1004,0.0,0.0,-2.5,-2.5
438.1803,0.0,0.0,-2.5,-2.5
438.2803,0.0,0.0,-2.5,-2.5
438.4003,0.0,0.0,-2.5,-2.5
438.4803,0.0,0.0,-2.5,-2.5
438.5803,0.0,0.0,-2.5,-2.5
438.6804,0.0,0.0,-2.5,-2.5
438.7804,0.0,0.0,-2.5,-2.5
438.8804,0.0,0.0,-2.5,-2.5
439.0003,0.0,0.0,-2.5,-2.5
439.1003,0.0,0.0,-2.5,-2.5
439.1804,0.0,0.0,-2.5,-2.5
439.2803,0.0,0.0,-2.5,-2.5
439.3803,0.0,0.0,-2.5,-2.5
439.5003,0.0,0.0,-2.5,-2.5
439.6003,0.0,0.0,-2.5,-2.5
439.7003,0.0,0.0,-2.5,-2.5
439.8003,0.0,0.0,-2.5,-2.5
439.9005,0.0,0.0,-2.5,-2.5
440.0003,0.0,0.0,-2.5,-2.5
440.1005,0.0,0.0,-2.5,-2.5
440.2003,0.0,0.0,-2.5,-2.5
440.3003,0.0,0.0,-2.5,-2.5
440.4003,0.0,0.0,-2.5,-2.5
440.5004,0.0,0.0,-2.5,-2.5
440.6003,0.0,0.0,-2.5,-2.5
440.7003,0.0,0.0,-2.5,-2.5
440.8003,0.0,0.0,-2.5,-2.5
440.9004,0.0,0.0,-2.5,-2.5
441.0003,0.0,0.0,-2.5,-2.5
441.1003,0.0,0.0,-2.5,-2.5
441.2003,0.0,0.0,-2.5,-2.5
441.3003,0.0,0.0,-2.5,-2.5
441.4004,0.0,0.0,-2.5,-2.5
441.5003,0.0,0.0,-2.5,-2.5
441.6005,0.0,0.0,-2.5,-2.5
441.7004,0.0,0.0,-2.5,-2.5
441.8003,0.0,0.0,-2.5,-2.5
441.9004,0.0,0.0,-2.5,-2.5
442.0005,0.0,0.0,-2.5,-2.5
442.1003,0.0,0.0,-2.5,-2.5
442.2003,0.0,0.0,-2.5,-2.5
442.3003,0.0,0.0,-2.5,-2.5
442.4013,0.0,0.0,-2.5,-2.5
442.5005,0.0,0.0,-2.5,-2.5
442.6003,0.0,0.0,-2.5,-2.5
442.7003,0.0,0.0,-2.5,-2.5
442.8004,0.0,0.0,-2.5,-2.5
442.9004,0.0,0.0,-2.5,-2.5
443.0006,0.0,0.0,-2.5,-2.5
443.1003,0.0,0.0,-2.5,-2.5
443.2003,0.0,0.0,-2.5,-2.5
443.3003,0.0,0.0,-2.5,-2.5
443.4004,0.0,0.0,-2.5,-2.5
443.5004,0.0,0.0,-2.5,-2.5
443.6003,0.0,0.0,-2.5,-2.5
443.7003,0.0,0.0,-2.5,-2.5
443.8004,0.0,0.0,-2.5,-2.5
443.9005,0.0,0.0,-2.5,-2.5
444.0004,0.0,0.0,-2.5,-2.5
444.1003,0.0,0.0,-2.5,-2.5
444.2004,0.0,0.0,-2.5,-2.5
444.3003,0.0,0.0,-2.5,-2.5
444.4003,0.0,0.0,-2.5,-2.5
444.5003,0.0,0.0,-2.5,-2.5
444.6003,0.0,0.0,-2.5,-2.5
444.7005,0.0,0.0,-2.5,-2.5
444.8003,0.0,0.0,-2.5,-2.5
444.9005,0.0,0.0,-2.5,-2.5
445.0004,0.0,0.0,-2.5,-2.5
445.1005,0.0,0.0,-2.5,-2.5
445.2003,0.0,0.0,-2.5,-2.5
445.3003,0.0,0.0,-2.5,-2.5
445.4003,0.0,0.0,-2.5,-2.5
445.5003,0.0,0.0,-2.5,-2.5
445.6003,0.0,0.0,-2.5,-2.5
445.7003,0.0,0.0,-2.5,-2.5
445.8003,0.0,0.0,-2.5,-2.5
445.9005,0.0,0.0,-2.5,-2.5
446.0003,0.0,0.0,-2.5,-2.5
446.1003,0.0,0.0,-2.5,-2.5
446.2003,0.0,0.0,-2.5,-2.5
446.3003,0.0,0.0,-2.5,-2.5
446.4003,0.0,0.0,-2.5,-2.5
446.5003,0.0,0.0,-2.5,-2.5
446.6004,0.0,0.0,-2.5,-2.5
446.7003,0.0,0.0,-2.5,-2.5
446.8004,0.0,0.0,-2.5,-2.5
446.9005,0.0,0.0,-2.5,-2.5
447.0003,0.0,0.0,-2.5,-2.5
447.1003,0.0,0.0,-2.5,-2.5
447.2003,0.0,0.0,-2.5,-2.5
447.3003,0.0,0.0,-2.5,-2.5
447.4003,0.0,0.0,-2.5,-2.5
447.5004,0.0,0.0,-2.5,-2.5
447.6004,0.0,0.0,-2.5,-2.5
447.7005,0.0,0.0,-2.5,-2.5
447.8004,0.0,0.0,-2.5,-2.5
447.9015,0.0,0.0,-2.5,-2.5
448.0003,0.0,0.0,-2.5,-2.5
448.1003,0.0,0.0,-2.5,-2.5
448.2003,0.0,0.0,-2.5,-2.5
448.3003,0.0,0.0,-2.5,-2.5
448.4003,0.0,0.0,-2.5,-2.5
448.5003,0.0,0.0,-2.5,-2.5
448.6013,0.0,0.0,-2.5,-2.5
448.7003,0.0,0.0,-2.5,-2.5
448.8013,0.0,0.0,-2.5,-2.5
448.9005,0.0,0.0,-2.5,-2.5
449.0003,0.0,0.0,-2.5,-2.5
449.1003,0.0,0.0,-2.5,-2.5
449.2003,0.0,0.0,-2.5,-2.5
449.3004,0.0,0.0,-2.5,-2.5
449.4004,0.0,0.0,-2.5,-2.5
449.5004,0.0,0.0,-2.5,-2.5
449.6014,0.0,0.0,-2.5,-2.5
449.7004,0.0,0.0,-2.5,-2.5
449.8005,0.0,0.0,-2.5,-2.5
449.9005,0.0,0.0,-2.5,-2.5
450.0014,0.0,0.0,-2.5,-2.5
450.1003,0.0,0.0,-2.5,-2.5
450.2004,0.0,0.0,-2.5,-2.5
450.3007,0.0,0.0,-2.5,-2.5
450.4003,0.0,0.0,-2.5,-2.5
450.5006,0.0,0.0,-2.5,-2.5
450.6013,0.0,0.0,-2.5,-2.5
450.7005,0.0,0.0,-2.5,-2.5
450.8004,0.0,0.0,-2.5,-2.5
450.9006,0.0,0.0,-2.5,-2.5
451.0003,0.0,0.0,-2.5,-2.5
451.1003,0.0,0.0,-2.5,-2.5
451.2003,0.0,0.0,-2.5,-2.5
451.3003,0.0,0.0,-2.5,-2.5
451.4004,0.0,0.0,-2.5,-2.5
451.5005,0.0,0.0,-2.5,-2.5
451.6013,0.0,0.0,-2.5,-2.5
451.7003,0.0,0.0,-2.5,-2.5
451.8004,0.0,0.0,-2.5,-2.5
451.9005,0.0,0.0,-2.5,-2.5
452.0003,0.0,0.0,-2.5,-2.5
452.1005,0.0,0.0,-2.5,-2.5
452.2004,0.0,0.0,-2.5,-2.5
452.3003,0.0,0.0,-2.5,-2.5
452.4003,0.0,0.0,-2.5,-2.5
452.5003,0.0,0.0,-2.5,-2.5
452.6013,0.0,0.0,-2.5,-2.5
452.7003,0.0,0.0,-2.5,-2.5
452.8003,0.0,0.0,-2.5,-2.5
452.9005,0.0,0.0,-2.5,-2.5
453.0003,0.0,0.0,-2.5,-2.5
453.1003,0.0,0.0,-2.5,-2.5
453.2003,0.0,0.0,-2.5,-2.5
453.3003,0.0,0.0,-2.5,-2.5
453.4003,0.0,0.0,-2.5,-2.5
453.5003,0.0,0.0,-2.5,-2.5
453.6003,0.0,0.0,-2.5,-2.5
453.7003,0.0,0.0,-2.5,-2.5
453.8003,0.0,0.0,-2.5,-2.5
453.9005,0.0,0.0,-2.5,-2.5
454.0003,0.0,0.0,-2.5,-2.5
454.1003,0.0,0.0,-2.5,-2.5
454.2003,0.0,0.0,-2.5,-2.5
454.3003,0.0,0.0,-2.5,-2.5
454.4003,0.0,0.0,-2.5,-2.5
454.5004,0.0,0.0,-2.5,-2.5
454.6004,0.0,0.0,-2.5,-2.5
454.7003,0.0,0.0,-2.5,-2.5
454.8003,0.0,0.0,-2.5,-2.5
454.9016,0.0,0.0,-2.5,-2.5
455.0003,0.0,0.0,-2.5,-2.5
455.1003,0.0,0.0,-2.5,-2.5
455.2004,0.0,0.0,-2.5,-2.5
455.3003,0.0,0.0,-2.5,-2.5
455.4003,0.0,0.0,-2.5,-2.5
455.5003,0.0,0.0,-2.5,-2.5
455.6004,0.0,0.0,-2.5,-2.5
455.7003,0.0,0.0,-2.5,-2.5
455.8003,0.0,0.0,-2.5,-2.5
455.9003,0.0,0.0,-2.5,-2.5
456.0003,0.0,0.0,-2.5,-2.5
456.1003,0.0,0.0,-2.5,-2.5
456.2003,0.0,0.0,-2.5,-2.5
456.3004,0.0,0.0,-2.5,-2.5
456.4005,0.0,0.0,-2.5,-2.5
456.5004,0.0,0.0,-2.5,-2.5
456.6016,0.0,0.0,-2.5,-2.5
456.7004,0.0,0.0,-2.5,-2.5
456.8003,0.0,0.0,-2.5,-2.5
456.9005,0.0,0.0,-2.5,-2.5
457.0004,0.0,0.0,-2.5,-2.5
457.1003,0.0,0.0,-2.5,-2.5
457.2004,0.0,0.0,-2.5,-2.5
457.3003,0.0,0.0,-2.5,-2.5
457.4003,0.0,0.0,-2.5,-2.5
457.5003,0.0,0.0,-2.5,-2.5
457.6003,0.0,0.0,-2.5,-2.5
457.7003,0.0,0.0,-2.5,-2.5
457.8005,0.0,0.0,-2.5,-2.5
457.9009,0.0,0.0,-2.5,-2.5
458.0003,0.0,0.0,-2.5,-2.5
458.1005,0.0,0.0,-2.5,-2.5
458.2004,0.0,0.0,-2.5,-2.5
458.3003,0.0,0.0,-2.5,-2.5
458.4003,0.0,0.0,-2.5,-2.5
458.5006,0.0,0.0,-2.5,-2.5
458.6003,0.0,0.0,-2.5,-2.5
458.7003,0.0,0.0,-2.5,-2.5
458.8003,0.0,0.0,-2.5,-2.5
458.9006,0.0,0.0,-2.5,-2.5
459.0003,0.0,0.0,-2.5,-2.5
459.1004,0.0,0.0,-2.5,-2.5
459.2004,0.0,0.0,-2.5,-2.5
459.3003,0.0,0.0,-2.5,-2.5
459.4003,0.0,0.0,-2.5,-2.5
459.5003,0.0,0.0,-2.5,-2.5
459.6004,0.0,0.0,-2.5,-2.5
459.7003,0.0,0.0,-2.5,-2.5
459.8003,0.0,0.0,-2.5,-2.5
459.9036,0.0,0.0,-2.5,-2.5
460.0003,0.0,0.0,-2.5,-2.5
460.1003,0.0,0.0,-2.5,-2.5
460.2004,0.0,0.0,-2.5,-2.5
460.3003,0.0,0.0,-2.5,-2.5
460.4003,0.0,0.0,-2.5,-2.5
460.5003,0.0,0.0,-2.5,-2.5
460.6013,0.0,0.0,-2.5,-2.5
460.7003,0.0,0.0,-2.5,-2.5
460.8003,0.0,0.0,-2.5,-2.5
460.9006,0.0,0.0,-2.5,-2.5
461.0005,0.0,0.0,-2.5,-2.5
461.1008,0.0,0.0,-2.5,-2.5
461.2005,0.0,0.0,-2.5,-2.5
461.3005,0.0,0.0,-2.5,-2.5
461.4005,0.0,0.0,-2.5,-2.5
461.5004,0.0,0.0,-2.5,-2.5
461.6004,0.0,0.0,-2.5,-2.5
461.7005,0.0,0.0,-2.5,-2.5
461.8005,0.0,0.0,-2.5,-2.5
461.9025,0.0,0.0,-2.5,-2.5
462.0006,0.0,0.0,-2.5,-2.5
462.1004,0.0,0.0,-2.5,-2.5
462.2003,0.0,0.0,-2.5,-2.5
462.3003,0.0,0.0,-2.5,-2.5
462.4003,0.0,0.0,-2.5,-2.5
462.5003,0.0,0.0,-2.5,-2.5
462.6014,0.0,0.0,-2.5,-2.5
462.7003,0.0,0.0,-2.5,-2.5
462.8003,0.0,0.0,-2.5,-2.5
462.9005,0.0,0.0,-2.5,-2.5
463.0005,0.0,0.0,-2.5,-2.5
463.1004,0.0,0.0,-2.5,-2.5
463.2003,0.0,0.0,-2.5,-2.5
463.3003,0.0,0.0,-2.5,-2.5
463.4004,0.0,0.0,-2.5,-2.5
463.5003,0.0,0.0,-2.5,-2.5
463.6014,0.0,0.0,-2.5,-2.5
463.7003,0.0,0.0,-2.5,-2.5
463.8003,0.0,0.0,-2.5,-2.5
463.9014,0.0,0.0,-2.5,-2.5
464.0003,0.0,0.0,-2.5,-2.5
464.1006,0.0,0.0,-2.5,-2.5
464.2004,0.0,0.0,-2.5,-2.5
464.3004,0.0,0.0,-2.5,-2.5
464.4003,0.0,0.0,-2.5,-2.5
464.5003,0.0,0.0,-2.5,-2.5
464.6013,0.0,0.0,-2.5,-2.5
464.7003,0.0,0.0,-2.5,-2.5
464.8003,0.0,0.0,-2.5,-2.5
464.9016,0.0,0.0,-2.5,-2.5
465.0015,0.0,0.0,-2.5,-2.5
465.1003,0.0,0.0,-2.5,-2.5
465.2003,0.0,0.0,-2.5,-2.5
465.3018,0.0,0.0,-2.5,-2.5
465.4003,0.0,0.0,-2.5,-2.5
465.5004,0.0,0.0,-2.5,-2.5
465.6003,0.0,0.0,-2.5,-2.5
465.7003,0.0,0.0,-2.5,-2.5
465.8014,0.0,0.0,-2.5,-2.5
465.9015,0.0,0.0,-2.5,-2.5
466.0005,0.0,0.0,-2.5,-2.5
466.1003,0.0,0.0,-2.5,-2.5
466.2003,0.0,0.0,-2.5,-2.5
466.3004,0.0,0.0,-2.5,-2.5
466.4003,0.0,0.0,-2.5,-2.5
466.5003,0.0,0.0,-2.5,-2.5
466.6013,0.0,0.0,-2.5,-2.5
466.7004,0.0,0.0,-2.5,-2.5
466.8003,0.0,0.0,-2.5,-2.5
466.9016,0.0,0.0,-2.5,-2.5
467.0003,0.0,0.0,-2.5,-2.5
467.1003,0.0,0.0,-2.5,-2.5
467.2003,0.0,0.0,-2.5,-2.5
467.3004,0.0,0.0,-2.5,-2.5
467.4004,0.0,0.0,-2.5,-2.5
467.5005,0.0,0.0,-2.5,-2.5
467.6003,0.0,0.0,-2.5,-2.5
467.7005,0.0,0.0,-2.5,-2.5
467.8003,0.0,0.0,-2.5,-2.5
467.9005,0.0,0.0,-2.5,-2.5
468.0003,0.0,0.0,-2.5,-2.5
468.1003,0.0,0.0,-2.5,-2.5
468.2005,0.0,0.0,-2.5,-2.5
468.3003,0.0,0.0,-2.5,-2.5
468.4003,0.0,0.0,-2.5,-2.5
468.5003,0.0,0.0,-2.5,-2.5
468.6003,0.0,0.0,-2.5,-2.5
468.7003,0.0,0.0,-2.5,-2.5
468.8003,0.0,0.0,-2.5,-2.5
468.9005,0.0,0.0,-2.5,-2.5
469.0003,0.0,0.0,-2.5,-2.5
469.1003,0.0,0.0,-2.5,-2.5
469.2003,0.0,0.0,-2.5,-2.5
469.3003,0.0,0.0,-2.5,-2.5
469.4003,0.0,0.0,-2.5,-2.5
469.5003,0.0,0.0,-2.5,-2.5
469.6003,0.0,0.0,-2.5,-2.5
469.7003,0.0,0.0,-2.5,-2.5
469.8003,0.0,0.0,-2.5,-2.5
469.9005,0.0,0.0,-2.5,-2.5
470.0005,0.0,0.0,-2.5,-2.5
470.1003,0.0,0.0,-2.5,-2.5
470.2014,0.0,0.0,-2.5,-2.5
470.3003,0.0,0.0,-2.5,-2.5
470.4006,0.0,0.0,-2.5,-2.5
470.5004,0.0,0.0,-2.5,-2.5
470.6013,0.0,0.0,-2.5,-2.5
470.7003,0.0,0.0,-2.5,-2.5
470.8003,0.0,0.0,-2.5,-2.5
470.9005,0.0,0.0,-2.5,-2.5
471.0003,0.0,0.0,-2.5,-2.5
471.1003,0.0,0.0,-2.5,-2.5
471.2003,0.0,0.0,-2.5,-2.5
471.3003,0.0,0.0,-2.5,-2.5
471.4003,0.0,0.0,-2.5,-2.5
471.5003,0.0,0.0,-2.5,-2.5
471.6013,0.0,0.0,-2.5,-2.5
471.7014,0.0,0.0,-2.5,-2.5
471.8003,0.0,0.0,-2.5,-2.5
471.9005,0.0,0.0,-2.5,-2.5
472.0005,0.0,0.0,-2.5,-2.5
472.1004,0.0,0.0,-2.5,-2.5
472.2014,0.0,0.0,-2.5,-2.5
472.3003,0.0,0.0,-2.5,-2.5
472.4003,0.0,0.0,-2.5,-2.5
472.5004,0.0,0.0,-2.5,-2.5
472.6013,0.0,0.0,-2.5,-2.5
472.7003,0.0,0.0,-2.5,-2.5
472.8003,0.0,0.0,-2.5,-2.5
472.9005,0.0,0.0,-2.5,-2.5
473.0003,0.0,0.0,-2.5,-2.5
473.1004,0.0,0.0,-2.5,-2.5
473.2004,0.0,0.0,-2.5,-2.5
473.3003,0.0,0.0,-2.5,-2.5
473.4004,0.0,0.0,-2.5,-2.5
473.5004,0.0,0.0,-2.5,-2.5
473.6004,0.0,0.0,-2.5,-2.5
473.7003,0.0,0.0,-2.5,-2.5
473.8003,0.0,0.0,-2.5,-2.5
473.9005,0.0,0.0,-2.5,-2.5
474.0003,0.0,0.0,-2.5,-2.5
474.1003,0.0,0.0,-2.5,-2.5
474.2004,0.0,0.0,-2.5,-2.5
474.3013,0.0,0.0,-2.5,-2.5
474.4003,0.0,0.0,-2.5,-2.5
474.5003,0.0,0.0,-2.5,-2.5
474.6004,0.0,0.0,-2.5,-2.5
474.7003,0.0,0.0,-2.5,-2.5
474.8003,0.0,0.0,-2.5,-2.5
474.9004,0.0,0.0,-2.5,-2.5
475.0005,0.0,0.0,-2.5,-2.5
475.1003,0.0,0.0,-2.5,-2.5
475.2003,0.0,0.0,-2.5,-2.5
475.3003,0.0,0.0,-2.5,-2.5
475.4003,0.0,0.0,-2.5,-2.5
475.5006,0.0,0.0,-2.5,-2.5
475.6005,0.0,0.0,-2.5,-2.5
475.7006,0.0,0.0,-2.5,-2.5
475.8003,0.0,0.0,-2.5,-2.5
475.9004,0.0,0.0,-2.5,-2.5
476.0003,0.0,0.0,-2.5,-2.5
476.1004,0.0,0.0,-2.5,-2.5
476.2003,0.0,0.0,-2.5,-2.5
476.3003,0.0,0.0,-2.5,-2.5
476.4003,0.0,0.0,-2.5,-2.5
476.5003,0.0,0.0,-2.5,-2.5
476.6003,0.0,0.0,-2.5,-2.5
476.7004,0.0,0.0,-2.5,-2.5
476.8003,0.0,0.0,-2.5,-2.5
476.9004,0.0,0.0,-2.5,-2.5
477.0003,0.0,0.0,-2.5,-2.5
477.1006,0.0,0.0,-2.5,-2.5
477.2004,0.0,0.0,-2.5,-2.5
477.3004,0.0,0.0,-2.5,-2.5
477.4003,0.0,0.0,-2.5,-2.5
477.5004,0.0,0.0,-2.5,-2.5
477.6013,0.0,0.0,-2.5,-2.5
477.7005,0.0,0.0,-2.5,-2.5
477.8003,0.0,0.0,-2.5,-2.5
477.9005,0.0,0.0,-2.5,-2.5
478.0004,0.0,0.0,-2.5,-2.5
478.1003,0.0,0.0,-2.5,-2.5
478.2003,0.0,0.0,-2.5,-2.5
478.3004,0.0,0.0,-2.5,-2.5
478.4003,0.0,0.0,-2.5,-2.5
478.5003,0.0,0.0,-2.5,-2.5
478.6003,0.0,0.0,-2.5,-2.5
478.7003,0.0,0.0,-2.5,-2.5
478.8003,0.0,0.0,-2.5,-2.5
478.9005,0.0,0.0,-2.5,-2.5
479.0003,0.0,0.0,-2.5,-2.5
479.1003,0.0,0.0,-2.5,-2.5
479.2003,0.0,0.0,-2.5,-2.5
479.3003,0.0,0.0,-2.5,-2.5
479.4004,0.0,0.0,-2.5,-2.5
479.5006,0.0,0.0,-2.5,-2.5
479.6004,0.0,0.0,-2.5,-2.5
479.7003,0.0,0.0,-2.5,-2.5
479.8003,0.0,0.0,-2.5,-2.5
479.9003,0.0,0.0,-2.5,-2.5
480.0003,0.0,0.0,-2.5,-2.5
480.1006,0.0,0.0,-2.5,-2.5
480.2004,0.0,0.0,-2.5,-2.5
480.3003,0.0,0.0,-2.5,-2.5
480.4006,0.0,0.0,-2.5,-2.5
480.5004,0.0,0.0,-2.5,-2.5
480.6006,0.0,0.0,-2.5,-2.5
480.7004,0.0,0.0,-2.5,-2.5
480.8003,0.0,0.0,-2.5,-2.5
480.9015,0.0,0.0,-2.5,-2.5
481.0003,0.0,0.0,-2.5,-2.5
481.1004,0.0,0.0,-2.5,-2.5
481.2004,0.0,0.0,-2.5,-2.5
481.3003,0.0,0.0,-2.5,-2.5
481.4003,0.0,0.0,-2.5,-2.5
481.5004,0.0,0.0,-2.5,-2.5
481.6003,0.0,0.0,-2.5,-2.5
481.7003,0.0,0.0,-2.5,-2.5
481.8003,0.0,0.0,-2.5,-2.5
481.9004,0.0,0.0,-2.5,-2.5
482.0003,0.0,0.0,-2.5,-2.5
482.1005,0.0,0.0,-2.5,-2.5
482.2003,0.0,0.0,-2.5,-2.5
482.3004,0.0,0.0,-2.5,-2.5
482.4003,0.0,0.0,-2.5,-2.5
482.5003,0.0,0.0,-2.5,-2.5
482.6003,0.0,0.0,-2.5,-2.5
482.7003,0.0,0.0,-2.5,-2.5
482.8004,0.0,0.0,-2.5,-2.5
482.9006,0.0,0.0,-2.5,-2.5
483.0003,0.0,0.0,-2.5,-2.5
483.1003,0.0,0.0,-2.5,-2.5
483.2003,0.0,0.0,-2.5,-2.5
483.3003,0.0,0.0,-2.5,-2.5
483.4003,0.0,0.0,-2.5,-2.5
483.5003,0.0,0.0,-2.5,-2.5
483.6005,0.0,0.0,-2.5,-2.5
483.7003,0.0,0.0,-2.5,-2.5
483.8004,0.0,0.0,-2.5,-2.5
483.9005,0.0,0.0,-2.5,-2.5
484.0004,0.0,0.0,-2.5,-2.5
484.1004,0.0,0.0,-2.5,-2.5
484.2004,0.0,0.0,-2.5,-2.5
484.3003,0.0,0.0,-2.5,-2.5
484.4005,0.0,0.0,-2.5,-2.5
484.5004,0.0,0.0,-2.5,-2.5
484.6003,0.0,0.0,-2.5,-2.5
484.7003,0.0,0.0,-2.5,-2.5
484.8003,0.0,0.0,-2.5,-2.5
484.9005,0.0,0.0,-2.5,-2.5
485.0003,0.0,0.0,-2.5,-2.5
485.1003,0.0,0.0,-2.5,-2.5
485.2003,0.0,0.0,-2.5,-2.5
485.3003,0.0,0.0,-2.5,-2.5
485.4005,0.0,0.0,-2.5,-2.5
485.5004,0.0,0.0,-2.5,-2.5
485.6013,0.0,0.0,-2.5,-2.5
485.7006,0.0,0.0,-2.5,-2.5
485.8003,0.0,0.0,-2.5,-2.5
485.9018,0.0,0.0,-2.5,-2.5
486.0005,0.0,0.0,-2.5,-2.5
486.1004,0.0,0.0,-2.5,-2.5
486.2003,0.0,0.0,-2.5,-2.5
486.3003,0.0,0.0,-2.5,-2.5
486.4004,0.0,0.0,-2.5,-2.5
486.5003,0.0,0.0,-2.5,-2.5
486.6003,0.0,0.0,-2.5,-2.5
486.7004,0.0,0.0,-2.5,-2.5
486.8004,0.0,0.0,-2.5,-2.5
486.9005,0.0,0.0,-2.5,-2.5
487.0003,0.0,0.0,-2.5,-2.5
487.1003,0.0,0.0,-2.5,-2.5
487.2004,0.0,0.0,-2.5,-2.5
487.3005,0.0,0.0,-2.5,-2.5
487.4007,0.0,0.0,-2.5,-2.5
487.5004,0.0,0.0,-2.5,-2.5
487.6004,0.0,0.0,-2.5,-2.5
487.7003,0.0,0.0,-2.5,-2.5
487.8005,0.0,0.0,-2.5,-2.5
487.9005,0.0,0.0,-2.5,-2.5
488.0004,0.0,0.0,-2.5,-2.5
488.1005,0.0,0.0,-2.5,-2.5
488.2013,0.0,0.0,-2.5,-2.5
488.3003,0.0,0.0,-2.5,-2.5
488.4003,0.0,0.0,-2.5,-2.5
488.5005,0.0,0.0,-2.5,-2.5
488.6003,0.0,0.0,-2.5,-2.5
488.7004,0.0,0.0,-2.5,-2.5
488.8011,0.0,0.0,-2.5,-2.5
488.9014,0.0,0.0,-2.5,-2.5
489.0003,0.0,0.0,-2.5,-2.5
489.1005,0.0,0.0,-2.5,-2.5
489.2003,0.0,0.0,-2.5,-2.5
489.3006,0.0,0.0,-2.5,-2.5
489.4003,0.0,0.0,-2.5,-2.5
489.5003,0.0,0.0,-2.5,-2.5
489.6014,0.0,0.0,-2.5,-2.5
489.7003,0.0,0.0,-2.5,-2.5
489.8004,0.0,0.0,-2.5,-2.5
489.9004,0.0,0.0,-2.5,-2.5
490.0003,0.0,0.0,-2.5,-2.5
490.1004,0.0,0.0,-2.5,-2.5
490.2007,0.0,0.0,-2.5,-2.5
490.3004,0.0,0.0,-2.5,-2.5
490.4005,0.0,0.0,-2.5,-2.5
490.5004,0.0,0.0,-2.5,-2.5
490.6005,0.0,0.0,-2.5,-2.5
490.7004,0.0,0.0,-2.5,-2.5
490.8007,0.0,0.0,-2.5,-2.5
490.9004,0.0,0.0,-2.5,-2.5
491.0004,0.0,0.0,-2.5,-2.5
491.1006,0.0,0.0,-2.5,-2.5
491.2005,0.0,0.0,-2.5,-2.5
491.3005,0.0,0.0,-2.5,-2.5
491.4004,0.0,0.0,-2.5,-2.5
491.5004,0.0,0.0,-2.5,-2.5
491.6015,0.0,0.0,-2.5,-2.5
491.7005,0.0,0.0,-2.5,-2.5
491.8005,0.0,0.0,-2.5,-2.5
491.9007,0.0,0.0,-2.5,-2.5
492.0005,0.0,0.0,-2.5,-2.5
492.1007,0.0,0.0,-2.5,-2.5
492.2005,0.0,0.0,-2.5,-2.5
492.3006,0.0,0.0,-2.5,-2.5
492.4005,0.0,0.0,-2.5,-2.5
492.5005,0.0,0.0,-2.5,-2.5
492.6007,0.0,0.0,-2.5,-2.5
492.7005,0.0,0.0,-2.5,-2.5
492.8005,0.0,0.0,-2.5,-2.5
492.9005,0.0,0.0,-2.5,-2.5
493.0005,0.0,0.0,-2.5,-2.5
493.1005,0.0,0.0,-2.5,-2.5
493.2005,0.0,0.0,-2.5,-2.5
493.3005,0.0,0.0,-2.5,-2.5
493.4005,0.0,0.0,-2.5,-2.5
493.5005,0.0,0.0,-2.5,-2.5
493.6005,0.0,0.0,-2.5,-2.5
493.7005,0.0,0.0,-2.5,-2.5
493.8005,0.0,0.0,-2.5,-2.5
493.9007,0.0,0.0,-2.5,-2.5
494.0005,0.0,0.0,-2.5,-2.5
494.1005,0.0,0.0,-2.5,-2.5
494.2005,0.0,0.0,-2.5,-2.5
494.3005,0.0,0.0,-2.5,-2.5
494.4006,0.0,0.0,-2.5,-2.5
494.5005,0.0,0.0,-2.5,-2.5
494.6005,0.0,0.0,-2.5,-2.5
494.7006,0.0,0.0,-2.5,-2.5
494.8005,0.0,0.0,-2.5,-2.5
494.9005,0.0,0.0,-2.5,-2.5
495.0005,0.0,0.0,-2.5,-2.5
495.1005,0.0,0.0,-2.5,-2.5
495.2005,0.0,0.0,-2.5,-2.5
495.3016,0.0,0.0,-2.5,-2.5
495.4005,0.0,0.0,-2.5,-2.5
495.5006,0.0,0.0,-2.5,-2.5
495.6008,0.0,0.0,-2.5,-2.5
495.7006,0.0,0.0,-2.5,-2.5
495.8006,0.0,0.0,-2.5,-2.5
495.9008,0.0,0.0,-2.5,-2.5
496.0005,0.0,0.0,-2.5,-2.5
496.1006,0.0,0.0,-2.5,-2.5
496.2006,0.0,0.0,-2.5,-2.5
496.3004,0.0,0.0,-2.5,-2.5
496.4007,0.0,0.0,-2.5,-2.5
496.5018,0.0,0.0,-2.5,-2.5
496.6015,0.0,0.0,-2.5,-2.5
496.7007,0.0,0.0,-2.5,-2.5
496.8008,0.0,0.0,-2.5,-2.5
496.9007,0.0,0.0,-2.5,-2.5
497.0006,0.0,0.0,-2.5,-2.5
497.1007,0.0,0.0,-2.5,-2.5
497.2005,0.0,0.0,-2.5,-2.5
497.3005,0.0,0.0,-2.5,-2.5
497.4005,0.0,0.0,0.0,0.0
497.5008,0.0,0.0,0.0,0.0
497.6007,0.0,0.0,0.0,0.0
497.7005,0.0,0.0,0.0,0.0
497.8005,0.0,0.0,0.0,0.0
497.9005,0.0,0.0,0.0,0.0
498.0005,0.0,0.0,0.0,0.0
498.1005,0.0,0.0,0.0,0.0
498.2005,0.0,0.0,0.0,0.0
498.3005,0.0,0.0,0.0,0.0
498.4005,0.0,0.0,0.0,0.0
498.5005,0.0,0.0,0.0,0.0
498.6006,0.0,0.0,0.0,0.0
498.7005,0.0,0.0,0.0,0.0
498.8005,0.0,0.0,0.0,0.0
498.9005,0.0,0.0,0.0,0.0
499.0005,0.0,0.0,0.0,0.0
499.1005,0.0,0.0,0.0,0.0
499.2005,0.0,0.0,0.0,0.0
499.3005,0.0,0.0,0.0,0.0
499.4005,0.0,0.0,0.0,0.0
499.5005,0.0,0.0,0.0,0.0
499.6005,0.0,0.0,0.0,0.0
499.7005,0.0,0.0,0.0,0.0
499.8005,0.0,0.0,0.0,0.0
499.9005,0.0,0.0,0.0,0.0
500.0005,0.0,0.0,0.0,0.0
500.1005,0.0,0.0,0.0,0.0
500.2005,0.0,0.0,0.0,0.0
500.3008,0.0,0.0,0.0,0.0
500.4006,0.0,0.0,0.0,0.0
500.5005,0.0,0.0,0.0,0.0
500.6005,0.0,0.0,0.0,0.0
500.7005,0.0,0.0,0.0,0.0
500.8005,0.0,0.0,0.0,0.0
500.9005,0.0,0.0,0.0,0.0
501.0008,0.0,0.0,0.0,0.0
501.1007,0.0,0.0,0.0,0.0
501.2005,0.0,0.0,0.0,0.0
501.3005,0.0,0.0,0.0,0.0
501.4005,0.0,0.0,0.0,0.0
501.5005,0.0,0.0,0.0,0.0
501.6005,0.0,0.0,0.0,0.0
501.7005,0.0,0.0,0.0,0.0
501.8005,0.0,0.0,0.0,0.0
501.9005,0.0,0.0,0.0,0.0
502.0205,0.0,0.0,0.0,0.0
502.1006,0.0,0.0,0.0,0.0
502.2005,0.0,0.0,0.0,0.0
502.3015,0.0,0.0,0.0,0.0
502.4205,0.0,0.0,0.0,0.0
502.5006,0.0,0.0,0.0,0.0
502.6006,0.0,0.0,0.0,0.0
502.7005,0.0,0.0,0.0,0.0
502.8205,0.0,0.0,0.0,0.0
502.9005,0.0,0.0,0.0,0.0
503.0005,0.0,0.0,0.0,0.0
503.1005,0.0,0.0,0.0,0.0
503.2005,0.0,0.0,0.0,0.0
503.3005,0.0,0.0,0.0,0.0
503.4205,0.0,0.0,0.0,0.0
503.5015,0.0,0.0,0.0,0.0
503.6005,0.0,0.0,0.0,0.0
503.7005,0.0,0.0,0.0,0.0
503.8206,0.0,0.0,0.0,0.0
503.9006,0.0,0.0,0.0,0.0
504.0005,0.0,0.0,0.0,0.0
504.1006,0.0,0.0,0.0,0.0
504.2005,0.0,0.0,0.0,0.0
504.3005,0.0,0.0,0.0,0.0
504.4005,0.0,0.0,0.0,0.0
504.5005,0.0,0.0,0.0,0.0
504.6005,0.0,0.0,0.0,0.0
504.7005,0.0,0.0,0.0,0.0
504.8216,0.0,0.0,0.0,0.0
504.9207,0.0,0.0,0.0,0.0
505.0005,0.0,0.0,0.0,0.0
505.1005,0.0,0.0,0.0,0.0
505.2005,0.0,0.0,0.0,0.0
505.3205,0.0,0.0,0.0,0.0
505.4005,0.0,0.0,0.0,0.0
505.5006,0.0,0.0,0.0,0.0
505.6211,0.0,0.0,0.0,0.0
505.7206,0.0,0.0,0.0,0.0
505.8206,0.0,0.0,0.0,0.0
505.9205,0.0,0.0,0.0,0.0
506.0206,0.0,0.0,0.0,0.0
506.1207,0.0,0.0,0.0,0.0
506.2205,0.0,0.0,0.0,0.0
506.3206,0.0,0.0,0.0,0.0
506.4206,0.0,0.0,0.0,0.0
506.5205,0.0,0.0,0.0,0.0
506.6205,0.0,0.0,0.0,0.0
506.7205,0.0,0.0,0.0,0.0
506.8206,0.0,0.0,0.0,0.0
506.9205,0.0,0.0,0.0,0.0
507.0206,0.0,0.0,0.0,0.0
507.1205,0.0,0.0,0.0,0.0
507.2205,0.0,0.0,0.0,0.0
507.3216,0.0,0.0,0.0,0.0
507.4206,0.0,0.0,0.0,0.0
507.5206,0.0,0.0,0.0,0.0
507.6205,0.0,0.0,0.0,0.0
507.7206,0.0,0.0,0.0,0.0
507.8205,0.0,0.0,0.0,0.0
507.9205,0.0,0.0,0.0,0.0
508.0205,0.0,0.0,0.0,0.0
508.1205,0.0,0.0,0.0,0.0
508.2205,0.0,0.0,0.0,0.0
508.3207,0.0,0.0,0.0,0.0
508.4205,0.0,0.0,0.0,0.0
508.5205,0.0,0.0,0.0,0.0
508.6215,0.0,0.0,0.0,0.0
508.7206,0.0,0.0,0.0,0.0
508.8206,0.0,0.0,0.0,0.0
508.9206,0.0,0.0,0.0,0.0
509.0205,0.0,0.0,0.0,0.0
509.1205,0.0,0.0,0.0,0.0
509.2205,0.0,0.0,0.0,0.0
509.3205,0.0,0.0,0.0,0.0
509.4205,0.0,0.0,0.0,0.0
509.5205,0.0,0.0,0.0,0.0
509.6205,0.0,0.0,0.0,0.0
509.7205,0.0,0.0,0.0,0.0
509.8206,0.0,0.0,0.0,0.0
509.9206,0.0,0.0,0.0,0.0
510.0206,0.0,0.0,0.0,0.0
510.1205,0.0,0.0,0.0,0.0
510.2206,0.0,0.0,0.0,0.0
510.3206,0.0,0.0,0.0,0.0
510.4206,0.0,0.0,0.0,0.0
510.5205,0.0,0.0,0.0,0.0
510.6205,0.0,0.0,0.0,0.0
510.7206,0.0,0.0,0.0,0.0
510.8205,0.0,0.0,0.0,0.0
510.9206,0.0,0.0,0.0,0.0
511.0206,0.0,0.0,0.0,0.0
511.1205,0.0,0.0,0.0,0.0
511.2206,0.0,0.0,0.0,0.0
511.3207,0.0,0.0,0.0,0.0
511.4206,0.0,0.0,0.0,0.0
511.5205,0.0,0.0,0.0,0.0
511.6205,0.0,0.0,0.0,0.0
511.7206,0.0,0.0,0.0,0.0
511.8205,0.0,0.0,0.0,0.0
511.9206,0.0,0.0,0.0,0.0
512.0217,0.0,0.0,0.0,0.0
512.1206,0.0,0.0,0.0,0.0
512.2206,0.0,0.0,0.0,0.0
512.3205,0.0,0.0,0.0,0.0
512.4206,0.0,0.0,0.0,0.0
512.5205,0.0,0.0,0.0,0.0
512.6206,0.0,0.0,0.0,0.0
512.7215,0.0,0.0,0.0,0.0
512.8206,0.0,0.0,0.0,0.0
512.9216,0.0,0.0,0.0,0.0
513.0207,0.0,0.0,0.0,0.0
513.1206,0.0,0.0,0.0,0.0
513.2206,0.0,0.0,0.0,0.0
513.3206,0.0,0.0,0.0,0.0
513.4217,0.0,0.0,0.0,0.0
513.5206,0.0,0.0,0.0,0.0
513.6206,0.0,0.0,0.0,0.0
513.7206,0.0,0.0,0.0,0.0
513.8205,0.0,0.0,0.0,0.0
513.9209,0.0,0.0,0.0,0.0
514.0206,0.0,0.0,0.0,0.0
514.1206,0.0,0.0,0.0,0.0
514.2205,0.0,0.0,0.0,0.0
514.3206,0.0,0.0,0.0,0.0
514.4205,0.0,0.0,0.0,0.0
514.5205,0.0,0.0,0.0,0.0
514.6206,0.0,0.0,0.0,0.0
514.7215,0.0,0.0,0.0,0.0
514.8205,0.0,0.0,0.0,0.0
514.9205,0.0,0.0,0.0,0.0
515.0205,0.0,0.0,0.0,0.0
515.1216,0.0,0.0,0.0,0.0
515.2205,0.0,0.0,0.0,0.0
515.3205,0.0,0.0,0.0,0.0
515.4216,0.0,0.0,0.0,0.0
515.5205,0.0,0.0,0.0,0.0
515.6208,0.0,0.0,0.0,0.0
515.7206,0.0,0.0,0.0,0.0
515.8215,0.0,0.0,0.0,0.0
515.9205,0.0,0.0,0.0,0.0
516.0205,0.0,0.0,0.0,0.0
516.1205,0.0,0.0,0.0,0.0
516.2206,0.0,0.0,0.0,0.0
516.3206,0.0,0.0,0.0,0.0
516.4205,0.0,0.0,0.0,0.0
516.5205,0.0,0.0,0.0,0.0
516.6205,0.0,0.0,0.0,0.0
516.7205,0.0,0.0,0.0,0.0
516.8205,0.0,0.0,0.0,0.0
516.9205,0.0,0.0,0.0,0.0
517.0207,0.0,0.0,0.0,0.0
517.1206,0.0,0.0,0.0,0.0
517.2205,0.0,0.0,0.0,0.0
517.3205,0.0,0.0,0.0,0.0
517.4206,0.0,0.0,0.0,0.0
517.5205,0.0,0.0,0.0,0.0
517.6206,0.0,0.0,0.0,0.0
517.7207,0.0,0.0,0.0,0.0
517.8206,0.0,0.0,0.0,0.0
517.9205,0.0,0.0,0.0,0.0
518.0207,0.0,0.0,0.0,0.0
518.1206,0.0,0.0,0.0,0.0
518.2205,0.0,0.0,0.0,0.0
518.3205,0.0,0.0,0.0,0.0
518.4205,0.0,0.0,0.0,0.0
518.5206,0.0,0.0,0.0,0.0
518.6206,0.0,0.0,0.0,0.0
518.7206,0.0,0.0,0.0,0.0
518.8205,0.0,0.0,0.0,0.0
518.9205,0.0,0.0,0.0,0.0
