index,current_time,vehicle_type,x,y,z,speed,vehicle_pitch,waypoint_pitch,calculated_speed,smoothed_speed
0,1712345245.23067,vehicle.toyota.prius,122.678939819336,-216.113525390625,249.995147705078,0,-0.0022266416344791,1.3413370847702,0,0
1,1712345245.33335,vehicle.toyota.prius,122.678939819336,-216.113525390625,249.995147705078,0,-0.0022266416344791,1.3413370847702,0,0
2,1712345245.43583,vehicle.toyota.prius,122.678939819336,-216.113525390625,249.995147705078,0,-0.0022266416344791,1.3413370847702,0,0
3,1712345245.53878,vehicle.toyota.prius,122.678939819336,-216.113525390625,249.995147705078,0,-0.0022266416344791,1.3413370847702,0,0
4,1712345245.64136,vehicle.toyota.prius,122.678939819336,-216.113525390625,249.995147705078,0,-0.0022266416344791,1.3413370847702,0,0
5,1712345245.74314,vehicle.toyota.prius,122.678939819336,-216.113525390625,249.995147705078,0,-0.0022266416344791,1.3413370847702,0,0
6,1712345245.84542,vehicle.toyota.prius,122.678939819336,-216.113525390625,249.995147705078,0,-0.0022266416344791,1.3413370847702,0,0
7,1712345245.94856,vehicle.toyota.prius,122.678939819336,-216.113525390625,249.995147705078,0,-0.0022266416344791,1.3413370847702,0,0
8,1712345246.05083,vehicle.toyota.prius,122.678939819336,-216.113525390625,249.995147705078,0,-0.0022266416344791,1.3413370847702,0,0
9,1712345246.15302,vehicle.toyota.prius,122.678939819336,-216.113525390625,249.995147705078,0,-0.0022266416344791,1.3413370847702,0,0
10,1712345246.25552,vehicle.toyota.prius,122.678939819336,-216.113525390625,249.995147705078,0,-0.0022266416344791,1.3413370847702,0,0
11,1712345246.35763,vehicle.toyota.prius,122.678939819336,-216.113525390625,249.995147705078,0,-0.0022266416344791,1.3413370847702,0,0
12,1712345246.46002,vehicle.toyota.prius,122.678939819336,-216.113525390625,249.995147705078,0,-0.0022266416344791,1.3413370847702,0,0
13,1712345246.56236,vehicle.toyota.prius,122.678939819336,-216.113525390625,249.995147705078,0,-0.0022266416344791,1.3413370847702,0,0
14,1712345246.66482,vehicle.toyota.prius,122.678939819336,-216.113525390625,249.995147705078,0,-0.0022266416344791,1.3413370847702,0,0
15,1712345246.76722,vehicle.toyota.prius,122.678939819336,-216.113525390625,249.995147705078,0,-0.0022266416344791,1.3413370847702,0,0
16,1712345246.86902,vehicle.toyota.prius,122.678939819336,-216.113525390625,249.995147705078,0,-0.0022266416344791,1.3413370847702,0,0
17,1712345246.97085,vehicle.toyota.prius,122.678939819336,-216.113525390625,249.995147705078,0,-0.0022266416344791,1.3413370847702,0,0
18,1712345247.0728,vehicle.toyota.prius,122.678939819336,-216.113525390625,249.995147705078,0,-0.0022266416344791,1.3413370847702,0,0
19,1712345247.17471,vehicle.toyota.prius,122.678939819336,-216.113525390625,249.995147705078,0,-0.0022266416344791,1.3413370847702,0,0
20,1712345247.27667,vehicle.toyota.prius,122.678939819336,-216.113525390625,249.995147705078,0,-0.0022266416344791,1.3413370847702,0,0
21,1712345247.37938,vehicle.toyota.prius,122.678939819336,-216.113525390625,249.995147705078,0,-0.0022266416344791,1.3413370847702,0,0
22,1712345247.48111,vehicle.toyota.prius,122.678939819336,-216.113525390625,249.995147705078,0,-0.0022266416344791,1.3413370847702,0,0
23,1712345247.58294,vehicle.toyota.prius,122.678939819336,-216.113525390625,249.995147705078,0,-0.0022266416344791,1.3413370847702,0,0
24,1712345247.68604,vehicle.toyota.prius,122.678939819336,-216.113525390625,249.995147705078,0,-0.0022266416344791,1.3413370847702,0,0
25,1712345247.78824,vehicle.toyota.prius,122.678939819336,-216.113525390625,249.995147705078,0,-0.0022266416344791,1.3413370847702,0,0
26,1712345247.89005,vehicle.toyota.prius,122.678939819336,-216.113525390625,249.995147705078,0,-0.0022266416344791,1.3413370847702,0,0
27,1712345247.99313,vehicle.toyota.prius,122.678939819336,-216.113525390625,249.995147705078,0,-0.0022266416344791,1.3413370847702,0,0
28,1712345248.09492,vehicle.toyota.prius,122.678939819336,-216.113525390625,249.995147705078,0,-0.0022266416344791,1.3413370847702,0,0
29,1712345248.19681,vehicle.toyota.prius,122.678939819336,-216.113525390625,249.995147705078,0,-0.0022266416344791,1.3413370847702,0,0
30,1712345248.29918,vehicle.toyota.prius,122.678939819336,-216.113525390625,249.995147705078,0,-0.0022266416344791,1.3413370847702,0,0
31,1712345248.40123,vehicle.toyota.prius,122.678939819336,-216.113525390625,249.995147705078,0,-0.0022266416344791,1.3413370847702,0,0
32,1712345248.5044,vehicle.toyota.prius,122.678939819336,-216.113525390625,249.995147705078,0,-0.0022266416344791,1.3413370847702,0,0
33,1712345248.6069,vehicle.toyota.prius,122.678939819336,-216.113525390625,249.995147705078,0,-0.0022266416344791,1.3413370847702,0,0
34,1712345248.70936,vehicle.toyota.prius,122.678939819336,-216.113525390625,249.995147705078,0,-0.0022266416344791,1.3413370847702,0,0
35,1712345248.81233,vehicle.toyota.prius,122.678939819336,-216.113525390625,249.995147705078,0,-0.0022266416344791,1.3413370847702,0,0
36,1712345248.91457,vehicle.toyota.prius,122.678939819336,-216.113525390625,249.995147705078,0,-0.0022266416344791,1.3413370847702,0,0
37,1712345249.01767,vehicle.toyota.prius,122.678939819336,-216.113525390625,249.995147705078,0,-0.0022266416344791,1.3413370847702,0,0
38,1712345249.11981,vehicle.toyota.prius,122.678939819336,-216.113525390625,249.995147705078,0,-0.0022266416344791,1.3413370847702,0,0
39,1712345249.22169,vehicle.toyota.prius,122.678939819336,-216.113525390625,249.995147705078,0,-0.0022266416344791,1.3413370847702,0,0
40,1712345249.32354,vehicle.toyota.prius,122.678939819336,-216.113525390625,249.995147705078,0,-0.0022266416344791,1.3413370847702,0,0
41,1712345249.42658,vehicle.toyota.prius,122.678939819336,-216.113525390625,249.995147705078,0,-0.0022266416344791,1.3413370847702,0,0
42,1712345249.52853,vehicle.toyota.prius,122.678939819336,-216.113525390625,249.995147705078,0,-0.0022266416344791,1.3413370847702,0,0
43,1712345249.63197,vehicle.toyota.prius,122.678939819336,-216.113525390625,249.995147705078,0,-0.0022266416344791,1.3413370847702,0,0
44,1712345249.73419,vehicle.toyota.prius,122.678939819336,-216.113525390625,249.995147705078,0,-0.0022266416344791,1.3413370847702,0,0
45,1712345249.83676,vehicle.toyota.prius,122.678939819336,-216.113525390625,249.995147705078,0,-0.0022266416344791,1.3413370847702,0,0
46,1712345249.93856,vehicle.toyota.prius,122.678939819336,-216.113525390625,249.995147705078,0,-0.0022266416344791,1.3413370847702,0,0
47,1712345250.04103,vehicle.toyota.prius,122.678939819336,-216.113525390625,249.995147705078,0,-0.0022266416344791,1.3413370847702,0,0
48,1712345250.14308,vehicle.toyota.prius,122.678939819336,-216.113525390625,249.995147705078,0,-0.0022266416344791,1.3413370847702,0,0
49,1712345250.24594,vehicle.toyota.prius,122.678939819336,-216.113525390625,249.995147705078,0,-0.0022266416344791,1.3413370847702,0,0
50,1712345250.34859,vehicle.toyota.prius,122.678939819336,-216.113525390625,249.995147705078,0,-0.0022266416344791,1.3413370847702,0,0
51,1712345250.45139,vehicle.toyota.prius,122.678939819336,-216.113525390625,249.995147705078,0,-0.0022266416344791,1.3413370847702,0,0
52,1712345250.55316,vehicle.toyota.prius,122.678939819336,-216.113525390625,249.995147705078,0,-0.0022266416344791,1.3413370847702,0,0
53,1712345250.65525,vehicle.toyota.prius,122.678939819336,-216.113525390625,249.995147705078,0,-0.0022266416344791,1.3413370847702,0,0
54,1712345250.75745,vehicle.toyota.prius,122.678939819336,-216.113525390625,249.995147705078,0,-0.0022266416344791,1.3413370847702,0,0
55,1712345250.85992,vehicle.toyota.prius,122.678939819336,-216.113525390625,249.995147705078,0,-0.0022266416344791,1.3413370847702,0,0
56,1712345250.96169,vehicle.toyota.prius,122.678939819336,-216.113525390625,249.995147705078,0,-0.0022266416344791,1.3413370847702,0,0
57,1712345251.0637,vehicle.toyota.prius,122.678939819336,-216.113525390625,249.995147705078,0,-0.0022266416344791,1.3413370847702,0,0
58,1712345251.16567,vehicle.toyota.prius,122.678939819336,-216.113525390625,249.995147705078,0,-0.0022266416344791,1.3413370847702,0,0
59,1712345251.26749,vehicle.toyota.prius,122.678939819336,-216.113525390625,249.995147705078,0,-0.0022266416344791,1.3413370847702,0,0
60,1712345251.37052,vehicle.toyota.prius,122.678939819336,-216.113525390625,249.995147705078,0,-0.0022266416344791,1.3413370847702,0,0
61,1712345251.47243,vehicle.toyota.prius,122.678939819336,-216.113525390625,249.995147705078,0,-0.0022266416344791,1.3413370847702,0,0
62,1712345251.57455,vehicle.toyota.prius,122.678939819336,-216.113525390625,249.995147705078,0,-0.0022266416344791,1.3413370847702,0,0
63,1712345251.67734,vehicle.toyota.prius,122.678939819336,-216.113525390625,249.995147705078,0,-0.0022266416344791,1.3413370847702,0,0
64,1712345251.77934,vehicle.toyota.prius,122.678939819336,-216.113525390625,249.995147705078,0,-0.0022266416344791,1.3413370847702,0,0
65,1712345251.88181,vehicle.toyota.prius,122.678939819336,-216.113525390625,249.995147705078,0,-0.0022266416344791,1.3413370847702,0,0
66,1712345251.98422,vehicle.toyota.prius,122.678939819336,-216.113525390625,249.995147705078,0,-0.0022266416344791,1.3413370847702,0,0
67,1712345252.08717,vehicle.toyota.prius,122.678939819336,-216.113525390625,249.995147705078,0,-0.0022266416344791,1.3413370847702,0,0
68,1712345252.18895,vehicle.toyota.prius,122.678939819336,-216.113525390625,249.995147705078,0,-0.0022266416344791,1.3413370847702,0,0
69,1712345252.29074,vehicle.toyota.prius,122.678939819336,-216.113525390625,249.995147705078,0,-0.0022266416344791,1.3413370847702,0,0
70,1712345252.39296,vehicle.toyota.prius,122.678939819336,-216.113525390625,249.995147705078,0,-0.0022266416344791,1.3413370847702,0,0
71,1712345252.49506,vehicle.toyota.prius,122.678939819336,-216.113525390625,249.995147705078,0,-0.0022266416344791,1.3413370847702,0,0
72,1712345252.59682,vehicle.toyota.prius,122.678939819336,-216.113525390625,249.995147705078,0,-0.0022266416344791,1.3413370847702,0,0
73,1712345252.69997,vehicle.toyota.prius,122.678939819336,-216.113525390625,249.995147705078,0,-0.0022266416344791,1.3413370847702,0,0
74,1712345252.80195,vehicle.toyota.prius,122.678939819336,-216.113525390625,249.995147705078,0,-0.0022266416344791,1.3413370847702,0,0
75,1712345252.90415,vehicle.toyota.prius,122.678939819336,-216.113525390625,249.995147705078,0,-0.0022266416344791,1.3413370847702,0,0
76,1712345253.00596,vehicle.toyota.prius,122.678939819336,-216.113525390625,249.995147705078,0,-0.0022266416344791,1.3413370847702,0,0
77,1712345253.10782,vehicle.toyota.prius,122.678939819336,-216.113525390625,249.995147705078,0,-0.0022266416344791,1.3413370847702,0,0
78,1712345253.20971,vehicle.toyota.prius,122.678939819336,-216.113525390625,249.995147705078,0,-0.0022266416344791,1.3413370847702,0,0
79,1712345253.31159,vehicle.toyota.prius,122.678939819336,-216.113525390625,249.995147705078,0,-0.0022266416344791,1.3413370847702,0,0
80,1712345253.41382,vehicle.toyota.prius,122.678939819336,-216.113525390625,249.995147705078,0,-0.0022266416344791,1.3413370847702,0,0
81,1712345253.51656,vehicle.toyota.prius,122.678939819336,-216.113525390625,249.995147705078,0,-0.0022266416344791,1.3413370847702,0,0
82,1712345253.61872,vehicle.toyota.prius,122.678939819336,-216.113525390625,249.995147705078,0,-0.0022266416344791,1.3413370847702,0,0
83,1712345253.7217,vehicle.toyota.prius,122.678939819336,-216.113525390625,249.995147705078,0,-0.0022266416344791,1.3413370847702,0,0
84,1712345253.82475,vehicle.toyota.prius,122.678939819336,-216.113525390625,249.995147705078,0,-0.0022266416344791,1.3413370847702,0,0
85,1712345253.92657,vehicle.toyota.prius,122.678939819336,-216.113525390625,249.995147705078,0,-0.0022266416344791,1.3413370847702,0,0
86,1712345254.02837,vehicle.toyota.prius,122.678939819336,-216.113525390625,249.995147705078,0,-0.0022266416344791,1.3413370847702,0,0
87,1712345254.13057,vehicle.toyota.prius,122.678939819336,-216.113525390625,249.995147705078,0,-0.0022266416344791,1.3413370847702,0,0
88,1712345254.23278,vehicle.toyota.prius,122.678939819336,-216.113525390625,249.995147705078,0,-0.0022266416344791,1.3413370847702,0,0
89,1712345254.33472,vehicle.toyota.prius,122.678939819336,-216.113525390625,249.995147705078,0,-0.0022266416344791,1.3413370847702,0,0
90,1712345254.43678,vehicle.toyota.prius,122.678939819336,-216.113525390625,249.995147705078,0,-0.0022266416344791,1.3413370847702,0,0
91,1712345254.53907,vehicle.toyota.prius,122.678939819336,-216.113525390625,249.995147705078,0,-0.0022266416344791,1.3413370847702,0,0
92,1712345254.64244,vehicle.toyota.prius,122.678939819336,-216.113525390625,249.995147705078,0,-0.0022266416344791,1.3413370847702,0,0
93,1712345254.74489,vehicle.toyota.prius,122.678939819336,-216.113525390625,249.995147705078,0,-0.0022266416344791,1.3413370847702,0,0
94,1712345254.84708,vehicle.toyota.prius,122.678939819336,-216.113525390625,249.995147705078,0,-0.0022266416344791,1.3413370847702,0,0
95,1712345254.94949,vehicle.toyota.prius,122.678939819336,-216.113525390625,249.995147705078,0,-0.0022266416344791,1.3413370847702,0,0
96,1712345255.05194,vehicle.toyota.prius,122.678939819336,-216.113525390625,249.995147705078,0,-0.0022266416344791,1.3413370847702,0,0
97,1712345255.15484,vehicle.toyota.prius,122.678939819336,-216.113525390625,249.995147705078,0,-0.0022266416344791,1.3413370847702,0,0
98,1712345255.25663,vehicle.toyota.prius,122.678939819336,-216.113525390625,249.995147705078,0,-0.0022266416344791,1.3413370847702,0,0
99,1712345255.35843,vehicle.toyota.prius,122.678939819336,-216.113525390625,249.995147705078,0,-0.0022266416344791,1.3413370847702,0,0
100,1712345255.46021,vehicle.toyota.prius,122.678939819336,-216.113525390625,249.995147705078,0,-0.0022266416344791,1.3413370847702,0,0
101,1712345255.56204,vehicle.toyota.prius,122.678939819336,-216.113525390625,249.995147705078,0,-0.0022266416344791,1.3413370847702,0,0
102,1712345255.66489,vehicle.toyota.prius,122.678939819336,-216.113525390625,249.995147705078,0,-0.0022266416344791,1.3413370847702,0,0
103,1712345255.7671,vehicle.toyota.prius,122.678939819336,-216.113525390625,249.995147705078,0,-0.0022266416344791,1.3413370847702,0,0
104,1712345255.86952,vehicle.toyota.prius,122.678939819336,-216.113525390625,249.995147705078,0,-0.0022266416344791,1.3413370847702,0,0
105,1712345255.97139,vehicle.toyota.prius,122.678939819336,-216.113525390625,249.995147705078,0,-0.0022266416344791,1.3413370847702,0,0
106,1712345256.07318,vehicle.toyota.prius,122.678939819336,-216.113525390625,249.995147705078,0,-0.0022266416344791,1.3413370847702,0,0
107,1712345256.17512,vehicle.toyota.prius,122.678939819336,-216.113525390625,249.995147705078,0,-0.0022266416344791,1.3413370847702,0,0
108,1712345256.27697,vehicle.toyota.prius,122.678939819336,-216.113525390625,249.995147705078,0,-0.0022266416344791,1.3413370847702,0,0
109,1712345256.37893,vehicle.toyota.prius,122.678939819336,-216.113525390625,249.995147705078,0,-0.0022266416344791,1.3413370847702,0,0
110,1712345256.48076,vehicle.toyota.prius,122.678939819336,-216.113525390625,249.995147705078,0,-0.0022266416344791,1.3413370847702,0,0
111,1712345256.58337,vehicle.toyota.prius,122.678939819336,-216.113525390625,249.995147705078,0,-0.0022266416344791,1.3413370847702,0,0
112,1712345256.6856,vehicle.toyota.prius,122.678939819336,-216.113525390625,249.995147705078,0,-0.0022266416344791,1.3413370847702,0,0
113,1712345256.78779,vehicle.toyota.prius,122.678939819336,-216.113525390625,249.995147705078,0,-0.0022266416344791,1.3413370847702,0,0
114,1712345256.88974,vehicle.toyota.prius,122.678939819336,-216.113525390625,249.995147705078,0,-0.0022266416344791,1.3413370847702,0,0
115,1712345256.99178,vehicle.toyota.prius,122.678939819336,-216.113525390625,249.995147705078,0,-0.0022266416344791,1.3413370847702,0,0
116,1712345257.09476,vehicle.toyota.prius,122.678939819336,-216.113525390625,249.995147705078,0,-0.0022266416344791,1.3413370847702,0,0
117,1712345257.19672,vehicle.toyota.prius,122.678939819336,-216.113525390625,249.995147705078,0,-0.0022266416344791,1.3413370847702,0,0
118,1712345257.29979,vehicle.toyota.prius,122.678939819336,-216.113525390625,249.995147705078,0,-0.0022266416344791,1.3413370847702,0,0
119,1712345257.40174,vehicle.toyota.prius,122.678939819336,-216.113525390625,249.995147705078,0,-0.0022266416344791,1.3413370847702,0,0
120,1712345257.50397,vehicle.toyota.prius,122.678939819336,-216.113525390625,249.995147705078,0,-0.0022266416344791,1.3413370847702,0,0
121,1712345257.60621,vehicle.toyota.prius,122.678939819336,-216.113525390625,249.995147705078,0,-0.0022266416344791,1.3413370847702,0,0
122,1712345257.70818,vehicle.toyota.prius,122.678939819336,-216.113525390625,249.995147705078,0,-0.0022266416344791,1.3413370847702,0,0
123,1712345257.81115,vehicle.toyota.prius,122.678939819336,-216.113525390625,249.995147705078,0,-0.0022266416344791,1.3413370847702,0,0
124,1712345257.9144,vehicle.toyota.prius,122.678939819336,-216.113525390625,249.995147705078,0,-0.0022266416344791,1.3413370847702,0,0
125,1712345258.01633,vehicle.toyota.prius,122.678939819336,-216.113525390625,249.995147705078,0,-0.0022266416344791,1.3413370847702,0,0
126,1712345258.1185,vehicle.toyota.prius,122.678939819336,-216.113525390625,249.995147705078,0,-0.0022266416344791,1.3413370847702,0,0
127,1712345258.22059,vehicle.toyota.prius,122.678939819336,-216.113525390625,249.995147705078,0,-0.0022266416344791,1.3413370847702,0,0
128,1712345258.32259,vehicle.toyota.prius,122.678939819336,-216.113525390625,249.995147705078,0,-0.0022266416344791,1.3413370847702,0,0
129,1712345258.42437,vehicle.toyota.prius,122.678939819336,-216.113525390625,249.995147705078,0,-0.0022266416344791,1.3413370847702,0,0
130,1712345258.52674,vehicle.toyota.prius,122.678939819336,-216.113525390625,249.995147705078,0,-0.0022266416344791,1.3413370847702,0,0
131,1712345258.62861,vehicle.toyota.prius,122.678939819336,-216.113525390625,249.995147705078,0,-0.0022266416344791,1.3413370847702,0,0
132,1712345258.73091,vehicle.toyota.prius,122.678939819336,-216.113525390625,249.995147705078,0,-0.0022266416344791,1.3413370847702,0,0
133,1712345258.833,vehicle.toyota.prius,122.678939819336,-216.113525390625,249.995147705078,0,-0.0022266416344791,1.3413370847702,0,0
134,1712345258.93521,vehicle.toyota.prius,122.678939819336,-216.113525390625,249.995147705078,0,-0.0022266416344791,1.3413370847702,0,0
135,1712345259.03736,vehicle.toyota.prius,122.678939819336,-216.113525390625,249.995147705078,0,-0.0022266416344791,1.3413370847702,0,0
136,1712345259.13936,vehicle.toyota.prius,122.678939819336,-216.113525390625,249.995147705078,0,-0.0022266416344791,1.3413370847702,0,0
137,1712345259.24113,vehicle.toyota.prius,122.678939819336,-216.113525390625,249.995147705078,0,-0.0022266416344791,1.3413370847702,0,0
138,1712345259.34288,vehicle.toyota.prius,122.678939819336,-216.113525390625,249.995147705078,0,-0.0022266416344791,1.3413370847702,0,0
139,1712345259.44483,vehicle.toyota.prius,122.678939819336,-216.113525390625,249.995147705078,0,-0.0022266416344791,1.3413370847702,0,0
140,1712345259.54692,vehicle.toyota.prius,122.678939819336,-216.113525390625,249.995147705078,0,-0.0022266416344791,1.3413370847702,0,0
141,1712345259.65019,vehicle.toyota.prius,122.678939819336,-216.113525390625,249.995147705078,0,-0.0022266416344791,1.3413370847702,0,0
142,1712345259.75232,vehicle.toyota.prius,122.678939819336,-216.113525390625,249.995147705078,0,-0.0022266416344791,1.3413370847702,0,0
143,1712345259.85472,vehicle.toyota.prius,122.678939819336,-216.113525390625,249.995147705078,0,-0.0022266416344791,1.3413370847702,0,0
144,1712345259.95686,vehicle.toyota.prius,122.678939819336,-216.113525390625,249.995147705078,0,-0.0022266416344791,1.3413370847702,0,0
145,1712345260.0596,vehicle.toyota.prius,122.678939819336,-216.113525390625,249.995147705078,0,-0.0022266416344791,1.3413370847702,0,0
146,1712345260.162,vehicle.toyota.prius,122.678939819336,-216.113525390625,249.995147705078,0,-0.0022266416344791,1.3413370847702,0,0
147,1712345260.26406,vehicle.toyota.prius,122.678939819336,-216.113525390625,249.995147705078,0,-0.0022266416344791,1.3413370847702,0,0
148,1712345260.36603,vehicle.toyota.prius,122.678939819336,-216.113525390625,249.995147705078,0,-0.0022266416344791,1.3413370847702,0,0
149,1712345260.46782,vehicle.toyota.prius,122.678939819336,-216.113525390625,249.995147705078,0,-0.0022266416344791,1.3413370847702,0,0
150,1712345260.57086,vehicle.toyota.prius,122.678939819336,-216.113525390625,249.995147705078,0,-0.0022266416344791,1.3413370847702,0,0
151,1712345260.67304,vehicle.toyota.prius,122.678939819336,-216.113525390625,249.995147705078,0,-0.0022266416344791,1.3413370847702,0,0
152,1712345260.77514,vehicle.toyota.prius,122.678939819336,-216.113525390625,249.995147705078,0,-0.0022266416344791,1.3413370847702,0,0
153,1712345260.87689,vehicle.toyota.prius,122.678939819336,-216.113525390625,249.995147705078,0,-0.0022266416344791,1.3413370847702,0,0
154,1712345260.97921,vehicle.toyota.prius,122.678939819336,-216.113525390625,249.995147705078,0,-0.0022266416344791,1.3413370847702,0,0
155,1712345261.08219,vehicle.toyota.prius,122.678939819336,-216.113525390625,249.995147705078,0,-0.0022266416344791,1.3413370847702,0,0
156,1712345261.18406,vehicle.toyota.prius,122.678939819336,-216.113525390625,249.995147705078,0,-0.0022266416344791,1.3413370847702,0,0
157,1712345261.28605,vehicle.toyota.prius,122.678939819336,-216.113525390625,249.995147705078,0,-0.0022266416344791,1.3413370847702,0,0
158,1712345261.38849,vehicle.toyota.prius,122.678939819336,-216.113525390625,249.995147705078,0,-0.0022266416344791,1.3413370847702,0,0
159,1712345261.49048,vehicle.toyota.prius,122.678939819336,-216.113525390625,249.995147705078,0,-0.0022266416344791,1.3413370847702,0,0
160,1712345261.59262,vehicle.toyota.prius,122.678939819336,-216.113525390625,249.995147705078,0,-0.0022266416344791,1.3413370847702,0,0
161,1712345261.69559,vehicle.toyota.prius,122.678939819336,-216.113525390625,249.995147705078,0,-0.0022266416344791,1.3413370847702,0,0
162,1712345261.79766,vehicle.toyota.prius,122.678939819336,-216.113525390625,249.995147705078,0,-0.0022266416344791,1.3413370847702,0,0
163,1712345261.89977,vehicle.toyota.prius,122.678939819336,-216.113525390625,249.995147705078,0,-0.0022266416344791,1.3413370847702,0,0
164,1712345262.00212,vehicle.toyota.prius,122.27091217041,-216.166046142578,244.095153808594,0,-0.0022266416344791,1.33772671222687,0.666653359206306,0.0499990019404737
165,1712345262.10452,vehicle.toyota.prius,122.229682922363,-216.077178955078,244.095153808594,0,-0.0022266416344791,1.3357264995575,1.35799788641127,0.148098918275785
166,1712345262.20666,vehicle.toyota.prius,122.196708679199,-215.977203369141,244.095169067383,0,-0.0022266416344791,1.33357298374176,2.09795006676637,0.294337754412581
167,1712345262.30861,vehicle.toyota.prius,122.163726806641,-215.888336181641,244.095169067383,0,-0.0022266416344791,1.33156585693359,2.76727679820795,0.479808182697236
168,1712345262.4105,vehicle.toyota.prius,122.138984680176,-215.799468994141,244.095169067383,0,-0.0022266416344791,1.3296138048172,3.4143477290717,0.699898648675323
169,1712345262.51248,vehicle.toyota.prius,122.073013305664,-215.632843017578,244.095169067383,0,-0.0022266416344791,1.32668030261993,4.01336213371788,0.948408410053517
170,1712345262.61484,vehicle.toyota.prius,122.0400390625,-215.555068969727,244.095169067383,0,-0.0022266416344791,1.32472252845764,3.91476076035136,1.17088483632586
171,1712345262.71756,vehicle.toyota.prius,121.965827941895,-215.399566650391,244.095169067383,0,-0.0022266416344791,1.32058453559875,4.37979917578707,1.41155341178545
172,1712345262.81975,vehicle.toyota.prius,121.875114440918,-215.244033813477,244.095184326172,0,-0.0022266416344791,1.31606090068817,4.96974830390865,1.67841802869469
173,1712345262.92234,vehicle.toyota.prius,121.800903320313,-215.110733032227,244.095184326172,0,-0.0022266416344791,1.3120893239975,5.40154777528079,1.95765275968865
174,1712345263.02427,vehicle.toyota.prius,121.693717956543,-214.888565063477,244.09521484375,0,-0.0022266416344791,1.30542314052582,5.87107874681762,2.25115970872333
175,1712345263.12614,vehicle.toyota.prius,121.652488708496,-214.821929931641,244.09521484375,0,-0.0022266416344791,1.30322372913361,5.83396063095197,2.51986977789048
176,1712345263.22792,vehicle.toyota.prius,121.545288085938,-214.621963500977,244.09521484375,0,-0.0022266416344791,1.29796040058136,6.22781973555711,2.79796602471548
177,1712345263.3306,vehicle.toyota.prius,121.446334838867,-214.433135986328,244.095230102539,0,-0.0022266416344791,1.29159045219421,6.45051881135743,3.07190748371362
178,1712345263.43272,vehicle.toyota.prius,121.347389221191,-214.255401611328,244.095230102539,0,-0.0022266416344791,1.2852725982666,6.80942030597824,3.35222094538347
179,1712345263.53489,vehicle.toyota.prius,121.256683349609,-214.088760375977,244.095245361328,0,-0.0021993208210915,1.27917289733887,6.4160887519825,3.5820110308784
180,1712345263.63788,vehicle.toyota.prius,121.165992736816,-213.877716064453,244.095245361328,0,-0.0021993208210915,1.27184343338013,7.46858823814656,3.87350432142351
181,1712345263.73993,vehicle.toyota.prius,121.067039489746,-213.611114501953,244.095245361328,0,-0.0021993208210915,1.26323711872101,7.86125421313444,4.17258556330183
182,1712345263.84289,vehicle.toyota.prius,121.009323120117,-213.411163330078,244.095260620117,0,-0.0021993208210915,1.25592362880707,7.82609091191647,4.44659846444793
183,1712345263.94515,vehicle.toyota.prius,120.918617248535,-213.133453369141,244.095260620117,0,-0.0021993208210915,1.24519550800323,8.44825513664358,4.74672271486261
184,1712345264.0469,vehicle.toyota.prius,120.827919006348,-212.944610595703,244.095291137695,0,-0.0021993208210915,1.23710906505585,8.59805440490648,5.0355725916159
185,1712345264.14949,vehicle.toyota.prius,120.712478637695,-212.700225830078,244.195281982422,0,-0.0021993208210915,1.22777092456818,8.90957993257005,5.32612314218746
186,1712345264.25247,vehicle.toyota.prius,120.597038269043,-212.444717407227,244.1953125,0,-0.0021993208210915,1.21619594097137,8.88512050343024,5.59304794428067
187,1712345264.35458,vehicle.toyota.prius,120.465103149414,-212.167022705078,244.195327758789,0,-0.0021993208210915,1.20299696922302,9.58840004041437,5.8926993514907
188,1712345264.45642,vehicle.toyota.prius,120.366157531738,-211.922637939453,244.195327758789,0,-0.0021993208210915,1.19287478923798,9.39640780858533,6.1554774857728
189,1712345264.55822,vehicle.toyota.prius,120.234222412109,-211.633819580078,244.195343017578,0,-0.0021993208210915,1.1782351732254,10.151009946253,6.45514242030881
190,1712345264.66014,vehicle.toyota.prius,120.118789672852,-211.378311157227,244.195343017578,0,-0.0021993208210915,1.16488683223724,10.2061703058952,6.73646951172779
191,1712345264.76269,vehicle.toyota.prius,119.986854553223,-211.078399658203,244.195358276367,0,-0.0021993208210915,1.14873087406158,10.539312473242,7.02168273384136
192,1712345264.86462,vehicle.toyota.prius,119.854927062988,-210.800674438477,244.195358276367,0,-0.0021651699207723,1.13481521606445,10.4984545059621,7.28244061675041
193,1712345264.96703,vehicle.toyota.prius,119.714744567871,-210.500762939453,244.195388793945,0,-0.0021651699207723,1.11741948127747,10.9748793590244,7.55937352242096
194,1712345265.06927,vehicle.toyota.prius,119.533348083496,-209.856475830078,244.195404052734,0,-0.0021651699207723,1.082310795784,13.3971968628008,7.99721027294945
195,1712345265.17194,vehicle.toyota.prius,119.533348083496,-209.856475830078,244.195404052734,0,-0.0021651699207723,1.082310795784,11.437579719571,8.25523798144607
196,1712345265.27451,vehicle.toyota.prius,119.277732849121,-209.189971923828,244.195449829102,0,-0.0021378491073846,1.0401417016983,14.1416194691089,8.69671659302078
197,1712345265.37682,vehicle.toyota.prius,119.137542724609,-208.823394775391,244.195465087891,0,-0.0021378491073846,1.01780593395233,14.807139117759,9.15499828237615
198,1712345265.47858,vehicle.toyota.prius,118.989128112793,-208.467926025391,244.19548034668,0,-0.0021378491073846,0.993217468261719,14.3135377903945,9.54188874547752
199,1712345265.58042,vehicle.toyota.prius,118.881927490234,-208.145782470703,244.19548034668,0,-0.0021378491073846,0.97075629234314,12.1494385470086,9.73745498059235
200,1712345265.68233,vehicle.toyota.prius,118.774742126465,-207.734756469727,244.19548034668,0,-0.0021378491073846,0.944063544273376,14.9524883437516,10.1285824828293
201,1712345265.78438,vehicle.toyota.prius,118.642807006836,-207.379287719727,244.295501708984,0,-0.0021378491073846,0.917520701885223,12.7495622403459,10.325155964643
202,1712345265.88624,vehicle.toyota.prius,118.49439239502,-206.968292236328,244.295516967773,0,-0.002110528293997,0.888526618480682,13.0549602527451,10.5298912862507
203,1712345265.9882,vehicle.toyota.prius,118.354217529297,-206.568389892578,244.295547485352,0,-0.002110528293997,0.857051014900208,14.1494348705186,10.8013570550708
204,1712345266.09068,vehicle.toyota.prius,118.238777160645,-206.190704345703,244.295562744141,0,-0.002110528293997,0.82670384645462,14.5434544816848,11.0820143620668
205,1712345266.19311,vehicle.toyota.prius,118.08211517334,-205.746368408203,244.29557800293,0,-0.0020763773936778,0.792713224887848,14.8689254450756,11.3660326932925
206,1712345266.29535,vehicle.toyota.prius,117.974922180176,-205.335342407227,244.29557800293,0,-0.0020763773936778,0.758082330226898,15.1797258112406,11.6520596771386
207,1712345266.39707,vehicle.toyota.prius,117.884223937988,-204.879913330078,244.295593261719,0,-0.0020490565802901,0.722397446632385,15.3424067651935,11.9288357087427
208,1712345266.49998,vehicle.toyota.prius,117.851249694824,-204.435577392578,244.295623779297,0,-0.0020149056799709,0.683916330337524,15.45630654746,12.1933960216465
209,1712345266.60216,vehicle.toyota.prius,117.867744445801,-204.035675048828,244.295639038086,0,-0.0020149056799709,0.648905098438263,15.4339042421927,12.4364341381875
210,1712345266.70394,vehicle.toyota.prius,117.834762573242,-203.557998657227,244.295654296875,0,-0.0020149056799709,0.605288445949554,15.5481219418415,12.6698107234615
211,1712345266.80571,vehicle.toyota.prius,117.744071960449,-203.102569580078,244.295654296875,0,-0.0020149056799709,0.561752617359161,15.8432992484718,12.9078223628373
212,1712345266.90858,vehicle.toyota.prius,117.661605834961,-202.680450439453,244.295684814453,0,-0.0019875848665833,0.52699488401413,15.5981256640295,13.1095951104267
213,1712345267.01059,vehicle.toyota.prius,117.587409973145,-202.180557250977,244.295700073242,0,-0.0019875848665833,0.477525860071182,16.0165917236622,13.3276198564194
214,1712345267.11267,vehicle.toyota.prius,117.562683105469,-201.736221313477,244.295715332031,0,-0.0019534339662641,0.433731406927109,16.3436749367536,13.5538239874444
215,1712345267.21594,vehicle.toyota.prius,117.406021118164,-200.758712768555,244.29573059082,0,-0.0019534339662641,0.335913509130478,19.9278364224813,14.0318749200722
216,1712345267.31894,vehicle.toyota.prius,117.406021118164,-200.758712768555,244.29573059082,0,-0.0019534339662641,0.335913509130478,16.6475895985011,14.2280535209544
217,1712345267.42108,vehicle.toyota.prius,117.323570251465,-200.258819580078,244.295761108398,0,-0.0019534339662641,0.285587042570114,17.203850818455,14.4512383182669
218,1712345267.52281,vehicle.toyota.prius,117.166900634766,-199.31462097168,244.295791625977,0,-0.0019192830659449,0.198436751961708,20.3546428327055,14.8939936568498
219,1712345267.63228,vehicle.toyota.prius,117.166900634766,-199.31462097168,244.295791625977,0,-0.0019192830659449,0.198436751961708,17.2609541319996,15.0715156924861
220,1712345267.7353,vehicle.toyota.prius,117.11743927002,-198.892501831055,244.295791625977,0,-0.0019192830659449,0.155764624476433,13.2899736378502,14.9379000383884
221,1712345267.83723,vehicle.toyota.prius,117.002006530762,-197.926071166992,244.39582824707,0,-0.0019192830659449,0.0575496889650821,20.1803458673029,15.331083475557
222,1712345267.93953,vehicle.toyota.prius,117.002006530762,-197.926071166992,244.39582824707,0,-0.0019192830659449,0.0575496889650821,16.5970433315829,15.4260304647589
223,1712345268.04159,vehicle.toyota.prius,116.919555664063,-197.392868041992,244.395858764648,0,-0.0019192830659449,0.0029473155736923,13.6786870967582,15.2949797121588
224,1712345268.14379,vehicle.toyota.prius,116.779388427734,-196.404235839844,244.395889282227,0,-0.0018919622525572,-0.0987840741872787,20.69869090009,15.7002580512537
225,1712345268.24639,vehicle.toyota.prius,116.705192565918,-195.904357910156,244.395919799805,0,-0.0018919622525572,-0.150523394346237,21.2934631374027,16.1197484327149
226,1712345268.34892,vehicle.toyota.prius,116.705192565918,-195.904357910156,244.395919799805,0,-0.0018919622525572,-0.150523394346237,14.4178497955323,15.9921060349262
227,1712345268.45192,vehicle.toyota.prius,116.589752197266,-195.00456237793,244.395950317383,0,-0.0018304905388504,-0.242991328239441,20.7877417602538,16.3517787143257
228,1712345268.55496,vehicle.toyota.prius,116.56502532959,-194.438049316406,244.295944213867,0,-0.0018031698418781,-0.293526172637939,20.9684261688842,16.6980272734176
229,1712345268.65696,vehicle.toyota.prius,116.56502532959,-194.02702331543,244.295974731445,0,-0.0018031698418781,-0.336306542158127,16.8169926264264,16.7069496748933
230,1712345268.75886,vehicle.toyota.prius,116.60627746582,-193.527160644531,244.295989990234,0,-0.0018031698418781,-0.38834947347641,16.7370973762906,16.7092107524981
231,1712345268.86061,vehicle.toyota.prius,116.598037719727,-193.060607910156,244.295989990234,0,-0.0018031698418781,-0.437265187501907,19.9717973935084,16.9539047505739
232,1712345268.96249,vehicle.toyota.prius,116.565055847168,-192.60514831543,244.296005249023,0,-0.0018031698418781,-0.485267400741577,16.8899940925741,16.9491114512239
233,1712345269.0649,vehicle.toyota.prius,116.532073974609,-192.083068847656,244.296035766602,0,-0.0018031698418781,-0.54046356678009,16.5724683124493,16.9208632158158
234,1712345269.16823,vehicle.toyota.prius,116.507347106934,-191.583206176758,244.296051025391,0,-0.0018031698418781,-0.593475997447968,17.2054818267127,16.942209611633
235,1712345269.27014,vehicle.toyota.prius,116.474380493164,-191.094436645508,244.29606628418,0,-0.0017690189415588,-0.645525515079498,17.1490723090826,16.9577243139418
236,1712345269.37283,vehicle.toyota.prius,116.441390991211,-190.627883911133,244.29606628418,0,-0.0017690189415588,-0.69538152217865,17.1930806340763,16.9753760379519
237,1712345269.47478,vehicle.toyota.prius,116.416664123535,-190.183547973633,244.296081542969,0,-0.0017690189415588,-0.742989301681519,17.1080462540745,16.985326304161
238,1712345269.57687,vehicle.toyota.prius,116.375450134277,-189.739212036133,244.296112060547,0,-0.0017690189415588,-0.7908074259758,16.5627611663211,16.9536339188231
239,1712345269.67884,vehicle.toyota.prius,116.334228515625,-189.183792114258,244.296127319336,0,-0.0017690189415588,-0.850748598575592,16.949666061115,16.953336329495
240,1712345269.78177,vehicle.toyota.prius,116.30948638916,-188.794998168945,244.296127319336,0,-0.0017690189415588,-0.892828762531281,16.2285005929216,16.898973649252
241,1712345269.88368,vehicle.toyota.prius,116.276519775391,-188.283996582031,244.296142578125,0,-0.0017690189415588,-0.948309481143951,16.5358910981163,16.8717424579168
242,1712345269.98597,vehicle.toyota.prius,116.25178527832,-187.828567504883,244.296173095703,0,-0.0017690189415588,-0.997903168201446,16.6205108164896,16.8529000848097
243,1712345270.08929,vehicle.toyota.prius,116.210563659668,-187.328704833984,244.296188354492,0,-0.0017690189415588,-1.05256819725037,17.0024320415428,16.8641149815647
244,1712345270.19228,vehicle.toyota.prius,116.177581787109,-186.839935302734,244.196182250977,0,-0.0017690189415588,-1.10617232322693,16.5628989039709,16.8415237757452
245,1712345270.29403,vehicle.toyota.prius,116.14461517334,-186.351165771484,244.196212768555,0,-0.0017416981281712,-1.15995490550995,17.2905534197818,16.8752009990479
246,1712345270.39612,vehicle.toyota.prius,116.11988067627,-185.951263427734,244.196228027344,0,-0.0017416981281712,-1.20408308506012,16.4914817557161,16.846422055798
247,1712345270.49823,vehicle.toyota.prius,116.078659057617,-185.429153442383,244.196243286133,0,-0.0017416981281712,-1.31383323669434,16.9654826589069,16.8553516010312
248,1712345270.60085,vehicle.toyota.prius,116.045684814453,-184.99592590332,244.196243286133,0,-0.0017416981281712,-1.3656884431839,16.4904289048392,16.8279823988168
249,1712345270.70267,vehicle.toyota.prius,116.012702941895,-184.496047973633,244.196258544922,0,-0.0017416981281712,-1.42380082607269,16.545649950729,16.8068074652102
250,1712345270.80467,vehicle.toyota.prius,115.963226318359,-184.06282043457,244.1962890625,0,-0.001707547227852,-1.47278428077698,16.1744756649089,16.7593825801876
251,1712345270.90642,vehicle.toyota.prius,115.93025970459,-183.585174560547,244.1962890625,0,-0.001707547227852,-1.525111079216,16.7316213075423,16.7573004847392
252,1712345271.0082,vehicle.toyota.prius,115.889038085938,-183.151947021484,244.096298217773,0,-0.001707547227852,-1.5711817741394,16.10438278068,16.7083316569348
253,1712345271.11109,vehicle.toyota.prius,115.839569091797,-182.640975952148,244.096328735352,0,-0.001707547227852,-1.62376391887665,16.6750185474568,16.7058331737239
254,1712345271.21439,vehicle.toyota.prius,115.798347473145,-182.218841552734,244.096343994141,0,-0.001707547227852,-1.66576933860779,16.1352369716091,16.6630384585653
255,1712345271.31753,vehicle.toyota.prius,115.757125854492,-181.674545288086,244.09635925293,0,-0.001707547227852,-1.71796870231628,16.9177026990215,16.6821382765995
256,1712345271.42032,vehicle.toyota.prius,115.724136352539,-181.285736083984,244.09635925293,0,-0.001707547227852,-1.75394821166992,16.2893222976954,16.6526770781817
257,1712345271.52255,vehicle.toyota.prius,115.674674987793,-180.730331420898,244.096374511719,0,-0.001707547227852,-1.80344116687775,17.1635601889647,16.6909933114904
258,1712345271.62495,vehicle.toyota.prius,115.641693115234,-180.263763427734,243.996398925781,0,-0.001707547227852,-1.84325218200684,16.8415905215214,16.7022881022428
259,1712345271.72767,vehicle.toyota.prius,115.60871887207,-179.930526733398,243.996398925781,0,-0.001707547227852,-1.87074625492096,16.2139663716153,16.6656639724457
260,1712345271.83086,vehicle.toyota.prius,115.551002502441,-179.264022827148,243.99641418457,0,-0.001707547227852,-1.92328190803528,17.0633809478143,16.6954927455983
261,1712345271.93292,vehicle.toyota.prius,115.526275634766,-178.897430419922,243.99641418457,0,-0.001707547227852,-1.95077764987946,16.8633618612172,16.7080829292698
262,1712345272.03487,vehicle.toyota.prius,115.493301391602,-178.508651733398,243.996444702148,0,-0.001707547227852,-1.9788875579834,15.6725751893096,16.6304198487727
263,1712345272.13668,vehicle.toyota.prius,115.468559265137,-178.130950927734,243.996459960937,0,-0.001707547227852,-2.00512218475342,15.0246330398128,16.5099858381007
264,1712345272.23844,vehicle.toyota.prius,115.419097900391,-177.586654663086,243.896453857422,0,-0.0016802264144644,-2.04113745689392,16.5291216707408,16.5114210255488
265,1712345272.34085,vehicle.toyota.prius,115.39436340332,-177.242279052734,243.896484375,0,-0.0016802264144644,-2.06279301643372,14.2701708206598,16.3433272601821
266,1712345272.44267,vehicle.toyota.prius,115.344886779785,-176.686889648438,243.896499633789,0,-0.0016802264144644,-2.09592056274414,15.6537271782054,16.2916072540338
267,1712345272.54452,vehicle.toyota.prius,115.311920166016,-176.18701171875,243.896514892578,0,-0.0016529057174921,-2.12379026412964,16.4405470663221,16.3027777399555
268,1712345272.64633,vehicle.toyota.prius,115.287185668945,-175.864852905273,243.896514892578,0,-0.0016529057174921,-2.1407949924469,16.0469921106341,16.2835938177563
269,1712345272.74821,vehicle.toyota.prius,115.212982177734,-174.931747436523,243.79655456543,0,-0.0016529057174921,-2.18578767776489,18.7812423126996,16.4709174548771
270,1712345272.85064,vehicle.toyota.prius,115.171752929688,-174.49853515625,243.79655456543,0,-0.0016187547007575,-2.2045316696167,19.3554693255878,16.6872588451804
271,1712345272.9536,vehicle.toyota.prius,115.171752929688,-174.49853515625,243.79655456543,0,-0.0016187547007575,-2.2045316696167,15.4272425358461,16.5927576219803
272,1712345273.05609,vehicle.toyota.prius,115.089317321777,-173.554306030273,243.796600341797,0,-0.0016187547007575,-2.27159333229065,18.5167567256284,16.7370575547539
273,1712345273.15865,vehicle.toyota.prius,115.064590454102,-173.154403686523,243.796600341797,0,-0.0016187547007575,-2.30875730514526,19.0447471835923,16.9101342769168
274,1712345273.26111,vehicle.toyota.prius,115.031608581543,-172.665634155273,243.69660949707,0,-0.0016187547007575,-2.35401439666748,15.8945659045907,16.8339666489923
275,1712345273.36326,vehicle.toyota.prius,114.998626708984,-172.176864624023,243.69660949707,0,-0.0016187547007575,-2.39907836914062,16.3159002955789,16.7951116724863
276,1712345273.46534,vehicle.toyota.prius,114.973892211914,-171.83251953125,243.696640014648,0,-0.0016187547007575,-2.4307165145874,18.7372153143799,16.9407694456284
277,1712345273.56716,vehicle.toyota.prius,114.940925598145,-171.354873657227,243.696655273438,0,-0.0016187547007575,-2.4744381904602,15.4846214773412,16.8315583480068
278,1712345273.66949,vehicle.toyota.prius,114.916191101074,-170.888320922852,243.696670532227,0,-0.0016187547007575,-2.51694083213806,15.9704045542053,16.7669718134717
279,1712345273.77253,vehicle.toyota.prius,114.883209228516,-170.399551391602,243.5966796875,0,-0.0016187547007575,-2.56130361557007,16.010102520182,16.710206616475
280,1712345273.87473,vehicle.toyota.prius,114.85848236084,-170.010757446289,243.596694946289,0,-0.0016187547007575,-2.59644985198975,15.3029126892578,16.6046595719337
281,1712345273.97727,vehicle.toyota.prius,114.825508117676,-169.477554321289,243.596710205078,0,-0.0016187547007575,-2.64444780349731,16.6425951287254,16.6075047386931
282,1712345274.07936,vehicle.toyota.prius,114.792526245117,-169.044326782227,243.596710205078,0,-0.0015914340037852,-2.68329858779907,16.3201840562928,16.585955687513
283,1712345274.18117,vehicle.toyota.prius,114.767799377441,-168.599990844727,243.596710205078,0,-0.0015914340037852,-2.72295713424683,16.1790276587176,16.5554360853534
284,1712345274.28326,vehicle.toyota.prius,114.743064880371,-168.155654907227,243.49674987793,0,-0.0015914340037852,-2.76245617866516,15.8520524206545,16.502682310501
285,1712345274.38525,vehicle.toyota.prius,114.718338012695,-167.689102172852,243.49674987793,0,-0.0015914340037852,-2.80645966529846,16.3776510078291,16.4933049628006
286,1712345274.48834,vehicle.toyota.prius,114.685348510742,-167.244766235352,243.49674987793,0,-0.001557283103466,-2.84567070007324,15.7286354172404,16.4359547468836
287,1712345274.59075,vehicle.toyota.prius,114.652381896973,-166.778213500977,243.496765136719,0,-0.001557283103466,-2.88666176795959,15.9443587243105,16.3990850451906
288,1712345274.69384,vehicle.toyota.prius,114.619400024414,-166.333877563477,243.396789550781,0,-0.001557283103466,-2.92554545402527,15.9560133004676,16.3658546643364
289,1712345274.7962,vehicle.toyota.prius,114.594673156738,-165.900665283203,243.396789550781,0,-0.001557283103466,-2.9632625579834,15.8228260261858,16.3251275164751
290,1712345274.89971,vehicle.toyota.prius,114.553443908691,-165.334136962891,243.39680480957,0,-0.001557283103466,-3.01240515708923,16.4900135183503,16.3374939666157
291,1712345275.0023,vehicle.toyota.prius,114.553443908691,-165.334136962891,243.39680480957,0,-0.001557283103466,-3.01240515708923,13.3940039805597,16.1167322176615
292,1712345275.1046,vehicle.toyota.prius,114.487495422363,-164.356597900391,243.296829223633,0,-0.0015299622900784,-3.09656310081482,17.038258222362,16.185846668014
293,1712345275.20665,vehicle.toyota.prius,114.45450592041,-164.067764282227,243.296844482422,0,-0.0015299622900784,-3.12135219573975,15.905767560921,16.1648407349821
294,1712345275.30875,vehicle.toyota.prius,114.413299560547,-163.234649658203,243.296875,0,-0.0015299622900784,-3.19219374656677,18.7050122681824,16.3553535999721
295,1712345275.41073,vehicle.toyota.prius,114.413299560547,-163.234649658203,243.296875,0,-0.0015299622900784,-3.19219374656677,14.7907099237802,16.2380053242577
296,1712345275.51324,vehicle.toyota.prius,114.388565063477,-162.734771728516,243.196868896484,0,-0.0015299622900784,-3.23443078994751,18.3602528991718,16.3971738923763
297,1712345275.6169,vehicle.toyota.prius,114.330856323242,-162.234893798828,243.196884155273,0,-0.0015299622900784,-3.26929664611816,14.9856759877316,16.2913115495279
298,1712345275.71907,vehicle.toyota.prius,114.281372070313,-161.879425048828,243.196914672852,0,-0.0015299622900784,-3.28230810165405,15.502271645719,16.2321335567422
299,1712345275.82254,vehicle.toyota.prius,114.248405456543,-161.423980712891,243.196929931641,0,-0.0015299622900784,-3.29953455924988,12.8525157913852,15.9786622243405
300,1712345275.92437,vehicle.toyota.prius,114.215423583984,-160.53532409668,243.096954345703,0,-0.0015299622900784,-3.33508205413818,19.1134199970298,16.2137690572922
301,1712345276.02731,vehicle.toyota.prius,114.215423583984,-160.53532409668,243.096954345703,0,-0.0015299622900784,-3.33508205413818,15.5521863569391,16.1641503547657
302,1712345276.12987,vehicle.toyota.prius,114.207191467285,-160.024337768555,243.096969604492,0,-0.0014958113897591,-3.35669541358948,15.5966465136447,16.1215875666816
303,1712345276.23297,vehicle.toyota.prius,114.182456970215,-159.624435424805,243.096969604492,0,-0.0014958113897591,-3.37675786018372,15.899020928087,16.104895068787
304,1712345276.33504,vehicle.toyota.prius,114.108245849609,-159.135665893555,242.996994018555,0,-0.0014958113897591,-3.39925312995911,16.1875142611446,16.1110915082138
305,1712345276.43815,vehicle.toyota.prius,114.083511352539,-158.769088745117,242.996994018555,0,-0.0014958113897591,-3.41651034355164,12.5006162307446,15.8403058624036
306,1712345276.54015,vehicle.toyota.prius,114.083526611328,-158.335861206055,242.997009277344,0,-0.0014958113897591,-3.4373414516449,15.5262370415942,15.8167507008429
307,1712345276.64227,vehicle.toyota.prius,114.050552368164,-157.436080932617,242.897018432617,0,-0.0014684905763715,-3.48564386367798,18.3057999160434,16.003429391983
308,1712345276.74453,vehicle.toyota.prius,114.017578125,-156.969528198242,242.897048950195,0,-0.0014684905763715,-3.51037859916687,18.7791216613637,16.2116063121865
309,1712345276.84729,vehicle.toyota.prius,113.984596252441,-156.502975463867,242.897048950195,0,-0.0014684905763715,-3.53584313392639,18.5715232064453,16.3886000792559
310,1712345276.94943,vehicle.toyota.prius,113.935134887695,-156.09196472168,242.897064208984,0,-0.0014684905763715,-3.55905318260193,18.8898159709077,16.5761912711298
311,1712345277.05232,vehicle.toyota.prius,113.910400390625,-155.658737182617,242.797058105469,0,-0.0014684905763715,-3.58697700500488,18.9455401267773,16.7538924353034
312,1712345277.15447,vehicle.toyota.prius,113.918647766113,-155.203308105469,242.797088623047,0,-0.0014684905763715,-3.61325001716614,15.7496998872341,16.6785779941982
313,1712345277.25676,vehicle.toyota.prius,113.918647766113,-155.203308105469,242.797088623047,0,-0.0014684905763715,-3.61325001716614,12.4515238669129,16.3615489346518
314,1712345277.3586,vehicle.toyota.prius,113.860946655273,-154.325744628906,242.797103881836,0,-0.0014684905763715,-3.6666886806488,15.3403070625883,16.284955794247
315,1712345277.46039,vehicle.toyota.prius,113.827964782715,-153.903625488281,242.697128295898,0,-0.0014684905763715,-3.69394874572754,15.473300945407,16.224081680584
316,1712345277.56216,vehicle.toyota.prius,113.803237915039,-153.459289550781,242.697128295898,0,-0.0014343396760523,-3.72233724594116,15.4908332411198,16.1690880476242
317,1712345277.66409,vehicle.toyota.prius,113.770248413086,-153.014953613281,242.697143554687,0,-0.0014343396760523,-3.75150299072266,15.4535338347579,16.1154214816592
318,1712345277.7693,vehicle.toyota.prius,113.74552154541,-152.581726074219,242.697158813477,0,-0.0014070188626646,-3.78043603897095,18.5213906772974,16.2958691713321
319,1712345277.87166,vehicle.toyota.prius,113.729042053223,-152.181823730469,242.59716796875,0,-0.0014070188626646,-3.8075749874115,15.2090884433504,16.2143606167335
320,1712345277.97352,vehicle.toyota.prius,113.753784179688,-151.593078613281,242.597183227539,0,-0.0014070188626646,-3.84759902954102,16.3210751923005,16.222364209901
321,1712345278.07575,vehicle.toyota.prius,113.753784179688,-151.593078613281,242.597183227539,0,-0.0014070188626646,-3.84759902954102,13.1057487230242,15.9886180483852
322,1712345278.17835,vehicle.toyota.prius,113.745552062988,-150.826614379883,242.597198486328,0,-0.0013728679623454,-3.8973662853241,15.3508996430227,15.940789167983
323,1712345278.28017,vehicle.toyota.prius,113.729057312012,-150.360061645508,242.497207641602,0,-0.0013728679623454,-3.55427646636963,15.623862382201,15.9170196590494
324,1712345278.3822,vehicle.toyota.prius,113.720817565918,-150.004592895508,242.497222900391,0,-0.0013728679623454,-3.55264186859131,15.2622475981849,15.8679117544845
325,1712345278.48452,vehicle.toyota.prius,113.704345703125,-149.571365356445,242.497222900391,0,-0.0013728679623454,-3.55173325538635,14.1753897151388,15.7409726015336
326,1712345278.58663,vehicle.toyota.prius,113.696090698242,-149.14924621582,242.397216796875,0,-0.0013728679623454,-3.55199956893921,17.3006830740452,15.857950886972
327,1712345278.68866,vehicle.toyota.prius,113.679618835449,-148.61604309082,242.397247314453,0,-0.0013728679623454,-3.55395936965942,15.6662173153955,15.8435708691038
328,1712345278.79075,vehicle.toyota.prius,113.663131713867,-148.26057434082,242.397262573242,0,-0.0013728679623454,-3.5557074546814,14.8370050945327,15.7680784360109
329,1712345278.89265,vehicle.toyota.prius,113.646636962891,-147.827346801758,242.397262573242,0,-0.0013728679623454,-3.5585024356842,15.3758875263504,15.7386641177864
330,1712345278.99556,vehicle.toyota.prius,113.630157470703,-147.383010864258,242.297256469727,0,-0.0013728679623454,-3.56016325950623,15.4700315905948,15.718516678247
331,1712345279.09764,vehicle.toyota.prius,113.613670349121,-146.949783325195,242.297286987305,0,-0.0013728679623454,-3.56058406829834,15.4787716265675,15.7005357993711
332,1712345279.20024,vehicle.toyota.prius,113.597183227539,-146.505462646484,242.297302246094,0,-0.0013455471489578,-3.55978608131409,14.8608760813426,15.6375613205189
333,1712345279.30246,vehicle.toyota.prius,113.572456359863,-146.027801513672,242.197296142578,0,-0.0013455471489578,-3.55818033218384,15.7520422855211,15.6461473928941
334,1712345279.40477,vehicle.toyota.prius,113.56421661377,-145.650115966797,242.197311401367,0,-0.0013455471489578,-4.31931400299072,15.3705367526432,15.6254765948753
335,1712345279.50689,vehicle.toyota.prius,113.547729492188,-145.161346435547,242.197311401367,0,-0.0013455471489578,-4.23775768280029,15.643939894916,15.6268613423783
336,1712345279.60892,vehicle.toyota.prius,113.522994995117,-144.772552490234,242.197341918945,0,-0.0013455471489578,-4.18198871612549,15.3411869458142,15.605435762636
337,1712345279.7107,vehicle.toyota.prius,113.490020751953,-144.294891357422,242.09733581543,0,-0.0013455471489578,-3.54922556877136,15.6179629780869,15.6063753037948
338,1712345279.81272,vehicle.toyota.prius,113.473533630371,-143.850555419922,242.097351074219,0,-0.0013455471489578,-3.5421245098114,15.3478175078426,15.5869834690984
339,1712345279.91578,vehicle.toyota.prius,113.457046508789,-143.395111083984,242.097351074219,0,-0.0013113962486386,-3.53096032142639,15.9060146049581,15.6109108042879
340,1712345280.0179,vehicle.toyota.prius,113.440567016602,-143.006317138672,242.097381591797,0,-0.0013113962486386,-3.5146222114563,15.2207518588988,15.5816488833837
341,1712345280.12,vehicle.toyota.prius,113.407585144043,-142.484222412109,241.997375488281,0,-0.0013113962486386,-3.49058842658997,16.215331482055,15.6291750782841
342,1712345280.22176,vehicle.toyota.prius,113.391098022461,-142.028793334961,241.99739074707,0,-0.0013113962486386,-3.46080303192139,16.0115531248182,15.6578534317741
343,1712345280.32402,vehicle.toyota.prius,113.391098022461,-141.628890991211,241.897415161133,0,-0.0013113962486386,-3.43359613418579,15.7283161885782,15.6631381385344
344,1712345280.42585,vehicle.toyota.prius,113.333389282227,-141.184555053711,241.897415161133,0,-0.0013113962486386,-3.39575839042664,15.6481693149944,15.6620154767689
345,1712345280.5291,vehicle.toyota.prius,113.308662414551,-140.729110717773,241.897415161133,0,-0.0013113962486386,-3.35611581802368,16.111688740587,15.6957409715553
346,1712345280.63151,vehicle.toyota.prius,113.316909790039,-140.273666381836,241.897430419922,0,-0.0013113962486386,-3.31588435173035,15.5990283395003,15.6884875241512
347,1712345280.73354,vehicle.toyota.prius,113.30867767334,-139.807113647461,241.8974609375,0,-0.0013113962486386,-3.29262089729309,15.6765831314362,15.6875946946975
348,1712345280.83582,vehicle.toyota.prius,113.275688171387,-139.373886108398,241.797454833984,0,-0.0012840754352509,-3.26404929161072,15.9217702957956,15.7051578647799
349,1712345280.93759,vehicle.toyota.prius,113.283950805664,-138.874008178711,241.797454833984,0,-0.0012840754352509,-3.21936917304993,16.3111675335082,15.7506085899345
350,1712345281.0397,vehicle.toyota.prius,113.217987060547,-138.407455444336,241.797470092773,0,-0.0012840754352509,-3.17330741882324,16.3936374050146,15.7988357510655
351,1712345281.14179,vehicle.toyota.prius,113.201499938965,-137.49658203125,241.697494506836,0,-0.0012840754352509,-3.05589771270752,19.6286834971735,16.0860743320236
352,1712345281.2437,vehicle.toyota.prius,113.201499938965,-137.49658203125,241.697494506836,0,-0.0012840754352509,-3.05589771270752,16.3499566423314,16.1058655052967
353,1712345281.34572,vehicle.toyota.prius,113.209762573242,-137.018920898438,241.697509765625,0,-0.0012840754352509,-2.98092842102051,16.6215522868235,16.1445420139112
354,1712345281.4483,vehicle.toyota.prius,113.176795959473,-136.07470703125,241.597534179687,0,-0.0012499245349317,-2.81934571266174,19.7898897573006,16.4179430946654
355,1712345281.55034,vehicle.toyota.prius,113.168548583984,-135.685913085938,241.597549438477,0,-0.0012499245349317,-0.84722900390625,19.2412368865571,16.6296901290573
356,1712345281.65235,vehicle.toyota.prius,113.168548583984,-135.685913085938,241.597549438477,0,-0.0012499245349317,-0.84722900390625,12.7828564814797,16.341177605489
357,1712345281.75525,vehicle.toyota.prius,113.160316467285,-134.719482421875,241.497573852539,0,-0.0012499245349317,0.511755168437958,19.6266123459746,16.5875852110254
358,1712345281.85761,vehicle.toyota.prius,113.127342224121,-134.2529296875,241.497573852539,0,-0.0012499245349317,0.598913133144379,19.5542085342186,16.8100819602649
359,1712345281.96022,vehicle.toyota.prius,113.127342224121,-134.2529296875,241.497573852539,0,-0.0012499245349317,0.598913133144379,12.8570701164563,16.5136060719792
360,1712345282.06273,vehicle.toyota.prius,113.086128234863,-133.397567749023,241.397598266602,0,-0.0012499245349317,-3.38267779350281,16.1611206110722,16.4871696624112
361,1712345282.16527,vehicle.toyota.prius,113.069633483887,-132.908828735352,241.397613525391,0,-0.0012499245349317,-3.38672804832458,19.5724001628797,16.7185619499464
362,1712345282.26736,vehicle.toyota.prius,113.061401367188,-132.520034790039,241.397613525391,0,-0.0012499245349317,-3.3899130821228,15.4523261017515,16.6235942613317
363,1712345282.36956,vehicle.toyota.prius,113.044906616211,-132.075698852539,241.39762878418,0,-0.0012499245349317,-3.39349913597107,15.2829672990998,16.5230472391643
364,1712345282.47201,vehicle.toyota.prius,113.028427124023,-131.631362915039,241.297637939453,0,-0.0012226038379594,-3.39703607559204,18.4100044823871,16.664569032406
365,1712345282.57378,vehicle.toyota.prius,113.003700256348,-131.187026977539,241.297637939453,0,-0.0012226038379594,-3.40051484107971,15.524743803161,16.5790821402127
366,1712345282.67619,vehicle.toyota.prius,112.987213134766,-130.731582641602,241.297653198242,0,-0.0012226038379594,1.91609036922455,15.3139244908638,16.4841953165115
367,1712345282.77937,vehicle.toyota.prius,112.962478637695,-130.253921508789,241.297668457031,0,-0.0012226038379594,0.553101539611816,15.9725111530401,16.4458190042512
368,1712345282.88134,vehicle.toyota.prius,112.945991516113,-129.776260375977,241.197677612305,0,-0.0012226038379594,-3.41125988960266,16.2556400383799,16.4315555818108
369,1712345282.98309,vehicle.toyota.prius,112.937759399414,-129.354156494141,241.197677612305,0,-0.0012226038379594,-3.41438841819763,16.0916635166954,16.4060636769272
370,1712345283.08519,vehicle.toyota.prius,112.913024902344,-128.909820556641,241.197692871094,0,-0.0011884528212249,-1.93523621559143,16.072086554932,16.3810153927775
371,1712345283.18711,vehicle.toyota.prius,112.888290405273,-128.421051025391,241.097686767578,0,-0.0011884528212249,-2.01513695716858,16.3625626966023,16.3796314405644
372,1712345283.28921,vehicle.toyota.prius,112.863563537598,-128.010040283203,241.097702026367,0,-0.0011884528212249,-2.07447099685669,15.9042650470985,16.3439789610544
373,1712345283.39154,vehicle.toyota.prius,112.855316162109,-127.610130310059,241.097702026367,0,-0.0011884528212249,-2.16544580459595,15.3097991273723,16.2664154735283
374,1712345283.49334,vehicle.toyota.prius,112.847076416016,-127.199127197266,241.097732543945,0,-0.0011884528212249,-2.25318813323975,15.2179730682527,16.1877822931326
375,1712345283.59518,vehicle.toyota.prius,112.82234954834,-126.688140869141,240.99772644043,0,-0.0011611321242526,-2.36890697479248,15.7539983040609,16.1552484939522
376,1712345283.69722,vehicle.toyota.prius,112.814109802246,-126.310455322266,240.99772644043,0,-0.0011611321242526,-2.44190144538879,14.9170983628795,16.0623872341218
377,1712345283.79977,vehicle.toyota.prius,112.797622680664,-125.943885803223,240.997741699219,0,-0.0011611321242526,-3.16772842407227,14.5684637977117,15.950342976391
378,1712345283.90192,vehicle.toyota.prius,112.781127929688,-125.477333068848,240.897766113281,0,-0.0011611321242526,-2.51191306114197,15.0956587242606,15.8862416574812
379,1712345284.00417,vehicle.toyota.prius,112.756401062012,-125.032997131348,240.897766113281,0,-0.0011611321242526,-2.57217836380005,15.3131843166332,15.8432623569176
380,1712345284.10675,vehicle.toyota.prius,112.748161315918,-124.599761962891,240.897766113281,0,-0.0011611321242526,-2.64300656318664,14.7148399117998,15.7586306735338
381,1712345284.20878,vehicle.toyota.prius,112.731674194336,-124.166549682617,240.89778137207,0,-0.0011611321242526,-2.7253999710083,15.0865178648632,15.7082222128835
382,1712345284.31085,vehicle.toyota.prius,112.715194702148,-123.73331451416,240.797805786133,0,-0.0011611321242526,-3.25800633430481,15.6301838220884,15.7023693335739
383,1712345284.41412,vehicle.toyota.prius,112.690467834473,-123.055709838867,240.797805786133,0,-0.001126981107518,-3.33334398269653,17.0521195758446,15.8036006017442
384,1712345284.51618,vehicle.toyota.prius,112.68221282959,-122.833541870117,240.797805786133,0,-0.001126981107518,-3.36287927627563,15.5117476988183,15.7817116340247
385,1712345284.61937,vehicle.toyota.prius,112.682220458984,-122.478073120117,240.797805786133,0,-0.001126981107518,-3.4152557849884,14.9536958008879,15.7196104465395
386,1712345284.72116,vehicle.toyota.prius,112.657501220703,-121.633834838867,240.697845458984,0,-0.001126981107518,-3.58274555206299,17.8944848276936,15.882726025126
387,1712345284.82323,vehicle.toyota.prius,112.657501220703,-121.633834838867,240.697845458984,0,-0.001126981107518,-3.58274555206299,14.7927945171954,15.8009811620312
388,1712345284.92512,vehicle.toyota.prius,112.649261474609,-121.100631713867,240.697845458984,0,-0.001126981107518,-3.6456573009491,13.7906357123245,15.6502052533032
389,1712345285.02719,vehicle.toyota.prius,112.61629486084,-120.289733886719,240.697845458984,0,-0.001126981107518,-3.8607177734375,17.9523720662179,15.8228677642718
390,1712345285.12897,vehicle.toyota.prius,112.61629486084,-120.289733886719,240.697845458984,0,-0.001126981107518,-3.8607177734375,15.4427608252139,15.7943597438425
391,1712345285.23199,vehicle.toyota.prius,112.599800109863,-119.834281921387,240.597869873047,0,-0.001126981107518,-3.82864379882812,12.7046186004751,15.5626291580899
392,1712345285.33426,vehicle.toyota.prius,112.58332824707,-118.978950500488,240.597885131836,0,-0.001126981107518,-3.7689208984375,18.7508395040975,15.8017449340405
393,1712345285.4365,vehicle.toyota.prius,112.58332824707,-118.978950500488,240.597885131836,0,-0.001126981107518,-3.7689208984375,14.9777357454222,15.7399442448941
394,1712345285.53875,vehicle.toyota.prius,112.558601379395,-118.212471008301,240.497909545898,0,-0.001126981107518,-3.71588134765625,14.7113552673215,15.6628000715762
395,1712345285.6418,vehicle.toyota.prius,112.558601379395,-118.212471008301,240.497909545898,0,-0.001126981107518,-3.71588134765625,14.7053365342318,15.5909903062753
396,1712345285.74425,vehicle.toyota.prius,112.525619506836,-117.379341125488,240.497924804687,0,-0.001126981107518,-3.65872192382812,17.2795439220315,15.7176318274571
397,1712345285.84624,vehicle.toyota.prius,112.509147644043,-116.712837219238,240.397918701172,0,-0.001126981107518,-3.61343383789062,15.9806039295911,15.7373547351171
398,1712345285.94855,vehicle.toyota.prius,112.50089263916,-116.490669250488,240.397918701172,0,-0.001126981107518,-3.598388671875,17.5436268959037,15.8728251471761
399,1712345286.05036,vehicle.toyota.prius,112.484420776367,-116.035232543945,240.39794921875,0,-0.001126981107518,-3.56744384765625,15.3068828052975,15.8303794715352
400,1712345286.15227,vehicle.toyota.prius,112.467926025391,-115.579780578613,240.39794921875,0,-0.001126981107518,-3.53634643554687,18.539068556096,16.0335311528773
401,1712345286.25492,vehicle.toyota.prius,112.451446533203,-115.146560668945,240.297943115234,0,-0.001126981107518,-3.50662231445312,15.8124549972024,16.0169504412016
402,1712345286.35675,vehicle.toyota.prius,112.434959411621,-114.691123962402,240.297958374023,0,-0.001126981107518,-3.4752197265625,14.279719542615,15.8866581238076
403,1712345286.45864,vehicle.toyota.prius,112.418472290039,-114.269004821777,240.297958374023,0,-0.001126981107518,-3.47262573242187,15.678628601062,15.8710559096017
404,1712345286.56101,vehicle.toyota.prius,112.401992797852,-113.835777282715,240.197982788086,0,-0.001126981107518,-3.47262573242187,15.5806208277203,15.9710559096017
405,1712345286.66285,vehicle.toyota.prius,112.38550567627,-113.424766540527,240.197998046875,0,-0.001126981107518,-3.47262573242187,15.2709715154437,16.0604563032045
406,1712345286.76485,vehicle.toyota.prius,112.369018554688,-112.991539001465,240.197998046875,0,-0.001126981107518,-3.47262573242187,15.2414822720641,16.109033250869
407,1712345286.8675,vehicle.toyota.prius,112.352523803711,-112.591636657715,240.197998046875,0,-0.001126981107518,-3.47262573242187,14.8263762120571,16.1378339729581
408,1712345286.96924,vehicle.toyota.prius,112.319557189941,-111.802947998047,240.098022460938,0,-0.0010381886968389,-3.47262573242187,17.457783456138,16.1768301841966
409,1712345287.07135,vehicle.toyota.prius,112.303070068359,-111.258636474609,240.098037719727,0,-0.0010381886968389,-3.47262573242187,18.206251706544,16.2690367983727
410,1712345287.1734,vehicle.toyota.prius,112.278335571289,-110.692115783691,239.998046875,0,-0.0010381886968389,-3.47262573242187,19.3349043950967,16.338976868127
411,1712345287.27577,vehicle.toyota.prius,112.27010345459,-110.458831787109,239.998046875,0,-0.0010381886968389,-3.47262573242187,17.9146371155898,16.2896513866867
412,1712345287.37763,vehicle.toyota.prius,112.253608703613,-110.092262268066,239.998062133789,0,-0.0010381886968389,-3.47262573242187,17.7082238598524,16.3210443221741
413,1712345287.47962,vehicle.toyota.prius,112.237129211426,-109.692359924316,239.998062133789,0,-0.0010381886968389,-3.47262573242187,14.9153385271094,16.4106163875442
414,1712345287.58239,vehicle.toyota.prius,112.195892333984,-109.236923217773,239.898056030273,0,-0.0010108679998666,-3.47262573242187,14.3314100421854,16.5299259116423
415,1712345287.68533,vehicle.toyota.prius,112.179420471191,-108.781471252441,239.898086547852,0,-0.0010108679998666,-3.47262573242187,13.4722568537013,16.5706007322967
416,1712345287.78715,vehicle.toyota.prius,112.154685974121,-108.337135314941,239.898086547852,0,-0.0010108679998666,-3.47262573242187,14.9751025876115,16.5434383714454
417,1712345287.88896,vehicle.toyota.prius,112.129951477051,-107.892799377441,239.798080444336,0,-0.0010108679998666,-3.47262573242187,15.573449045602,16.4706891720071
418,1712345287.99072,vehicle.toyota.prius,112.113471984863,-107.470687866211,239.798095703125,0,-0.0010108679998666,-3.47262573242187,15.7358953220044,16.4155796332569
419,1712345288.09293,vehicle.toyota.prius,112.096977233887,-107.081901550293,239.798095703125,0,-0.0010108679998666,-3.44692993164062,15.2282474357911,16.326529718447
420,1712345288.19466,vehicle.toyota.prius,112.072242736816,-106.659782409668,239.698120117187,0,-0.0010108679998666,-3.4102783203125,15.0818220738529,16.2331766451024
421,1712345288.29666,vehicle.toyota.prius,112.055755615234,-106.282096862793,239.698120117187,0,-0.0010108679998666,-3.37753295898437,14.6053570276466,16.1110901737932
422,1712345288.39975,vehicle.toyota.prius,112.031021118164,-105.782211303711,239.698135375977,0,-0.0010108679998666,-3.32192993164062,14.9080533611792,16.0208624128472
423,1712345288.50252,vehicle.toyota.prius,112.014549255371,-105.415641784668,239.698135375977,0,-0.0010108679998666,-3.2901611328125,14.4889217158452,15.905966860572
424,1712345288.60449,vehicle.toyota.prius,111.998062133789,-104.93798828125,239.59814453125,0,-0.0010108679998666,-3.24880981445312,15.1687768557532,15.8506776102106
425,1712345288.70629,vehicle.toyota.prius,111.973327636719,-104.482536315918,239.598159790039,0,-0.0010108679998666,-3.20928955078125,15.3519897031695,15.8132760171825
426,1712345288.8091,vehicle.toyota.prius,111.948593139648,-104.04931640625,239.598159790039,0,-0.000976716983132,-3.17172241210937,15.7194862159902,15.8062417820931
427,1712345288.91091,vehicle.toyota.prius,111.932106018066,-103.593872070313,239.498153686523,0,-0.000976716983132,-3.13229370117187,15.4920276678071,15.7826757235216
428,1712345289.01301,vehicle.toyota.prius,111.915618896484,-103.238403320313,239.498184204102,0,-0.000976716983132,-3.10147094726562,15.4344377058824,15.7565578721987
429,1712345289.11484,vehicle.toyota.prius,111.890884399414,-102.760749816895,239.498184204102,0,-0.000976716983132,-3.06005859375,15.3929076936853,15.7292841088102
430,1712345289.21738,vehicle.toyota.prius,111.866157531738,-102.24976348877,239.498199462891,0,-0.000949396227952,-3.01577758789062,15.7609471380155,15.7316588360006
431,1712345289.31954,vehicle.toyota.prius,111.849662780762,-101.89429473877,239.398193359375,0,-0.000949396227952,-2.97561645507812,15.2799890734577,15.6977836038099
432,1712345289.42152,vehicle.toyota.prius,111.824935913086,-101.405532836914,239.398193359375,0,-0.000949396227952,-2.93331909179687,15.4630656725566,15.6801797589659
433,1712345289.52337,vehicle.toyota.prius,111.800201416016,-101.050064086914,239.398193359375,0,-0.000949396227952,-2.90249633789062,15.4738939727638,15.6647083250007
434,1712345289.6264,vehicle.toyota.prius,111.77547454834,-100.572402954102,239.398223876953,0,-0.000949396227952,-2.86114501953125,15.4373426308464,15.6476558979391
435,1712345289.72846,vehicle.toyota.prius,111.750747680664,-100.150283813477,239.298233032227,0,-0.000949396227952,-2.8245849609375,14.8776581759255,15.5899060687881
436,1712345289.83086,vehicle.toyota.prius,111.709518432617,-99.6393051147461,239.298233032227,0,-0.000949396227952,-2.78021240234375,15.92255198182,15.6148545122655
437,1712345289.93266,vehicle.toyota.prius,111.701286315918,-99.2282867431641,239.298233032227,0,-0.000949396227952,-2.74478149414062,15.3755239751585,15.5969047219825
438,1712345290.03505,vehicle.toyota.prius,111.668296813965,-98.8283843994141,239.298233032227,0,-0.0009152452694252,-2.71002197265625,15.6740499168592,15.6026906115982
439,1712345290.13693,vehicle.toyota.prius,111.635330200195,-98.3396301269531,239.298263549805,0,-0.0009152452694252,-2.66766357421875,15.7911476272133,15.6168248877694
440,1712345290.23908,vehicle.toyota.prius,111.635330200195,-98.3396301269531,239.298263549805,0,-0.0009152452694252,-2.66766357421875,12.791459526464,15.4049224856715
441,1712345290.34229,vehicle.toyota.prius,111.61060333252,-97.4176330566406,239.198272705078,0,-0.0009152452694252,-2.57977294921875,15.6700361962775,15.4248060139669
442,1712345290.44428,vehicle.toyota.prius,111.585868835449,-96.9621887207031,239.198272705078,0,-0.0009152452694252,-2.54043579101562,15.981488828917,15.4665572250882
443,1712345290.54632,vehicle.toyota.prius,111.561141967773,-96.5289611816406,239.198272705078,0,-0.0009152452694252,-2.5030517578125,16.2240436359027,15.5233687058993
444,1712345290.64866,vehicle.toyota.prius,111.544654846191,-96.0846252441406,239.198287963867,0,-0.0009152452694252,-2.46478271484375,15.8923497059831,15.5510422809056
445,1712345290.75125,vehicle.toyota.prius,111.503433227539,-95.1626434326172,239.198318481445,0,-0.0008879245724529,-2.77993774414062,22.3610337677877,16.0617916424217
446,1712345290.85352,vehicle.toyota.prius,111.503433227539,-95.1626434326172,239.198318481445,0,-0.0008879245724529,-2.77993774414062,15.8971259862395,16.049441718208
447,1712345290.95598,vehicle.toyota.prius,111.486961364746,-94.2517547607422,239.09831237793,0,-0.0008879245724529,-2.7279052734375,19.0943219843462,16.2778077381684
448,1712345291.0588,vehicle.toyota.prius,111.445739746094,-93.7407684326172,239.09831237793,0,-0.0008879245724529,-2.695556640625,19.6154409277218,16.5281302273849
449,1712345291.16129,vehicle.toyota.prius,111.445739746094,-93.7407684326172,239.09831237793,0,-0.0008879245724529,-2.695556640625,16.489402970488,16.5252256831176
450,1712345291.26328,vehicle.toyota.prius,111.478736877441,-92.8965301513672,239.098327636719,0,-0.0008879245724529,2.55908203125,15.9490896756687,16.482015482559
451,1712345291.36506,vehicle.toyota.prius,111.486991882324,-92.3522338867188,239.098358154297,0,-0.000853773613926,2.52301025390625,19.7915121383737,16.7302277317451
452,1712345291.46686,vehicle.toyota.prius,111.486991882324,-92.3522338867188,239.098358154297,0,-0.000853773613926,2.52301025390625,13.3854802868411,16.4793716733773
453,1712345291.5694,vehicle.toyota.prius,111.470504760742,-91.9634323120117,239.098358154297,0,-0.000853773613926,2.4893798828125,12.532321020467,16.183342874409
454,1712345291.67116,vehicle.toyota.prius,111.396293640137,-90.9525756835938,238.998352050781,0,-0.000853773613926,-2.096923828125,19.7024769420679,16.4472779294834
455,1712345291.77348,vehicle.toyota.prius,111.396293640137,-90.9525756835938,238.998352050781,0,-0.000853773613926,-2.096923828125,13.7471640433713,16.244769388025
456,1712345291.87589,vehicle.toyota.prius,111.404556274414,-90.0972366333008,238.99836730957,0,-0.000853773613926,-2.05331420898437,15.9179874193589,16.220260740375
457,1712345291.97796,vehicle.toyota.prius,111.404556274414,-90.0972366333008,238.99836730957,0,-0.000853773613926,-2.05331420898437,15.9094111215541,16.1969470189635
458,1712345292.08043,vehicle.toyota.prius,111.421051025391,-89.5973587036133,238.998397827148,0,-0.000853773613926,-2.02789306640625,16.6864153485462,16.2336571436822
459,1712345292.18242,vehicle.toyota.prius,111.396331787109,-88.6531524658203,238.998413085937,0,-0.000826452858746,-1.97946166992188,16.191242499341,16.2304760453566
460,1712345292.28433,vehicle.toyota.prius,111.346870422363,-88.1643829345703,238.998413085937,0,-0.000826452858746,-1.95407104492188,19.6515270855948,16.4870548733745
461,1712345292.38623,vehicle.toyota.prius,111.322135925293,-87.6756210327148,238.898406982422,0,-0.000826452858746,-1.931396484375,17.1067278235024,16.5335303446341
462,1712345292.48871,vehicle.toyota.prius,111.322143554688,-87.2535018920899,238.898406982422,0,-0.000826452858746,-1.90969848632813,20.0646670437593,16.7983655970685
463,1712345292.59668,vehicle.toyota.prius,111.305648803711,-86.7647323608398,238.8984375,0,-0.000826452858746,-1.88449096679688,19.7815047134226,17.022101030795
464,1712345292.69858,vehicle.toyota.prius,111.297409057617,-86.2870788574219,238.8984375,0,-0.0007923019002191,-1.85986328125,16.5314710748757,16.9853037841011
465,1712345292.80081,vehicle.toyota.prius,111.289176940918,-85.8427429199219,238.898452758789,0,-0.0007923019002191,-1.83697509765625,16.2025694952508,16.9265987124373
466,1712345292.90301,vehicle.toyota.prius,111.264450073242,-85.3984069824219,238.898452758789,0,-0.0007923019002191,-1.81399536132813,15.8684764619657,16.8472395436519
467,1712345293.00504,vehicle.toyota.prius,111.239715576172,-84.9429702758789,238.898468017578,0,-0.0007923019002191,0.734307050704956,16.1201715230853,16.7927094421094
468,1712345293.10705,vehicle.toyota.prius,111.22322845459,-84.5097427368164,238.798446655273,0,-0.0007923019002191,0.828564047813416,15.9325269886264,16.7281957580982
469,1712345293.20899,vehicle.toyota.prius,111.206748962402,-84.0431900024414,238.798477172852,0,-0.0007923019002191,0.930351734161377,15.8550264859799,16.6627080626893
470,1712345293.31117,vehicle.toyota.prius,111.19026184082,-83.4322357177734,238.798477172852,0,-0.0007923019002191,-1.714111328125,17.0323215912723,16.6904290773331
471,1712345293.41379,vehicle.toyota.prius,111.182022094727,-83.1212005615234,238.798492431641,0,-0.0007923019002191,-1.69802856445313,16.0760148762963,16.6443480122553
472,1712345293.51575,vehicle.toyota.prius,111.165534973145,-82.6879653930664,238.798492431641,0,-0.0007923019002191,-1.67562866210938,15.9197938459394,16.5900064497816
473,1712345293.61775,vehicle.toyota.prius,111.140808105469,-82.2436294555664,238.798492431641,0,-0.0007923019002191,-1.652587890625,15.984738382969,16.5446113447707
474,1712345293.72003,vehicle.toyota.prius,111.124313354492,-81.9214935302734,238.698486328125,0,-0.0007649811450392,-1.63589477539063,14.973965882538,16.4268129351032
475,1712345293.82246,vehicle.toyota.prius,111.107818603516,-81.4993743896484,238.698486328125,0,-0.0007649811450392,-1.61404418945313,13.6396668780377,16.2177769808233
476,1712345293.92438,vehicle.toyota.prius,111.091346740723,-81.0994720458984,238.698516845703,0,-0.0007649811450392,-1.59335327148438,14.2861690617759,16.0729063868947
477,1712345294.02639,vehicle.toyota.prius,111.066612243652,-80.6107025146484,238.698516845703,0,-0.0007649811450392,-1.56802368164063,14.6779732026184,15.968286398074
478,1712345294.1285,vehicle.toyota.prius,111.058364868164,-80.2996826171875,238.698516845703,0,-0.0007649811450392,-1.55194091796875,13.7321456018462,15.8005758383569
479,1712345294.23037,vehicle.toyota.prius,111.041885375977,-79.8997802734375,238.698532104492,0,-0.0007649811450392,-1.53121948242188,14.2732519952826,15.6860265501264
480,1712345294.33332,vehicle.toyota.prius,111.033638000488,-79.48876953125,238.698532104492,0,-0.0007649811450392,-1.51129150390625,14.1784786300121,15.5729604561178
481,1712345294.4355,vehicle.toyota.prius,111.000671386719,-79.0888671875,238.698547363281,0,-0.0007649811450392,-1.49050903320313,14.1757110964842,15.4681667541453
482,1712345294.53855,vehicle.toyota.prius,110.984176635742,-78.700080871582,238.698547363281,0,-0.0007308301865123,-1.47036743164063,13.4423857663686,15.316233180062
483,1712345294.64046,vehicle.toyota.prius,110.967681884766,-78.389045715332,238.598556518555,0,-0.0007308301865123,-1.45892333984375,13.4687112611828,15.1776690361461
484,1712345294.74266,vehicle.toyota.prius,110.934722900391,-77.633674621582,238.598556518555,0,-0.0007308301865123,-1.45892333984375,15.9579082195546,15.2361869749017
485,1712345294.84459,vehicle.toyota.prius,110.934722900391,-77.633674621582,238.598556518555,0,-0.0007308301865123,-1.45892333984375,13.0996205373052,15.075944492082
486,1712345294.94707,vehicle.toyota.prius,110.934722900391,-77.3226470947266,238.598556518555,0,-0.0007308301865123,-1.45892333984375,12.4578628670025,14.879588370201
487,1712345295.04985,vehicle.toyota.prius,110.918228149414,-76.8894195556641,238.598571777344,0,-0.0007308301865123,-1.45892333984375,12.7765227990889,14.7218584523676
488,1712345295.15253,vehicle.toyota.prius,110.901748657227,-76.6006011962891,238.598571777344,0,-0.0007308301865123,-1.45892333984375,12.5817013601969,14.5613466704548
489,1712345295.25465,vehicle.toyota.prius,110.885261535645,-76.3339996337891,238.598571777344,0,-0.0007308301865123,-1.45892333984375,9.14514083265047,14.1551312326195
490,1712345295.35664,vehicle.toyota.prius,110.868774414063,-75.6452865600586,238.598587036133,0,-0.0007035094313323,-1.45892333984375,13.9871255044024,14.1425308030032
491,1712345295.45845,vehicle.toyota.prius,110.868774414063,-75.6452865600586,238.598587036133,0,-0.0007035094313323,-1.45892333984375,11.8172322019987,13.9681334079279
492,1712345295.5603,vehicle.toyota.prius,110.868789672852,-75.3453598022461,238.598587036133,0,-0.0007035094313323,-1.45892333984375,10.8951434218187,13.7376591589697
493,1712345295.66217,vehicle.toyota.prius,110.85230255127,-74.6899642944336,238.498580932617,0,-0.0007035094313323,-1.45892333984375,13.5195226672673,13.721298922092
494,1712345295.76404,vehicle.toyota.prius,110.852310180664,-74.4455871582031,238.598587036133,0,-0.0007035094313323,-1.45892333984375,13.3478493152643,13.6932902015799
495,1712345295.87137,vehicle.toyota.prius,110.844062805176,-74.1012268066406,238.498580932617,0,-0.0007035094313323,-1.45892333984375,10.823231968287,13.4780358340829
496,1712345295.97372,vehicle.toyota.prius,110.835815429688,-73.8124084472656,238.498611450195,0,-0.0007035094313323,-1.45892333984375,12.8267234149513,13.4291874026481
497,1712345296.07601,vehicle.toyota.prius,110.8193359375,-73.5235900878906,238.498611450195,0,-0.0007035094313323,-1.45892333984375,12.7410611705457,13.3775779352404
498,1712345296.17822,vehicle.toyota.prius,110.8193359375,-73.5235900878906,238.498611450195,0,-0.0007035094313323,-1.45892333984375,8.13992377047782,12.9847538728832
499,1712345296.28019,vehicle.toyota.prius,110.811088562012,-72.9459609985352,238.498611450195,0,-0.0007035094313323,-1.45892333984375,10.4867436009314,12.7974031024868
500,1712345296.38245,vehicle.toyota.prius,110.802848815918,-72.6238174438477,238.498626708984,0,-0.0007035094313323,-1.45892333984375,10.4107820843455,12.6184065261262
501,1712345296.48458,vehicle.toyota.prius,110.802848815918,-72.6238174438477,238.498626708984,0,-0.0007035094313323,-1.45892333984375,8.37926507949794,12.3004709176291
502,1712345296.58672,vehicle.toyota.prius,110.794616699219,-72.1350479125977,238.498626708984,0,-0.0007035094313323,-1.45892333984375,9.78934396800061,12.112136396407
503,1712345296.68908,vehicle.toyota.prius,110.786376953125,-71.8018035888672,238.498626708984,0,-0.0006761886761523,-1.45892333984375,12.1356241554339,12.113897978334
504,1712345296.79162,vehicle.toyota.prius,110.786376953125,-71.8018035888672,238.498626708984,0,-0.0006761886761523,-1.45892333984375,8.05571207207139,11.8095340353643
505,1712345296.89353,vehicle.toyota.prius,110.769897460938,-71.2574920654297,238.498626708984,0,-0.0006761886761523,-1.45892333984375,9.62704438866817,11.6458473118621
506,1712345296.99597,vehicle.toyota.prius,110.761650085449,-70.9797821044922,238.498626708984,0,-0.0006761886761523,-1.47329711914063,11.5770461385139,11.640687223861
507,1712345297.09839,vehicle.toyota.prius,110.761657714844,-70.6687469482422,238.498626708984,0,-0.0006761886761523,-1.4710693359375,10.3192345003753,11.5415782695995
508,1712345297.20071,vehicle.toyota.prius,110.75341796875,-70.4576950073242,238.498626708984,0,-0.0006761886761523,-1.46954345703125,9.46034731919134,11.3854859483189
509,1712345297.30336,vehicle.toyota.prius,110.736930847168,-70.1466598510742,238.498626708984,0,-0.0006761886761523,-1.46731567382813,11.6487886805347,11.4052336532351
510,1712345297.40545,vehicle.toyota.prius,110.728675842285,-69.8022994995117,238.398651123047,0,-0.0006761886761523,-1.46484375,10.2615207868299,11.3194551882547
511,1712345297.50782,vehicle.toyota.prius,110.720436096191,-69.5356979370117,238.398651123047,0,-0.0006761886761523,-1.46295166015625,10.1850937153754,11.2343780777888
512,1712345297.60971,vehicle.toyota.prius,110.712203979492,-69.2690963745117,238.398666381836,0,-0.0006761886761523,-1.46102905273438,9.88567628268584,11.133225443156
513,1712345297.71184,vehicle.toyota.prius,110.703948974609,-69.0024948120117,238.398666381836,0,-0.0006761886761523,-1.4591064453125,10.2793589632951,11.0691854571665
514,1712345297.81479,vehicle.toyota.prius,110.687469482422,-68.6581420898438,238.398666381836,0,-0.0006761886761523,-1.45663452148438,10.5071151396038,11.0270301833493
515,1712345297.917,vehicle.toyota.prius,110.679229736328,-68.4026412963867,238.398666381836,0,-0.0006761886761523,-1.45480346679688,9.85620463127911,10.939218266944
516,1712345298.01876,vehicle.toyota.prius,110.67098236084,-68.0693893432617,238.398666381836,0,-0.0006761886761523,-1.452392578125,10.3372152542012,10.8940680409883
517,1712345298.12053,vehicle.toyota.prius,110.662750244141,-67.7472534179688,238.398666381836,0,-0.0006761886761523,-1.4500732421875,10.7308045872732,10.8818232819597
518,1712345298.22252,vehicle.toyota.prius,110.646255493164,-67.4140090942383,238.398666381836,0,-0.0006761886761523,-1.44766235351563,11.205225982101,10.9060784844703
519,1712345298.32436,vehicle.toyota.prius,110.63801574707,-67.1029739379883,238.398666381836,0,-0.0006761886761523,-1.44540405273438,10.9925389258439,10.9125630175733
520,1712345298.42712,vehicle.toyota.prius,110.629776000977,-66.7808303833008,238.398666381836,0,-0.0006761886761523,-1.44308471679688,11.4507110850642,10.9529241226351
521,1712345298.52948,vehicle.toyota.prius,110.621528625488,-66.4697952270508,238.398681640625,0,-0.0006761886761523,-1.44082641601563,11.2807741452417,10.9775128743306
522,1712345298.63154,vehicle.toyota.prius,110.605049133301,-66.1143341064453,238.298690795898,0,-0.0006761886761523,-1.43826293945313,11.5325074953905,11.0191374709101
523,1712345298.73328,vehicle.toyota.prius,110.596801757813,-65.7477569580078,238.298706054687,0,-0.0006761886761523,-1.43560791015625,11.7707239453138,11.0755064564904
524,1712345298.83538,vehicle.toyota.prius,110.588569641113,-65.4589385986328,238.298706054687,0,-0.0006761886761523,-1.4334716796875,11.6082680039001,11.1154635725461
525,1712345298.93714,vehicle.toyota.prius,110.572074890137,-65.0590362548828,238.298706054687,0,-0.0006761886761523,-1.4305419921875,12.1805936384659,11.1953483274901
526,1712345299.03971,vehicle.toyota.prius,110.563842773438,-64.7257919311523,238.298706054687,0,-0.0006761886761523,-1.42813110351563,12.3320096663342,11.2805979279034
527,1712345299.14162,vehicle.toyota.prius,110.539108276367,-63.9815254211426,238.298721313477,0,-0.0006761886761523,-1.4227294921875,15.059744485271,11.564033919706
528,1712345299.24397,vehicle.toyota.prius,110.539108276367,-63.9815254211426,238.298721313477,0,-0.0006761886761523,-1.4227294921875,12.4572780163923,11.6310272269574
529,1712345299.34604,vehicle.toyota.prius,110.522621154785,-63.5927391052246,238.298721313477,0,-0.0006761886761523,-1.419921875,13.164373457461,11.7460281942452
530,1712345299.44835,vehicle.toyota.prius,110.506141662598,-63.2039451599121,238.298721313477,0,-0.0006761886761523,-1.4171142578125,13.0720766980356,11.8454818320295
531,1712345299.55009,vehicle.toyota.prius,110.497886657715,-62.9262390136719,238.298721313477,0,-0.0006761886761523,-1.41510009765625,12.701612733334,11.9096916496273
532,1712345299.65248,vehicle.toyota.prius,110.489654541016,-62.5152320861816,238.298721313477,0,-0.0006761886761523,-1.41213989257813,10.3388204526904,11.7918763098571
533,1712345299.75447,vehicle.toyota.prius,110.456680297852,-61.7265357971191,238.198745727539,0,-0.0006761886761523,-1.40646362304688,15.9283125790727,12.1021090300482
534,1712345299.85631,vehicle.toyota.prius,110.456680297852,-61.7265357971191,238.198745727539,0,-0.0006761886761523,-1.40646362304688,13.1934647432861,12.1839607085411
535,1712345299.95934,vehicle.toyota.prius,110.431953430176,-60.9933891296387,238.198745727539,0,-0.0005805660621263,-1.40121459960938,15.598425987739,12.4400456044809
536,1712345300.06167,vehicle.toyota.prius,110.415473937988,-60.5046195983887,238.198760986328,0,-0.0005805660621263,-1.397705078125,17.0655982828417,12.786962055358
537,1712345300.16356,vehicle.toyota.prius,110.415473937988,-60.5046195983887,238.198760986328,0,-0.0005805660621263,-1.397705078125,14.1895437238924,12.8921556804981
538,1712345300.26542,vehicle.toyota.prius,110.407234191895,-60.1491546630859,238.198760986328,0,-0.0005805660621263,-1.3951416015625,11.1191166825656,12.7591777556531
539,1712345300.36774,vehicle.toyota.prius,110.382507324219,-59.3604621887207,238.198760986328,0,-0.0005805660621263,-1.40411376953125,16.6630533347887,13.0519684240883
540,1712345300.46952,vehicle.toyota.prius,110.366012573242,-58.8939094543457,238.198760986328,0,-0.0005805660621263,-1.40411376953125,14.8219817526181,13.184719423728
541,1712345300.5717,vehicle.toyota.prius,110.34952545166,-58.4717903137207,238.198760986328,0,-0.0005805660621263,-1.40411376953125,14.3560869610365,13.2725719890262
542,1712345300.67343,vehicle.toyota.prius,110.333045959473,-58.0607833862305,238.098785400391,0,-0.0005805660621263,-1.40411376953125,17.2795165411077,13.5730928304323
543,1712345300.77642,vehicle.toyota.prius,110.333045959473,-58.0607833862305,238.098785400391,0,-0.0005805660621263,-1.40411376953125,14.7386971772249,13.6605131564417
544,1712345300.8782,vehicle.toyota.prius,110.300064086914,-57.2054443359375,238.098785400391,0,-0.0005532453069463,-1.40411376953125,15.2258008849627,13.7779097360808
545,1712345300.98027,vehicle.toyota.prius,110.291831970215,-56.8388671875,238.098785400391,0,-0.0005532453069463,-1.40411376953125,14.5113836800546,13.8329202818788
546,1712345301.08211,vehicle.toyota.prius,110.267105102539,-56.3834266662598,238.09880065918,0,-0.0005532453069463,-1.40411376953125,14.7577542871036,13.9022828322707
547,1712345301.18388,vehicle.toyota.prius,110.250610351563,-55.916877746582,238.09880065918,0,-0.0005532453069463,-1.40411376953125,15.1310537846712,13.9944406537007
548,1712345301.28582,vehicle.toyota.prius,110.225875854492,-55.450325012207,238.09880065918,0,-0.0005190943484194,-1.40411376953125,18.4641084555509,14.3296657388395
549,1712345301.38763,vehicle.toyota.prius,110.225875854492,-55.450325012207,238.09880065918,0,-0.0005190943484194,-1.40411376953125,12.4140225162421,14.1859924971447
550,1712345301.48948,vehicle.toyota.prius,110.176422119141,-54.6171951293945,237.998809814453,0,-0.0005190943484194,-1.40411376953125,15.7436589771309,14.3028174831436
551,1712345301.59122,vehicle.toyota.prius,110.201156616211,-54.1506500244141,237.998809814453,0,-0.0005190943484194,-1.40411376953125,15.8109356421127,14.4159263450663
552,1712345301.69361,vehicle.toyota.prius,110.176429748535,-53.7396430969238,237.998825073242,0,-0.0005190943484194,-1.40411376953125,15.4022278448926,14.4898989575533
553,1712345301.79561,vehicle.toyota.prius,110.126960754395,-53.3286323547363,237.998825073242,0,-0.0005190943484194,-1.40411376953125,15.0155226674581,14.5293207357962
554,1712345301.89867,vehicle.toyota.prius,110.093978881836,-52.8065414428711,237.998825073242,0,-0.0005190943484194,-1.40411376953125,18.6602469396669,14.8391402010865
555,1712345302.0009,vehicle.toyota.prius,110.069244384766,-52.4177474975586,237.998825073242,0,-0.0005190943484194,-1.40411376953125,15.5007899240735,14.8887639303105
556,1712345302.1029,vehicle.toyota.prius,110.04451751709,-51.9845199584961,237.898818969727,0,-0.0004917735932394,-1.40411376953125,15.2961540389249,14.9193181884566
557,1712345302.20476,vehicle.toyota.prius,110.019790649414,-51.5401878356934,237.898818969727,0,-0.0004917735932394,-1.39959716796875,15.5457291564216,14.966299011054
558,1712345302.30718,vehicle.toyota.prius,110.036285400391,-51.0736351013184,237.898849487305,0,-0.0004917735932394,-1.39382934570313,15.8972289726298,15.0361187581721
559,1712345302.40897,vehicle.toyota.prius,110.003311157227,-50.5404396057129,237.898849487305,0,-0.0004917735932394,-1.38717651367188,16.0150377519601,15.1095376827062
560,1712345302.51112,vehicle.toyota.prius,109.970329284668,-50.0738906860352,237.898849487305,0,-0.0004917735932394,-1.38137817382813,16.5675345997744,15.2188874514864
561,1712345302.61346,vehicle.toyota.prius,109.953842163086,-49.7073135375977,237.898849487305,0,-0.0004917735932394,-1.37680053710938,16.0695654031157,15.2826882978586
562,1712345302.71591,vehicle.toyota.prius,109.929107666016,-49.1852226257324,237.798858642578,0,-0.0004917735932394,-1.37030029296875,16.6131737995997,15.3824747104891
563,1712345302.81801,vehicle.toyota.prius,109.912628173828,-48.7964286804199,237.798858642578,0,-0.0004917735932394,-1.365478515625,16.0874045990114,15.4353444521283
564,1712345302.92094,vehicle.toyota.prius,109.887901306152,-48.2743339538574,237.798858642578,0,-0.0004917735932394,-1.35897827148438,15.9705567013244,15.475485370818
565,1712345303.0227,vehicle.toyota.prius,109.879653930664,-47.896656036377,237.798858642578,0,-0.0004576226347126,-1.35427856445313,15.350759058153,15.4661308973681
566,1712345303.12552,vehicle.toyota.prius,109.863174438477,-47.4078903198242,237.798858642578,0,-0.0004576226347126,-1.34820556640625,16.1938833526155,15.5207123315117
567,1712345303.22871,vehicle.toyota.prius,109.846687316895,-46.9413375854492,237.798858642578,0,-0.0004576226347126,-1.34237670898438,15.7630922176217,15.5388908229699
568,1712345303.33077,vehicle.toyota.prius,109.830192565918,-46.508113861084,237.798873901367,0,-0.0004576226347126,-1.33767700195313,16.0762747682323,15.5791946188646
569,1712345303.43278,vehicle.toyota.prius,109.813705444336,-46.0971031188965,237.698883056641,0,-0.0004576226347126,-1.3326416015625,15.3384024285482,15.5611352045909
570,1712345303.53459,vehicle.toyota.prius,109.797233581543,-45.5416870117188,237.698883056641,0,-0.0004576226347126,-1.32571411132813,16.5870005776995,15.638075107574
571,1712345303.63723,vehicle.toyota.prius,109.780738830566,-45.1306762695313,237.69889831543,0,-0.0004576226347126,-1.32061767578125,16.0464918088359,15.6687063601687
572,1712345303.7396,vehicle.toyota.prius,109.772506713867,-44.7085647583008,237.69889831543,0,-0.0004576226347126,-1.31536865234375,15.7579083656566,15.6753965105803
573,1712345303.84169,vehicle.toyota.prius,109.756011962891,-44.2086868286133,237.69889831543,0,-0.0004576226347126,-1.30917358398438,16.2256501452043,15.7166655331771
574,1712345303.94336,vehicle.toyota.prius,109.747779846191,-43.8087882995606,237.69889831543,0,-0.0004576226347126,-1.30419921875,16.1412292693332,15.7485078133888
575,1712345304.04591,vehicle.toyota.prius,109.714813232422,-42.8423614501953,237.69889831543,0,-0.0004234717052895,-1.29217529296875,19.0137443025811,15.9934005500782
576,1712345304.14781,vehicle.toyota.prius,109.69832611084,-42.3758087158203,237.69889831543,0,-0.0004234717052895,-1.286376953125,19.4326756582523,16.2513461831913
577,1712345304.24982,vehicle.toyota.prius,109.69832611084,-42.3758087158203,237.69889831543,0,-0.0004234717052895,-1.286376953125,16.4676159083678,16.2675664125795
578,1712345304.35194,vehicle.toyota.prius,109.673599243164,-41.4982528686523,237.69889831543,0,-0.0004234717052895,-1.2755126953125,19.132257029999,16.482418208886
579,1712345304.45371,vehicle.toyota.prius,109.657119750977,-40.9317283630371,237.598922729492,0,-0.0004234717052895,-1.26907348632813,20.3170098428738,16.7700125814351
580,1712345304.5567,vehicle.toyota.prius,109.657119750977,-40.9317283630371,237.598922729492,0,-0.0004234717052895,-1.26907348632813,13.4904800105437,16.5240476386182
581,1712345304.65893,vehicle.toyota.prius,109.624137878418,-40.0208473205566,237.598922729492,0,-0.0004234717052895,-1.25778198242188,16.6100982698777,16.5305014359627
582,1712345304.76189,vehicle.toyota.prius,109.624137878418,-40.0208473205566,237.598922729492,0,-0.0004234717052895,-1.25778198242188,16.5793027524479,16.5341615346991
583,1712345304.86411,vehicle.toyota.prius,109.607650756836,-39.5320777893066,237.598937988281,0,-0.0004234717052895,-0.9454385638237,13.8455724570798,16.3325173538776
584,1712345304.96608,vehicle.toyota.prius,109.582939147949,-38.6989555358887,237.598937988281,0,-0.0004234717052895,1.8813556432724,15.6964629043002,16.2848132701593
585,1712345305.06789,vehicle.toyota.prius,109.574691772461,-38.1879692077637,237.598937988281,0,-0.0004234717052895,1.80655372142792,19.3313635219538,16.5133045390439
586,1712345305.17087,vehicle.toyota.prius,109.558212280273,-37.7103118896484,237.598937988281,0,-0.0003688301949296,1.73565781116486,16.2544156501067,16.4938878723736
587,1712345305.27296,vehicle.toyota.prius,109.549964904785,-37.2548713684082,237.598937988281,0,-0.0003688301949296,-1.22430419921875,19.4907168870427,16.7186500484738
588,1712345305.37498,vehicle.toyota.prius,109.533485412598,-36.799430847168,237.598937988281,0,-0.0003688301949296,-1.21865844726563,19.2634700375646,16.9095115476556
589,1712345305.4769,vehicle.toyota.prius,109.516998291016,-36.3217697143555,237.598937988281,0,-0.0003688301949296,-1.21221923828125,16.7598491396024,16.8982868670516
590,1712345305.5792,vehicle.toyota.prius,109.508758544922,-35.9885215759277,237.598937988281,0,-0.0003688301949296,-1.20562744140625,15.4926239653985,16.7928621494276
591,1712345305.68118,vehicle.toyota.prius,109.49227142334,-35.410888671875,237.498962402344,0,-0.0003346792655065,-1.1942138671875,16.2435191561008,16.7516614249281
592,1712345305.78394,vehicle.toyota.prius,109.484039306641,-34.9998779296875,237.498962402344,0,-0.0003346792655065,-1.18606567382813,15.909344794062,16.6884876776132
593,1712345305.88592,vehicle.toyota.prius,109.467544555664,-34.5555458068848,237.498962402344,0,-0.0003346792655065,-1.17730712890625,15.8326674265075,16.6243011587802
594,1712345305.98797,vehicle.toyota.prius,109.459312438965,-34.1223220825195,237.498962402344,0,-0.0003346792655065,-1.16873168945313,15.5141675125392,16.5410411353122
595,1712345306.09008,vehicle.toyota.prius,109.442817687988,-33.578010559082,237.498962402344,0,-0.0003346792655065,-1.157958984375,17.0068481811257,16.5759766637482
596,1712345306.19269,vehicle.toyota.prius,109.426338195801,-33.1781120300293,237.498977661133,0,-0.0003346792655065,-1.15005493164063,15.7210956265027,16.5118605859548
597,1712345306.29458,vehicle.toyota.prius,109.409858703613,-32.6338043212891,237.498977661133,0,-0.0003346792655065,-1.13931274414063,16.6889390636864,16.5251414717846
598,1712345306.39685,vehicle.toyota.prius,109.40161895752,-32.2339057922363,237.498977661133,0,-0.0003346792655065,-1.13140869140625,16.3647635053417,16.5131131243014
599,1712345306.49883,vehicle.toyota.prius,109.385131835938,-31.8006782531738,237.498977661133,0,-0.0003346792655065,-1.12283325195313,16.3688819375838,16.5022957852976
600,1712345306.6009,vehicle.toyota.prius,109.368637084961,-31.3563442230225,237.498977661133,0,-0.0003346792655065,-1.1126708984375,15.6659117394812,16.4395669818614
601,1712345306.70287,vehicle.toyota.prius,109.352157592773,-30.8897933959961,237.498977661133,0,-0.0003346792655065,-1.10342407226563,16.1555526082285,16.4182659038389
602,1712345306.80561,vehicle.toyota.prius,109.335670471191,-30.3899211883545,237.498977661133,0,-0.0003346792655065,-1.093505859375,15.8158448990162,16.3730843284772
603,1712345306.90737,vehicle.toyota.prius,109.319183349609,-29.9011516571045,237.498977661133,0,-0.0003346792655065,-1.08383178710938,16.4598961543127,16.3795952154149
604,1712345307.01041,vehicle.toyota.prius,109.302703857422,-29.4346046447754,237.498977661133,0,-0.0003346792655065,-1.0745849609375,16.660090064825,16.4006323291206
605,1712345307.11299,vehicle.toyota.prius,109.294464111328,-28.968053817749,237.399002075195,0,-0.0003346792655065,-1.06533813476563,16.8125557525021,16.4315265858742
606,1712345307.21479,vehicle.toyota.prius,109.277976989746,-28.5348281860352,237.399002075195,0,-0.0003346792655065,-1.05673217773438,16.5840766089934,16.4429678376082
607,1712345307.31735,vehicle.toyota.prius,109.261489868164,-28.1016006469727,237.399002075195,0,-0.0003346792655065,-1.04815673828125,16.1219217026093,16.4188893774833
608,1712345307.41937,vehicle.toyota.prius,109.236763000488,-27.579511642456,237.399002075195,0,-0.0003346792655065,-1.03781127929688,16.3494463049529,16.4136811470435
609,1712345307.52216,vehicle.toyota.prius,109.228523254395,-27.1907196044922,237.399002075195,0,-0.0003346792655065,-1.03012084960938,15.8095645340374,16.368372401068
610,1712345307.62398,vehicle.toyota.prius,109.212028503418,-26.7130603790283,237.399002075195,0,-0.0002732075517997,-1.02066040039063,15.8973693473342,16.333047172038
611,1712345307.7269,vehicle.toyota.prius,109.187301635742,-26.2576198577881,237.399002075195,0,-0.0002732075517997,-1.00955200195313,16.020643859247,16.3096169235787
612,1712345307.82866,vehicle.toyota.prius,109.179069519043,-25.8132877349853,237.399017333984,0,-0.0002732075517997,-1.000732421875,16.1219094851365,16.2955388656955
613,1712345307.93135,vehicle.toyota.prius,109.162574768066,-25.3689517974853,237.399017333984,0,-0.0002732075517997,-0.991912841796875,15.5523337792219,16.23979848421
614,1712345308.03342,vehicle.toyota.prius,109.146087646484,-24.9357261657715,237.399017333984,0,-0.0002732075517997,-0.98333740234375,15.8887846143474,16.2134724439703
615,1712345308.13583,vehicle.toyota.prius,109.121368408203,-24.4358539581299,237.399017333984,0,-0.0002732075517997,-0.973419189453125,16.028916853118,16.1996307746564
616,1712345308.23759,vehicle.toyota.prius,109.104881286621,-24.047061920166,237.399017333984,0,-0.0002732075517997,-0.9656982421875,15.5938733551609,16.1541989681942
617,1712345308.34,vehicle.toyota.prius,109.088394165039,-23.5471839904785,237.399017333984,0,-0.0002458867966197,-0.955780029296875,15.9668331269387,16.1401465301
618,1712345308.44177,vehicle.toyota.prius,109.055419921875,-22.636302947998,237.399017333984,0,-0.0002458867966197,-0.937713623046875,19.2882587763522,16.376254948569
619,1712345308.54377,vehicle.toyota.prius,109.055419921875,-22.636302947998,237.399017333984,0,-0.0002458867966197,-0.937713623046875,16.2326201975729,16.3654823422442
620,1712345308.64612,vehicle.toyota.prius,109.038932800293,-22.214183807373,237.299011230469,0,-0.0002458867966197,-0.929351806640625,15.7001581967871,16.315583031335
621,1712345308.748,vehicle.toyota.prius,109.005966186523,-21.2699775695801,237.299011230469,0,-0.0002458867966197,-0.91082763671875,19.6122898586403,16.5628360433829
622,1712345308.85021,vehicle.toyota.prius,109.005966186523,-21.2699775695801,237.299011230469,0,-0.0002458867966197,-0.91082763671875,16.0936450910334,16.5276467219566
623,1712345308.95236,vehicle.toyota.prius,108.972984313965,-20.3702030181885,237.299011230469,0,-0.0002185660414397,-0.91082763671875,16.0036972882195,16.4883505144264
624,1712345309.05444,vehicle.toyota.prius,108.956512451172,-19.8147850036621,237.299041748047,0,-0.0002185660414397,-0.91082763671875,19.9151794129014,16.745362681812
625,1712345309.1563,vehicle.toyota.prius,108.956512451172,-19.8147850036621,237.299041748047,0,-0.0002185660414397,-0.91082763671875,16.9411568828168,16.7600472468873
626,1712345309.25862,vehicle.toyota.prius,108.94002532959,-19.3815612792969,237.299041748047,0,-0.0002185660414397,-0.91082763671875,13.3219045594208,16.5021865453274
627,1712345309.36036,vehicle.toyota.prius,108.923545837402,-18.4484615325928,237.299041748047,0,-0.0002185660414397,-0.91082763671875,19.9193156577781,16.7584712287612
628,1712345309.46232,vehicle.toyota.prius,108.923545837402,-18.4484615325928,237.299041748047,0,-0.0002185660414397,-0.91082763671875,13.5706867111208,16.5193873899381
629,1712345309.56468,vehicle.toyota.prius,108.907066345215,-17.6597709655762,237.299041748047,0,-0.0001844150974648,-0.910834610462189,15.2088289251292,16.4210955050775
630,1712345309.66647,vehicle.toyota.prius,108.890571594238,-17.2154369354248,237.299041748047,0,-0.0001844150974648,-0.910834610462189,18.3478611272633,16.5656029267414
631,1712345309.76892,vehicle.toyota.prius,108.890571594238,-17.2154369354248,237.299041748047,0,-0.0001844150974648,-0.910834610462189,15.2853491606248,16.4695838942827
632,1712345309.87121,vehicle.toyota.prius,108.890586853027,-16.7711029052734,237.299041748047,0,-0.0001844150974648,-0.910834610462189,11.8227439928204,16.121070901673
633,1712345309.97326,vehicle.toyota.prius,108.865859985352,-15.8713293075562,237.299041748047,0,-0.0001844150974648,-0.910834610462189,18.1627604801813,16.2741976200611
634,1712345310.07499,vehicle.toyota.prius,108.865859985352,-15.8713293075562,237.299041748047,0,-0.0001844150974648,-0.910834610462189,12.6199633307263,16.000130048361
635,1712345310.17733,vehicle.toyota.prius,108.841133117676,-14.9049034118652,237.199035644531,0,-0.0001844150974648,-0.910834610462189,16.3012597925693,16.0227147791766
636,1712345310.28068,vehicle.toyota.prius,108.832885742188,-14.5494365692139,237.199035644531,0,-0.0001844150974648,-0.910834610462189,18.7717178248392,16.2288900076013
637,1712345310.3827,vehicle.toyota.prius,108.824653625488,-14.0828876495361,237.199035644531,0,-0.0001844150974648,-0.910834610462189,18.9389712453468,16.4321461004322
638,1712345310.48459,vehicle.toyota.prius,108.808174133301,-13.6607704162598,237.199035644531,0,-0.0001844150974648,-0.90985107421875,15.5845947727219,16.368579750854
639,1712345310.58633,vehicle.toyota.prius,108.799926757813,-13.2275447845459,237.199035644531,0,-0.0001844150974648,-0.9071044921875,18.6322800252172,16.5383572714312
640,1712345310.68849,vehicle.toyota.prius,108.791694641113,-12.8165378570557,237.199035644531,0,-0.0001844150974648,-0.90447998046875,14.7119233133912,16.4013747245782
641,1712345310.79069,vehicle.toyota.prius,108.775199890137,-12.394419670105,237.199035644531,0,-0.0001844150974648,-0.90179443359375,15.2167712458929,16.3125294636768
642,1712345310.89255,vehicle.toyota.prius,108.758720397949,-11.8723287582397,237.19905090332,0,-0.0001844150974648,-0.89849853515625,15.6156662379558,16.2602647217477
643,1712345310.99435,vehicle.toyota.prius,108.750473022461,-11.4502124786377,237.19905090332,0,-0.0001844150974648,-0.89581298828125,15.6163934292243,16.2119743748085
644,1712345311.09652,vehicle.toyota.prius,108.733993530273,-11.0169868469238,237.19905090332,0,-0.0001844150974648,-0.893035888671875,15.6049469959901,16.1664473213971
645,1712345311.19914,vehicle.toyota.prius,108.717506408691,-10.5948715209961,237.19905090332,0,-0.0001844150974648,-0.890350341796875,15.6711505798421,16.1293000657805
646,1712345311.3013,vehicle.toyota.prius,108.709266662598,-10.2060794830322,237.19905090332,0,-0.0001844150974648,-0.88787841796875,15.4357019403118,16.0772802063703
647,1712345311.40371,vehicle.toyota.prius,108.692779541016,-9.73952960968018,237.19905090332,0,-0.0001844150974648,-0.884918212890625,15.0279910511558,15.9985835197292
648,1712345311.50658,vehicle.toyota.prius,108.684539794922,-9.37295436859131,237.19905090332,0,-0.0001844150974648,-0.882568359375,14.6067825014916,15.8941984433614
649,1712345311.60914,vehicle.toyota.prius,108.66805267334,-8.93972969055176,237.099060058594,0,-0.0001844150974648,-0.87982177734375,14.6123759201986,15.7980617541242
650,1712345311.71095,vehicle.toyota.prius,108.659820556641,-8.42874622344971,237.099060058594,0,-0.0001844150974648,-0.876556396484375,15.2580401918628,15.7575601369546
651,1712345311.81299,vehicle.toyota.prius,108.643325805664,-8.01773738861084,237.099060058594,0,-0.0001844150974648,-0.873931884765625,15.4193939616508,15.7321976738068
652,1712345311.91473,vehicle.toyota.prius,108.626846313477,-7.58451271057129,237.099060058594,0,-0.0001844150974648,-0.871185302734375,15.2050228809113,15.6926595643396
653,1712345312.01765,vehicle.toyota.prius,108.618598937988,-7.18461275100708,237.099075317383,0,-0.0001844150974648,-0.868621826171875,15.4377356347323,15.6735402696191
654,1712345312.1195,vehicle.toyota.prius,108.602119445801,-6.72917175292969,237.099075317383,0,-0.0001844150974648,-0.86572265625,15.5997565734671,15.6680064924077
655,1712345312.222,vehicle.toyota.prius,108.593872070313,-6.29594707489014,237.099075317383,0,-0.0001844150974648,-0.86297607421875,15.0313299368387,15.62025575074
656,1712345312.32391,vehicle.toyota.prius,108.577392578125,-5.87383031845093,237.099075317383,0,-0.0001844150974648,-0.860260009765625,15.113330678342,15.5822363703102
657,1712345312.42596,vehicle.toyota.prius,108.569145202637,-5.45171356201172,237.099075317383,0,-0.0001844150974648,-0.857574462890625,15.0242073976174,15.5403841973582
658,1712345312.52889,vehicle.toyota.prius,108.552665710449,-5.00738048553467,237.099075317383,0,-0.0001844150974648,-0.854736328125,15.3384858755629,15.5252418232236
659,1712345312.63209,vehicle.toyota.prius,108.536178588867,-4.55193853378296,237.099075317383,0,-6.14716991549358E-05,-0.851837158203125,15.2980924695165,15.5082056216955
660,1712345312.73408,vehicle.toyota.prius,108.527946472168,-4.15203905105591,237.099075317383,0,-6.14716991549358E-05,-0.849273681640625,15.0790255210202,15.4760171141449
661,1712345312.83599,vehicle.toyota.prius,108.511451721191,-3.71881365776062,237.099075317383,0,-6.14716991549358E-05,-0.84649658203125,15.1569529135371,15.4520872990993
662,1712345312.94218,vehicle.toyota.prius,108.503219604492,-3.26337242126465,237.099075317383,0,-6.14716991549358E-05,-0.843597412109375,15.267868259555,15.4382708711335
663,1712345313.04495,vehicle.toyota.prius,108.470245361328,-2.37470579147339,237.099075317383,0,-6.14716991549358E-05,-0.837921142578125,18.3741863528748,15.6584645322641
664,1712345313.14672,vehicle.toyota.prius,108.470245361328,-2.37470579147339,237.099075317383,0,-6.14716991549358E-05,-0.837921142578125,15.2373070623515,15.6268777220206
665,1712345313.24874,vehicle.toyota.prius,108.46199798584,-1.93037259578705,236.999053955078,0,-6.14716991549358E-05,-0.8350830078125,15.5628590681755,15.6220763229822
666,1712345313.35052,vehicle.toyota.prius,108.437271118164,-1.075031042099,236.999053955078,0,-6.14716991549358E-05,-0.829620361328125,18.51842508372,15.8393024800376
667,1712345313.45232,vehicle.toyota.prius,108.420791625977,-0.619589447975159,236.999053955078,0,-6.14716991549358E-05,-0.82672119140625,18.6793891772029,16.052308982325
668,1712345313.55417,vehicle.toyota.prius,108.420791625977,-0.619589447975159,236.999053955078,0,-6.14716991549358E-05,-0.82672119140625,12.433149381034,15.7808720122282
669,1712345313.65633,vehicle.toyota.prius,108.396072387695,0.2801853120327,236.999053955078,0,-6.14716991549358E-05,-0.82098388671875,18.7756949525582,16.0054837327529
670,1712345313.75813,vehicle.toyota.prius,108.379585266113,0.713410317897797,236.999053955078,0,-6.14716991549358E-05,-0.8182373046875,18.6936176540727,16.2070937768519
671,1712345313.86008,vehicle.toyota.prius,108.379585266113,0.713410317897797,236.999053955078,0,-6.14716991549358E-05,-0.8182373046875,12.641784829882,15.9396956058292
672,1712345313.96344,vehicle.toyota.prius,108.37134552002,1.16885185241699,236.999053955078,0,-6.14716991549358E-05,-0.8153076171875,12.6015279714422,15.6893330332501
673,1712345314.06537,vehicle.toyota.prius,108.346618652344,2.02419328689575,236.999053955078,0,-6.14716991549358E-05,-0.80987548828125,18.6254291001005,15.9095402382639
674,1712345314.16764,vehicle.toyota.prius,108.346618652344,2.02419328689575,236.999053955078,0,-6.14716991549358E-05,-0.80987548828125,12.2839915674783,15.637624087955
675,1712345314.26963,vehicle.toyota.prius,108.313652038574,2.95729327201843,236.999053955078,0,-6.14716991549358E-05,-0.803924560546875,15.7993161515716,15.6497509927262
676,1712345314.37176,vehicle.toyota.prius,108.305397033691,3.34608483314514,236.999053955078,0,-6.14716991549358E-05,-0.80145263671875,18.5298658524612,15.8657596072064
677,1712345314.4744,vehicle.toyota.prius,108.305397033691,3.34608483314514,236.999053955078,0,-6.14716991549358E-05,-0.80145263671875,15.3466316403156,15.8268250096896
678,1712345314.57662,vehicle.toyota.prius,108.28067779541,4.25696802139282,236.999053955078,0,-6.14716991549358E-05,-0.795684814453125,15.7291043988802,15.8194959638789
679,1712345314.6785,vehicle.toyota.prius,108.264198303223,4.75684261322022,236.999053955078,0,-6.14716991549358E-05,-0.792510986328125,19.2656473150893,16.0779573152196
680,1712345314.78132,vehicle.toyota.prius,108.247711181641,5.15674257278442,236.899078369141,0,-6.14716991549358E-05,-0.78997802734375,15.4973540077229,16.0344120671574
681,1712345314.88395,vehicle.toyota.prius,108.239471435547,5.58996772766113,236.899078369141,0,-6.14716991549358E-05,-0.7872314453125,15.7937952158285,16.0163658033077
682,1712345314.98686,vehicle.toyota.prius,108.222984313965,6.02319192886353,236.899078369141,0,-6.14716991549358E-05,-0.784454345703125,18.828788118052,16.2272974769135
683,1712345315.0893,vehicle.toyota.prius,108.214744567871,6.47863388061523,236.899078369141,0,3.41509439749643E-05,-0.781585693359375,15.6230962336843,16.1819823836714
684,1712345315.19112,vehicle.toyota.prius,108.198257446289,7.00072479248047,236.899078369141,0,3.41509439749643E-05,-0.77825927734375,15.7804611185246,16.1518682887853
685,1712345315.29389,vehicle.toyota.prius,108.181777954102,7.46727514266968,236.899078369141,0,3.41509439749643E-05,-0.775299072265625,16.234270930962,16.1580484869486
686,1712345315.39599,vehicle.toyota.prius,108.173530578613,7.88939189910889,236.899078369141,0,3.41509439749643E-05,-0.77264404296875,16.1731823735181,16.1591835284413
687,1712345315.49809,vehicle.toyota.prius,108.157051086426,8.27818393707275,236.899078369141,0,3.41509439749643E-05,-0.770172119140625,15.8859021777437,16.138687427139
688,1712345315.60105,vehicle.toyota.prius,108.148803710938,8.77805805206299,236.899078369141,0,3.41509439749643E-05,-0.76702880859375,16.1824428097675,16.1419690808361
689,1712345315.70336,vehicle.toyota.prius,108.13232421875,9.24460792541504,236.899078369141,0,3.41509439749643E-05,-0.764068603515625,15.7766167336861,16.1145676547999
690,1712345315.8063,vehicle.toyota.prius,108.115837097168,9.65561580657959,236.899078369141,0,3.41509439749643E-05,-0.762725830078125,15.3815680915411,16.0595926875555
691,1712345315.90815,vehicle.toyota.prius,108.107597351074,10.1110582351685,236.899078369141,0,3.41509439749643E-05,-0.762725830078125,15.6230412567872,16.0268513302478
692,1712345316.01114,vehicle.toyota.prius,108.091110229492,10.610933303833,236.899078369141,0,3.41509439749643E-05,-0.762725830078125,16.3751190293546,16.0529714076809
693,1712345316.11347,vehicle.toyota.prius,108.07462310791,11.0219402313232,236.899078369141,0,3.41509439749643E-05,-0.762725830078125,15.7729421382529,16.0319692124738
694,1712345316.21635,vehicle.toyota.prius,108.066383361816,11.4329490661621,236.899078369141,0,3.41509439749643E-05,-0.762725830078125,15.3642497218602,15.9818902506777
695,1712345316.31879,vehicle.toyota.prius,108.041656494141,11.9661493301392,236.899078369141,0,3.41509439749643E-05,-0.762725830078125,16.2388807156131,16.0011645355479
696,1712345316.42102,vehicle.toyota.prius,108.033416748047,12.3771562576294,236.799057006836,0,3.41509439749643E-05,-0.762725830078125,15.9307213643227,15.995881297706
697,1712345316.52316,vehicle.toyota.prius,108.000434875488,12.8881406784058,236.799057006836,0,8.87924543349072E-05,-0.762725830078125,16.0390755875701,15.9991208694458
698,1712345316.62549,vehicle.toyota.prius,107.983955383301,13.2880401611328,236.799057006836,0,8.87924543349072E-05,-0.762725830078125,15.9609811748366,15.9962603923501
699,1712345316.72728,vehicle.toyota.prius,107.967468261719,13.7656993865967,236.799057006836,0,0.0000956226431299001,-0.762725830078125,16.4662949654028,16.0315129853291
700,1712345316.82912,vehicle.toyota.prius,107.950973510742,14.1878156661987,236.799057006836,0,0.0001024528319248,-0.762725830078125,15.7011666439459,16.0067370097253
701,1712345316.93087,vehicle.toyota.prius,107.926246643066,14.687689781189,236.799057006836,0,0.0001024528319248,-0.762725830078125,16.3319096758546,16.031124959685
702,1712345317.03268,vehicle.toyota.prius,107.901519775391,15.1098079681396,236.799057006836,0,0.0001092830207198,-0.762725830078125,15.712878394941,16.0072564673292
703,1712345317.1347,vehicle.toyota.prius,107.860298156738,16.0206909179688,236.799057006836,0,0.0001092830207198,-0.76611328125,19.3392357078411,16.2571549103676
704,1712345317.23662,vehicle.toyota.prius,107.860298156738,16.0206909179688,236.799057006836,0,0.0001092830207198,-0.76611328125,15.9562834881544,16.2345895537016
705,1712345317.33871,vehicle.toyota.prius,107.843803405762,16.476131439209,236.69905090332,0,0.0001161132095148,-0.7718505859375,16.1988201814799,16.231906850785
706,1712345317.44056,vehicle.toyota.prius,107.819076538086,17.0093326568604,236.69905090332,0,0.0001229433983098,-0.778594970703125,16.4305621581777,16.2468059988394
707,1712345317.54241,vehicle.toyota.prius,107.786102294922,17.3981246948242,236.69905090332,0,0.0001229433983098,-0.78350830078125,16.1970850153003,16.243076925074
708,1712345317.64524,vehicle.toyota.prius,107.76961517334,17.8313484191895,236.69905090332,0,0.0001297735871048,-0.7889404296875,12.8029466969985,15.9850671579683
709,1712345317.74726,vehicle.toyota.prius,107.744888305664,18.7755565643311,236.69905090332,0,0.0001366037758998,-0.80084228515625,19.4516131975312,16.2450581109356
710,1712345317.85021,vehicle.toyota.prius,107.744888305664,18.7755565643311,236.69905090332,0,0.0001366037758998,-0.80084228515625,16.1986833992733,16.2415800075609
711,1712345317.95205,vehicle.toyota.prius,107.728408813477,19.1865653991699,236.699035644531,0,0.0001366037758998,-0.8060302734375,15.337145774871,16.1737474401091
712,1712345318.05387,vehicle.toyota.prius,107.687187194824,20.119665145874,236.699035644531,0,0.0001502641534898,-0.817779541015625,19.1689040259326,16.3983841840459
713,1712345318.1563,vehicle.toyota.prius,107.687187194824,20.119665145874,236.699035644531,0,0.0001502641534898,-0.817779541015625,16.12976027017,16.3782373905052
714,1712345318.25827,vehicle.toyota.prius,107.687202453613,21.0527629852295,236.699035644531,0,0.0001570943422848,-0.82952880859375,16.0476489103792,16.3534432544958
715,1712345318.36182,vehicle.toyota.prius,107.72843170166,21.5526390075684,236.699035644531,0,0.0001639245310798,-0.835784912109375,19.5415968808954,16.5925547764757
716,1712345318.4637,vehicle.toyota.prius,107.72843170166,21.5526390075684,236.699035644531,0,0.0001639245310798,-0.835784912109375,16.6481196701699,16.5967221435028
717,1712345318.56549,vehicle.toyota.prius,107.695465087891,22.4190883636475,236.699035644531,0,0.0001707547198748,-0.846710205078125,16.1797881382862,16.5654520931116
718,1712345318.66775,vehicle.toyota.prius,107.629508972168,22.8856391906738,236.699035644531,0,0.0001707547198748,-0.85260009765625,19.4734178224254,16.7835495228101
719,1712345318.76951,vehicle.toyota.prius,107.629508972168,22.8856391906738,236.699035644531,0,0.0001707547198748,-0.85260009765625,12.9130756376487,16.493263981423
720,1712345318.87243,vehicle.toyota.prius,107.596527099609,23.8298454284668,236.599044799805,0,0.0001775849086698,-0.864501953125,16.0974045516513,16.4635745241901
721,1712345318.97476,vehicle.toyota.prius,107.596542358398,24.2297458648682,236.599044799805,0,0.0001844150974648,-0.869537353515625,18.8939639930645,16.6458537343557
722,1712345319.07656,vehicle.toyota.prius,107.604789733887,24.7962684631348,236.599044799805,0,0.0001844150974648,-0.876678466796875,16.7722177289245,16.6553310339483
723,1712345319.17887,vehicle.toyota.prius,107.588310241699,25.2294960021973,236.599044799805,0,0.0001912452862598,-0.88214111328125,16.5261318393697,16.645641094355
724,1712345319.28075,vehicle.toyota.prius,107.596557617188,25.6293964385986,236.599044799805,0,0.0001980754750547,-0.88714599609375,19.334786809977,16.8473270230266
725,1712345319.38298,vehicle.toyota.prius,107.522354125977,26.1737022399902,236.599014282227,0,0.0002049056638497,-0.89404296875,16.5354059822065,16.8239329449651
726,1712345319.48487,vehicle.toyota.prius,107.514106750488,26.5847110748291,236.599014282227,0,0.0002049056638497,-0.899200439453125,16.6298429156445,16.8093761927661
727,1712345319.58714,vehicle.toyota.prius,107.489372253418,27.0512619018555,236.599014282227,0,0.0002117358526447,-0.90509033203125,15.9203070907577,16.7426960101154
728,1712345319.68997,vehicle.toyota.prius,107.464645385742,27.5067043304443,236.599014282227,0,0.0002117358526447,-0.91082763671875,16.0636506460366,16.6917676078095
729,1712345319.79225,vehicle.toyota.prius,107.439918518066,27.9621448516846,236.599014282227,0,0.0002117358526447,-0.916595458984375,16.4551539256858,16.6740215816502
730,1712345319.89422,vehicle.toyota.prius,107.439918518066,28.3953704833984,236.599014282227,0,0.0002185660414397,-0.922515869140625,15.6550852758231,16.5976013587132
731,1712345319.99611,vehicle.toyota.prius,107.431686401367,28.7952709197998,236.599014282227,0,0.0002253962302347,-0.931640625,15.5769932428083,16.5210557500203
732,1712345320.09844,vehicle.toyota.prius,107.390464782715,29.2618198394775,236.599014282227,0,0.0002322264190297,-0.942352294921875,15.5797902199369,16.4504608352641
733,1712345320.20019,vehicle.toyota.prius,107.365730285645,29.7172622680664,236.4990234375,0,0.0002322264190297,-0.9527587890625,15.6285872836042,16.3888203188896
734,1712345320.30231,vehicle.toyota.prius,107.365737915039,30.2282447814941,236.4990234375,0,0.0002322264190297,-0.96441650390625,16.0181696022442,16.3610215151412
735,1712345320.40439,vehicle.toyota.prius,107.324508666992,30.6392517089844,236.4990234375,0,0.0002390566078247,-0.973846435546875,15.8705504629713,16.3242361862284
736,1712345320.50653,vehicle.toyota.prius,107.28328704834,31.1391296386719,236.4990234375,0,0.0002458867966197,-0.98529052734375,16.5792826789821,16.343364673185
737,1712345320.60829,vehicle.toyota.prius,107.299781799316,31.5501365661621,236.4990234375,0,0.0002458867966197,0.574255645275116,16.1855726642265,16.3315302725131
738,1712345320.71084,vehicle.toyota.prius,107.258560180664,31.9722518920898,236.498992919922,0,0.0002527169999666,-1.00433349609375,15.915377427854,16.3003188091636
739,1712345320.81268,vehicle.toyota.prius,107.25032043457,32.5054550170898,236.498992919922,0,0.0002595471742097,-1.01651000976563,16.0833217899302,16.2840440327211
740,1712345320.91456,vehicle.toyota.prius,107.209098815918,32.8720283508301,236.498992919922,0,0.0002595471742097,-1.02490234375,15.7765509527289,16.2459820517217
741,1712345321.01642,vehicle.toyota.prius,107.209098815918,33.3163604736328,236.498992919922,0,0.0002595471742097,-1.03506469726563,15.3808077629339,16.1810939800626
742,1712345321.11871,vehicle.toyota.prius,107.176116943359,33.8273468017578,236.498992919922,0,0.0002663773484528,-1.0467529296875,16.0848686234964,16.1738770783202
743,1712345321.22058,vehicle.toyota.prius,107.151382446289,34.260570526123,236.498992919922,0,0.0002732075517997,-1.05667114257813,16.1788346968917,16.174248899713
744,1712345321.32233,vehicle.toyota.prius,107.14315032959,34.7604446411133,236.498992919922,0,0.0002800377551466,-1.06808471679688,15.9467078915016,16.1571833240972
745,1712345321.42425,vehicle.toyota.prius,107.11841583252,35.115909576416,236.399002075195,0,0.0002800377551466,-1.07620239257813,15.8774609180083,16.1362041436405
746,1712345321.52646,vehicle.toyota.prius,107.110176086426,35.5713539123535,236.399002075195,0,0.0002800377551466,-1.08660888671875,15.9473578721944,16.1220406732821
747,1712345321.62858,vehicle.toyota.prius,107.08544921875,36.0267944335938,236.399002075195,0,0.0002800377551466,-1.0970458984375,15.5587067600512,16.0797906297897
748,1712345321.73078,vehicle.toyota.prius,107.060707092285,36.548885345459,236.398971557617,0,0.0002936981036327,-1.10897827148438,16.1744934470567,16.0868933410848
749,1712345321.83273,vehicle.toyota.prius,107.044227600098,36.9487838745117,236.398971557617,0,0.0002936981036327,-1.11813354492188,15.4666938344394,16.0403783780864
750,1712345321.9346,vehicle.toyota.prius,107.019500732422,37.4264450073242,236.398971557617,0,0.0002936981036327,-1.12905883789063,16.3134436627189,16.0608582744338
751,1712345322.03712,vehicle.toyota.prius,107.011260986328,37.7930183410645,236.398971557617,0,0.0002936981036327,-1.13742065429688,15.6776302919458,16.0321161757472
752,1712345322.13968,vehicle.toyota.prius,106.97827911377,38.2595672607422,236.398971557617,0,0.0002936981036327,-1.14810180664063,15.7449770431729,16.0105807408041
753,1712345322.24147,vehicle.toyota.prius,106.937057495117,38.7372283935547,236.398971557617,0,0.0002936981036327,-1.1590576171875,15.450906534195,15.9686051753084
754,1712345322.34324,vehicle.toyota.prius,106.904067993164,39.1926689147949,236.398971557617,0,0.0002936981036327,-1.16946411132813,15.8542488775612,15.9600284529774
755,1712345322.44523,vehicle.toyota.prius,106.887588500977,39.5814628601074,236.398956298828,0,0.0002936981036327,-1.1783447265625,15.2213352358154,15.9046264616903
756,1712345322.54747,vehicle.toyota.prius,106.862861633301,40.0591201782227,236.398956298828,0,0.0002936981036327,-1.18927001953125,16.0193198461332,15.9132284655235
757,1712345322.6504,vehicle.toyota.prius,106.846374511719,40.5145606994629,236.398956298828,0,0.0002936981036327,-1.19970703125,15.9222113612319,15.9139021827016
758,1712345322.75261,vehicle.toyota.prius,106.81339263916,41.3587913513184,236.398956298828,0,0.0003278490621596,-1.20932006835938,18.4841988933872,16.106674436003
759,1712345322.85438,vehicle.toyota.prius,106.81339263916,41.3587913513184,236.398956298828,0,0.0003278490621596,-1.20932006835938,15.2695317284554,16.0438887329369
760,1712345322.95647,vehicle.toyota.prius,106.772178649902,42.2696762084961,236.298965454102,0,0.0003073585103265,-1.20932006835938,18.9601934251,16.2626115848492
761,1712345323.05852,vehicle.toyota.prius,106.772178649902,42.2696762084961,236.298965454102,0,0.0003073585103265,-1.20932006835938,15.6006679270512,16.2129658105143
762,1712345323.16037,vehicle.toyota.prius,106.656745910645,43.1472358703613,236.298965454102,0,0.0003141886845696,-1.20932006835938,18.6461537517858,16.3954549061097
763,1712345323.26221,vehicle.toyota.prius,106.640251159668,43.6248931884766,236.298934936523,0,0.0003210188588127,-1.20932006835938,16.0707557164087,16.3711024668821
764,1712345323.36411,vehicle.toyota.prius,106.607284545898,44.0581207275391,236.298934936523,0,0.0003278490621596,-1.20932006835938,19.1327612861378,16.5782268783263
765,1712345323.46585,vehicle.toyota.prius,106.582550048828,44.5246658325195,236.298934936523,0,0.0003278490621596,-1.20932006835938,15.9932181042296,16.534351220269
766,1712345323.56787,vehicle.toyota.prius,106.557807922363,44.9690017700195,236.298934936523,0,0.0003210188588127,-1.20932006835938,19.1387762969229,16.7296831010181
767,1712345323.6696,vehicle.toyota.prius,106.508346557617,45.402229309082,236.298934936523,0,0.0003005283069796,-1.20932006835938,15.9762457054078,16.6731752963473
768,1712345323.77136,vehicle.toyota.prius,106.417633056641,45.8687782287598,236.298934936523,0,0.0002936981036327,-1.20932006835938,15.9435354040156,16.6184523044224
769,1712345323.87318,vehicle.toyota.prius,106.310447692871,46.2908973693848,236.298934936523,0,0.0002936981036327,-1.20932006835938,15.9285333983428,16.5667083864665
770,1712345323.97513,vehicle.toyota.prius,106.310447692871,46.2908973693848,236.298934936523,0,0.0002936981036327,-1.20932006835938,12.6325537423151,16.2716467881551
771,1712345324.07692,vehicle.toyota.prius,106.211502075195,47.1573486328125,236.298919677734,0,0.0002936981036327,-1.20828247070313,15.6684086743091,16.2264039296167
772,1712345324.17866,vehicle.toyota.prius,106.153785705566,47.6127853393555,236.198913574219,0,0.0002936981036327,-1.19039916992188,15.8484624160715,16.1980583161008
773,1712345324.28069,vehicle.toyota.prius,106.104316711426,48.0126838684082,236.198913574219,0,0.0002800377551466,-1.17559814453125,15.3307045030327,16.1330067801207
774,1712345324.38266,vehicle.toyota.prius,106.03010559082,48.4681282043457,236.198913574219,0,0.0002527169999666,-1.1597900390625,15.5275542401033,16.0875978396194
775,1712345324.48473,vehicle.toyota.prius,105.93115234375,48.9346809387207,236.198913574219,0,0.0002185660414397,-1.1446533203125,18.8808254392639,16.2970899095927
776,1712345324.58665,vehicle.toyota.prius,105.832206726074,49.3123664855957,236.198913574219,0,0.0001912452862598,-1.13327026367188,15.4702017760823,16.2350732995794
777,1712345324.68842,vehicle.toyota.prius,105.700271606445,49.7011604309082,236.198913574219,0,0.0001912452862598,-1.12228393554688,15.0920627333756,16.1493475071141
778,1712345324.7902,vehicle.toyota.prius,105.494117736816,50.2232551574707,236.198913574219,0,0.0001980754750547,-1.10882568359375,16.2031941854813,16.1533860079917
779,1712345324.89271,vehicle.toyota.prius,105.337440490723,50.6342658996582,236.198913574219,0,0.0001980754750547,-1.09930419921875,16.0513461023042,16.1457330150651
780,1712345324.99483,vehicle.toyota.prius,105.213745117188,51.0674934387207,236.198913574219,0,0.0001980754750547,-1.0865478515625,15.8809681594878,16.1258756508968
781,1712345325.09717,vehicle.toyota.prius,105.098304748535,51.5007171630859,236.198913574219,0,0.0001980754750547,-1.07913208007813,16.2759460862652,16.1371309335494
782,1712345325.19919,vehicle.toyota.prius,105.015846252441,51.7895355224609,236.198913574219,0,0.0001980754750547,-1.07473754882813,15.4896332887673,16.0885686101908
783,1712345325.30166,vehicle.toyota.prius,104.908653259277,52.2116546630859,236.098922729492,0,0.0002185660414397,-1.0692138671875,14.6066198934594,15.9774224564359
784,1712345325.40363,vehicle.toyota.prius,104.793212890625,52.6226615905762,236.098922729492,0,0.0002185660414397,-1.06478881835938,14.5428466429986,15.8698292704281
785,1712345325.50574,vehicle.toyota.prius,104.686012268066,53.0225639343262,236.098922729492,0,0.0002185660414397,-1.06011962890625,14.286503258169,15.7510798195087
786,1712345325.60753,vehicle.toyota.prius,104.554077148438,53.5335502624512,236.098907470703,0,0.0002185660414397,-1.05767822265625,14.8611805755773,15.6843373762138
787,1712345325.70998,vehicle.toyota.prius,104.455123901367,53.9001197814941,236.098907470703,0,0.0002253962302347,-1.05685424804688,15.4073548687153,15.6635636881514
788,1712345325.81179,vehicle.toyota.prius,104.356178283691,54.2666969299316,236.098907470703,0,0.0002185660414397,-1.05682373046875,15.0174996529324,15.61510888551
789,1712345325.91356,vehicle.toyota.prius,104.240737915039,54.6999244689941,236.098907470703,0,0.0001980754750547,-1.0587158203125,15.1749116199233,15.582094090591
790,1712345326.0153,vehicle.toyota.prius,104.100555419922,55.1109352111816,236.098907470703,0,0.0001707547198748,-1.06124877929688,15.3229874709021,15.5626610941144
791,1712345326.11789,vehicle.toyota.prius,103.943885803223,55.4997291564941,236.098907470703,0,0.0001639245310798,-1.06466674804688,14.5215639049516,15.4845788049271
792,1712345326.21997,vehicle.toyota.prius,103.770713806152,55.8663063049316,236.098907470703,0,0.0001639245310798,-1.06884765625,14.696099949933,15.4254428908026
793,1712345326.32233,vehicle.toyota.prius,103.556312561035,56.2995338439941,236.098907470703,0,0.0001639245310798,-1.07861328125,15.4039369091417,15.423829942178
794,1712345326.42439,vehicle.toyota.prius,103.424369812012,56.6550025939941,235.998901367187,0,0.0001639245310798,-1.08486938476563,14.9475323487923,15.3881076226741
795,1712345326.52651,vehicle.toyota.prius,103.284194946289,57.0549049377441,235.998901367187,0,0.0001639245310798,-1.09585571289063,14.8643530139432,15.3488260270193
796,1712345326.62825,vehicle.toyota.prius,103.144012451172,57.4548072814941,235.998901367187,0,0.0001639245310798,-1.10513305664063,14.9169346011547,15.3164341700794
797,1712345326.73001,vehicle.toyota.prius,103.012077331543,57.8213844299316,235.998901367187,0,0.0001844150974648,-1.11834716796875,14.8187081104467,15.279104715607
798,1712345326.83187,vehicle.toyota.prius,102.863647460938,58.2435035705566,235.998901367187,0,0.0001707547198748,-1.12643432617188,14.5975961327347,15.2279915718916
799,1712345326.93386,vehicle.toyota.prius,102.715225219727,58.5878639221191,235.998901367187,0,0.0001570943422848,-1.12643432617188,14.5481837798005,15.1770059874847
800,1712345327.03594,vehicle.toyota.prius,102.525566101074,58.9766578674316,235.998901367187,0,0.0001570943422848,-1.12643432617188,14.6002321560669,15.1337479501284
801,1712345327.13816,vehicle.toyota.prius,102.344146728516,59.3654518127441,235.998901367187,0,0.0001570943422848,-1.12643432617188,14.6237372287327,15.0954971460237
802,1712345327.24049,vehicle.toyota.prius,102.195709228516,59.7320289611816,235.998901367187,0,0.0001639245310798,-1.12643432617188,14.6524878255362,15.0622714469871
803,1712345327.34234,vehicle.toyota.prius,102.030799865723,60.1430358886719,235.898880004883,0,0.0001707547198748,-1.12643432617188,14.6440070655706,15.0309016183809
804,1712345327.44454,vehicle.toyota.prius,101.700958251953,60.9095153808594,235.898880004883,0,0.0001366037758998,-1.123046875,17.8739321022508,15.2441289046711
805,1712345327.54629,vehicle.toyota.prius,101.700958251953,60.9095153808594,235.898880004883,0,0.0001366037758998,-1.123046875,14.8401270086411,15.2138287624689
806,1712345327.6488,vehicle.toyota.prius,101.511283874512,61.2427673339844,235.898880004883,0,0.0001092830207198,-1.11886596679688,14.4961173020069,15.1600004029342
807,1712345327.75055,vehicle.toyota.prius,101.041259765625,61.9426002502441,235.898880004883,0,0.0001092830207198,-1.1114501953125,17.6161008858019,15.3442079391493
808,1712345327.85282,vehicle.toyota.prius,101.041259765625,61.9426002502441,235.898880004883,0,0.0001092830207198,-1.1114501953125,14.4831526839568,15.2796287950099
809,1712345327.95485,vehicle.toyota.prius,100.851600646973,62.3313941955566,235.898880004883,0,0.0001092830207198,-1.10842895507813,11.684002835014,15.0099568480102
810,1712345328.05681,vehicle.toyota.prius,100.480514526367,63.0534400939941,235.798873901367,0,8.87924543349072E-05,-1.10128784179688,17.4105394306696,15.1900005417096
811,1712345328.15862,vehicle.toyota.prius,100.282615661621,63.3644752502441,235.798873901367,0,6.14716991549358E-05,-1.0972900390625,17.3274647128015,15.3503103545415
812,1712345328.26096,vehicle.toyota.prius,100.282615661621,63.3644752502441,235.798873901367,0,6.14716991549358E-05,-1.0972900390625,11.3886983395119,15.0531894534143
813,1712345328.36293,vehicle.toyota.prius,99.7218704223633,63.9532203674316,235.798873901367,0,0,-1.09011840820313,16.9863943890868,15.1981798235897
814,1712345328.46485,vehicle.toyota.prius,99.7218704223633,63.9532203674316,235.798873901367,0,0,-1.09011840820313,13.9698079430766,15.1060519325513
815,1712345328.56687,vehicle.toyota.prius,99.2270965576172,64.5864028930664,235.798904418945,0,0,-1.083984375,13.9758847692781,15.0212893953058
816,1712345328.66887,vehicle.toyota.prius,99.0044479370117,64.9085464477539,235.798904418945,0,0,-1.08297729492188,14.1419520342171,14.9553390932241
817,1712345328.77065,vehicle.toyota.prius,98.7900543212891,65.2306900024414,235.798904418945,0,-3.41509439749643E-05,-1.08157348632813,16.8784627856924,15.0995733701592
818,1712345328.87352,vehicle.toyota.prius,98.7900543212891,65.2306900024414,235.798904418945,0,-3.41509439749643E-05,-1.08157348632813,11.1485755560766,14.803248534103
819,1712345328.97615,vehicle.toyota.prius,98.2705383300781,65.8638763427734,235.69889831543,0,-0.0000956226431299001,-1.07907104492188,16.9082285723938,14.9611220369748
820,1712345329.07856,vehicle.toyota.prius,98.2705383300781,65.8638763427734,235.69889831543,0,-0.0000956226431299001,-1.07907104492188,11.2501320061862,14.6827977846657
821,1712345329.18207,vehicle.toyota.prius,97.7015533447266,66.3859710693359,235.69889831543,0,-0.0000956226431299001,-1.07708740234375,13.8359707709393,14.6192857586362
822,1712345329.28432,vehicle.toyota.prius,97.445915222168,66.685905456543,235.69889831543,0,-0.0000956226431299001,-1.07568359375,13.9012461633161,14.5654327889872
823,1712345329.38674,vehicle.toyota.prius,97.1902847290039,66.996940612793,235.69889831543,0,-0.0000956226431299001,-1.07464599609375,16.7305333423283,14.7278153304878
824,1712345329.48861,vehicle.toyota.prius,96.9676361083984,67.285758972168,235.69889831543,0,-0.0000956226431299001,-1.07333374023438,13.5480575781605,14.6393334990632
825,1712345329.59044,vehicle.toyota.prius,96.7367324829102,67.5634689331055,235.69889831543,0,-0.0001229433983098,-1.07241821289063,16.1009005464158,14.7489510276147
826,1712345329.69358,vehicle.toyota.prius,96.4563751220703,67.8967208862305,235.69889831543,0,-0.0001229433983098,-1.07095336914063,13.7788158859972,14.6761908919934
827,1712345329.79608,vehicle.toyota.prius,96.1760025024414,68.196647644043,235.69889831543,0,-0.0001570943422848,-1.06991577148438,13.8832656671635,14.6167215001311
828,1712345329.89817,vehicle.toyota.prius,95.9533462524414,68.4188232421875,235.69889831543,0,-0.0001844150974648,-1.06893920898438,13.2660104834892,14.515418173883
829,1712345330.00069,vehicle.toyota.prius,95.7059631347656,68.6632080078125,235.69889831543,0,-0.0002185660414397,-1.06893920898438,13.1316902206979,14.4116385773941
830,1712345330.10247,vehicle.toyota.prius,95.343132019043,68.9742431640625,235.69889831543,0,-0.0002732075517997,-1.06893920898438,13.9421808888,14.3764292507495
831,1712345330.2044,vehicle.toyota.prius,95.0874862670898,69.174201965332,235.69889831543,0,-0.0002732075517997,-1.06893920898438,13.195588095155,14.28786616408
832,1712345330.30729,vehicle.toyota.prius,94.6999206542969,69.463020324707,235.69889831543,0,-0.0002732075517997,-1.06893920898438,13.696061016389,14.2434807780031
833,1712345330.4092,vehicle.toyota.prius,94.4277877807617,69.640754699707,235.69889831543,0,-0.0002732075517997,-1.06893920898438,13.769295017959,14.2079168459998
834,1712345330.51095,vehicle.toyota.prius,94.1061782836914,69.8184967041016,235.69889831543,0,-0.0002732075517997,-1.06893920898438,13.9224072618918,14.1865036271917
835,1712345330.61311,vehicle.toyota.prius,93.7433471679688,70.0295562744141,235.698913574219,0,-0.0002732075517997,-1.06893920898438,13.5114484439955,14.135874488452
836,1712345330.71486,vehicle.toyota.prius,93.512451171875,70.1961822509766,235.698913574219,0,-0.0002732075517997,-1.06683349609375,13.2412516242563,14.0687777736373
837,1712345330.81667,vehicle.toyota.prius,93.1990966796875,70.4405746459961,235.698913574219,0,-0.0002732075517997,-1.0638427734375,12.6584880332771,13.9630060431103
838,1712345330.91848,vehicle.toyota.prius,92.8857269287109,70.6849594116211,235.698913574219,0,-0.0002732075517997,-1.0606689453125,13.1644569411174,13.9031148604608
839,1712345331.02025,vehicle.toyota.prius,92.5806198120117,70.9293441772461,235.698913574219,0,-0.0002732075517997,-1.05746459960938,13.3391786792208,13.8608196468678
840,1712345331.12237,vehicle.toyota.prius,92.2260360717774,71.2070617675781,235.598937988281,0,-0.0002732075517997,-1.052734375,13.5953666827981,13.8409106745626
841,1712345331.22525,vehicle.toyota.prius,91.9291687011719,71.4514465332031,235.598937988281,0,-0.0002732075517997,-1.0496826171875,14.2691255482275,13.8730267900875
842,1712345331.32797,vehicle.toyota.prius,91.648796081543,71.6625061035156,235.598937988281,0,-0.0002732075517997,-1.04693603515625,13.9163972354329,13.8762795734884
843,1712345331.43004,vehicle.toyota.prius,91.2694702148438,71.9291152954102,235.598937988281,0,-0.0003073585103265,-1.04336547851563,14.3709692216893,13.9133812971034
844,1712345331.53216,vehicle.toyota.prius,90.6015090942383,72.3290176391602,235.598937988281,0,-0.0003688301949296,-1.0367431640625,17.0618084785709,14.1495133357135
845,1712345331.63452,vehicle.toyota.prius,90.6015090942383,72.3290176391602,235.598937988281,0,-0.0003688301949296,-1.0367431640625,13.8778035374296,14.1291351008422
846,1712345331.73627,vehicle.toyota.prius,89.8840789794922,72.6400604248047,235.598937988281,0,-0.0004234717052895,-0.851959228515625,16.6637471292624,14.3192310029737
847,1712345331.83807,vehicle.toyota.prius,89.4552688598633,72.7733688354492,235.598937988281,0,-0.0004576226347126,-0.93353271484375,17.352421408571,14.5467202833935
848,1712345331.93988,vehicle.toyota.prius,89.4552688598633,72.7733688354492,235.598937988281,0,-0.0004576226347126,-0.93353271484375,14.1294350681905,14.5154238922533
849,1712345332.04168,vehicle.toyota.prius,88.59765625,72.9177780151367,235.59895324707,0,-0.0004576226347126,-1.07415771484375,14.756509017479,14.5335052766452
850,1712345332.14381,vehicle.toyota.prius,88.1935806274414,73.0844192504883,235.59895324707,0,-0.0004576226347126,-1.13140869140625,17.8387118579292,14.7813957702415
851,1712345332.24669,vehicle.toyota.prius,88.1935806274414,73.0844192504883,235.59895324707,0,-0.0004576226347126,-1.13140869140625,12.3279965354085,14.597390827629
852,1712345332.34908,vehicle.toyota.prius,87.3854446411133,73.4287872314453,235.59895324707,0,-0.0004576226347126,-1.22579956054688,15.2952304923352,14.649728802482
853,1712345332.45106,vehicle.toyota.prius,87.0308609008789,73.5843048095703,235.498977661133,0,-0.0004576226347126,-1.25424194335938,18.0173505000149,14.902300429797
854,1712345332.55333,vehicle.toyota.prius,87.0308609008789,73.5843048095703,235.498977661133,0,-0.0004576226347126,-1.25424194335938,12.0008293312847,14.6846900974086
855,1712345332.65535,vehicle.toyota.prius,86.1567459106445,73.8842391967773,235.498977661133,0,-0.0004576226347126,-1.30682373046875,15.4158780936049,14.7395291971233
856,1712345332.75715,vehicle.toyota.prius,86.1567459106445,73.8842391967773,235.498977661133,0,-0.0004576226347126,-1.30682373046875,15.4487474780139,14.7927205681901
857,1712345332.85903,vehicle.toyota.prius,85.7361831665039,74.0397644042969,235.498977661133,0,-0.0004576226347126,-1.32061767578125,12.436279221735,14.6159874672059
858,1712345332.9608,vehicle.toyota.prius,84.8868026733399,74.3730239868164,235.498977661133,0,-0.0004576226347126,-1.32443237304688,16.1342493915519,14.7298571115319
859,1712345333.06268,vehicle.toyota.prius,84.4497528076172,74.5507583618164,235.498992919922,0,-0.0004917735932394,-1.3135986328125,19.4797670384476,15.0861003560506
860,1712345333.16447,vehicle.toyota.prius,84.4497528076172,74.5507583618164,235.498992919922,0,-0.0004917735932394,-1.3135986328125,12.9576005878848,14.9264628734381
861,1712345333.26665,vehicle.toyota.prius,83.5261688232422,74.8284759521484,235.498992919922,0,-0.0005190943484194,-1.2659912109375,19.7479014818517,15.2880707690692
862,1712345333.36905,vehicle.toyota.prius,83.0396347045899,74.9284591674805,235.399017333984,0,-0.0005190943484194,-1.2265625,20.0532354224201,15.6454581180705
863,1712345333.47092,vehicle.toyota.prius,82.5531005859375,75.0062255859375,235.399017333984,0,-0.0005190943484194,-1.17898559570313,17.0794004745476,15.7530037948063
864,1712345333.57269,vehicle.toyota.prius,82.2149963378906,75.106201171875,235.399017333984,0,-0.0005190943484194,-1.138916015625,16.2696542700016,15.7917525804459
865,1712345333.67482,vehicle.toyota.prius,81.7696990966797,75.228401184082,235.399017333984,0,-0.0005190943484194,-1.07919311523438,19.5127529502642,16.0708276081823
866,1712345333.77674,vehicle.toyota.prius,81.3408889770508,75.361701965332,235.399017333984,0,-0.0005190943484194,-1.00845336914063,15.8911058215144,16.0573484741822
867,1712345333.87848,vehicle.toyota.prius,80.8213729858398,75.5172271728516,235.399017333984,0,-0.0005190943484194,-0.9735107421875,16.2186174036094,16.0694436438892
868,1712345333.9805,vehicle.toyota.prius,80.4255447387695,75.6394195556641,235.399017333984,0,-0.0005190943484194,-0.94635009765625,15.6819686849547,16.0403830219691
869,1712345334.08336,vehicle.toyota.prius,80.037971496582,75.7505111694336,235.399032592773,0,-0.0005190943484194,-0.919525146484375,16.0051423875951,16.0377399743911
870,1712345334.18508,vehicle.toyota.prius,79.576171875,75.8393783569336,235.399032592773,0,-0.0005532453069463,-0.88238525390625,16.0649803841473,16.0397830051228
871,1712345334.28682,vehicle.toyota.prius,79.1391143798828,75.9060363769531,235.399032592773,0,-0.0005805660621263,-0.85198974609375,16.007202668478,16.0373394798745
872,1712345334.38988,vehicle.toyota.prius,78.7267913818359,75.9282608032227,235.399063110352,0,-0.0005805660621263,-0.823455810546875,15.0259991157413,15.9614889525645
873,1712345334.4922,vehicle.toyota.prius,78.3062362670898,75.9171524047852,235.399063110352,0,-0.0005805660621263,-0.794464111328125,15.0377183381474,15.8922061564832
874,1712345334.59516,vehicle.toyota.prius,77.9351501464844,75.9615936279297,235.399063110352,0,-0.0005805660621263,-0.76776123046875,14.8654754637028,15.8152013545247
875,1712345334.69762,vehicle.toyota.prius,77.5145874023437,76.0282440185547,235.399078369141,0,-0.0005805660621263,-0.72802734375,14.5409391703924,15.7196316907147
876,1712345334.7995,vehicle.toyota.prius,77.1105117797852,76.1060104370117,235.399078369141,0,-0.0005805660621263,-0.697601318359375,14.3137423477248,15.6141899899905
877,1712345334.90125,vehicle.toyota.prius,76.7229385375977,76.1726608276367,235.399078369141,0,-0.0005805660621263,-0.662353515625,14.2114003581197,15.5089807676002
878,1712345335.00308,vehicle.toyota.prius,76.3271102905273,76.2282104492188,235.399078369141,0,-0.0005805660621263,-0.631988525390625,14.1173455623733,15.4046081272082
879,1712345335.10505,vehicle.toyota.prius,75.9807662963867,76.2615280151367,235.39909362793,0,-0.0005805660621263,-0.605255126953125,13.9600299252941,15.2962647620646
880,1712345335.20688,vehicle.toyota.prius,75.5601959228516,76.2504348754883,235.39909362793,0,-0.0005805660621263,-0.565826416015625,13.9048736652359,15.1919104298025
881,1712345335.30984,vehicle.toyota.prius,75.1726226806641,76.2948684692383,235.39909362793,0,-0.0005805660621263,-0.535064697265625,13.7348867416044,15.0826336531876
882,1712345335.41197,vehicle.toyota.prius,74.8262710571289,76.3393096923828,235.299102783203,0,-0.0005805660621263,-0.4971923828125,13.4393688295867,14.9593887914175
883,1712345335.5137,vehicle.toyota.prius,74.4304504394531,76.3948516845703,235.299102783203,0,-0.0005805660621263,-0.465087890625,13.4419838239696,14.8455834188589
884,1712345335.61586,vehicle.toyota.prius,74.0923385620117,76.4392929077148,235.299102783203,0,-0.0005805660621263,-0.4373779296875,13.386466014465,14.7361496135294
885,1712345335.71843,vehicle.toyota.prius,73.7460021972656,76.4837265014648,235.299118041992,0,-0.0005805660621263,-0.40869140625,12.8914804180628,14.5977994238694
886,1712345335.82062,vehicle.toyota.prius,73.3336791992187,76.5059509277344,235.299118041992,0,-0.0006147170206531,-0.374237060546875,13.0652486220258,14.4828581137311
887,1712345335.92239,vehicle.toyota.prius,73.0203170776367,76.5059509277344,235.299118041992,0,-0.0006147170206531,-0.35443115234375,12.7917323564808,14.3560236819373
888,1712345336.02467,vehicle.toyota.prius,72.6327438354492,76.4837417602539,235.299118041992,0,-0.0006420377176254,-0.478424072265625,12.6810042137323,14.230397221822
889,1712345336.12662,vehicle.toyota.prius,72.3441162109375,76.4393081665039,235.299133300781,0,-0.0006761886761523,-0.5572509765625,12.321994653862,14.087267029225
890,1712345336.22919,vehicle.toyota.prius,71.9977722167969,76.3615493774414,235.299133300781,0,-0.0007035094313323,-0.636322021484375,12.3522180201864,13.9571383535471
891,1712345336.33116,vehicle.toyota.prius,71.65966796875,76.2615814208984,235.299133300781,0,-0.0007035094313323,-0.696990966796875,11.9290026719303,13.8050281774258
892,1712345336.4335,vehicle.toyota.prius,71.3710479736328,76.1393890380859,235.299133300781,0,-0.0007035094313323,-0.76190185546875,11.8999988833805,13.6621509803724
893,1712345336.53572,vehicle.toyota.prius,71.0494384765625,76.0505218505859,235.299133300781,0,-0.0007035094313323,-0.77740478515625,11.5634316058457,13.5047470272829
894,1712345336.63874,vehicle.toyota.prius,70.7360763549805,76.0171966552734,235.299133300781,0,-0.0007035094313323,-0.7786865234375,11.6868166379897,13.3684022480859
895,1712345336.74112,vehicle.toyota.prius,70.1258392333984,75.9505615234375,235.29914855957,0,-0.0007035094313323,-0.76275634765625,13.4773967310919,13.3765768343114
896,1712345336.84356,vehicle.toyota.prius,70.1258392333984,75.9505615234375,235.29914855957,0,-0.0007035094313323,-0.76275634765625,10.9957783497028,13.1980169479657
897,1712345336.94593,vehicle.toyota.prius,69.7794952392578,75.9172439575195,235.29914855957,0,-0.0007035094313323,-0.734283447265625,11.2894957221068,13.0548778560263
898,1712345337.04795,vehicle.toyota.prius,69.2104949951172,75.7617340087891,235.29914855957,0,-0.0007035094313323,-0.670440673828125,13.0826147086931,13.0569581199763
899,1712345337.14993,vehicle.toyota.prius,69.2104949951172,75.7617340087891,235.29914855957,0,-0.0007035094313323,-0.670440673828125,10.8932793658531,12.8946822134171
900,1712345337.25174,vehicle.toyota.prius,68.9136276245117,75.7173004150391,235.299179077148,0,-0.0007035094313323,-0.584259033203125,8.70314844325001,12.5803171806546
901,1712345337.35389,vehicle.toyota.prius,68.3198776245117,75.6506576538086,235.299179077148,0,-0.0007308301865123,-0.42620849609375,12.9141406919164,12.6053539439992
902,1712345337.45678,vehicle.toyota.prius,68.0230178833008,75.5840072631836,235.299179077148,0,-0.0007308301865123,-0.331787109375,12.5990339557965,12.604879944884
903,1712345337.55954,vehicle.toyota.prius,68.0230178833008,75.5840072631836,235.299179077148,0,-0.0007308301865123,-0.331787109375,8.44927478625871,12.2932095579871
904,1712345337.66175,vehicle.toyota.prius,67.4457702636719,75.3507385253906,235.299194335937,0,-0.0007308301865123,-0.123931884765625,12.7448979519024,12.3270861875307
905,1712345337.76411,vehicle.toyota.prius,67.4457702636719,75.3507385253906,235.299194335937,0,-0.0007308301865123,-0.123931884765625,10.6302401835905,12.1998227372352
906,1712345337.86703,vehicle.toyota.prius,66.8932571411133,75.1619033813477,235.299194335937,0,-0.0007308301865123,-0.0360107421875,10.5797107198875,12.0783143359341
907,1712345337.96913,vehicle.toyota.prius,66.6211318969727,75.1063690185547,235.299209594727,0,-0.0007308301865123,0.14154052734375,10.4061571829189,11.952902549458
908,1712345338.07099,vehicle.toyota.prius,66.3489990234375,75.0286102294922,235.299209594727,0,-0.0007308301865123,0.28369140625,12.4146203013425,11.9875313808493
909,1712345338.17292,vehicle.toyota.prius,66.3489990234375,75.0286102294922,235.299209594727,0,-0.0007308301865123,0.28369140625,8.05042454822927,11.6922483684028
910,1712345338.27467,vehicle.toyota.prius,65.7717514038086,74.8953170776367,235.299209594727,0,-0.0007308301865123,0.493408203125,12.2324953874433,11.7327668948309
911,1712345338.37648,vehicle.toyota.prius,65.4748840332031,74.8064498901367,235.299209594727,0,-0.0007649811450392,0.782806396484375,10.3326487755157,11.6277580358822
912,1712345338.4783,vehicle.toyota.prius,65.2357406616211,74.7175827026367,235.299209594727,0,-0.0007649811450392,0.950103759765625,10.1736098957609,11.5186969253731
913,1712345338.58098,vehicle.toyota.prius,64.9388656616211,74.5620651245117,235.299209594727,0,-0.0007923019002191,1.164306640625,10.4847197863747,11.4411486399482
914,1712345338.68271,vehicle.toyota.prius,64.7162170410156,74.4065628051758,235.299240112305,0,-0.0007923019002191,1.54904174804688,12.3387101172218,11.5084657507438
915,1712345338.78533,vehicle.toyota.prius,64.7162170410156,74.4065628051758,235.299240112305,0,-0.0007923019002191,1.54904174804688,8.20017978819824,11.2603443035529
916,1712345338.88725,vehicle.toyota.prius,64.2956466674805,73.9844436645508,235.299240112305,0,-0.000826452858746,0.288536936044693,10.1315631452981,11.1756857166837
917,1712345338.98898,vehicle.toyota.prius,64.1224670410156,73.6956329345703,235.299240112305,0,-0.000853773613926,0.303558975458145,10.6531006000469,11.136491832936
918,1712345339.09149,vehicle.toyota.prius,63.9492950439453,73.4512481689453,235.399230957031,0,-0.000853773613926,0.314763009548187,10.5142669003284,11.0898249629904
919,1712345339.19387,vehicle.toyota.prius,63.6689186096191,73.2846298217774,235.39924621582,0,-0.000853773613926,0.210703864693642,10.8321417119855,11.0704987191651
920,1712345339.29662,vehicle.toyota.prius,63.396785736084,73.0957870483398,235.39924621582,0,-0.000853773613926,0.210703864693642,13.1143161909795,11.2237850295511
921,1712345339.39891,vehicle.toyota.prius,63.1576347351074,72.8958435058594,235.39924621582,0,-0.000853773613926,0.210703864693642,11.102790164442,11.214710414668
922,1712345339.50097,vehicle.toyota.prius,62.9432258605957,72.6514587402344,235.399276733398,0,-0.000853773613926,0.210703864693642,11.0975690801707,11.2059248145807
923,1712345339.60299,vehicle.toyota.prius,62.7618103027344,72.3515396118164,235.399276733398,0,-0.000853773613926,0.210703864693642,11.3910619796854,11.2198101019635
924,1712345339.70491,vehicle.toyota.prius,62.5803833007813,72.0627212524414,235.399276733398,0,-0.000853773613926,0.210703864693642,11.5280089939335,11.2429250188613
925,1712345339.80788,vehicle.toyota.prius,62.3082504272461,71.8294525146484,235.399291992187,0,-0.000853773613926,0.210703864693642,11.7583924189035,11.2815850738644
926,1712345339.91035,vehicle.toyota.prius,62.0855979919434,71.6072845458984,235.399291992187,0,-0.000853773613926,0.210703864693642,11.7987687956122,11.3203738529955
927,1712345340.01209,vehicle.toyota.prius,61.8464546203613,71.318473815918,235.399291992187,0,-0.000853773613926,0.210703864693642,12.1581720536697,11.3832087180461
928,1712345340.11391,vehicle.toyota.prius,61.6155548095703,70.985221862793,235.399307250977,0,-0.000853773613926,0.210703864693642,12.5666278968246,11.4719651564545
929,1712345340.2169,vehicle.toyota.prius,61.458869934082,70.70751953125,235.399307250977,0,-0.000853773613926,0.210703864693642,12.3685667605337,11.5392102767604
930,1712345340.31879,vehicle.toyota.prius,61.3269233703613,70.374267578125,235.399307250977,0,-0.000826452858746,0.210703864693642,12.3670821877793,11.6013006700868
931,1712345340.42061,vehicle.toyota.prius,61.2197151184082,69.9743728637695,235.399307250977,0,-0.000826452858746,0.210703864693642,13.0399320142652,11.7091980209002
932,1712345340.52336,vehicle.toyota.prius,61.1042671203613,69.607795715332,235.499328613281,0,-0.000826452858746,0.35260683298111,13.1490286488495,11.8171853179964
933,1712345340.631,vehicle.toyota.prius,60.8981056213379,69.2967681884766,235.499328613281,0,-0.000826452858746,0.657580435276032,12.7912930081953,11.8902433947613
934,1712345340.73371,vehicle.toyota.prius,60.6919403076172,68.9746246337891,235.499328613281,0,-0.000826452858746,0.965024471282959,13.2189589031293,11.9898970578889
935,1712345340.83593,vehicle.toyota.prius,60.3208541870117,68.2970199584961,235.499328613281,0,-0.000826452858746,1.40325629711151,16.0824581380945,12.2968391389043
936,1712345340.93877,vehicle.toyota.prius,60.3208541870117,68.2970199584961,235.499328613281,0,-0.000826452858746,1.40325629711151,13.2398430833447,12.3675644347374
937,1712345341.04076,vehicle.toyota.prius,59.8837890625,67.5860977172852,235.49934387207,0,-0.0007923019002191,2.03033709526062,16.4310809411868,12.6723281727211
938,1712345341.14304,vehicle.toyota.prius,59.6611366271973,67.2417373657227,235.599365234375,0,-0.0007923019002191,2.33415269851685,16.8783444822463,12.9877793959355
939,1712345341.24492,vehicle.toyota.prius,59.6611366271973,67.2417373657227,235.599365234375,0,-0.0007923019002191,2.33415269851685,14.2164114747143,13.0799268018439
940,1712345341.34679,vehicle.toyota.prius,59.2735481262207,66.5085906982422,235.599365234375,0,-0.0007923019002191,2.77201557159424,14.621796550024,13.1955670329574
941,1712345341.44897,vehicle.toyota.prius,59.059139251709,66.1420211791992,235.599365234375,0,-0.0007923019002191,3.06809115409851,17.6343026813798,13.5284722065891
942,1712345341.55084,vehicle.toyota.prius,59.059139251709,66.1420211791992,235.599365234375,0,-0.0007923019002191,3.06809115409851,11.7579950276398,13.3956864181679
943,1712345341.65327,vehicle.toyota.prius,58.6715545654297,65.3422241210938,235.599395751953,0,-0.0007649811450392,3.65726733207703,15.1117998428728,13.5243949250207
944,1712345341.75635,vehicle.toyota.prius,58.5066299438477,64.9312210083008,235.69938659668,0,-0.0007649811450392,3.79773736000061,18.1948474832107,13.874678866885
945,1712345341.85963,vehicle.toyota.prius,58.5066299438477,64.9312210083008,235.69938659668,0,-0.0007649811450392,3.79773736000061,12.3321975714039,13.7589927697239
946,1712345341.96146,vehicle.toyota.prius,58.1355361938477,64.1536407470703,235.69938659668,0,-0.0007308301865123,4.34061288833618,15.4166932216039,13.8833203036149
947,1712345342.06338,vehicle.toyota.prius,58.0283279418945,63.6981964111328,235.699401855469,0,-0.0007308301865123,4.49013376235962,18.6428372284196,14.2402840729752
948,1712345342.16518,vehicle.toyota.prius,58.0283279418945,63.6981964111328,235.699401855469,0,-0.0007308301865123,4.49013376235962,12.4350740978353,14.1048933248398
949,1712345342.2676,vehicle.toyota.prius,57.6902236938477,62.8761863708496,235.699401855469,0,-0.0007308301865123,4.41069555282593,15.57058077076,14.2148198832838
950,1712345342.3699,vehicle.toyota.prius,57.566520690918,62.4540710449219,235.799407958984,0,-0.0007035094313323,4.29378890991211,18.7060871508971,14.5516649283548
951,1712345342.47179,vehicle.toyota.prius,57.566520690918,62.4540710449219,235.799407958984,0,-0.0007035094313323,4.29378890991211,12.663135429229,14.4100252159203
952,1712345342.57411,vehicle.toyota.prius,57.3933448791504,61.5542945861816,235.799423217773,0,-0.0007035094313323,4.04206085205078,15.7762806602148,14.5124943742424
953,1712345342.6759,vehicle.toyota.prius,57.2284126281738,61.0766410827637,235.799453735352,0,-0.0007035094313323,3.94068074226379,19.3327102112841,14.8740105620206
954,1712345342.77772,vehicle.toyota.prius,57.0799751281738,60.6656379699707,235.799453735352,0,-0.0006761886761523,3.85467600822449,16.1992386954296,14.9734026720262
955,1712345342.87983,vehicle.toyota.prius,56.9645195007324,60.2435188293457,235.799453735352,0,-0.0006420377176254,3.73607993125916,16.1743895389587,15.0634766870462
956,1712345342.98174,vehicle.toyota.prius,56.8655586242676,59.7436447143555,235.799468994141,0,-0.0006420377176254,3.59495043754578,19.7636455999276,15.4159893555123
957,1712345343.08364,vehicle.toyota.prius,56.8160820007324,59.2882080078125,235.899444580078,0,-0.0006147170206531,3.46562600135803,16.5372785798138,15.5000860473349
958,1712345343.18596,vehicle.toyota.prius,56.7913360595703,58.7883338928223,235.899459838867,0,-0.0006147170206531,3.32314515113831,16.4581941075142,15.5719441518483
959,1712345343.28777,vehicle.toyota.prius,56.7665939331055,58.3884315490723,235.899459838867,0,-0.0006147170206531,3.20924925804138,16.2396272872504,15.6220203870035
960,1712345343.38972,vehicle.toyota.prius,56.6758842468262,57.8330154418945,235.899459838867,0,-0.0006147170206531,3.08113670349121,17.15510425154,15.7370016768437
961,1712345343.492,vehicle.toyota.prius,56.6758842468262,57.8330154418945,235.899459838867,0,-0.0006147170206531,3.08113670349121,13.5645249272245,15.5740659206223
962,1712345343.59412,vehicle.toyota.prius,56.5027046203613,56.9554634094238,235.899490356445,0,-0.0006147170206531,2.8538179397583,16.5986772971513,15.650911773862
963,1712345343.6964,vehicle.toyota.prius,56.4202346801758,56.5222396850586,235.899490356445,0,-0.0006147170206531,2.73048782348633,16.1949874139203,15.6917174468663
964,1712345343.79836,vehicle.toyota.prius,56.3377685546875,56.1112289428711,235.899505615234,0,-0.0006147170206531,2.61351871490479,16.3378817347644,15.7401797684587
965,1712345343.90014,vehicle.toyota.prius,56.2388114929199,55.5891380310059,235.99951171875,0,-0.0005805660621263,2.4648859500885,16.1388247390193,15.7700781412507
966,1712345344.00236,vehicle.toyota.prius,56.1645889282227,55.2003517150879,235.99951171875,0,-0.0005805660621263,2.35420823097229,18.930691477422,16.0071241414636
967,1712345344.10448,vehicle.toyota.prius,56.0738754272461,54.7115859985352,235.99951171875,0,-0.0005532453069463,2.21504545211792,16.1297772168124,16.0163231221148
968,1712345344.20681,vehicle.toyota.prius,56.0243949890137,54.2450370788574,235.99951171875,0,-0.0005532453069463,2.08187770843506,16.3177009362803,16.0389264581772
969,1712345344.3092,vehicle.toyota.prius,55.9914054870606,53.8007011413574,235.999526977539,0,-0.0005190943484194,1.95492446422577,16.480116751516,16.0720157301776
970,1712345344.4111,vehicle.toyota.prius,56.0078926086426,53.3452568054199,235.999526977539,0,-0.0005190943484194,1.87365353107452,15.8928127483214,16.0585755065384
971,1712345344.51294,vehicle.toyota.prius,56.0326309204102,52.8009490966797,235.999526977539,0,-0.0005190943484194,1.71770441532135,16.9430931253118,16.1249143279464
972,1712345344.61587,vehicle.toyota.prius,56.0078887939453,52.3788375854492,235.999542236328,0,-0.0005190943484194,1.59676015377045,16.4281645813329,16.1476580969504
973,1712345344.71777,vehicle.toyota.prius,55.9748954772949,51.8900718688965,235.999542236328,0,-0.0005190943484194,1.45671737194061,16.5956203391205,16.1812552651131
974,1712345344.82066,vehicle.toyota.prius,55.9419097900391,51.479061126709,236.099548339844,0,-0.0005190943484194,1.33895242214203,16.3599568453317,16.1946578836295
975,1712345344.92268,vehicle.toyota.prius,55.9006767272949,51.0236206054688,236.099548339844,0,-0.0005190943484194,1.20845675468445,16.3702243962384,16.2078253720752
976,1712345345.02473,vehicle.toyota.prius,55.8594360351563,50.5015335083008,236.099548339844,0,-0.0004917735932394,1.05886566638947,16.2354589334085,16.2098978891752
977,1712345345.12708,vehicle.toyota.prius,55.8182029724121,50.0460929870606,236.099548339844,0,-0.0004917735932394,0.928370118141174,16.496841135581,16.2314186326556
978,1712345345.229,vehicle.toyota.prius,55.785213470459,49.6128692626953,236.099563598633,0,-0.0004917735932394,0.804240882396698,16.1066232382628,16.2220589780762
979,1712345345.33093,vehicle.toyota.prius,55.7357330322266,49.1018829345703,236.099563598633,0,-0.0004917735932394,0.740797102451324,16.8340972363529,16.2679618474469
980,1712345345.43288,vehicle.toyota.prius,55.661506652832,48.2021064758301,236.199569702148,0,-0.0004917735932394,0.740797102451324,19.9923404494332,16.5472902425959
981,1712345345.53566,vehicle.toyota.prius,55.661506652832,48.2021064758301,236.199569702148,0,-0.0004917735932394,0.740797102451324,16.2768333359793,16.5270059745996
982,1712345345.63839,vehicle.toyota.prius,55.6037826538086,47.6911315917969,236.199569702148,0,-0.0004576226347126,0.740797102451324,16.6639587718445,16.537277434393
983,1712345345.74056,vehicle.toyota.prius,55.5707893371582,47.3023376464844,236.199584960938,0,-0.0004576226347126,0.740797102451324,16.345045395879,16.5228600315045
984,1712345345.84304,vehicle.toyota.prius,55.5295562744141,46.7913551330566,236.199584960938,0,-0.0004576226347126,0.740797102451324,16.3221368217215,16.5078057907707
985,1712345345.94492,vehicle.toyota.prius,55.4883232116699,46.3581275939941,236.199584960938,0,-0.0004576226347126,0.740797102451324,13.0214939584358,16.2463324033456
986,1712345346.0478,vehicle.toyota.prius,55.4058532714844,45.4472503662109,236.299591064453,0,-0.0004576226347126,0.740797102451324,19.4607419152809,16.4874131167408
987,1712345346.14974,vehicle.toyota.prius,55.4058532714844,45.4472503662109,236.299591064453,0,-0.0004576226347126,0.740797102451324,15.8743711424574,16.4414349686695
988,1712345346.25193,vehicle.toyota.prius,55.3563652038574,44.9029426574707,236.299591064453,0,-0.0004576226347126,0.740797102451324,16.9731709501101,16.4813151672776
989,1712345346.35371,vehicle.toyota.prius,55.2738990783691,44.014274597168,236.299606323242,0,-0.0004576226347126,0.740797102451324,19.6725636639623,16.7206588045289
990,1712345346.45589,vehicle.toyota.prius,55.2738990783691,44.014274597168,236.299606323242,0,-0.0004576226347126,0.740797102451324,16.597466720177,16.7114193982025
991,1712345346.55762,vehicle.toyota.prius,55.1914291381836,43.0700721740723,236.299606323242,0,-0.0004576226347126,0.740797102451324,16.8542816181515,16.7221340646987
992,1712345346.65956,vehicle.toyota.prius,55.1584358215332,42.6923866271973,236.299621582031,0,-0.0004576226347126,0.740797102451324,19.5315248407505,16.9328383729026
993,1712345346.76268,vehicle.toyota.prius,55.1172065734863,42.214729309082,236.299621582031,0,-0.0004576226347126,0.840927481651306,19.0225852303587,17.0895693872118
994,1712345346.86486,vehicle.toyota.prius,55.1172065734863,42.214729309082,236.299621582031,0,-0.0004576226347126,0.840927481651306,12.7220223564942,16.762003359908
995,1712345346.96661,vehicle.toyota.prius,55.0429763793945,41.2483062744141,236.299621582031,0,-0.0003961509501095,0.840792655944824,19.564905194265,16.9722209974847
996,1712345347.06963,vehicle.toyota.prius,55.0429763793945,41.2483062744141,236.299621582031,0,-0.0003961509501095,0.840792655944824,12.8515207300669,16.6631684774284
997,1712345347.17136,vehicle.toyota.prius,55.0347290039062,40.8706245422363,236.299621582031,0,-0.0003961509501095,0.840689897537231,12.8436652029205,16.3767057318403
998,1712345347.27324,vehicle.toyota.prius,55.0594635009766,39.9042015075684,236.299621582031,0,-0.0003961509501095,0.840355753898621,16.2970178343305,16.3707291395271
999,1712345347.3756,vehicle.toyota.prius,55.04296875,39.4820823669434,236.299621582031,0,-0.0003688301949296,0.84024316072464,19.2685196617221,16.5880634286917
1000,1712345347.4784,vehicle.toyota.prius,55.04296875,39.4820823669434,236.299621582031,0,-0.0003688301949296,0.84024316072464,12.4237004049365,16.2757362019101
1001,1712345347.58097,vehicle.toyota.prius,55.0099754333496,38.5823097229004,236.399642944336,0,-0.0003688301949296,0.840120434761047,18.7839097513091,16.463849218115
1002,1712345347.68361,vehicle.toyota.prius,55.0182151794434,38.1157608032227,236.399642944336,0,-0.0003688301949296,0.789345622062683,19.373869534803,16.6821007418666
1003,1712345347.78645,vehicle.toyota.prius,55.0017166137695,37.6269950866699,236.399642944336,0,-0.0003688301949296,0.789345622062683,15.9942156142435,16.6305093572949
1004,1712345347.88833,vehicle.toyota.prius,54.985221862793,37.2159881591797,236.399642944336,0,-0.0003346792655065,0.789345622062683,15.9316222783458,16.5780928263737
1005,1712345347.99009,vehicle.toyota.prius,55.0017166137695,36.7494354248047,236.399642944336,0,-0.0003346792655065,0.789345622062683,19.240882351145,16.7778020407315
1006,1712345348.09341,vehicle.toyota.prius,55.0511894226074,36.305103302002,236.399642944336,0,-0.0003346792655065,0.789345622062683,16.0004953071611,16.7195040357137
1007,1712345348.19522,vehicle.toyota.prius,55.0676803588867,35.8718795776367,236.399642944336,0,-0.0003346792655065,0.789345622062683,15.7930047420258,16.6500165886871
1008,1712345348.29713,vehicle.toyota.prius,55.0759162902832,35.3720054626465,236.399642944336,0,-0.0003346792655065,0.789345622062683,15.9052133873172,16.5941563485844
1009,1712345348.39893,vehicle.toyota.prius,55.0759162902832,34.9498863220215,236.399642944336,0,-0.0003073585103265,0.789345622062683,15.9900266807991,16.5488466235005
1010,1712345348.50121,vehicle.toyota.prius,55.0924072265625,34.4389038085937,236.399642944336,0,-0.0003073585103265,0.789345622062683,16.286234956652,16.5291507484869
1011,1712345348.60328,vehicle.toyota.prius,55.1088943481445,34.039005279541,236.399658203125,0,-0.0003073585103265,0.789345622062683,16.0054066984288,16.4898699447325
1012,1712345348.70508,vehicle.toyota.prius,55.1088943481445,33.6057815551758,236.399658203125,0,-0.0003073585103265,0.789345622062683,16.0031727913796,16.453367658231
1013,1712345348.8069,vehicle.toyota.prius,55.1171340942383,33.1281204223633,236.399658203125,0,-0.0003073585103265,0.788181722164154,15.848825384918,16.4080269877326
1014,1712345348.9095,vehicle.toyota.prius,55.125373840332,32.6615715026855,236.399658203125,0,-0.0003073585103265,0.7665656208992,16.138476163978,16.387810675951
1015,1712345349.01157,vehicle.toyota.prius,55.1418685913086,32.1505889892578,236.399658203125,0,-0.0003073585103265,0.742887854576111,16.1452771533165,16.3696206617534
1016,1712345349.11339,vehicle.toyota.prius,55.1501121520996,31.8062305450439,236.399658203125,0,-0.0002732075517997,0.726932168006897,15.7599119808122,16.3238925106828
1017,1712345349.21591,vehicle.toyota.prius,55.1748466491699,31.2508144378662,236.399658203125,0,-0.0002732075517997,0.701192438602448,16.6028513956694,16.3448144270568
1018,1712345349.31937,vehicle.toyota.prius,55.1913299560547,30.8842372894287,236.399688720703,0,-0.0002732075517997,0.6842041015625,15.7715361139298,16.3018185535723
1019,1712345349.42147,vehicle.toyota.prius,55.1913261413574,30.5065574645996,236.399688720703,0,-0.0002732075517997,0.66670835018158,15.16044498301,16.2162155357801
1020,1712345349.52329,vehicle.toyota.prius,55.1995735168457,29.8955993652344,236.399688720703,0,-0.0002732075517997,0.638402581214905,15.8691853062714,16.1901882685669
1021,1712345349.62629,vehicle.toyota.prius,55.2078170776367,29.4956970214844,236.399688720703,0,-0.0002732075517997,0.619873940944672,16.2225000235165,16.1926116501882
1022,1712345349.72923,vehicle.toyota.prius,55.2160568237305,29.0735836029053,236.399688720703,0,-0.0002732075517997,0.600316286087036,15.2718041569732,16.123551088197
1023,1712345349.83102,vehicle.toyota.prius,55.2325439453125,28.19602394104,236.399688720703,0,-0.0002732075517997,0.559656918048859,18.916543751861,16.3330255379718
1024,1712345349.93319,vehicle.toyota.prius,55.2325439453125,28.19602394104,236.399688720703,0,-0.0002732075517997,0.559656918048859,16.2574692639967,16.3273588174237
1025,1712345350.03507,vehicle.toyota.prius,55.240779876709,27.3517913818359,236.399703979492,0,-0.0002732075517997,0.520544946193695,17.8963520585415,16.4450333105075
1026,1712345350.13709,vehicle.toyota.prius,55.240779876709,27.3517913818359,236.399703979492,0,-0.0002732075517997,0.520544946193695,15.11174378823,16.3450365963367
1027,1712345350.23936,vehicle.toyota.prius,55.2490272521973,26.7519435882568,236.399703979492,0,-0.0002732075517997,0.492753893136978,16.3855099126446,16.3480720950598
1028,1712345350.34144,vehicle.toyota.prius,55.2490234375,26.3520431518555,236.399703979492,0,-0.0002458867966197,0.474228709936142,13.0061599125728,16.0974286813733
1029,1712345350.44376,vehicle.toyota.prius,55.2572631835938,25.5744590759277,236.399703979492,0,-0.0002458867966197,1.08701956272125,18.4852899967191,16.2765182800242
1030,1712345350.54618,vehicle.toyota.prius,55.2572631835938,25.5744590759277,236.399703979492,0,-0.0002458867966197,1.08701956272125,12.5191011405002,15.9947119945599
1031,1712345350.64794,vehicle.toyota.prius,55.2737503051758,24.6746864318848,236.399703979492,0,-0.0002185660414397,1.10257887840271,18.8668839110899,16.2101248882997
1032,1712345350.75029,vehicle.toyota.prius,55.2737503051758,24.6746864318848,236.399703979492,0,-0.0002185660414397,1.10257887840271,14.6373231433137,16.0921647574257
1033,1712345350.85262,vehicle.toyota.prius,55.2902374267578,24.1748085021973,236.399703979492,0,-0.0002185660414397,0.202392578125,15.3359373860628,16.0354477045735
1034,1712345350.95436,vehicle.toyota.prius,55.3067207336426,23.3416862487793,236.399719238281,0,-0.0002185660414397,0.339514642953873,15.7459334499454,16.0137341354764
1035,1712345351.05611,vehicle.toyota.prius,55.3149642944336,22.8640270233154,236.499694824219,0,-0.0002185660414397,0.317399352788925,19.1524499624071,16.2491378224962
1036,1712345351.15785,vehicle.toyota.prius,55.3149642944336,22.8640270233154,236.499694824219,0,-0.0002185660414397,0.317399352788925,12.8063955067439,15.9909321488148
1037,1712345351.25965,vehicle.toyota.prius,55.3314476013184,21.9420375823975,236.499725341797,0,-0.0001844150974648,0.325128495693207,19.3309897810576,16.241436471233
1038,1712345351.3617,vehicle.toyota.prius,55.3314476013184,21.9420375823975,236.499725341797,0,-0.0001844150974648,0.325128495693207,15.80786010607,16.2089182438458
1039,1712345351.4643,vehicle.toyota.prius,55.3314437866211,21.4977054595947,236.499725341797,0,-0.0001844150974648,0.331138461828232,13.0382287630301,15.9711165327846
1040,1712345351.56666,vehicle.toyota.prius,55.3149490356445,20.520170211792,236.399719238281,0,-0.0001844150974648,-0.201442793011665,16.5420521718177,16.0139367057121
1041,1712345351.66874,vehicle.toyota.prius,55.3231925964356,20.1424884796143,236.499725341797,0,-0.0001844150974648,-0.20138768851757,19.1772485762697,16.2511850960039
1042,1712345351.77084,vehicle.toyota.prius,55.3231925964356,20.1424884796143,236.499725341797,0,-0.0001844150974648,-0.20138768851757,12.6733583751467,15.9828480919396
1043,1712345351.87316,vehicle.toyota.prius,55.3396759033203,19.1982822418213,236.499725341797,0,-0.0001844150974648,-1.22933959960938,19.3122665811158,16.2325544786278
1044,1712345351.975,vehicle.toyota.prius,55.3479194641113,18.7650566101074,236.499725341797,0,-0.0001844150974648,-1.19906616210938,19.2632513383753,16.4598567431089
1045,1712345352.07735,vehicle.toyota.prius,55.3479194641113,18.7650566101074,236.499725341797,0,-0.0001844150974648,-1.19906616210938,12.3944827936008,16.1549536968958
1046,1712345352.17913,vehicle.toyota.prius,55.3231735229492,17.9208240509033,236.499725341797,0,-0.0001844150974648,-1.1270751953125,15.6704258057151,16.1186141050572
1047,1712345352.28208,vehicle.toyota.prius,55.331413269043,17.4653835296631,236.499725341797,0,-0.0001570943422848,0.385678917169571,18.8513510792891,16.3235693781246
1048,1712345352.38405,vehicle.toyota.prius,55.3314094543457,17.0210494995117,236.499740600586,0,-0.0001570943422848,0.391688913106918,15.3423181446073,16.2499755356108
1049,1712345352.48639,vehicle.toyota.prius,55.339656829834,16.5878257751465,236.499740600586,0,-0.0001570943422848,0.397546261548996,15.3268689325799,16.1807425403835
1050,1712345352.58839,vehicle.toyota.prius,55.347900390625,16.0657329559326,236.499740600586,0,-0.0001570943422848,0.405391961336136,19.0156200991448,16.3933583572906
1051,1712345352.69122,vehicle.toyota.prius,55.347900390625,16.0657329559326,236.499740600586,0,-0.0001570943422848,0.405391961336136,13.0425793519242,16.1420499318881
1052,1712345352.79309,vehicle.toyota.prius,55.3561363220215,15.1659593582153,236.499740600586,0,-0.0001570943422848,0.41756209731102,16.2001174831463,16.1464049982325
1053,1712345352.89513,vehicle.toyota.prius,55.3561325073242,14.6883001327515,236.499740600586,0,-0.0001570943422848,0.424020916223526,16.4324382707266,16.1678574936695
1054,1712345352.99805,vehicle.toyota.prius,55.364372253418,14.2884016036987,236.499740600586,0,-0.0001570943422848,0.429431855678558,16.179712289989,16.1687466033935
1055,1712345353.10027,vehicle.toyota.prius,55.3643684387207,13.7885274887085,236.499740600586,0,-0.0001570943422848,0.43619105219841,16.0155520009657,16.1572570082114
1056,1712345353.20269,vehicle.toyota.prius,55.3643684387207,13.4219512939453,236.499740600586,0,-0.0001570943422848,0.441147804260254,18.6086584273073,16.3411121146436
1057,1712345353.30472,vehicle.toyota.prius,55.3643684387207,12.9554023742676,236.599746704102,0,-0.0001229433983098,0.452667236328125,15.5702051995701,16.2832940960131
1058,1712345353.40723,vehicle.toyota.prius,55.3643646240234,12.5110702514648,236.599746704102,0,-0.0001229433983098,0.452667236328125,15.3218699465802,16.2111872848056
1059,1712345353.50927,vehicle.toyota.prius,55.3561134338379,12.0334119796753,236.599746704102,0,-0.0001229433983098,0.452667236328125,15.8951397850427,16.1874837223234
1060,1712345353.61137,vehicle.toyota.prius,55.3561058044434,11.4002361297607,236.599746704102,0,-0.0000956226431299001,0.452667236328125,16.8372178177249,16.2362137794785
1061,1712345353.71424,vehicle.toyota.prius,55.3561019897461,11.089204788208,236.599746704102,0,-0.0000956226431299001,0.452667236328125,16.4315368903077,16.2508630127907
1062,1712345353.81614,vehicle.toyota.prius,55.3561019897461,10.6670875549316,236.599746704102,0,-0.0000956226431299001,0.452667236328125,16.1079755007363,16.2401464493866
1063,1712345353.91808,vehicle.toyota.prius,55.3478546142578,10.2116460800171,236.599746704102,0,-0.0000956226431299001,0.452667236328125,16.2046415938297,16.2374835852199
1064,1712345354.02039,vehicle.toyota.prius,55.3560943603516,9.75620555877686,236.599746704102,0,-0.0000956226431299001,0.452667236328125,16.0393669653494,16.2226248387296
1065,1712345354.12209,vehicle.toyota.prius,55.3478469848633,9.31187248229981,236.599746704102,0,-0.0000956226431299001,0.452667236328125,14.7205856687514,16.1099719009812
1066,1712345354.22494,vehicle.toyota.prius,55.3478393554687,8.85643100738525,236.599746704102,0,-0.0000956226431299001,0.452667236328125,15.7392247592859,16.0821658653541
1067,1712345354.32674,vehicle.toyota.prius,55.3478393554687,8.4454231262207,236.599746704102,0,-0.0000956226431299001,0.452667236328125,15.6640072696669,16.0508039706775
1068,1712345354.42848,vehicle.toyota.prius,55.3478355407715,7.98998165130615,236.599746704102,0,-0.0000956226431299001,0.452667236328125,15.6702135238754,16.0222596871674
1069,1712345354.53057,vehicle.toyota.prius,55.3478317260742,7.5123233795166,236.699737548828,0,-0.0000956226431299001,0.450188905000687,15.8492446266498,16.0092835576285
1070,1712345354.6328,vehicle.toyota.prius,55.356071472168,7.00134086608887,236.699737548828,0,-0.0000956226431299001,0.450558245182037,16.3023005367841,16.0312598310652
1071,1712345354.73468,vehicle.toyota.prius,55.3560676574707,6.56811618804932,236.699737548828,0,-0.0000956226431299001,0.45087069272995,16.1765715225874,16.0421582079294
1072,1712345354.83677,vehicle.toyota.prius,55.3560676574707,6.11267423629761,236.699737548828,0,-0.0000956226431299001,0.451198697090149,16.4807455767022,16.0750522605873
1073,1712345354.93915,vehicle.toyota.prius,55.3643112182617,5.62390851974487,236.699737548828,0,-0.0000956226431299001,0.458258181810379,16.6949411003669,16.1215439235708
1074,1712345355.04083,vehicle.toyota.prius,55.3643035888672,5.23511695861816,236.699737548828,0,-0.0000956226431299001,0.458537369966507,16.0666471595183,16.1174266662669
1075,1712345355.14297,vehicle.toyota.prius,55.3642997741699,4.82410907745361,236.699737548828,0,-0.0000956226431299001,0.458832114934921,15.363841978676,16.0609078146976
1076,1712345355.24477,vehicle.toyota.prius,55.3725471496582,4.24647617340088,236.699737548828,0,-0.0000956226431299001,0.459245979785919,16.385733311946,16.0852697269912
1077,1712345355.34657,vehicle.toyota.prius,55.3807830810547,3.45778489112854,236.699737548828,0,-0.0000956226431299001,0.459809690713882,18.748675361729,16.2850251495965
1078,1712345355.44981,vehicle.toyota.prius,55.3807792663574,2.92458486557007,236.699737548828,0,-0.0000956226431299001,0.460189789533615,19.0296019454035,16.4908684092821
1079,1712345355.55254,vehicle.toyota.prius,55.3807792663574,2.92458486557007,236.699737548828,0,-0.0000956226431299001,0.460189789533615,16.2554680030816,16.473213378817
1080,1712345355.65425,vehicle.toyota.prius,55.3890190124512,2.01370239257812,236.699737548828,0,-0.0000956226431299001,0.460837841033935,19.7890412256841,16.721900467332
1081,1712345355.75608,vehicle.toyota.prius,55.3890190124512,2.01370239257812,236.699737548828,0,-0.0000956226431299001,0.460837841033935,15.7206910446909,16.646809760634
1082,1712345355.85786,vehicle.toyota.prius,55.3972587585449,1.04727804660797,236.699737548828,0,-0.0000956226431299001,0.46152326464653,16.9727666444817,16.6712565269225
1083,1712345355.96001,vehicle.toyota.prius,55.3972549438477,0.625161707401276,236.699737548828,0,-0.0000956226431299001,0.46182182431221,16.2255027980924,16.6378249972603
1084,1712345356.06287,vehicle.toyota.prius,55.3972549438477,0.225261986255646,236.699737548828,0,-0.0000956226431299001,0.462104320526123,19.0421589215486,16.8181500415819
1085,1712345356.16525,vehicle.toyota.prius,55.3972549438477,0.225261986255646,236.699737548828,0,-0.0000956226431299001,0.462104320526123,12.5998745087518,16.5017793766196
1086,1712345356.26704,vehicle.toyota.prius,55.4054908752441,-0.696729123592377,236.699737548828,0,1.36603775899857E-05,0.462754368782043,19.0968869415058,16.6964124439861
1087,1712345356.3688,vehicle.toyota.prius,55.4054908752441,-0.696729123592377,236.699737548828,0,1.36603775899857E-05,0.462754368782043,12.2880509435428,16.3657853314529
1088,1712345356.47139,vehicle.toyota.prius,55.4137344360352,-1.12995386123657,236.699737548828,0,1.36603775899857E-05,0.463059276342392,12.3560889975821,16.0650581064126
1089,1712345356.57311,vehicle.toyota.prius,55.4137229919434,-2.07416152954102,236.699737548828,0,1.36603775899857E-05,0.463721692562103,16.2240947410153,16.0769858540078
1090,1712345356.67493,vehicle.toyota.prius,55.4219703674316,-2.54071116447449,236.699737548828,0,1.36603775899857E-05,0.464048475027084,19.5375533997077,16.3365284199353
1091,1712345356.77671,vehicle.toyota.prius,55.4219665527344,-3.02947735786438,236.699737548828,0,1.36603775899857E-05,0.46439003944397,16.4775455442884,16.3471047042617
1092,1712345356.879,vehicle.toyota.prius,55.4302101135254,-3.52935242652893,236.699737548828,0,1.36603775899857E-05,0.46473902463913,19.9879193724562,16.6201658043763
1093,1712345356.98077,vehicle.toyota.prius,55.4302024841309,-3.7848436832428,236.699737548828,0,1.36603775899857E-05,0.464917033910751,18.7637066398299,16.7809313670353
1094,1712345357.083,vehicle.toyota.prius,55.4301986694336,-4.28471851348877,236.699737548828,0,1.36603775899857E-05,0.465264886617661,15.6076778978922,16.6929373568496
1095,1712345357.18475,vehicle.toyota.prius,55.4384460449219,-4.79570150375366,236.699737548828,0,1.36603775899857E-05,0.465620040893555,15.9235349467086,16.635232176089
1096,1712345357.28679,vehicle.toyota.prius,55.4384422302246,-5.32890129089356,236.799758911133,0,1.36603775899857E-05,0.465973079204559,16.2443803796779,16.6059182913582
1097,1712345357.38864,vehicle.toyota.prius,55.4384346008301,-5.59550094604492,236.799758911133,0,1.36603775899857E-05,0.466156601905823,14.6120602666113,16.4563789395022
1098,1712345357.49164,vehicle.toyota.prius,55.4466781616211,-6.15091705322266,236.799758911133,0,1.36603775899857E-05,0.466537058353424,16.6885395541381,16.4737909855999
1099,1712345357.59333,vehicle.toyota.prius,55.4466781616211,-6.69522523880005,236.799758911133,0,1.36603775899857E-05,0.466906845569611,17.0194250174197,16.5147135379864
1100,1712345357.69515,vehicle.toyota.prius,55.4466743469238,-6.93960857391357,236.799758911133,0,1.36603775899857E-05,0.467071950435638,15.1381235044452,16.4114692854708
1101,1712345357.79689,vehicle.toyota.prius,55.4549140930176,-7.48391628265381,236.799743652344,0,1.36603775899857E-05,0.467437952756882,15.209591928822,16.3213284837221
1102,1712345357.89894,vehicle.toyota.prius,55.4549102783203,-8.07265758514404,236.799743652344,0,1.36603775899857E-05,0.467830419540405,17.4760598785822,16.4079333383366
1103,1712345358.00125,vehicle.toyota.prius,55.4631576538086,-8.32814979553223,236.799743652344,0,1.36603775899857E-05,0.467999935150147,15.3809272766446,16.3309078837097
1104,1712345358.10366,vehicle.toyota.prius,55.4631538391113,-8.82802391052246,236.799743652344,0,1.36603775899857E-05,0.468329459428787,15.0457642735096,16.2345221129447
1105,1712345358.20555,vehicle.toyota.prius,55.4631500244141,-9.31679058074951,236.799743652344,0,8.87924543349072E-05,0.468649357557297,16.7674995448766,16.2744954203396
1106,1712345358.30727,vehicle.toyota.prius,55.4713897705078,-9.79444885253906,236.799743652344,0,0.0000956226431299001,0.468960016965866,16.2978813657703,16.2762493662469
1107,1712345358.40934,vehicle.toyota.prius,55.4713859558106,-10.294322013855,236.799743652344,0,0.0001092830207198,0.469282627105713,15.6705126535822,16.2308191127971
1108,1712345358.51116,vehicle.toyota.prius,55.4796295166016,-10.7719812393188,236.799743652344,0,0.0001161132095148,0.469588935375214,17.2539353495928,16.3075528305567
1109,1712345358.61389,vehicle.toyota.prius,55.4796295166016,-10.9941463470459,236.799743652344,0,0.0001161132095148,0.4697305560112,15.2837951033181,16.2307710010138
1110,1712345358.71613,vehicle.toyota.prius,55.4878692626953,-11.4384803771973,236.799743652344,0,0.0001229433983098,0.470012605190277,14.9605784970916,16.1355065632197
1111,1712345358.81866,vehicle.toyota.prius,55.5208473205566,-12.10498046875,236.799743652344,0,0.0001297735871048,0.470432728528976,16.2690004381385,16.1455186038386
1112,1712345358.92056,vehicle.toyota.prius,55.5455856323242,-12.5270967483521,236.799743652344,0,0.0001297735871048,0.470696747303009,15.7316548570087,16.1144788228263
1113,1712345359.02271,vehicle.toyota.prius,55.5620727539062,-12.9492139816284,236.799743652344,0,0.0001297735871048,0.470958858728409,15.3330309944913,16.0558702357012
1114,1712345359.12463,vehicle.toyota.prius,55.5950508117676,-13.737904548645,236.799743652344,0,0.0001297735871048,0.471444189548492,19.3568185689793,16.3034413606971
1115,1712345359.22703,vehicle.toyota.prius,55.5950508117676,-13.737904548645,236.799743652344,0,0.0001297735871048,0.471444189548492,16.220099493991,16.2971907206941
1116,1712345359.32882,vehicle.toyota.prius,55.6032943725586,-14.1378049850464,236.799743652344,0,0.0001297735871048,0.471687823534012,14.356522647769,16.1516406152247
1117,1712345359.43088,vehicle.toyota.prius,55.6280326843262,-14.6821126937866,236.799743652344,0,0.0001297735871048,0.47201731801033,15.2136110378882,16.0812883969245
1118,1712345359.53263,vehicle.toyota.prius,55.6362724304199,-15.0597953796387,236.799728393555,0,0.0001297735871048,0.472244113683701,14.9099071636415,15.9934348044283
1119,1712345359.63456,vehicle.toyota.prius,55.6527633666992,-15.5929956436157,236.799728393555,0,0.0001297735871048,0.4725621342659,13.1029033009723,15.7766449416691
1120,1712345359.73632,vehicle.toyota.prius,55.6857414245606,-16.4483375549316,236.799728393555,0,0.0001297735871048,0.420856982469559,19.1698096221353,16.031132292704
1121,1712345359.83803,vehicle.toyota.prius,55.6857414245606,-16.4483375549316,236.799728393555,0,0.0001297735871048,0.420856982469559,16.3454293585381,16.0547045726416
1122,1712345359.94029,vehicle.toyota.prius,55.7187194824219,-17.3814373016357,236.799728393555,0,0.0001297735871048,0.421399682760239,19.086658391197,16.2821011090332
1123,1712345360.04203,vehicle.toyota.prius,55.7187194824219,-17.3814373016357,236.799728393555,0,0.0001297735871048,0.421399682760239,16.4176711497583,16.2922688620876
1124,1712345360.14381,vehicle.toyota.prius,55.7269630432129,-17.7257957458496,236.799728393555,0,0.0001297735871048,0.429611772298813,15.0863132227115,16.2018221891344
1125,1712345360.24589,vehicle.toyota.prius,55.7516975402832,-18.3145370483398,236.799728393555,0,0.0001297735871048,0.429611772298813,13.1926101135733,15.9761312834673
1126,1712345360.34831,vehicle.toyota.prius,55.776424407959,-19.1476612091064,236.799728393555,0,0.0001297735871048,0.429611772298813,19.0544303181913,16.2070037110716
1127,1712345360.4501,vehicle.toyota.prius,55.776424407959,-19.1476612091064,236.799728393555,0,0.0001297735871048,0.429611772298813,12.478863969318,15.9273932304401
1128,1712345360.55264,vehicle.toyota.prius,55.8176498413086,-19.9807872772217,236.899719238281,0,0.0001980754750547,0.429611772298813,18.3532250507501,16.1093306169634
1129,1712345360.65435,vehicle.toyota.prius,55.8176498413086,-19.9807872772217,236.899719238281,0,0.0001980754750547,0.429611772298813,15.9292159513492,16.0958220170423
1130,1712345360.75641,vehicle.toyota.prius,55.8423881530762,-20.5250949859619,236.799697875977,0,0.0002049056638497,0.429611772298813,15.6011290516594,16.0587200446386
1131,1712345360.86025,vehicle.toyota.prius,55.8836135864258,-21.3804359436035,236.799697875977,0,0.0002117358526447,0.429611772298813,15.7189734126196,16.0332390472372
1132,1712345360.96262,vehicle.toyota.prius,55.9165954589844,-21.7803363800049,236.899719238281,0,0.0002117358526447,0.429611772298813,18.5317112797693,16.2206244646771
1133,1712345361.06449,vehicle.toyota.prius,55.9495735168457,-22.313533782959,236.899719238281,0,0.0002253962302347,0.429611772298813,16.4330658994012,16.2365575722814
1134,1712345361.16676,vehicle.toyota.prius,55.9743118286133,-22.6912174224854,236.899703979492,0,0.0002253962302347,0.429611772298813,19.0741147955252,16.4493743640247
1135,1712345361.26859,vehicle.toyota.prius,55.9990463256836,-23.2133102416992,236.899703979492,0,0.0002322264190297,0.429611772298813,18.9399463456488,16.6361672626465
1136,1712345361.37071,vehicle.toyota.prius,55.9990463256836,-23.2133102416992,236.899703979492,0,0.0002322264190297,0.429611772298813,12.9711451017712,16.3612906005808
1137,1712345361.4737,vehicle.toyota.prius,56.0485153198242,-24.0131092071533,236.899703979492,0,0.0002322264190297,0.429611772298813,15.7547823422783,16.3158024812081
1138,1712345361.57586,vehicle.toyota.prius,56.0732498168945,-24.5463104248047,236.899703979492,0,0.0002322264190297,0.428977519273758,15.7425242034927,16.2728066103795
1139,1712345361.67788,vehicle.toyota.prius,56.0979881286621,-24.9795360565186,236.899703979492,0,0.0002322264190297,0.426541835069656,16.1410528588454,16.2629250790144
1140,1712345361.7797,vehicle.toyota.prius,56.1144752502441,-25.4238662719727,236.899703979492,0,0.0002322264190297,0.424044281244278,15.5914657432761,16.2125656288341
1141,1712345361.88152,vehicle.toyota.prius,56.1309661865234,-25.8904190063477,236.899703979492,0,0.0002527169999666,0.421421825885773,18.8902664866081,16.4133931931671
1142,1712345361.98418,vehicle.toyota.prius,56.1309661865234,-25.8904190063477,236.899703979492,0,0.0002527169999666,0.421421825885773,13.251958409529,16.1762855843943
1143,1712345362.08591,vehicle.toyota.prius,56.1639442443848,-26.7013244628906,236.899688720703,0,0.0002527169999666,0.416863560676575,15.2240840584529,16.1048704699487
1144,1712345362.18767,vehicle.toyota.prius,56.1886749267578,-27.2456340789795,236.899688720703,0,0.0002527169999666,0.413803726434708,16.0154535650251,16.0981642020794
1145,1712345362.28999,vehicle.toyota.prius,56.2051658630371,-27.6344261169434,236.899688720703,0,0.0002527169999666,0.411618202924728,15.6080890392669,16.0614085648684
1146,1712345362.39183,vehicle.toyota.prius,56.2216529846191,-28.15651512146,236.899688720703,0,0.0002732075517997,0.408683717250824,15.9988741050414,16.0567184803814
1147,1712345362.49424,vehicle.toyota.prius,56.2381439208984,-28.5453090667725,236.899688720703,0,0.0002732075517997,0.406498193740845,18.753640273264,16.2589876148476
1148,1712345362.59659,vehicle.toyota.prius,56.2546310424805,-28.9341011047363,236.99967956543,0,0.0002732075517997,0.404312670230866,15.7685457034967,16.2222044714963
1149,1712345362.69886,vehicle.toyota.prius,56.2711219787598,-29.3673267364502,236.99967956543,0,0.0002868679293897,0.401877462863922,14.9694376744164,16.1282469617153
1150,1712345362.8007,vehicle.toyota.prius,56.2876129150391,-29.7894401550293,236.99967956543,0,0.0002868679293897,0.399504721164703,15.2180395288176,16.059981404248
1151,1712345362.90291,vehicle.toyota.prius,56.3041000366211,-30.4559421539307,236.99967956543,0,0.0002936981036327,0.395758807659149,16.2228208444217,16.072194362261
1152,1712345363.00467,vehicle.toyota.prius,56.3205833435059,-30.8780574798584,236.99967956543,0,0.0002936981036327,0.39338606595993,16.4776838062388,16.1026060705593
1153,1712345363.10682,vehicle.toyota.prius,56.3370780944824,-31.3446083068848,236.999664306641,0,0.0002936981036327,0.390763610601425,17.0176498690226,16.1712343554441
1154,1712345363.20866,vehicle.toyota.prius,56.3535614013672,-31.7889423370361,236.999664306641,0,0.0003073585103265,0.388265997171402,17.1106190474726,16.2416882073462
1155,1712345363.31047,vehicle.toyota.prius,56.3618087768555,-32.022216796875,236.999664306641,0,0.0003073585103265,0.38695478439331,15.7765564643069,16.2068033266183
1156,1712345363.41274,vehicle.toyota.prius,56.3782997131348,-32.5109825134277,236.999664306641,0,0.0003141886845696,-1.67979347705841,14.5202154564946,16.080309236359
1157,1712345363.51448,vehicle.toyota.prius,56.3947906494141,-32.9886436462402,237.099639892578,0,0.0003210188588127,-1.71769201755524,14.9298111765628,15.9940218818743
1158,1712345363.61632,vehicle.toyota.prius,56.4112777709961,-33.455192565918,237.099639892578,0,0.0003210188588127,-1.72081983089447,14.9385966297357,15.9148649879639
1159,1712345363.71836,vehicle.toyota.prius,56.4277610778809,-33.9217414855957,237.099639892578,0,0.0003278490621596,1.17830920219421,15.0895070073994,15.8529631394216
1160,1712345363.82011,vehicle.toyota.prius,56.4360084533691,-34.3882904052734,237.099639892578,0,0.0003278490621596,1.17939281463623,16.7367656467599,15.9192483274719
1161,1712345363.92192,vehicle.toyota.prius,56.4277572631836,-34.8437347412109,237.099639892578,0,0.0003278490621596,1.18202638626099,16.5119223664401,15.9636988803945
1162,1712345364.02468,vehicle.toyota.prius,56.4360008239746,-35.3547172546387,237.099639892578,0,0.0003415094397496,0.368225693702698,16.6977660940033,16.0187539214152
1163,1712345364.12638,vehicle.toyota.prius,56.4442405700684,-35.5990982055664,237.099639892578,0,0.0003415094397496,0.366852074861526,15.1333869184543,15.9523513961931
1164,1712345364.22846,vehicle.toyota.prius,56.4689788818359,-36.0989761352539,237.099639892578,0,0.0003483396139927,0.364041894674301,15.3684876344212,15.9085616140602
1165,1712345364.3307,vehicle.toyota.prius,56.485466003418,-36.5766334533691,237.099639892578,0,0.0003483396139927,0.361357063055038,15.4333596469945,15.8729214665303
1166,1712345364.43323,vehicle.toyota.prius,56.5019569396973,-37.0320739746094,237.099639892578,0,0.0003483396139927,0.358797043561935,15.4164833489002,15.8386886077081
1167,1712345364.53521,vehicle.toyota.prius,56.5431861877441,-37.4764060974121,237.099639892578,0,0.0003483396139927,0.35629802942276,14.9802008144391,15.7743020232129
1168,1712345364.63728,vehicle.toyota.prius,56.5514297485352,-37.8985252380371,237.099639892578,0,0.0003620000206865,0.353925734758377,16.2204930384973,15.8077663493592
1169,1712345364.73905,vehicle.toyota.prius,56.5596656799316,-38.2873153686523,237.099624633789,0,0.0003620000206865,0.368788212537765,15.4424844525689,15.7803702070999
1170,1712345364.84084,vehicle.toyota.prius,56.5761604309082,-38.6761054992676,237.099624633789,0,0.0003620000206865,0.390325516462326,14.8295271438986,15.7090569773598
1171,1712345364.94272,vehicle.toyota.prius,56.600887298584,-39.6203155517578,237.099624633789,0,0.0003824905725196,0.56976318359375,18.3017028582507,15.9035054184267
1172,1712345365.04474,vehicle.toyota.prius,56.600887298584,-39.6203155517578,237.099624633789,0,0.0003824905725196,0.56976318359375,15.1528926569004,15.8472094613122
1173,1712345365.15077,vehicle.toyota.prius,56.6091346740723,-39.9757804870605,237.099624633789,0,0.0003824905725196,0.577728271484375,14.5688439626725,15.7513320489142
1174,1712345365.25288,vehicle.toyota.prius,56.6503601074219,-40.4867630004883,237.099609375,0,0.0003893207758665,0.585723876953125,15.42272054138,15.7266861858491
1175,1712345365.35487,vehicle.toyota.prius,56.6750946044922,-40.8311233520508,237.099609375,0,0.0003893207758665,0.593536376953125,15.1084281915272,15.680316836275
1176,1712345365.45683,vehicle.toyota.prius,56.6915855407715,-41.1976928710938,237.099609375,0,0.0003893207758665,0.60205078125,11.0634930032925,15.3340550488013
1177,1712345365.55939,vehicle.toyota.prius,56.7245635986328,-42.1307983398438,237.099609375,0,0.0003961509501095,0.581703066825867,17.5822336143878,15.5026684412203
1178,1712345365.66142,vehicle.toyota.prius,56.7245635986328,-42.1307983398438,237.099609375,0,0.0003961509501095,0.581703066825867,15.214350641139,15.4810446062142
1179,1712345365.76367,vehicle.toyota.prius,56.7328071594238,-42.408504486084,237.099609375,0,0.0003961509501095,0.597084820270538,13.5566212756905,15.3367128564249
1180,1712345365.86539,vehicle.toyota.prius,56.7657852172852,-43.2749557495117,237.099578857422,0,0.0004098113276995,-0.423733234405518,17.2449459825684,15.4798303408857
1181,1712345365.96767,vehicle.toyota.prius,56.7822723388672,-43.6748542785645,237.099578857422,0,0.0004166415310464,-0.423176169395447,17.4689518638381,15.6290144551071
1182,1712345366.06957,vehicle.toyota.prius,56.7987670898438,-43.952564239502,237.099578857422,0,0.0004166415310464,-0.422675520181656,12.8656763094013,15.4217640941792
1183,1712345366.17135,vehicle.toyota.prius,56.8317451477051,-44.3524589538574,237.099578857422,0,0.0004166415310464,-1.07274091243744,15.7025026127835,15.4428194830745
1184,1712345366.27331,vehicle.toyota.prius,56.8647308349609,-44.7523612976074,237.099563598633,0,0.0004166415310464,-1.07603228092194,16.5829114367711,15.5283263796017
1185,1712345366.37515,vehicle.toyota.prius,56.8647308349609,-44.7523612976074,237.099563598633,0,0.0004166415310464,-1.07603228092194,10.4569908398449,15.14797621412
1186,1712345366.4771,vehicle.toyota.prius,56.8977088928223,-45.5299491882324,237.099563598633,0,0.0004303018795326,0.770019233226776,13.1346991998929,14.996980438053
1187,1712345366.57911,vehicle.toyota.prius,56.8977088928223,-45.5299491882324,237.099563598633,0,0.0004303018795326,0.770019233226776,11.1663456211044,14.7096828267818
1188,1712345366.68088,vehicle.toyota.prius,56.9389343261719,-46.2630958557129,237.099563598633,0,0.0004371320828795,0.81063836812973,13.5206787727201,14.6205075227272
1189,1712345366.78263,vehicle.toyota.prius,56.9554176330566,-46.6518898010254,237.099563598633,0,0.0004371320828795,0.832176029682159,13.441579838054,14.5320879463767
1190,1712345366.88488,vehicle.toyota.prius,56.9801597595215,-47.0184593200684,237.099563598633,0,0.0004371320828795,0.852487802505493,16.0251300770512,14.6440661061773
1191,1712345366.98671,vehicle.toyota.prius,57.0048904418945,-47.3850364685059,237.099563598633,0,0.0004507924604695,0.87280011177063,13.1267036239656,14.5302639200114
1192,1712345367.08963,vehicle.toyota.prius,57.0296287536621,-47.7293930053711,237.099563598633,0,0.0004576226347126,0.891881763935089,15.5374580578981,14.6058034803529
1193,1712345367.19199,vehicle.toyota.prius,57.0296287536621,-47.7293930053711,237.099563598633,0,0.0004576226347126,0.891881763935089,10.3474792335319,14.2864291618413
1194,1712345367.29442,vehicle.toyota.prius,57.0626068115234,-48.4736557006836,237.099563598633,0,0.0004644528380595,0.933111786842346,12.8368583090902,14.177711347885
1195,1712345367.39637,vehicle.toyota.prius,57.1038360595703,-48.8402290344238,237.099548339844,0,0.0004644528380595,0.953432977199554,12.8515768020301,14.0782512569459
1196,1712345367.49843,vehicle.toyota.prius,57.1285667419434,-49.2179145812988,237.099548339844,0,0.0004644528380595,0.974360466003418,12.9237025054224,13.9916601005816
1197,1712345367.60082,vehicle.toyota.prius,57.1533088684082,-49.4734039306641,237.099548339844,0,0.0004644528380595,0.988521456718445,12.3130556154266,13.865764764195
1198,1712345367.70264,vehicle.toyota.prius,57.1780395507813,-49.9288482666016,237.099548339844,0,0.0004644528380595,1.01375448703766,15.5411964348511,13.9914221394942
1199,1712345367.80449,vehicle.toyota.prius,57.1945343017578,-50.217658996582,237.199523925781,0,0.0004849433898925,1.02975594997406,12.3640763425623,13.8693712047243
1200,1712345367.90715,vehicle.toyota.prius,57.2275123596191,-50.6286697387695,237.199523925781,0,0.0004849433898925,1.05253314971924,12.6549201700923,13.7782873771269
1201,1712345368.009,vehicle.toyota.prius,57.2522506713867,-51.061897277832,237.199523925781,0,0.0004849433898925,1.076535820961,13.0501682983104,13.7236784462157
1202,1712345368.11165,vehicle.toyota.prius,57.2687377929688,-51.372932434082,237.199523925781,0,0.0004917735932394,1.09376776218414,13.4298211615881,13.7016391498686
1203,1712345368.21356,vehicle.toyota.prius,57.2934761047363,-51.8394813537598,237.199523925781,0,0.0004986037965863,1.10493302345276,13.5054493613269,13.686924915728
1204,1712345368.31549,vehicle.toyota.prius,57.3099632263184,-52.16162109375,237.199523925781,0,0.0004986037965863,1.10493302345276,13.7195160874469,13.6893692536069
1205,1712345368.41718,vehicle.toyota.prius,57.3347015380859,-52.539306640625,237.199523925781,0,0.0005122641450725,1.10493302345276,13.5070333124557,13.6756940580206
1206,1712345368.51951,vehicle.toyota.prius,57.359432220459,-52.861442565918,237.199523925781,0,0.0005190943484194,1.10493302345276,12.7123532227384,13.6034434953744
1207,1712345368.6214,vehicle.toyota.prius,57.3759269714356,-53.3835372924805,237.199508666992,0,0.0005190943484194,1.10493302345276,14.2194332260138,13.6496427251724
1208,1712345368.72398,vehicle.toyota.prius,57.4006576538086,-53.7501106262207,237.199508666992,0,0.0005190943484194,1.10493302345276,13.4970079890091,13.6381951199601
1209,1712345368.82582,vehicle.toyota.prius,57.4418869018555,-54.1277961730957,237.199508666992,0,0.0005259245517663,1.10493302345276,13.9010301533684,13.6579077474657
1210,1712345368.92769,vehicle.toyota.prius,57.4748725891113,-54.4832649230957,237.199508666992,0,0.0005327546969056,1.10493302345276,13.7441405030875,13.6643752041374
1211,1712345369.02954,vehicle.toyota.prius,57.5078544616699,-54.8720550537109,237.199493408203,0,0.0005327546969056,1.10493302345276,14.2303713122182,13.7068249122434
1212,1712345369.13198,vehicle.toyota.prius,57.5408325195312,-55.2719573974609,237.29948425293,0,0.0005327546969056,1.10493302345276,13.3841202067504,13.6826220593315
1213,1712345369.234,vehicle.toyota.prius,57.5655708312988,-55.6718559265137,237.29948425293,0,0.0005395849002525,1.10493302345276,13.6326554043898,13.6788745602108
1214,1712345369.33593,vehicle.toyota.prius,57.5985527038574,-56.1050834655762,237.29948425293,0,0.0005464151035994,1.10489535331726,14.0158704260443,13.7041492501483
1215,1712345369.4395,vehicle.toyota.prius,57.6315307617188,-56.5494117736816,237.29948425293,0,0.0005532453069463,1.10489535331726,14.5914719883411,13.7706984555128
1216,1712345369.54128,vehicle.toyota.prius,57.6562690734863,-56.9604225158691,237.29948425293,0,0.0005532453069463,1.10489535331726,14.7450876990797,13.8437776487803
1217,1712345369.6436,vehicle.toyota.prius,57.6892509460449,-57.4380836486816,237.299468994141,0,0.0005532453069463,1.10489535331726,15.2777790111832,13.9513277509605
1218,1712345369.74662,vehicle.toyota.prius,57.713981628418,-57.7157897949219,237.299468994141,0,0.0005532453069463,1.10493302345276,14.3918718944597,13.984368561723
1219,1712345369.84842,vehicle.toyota.prius,57.7469673156738,-58.1379089355469,237.299468994141,0,0.0005532453069463,1.10493302345276,14.3175440894298,14.009356726301
1220,1712345369.95083,vehicle.toyota.prius,57.8129272460938,-58.9932441711426,237.299453735352,0,0.0005532453069463,1.02517795562744,17.2533136689192,14.2526534969974
1221,1712345370.05312,vehicle.toyota.prius,57.8129272460938,-58.9932441711426,237.299453735352,0,0.0005532453069463,1.02517795562744,14.3402229448874,14.2592212055891
1222,1712345370.15485,vehicle.toyota.prius,57.8871383666992,-59.8263702392578,237.299453735352,0,0.0005737358587794,0.306694149971008,16.8747463555416,14.4553855918355
1223,1712345370.25687,vehicle.toyota.prius,57.8871383666992,-59.8263702392578,237.299453735352,0,0.0005737358587794,0.306694149971008,14.94097845475,14.4918050565541
1224,1712345370.35881,vehicle.toyota.prius,57.9201202392578,-60.2373809814453,237.299453735352,0,0.0005873962072655,0.219478264451027,14.8588114253856,14.5193305342165
1225,1712345370.46093,vehicle.toyota.prius,58.002571105957,-61.081615447998,237.299423217773,0,0.0005873962072655,0.0545661486685276,14.7990573173205,14.5403100429493
1226,1712345370.56295,vehicle.toyota.prius,58.0520439147949,-61.6259269714355,237.399429321289,0,0.0005942264106124,0.380326330661774,18.6798179627827,14.8507731369368
1227,1712345370.66496,vehicle.toyota.prius,58.0520439147949,-61.6259269714355,237.399429321289,0,0.0005942264106124,0.380326330661774,12.7728257687133,14.69492708432
1228,1712345370.76695,vehicle.toyota.prius,58.1345024108887,-62.5034790039063,237.399429321289,0,0.0006078868173062,0.322671145200729,18.9878976564054,15.0168998772264
1229,1712345370.86909,vehicle.toyota.prius,58.1345024108887,-62.5034790039063,237.399429321289,0,0.0006078868173062,0.322671145200729,16.0741521561838,15.0961937981482
1230,1712345370.97087,vehicle.toyota.prius,58.2169570922852,-63.347713470459,237.3994140625,0,0.0006078868173062,0.342126846313476,16.08471090843,15.1703325814194
1231,1712345371.07278,vehicle.toyota.prius,58.2499389648438,-63.6698608398438,237.3994140625,0,0.0006147170206531,0.368777304887772,14.4999332359705,15.1200526305107
1232,1712345371.17472,vehicle.toyota.prius,58.2911643981934,-64.1475143432617,237.3994140625,0,0.0006147170206531,0.427699118852615,17.8878478332079,15.327637270713
1233,1712345371.27654,vehicle.toyota.prius,58.332389831543,-64.5807418823242,237.399383544922,0,0.0006283773691393,0.50134813785553,14.7412421919926,15.283657639809
1234,1712345371.37852,vehicle.toyota.prius,58.3736228942871,-65.0028610229492,237.399383544922,0,0.0006283773691393,0.591585338115692,17.7431297919941,15.4681180512229
1235,1712345371.48054,vehicle.toyota.prius,58.4148483276367,-65.5693817138672,237.399368286133,0,0.0006352075724862,0.740793287754059,15.7547207512078,15.4896132537217
1236,1712345371.58239,vehicle.toyota.prius,58.4560775756836,-65.9581756591797,237.399368286133,0,0.0006352075724862,0.862607479095459,16.2308441479403,15.5452055707881
1237,1712345371.68431,vehicle.toyota.prius,58.5055503845215,-66.4580535888672,237.399368286133,0,0.0006420377176254,0.942341268062592,16.3926816318727,15.6087662753695
1238,1712345371.78612,vehicle.toyota.prius,58.5385284423828,-66.8135223388672,237.399368286133,0,0.0006420377176254,0.96582955121994,15.840842215841,15.6261719709048
1239,1712345371.88811,vehicle.toyota.prius,58.5797538757324,-67.2800674438477,237.399368286133,0,0.0006556981243193,0.996527194976807,16.1529938752157,15.6656836137281
1240,1712345371.98991,vehicle.toyota.prius,58.6127395629883,-67.7244033813477,237.399368286133,0,0.0006625283276662,1.02559208869934,15.2947744384907,15.6378654255853
1241,1712345372.09234,vehicle.toyota.prius,58.6704559326172,-68.1354141235352,237.399368286133,0,0.0006761886761523,1.05266308784485,15.4445070434522,15.6233635469253
1242,1712345372.19411,vehicle.toyota.prius,58.7529182434082,-68.6019592285156,237.49934387207,0,0.0006830188794992,1.08334231376648,15.2563539203183,15.5958378249298
1243,1712345372.2962,vehicle.toyota.prius,58.8353729248047,-69.0462951660156,237.499328613281,0,0.0006830188794992,1.1124724149704,15.9125110845723,15.619588319403
1244,1712345372.39817,vehicle.toyota.prius,58.8601112365723,-69.4573059082031,237.499328613281,0,0.0006898490828461,1.13888096809387,15.5098122309577,15.6113551127696
1245,1712345372.5,vehicle.toyota.prius,58.9260787963867,-69.9571762084961,237.499328613281,0,0.0006898490828461,1.17116463184357,15.9280477987496,15.6351070642181
1246,1712345372.60175,vehicle.toyota.prius,58.9920387268066,-70.3904037475586,237.499328613281,0,0.0006898490828461,1.19909715652466,16.112761480245,15.6709311454201
1247,1712345372.70352,vehicle.toyota.prius,59.0662574768066,-70.8569564819336,237.599334716797,0,0.0007035094313323,1.22907900810242,16.1046428108768,15.7034595203294
1248,1712345372.80565,vehicle.toyota.prius,59.1157302856445,-71.2901840209961,237.599304199219,0,0.0007035094313323,-0.283115148544312,15.9954574537243,15.725359365334
1249,1712345372.90793,vehicle.toyota.prius,59.1487045288086,-71.8567047119141,237.599304199219,0,0.0007103396346792,1.29226052761078,17.081579742376,15.8270758936121
1250,1712345373.00963,vehicle.toyota.prius,59.1981811523438,-72.1677398681641,237.599304199219,0,0.0007103396346792,1.31199181079865,15.7489972722657,15.8212199970112
1251,1712345373.11275,vehicle.toyota.prius,59.2394065856934,-72.6120758056641,237.59928894043,0,0.0007103396346792,1.33983969688416,15.7640662269662,15.8169334642578
1252,1712345373.21519,vehicle.toyota.prius,59.2971267700195,-73.0008697509766,237.59928894043,0,0.0007103396346792,1.36428642272949,15.1713024291051,15.7685111366213
1253,1712345373.31698,vehicle.toyota.prius,59.363094329834,-73.511848449707,237.59928894043,0,0.0007103396346792,1.4296088218689,15.7382419481515,15.7662409474861
1254,1712345373.4187,vehicle.toyota.prius,59.4125709533691,-73.911750793457,237.59928894043,0,0.0007308301865123,1.59231305122376,14.6033616682827,15.6790250015458
1255,1712345373.52064,vehicle.toyota.prius,59.4702911376953,-74.3449783325195,237.59928894043,0,0.0007308301865123,1.74255681037903,15.4578686355978,15.6624382740997
1256,1712345373.62235,vehicle.toyota.prius,59.5032691955566,-74.8115234375,237.599273681641,0,0.0007376603898592,1.87288963794708,15.6490106866437,15.6614312050405
1257,1712345373.72516,vehicle.toyota.prius,59.5609893798828,-75.21142578125,237.599273681641,0,0.0007376603898592,1.96053230762482,15.7154508098151,15.6654826753986
1258,1712345373.82702,vehicle.toyota.prius,59.6599388122559,-75.74462890625,237.699249267578,0,0.0007444905932061,2.04114270210266,15.913769410844,15.684104180557
1259,1712345373.92952,vehicle.toyota.prius,59.7341537475586,-76.10009765625,237.699249267578,0,0.0007444905932061,2.07188105583191,15.6038532648322,15.6780853618777
1260,1712345374.03338,vehicle.toyota.prius,59.7918739318848,-76.5555267333984,237.699249267578,0,0.0007513207383453,2.08412075042725,15.6993902257146,15.6796832266654
1261,1712345374.13586,vehicle.toyota.prius,59.8248519897461,-76.9443206787109,237.699249267578,0,0.0007581509416922,2.07085943222046,15.1373644434044,15.6390093179208
1262,1712345374.23761,vehicle.toyota.prius,59.874324798584,-77.4330902099609,237.699249267578,0,0.0007581509416922,2.02322220802307,15.7774545657062,15.6493927115048
1263,1712345374.33932,vehicle.toyota.prius,59.8990592956543,-77.8107757568359,237.699234008789,0,0.0007649811450392,1.96398448944092,14.6160800807687,15.5718942641996
1264,1712345374.4413,vehicle.toyota.prius,60.0309944152832,-78.6772308349609,237.699234008789,0,0.0007854716968722,1.74823141098022,18.2479779528456,15.772600540848
1265,1712345374.54311,vehicle.toyota.prius,60.0309944152832,-78.6772308349609,237.699234008789,0,0.0007854716968722,1.74823141098022,15.0795163548898,15.7206192269011
1266,1712345374.64499,vehicle.toyota.prius,60.1381912231445,-79.2548599243164,237.69921875,0,0.0007923019002191,1.3461822271347,16.4871826376875,15.7781114827101
1267,1712345374.7471,vehicle.toyota.prius,60.21240234375,-79.5992202758789,237.69921875,0,0.0007923019002191,1.40667426586151,15.4909230067294,15.7565723470116
1268,1712345374.84964,vehicle.toyota.prius,60.2948608398438,-79.9435806274414,237.799209594727,0,0.0007923019002191,1.27261936664581,15.3186203023766,15.7237259436639
1269,1712345374.9518,vehicle.toyota.prius,60.3690757751465,-80.3990249633789,237.799209594727,0,0.0007923019002191,1.04654026031494,12.3940441553764,15.4739998095424
1270,1712345375.05402,vehicle.toyota.prius,60.5174980163574,-81.2987976074219,237.799194335937,0,0.0008059622487053,0.805900096893311,18.8008124983354,15.7235107612019
1271,1712345375.15605,vehicle.toyota.prius,60.5174980163574,-81.2987976074219,237.799194335937,0,0.0008059622487053,0.805900096893311,14.66072057228,15.6438014970327
1272,1712345375.25834,vehicle.toyota.prius,60.5752182006836,-81.7098083496094,237.799179077148,0,0.0008059622487053,0.99610835313797,15.0967635576639,15.60277365158
1273,1712345375.36033,vehicle.toyota.prius,60.7236404418945,-82.5540390014649,237.799179077148,0,0.000826452858746,1.78476631641388,18.6484716546977,15.8312010018139
1274,1712345375.46266,vehicle.toyota.prius,60.7236404418945,-82.5540390014649,237.799179077148,0,0.000826452858746,1.78476631641388,15.3904024840771,15.7981411129836
1275,1712345375.56439,vehicle.toyota.prius,60.7978515625,-82.9539413452148,237.79914855957,0,0.000826452858746,1.2196341753006,11.8411931285839,15.5013700141536
1276,1712345375.6668,vehicle.toyota.prius,60.9627685546875,-83.8426132202148,237.799133300781,0,0.0008401132072322,0.364433944225311,18.2026086633012,15.7039629128397
1277,1712345375.76872,vehicle.toyota.prius,61.0287322998047,-84.2202987670899,237.799133300781,0,0.0008401132072322,0.158992111682892,17.9942864722268,15.8757371797937
1278,1712345375.87069,vehicle.toyota.prius,61.0287322998047,-84.2202987670899,237.799133300781,0,0.0008401132072322,0.158992111682892,11.9488620575285,15.5812215456238
1279,1712345375.97253,vehicle.toyota.prius,61.1854057312012,-85.1311798095703,237.799133300781,0,0.000853773613926,0.482754975557327,18.4860448127781,15.7990832906604
1280,1712345376.07459,vehicle.toyota.prius,61.2513656616211,-85.5088653564453,237.799133300781,0,0.000853773613926,0.808109223842621,18.3093675591488,15.987354610797
1281,1712345376.17768,vehicle.toyota.prius,61.3255844116211,-85.9087677001953,237.799118041992,0,0.000853773613926,1.15513074398041,14.7821281665217,15.8969626274764
1282,1712345376.27968,vehicle.toyota.prius,61.4080390930176,-86.3308792114258,237.799118041992,0,0.000853773613926,1.23101949691772,15.1085444318594,15.8378312628051
1283,1712345376.38268,vehicle.toyota.prius,61.4987449645996,-86.8085403442383,237.89909362793,0,0.0008674339624121,1.33149445056915,18.5099397022109,16.0382393957605
1284,1712345376.4847,vehicle.toyota.prius,61.4987449645996,-86.8085403442383,237.89909362793,0,0.0008674339624121,1.33149445056915,12.0144854344642,15.7364578486633
1285,1712345376.58772,vehicle.toyota.prius,61.6554145812988,-87.7194290161133,237.89909362793,0,0.000874264165759,1.4945205450058,15.7815829124397,15.7398422284466
1286,1712345376.69022,vehicle.toyota.prius,61.6554145812988,-87.7194290161133,237.89909362793,0,0.000874264165759,1.4945205450058,12.9461598979844,15.5303160536619
1287,1712345376.79317,vehicle.toyota.prius,61.7790985107422,-88.4525756835938,237.899078369141,0,0.0008810943691059,1.6192501783371,15.1168202584926,15.4993038690242
1288,1712345376.89537,vehicle.toyota.prius,61.8615608215332,-88.8857955932617,237.899078369141,0,0.0008810943691059,1.69440484046936,14.806979369247,15.4473795315409
1289,1712345376.99763,vehicle.toyota.prius,61.9440116882324,-89.3634643554688,237.899063110352,0,0.0008810943691059,1.77453529834747,18.2018363653604,15.6539637940774
1290,1712345377.10073,vehicle.toyota.prius,62.0264739990234,-89.8633270263672,237.999053955078,0,0.0008947547175921,1.84074437618256,15.2841262676963,15.6262259795988
1291,1712345377.20269,vehicle.toyota.prius,62.0841941833496,-90.1743621826172,237.999053955078,0,0.000901584920939,1.49786746501923,17.5206226506657,15.7683057299288
1292,1712345377.30461,vehicle.toyota.prius,62.1666488647461,-90.6631317138672,237.999053955078,0,0.0009152452694252,1.56867945194244,15.8132262685779,15.7716747703275
1293,1712345377.40661,vehicle.toyota.prius,62.2243728637695,-91.0074996948242,237.999038696289,0,0.0009152452694252,1.62312889099121,15.1736073339203,15.7268197125969
1294,1712345377.50872,vehicle.toyota.prius,62.315071105957,-91.4851531982422,237.999038696289,0,0.0009220754727721,1.70734763145447,15.1880534356949,15.6864122418293
1295,1712345377.61062,vehicle.toyota.prius,62.4222679138184,-91.9517059326172,237.9990234375,0,0.0009220754727721,1.83156037330627,15.0073968311535,15.6354860860286
1296,1712345377.71249,vehicle.toyota.prius,62.5047302246094,-92.2405242919922,237.9990234375,0,0.0009220754727721,1.90513074398041,14.8893978433661,15.5795294678289
1297,1712345377.81428,vehicle.toyota.prius,62.6036796569824,-92.6848602294922,238.099014282227,0,0.0009220754727721,2.06588506698608,14.6271032524164,15.508097501673
1298,1712345377.91726,vehicle.toyota.prius,62.6943817138672,-93.1180801391602,238.099014282227,0,0.0009425660828128,2.19573593139648,15.2598965819182,15.4894824326914
1299,1712345378.019,vehicle.toyota.prius,62.7768440246582,-93.4957656860352,238.098999023437,0,0.000949396227952,2.31737780570984,14.5709626179423,15.4205934465852
1300,1712345378.1213,vehicle.toyota.prius,62.8922882080078,-94.0178604125977,238.098999023437,0,0.0009630566346459,2.55969214439392,14.9538037045115,15.3855842159297
1301,1712345378.22332,vehicle.toyota.prius,62.9912338256836,-94.3622131347656,238.098983764648,0,0.0009698867797851,2.88639521598816,15.3567764764308,15.3834236354672
1302,1712345378.3252,vehicle.toyota.prius,63.1314201354981,-94.8065490722656,238.198974609375,0,0.0009835471864789,2.82151222229004,15.4212176636141,15.3862581875783
1303,1712345378.42717,vehicle.toyota.prius,63.2963371276856,-95.2397842407227,238.198974609375,0,0.0009972075931727,2.76505708694458,15.586503899225,15.4012766159518
1304,1712345378.53038,vehicle.toyota.prius,63.4282760620117,-95.5286026000977,238.198959350586,0,0.0010040377965196,2.71394753456116,15.0441399830603,15.3744913684849
1305,1712345378.6324,vehicle.toyota.prius,63.6838989257813,-95.9951553344727,238.198959350586,0,0.0010108679998666,2.61724543571472,15.0185460123205,15.3477954667726
1306,1712345378.73522,vehicle.toyota.prius,63.8653106689453,-96.3395080566406,238.198944091797,0,0.0010108679998666,2.58534455299377,15.2196816575697,15.3381869310824
1307,1712345378.83746,vehicle.toyota.prius,64.0054931640625,-96.7060928344727,238.298919677734,0,0.0010108679998666,2.47569608688354,14.7117642707414,15.2912052315568
1308,1712345378.93979,vehicle.toyota.prius,64.1621627807617,-97.1170959472656,238.298919677734,0,0.0010108679998666,2.3801383972168,14.5357305937312,15.2345446337199
1309,1712345379.04276,vehicle.toyota.prius,64.3270874023438,-97.5614318847656,238.298919677734,0,0.0010108679998666,2.29992818832397,15.6324400407595,15.2643867892478
1310,1712345379.14559,vehicle.toyota.prius,64.6156997680664,-98.3501281738281,238.298904418945,0,0.0010108679998666,2.14165472984314,17.7800988772914,15.4530651958511
1311,1712345379.24751,vehicle.toyota.prius,64.7888641357422,-98.8166809082031,238.298904418945,0,0.0010381886968389,2.01448345184326,18.5916372385643,15.6884580990546
1312,1712345379.34955,vehicle.toyota.prius,64.7888641357422,-98.8166809082031,238.298904418945,0,0.0010381886968389,2.01448345184326,15.8263544865519,15.6988003281169
1313,1712345379.45148,vehicle.toyota.prius,65.1104583740234,-99.6275939941406,238.398880004883,0,0.0010450189001858,1.85113334655762,18.8935753798538,15.9384084569972
1314,1712345379.55308,vehicle.toyota.prius,65.1104583740234,-99.6275939941406,238.398880004883,0,0.0010450189001858,1.85113334655762,15.6037451185628,15.9133087066146
1315,1712345379.65477,vehicle.toyota.prius,65.4073104858398,-100.416290283203,238.398864746094,0,0.0010586793068796,1.69449579715729,15.6594612197116,15.8942701450969
1316,1712345379.7568,vehicle.toyota.prius,65.621711730957,-100.860626220703,238.498840332031,0,0.0010655093938112,1.46043825149536,15.6652739213755,15.8770954283178
1317,1712345379.85872,vehicle.toyota.prius,65.7618865966797,-101.204986572266,238.498840332031,0,0.0010655093938112,1.73482692241669,18.2885604053196,16.0579553015929
1318,1712345379.9605,vehicle.toyota.prius,65.9432983398438,-101.682647705078,238.498840332031,0,0.0010655093938112,2.14075899124145,15.6982512022648,16.0309774941433
1319,1712345380.06242,vehicle.toyota.prius,66.0834808349609,-102.038101196289,238.498840332031,0,0.0010723395971581,2.32210159301758,18.3864990805902,16.2076416131268
1320,1712345380.16483,vehicle.toyota.prius,66.0834808349609,-102.038101196289,238.498840332031,0,0.0010723395971581,2.32210159301758,12.421838808508,15.9237064027804
1321,1712345380.26699,vehicle.toyota.prius,66.4215698242188,-102.826805114746,238.59880065918,0,0.0010860000038519,2.62910413742065,14.994503778769,15.8540162059795
1322,1712345380.36934,vehicle.toyota.prius,66.5535049438477,-103.182273864746,238.59880065918,0,0.0010928302071988,2.69865274429321,15.0325760401031,15.7924081935388
1323,1712345380.47178,vehicle.toyota.prius,66.7019271850586,-103.537742614746,238.59880065918,0,0.0010928302071988,2.74148774147034,14.1295180876902,15.6676914356002
1324,1712345380.5741,vehicle.toyota.prius,66.8750991821289,-103.893211364746,238.59880065918,0,0.0011064906138926,2.75196123123169,14.2080718849683,15.5582199693028
1325,1712345380.67593,vehicle.toyota.prius,67.056510925293,-104.259780883789,238.698776245117,0,0.0011133208172395,2.73918485641479,17.1415846905047,15.6769723233929
1326,1712345380.7778,vehicle.toyota.prius,67.2626571655273,-104.626365661621,238.698760986328,0,0.0011133208172395,2.4792423248291,14.0172120246163,15.5524903009847
1327,1712345380.88023,vehicle.toyota.prius,67.5100402832031,-105.015151977539,238.698760986328,0,0.0011201510205864,2.48786163330078,14.5853876053578,15.4799575988127
1328,1712345380.98308,vehicle.toyota.prius,67.6667175292969,-105.281753540039,238.698760986328,0,0.0011201510205864,2.51253414154053,14.0507319837522,15.3727656776831
1329,1712345381.0852,vehicle.toyota.prius,67.8893585205078,-105.703872680664,238.698760986328,0,0.0011201510205864,2.58142614364624,14.6351805477149,15.3174467929355
1330,1712345381.1872,vehicle.toyota.prius,68.0377883911133,-105.992691040039,238.798751831055,0,0.0011201510205864,2.65165019035339,14.0400968708156,15.2216455487765
1331,1712345381.289,vehicle.toyota.prius,68.2521820068359,-106.414810180664,238.798721313477,0,0.0011338113108649,2.78987121582031,14.411159243249,15.1608590758619
1332,1712345381.39117,vehicle.toyota.prius,68.3923645019531,-106.681411743164,238.798721313477,0,0.0011338113108649,2.89805865287781,13.3033387737027,15.0215450532
1333,1712345381.49328,vehicle.toyota.prius,68.5985107421875,-107.092430114746,238.798721313477,0,0.0011338113108649,3.09515333175659,14.3860504029844,14.9738829544338
1334,1712345381.59535,vehicle.toyota.prius,68.7386932373047,-107.370132446289,238.798721313477,0,0.0011338113108649,3.10694050788879,13.2167003871221,14.8420942618855
1335,1712345381.69733,vehicle.toyota.prius,68.9365997314453,-107.747817993164,238.898712158203,0,0.0011474717175588,3.12055778503418,13.933606235346,14.773957659895
1336,1712345381.79912,vehicle.toyota.prius,69.0767822265625,-108.014419555664,238.898712158203,0,0.0011474717175588,3.13041806221008,12.7197341837759,14.6198908991861
1337,1712345381.90087,vehicle.toyota.prius,69.2829284667969,-108.425437927246,238.898681640625,0,0.0011543019209057,3.14780735969543,13.8489200213983,14.562068083352
1338,1712345382.00346,vehicle.toyota.prius,69.4396057128906,-108.736473083496,238.898681640625,0,0.0011611321242526,3.1599817276001,13.0500208888712,14.4486645437659
1339,1712345382.10529,vehicle.toyota.prius,69.629264831543,-109.080825805664,238.898666381836,0,0.0011679623275995,3.17630791664124,13.6336633426961,14.3875394536857
1340,1712345382.2071,vehicle.toyota.prius,69.8931350708008,-109.502944946289,238.998672485352,0,0.0011679623275995,3.19469785690308,14.1335165855359,14.3684877385745
1341,1712345382.30922,vehicle.toyota.prius,70.033317565918,-109.702896118164,238.998672485352,0,0.0011747924145311,3.20391893386841,13.7139471801389,14.3193971966918
1342,1712345382.41217,vehicle.toyota.prius,70.2394714355469,-109.991714477539,238.998641967773,0,0.0011747924145311,3.2181134223938,12.9411129426751,14.2160258776405
1343,1712345382.51404,vehicle.toyota.prius,70.511589050293,-110.347198486328,238.998641967773,0,0.0011747924145311,3.23574233055115,13.6604608063049,14.1743584972904
1344,1712345382.61614,vehicle.toyota.prius,70.6847534179687,-110.624908447266,238.998626708984,0,0.0011747924145311,3.24889898300171,13.1992882363068,14.1012282277166
1345,1712345382.71812,vehicle.toyota.prius,70.8909072875977,-110.969268798828,239.0986328125,0,0.0011747924145311,3.26534175872803,12.5144364226289,13.982218842335
1346,1712345382.82013,vehicle.toyota.prius,71.0970611572266,-111.313629150391,239.0986328125,0,0.0011747924145311,3.28214621543884,13.6196248455211,13.955024292574
1347,1712345382.92188,vehicle.toyota.prius,71.2702255249023,-111.591339111328,239.098602294922,0,0.0011884528212249,3.29695630073547,13.4588349710424,13.9178100934591
1348,1712345383.02437,vehicle.toyota.prius,71.4516372680664,-111.891265869141,239.098602294922,0,0.0011952830245718,3.31215691566467,12.7715922206552,13.8318437529988
1349,1712345383.12609,vehicle.toyota.prius,71.8886795043945,-112.557769775391,239.198593139648,0,0.0012021132279187,3.3478639125824,16.1375900821987,14.0047747276888
1350,1712345383.22804,vehicle.toyota.prius,71.8886795043945,-112.557769775391,239.198593139648,0,0.0012021132279187,3.3478639125824,13.2621374618947,13.9490769327542
1351,1712345383.32977,vehicle.toyota.prius,72.1113204956055,-112.846588134766,239.198593139648,0,0.0012021132279187,3.37507748603821,13.00312752764,13.8781307273707
1352,1712345383.4324,vehicle.toyota.prius,72.4081802368164,-113.168731689453,239.19856262207,0,0.0012089434312656,3.45757699012756,13.7337119967045,13.8672993225707
1353,1712345383.53441,vehicle.toyota.prius,72.6390686035156,-113.457550048828,239.19856262207,0,0.0012089434312656,3.5158576965332,13.8910783605627,13.8690827504201
1354,1712345383.63609,vehicle.toyota.prius,72.8534622192383,-113.768592834473,239.298568725586,0,0.0012157736346125,3.56898665428162,10.9510426850659,13.6502297455186
1355,1712345383.73793,vehicle.toyota.prius,73.306999206543,-114.401763916016,239.298553466797,0,0.0012226038379594,3.65920782089233,16.4402900960406,13.8594842718077
1356,1712345383.83987,vehicle.toyota.prius,73.306999206543,-114.401763916016,239.298553466797,0,0.0012226038379594,3.65920782089233,13.8624850960209,13.8597093336237
1357,1712345383.94164,vehicle.toyota.prius,73.5626220703125,-114.690582275391,239.298522949219,0,0.0012226038379594,3.69427585601807,13.5221023632937,13.8343888108489
1358,1712345384.04336,vehicle.toyota.prius,73.8100051879883,-114.923866271973,239.398529052734,0,0.0012226038379594,3.71968030929565,13.3480235607043,13.7979114170881
1359,1712345384.14547,vehicle.toyota.prius,74.0408935546875,-115.223785400391,239.398529052734,0,0.0012294340413063,3.74288034439087,13.2927212780374,13.7600221566593
1360,1712345384.24737,vehicle.toyota.prius,74.2305526733398,-115.468170166016,239.398513793945,0,0.0012294340413063,3.75640368461609,9.99394064803131,13.4775660435122
1361,1712345384.34951,vehicle.toyota.prius,74.6923294067383,-116.04581451416,239.498489379883,0,0.0012294340413063,3.77198576927185,15.2518691603511,13.6106387772751
1362,1712345384.45154,vehicle.toyota.prius,74.6923294067383,-116.04581451416,239.498489379883,0,0.0012294340413063,3.77198576927185,12.5362913346377,13.5300627190773
1363,1712345384.55423,vehicle.toyota.prius,74.9397125244141,-116.31241607666,239.498489379883,0,0.0012294340413063,3.77068734169006,12.6338469629796,13.46284653737
1364,1712345384.65681,vehicle.toyota.prius,75.4344787597656,-116.723434448242,239.498474121094,0,0.0012294340413063,3.75430202484131,14.4302357644914,13.5354007294041
1365,1712345384.75911,vehicle.toyota.prius,75.6818618774414,-116.945602416992,239.59846496582,0,0.0012294340413063,3.73874425888062,14.6369710978328,13.6180185070362
1366,1712345384.86087,vehicle.toyota.prius,75.6818618774414,-116.945602416992,239.59846496582,0,0.0012294340413063,3.73874425888062,9.44207852342304,13.3048230082653
1367,1712345384.96279,vehicle.toyota.prius,76.1189041137695,-117.423271179199,239.598449707031,0,0.0012294340413063,3.6959445476532,13.98160182347,13.3555814194056
1368,1712345385.06453,vehicle.toyota.prius,76.3003158569336,-117.612106323242,239.598449707031,0,0.0012430943315848,3.67308640480041,13.2930262363248,13.3508897806745
1369,1712345385.16636,vehicle.toyota.prius,76.3003158569336,-117.612106323242,239.598449707031,0,0.0012430943315848,3.67308640480041,8.7942649957787,13.0091429218074
1370,1712345385.26828,vehicle.toyota.prius,76.7043685913086,-118.056449890137,239.698425292969,0,0.0012499245349317,3.71625542640686,10.6981430063773,12.8358179281501
1371,1712345385.3704,vehicle.toyota.prius,76.8610458374023,-118.223083496094,239.698425292969,0,0.0012499245349317,3.71307468414307,12.3035243099116,12.7958959067822
1372,1712345385.4724,vehicle.toyota.prius,77.0671920776367,-118.445251464844,239.69841003418,0,0.0012499245349317,3.71019959449768,9.87402474143757,12.5767555693814
1373,1712345385.57424,vehicle.toyota.prius,77.2238616943359,-118.600769042969,239.69841003418,0,0.0012499245349317,3.70906615257263,9.58134948263175,12.3521001128751
1374,1712345385.67664,vehicle.toyota.prius,77.4382705688477,-118.789604187012,239.69841003418,0,0.0012430943315848,3.70880031585693,11.5740436768747,12.2937458801751
1375,1712345385.77879,vehicle.toyota.prius,77.4382705688477,-118.789604187012,239.69841003418,0,0.0012430943315848,3.70880031585693,7.31535113493371,11.920366274282
1376,1712345385.88071,vehicle.toyota.prius,77.8258361816406,-119.078437805176,239.69841003418,0,0.0012430943315848,3.71137094497681,9.09589827456801,11.7085311743035
1377,1712345385.98266,vehicle.toyota.prius,77.9577713012695,-119.156196594238,239.798385620117,0,0.0012430943315848,3.71293067932129,8.07068677066494,11.4356928440306
1378,1712345386.08469,vehicle.toyota.prius,78.1639251708984,-119.289497375488,239.798385620117,0,0.0012430943315848,3.71645736694336,8.2491547480732,11.1967024868338
1379,1712345386.18644,vehicle.toyota.prius,78.2876205444336,-119.400581359863,239.798385620117,0,0.0012430943315848,3.71934604644775,7.42204684792805,10.9136033139158
1380,1712345386.28826,vehicle.toyota.prius,78.4525375366211,-119.556098937988,239.798370361328,0,0.0012499245349317,3.72352957725525,9.01103096066958,10.7709103874224
1381,1712345386.39041,vehicle.toyota.prius,78.6009674072266,-119.689399719238,239.798370361328,0,0.0012499245349317,3.72653770446777,7.00653457244229,10.4885822012989
1382,1712345386.49328,vehicle.toyota.prius,78.749397277832,-119.822700500488,239.798370361328,0,0.0012430943315848,3.72887969017029,7.29586240599401,10.249128216651
1383,1712345386.59559,vehicle.toyota.prius,78.8895797729492,-119.933784484863,239.798370361328,0,0.0012430943315848,3.73040580749512,6.83771615898748,9.99327231232623
1384,1712345386.69808,vehicle.toyota.prius,79.0380096435547,-120.033767700195,239.798370361328,0,0.0012362641282379,3.73139357566833,6.90842814962372,9.76190900012355
1385,1712345386.80022,vehicle.toyota.prius,79.1946868896484,-120.122634887695,239.898376464844,0,0.0012294340413063,3.73186016082764,6.60301957112782,9.52499229294886
1386,1712345386.90265,vehicle.toyota.prius,79.3101272583008,-120.18928527832,239.898361206055,0,0.0012226038379594,3.73187899589539,6.13805192308735,9.27097176520925
1387,1712345387.00562,vehicle.toyota.prius,79.4832992553711,-120.278160095215,239.898361206055,0,0.0012226038379594,3.73141622543335,6.10971442309112,9.03387746455039
1388,1712345387.10805,vehicle.toyota.prius,79.6069869995117,-120.333702087402,239.898361206055,0,0.0012226038379594,3.73076725006104,5.81252335109911,8.79227590604154
1389,1712345387.20986,vehicle.toyota.prius,79.7471771240234,-120.411460876465,239.898361206055,0,0.0012226038379594,3.7296142578125,5.69536070274195,8.56000726579407
1390,1712345387.31193,vehicle.toyota.prius,79.8708648681641,-120.500328063965,239.898361206055,0,0.0012294340413063,3.72810530662537,5.44880833091781,8.32666734567835
1391,1712345387.41363,vehicle.toyota.prius,79.9945526123047,-120.600303649902,239.898330688477,0,0.0012294340413063,3.72610831260681,5.62466065484938,8.12401684386618
1392,1712345387.51565,vehicle.toyota.prius,80.1264953613281,-120.70027923584,239.898330688477,0,0.0012362641282379,3.72359299659729,5.43025762871109,7.92198490272955
1393,1712345387.61737,vehicle.toyota.prius,80.2172012329102,-120.766929626465,239.898330688477,0,0.0012362641282379,3.7192964553833,5.28959176703306,7.72455541755231
1394,1712345387.71911,vehicle.toyota.prius,80.3079071044922,-120.83358001709,239.898330688477,0,0.0012362641282379,3.61305069923401,4.96165799439963,7.51733811081586
1395,1712345387.82083,vehicle.toyota.prius,80.4068603515625,-120.911338806152,239.898330688477,0,0.0012362641282379,3.43203568458557,4.77819027616807,7.31190202321728
1396,1712345387.92274,vehicle.toyota.prius,80.5058135986328,-120.989097595215,239.898330688477,0,0.0012294340413063,3.26418995857239,4.54182130785235,7.10414596956491
1397,1712345388.02452,vehicle.toyota.prius,80.6212539672852,-121.077964782715,239.898330688477,0,0.0012294340413063,3.0864884853363,4.40350225242187,6.90159769077918
1398,1712345388.12703,vehicle.toyota.prius,80.7284545898438,-121.155731201172,239.998336791992,0,0.0012362641282379,2.94066286087036,4.59154981338973,6.72834409997497
1399,1712345388.23045,vehicle.toyota.prius,80.7944183349609,-121.200164794922,239.998336791992,0,0.0012362641282379,2.86042523384094,4.34602997060021,6.54967054027186
1400,1712345388.33249,vehicle.toyota.prius,80.9181137084961,-121.27791595459,239.998321533203,0,0.0012362641282379,2.72718524932861,4.4817567184722,6.39457700363689
1401,1712345388.43512,vehicle.toyota.prius,80.9758377075195,-121.32234954834,239.998321533203,0,0.0012362641282379,2.66640424728394,4.10877492402991,6.22314184766636
1402,1712345388.53722,vehicle.toyota.prius,81.0500564575195,-121.36678314209,239.998321533203,0,0.0012362641282379,2.60107779502869,3.69746552257515,6.03371612328452
1403,1712345388.63897,vehicle.toyota.prius,81.1819915771484,-121.45565032959,239.998321533203,0,0.0012362641282379,2.49564266204834,3.82360668348168,5.86795791529931
1404,1712345388.74101,vehicle.toyota.prius,81.2479553222656,-121.511199951172,239.998321533203,0,0.0012362641282379,2.44660949707031,3.87769758270383,5.71868839035465
1405,1712345388.84332,vehicle.toyota.prius,81.2479553222656,-121.511199951172,239.998321533203,0,0.0012362641282379,2.44660949707031,2.84717274111834,5.50332471666192
1406,1712345388.94503,vehicle.toyota.prius,81.3881454467773,-121.611175537109,239.998321533203,0,0.0012362641282379,2.36778211593628,3.55404767227274,5.35712893833274
1407,1712345389.04693,vehicle.toyota.prius,81.3881454467773,-121.611175537109,239.998321533203,0,0.0012362641282379,2.36778211593628,2.94642525000157,5.1763261617079
1408,1712345389.14889,vehicle.toyota.prius,81.3881454467773,-121.611175537109,239.998321533203,0,0.0012362641282379,2.36778211593628,1.82315337728201,4.92483820287596
1409,1712345389.25111,vehicle.toyota.prius,81.4623565673828,-121.666725158691,239.998291015625,0,0.0012362641282379,2.33537030220032,1.86930795420065,4.69567343422531
1410,1712345389.3529,vehicle.toyota.prius,81.4623565673828,-121.666725158691,239.998291015625,0,0.0012362641282379,2.33537030220032,1.87119444699346,4.48383751018292
1411,1712345389.45482,vehicle.toyota.prius,81.4623565673828,-121.666725158691,239.998291015625,0,0.0012362641282379,2.33537030220032,0.654619614472287,4.19664616800462
1412,1712345389.55698,vehicle.toyota.prius,81.5283279418945,-121.711158752441,239.998291015625,0,0.0012362641282379,2.31335926055908,1.2152949716677,3.97304482827935
1413,1712345389.65873,vehicle.toyota.prius,81.5283279418945,-121.711158752441,239.998291015625,0,0.0012362641282379,2.31335926055908,1.21580702202323,3.76625199281014
1414,1712345389.76059,vehicle.toyota.prius,81.5283279418945,-121.711158752441,239.998291015625,0,0.0012362641282379,2.31335926055908,0.562035659542551,3.52593576781507
1415,1712345389.8629,vehicle.toyota.prius,81.5283279418945,-121.711158752441,239.998291015625,0,0.0012362641282379,2.31335926055908,0.56145473340517,3.30359969023433
1416,1712345389.96531,vehicle.toyota.prius,81.5283279418945,-121.711158752441,239.998291015625,0,0.0012362641282379,2.31335926055908,0.560909583861251,3.09789793225635
1417,1712345390.06765,vehicle.toyota.prius,81.5283279418945,-121.711158752441,239.998291015625,0,0.0012362641282379,2.31335926055908,0,2.86555558733712
1418,1712345390.16979,vehicle.toyota.prius,81.5283279418945,-121.711158752441,239.998291015625,0,0.0012362641282379,2.31335926055908,0,2.65063891828684
1419,1712345390.27224,vehicle.toyota.prius,81.5283279418945,-121.711158752441,239.998291015625,0,0.0012362641282379,2.31335926055908,0,2.45184099941533
1420,1712345390.37469,vehicle.toyota.prius,81.5283279418945,-121.711158752441,239.998291015625,0,0.0012362641282379,2.31335926055908,0,2.26795292445918
1421,1712345390.47642,vehicle.toyota.prius,81.5283279418945,-121.711158752441,239.998291015625,0,0.0012362641282379,2.31335926055908,0,2.09785645512474
1422,1712345390.57906,vehicle.toyota.prius,81.5283279418945,-121.711158752441,239.998291015625,0,0.0012362641282379,2.31335926055908,0,1.94051722099038
1423,1712345390.68125,vehicle.toyota.prius,81.5283279418945,-121.711158752441,239.998291015625,0,0.0012362641282379,2.31335926055908,0,1.7949784294161
1424,1712345390.78367,vehicle.toyota.prius,81.5283279418945,-121.711158752441,239.998291015625,0,0.0012362641282379,2.31335926055908,0,1.6603550472099
1425,1712345390.88584,vehicle.toyota.prius,81.5283279418945,-121.711158752441,239.998291015625,0,0.0012362641282379,2.31335926055908,0,1.53582841866915
1426,1712345390.98876,vehicle.toyota.prius,81.5283279418945,-121.711158752441,239.998291015625,0,0.0012362641282379,2.31335926055908,0,1.42064128726897
1427,1712345391.09089,vehicle.toyota.prius,81.5283279418945,-121.711158752441,239.998291015625,0,0.0012362641282379,2.31335926055908,0,1.3140931907238
1428,1712345391.19346,vehicle.toyota.prius,81.5283279418945,-121.711158752441,239.998291015625,0,0.0012362641282379,2.31335926055908,0,1.21553620141951
1429,1712345391.29548,vehicle.toyota.prius,81.5283279418945,-121.711158752441,239.998291015625,0,0.0012362641282379,2.31335926055908,0,1.12437098631305
1430,1712345391.39816,vehicle.toyota.prius,81.5283279418945,-121.711158752441,239.998291015625,0,0.0012362641282379,2.31335926055908,0,1.04004316233957
1431,1712345391.50082,vehicle.toyota.prius,81.5283279418945,-121.711158752441,239.998291015625,0,0.0012362641282379,2.31335926055908,0,0.962039925164101
1432,1712345391.60288,vehicle.toyota.prius,81.5283279418945,-121.711158752441,239.998291015625,0,0.0012362641282379,2.31335926055908,0,0.889886930776794
1433,1712345391.70494,vehicle.toyota.prius,81.5283279418945,-121.711158752441,239.998291015625,0,0.0012362641282379,2.31335926055908,0,0.823145410968534
1434,1712345391.8067,vehicle.toyota.prius,81.5283279418945,-121.711158752441,239.998291015625,0,0.0012362641282379,2.31335926055908,0,0.761409505145894
1435,1712345391.9088,vehicle.toyota.prius,81.5283279418945,-121.711158752441,239.998291015625,0,0.0012362641282379,2.31335926055908,0,0.704303792259952
1436,1712345392.01126,vehicle.toyota.prius,81.5283279418945,-121.711158752441,239.998291015625,0,0.0012362641282379,2.31335926055908,0,0.651481007840455
1437,1712345392.11341,vehicle.toyota.prius,81.5283279418945,-121.711158752441,239.998291015625,0,0.0012362641282379,2.31335926055908,0,0.602619932252421
1438,1712345392.21582,vehicle.toyota.prius,81.5283279418945,-121.711158752441,239.998291015625,0,0.0012362641282379,2.31335926055908,0,0.55742343733349
1439,1712345392.3183,vehicle.toyota.prius,81.5283279418945,-121.711158752441,239.998291015625,0,0.0012362641282379,2.31335926055908,0,0.515616679533478
1440,1712345392.42023,vehicle.toyota.prius,81.5283279418945,-121.711158752441,239.998291015625,0,0.0012362641282379,2.31335926055908,0,0.476945428568467
1441,1712345392.52285,vehicle.toyota.prius,81.5283279418945,-121.711158752441,239.998291015625,0,0.0012362641282379,2.31335926055908,0,0.441174521425832
1442,1712345392.62474,vehicle.toyota.prius,81.5283279418945,-121.711158752441,239.998291015625,0,0.0012362641282379,2.31335926055908,0,0.408086432318895
1443,1712345392.72712,vehicle.toyota.prius,81.5283279418945,-121.711158752441,239.998291015625,0,0.0012362641282379,2.31335926055908,0,0.377479949894978
1444,1712345392.82885,vehicle.toyota.prius,81.5283279418945,-121.711158752441,239.998291015625,0,0.0012362641282379,2.31335926055908,0,0.349168953652854
1445,1712345392.93068,vehicle.toyota.prius,81.5283279418945,-121.711158752441,239.998291015625,0,0.0012362641282379,2.31335926055908,0,0.32298128212889
1446,1712345393.03296,vehicle.toyota.prius,81.5283279418945,-121.711158752441,239.998291015625,0,0.0012362641282379,2.31335926055908,0,0.298757685969223
1447,1712345393.13532,vehicle.toyota.prius,81.5283279418945,-121.711158752441,239.998291015625,0,0.0012362641282379,2.31335926055908,0,0.276350859521532
1448,1712345393.2384,vehicle.toyota.prius,81.5283279418945,-121.711158752441,239.998291015625,0,0.0012362641282379,2.31335926055908,0,0.255624545057417
1449,1712345393.34137,vehicle.toyota.prius,81.5283279418945,-121.711158752441,239.998291015625,0,0.0012362641282379,2.31335926055908,0,0.23645270417811
1450,1712345393.4438,vehicle.toyota.prius,81.5283279418945,-121.711158752441,239.998291015625,0,0.0012362641282379,2.31335926055908,0,0.218718751364752
1451,1712345393.54556,vehicle.toyota.prius,81.5283279418945,-121.711158752441,239.998291015625,0,0.0012362641282379,2.31335926055908,0,0.202314845012396
1452,1712345393.6475,vehicle.toyota.prius,81.5283279418945,-121.711158752441,239.998291015625,0,0.0012362641282379,2.31335926055908,0,0.187141231636466
1453,1712345393.74955,vehicle.toyota.prius,81.5283279418945,-121.711158752441,239.998291015625,0,0.0012362641282379,2.31335926055908,0,0.173105639263731
1454,1712345393.85136,vehicle.toyota.prius,81.5283279418945,-121.711158752441,239.998291015625,0,0.0012362641282379,2.31335926055908,0,0.160122716318951
1455,1712345393.95338,vehicle.toyota.prius,81.5283279418945,-121.711158752441,239.998291015625,0,0.0012362641282379,2.31335926055908,0,0.14811351259503
1456,1712345394.05514,vehicle.toyota.prius,81.5283279418945,-121.711158752441,239.998291015625,0,0.0012362641282379,2.31335926055908,0,0.137004999150403
1457,1712345394.15696,vehicle.toyota.prius,81.5283279418945,-121.711158752441,239.998291015625,0,0.0012362641282379,2.31335926055908,0,0.126729624214122
1458,1712345394.25908,vehicle.toyota.prius,81.5283279418945,-121.711158752441,239.998291015625,0,0.0012362641282379,2.31335926055908,0,0.117224902398063
1459,1712345394.36105,vehicle.toyota.prius,81.5283279418945,-121.711158752441,239.998291015625,0,0.0012362641282379,2.31335926055908,0,0.108433034718209
1460,1712345394.46293,vehicle.toyota.prius,81.5283279418945,-121.711158752441,239.998291015625,0,0.0012362641282379,2.31335926055908,0,0.100300557114343
1461,1712345394.56525,vehicle.toyota.prius,81.5283279418945,-121.711158752441,239.998291015625,0,0.0012362641282379,2.31335926055908,0,0.0927780153307672
1462,1712345394.66835,vehicle.toyota.prius,81.5283279418945,-121.711158752441,239.998291015625,0,0.0012362641282379,2.31335926055908,0,0.0858196641809596
1463,1712345394.77009,vehicle.toyota.prius,81.5283279418945,-121.711158752441,239.998291015625,0,0.0012362641282379,2.31335926055908,0,0.0793831893673877
1464,1712345394.87206,vehicle.toyota.prius,81.5283279418945,-121.711158752441,239.998291015625,0,0.0012362641282379,2.31335926055908,0,0.0734294501648336
1465,1712345394.9743,vehicle.toyota.prius,81.5283279418945,-121.711158752441,239.998291015625,0,0.0012362641282379,2.31335926055908,0,0.067922241402471
1466,1712345395.07743,vehicle.toyota.prius,81.5283279418945,-121.711158752441,239.998291015625,0,0.0012362641282379,2.31335926055908,0,0.0628280732972857
1467,1712345395.17935,vehicle.toyota.prius,81.5283279418945,-121.711158752441,239.998291015625,0,0.0012362641282379,2.31335926055908,0,0.0581159677999893
1468,1712345395.28145,vehicle.toyota.prius,81.5283279418945,-121.711158752441,239.998291015625,0,0.0012362641282379,2.31335926055908,0,0.0537572702149901
1469,1712345395.38331,vehicle.toyota.prius,81.5283279418945,-121.711158752441,239.998291015625,0,0.0012362641282379,2.31335926055908,0,0.0497254749488658
1470,1712345395.48605,vehicle.toyota.prius,81.5283279418945,-121.711158752441,239.998291015625,0,0.0012362641282379,2.31335926055908,0,0.0459960643277009
1471,1712345395.58809,vehicle.toyota.prius,81.5283279418945,-121.711158752441,239.998291015625,0,0.0012362641282379,2.31335926055908,0,0.0425463595031233
1472,1712345395.69061,vehicle.toyota.prius,81.5283279418945,-121.711158752441,239.998291015625,0,0.0012362641282379,2.31335926055908,0,0.0393553825403891
1473,1712345395.79291,vehicle.toyota.prius,81.5283279418945,-121.711158752441,239.998291015625,0,0.0012362641282379,2.31335926055908,0,0.0364037288498599
1474,1712345395.89506,vehicle.toyota.prius,81.5283279418945,-121.711158752441,239.998291015625,0,0.0012362641282379,2.31335926055908,0,0.0336734491861204
1475,1712345395.99684,vehicle.toyota.prius,81.5283279418945,-121.711158752441,239.998291015625,0,0.0012362641282379,2.31335926055908,0,0.0311479404971614
1476,1712345396.09889,vehicle.toyota.prius,81.5283279418945,-121.711158752441,239.998291015625,0,0.0012362641282379,2.31335926055908,0,0.0288118449598743
1477,1712345396.20115,vehicle.toyota.prius,81.5283279418945,-121.711158752441,239.998291015625,0,0.0012362641282379,2.31335926055908,0,0.0266509565878837
1478,1712345396.30299,vehicle.toyota.prius,81.5283279418945,-121.711158752441,239.998291015625,0,0.0012362641282379,2.31335926055908,0,0.0246521348437924
1479,1712345396.40494,vehicle.toyota.prius,81.5283279418945,-121.711158752441,239.998291015625,0,0.0012362641282379,2.31335926055908,0,0.022803224730508
1480,1712345396.50685,vehicle.toyota.prius,81.5283279418945,-121.711158752441,239.998291015625,0,0.0012362641282379,2.31335926055908,0,0.0210929828757199
1481,1712345396.60866,vehicle.toyota.prius,81.5283279418945,-121.711158752441,239.998291015625,0,0.0012362641282379,2.31335926055908,0,0.0195110091600409
1482,1712345396.71062,vehicle.toyota.prius,81.5283279418945,-121.711158752441,239.998291015625,0,0.0012362641282379,2.31335926055908,0,0.0180476834730378
1483,1712345396.81235,vehicle.toyota.prius,81.5283279418945,-121.711158752441,239.998291015625,0,0.0012362641282379,2.31335926055908,0,0.01669410721256
1484,1712345396.91512,vehicle.toyota.prius,81.5283279418945,-121.711158752441,239.998291015625,0,0.0012362641282379,2.31335926055908,0,0.015442049171618
1485,1712345397.01802,vehicle.toyota.prius,81.5283279418945,-121.711158752441,239.998291015625,0,0.0012362641282379,2.31335926055908,0,0.0142838954837467
1486,1712345397.11979,vehicle.toyota.prius,81.5283279418945,-121.711158752441,239.998291015625,0,0.0012362641282379,2.31335926055908,0,0.0132126033224657
1487,1712345397.22195,vehicle.toyota.prius,81.5283279418945,-121.711158752441,239.998291015625,0,0.0012362641282379,2.31335926055908,0,0.0122216580732807
1488,1712345397.32412,vehicle.toyota.prius,81.5283279418945,-121.711158752441,239.998291015625,0,0.0012362641282379,2.31335926055908,0,0.0113050337177847
1489,1712345397.42644,vehicle.toyota.prius,81.5283279418945,-121.711158752441,239.998291015625,0,0.0012362641282379,2.31335926055908,0,0.0104571561889508
1490,1712345397.52817,vehicle.toyota.prius,81.5283279418945,-121.711158752441,239.998291015625,0,0.0012362641282379,2.31335926055908,0,0.00967286947477951
1491,1712345397.63061,vehicle.toyota.prius,81.5283279418945,-121.711158752441,239.998291015625,0,0.0012362641282379,2.31335926055908,0,0.00894740426417105
1492,1712345397.7328,vehicle.toyota.prius,81.5283279418945,-121.711158752441,239.998291015625,0,0.0012362641282379,2.31335926055908,0,0.00827634894435822
1493,1712345397.83595,vehicle.toyota.prius,81.5283279418945,-121.711158752441,239.998291015625,0,0.0012362641282379,2.31335926055908,0,0.00765562277353135
1494,1712345397.93768,vehicle.toyota.prius,81.5283279418945,-121.711158752441,239.998291015625,0,0.0012362641282379,2.31335926055908,0,0.0070814510655165
1495,1712345398.03975,vehicle.toyota.prius,81.5283279418945,-121.711158752441,239.998291015625,0,0.0012362641282379,2.31335926055908,0,0.00655034223560276
1496,1712345398.14152,vehicle.toyota.prius,81.5283279418945,-121.711158752441,239.998291015625,0,0.0012362641282379,2.31335926055908,0,0.00605906656793256
1497,1712345398.24405,vehicle.toyota.prius,81.5283279418945,-121.711158752441,239.998291015625,0,0.0012362641282379,2.31335926055908,0,0.00560463657533761
1498,1712345398.34598,vehicle.toyota.prius,81.5283279418945,-121.711158752441,239.998291015625,0,0.0012362641282379,2.31335926055908,0,0.00518428883218729
1499,1712345398.44799,vehicle.toyota.prius,81.5283279418945,-121.711158752441,239.998291015625,0,0.0012362641282379,2.31335926055908,0,0.00479546716977325
1500,1712345398.55009,vehicle.toyota.prius,81.5283279418945,-121.711158752441,239.998291015625,0,0.0012362641282379,2.31335926055908,0,0.00443580713204025
1501,1712345398.65257,vehicle.toyota.prius,81.5283279418945,-121.711158752441,239.998291015625,0,0.0012362641282379,2.31335926055908,0,0.00410312159713723
1502,1712345398.75432,vehicle.toyota.prius,81.5283279418945,-121.711158752441,239.998291015625,0,0.0012362641282379,2.31335926055908,0,0.00379538747735194
1503,1712345398.8568,vehicle.toyota.prius,81.5283279418945,-121.711158752441,239.998291015625,0,0.0012362641282379,2.31335926055908,0,0.00351073341655055
1504,1712345398.95972,vehicle.toyota.prius,81.5283279418945,-121.711158752441,239.998291015625,0,0.0012362641282379,2.31335926055908,0,0.00324742841030925
1505,1712345399.06152,vehicle.toyota.prius,81.5283279418945,-121.711158752441,239.998291015625,0,0.0012362641282379,2.31335926055908,0,0.00300387127953606
1506,1712345399.16329,vehicle.toyota.prius,81.5283279418945,-121.711158752441,239.998291015625,0,0.0012362641282379,2.31335926055908,0,0.00277858093357086
1507,1712345399.26547,vehicle.toyota.prius,81.5283279418945,-121.711158752441,239.998291015625,0,0.0012362641282379,2.31335926055908,0,0.00257018736355304
1508,1712345399.36727,vehicle.toyota.prius,81.5283279418945,-121.711158752441,239.998291015625,0,0.0012362641282379,2.31335926055908,0,0.00237742331128656
1509,1712345399.46931,vehicle.toyota.prius,81.5283279418945,-121.711158752441,239.998291015625,0,0.0012362641282379,2.31335926055908,0,0.00219911656294007
1510,1712345399.57182,vehicle.toyota.prius,81.5283279418945,-121.711158752441,239.998291015625,0,0.0012362641282379,2.31335926055908,0,0.00203418282071957
1511,1712345399.67469,vehicle.toyota.prius,81.5283279418945,-121.711158752441,239.998291015625,0,0.0012362641282379,2.31335926055908,0,0.0018816191091656
1512,1712345399.77747,vehicle.toyota.prius,81.5283279418945,-121.711158752441,239.998291015625,0,0.0012362641282379,2.31335926055908,0,0.00174049767597818
1513,1712345399.87969,vehicle.toyota.prius,81.5283279418945,-121.711158752441,239.998291015625,0,0.0012362641282379,2.31335926055908,0,0.00160996035027982
1514,1712345399.98149,vehicle.toyota.prius,81.5283279418945,-121.711158752441,239.998291015625,0,0.0012362641282379,2.31335926055908,0,0.00148921332400883
1515,1712345400.08404,vehicle.toyota.prius,81.5283279418945,-121.711158752441,239.998291015625,0,0.0012362641282379,2.31335926055908,0,0.00137752232470817
1516,1712345400.18609,vehicle.toyota.prius,81.5283279418945,-121.711158752441,239.998291015625,0,0.0012362641282379,2.31335926055908,0,0.00127420815035505
1517,1712345400.28784,vehicle.toyota.prius,81.5283279418945,-121.711158752441,239.998291015625,0,0.0012362641282379,2.31335926055908,0,0.00117864253907843
1518,1712345400.39006,vehicle.toyota.prius,81.5283279418945,-121.711158752441,239.998291015625,0,0.0012362641282379,2.31335926055908,0,0.00109024434864754
1519,1712345400.49229,vehicle.toyota.prius,81.5283279418945,-121.711158752441,239.998291015625,0,0.0012362641282379,2.31335926055908,0,0.00100847602249898
1520,1712345400.59439,vehicle.toyota.prius,81.5283279418945,-121.711158752441,239.998291015625,0,0.0012362641282379,2.31335926055908,0,0.000932840320811554
1521,1712345400.6967,vehicle.toyota.prius,81.5283279418945,-121.711158752441,239.998291015625,0,0.0012362641282379,2.31335926055908,0,0.000862877296750687
1522,1712345400.79863,vehicle.toyota.prius,81.5283279418945,-121.711158752441,239.998291015625,0,0.0012362641282379,2.31335926055908,0,0.000798161499494386
1523,1712345400.90164,vehicle.toyota.prius,81.5283279418945,-121.711158752441,239.998291015625,0,0.0012362641282379,2.31335926055908,0,0.000738299387032307
1524,1712345401.00358,vehicle.toyota.prius,81.5283279418945,-121.711158752441,239.998291015625,0,0.0012362641282379,2.31335926055908,0,0.000682926933004884
1525,1712345401.10677,vehicle.toyota.prius,81.5283279418945,-121.711158752441,239.998291015625,0,0.0012362641282379,2.31335926055908,0,0.000631707413029518
1526,1712345401.20857,vehicle.toyota.prius,81.5283279418945,-121.711158752441,239.998291015625,0,0.0012362641282379,2.31335926055908,0,0.000584329357052304
1527,1712345401.31064,vehicle.toyota.prius,81.5283279418945,-121.711158752441,239.998291015625,0,0.0012362641282379,2.31335926055908,0,0.000540504655273381
1528,1712345401.41273,vehicle.toyota.prius,81.5283279418945,-121.711158752441,239.998291015625,0,0.0012362641282379,2.31335926055908,0,0.000499966806127878
1529,1712345401.51486,vehicle.toyota.prius,81.5283279418945,-121.711158752441,239.998291015625,0,0.0012362641282379,2.31335926055908,0,0.000462469295668287
1530,1712345401.6171,vehicle.toyota.prius,81.5283279418945,-121.711158752441,239.998291015625,0,0.0012362641282379,2.31335926055908,0,0.000427784098493165
1531,1712345401.7192,vehicle.toyota.prius,81.5283279418945,-121.711158752441,239.998291015625,0,0.0012362641282379,2.31335926055908,0,0.000395700291106178
1532,1712345401.82192,vehicle.toyota.prius,81.5283279418945,-121.711158752441,239.998291015625,0,0.0012362641282379,2.31335926055908,0,0.000366022769273214
1533,1712345401.92422,vehicle.toyota.prius,81.5283279418945,-121.711158752441,239.998291015625,0,0.0012362641282379,2.31335926055908,0,0.000338571061577723
1534,1712345402.02622,vehicle.toyota.prius,81.5283279418945,-121.711158752441,239.998291015625,0,0.0012362641282379,2.31335926055908,0,0.000313178231959394
1535,1712345402.12853,vehicle.toyota.prius,81.5283279418945,-121.711158752441,239.998291015625,0,0.0012362641282379,2.31335926055908,0,0.000289689864562439
1536,1712345402.23113,vehicle.toyota.prius,81.5283279418945,-121.711158752441,239.998291015625,0,0.0012362641282379,2.31335926055908,0,0.000267963124720256
1537,1712345402.33287,vehicle.toyota.prius,81.5283279418945,-121.711158752441,239.998291015625,0,0.0012362641282379,2.31335926055908,0,0.000247865890366237
1538,1712345402.43584,vehicle.toyota.prius,81.5283279418945,-121.711158752441,239.998291015625,0,0.0012362641282379,2.31335926055908,0,0.000229275948588769
1539,1712345402.53773,vehicle.toyota.prius,81.5283279418945,-121.711158752441,239.998291015625,0,0.0012362641282379,2.31335926055908,0,0.000212080252444612
1540,1712345402.63958,vehicle.toyota.prius,81.5283279418945,-121.711158752441,239.998291015625,0,0.0012362641282379,2.31335926055908,0,0.000196174233511266
1541,1712345402.74204,vehicle.toyota.prius,81.5283279418945,-121.711158752441,239.998291015625,0,0.0012362641282379,2.31335926055908,0,0.000181461165997921
1542,1712345402.84435,vehicle.toyota.prius,81.5283279418945,-121.711158752441,239.998291015625,0,0.0012362641282379,2.31335926055908,0,0.000167851578548077
1543,1712345402.94715,vehicle.toyota.prius,81.5283279418945,-121.711158752441,239.998291015625,0,0.0012362641282379,2.31335926055908,0,0.000155262710156971
1544,1712345403.0492,vehicle.toyota.prius,81.5283279418945,-121.711158752441,239.998291015625,0,0.0012362641282379,2.31335926055908,0,0.000143618006895198
1545,1712345403.15092,vehicle.toyota.prius,81.5283279418945,-121.711158752441,239.998291015625,0,0.0012362641282379,2.31335926055908,0,0.000132846656378058
1546,1712345403.25329,vehicle.toyota.prius,81.5283279418945,-121.711158752441,239.998291015625,0,0.0012362641282379,2.31335926055908,0,0.000122883157149704
1547,1712345403.35536,vehicle.toyota.prius,81.5283279418945,-121.711158752441,239.998291015625,0,0.0012362641282379,2.31335926055908,0,0.000113666920363476
1548,1712345403.45781,vehicle.toyota.prius,81.5283279418945,-121.711158752441,239.998291015625,0,0.0012362641282379,2.31335926055908,0,0.000105141901336215
1549,1712345403.56011,vehicle.toyota.prius,81.5283279418945,-121.711158752441,239.998291015625,0,0.0012362641282379,2.31335926055908,0,9.72562587359993E-05
1550,1712345403.66208,vehicle.toyota.prius,81.5283279418945,-121.711158752441,239.998291015625,0,0.0012362641282379,2.31335926055908,0,8.99620393307993E-05
1551,1712345403.92656,vehicle.toyota.prius,81.5283279418945,-121.711158752441,239.998291015625,0,0.0012362641282379,2.31335926055908,0,8.32148863809894E-05
1552,1712345404.02834,vehicle.toyota.prius,81.5283279418945,-121.711158752441,239.998291015625,0,0.0012362641282379,2.31335926055908,0,7.69737699024152E-05
1553,1712345404.13025,vehicle.toyota.prius,81.5283279418945,-121.711158752441,239.998291015625,0,0.0012362641282379,2.31335926055908,0,7.1200737159734E-05
1554,1712345404.23292,vehicle.toyota.prius,81.5283279418945,-121.711158752441,239.998291015625,0,0.0012362641282379,2.31335926055908,0,6.5860681872754E-05
1555,1712345404.33476,vehicle.toyota.prius,81.5283279418945,-121.711158752441,239.998291015625,0,0.0012362641282379,2.31335926055908,0,6.09211307322974E-05
1556,1712345404.43789,vehicle.toyota.prius,81.5283279418945,-121.711158752441,239.998291015625,0,0.0012362641282379,2.31335926055908,0,5.63520459273751E-05
1557,1712345404.54022,vehicle.toyota.prius,81.5283279418945,-121.711158752441,239.998291015625,0,0.0012362641282379,2.31335926055908,0,5.2125642482822E-05
1558,1712345404.64324,vehicle.toyota.prius,81.5283279418945,-121.711158752441,239.998291015625,0,0.0012362641282379,2.31335926055908,0,4.82162192966103E-05
1559,1712345404.74511,vehicle.toyota.prius,81.5283279418945,-121.711158752441,239.998291015625,0,0.0012362641282379,2.31335926055908,0,4.46000028493646E-05
1560,1712345404.84693,vehicle.toyota.prius,81.5283279418945,-121.711158752441,239.998291015625,0,0.0012362641282379,2.31335926055908,0,4.12550026356622E-05
1561,1712345404.94932,vehicle.toyota.prius,81.5283279418945,-121.711158752441,239.998291015625,0,0.0012362641282379,2.31335926055908,0,3.81608774379875E-05
1562,1712345405.05136,vehicle.toyota.prius,81.5283279418945,-121.711158752441,239.998291015625,0,0.0012362641282379,2.31335926055908,0,3.52988116301385E-05
1563,1712345405.15352,vehicle.toyota.prius,81.5283279418945,-121.711158752441,239.998291015625,0,0.0012362641282379,2.31335926055908,0,3.26514007578781E-05
1564,1712345405.25536,vehicle.toyota.prius,81.5283279418945,-121.711158752441,239.998291015625,0,0.0012362641282379,2.31335926055908,0,3.02025457010372E-05
1565,1712345405.35727,vehicle.toyota.prius,81.5283279418945,-121.711158752441,239.998291015625,0,0.0012362641282379,2.31335926055908,0,2.79373547734594E-05
1566,1712345405.45901,vehicle.toyota.prius,81.5283279418945,-121.711158752441,239.998291015625,0,0.0012362641282379,2.31335926055908,0,2.584205316545E-05
1567,1712345405.5612,vehicle.toyota.prius,81.5283279418945,-121.711158752441,239.998291015625,0,0.0012362641282379,2.31335926055908,0,2.39038991780412E-05
1568,1712345405.66427,vehicle.toyota.prius,81.5283279418945,-121.711158752441,239.998291015625,0,0.0012362641282379,2.31335926055908,0,2.21111067396881E-05
1569,1712345405.76625,vehicle.toyota.prius,81.5283279418945,-121.711158752441,239.998291015625,0,0.0012362641282379,2.31335926055908,0,2.04527737342115E-05
1570,1712345405.86876,vehicle.toyota.prius,81.5283279418945,-121.711158752441,239.998291015625,0,0.0012362641282379,2.31335926055908,0,1.89188157041457E-05
1571,1712345405.97167,vehicle.toyota.prius,81.5283279418945,-121.711158752441,239.998291015625,0,0.0012362641282379,2.31335926055908,0,1.74999045263347E-05
1572,1712345406.07371,vehicle.toyota.prius,81.5283279418945,-121.711158752441,239.998291015625,0,0.0012362641282379,2.31335926055908,0,1.61874116868596E-05
1573,1712345406.1767,vehicle.toyota.prius,81.5283279418945,-121.711158752441,239.998291015625,0,0.0012362641282379,2.31335926055908,0,1.49733558103452E-05
1574,1712345406.27866,vehicle.toyota.prius,81.5283279418945,-121.711158752441,239.998291015625,0,0.0012362641282379,2.31335926055908,0,1.38503541245693E-05
1575,1712345406.38108,vehicle.toyota.prius,81.5283279418945,-121.711158752441,239.998291015625,0,0.0012362641282379,2.31335926055908,0,1.28115775652266E-05
1576,1712345406.48304,vehicle.toyota.prius,81.5283279418945,-121.711158752441,239.998291015625,0,0.0012362641282379,2.31335926055908,0,1.18507092478346E-05
1577,1712345406.58487,vehicle.toyota.prius,81.5283279418945,-121.711158752441,239.998291015625,0,0.0012362641282379,2.31335926055908,0,1.0961906054247E-05
1578,1712345406.68661,vehicle.toyota.prius,81.5283279418945,-121.711158752441,239.998291015625,0,0.0012362641282379,2.31335926055908,0,1.01397631001785E-05
1579,1712345406.7889,vehicle.toyota.prius,81.5283279418945,-121.711158752441,239.998291015625,0,0.0012362641282379,2.31335926055908,0,9.37928086766508E-06
1580,1712345406.89122,vehicle.toyota.prius,81.5283279418945,-121.711158752441,239.998291015625,0,0.0012362641282379,2.31335926055908,0,8.6758348025902E-06
1581,1712345406.99394,vehicle.toyota.prius,81.5283279418945,-121.711158752441,239.998291015625,0,0.0012362641282379,2.31335926055908,0,8.02514719239593E-06
1582,1712345407.09583,vehicle.toyota.prius,81.5283279418945,-121.711158752441,239.998291015625,0,0.0012362641282379,2.31335926055908,0,7.42326115296624E-06
1583,1712345407.19765,vehicle.toyota.prius,81.5283279418945,-121.711158752441,239.998291015625,0,0.0012362641282379,2.31335926055908,0,6.86651656649377E-06
1584,1712345407.3005,vehicle.toyota.prius,81.5283279418945,-121.711158752441,239.998291015625,0,0.0012362641282379,2.31335926055908,0,6.35152782400674E-06
1585,1712345407.40235,vehicle.toyota.prius,81.5283279418945,-121.711158752441,239.998291015625,0,0.0012362641282379,2.31335926055908,0,5.87516323720623E-06
1586,1712345407.50529,vehicle.toyota.prius,81.5283279418945,-121.711158752441,239.998291015625,0,0.0012362641282379,2.31335926055908,0,5.43452599441577E-06
1587,1712345407.60723,vehicle.toyota.prius,81.5283279418945,-121.711158752441,239.998291015625,0,0.0012362641282379,2.31335926055908,0,5.02693654483458E-06
1588,1712345407.70913,vehicle.toyota.prius,81.5283279418945,-121.711158752441,239.998291015625,0,0.0012362641282379,2.31335926055908,0,4.64991630397199E-06
1589,1712345407.8111,vehicle.toyota.prius,81.5283279418945,-121.711158752441,239.998291015625,0,0.0012362641282379,2.31335926055908,0,4.30117258117409E-06
1590,1712345407.91308,vehicle.toyota.prius,81.5283279418945,-121.711158752441,239.998291015625,0,0.0012362641282379,2.31335926055908,0,3.97858463758603E-06
1591,1712345408.01482,vehicle.toyota.prius,81.5283279418945,-121.711158752441,239.998291015625,0,0.0012362641282379,2.31335926055908,0,3.68019078976708E-06
1592,1712345408.11798,vehicle.toyota.prius,81.5283279418945,-121.711158752441,239.998291015625,0,0.0012362641282379,2.31335926055908,0,3.40417648053455E-06
1593,1712345408.22018,vehicle.toyota.prius,81.5283279418945,-121.711158752441,239.998291015625,0,0.0012362641282379,2.31335926055908,0,3.14886324449446E-06
1594,1712345408.32314,vehicle.toyota.prius,81.5283279418945,-121.711158752441,239.998291015625,0,0.0012362641282379,2.31335926055908,0,2.91269850115737E-06
1595,1712345408.4249,vehicle.toyota.prius,81.5283279418945,-121.711158752441,239.998291015625,0,0.0012362641282379,2.31335926055908,0,2.69424611357057E-06
1596,1712345408.52748,vehicle.toyota.prius,81.5283279418945,-121.711158752441,239.998291015625,0,0.0012362641282379,2.31335926055908,0,2.49217765505278E-06
1597,1712345408.62943,vehicle.toyota.prius,81.5283279418945,-121.711158752441,239.998291015625,0,0.0012362641282379,2.31335926055908,0,2.30526433092382E-06
1598,1712345408.73172,vehicle.toyota.prius,81.5283279418945,-121.711158752441,239.998291015625,0,0.0012362641282379,2.31335926055908,0,2.13236950610453E-06
1599,1712345408.83358,vehicle.toyota.prius,81.5283279418945,-121.711158752441,239.998291015625,0,0.0012362641282379,2.31335926055908,0,1.97244179314669E-06
1600,1712345408.93622,vehicle.toyota.prius,81.5283279418945,-121.711158752441,239.998291015625,0,0.0012362641282379,2.31335926055908,0,1.82450865866069E-06
1601,1712345409.03811,vehicle.toyota.prius,81.5283279418945,-121.711158752441,239.998291015625,0,0.0012362641282379,2.31335926055908,0,1.68767050926114E-06
1602,1712345409.14103,vehicle.toyota.prius,81.5283279418945,-121.711158752441,239.998291015625,0,0.0012362641282379,2.31335926055908,0,1.56109522106655E-06
1603,1712345409.24304,vehicle.toyota.prius,81.5283279418945,-121.711158752441,239.998291015625,0,0.0012362641282379,2.31335926055908,0,1.44401307948656E-06
1604,1712345409.34492,vehicle.toyota.prius,81.5283279418945,-121.711158752441,239.998291015625,0,0.0012362641282379,2.31335926055908,0,1.33571209852507E-06
1605,1712345409.44669,vehicle.toyota.prius,81.5283279418945,-121.711158752441,239.998291015625,0,0.0012362641282379,2.31335926055908,0,1.23553369113569E-06
1606,1712345409.5486,vehicle.toyota.prius,81.5283279418945,-121.711158752441,239.998291015625,0,0.0012362641282379,2.31335926055908,0,1.14286866430051E-06
1607,1712345409.65155,vehicle.toyota.prius,81.5283279418945,-121.711158752441,239.998291015625,0,0.0012362641282379,2.31335926055908,0,1.05715351447797E-06
1608,1712345409.75392,vehicle.toyota.prius,81.5283279418945,-121.711158752441,239.998291015625,0,0.0012362641282379,2.31335926055908,0,9.77867000892126E-07
1609,1712345409.85566,vehicle.toyota.prius,81.5283279418945,-121.711158752441,239.998291015625,0,0.0012362641282379,2.31335926055908,0,9.04526975825217E-07
1610,1712345409.95744,vehicle.toyota.prius,81.5283279418945,-121.711158752441,239.998291015625,0,0.0012362641282379,2.31335926055908,0,8.36687452638325E-07
1611,1712345410.05924,vehicle.toyota.prius,81.5283279418945,-121.711158752441,239.998291015625,0,0.0012362641282379,2.31335926055908,0,7.73935893690451E-07
1612,1712345410.16119,vehicle.toyota.prius,81.5283279418945,-121.711158752441,239.998291015625,0,0.0012362641282379,2.31335926055908,0,7.15890701663667E-07
1613,1712345410.26357,vehicle.toyota.prius,81.5283279418945,-121.711158752441,239.998291015625,0,0.0012362641282379,2.31335926055908,0,6.62198899038892E-07
1614,1712345410.36599,vehicle.toyota.prius,81.5283279418945,-121.711158752441,239.998291015625,0,0.0012362641282379,2.31335926055908,0,6.12533981610975E-07
1615,1712345410.4684,vehicle.toyota.prius,81.5283279418945,-121.711158752441,239.998291015625,0,0.0012362641282379,2.31335926055908,0,5.66593932990152E-07
1616,1712345410.57038,vehicle.toyota.prius,81.5283279418945,-121.711158752441,239.998291015625,0,0.0012362641282379,2.31335926055908,0,5.24099388015891E-07
1617,1712345410.67222,vehicle.toyota.prius,81.5283279418945,-121.711158752441,239.998291015625,0,0.0012362641282379,2.31335926055908,0,4.84791933914699E-07
1618,1712345410.77455,vehicle.toyota.prius,81.5283279418945,-121.711158752441,239.998291015625,0,0.0012362641282379,2.31335926055908,0,4.48432538871096E-07
1619,1712345410.8771,vehicle.toyota.prius,81.5283279418945,-121.711158752441,239.998291015625,0,0.0012362641282379,2.31335926055908,0,4.14800098455764E-07
1620,1712345410.97914,vehicle.toyota.prius,81.5283279418945,-121.711158752441,239.998291015625,0,0.0012362641282379,2.31335926055908,0,3.83690091071582E-07
1621,1712345411.08088,vehicle.toyota.prius,81.5283279418945,-121.711158752441,239.998291015625,0,0.0012362641282379,2.31335926055908,0,3.54913334241213E-07
1622,1712345411.18292,vehicle.toyota.prius,81.5283279418945,-121.711158752441,239.998291015625,0,0.0012362641282379,2.31335926055908,0,3.28294834173122E-07
1623,1712345411.28573,vehicle.toyota.prius,81.5283279418945,-121.711158752441,239.998291015625,0,0.0012362641282379,2.31335926055908,0,3.03672721610138E-07
1624,1712345411.38752,vehicle.toyota.prius,81.5283279418945,-121.711158752441,239.998291015625,0,0.0012362641282379,2.31335926055908,0,2.80897267489378E-07
1625,1712345411.48967,vehicle.toyota.prius,81.5283279418945,-121.711158752441,239.998291015625,0,0.0012362641282379,2.31335926055908,0,2.59829972427674E-07
1626,1712345411.59199,vehicle.toyota.prius,81.5283279418945,-121.711158752441,239.998291015625,0,0.0012362641282379,2.31335926055908,0,2.40342724495599E-07
1627,1712345411.69386,vehicle.toyota.prius,81.5283279418945,-121.711158752441,239.998291015625,0,0.0012362641282379,2.31335926055908,0,2.22317020158429E-07
1628,1712345411.79656,vehicle.toyota.prius,81.5283279418945,-121.711158752441,239.998291015625,0,0.0012362641282379,2.31335926055908,0,2.05643243646547E-07
1629,1712345411.89866,vehicle.toyota.prius,81.5283279418945,-121.711158752441,239.998291015625,0,0.0012362641282379,2.31335926055908,0,1.90220000373056E-07
1630,1712345412.00067,vehicle.toyota.prius,81.5283279418945,-121.711158752441,239.998291015625,0,0.0012362641282379,2.31335926055908,0,1.75953500345076E-07
1631,1712345412.1028,vehicle.toyota.prius,81.5283279418945,-121.711158752441,239.998291015625,0,0.0012362641282379,2.31335926055908,0,1.62756987819196E-07
1632,1712345412.20536,vehicle.toyota.prius,81.5283279418945,-121.711158752441,239.998291015625,0,0.0012362641282379,2.31335926055908,0,1.50550213732756E-07
1633,1712345412.30721,vehicle.toyota.prius,81.5283279418945,-121.711158752441,239.998291015625,0,0.0012362641282379,2.31335926055908,0,1.39258947702799E-07
1634,1712345412.40901,vehicle.toyota.prius,81.5283279418945,-121.711158752441,239.998291015625,0,0.0012362641282379,2.31335926055908,0,1.28814526625089E-07
1635,1712345412.51217,vehicle.toyota.prius,81.5283279418945,-121.711158752441,239.998291015625,0,0.0012362641282379,2.31335926055908,0,1.19153437128208E-07
1636,1712345412.61426,vehicle.toyota.prius,81.5283279418945,-121.711158752441,239.998291015625,0,0.0012362641282379,2.31335926055908,0,1.10216929343592E-07
1637,1712345412.71604,vehicle.toyota.prius,81.5283279418945,-121.711158752441,239.998291015625,0,0.0012362641282379,2.31335926055908,0,1.01950659642823E-07
1638,1712345412.81836,vehicle.toyota.prius,81.5283279418945,-121.711158752441,239.998291015625,0,0.0012362641282379,2.31335926055908,0,9.43043601696109E-08
1639,1712345412.92009,vehicle.toyota.prius,81.5283279418945,-121.711158752441,239.998291015625,0,0.0012362641282379,2.31335926055908,0,8.72315331568901E-08
1640,1712345413.02262,vehicle.toyota.prius,81.5283279418945,-121.711158752441,239.998291015625,0,0.0012362641282379,2.31335926055908,0,8.06891681701234E-08
1641,1712345413.1245,vehicle.toyota.prius,81.5283279418945,-121.711158752441,239.998291015625,0,0.0012362641282379,2.31335926055908,0,7.46374805573641E-08
1642,1712345413.22649,vehicle.toyota.prius,81.5283279418945,-121.711158752441,239.998291015625,0,0.0012362641282379,2.31335926055908,0,6.90396695155618E-08
1643,1712345413.32984,vehicle.toyota.prius,81.5283279418945,-121.711158752441,239.998291015625,0,0.0012362641282379,2.31335926055908,0,6.38616943018947E-08
1644,1712345413.43199,vehicle.toyota.prius,81.5283279418945,-121.711158752441,239.998291015625,0,0.0012362641282379,2.31335926055908,0,5.90720672292526E-08
1645,1712345413.53395,vehicle.toyota.prius,81.5283279418945,-121.711158752441,239.998291015625,0,0.0012362641282379,2.31335926055908,0,5.46416621870586E-08
1646,1712345413.6362,vehicle.toyota.prius,81.5283279418945,-121.711158752441,239.998291015625,0,0.0012362641282379,2.31335926055908,0,5.05435375230292E-08
1647,1712345413.73865,vehicle.toyota.prius,81.5283279418945,-121.711158752441,239.998291015625,0,0.0012362641282379,2.31335926055908,0,4.6752772208802E-08
1648,1712345413.8405,vehicle.toyota.prius,81.5283279418945,-121.711158752441,239.998291015625,0,0.0012362641282379,2.31335926055908,0,4.32463142931419E-08
1649,1712345413.94336,vehicle.toyota.prius,81.5283279418945,-121.711158752441,239.998291015625,0,0.0012362641282379,2.31335926055908,0,4.00028407211562E-08
1650,1712345414.04515,vehicle.toyota.prius,81.5283279418945,-121.711158752441,239.998291015625,0,0.0012362641282379,2.31335926055908,0,3.70026276670695E-08
1651,1712345414.14731,vehicle.toyota.prius,81.5283279418945,-121.711158752441,239.998291015625,0,0.0012362641282379,2.31335926055908,0,3.42274305920393E-08
1652,1712345414.25025,vehicle.toyota.prius,81.5283279418945,-121.711158752441,239.998291015625,0,0.0012362641282379,2.31335926055908,0,3.16603732976364E-08
1653,1712345414.35259,vehicle.toyota.prius,81.5283279418945,-121.711158752441,239.998291015625,0,0.0012362641282379,2.31335926055908,0,2.92858453003136E-08
1654,1712345414.45462,vehicle.toyota.prius,81.5283279418945,-121.711158752441,239.998291015625,0,0.0012362641282379,2.31335926055908,0,2.70894069027901E-08
1655,1712345414.55654,vehicle.toyota.prius,81.5283279418945,-121.711158752441,239.998291015625,0,0.0012362641282379,2.31335926055908,0,2.50577013850808E-08
1656,1712345414.65852,vehicle.toyota.prius,81.5283279418945,-121.711158752441,239.998291015625,0,0.0012362641282379,2.31335926055908,0,2.31783737811998E-08
1657,1712345414.7612,vehicle.toyota.prius,81.5283279418945,-121.711158752441,239.998291015625,0,0.0012362641282379,2.31335926055908,0,2.14399957476098E-08
1658,1712345414.86305,vehicle.toyota.prius,81.5283279418945,-121.711158752441,239.998291015625,0,0.0012362641282379,2.31335926055908,0,1.98319960665391E-08
1659,1712345414.96484,vehicle.toyota.prius,81.5283279418945,-121.711158752441,239.998291015625,0,0.0012362641282379,2.31335926055908,0,1.83445963615486E-08
1660,1712345415.06774,vehicle.toyota.prius,81.5283279418945,-121.711158752441,239.998291015625,0,0.0012362641282379,2.31335926055908,0,1.69687516344325E-08
1661,1712345415.16945,vehicle.toyota.prius,81.5283279418945,-121.711158752441,239.998291015625,0,0.0012362641282379,2.31335926055908,0,1.569609526185E-08
1662,1712345415.2713,vehicle.toyota.prius,81.5283279418945,-121.711158752441,239.998291015625,0,0.0012362641282379,2.31335926055908,0,1.45188881172113E-08
1663,1712345415.37325,vehicle.toyota.prius,81.5283279418945,-121.711158752441,239.998291015625,0,0.0012362641282379,2.31335926055908,0,1.34299715084204E-08
1664,1712345415.47568,vehicle.toyota.prius,81.5283279418945,-121.711158752441,239.998291015625,0,0.0012362641282379,2.31335926055908,0,1.24227236452889E-08
1665,1712345415.5779,vehicle.toyota.prius,81.5283279418945,-121.711158752441,239.998291015625,0,0.0012362641282379,2.31335926055908,0,1.14910193718922E-08
1666,1712345415.68016,vehicle.toyota.prius,81.5283279418945,-121.711158752441,239.998291015625,0,0.0012362641282379,2.31335926055908,0,1.06291929190003E-08
1667,1712345415.7826,vehicle.toyota.prius,81.5283279418945,-121.711158752441,239.998291015625,0,0.0012362641282379,2.31335926055908,0,9.8320034500753E-09
1668,1712345415.88447,vehicle.toyota.prius,81.5283279418945,-121.711158752441,239.998291015625,0,0.0012362641282379,2.31335926055908,0,9.09460319131965E-09
1669,1712345415.98622,vehicle.toyota.prius,81.5283279418945,-121.711158752441,239.998291015625,0,0.0012362641282379,2.31335926055908,0,8.41250795197068E-09
1670,1712345416.08839,vehicle.toyota.prius,81.5283279418945,-121.711158752441,239.998291015625,0,0.0012362641282379,2.31335926055908,0,7.78156985557288E-09
1671,1712345416.19037,vehicle.toyota.prius,81.5283279418945,-121.711158752441,239.998291015625,0,0.0012362641282379,2.31335926055908,0,7.19795211640491E-09
1672,1712345416.29302,vehicle.toyota.prius,81.5283279418945,-121.711158752441,239.998291015625,0,0.0012362641282379,2.31335926055908,0,6.65810570767455E-09
1673,1712345416.3948,vehicle.toyota.prius,81.5283279418945,-121.711158752441,239.998291015625,0,0.0012362641282379,2.31335926055908,0,6.15874777959895E-09
1674,1712345416.49671,vehicle.toyota.prius,81.5283279418945,-121.711158752441,239.998291015625,0,0.0012362641282379,2.31335926055908,0,5.69684169612903E-09
1675,1712345416.59887,vehicle.toyota.prius,81.5283279418945,-121.711158752441,239.998291015625,0,0.0012362641282379,2.31335926055908,0,5.26957856891936E-09
1676,1712345416.70107,vehicle.toyota.prius,81.5283279418945,-121.711158752441,239.998291015625,0,0.0012362641282379,2.31335926055908,0,4.8743601762504E-09
1677,1712345416.80419,vehicle.toyota.prius,81.5283279418945,-121.711158752441,239.998291015625,0,0.0012362641282379,2.31335926055908,0,4.50878316303162E-09
1678,1712345416.90644,vehicle.toyota.prius,81.5283279418945,-121.711158752441,239.998291015625,0,0.0012362641282379,2.31335926055908,0,4.17062442580425E-09
1679,1712345417.00853,vehicle.toyota.prius,81.5283279418945,-121.711158752441,239.998291015625,0,0.0012362641282379,2.31335926055908,0,3.85782759386893E-09
