Time(s),VehicleType,VehicleSpeed(m/s),RoadGrade(rad)
0.0,vehicle.lincoln.mkz2017,0.0,0.16175
0.1,vehicle.lincoln.mkz2017,0.0,1.31215
0.2,vehicle.lincoln.mkz2017,0.0,1.31215
0.3,vehicle.lincoln.mkz2017,0.0,1.31215
0.4,vehicle.lincoln.mkz2017,0.0,1.31211
0.51,vehicle.lincoln.mkz2017,0.0,1.31211
0.61,vehicle.lincoln.mkz2017,0.0,1.31211
0.71,vehicle.lincoln.mkz2017,0.0,1.31212
0.81,vehicle.lincoln.mkz2017,0.0,1.31212
0.91,vehicle.lincoln.mkz2017,0.0,1.31212
1.01,vehicle.lincoln.mkz2017,0.0,1.31205
1.11,vehicle.lincoln.mkz2017,0.0,1.31205
1.21,vehicle.lincoln.mkz2017,0.0,1.31193
1.32,vehicle.lincoln.mkz2017,0.0,1.31193
1.42,vehicle.lincoln.mkz2017,0.0,1.31194
1.52,vehicle.lincoln.mkz2017,0.0,1.31194
1.62,vehicle.lincoln.mkz2017,0.0,1.31183
1.72,vehicle.lincoln.mkz2017,0.0,1.31183
1.82,vehicle.lincoln.mkz2017,0.0,1.31183
1.92,vehicle.lincoln.mkz2017,0.0,1.31187
2.02,vehicle.lincoln.mkz2017,0.0,1.31187
2.12,vehicle.lincoln.mkz2017,0.0,1.31196
2.23,vehicle.lincoln.mkz2017,0.0,1.31196
2.33,vehicle.lincoln.mkz2017,0.0,1.31183
2.43,vehicle.lincoln.mkz2017,0.0,1.31183
2.53,vehicle.lincoln.mkz2017,0.0,1.31183
2.63,vehicle.lincoln.mkz2017,0.0,1.31183
2.73,vehicle.lincoln.mkz2017,0.0,1.31189
2.83,vehicle.lincoln.mkz2017,0.0,1.31189
2.93,vehicle.lincoln.mkz2017,0.0,1.31217
3.04,vehicle.lincoln.mkz2017,0.0,1.31217
3.14,vehicle.lincoln.mkz2017,0.0,1.31217
3.24,vehicle.lincoln.mkz2017,0.0,1.31218
3.34,vehicle.lincoln.mkz2017,0.0,1.31218
3.44,vehicle.lincoln.mkz2017,0.0,1.31209
3.54,vehicle.lincoln.mkz2017,0.0,1.31209
3.64,vehicle.lincoln.mkz2017,0.0,1.31209
3.75,vehicle.lincoln.mkz2017,0.0,1.31209
3.85,vehicle.lincoln.mkz2017,0.0,1.31209
3.95,vehicle.lincoln.mkz2017,0.0,1.3121
4.05,vehicle.lincoln.mkz2017,0.0,1.3121
4.15,vehicle.lincoln.mkz2017,0.0,1.31196
4.25,vehicle.lincoln.mkz2017,0.0,1.31196
4.35,vehicle.lincoln.mkz2017,0.0,1.31183
4.45,vehicle.lincoln.mkz2017,0.0,1.31183
4.56,vehicle.lincoln.mkz2017,0.0,1.31183
4.66,vehicle.lincoln.mkz2017,0.0,1.31187
4.76,vehicle.lincoln.mkz2017,0.0,1.31187
4.86,vehicle.lincoln.mkz2017,0.0,1.31187
4.96,vehicle.lincoln.mkz2017,0.0,1.31199
5.06,vehicle.lincoln.mkz2017,0.0,1.31199
5.16,vehicle.lincoln.mkz2017,0.0,1.31199
5.26,vehicle.lincoln.mkz2017,0.0,1.31189
5.37,vehicle.lincoln.mkz2017,0.0,1.31189
5.47,vehicle.lincoln.mkz2017,0.0,1.31177
5.57,vehicle.lincoln.mkz2017,0.0,1.31177
5.67,vehicle.lincoln.mkz2017,0.0,1.31196
5.77,vehicle.lincoln.mkz2017,0.0,1.31196
5.87,vehicle.lincoln.mkz2017,0.0,1.31196
5.97,vehicle.lincoln.mkz2017,0.0,1.31196
6.07,vehicle.lincoln.mkz2017,0.0,1.31202
6.18,vehicle.lincoln.mkz2017,0.0,1.31202
6.28,vehicle.lincoln.mkz2017,0.0,1.3121
6.38,vehicle.lincoln.mkz2017,0.0,1.3121
6.48,vehicle.lincoln.mkz2017,0.0,1.3121
6.58,vehicle.lincoln.mkz2017,0.0,1.31203
6.68,vehicle.lincoln.mkz2017,0.0,1.31203
6.78,vehicle.lincoln.mkz2017,0.0,1.31222
6.89,vehicle.lincoln.mkz2017,0.0,1.31222
6.99,vehicle.lincoln.mkz2017,0.0,1.31228
7.09,vehicle.lincoln.mkz2017,0.0,1.31228
7.19,vehicle.lincoln.mkz2017,0.0,1.31228
7.29,vehicle.lincoln.mkz2017,0.0,1.31215
7.39,vehicle.lincoln.mkz2017,0.0,1.31215
7.5,vehicle.lincoln.mkz2017,0.0,1.31226
7.6,vehicle.lincoln.mkz2017,0.0,1.31226
7.7,vehicle.lincoln.mkz2017,0.0,1.3123
7.8,vehicle.lincoln.mkz2017,0.0,1.3123
7.9,vehicle.lincoln.mkz2017,0.0,1.3123
8.0,vehicle.lincoln.mkz2017,0.0,1.3123
8.1,vehicle.lincoln.mkz2017,0.0,1.31226
8.21,vehicle.lincoln.mkz2017,0.0,1.31226
8.31,vehicle.lincoln.mkz2017,0.0,1.31245
8.41,vehicle.lincoln.mkz2017,0.0,1.31245
8.51,vehicle.lincoln.mkz2017,0.0,1.31245
8.61,vehicle.lincoln.mkz2017,0.0,1.31254
8.71,vehicle.lincoln.mkz2017,0.0,1.31254
8.81,vehicle.lincoln.mkz2017,0.0,1.31265
8.91,vehicle.lincoln.mkz2017,0.0,1.31265
9.01,vehicle.lincoln.mkz2017,0.0,1.31265
9.12,vehicle.lincoln.mkz2017,0.0,1.31265
9.22,vehicle.lincoln.mkz2017,0.0,1.31271
9.32,vehicle.lincoln.mkz2017,0.0,1.31271
9.42,vehicle.lincoln.mkz2017,0.0,1.31279
9.52,vehicle.lincoln.mkz2017,0.0,1.31279
9.62,vehicle.lincoln.mkz2017,0.0,1.31279
9.72,vehicle.lincoln.mkz2017,0.0,1.31297
9.82,vehicle.lincoln.mkz2017,0.0,1.31297
9.93,vehicle.lincoln.mkz2017,0.0,1.31297
10.03,vehicle.lincoln.mkz2017,0.0,1.31297
10.13,vehicle.lincoln.mkz2017,0.0,1.31297
10.23,vehicle.lincoln.mkz2017,0.0,1.31297
10.33,vehicle.lincoln.mkz2017,0.0,1.3131
10.43,vehicle.lincoln.mkz2017,0.0,1.3131
10.53,vehicle.lincoln.mkz2017,0.0,1.31319
10.63,vehicle.lincoln.mkz2017,0.01,1.31319
10.74,vehicle.lincoln.mkz2017,0.01,1.31319
10.84,vehicle.lincoln.mkz2017,0.01,1.31328
10.94,vehicle.lincoln.mkz2017,0.01,1.31328
11.04,vehicle.lincoln.mkz2017,0.02,1.31306
11.14,vehicle.lincoln.mkz2017,0.02,1.31306
11.24,vehicle.lincoln.mkz2017,0.03,1.31306
11.34,vehicle.lincoln.mkz2017,0.05,1.31024
11.44,vehicle.lincoln.mkz2017,0.06,1.31024
11.55,vehicle.lincoln.mkz2017,0.07,1.31024
11.65,vehicle.lincoln.mkz2017,0.08,1.31024
11.75,vehicle.lincoln.mkz2017,0.12,1.30265
11.85,vehicle.lincoln.mkz2017,0.15,1.30265
11.95,vehicle.lincoln.mkz2017,0.21,1.30408
12.05,vehicle.lincoln.mkz2017,0.27,1.30408
12.15,vehicle.lincoln.mkz2017,0.37,1.30685
12.25,vehicle.lincoln.mkz2017,0.44,1.30685
12.36,vehicle.lincoln.mkz2017,0.49,1.30685
12.46,vehicle.lincoln.mkz2017,0.56,1.30898
12.56,vehicle.lincoln.mkz2017,0.62,1.30898
12.66,vehicle.lincoln.mkz2017,0.71,1.3122
12.76,vehicle.lincoln.mkz2017,0.8,1.3122
12.87,vehicle.lincoln.mkz2017,0.87,1.3122
12.97,vehicle.lincoln.mkz2017,0.96,1.30472
13.07,vehicle.lincoln.mkz2017,1.03,1.30472
13.17,vehicle.lincoln.mkz2017,1.03,1.30472
13.27,vehicle.lincoln.mkz2017,1.07,1.30519
13.37,vehicle.lincoln.mkz2017,1.11,1.30519
13.47,vehicle.lincoln.mkz2017,1.08,1.30519
13.58,vehicle.lincoln.mkz2017,1.13,1.32273
13.68,vehicle.lincoln.mkz2017,1.18,1.32273
13.78,vehicle.lincoln.mkz2017,1.28,1.32359
13.88,vehicle.lincoln.mkz2017,1.38,1.32359
13.98,vehicle.lincoln.mkz2017,1.47,1.32359
14.08,vehicle.lincoln.mkz2017,1.56,1.32523
14.18,vehicle.lincoln.mkz2017,1.65,1.32523
14.29,vehicle.lincoln.mkz2017,1.7,1.32759
14.39,vehicle.lincoln.mkz2017,1.75,1.32759
14.49,vehicle.lincoln.mkz2017,1.8,1.32759
14.59,vehicle.lincoln.mkz2017,1.75,1.32759
14.69,vehicle.lincoln.mkz2017,1.81,1.3329
14.79,vehicle.lincoln.mkz2017,1.79,1.3329
14.89,vehicle.lincoln.mkz2017,1.86,1.30328
15.0,vehicle.lincoln.mkz2017,1.93,1.30328
15.1,vehicle.lincoln.mkz2017,2.11,1.18774
15.2,vehicle.lincoln.mkz2017,2.18,1.18774
15.3,vehicle.lincoln.mkz2017,2.23,1.18774
15.4,vehicle.lincoln.mkz2017,2.23,1.14841
15.51,vehicle.lincoln.mkz2017,2.22,1.14841
15.61,vehicle.lincoln.mkz2017,2.09,1.14841
15.71,vehicle.lincoln.mkz2017,2.1,1.00085
15.81,vehicle.lincoln.mkz2017,2.11,1.00085
15.91,vehicle.lincoln.mkz2017,2.09,1.00085
16.01,vehicle.lincoln.mkz2017,2.21,0.84668
16.11,vehicle.lincoln.mkz2017,2.32,0.84668
16.22,vehicle.lincoln.mkz2017,2.37,0.74955
16.32,vehicle.lincoln.mkz2017,2.42,0.74955
16.42,vehicle.lincoln.mkz2017,2.57,0.64971
16.52,vehicle.lincoln.mkz2017,2.56,0.64971
16.62,vehicle.lincoln.mkz2017,2.56,0.64971
16.72,vehicle.lincoln.mkz2017,2.46,0.64971
16.82,vehicle.lincoln.mkz2017,2.46,0.57896
16.92,vehicle.lincoln.mkz2017,2.36,0.57896
17.02,vehicle.lincoln.mkz2017,2.38,0.60338
17.13,vehicle.lincoln.mkz2017,2.4,0.60338
17.23,vehicle.lincoln.mkz2017,2.42,0.60338
17.33,vehicle.lincoln.mkz2017,2.48,0.63502
17.43,vehicle.lincoln.mkz2017,2.53,0.63502
17.53,vehicle.lincoln.mkz2017,2.56,0.65956
17.63,vehicle.lincoln.mkz2017,2.59,0.65956
17.73,vehicle.lincoln.mkz2017,2.61,0.65956
17.84,vehicle.lincoln.mkz2017,2.62,0.68619
17.94,vehicle.lincoln.mkz2017,2.62,0.68619
18.04,vehicle.lincoln.mkz2017,2.52,0.68619
18.14,vehicle.lincoln.mkz2017,2.58,0.81136
18.24,vehicle.lincoln.mkz2017,2.64,0.81136
18.34,vehicle.lincoln.mkz2017,2.65,0.87441
18.44,vehicle.lincoln.mkz2017,2.67,0.87441
18.55,vehicle.lincoln.mkz2017,2.68,0.87441
18.65,vehicle.lincoln.mkz2017,2.68,0.97112
18.75,vehicle.lincoln.mkz2017,2.67,0.97112
18.85,vehicle.lincoln.mkz2017,2.59,0.97112
18.95,vehicle.lincoln.mkz2017,2.64,1.05848
19.05,vehicle.lincoln.mkz2017,2.68,1.05848
19.15,vehicle.lincoln.mkz2017,2.59,1.05848
19.25,vehicle.lincoln.mkz2017,2.66,1.17541
19.36,vehicle.lincoln.mkz2017,2.73,1.17541
19.46,vehicle.lincoln.mkz2017,2.78,1.2572
19.56,vehicle.lincoln.mkz2017,2.83,1.2572
19.66,vehicle.lincoln.mkz2017,2.99,1.25686
19.76,vehicle.lincoln.mkz2017,3.0,1.25686
19.86,vehicle.lincoln.mkz2017,3.0,1.25686
19.96,vehicle.lincoln.mkz2017,3.0,1.21435
20.07,vehicle.lincoln.mkz2017,2.99,1.21435
20.17,vehicle.lincoln.mkz2017,2.86,1.21435
20.27,vehicle.lincoln.mkz2017,2.87,1.15197
20.37,vehicle.lincoln.mkz2017,2.89,1.15197
20.47,vehicle.lincoln.mkz2017,2.91,1.10282
20.57,vehicle.lincoln.mkz2017,2.94,1.10282
20.67,vehicle.lincoln.mkz2017,2.96,1.10282
20.77,vehicle.lincoln.mkz2017,2.98,1.04296
20.88,vehicle.lincoln.mkz2017,2.99,1.04296
20.98,vehicle.lincoln.mkz2017,2.9,1.04296
21.08,vehicle.lincoln.mkz2017,2.92,1.0276
21.18,vehicle.lincoln.mkz2017,2.93,1.0276
21.28,vehicle.lincoln.mkz2017,2.81,1.0276
21.38,vehicle.lincoln.mkz2017,2.89,1.08614
21.48,vehicle.lincoln.mkz2017,2.96,1.08614
21.58,vehicle.lincoln.mkz2017,3.04,1.15212
21.68,vehicle.lincoln.mkz2017,3.12,1.15212
21.79,vehicle.lincoln.mkz2017,3.19,1.15212
21.89,vehicle.lincoln.mkz2017,3.19,1.21409
21.99,vehicle.lincoln.mkz2017,3.19,1.21409
22.09,vehicle.lincoln.mkz2017,3.06,1.21409
22.19,vehicle.lincoln.mkz2017,2.95,1.21409
22.29,vehicle.lincoln.mkz2017,2.96,1.27722
22.39,vehicle.lincoln.mkz2017,2.86,1.27722
22.49,vehicle.lincoln.mkz2017,2.92,1.33571
22.6,vehicle.lincoln.mkz2017,2.99,1.33571
22.7,vehicle.lincoln.mkz2017,3.15,1.31405
22.8,vehicle.lincoln.mkz2017,3.18,1.31405
22.9,vehicle.lincoln.mkz2017,3.21,1.31405
23.0,vehicle.lincoln.mkz2017,3.18,1.28957
23.1,vehicle.lincoln.mkz2017,3.15,1.28957
23.2,vehicle.lincoln.mkz2017,3.13,1.26576
23.3,vehicle.lincoln.mkz2017,3.11,1.26576
23.41,vehicle.lincoln.mkz2017,3.09,1.26576
23.51,vehicle.lincoln.mkz2017,3.15,1.22486
23.61,vehicle.lincoln.mkz2017,3.21,1.22486
23.71,vehicle.lincoln.mkz2017,3.15,1.22486
23.81,vehicle.lincoln.mkz2017,3.25,1.19229
23.91,vehicle.lincoln.mkz2017,3.34,1.19229
24.01,vehicle.lincoln.mkz2017,3.23,1.19229
24.12,vehicle.lincoln.mkz2017,3.25,1.17024
24.22,vehicle.lincoln.mkz2017,3.27,1.17024
24.32,vehicle.lincoln.mkz2017,3.25,1.19039
24.42,vehicle.lincoln.mkz2017,3.23,1.19039
24.52,vehicle.lincoln.mkz2017,3.27,1.14721
24.62,vehicle.lincoln.mkz2017,3.2,1.14721
24.72,vehicle.lincoln.mkz2017,3.26,1.05543
24.83,vehicle.lincoln.mkz2017,3.21,1.05543
24.93,vehicle.lincoln.mkz2017,3.17,1.05543
25.03,vehicle.lincoln.mkz2017,3.21,0.95446
25.13,vehicle.lincoln.mkz2017,3.25,0.95446
25.23,vehicle.lincoln.mkz2017,3.29,0.85993
25.33,vehicle.lincoln.mkz2017,3.32,0.85993
25.44,vehicle.lincoln.mkz2017,3.36,0.85993
25.54,vehicle.lincoln.mkz2017,3.38,0.76352
25.64,vehicle.lincoln.mkz2017,3.41,0.76352
25.74,vehicle.lincoln.mkz2017,3.29,0.76352
25.84,vehicle.lincoln.mkz2017,3.18,0.76352
25.94,vehicle.lincoln.mkz2017,3.29,0.67814
26.04,vehicle.lincoln.mkz2017,3.24,0.67814
26.14,vehicle.lincoln.mkz2017,3.2,0.67814
26.25,vehicle.lincoln.mkz2017,3.25,0.67814
26.35,vehicle.lincoln.mkz2017,3.29,0.67814
26.45,vehicle.lincoln.mkz2017,3.3,0.50844
26.55,vehicle.lincoln.mkz2017,3.3,0.50844
26.65,vehicle.lincoln.mkz2017,3.4,0.31899
26.75,vehicle.lincoln.mkz2017,3.41,0.31899
26.85,vehicle.lincoln.mkz2017,3.42,0.31899
26.96,vehicle.lincoln.mkz2017,3.48,-0.06351
27.06,vehicle.lincoln.mkz2017,3.53,-0.06351
27.16,vehicle.lincoln.mkz2017,3.55,-0.21603
27.26,vehicle.lincoln.mkz2017,3.58,-0.21603
27.36,vehicle.lincoln.mkz2017,3.6,-0.21603
27.46,vehicle.lincoln.mkz2017,3.56,-0.47781
27.56,vehicle.lincoln.mkz2017,3.52,-0.47781
27.66,vehicle.lincoln.mkz2017,3.4,-0.47781
27.76,vehicle.lincoln.mkz2017,3.44,-0.66837
27.87,vehicle.lincoln.mkz2017,3.48,-0.66837
27.97,vehicle.lincoln.mkz2017,3.38,-0.66837
28.07,vehicle.lincoln.mkz2017,3.42,-0.66837
28.17,vehicle.lincoln.mkz2017,3.46,-0.66837
28.27,vehicle.lincoln.mkz2017,3.51,-0.66837
28.37,vehicle.lincoln.mkz2017,3.55,-0.66837
28.47,vehicle.lincoln.mkz2017,3.59,-0.66837
28.57,vehicle.lincoln.mkz2017,3.62,-0.6684
28.67,vehicle.lincoln.mkz2017,3.64,-0.6684
28.78,vehicle.lincoln.mkz2017,3.5,-0.6684
28.88,vehicle.lincoln.mkz2017,3.48,-0.66837
28.98,vehicle.lincoln.mkz2017,3.46,-0.66837
29.08,vehicle.lincoln.mkz2017,3.51,-0.66141
29.18,vehicle.lincoln.mkz2017,3.55,-0.66141
29.28,vehicle.lincoln.mkz2017,3.6,-0.66141
29.38,vehicle.lincoln.mkz2017,3.63,-0.59558
29.48,vehicle.lincoln.mkz2017,3.67,-0.59558
29.58,vehicle.lincoln.mkz2017,3.61,-0.52371
29.69,vehicle.lincoln.mkz2017,3.56,-0.52371
29.79,vehicle.lincoln.mkz2017,3.52,-0.52371
29.89,vehicle.lincoln.mkz2017,3.37,-0.52371
29.99,vehicle.lincoln.mkz2017,3.35,-0.44769
30.09,vehicle.lincoln.mkz2017,3.22,-0.44769
30.19,vehicle.lincoln.mkz2017,3.28,-0.33456
30.29,vehicle.lincoln.mkz2017,3.34,-0.33456
30.39,vehicle.lincoln.mkz2017,3.39,-0.33456
30.5,vehicle.lincoln.mkz2017,3.46,-0.24496
30.6,vehicle.lincoln.mkz2017,3.52,-0.24496
30.7,vehicle.lincoln.mkz2017,3.53,-0.20572
30.8,vehicle.lincoln.mkz2017,3.53,-0.20572
30.9,vehicle.lincoln.mkz2017,3.54,-0.20572
31.0,vehicle.lincoln.mkz2017,3.4,-0.20572
31.1,vehicle.lincoln.mkz2017,3.4,-0.20572
31.21,vehicle.lincoln.mkz2017,3.28,-0.20572
31.31,vehicle.lincoln.mkz2017,3.32,-0.20572
31.41,vehicle.lincoln.mkz2017,3.35,-0.20572
31.51,vehicle.lincoln.mkz2017,3.38,-0.20572
31.61,vehicle.lincoln.mkz2017,3.41,-0.20572
31.71,vehicle.lincoln.mkz2017,3.43,-0.20572
31.81,vehicle.lincoln.mkz2017,3.45,-0.20572
31.91,vehicle.lincoln.mkz2017,3.46,-0.20572
32.02,vehicle.lincoln.mkz2017,3.47,-0.20572
32.12,vehicle.lincoln.mkz2017,3.35,-0.20572
32.22,vehicle.lincoln.mkz2017,3.38,-0.20572
32.32,vehicle.lincoln.mkz2017,3.26,-0.20572
32.42,vehicle.lincoln.mkz2017,3.32,-0.32089
32.52,vehicle.lincoln.mkz2017,3.38,-0.32089
32.62,vehicle.lincoln.mkz2017,3.57,-1.1744
32.73,vehicle.lincoln.mkz2017,3.61,-1.1744
32.83,vehicle.lincoln.mkz2017,3.65,-1.1744
32.93,vehicle.lincoln.mkz2017,3.62,-1.85266
33.03,vehicle.lincoln.mkz2017,3.58,-1.85266
33.13,vehicle.lincoln.mkz2017,3.42,-1.85266
33.23,vehicle.lincoln.mkz2017,3.39,-2.58993
33.33,vehicle.lincoln.mkz2017,3.35,-2.58993
33.43,vehicle.lincoln.mkz2017,3.22,-2.58993
33.54,vehicle.lincoln.mkz2017,3.24,-3.55884
33.64,vehicle.lincoln.mkz2017,3.27,-3.55884
33.74,vehicle.lincoln.mkz2017,3.28,-4.20495
33.84,vehicle.lincoln.mkz2017,3.28,-4.20495
33.94,vehicle.lincoln.mkz2017,3.29,-4.20495
34.04,vehicle.lincoln.mkz2017,3.32,-4.92413
34.14,vehicle.lincoln.mkz2017,3.35,-4.92413
34.24,vehicle.lincoln.mkz2017,3.27,-4.92413
34.35,vehicle.lincoln.mkz2017,3.33,-4.92413
34.45,vehicle.lincoln.mkz2017,3.38,-4.92413
34.55,vehicle.lincoln.mkz2017,3.26,-4.92413
34.65,vehicle.lincoln.mkz2017,3.32,-4.92413
34.75,vehicle.lincoln.mkz2017,3.38,-4.92413
34.85,vehicle.lincoln.mkz2017,3.42,-4.92413
34.95,vehicle.lincoln.mkz2017,3.47,-4.92413
35.06,vehicle.lincoln.mkz2017,3.63,-4.92413
35.16,vehicle.lincoln.mkz2017,3.61,-4.92413
35.26,vehicle.lincoln.mkz2017,3.58,-4.92413
35.36,vehicle.lincoln.mkz2017,3.44,-4.92413
35.46,vehicle.lincoln.mkz2017,3.4,-4.92413
35.56,vehicle.lincoln.mkz2017,3.24,-4.92413
35.66,vehicle.lincoln.mkz2017,3.21,-4.92413
35.76,vehicle.lincoln.mkz2017,3.19,-4.92413
35.86,vehicle.lincoln.mkz2017,3.17,-4.92413
35.97,vehicle.lincoln.mkz2017,3.24,-4.92413
36.07,vehicle.lincoln.mkz2017,3.31,-4.92413
36.17,vehicle.lincoln.mkz2017,3.35,-4.92413
36.27,vehicle.lincoln.mkz2017,3.38,-4.92413
36.37,vehicle.lincoln.mkz2017,3.41,-4.92413
36.47,vehicle.lincoln.mkz2017,3.25,-4.92413
36.57,vehicle.lincoln.mkz2017,3.28,-4.92413
36.67,vehicle.lincoln.mkz2017,3.21,-4.92413
36.78,vehicle.lincoln.mkz2017,3.28,-4.92413
36.88,vehicle.lincoln.mkz2017,3.35,-4.92413
36.98,vehicle.lincoln.mkz2017,3.54,-4.92413
37.08,vehicle.lincoln.mkz2017,3.55,-4.92413
37.18,vehicle.lincoln.mkz2017,3.56,-4.92413
37.28,vehicle.lincoln.mkz2017,3.57,-4.92413
37.38,vehicle.lincoln.mkz2017,3.57,-4.92413
37.48,vehicle.lincoln.mkz2017,3.45,-4.92413
37.58,vehicle.lincoln.mkz2017,3.47,-4.92413
37.69,vehicle.lincoln.mkz2017,3.48,-4.92413
37.79,vehicle.lincoln.mkz2017,3.35,-4.92413
37.89,vehicle.lincoln.mkz2017,3.41,-4.92413
37.99,vehicle.lincoln.mkz2017,3.46,-4.92413
38.09,vehicle.lincoln.mkz2017,3.51,-4.92413
38.19,vehicle.lincoln.mkz2017,3.55,-4.92413
38.29,vehicle.lincoln.mkz2017,3.59,-4.92413
38.39,vehicle.lincoln.mkz2017,3.55,-4.92413
38.5,vehicle.lincoln.mkz2017,3.52,-4.92413
38.6,vehicle.lincoln.mkz2017,3.35,-4.92413
38.7,vehicle.lincoln.mkz2017,3.36,-4.92413
38.8,vehicle.lincoln.mkz2017,3.37,-4.92413
38.9,vehicle.lincoln.mkz2017,3.28,-4.92413
39.0,vehicle.lincoln.mkz2017,3.36,-4.92413
39.1,vehicle.lincoln.mkz2017,3.42,-4.92413
39.2,vehicle.lincoln.mkz2017,3.44,-4.92413
39.31,vehicle.lincoln.mkz2017,3.46,-4.92413
39.41,vehicle.lincoln.mkz2017,3.6,-4.72241
39.51,vehicle.lincoln.mkz2017,3.58,-4.72241
39.61,vehicle.lincoln.mkz2017,3.56,-4.72241
39.71,vehicle.lincoln.mkz2017,3.49,-4.5141
39.81,vehicle.lincoln.mkz2017,3.44,-4.5141
39.91,vehicle.lincoln.mkz2017,3.46,-4.06576
40.01,vehicle.lincoln.mkz2017,3.48,-4.06576
40.12,vehicle.lincoln.mkz2017,3.49,-4.06576
40.22,vehicle.lincoln.mkz2017,3.54,-3.67578
40.32,vehicle.lincoln.mkz2017,3.58,-3.67578
40.42,vehicle.lincoln.mkz2017,3.54,-3.36697
40.52,vehicle.lincoln.mkz2017,3.5,-3.36697
40.62,vehicle.lincoln.mkz2017,3.46,-3.36697
40.72,vehicle.lincoln.mkz2017,3.32,-3.36697
40.83,vehicle.lincoln.mkz2017,3.27,-3.0639
40.93,vehicle.lincoln.mkz2017,3.1,-3.0639
41.03,vehicle.lincoln.mkz2017,3.11,-2.56543
41.13,vehicle.lincoln.mkz2017,3.12,-2.56543
41.23,vehicle.lincoln.mkz2017,3.13,-2.56543
41.33,vehicle.lincoln.mkz2017,3.16,-2.56543
41.43,vehicle.lincoln.mkz2017,3.19,-2.56543
41.53,vehicle.lincoln.mkz2017,3.18,-2.56543
41.64,vehicle.lincoln.mkz2017,3.16,-2.56543
41.74,vehicle.lincoln.mkz2017,3.15,-2.56543
41.84,vehicle.lincoln.mkz2017,3.04,-2.56543
41.94,vehicle.lincoln.mkz2017,3.06,-2.56543
42.04,vehicle.lincoln.mkz2017,2.95,-2.56543
42.14,vehicle.lincoln.mkz2017,3.0,-2.56543
42.24,vehicle.lincoln.mkz2017,3.05,-2.56543
42.34,vehicle.lincoln.mkz2017,3.19,-2.56543
42.45,vehicle.lincoln.mkz2017,3.2,-2.56543
42.55,vehicle.lincoln.mkz2017,3.2,-2.56543
42.65,vehicle.lincoln.mkz2017,3.18,-2.56543
42.75,vehicle.lincoln.mkz2017,3.16,-2.56543
42.85,vehicle.lincoln.mkz2017,3.05,-2.56543
42.95,vehicle.lincoln.mkz2017,3.06,-2.56543
43.05,vehicle.lincoln.mkz2017,3.07,-2.56543
43.16,vehicle.lincoln.mkz2017,2.96,-2.56543
43.26,vehicle.lincoln.mkz2017,3.0,-2.56543
43.36,vehicle.lincoln.mkz2017,3.04,-2.56543
43.46,vehicle.lincoln.mkz2017,3.07,-2.56543
43.56,vehicle.lincoln.mkz2017,3.11,-2.56543
43.66,vehicle.lincoln.mkz2017,3.23,-2.56543
43.76,vehicle.lincoln.mkz2017,3.2,-2.56543
43.86,vehicle.lincoln.mkz2017,3.17,-2.56543
43.97,vehicle.lincoln.mkz2017,3.02,-2.56543
44.07,vehicle.lincoln.mkz2017,2.98,-2.56543
44.17,vehicle.lincoln.mkz2017,2.85,-2.56543
44.27,vehicle.lincoln.mkz2017,2.87,-2.56543
44.37,vehicle.lincoln.mkz2017,2.89,-2.56543
44.47,vehicle.lincoln.mkz2017,2.9,-2.56543
44.57,vehicle.lincoln.mkz2017,2.95,-2.56543
44.67,vehicle.lincoln.mkz2017,2.99,-2.56543
44.78,vehicle.lincoln.mkz2017,3.0,-2.56543
44.88,vehicle.lincoln.mkz2017,3.0,-2.56543
44.98,vehicle.lincoln.mkz2017,3.01,-2.56543
45.08,vehicle.lincoln.mkz2017,2.89,-2.56543
45.18,vehicle.lincoln.mkz2017,2.86,-2.56543
45.28,vehicle.lincoln.mkz2017,2.72,-2.56543
45.38,vehicle.lincoln.mkz2017,2.77,-2.56543
45.48,vehicle.lincoln.mkz2017,2.81,-2.56543
45.58,vehicle.lincoln.mkz2017,2.96,-2.56543
45.69,vehicle.lincoln.mkz2017,3.02,-2.56543
45.79,vehicle.lincoln.mkz2017,3.07,-2.56543
45.89,vehicle.lincoln.mkz2017,3.03,-2.56543
45.99,vehicle.lincoln.mkz2017,2.99,-2.56543
46.09,vehicle.lincoln.mkz2017,2.85,-2.56543
46.19,vehicle.lincoln.mkz2017,2.84,-2.56543
46.29,vehicle.lincoln.mkz2017,2.83,-2.56543
46.39,vehicle.lincoln.mkz2017,2.73,-2.56543
46.5,vehicle.lincoln.mkz2017,2.77,-2.56543
46.6,vehicle.lincoln.mkz2017,2.8,-2.56543
46.7,vehicle.lincoln.mkz2017,2.83,-2.56543
46.8,vehicle.lincoln.mkz2017,2.86,-2.56543
46.9,vehicle.lincoln.mkz2017,2.99,-2.56543
47.0,vehicle.lincoln.mkz2017,2.98,-2.56543
47.1,vehicle.lincoln.mkz2017,2.97,-2.56543
47.2,vehicle.lincoln.mkz2017,2.85,-2.56543
47.31,vehicle.lincoln.mkz2017,2.83,-2.56543
47.41,vehicle.lincoln.mkz2017,2.71,-2.56543
47.51,vehicle.lincoln.mkz2017,2.76,-2.56543
47.61,vehicle.lincoln.mkz2017,2.8,-2.56543
47.71,vehicle.lincoln.mkz2017,2.85,-2.56543
47.81,vehicle.lincoln.mkz2017,2.87,-2.56543
47.91,vehicle.lincoln.mkz2017,2.89,-2.56543
48.01,vehicle.lincoln.mkz2017,2.74,-2.56543
48.12,vehicle.lincoln.mkz2017,2.72,-2.56543
48.22,vehicle.lincoln.mkz2017,2.7,-2.56543
48.32,vehicle.lincoln.mkz2017,2.61,-2.56543
48.42,vehicle.lincoln.mkz2017,2.65,-2.56543
48.52,vehicle.lincoln.mkz2017,2.69,-2.56543
48.62,vehicle.lincoln.mkz2017,2.61,-2.56543
48.72,vehicle.lincoln.mkz2017,2.65,-2.56543
48.83,vehicle.lincoln.mkz2017,2.69,-2.56543
48.93,vehicle.lincoln.mkz2017,2.72,-2.56543
49.03,vehicle.lincoln.mkz2017,2.75,-2.56543
49.13,vehicle.lincoln.mkz2017,2.87,-2.56543
49.23,vehicle.lincoln.mkz2017,2.88,-2.56543
49.34,vehicle.lincoln.mkz2017,2.88,-2.56543
49.44,vehicle.lincoln.mkz2017,2.76,-2.56543
49.54,vehicle.lincoln.mkz2017,2.74,-2.56543
49.64,vehicle.lincoln.mkz2017,2.63,-2.56543
49.74,vehicle.lincoln.mkz2017,2.67,-2.61054
49.84,vehicle.lincoln.mkz2017,2.7,-2.61054
49.94,vehicle.lincoln.mkz2017,2.84,-2.75488
50.04,vehicle.lincoln.mkz2017,2.87,-2.75488
50.15,vehicle.lincoln.mkz2017,2.89,-2.75488
50.25,vehicle.lincoln.mkz2017,2.88,-2.88132
50.35,vehicle.lincoln.mkz2017,2.86,-2.88132
50.45,vehicle.lincoln.mkz2017,2.86,-3.0379
50.55,vehicle.lincoln.mkz2017,2.85,-3.0379
50.65,vehicle.lincoln.mkz2017,2.85,-3.0379
50.75,vehicle.lincoln.mkz2017,2.75,-3.0379
50.85,vehicle.lincoln.mkz2017,2.76,-3.18039
50.96,vehicle.lincoln.mkz2017,2.66,-3.18039
51.06,vehicle.lincoln.mkz2017,2.69,-3.35107
51.16,vehicle.lincoln.mkz2017,2.72,-3.35107
51.26,vehicle.lincoln.mkz2017,2.75,-3.35107
51.36,vehicle.lincoln.mkz2017,2.79,-3.52063
51.46,vehicle.lincoln.mkz2017,2.84,-3.52063
51.56,vehicle.lincoln.mkz2017,2.75,-3.52063
51.66,vehicle.lincoln.mkz2017,2.67,-3.52063
51.77,vehicle.lincoln.mkz2017,2.7,-3.56656
51.87,vehicle.lincoln.mkz2017,2.6,-3.56656
51.97,vehicle.lincoln.mkz2017,2.67,-3.56656
52.07,vehicle.lincoln.mkz2017,2.74,-3.56656
52.17,vehicle.lincoln.mkz2017,2.91,-3.56656
52.27,vehicle.lincoln.mkz2017,2.96,-3.56656
52.37,vehicle.lincoln.mkz2017,3.08,-3.56656
52.47,vehicle.lincoln.mkz2017,3.03,-3.56656
52.58,vehicle.lincoln.mkz2017,2.98,-3.56656
52.68,vehicle.lincoln.mkz2017,2.83,-3.56656
52.78,vehicle.lincoln.mkz2017,2.8,-3.56656
52.88,vehicle.lincoln.mkz2017,2.69,-3.56656
52.98,vehicle.lincoln.mkz2017,2.73,-3.56656
53.08,vehicle.lincoln.mkz2017,2.75,-3.56656
53.18,vehicle.lincoln.mkz2017,2.78,-3.56656
53.29,vehicle.lincoln.mkz2017,2.79,-3.56656
53.39,vehicle.lincoln.mkz2017,2.8,-3.56656
53.49,vehicle.lincoln.mkz2017,2.8,-3.56656
53.59,vehicle.lincoln.mkz2017,2.8,-3.56656
53.69,vehicle.lincoln.mkz2017,2.87,-3.56656
53.79,vehicle.lincoln.mkz2017,2.85,-3.56656
53.89,vehicle.lincoln.mkz2017,2.83,-3.56656
53.99,vehicle.lincoln.mkz2017,2.84,-3.56656
54.1,vehicle.lincoln.mkz2017,2.85,-3.56656
54.2,vehicle.lincoln.mkz2017,2.88,-3.56656
54.3,vehicle.lincoln.mkz2017,2.91,-3.56656
54.4,vehicle.lincoln.mkz2017,2.94,-3.56656
54.5,vehicle.lincoln.mkz2017,2.92,-3.56656
54.6,vehicle.lincoln.mkz2017,2.91,-3.56656
54.7,vehicle.lincoln.mkz2017,2.8,-3.56656
54.8,vehicle.lincoln.mkz2017,2.8,-3.56656
54.9,vehicle.lincoln.mkz2017,2.8,-3.56656
55.01,vehicle.lincoln.mkz2017,2.69,-3.56656
55.11,vehicle.lincoln.mkz2017,2.75,-3.56656
55.21,vehicle.lincoln.mkz2017,2.8,-3.56656
55.31,vehicle.lincoln.mkz2017,2.84,-3.56656
55.41,vehicle.lincoln.mkz2017,2.87,-3.56656
55.51,vehicle.lincoln.mkz2017,2.91,-3.56656
55.61,vehicle.lincoln.mkz2017,2.78,-3.56656
55.71,vehicle.lincoln.mkz2017,2.78,-3.52557
55.82,vehicle.lincoln.mkz2017,2.68,-3.52557
55.92,vehicle.lincoln.mkz2017,2.7,-3.36352
56.02,vehicle.lincoln.mkz2017,2.72,-3.36352
56.12,vehicle.lincoln.mkz2017,2.74,-3.36352
56.22,vehicle.lincoln.mkz2017,2.77,-3.16824
56.32,vehicle.lincoln.mkz2017,2.8,-3.16824
56.42,vehicle.lincoln.mkz2017,2.72,-3.16824
56.52,vehicle.lincoln.mkz2017,2.76,-2.98571
56.63,vehicle.lincoln.mkz2017,2.8,-2.98571
56.73,vehicle.lincoln.mkz2017,2.8,-2.81847
56.83,vehicle.lincoln.mkz2017,2.8,-2.81847
56.93,vehicle.lincoln.mkz2017,2.81,-2.81847
57.03,vehicle.lincoln.mkz2017,2.77,-2.67429
57.13,vehicle.lincoln.mkz2017,2.73,-2.67429
57.23,vehicle.lincoln.mkz2017,2.6,-2.67429
57.33,vehicle.lincoln.mkz2017,2.62,-2.53051
57.44,vehicle.lincoln.mkz2017,2.65,-2.53051
57.54,vehicle.lincoln.mkz2017,2.72,-2.23926
57.64,vehicle.lincoln.mkz2017,2.79,-2.23926
57.74,vehicle.lincoln.mkz2017,2.85,-2.23926
57.84,vehicle.lincoln.mkz2017,2.86,-2.23926
57.94,vehicle.lincoln.mkz2017,2.86,-2.23926
58.04,vehicle.lincoln.mkz2017,2.74,-2.23926
58.14,vehicle.lincoln.mkz2017,2.74,-2.23926
58.24,vehicle.lincoln.mkz2017,2.73,-2.23926
58.35,vehicle.lincoln.mkz2017,2.63,-2.23926
58.45,vehicle.lincoln.mkz2017,2.68,-2.23926
58.55,vehicle.lincoln.mkz2017,2.72,-2.23926
58.65,vehicle.lincoln.mkz2017,2.75,-2.23926
58.75,vehicle.lincoln.mkz2017,2.78,-2.23926
58.85,vehicle.lincoln.mkz2017,2.8,-2.23926
58.95,vehicle.lincoln.mkz2017,2.76,-2.23926
59.05,vehicle.lincoln.mkz2017,2.72,-2.23926
59.16,vehicle.lincoln.mkz2017,2.59,-2.23926
59.26,vehicle.lincoln.mkz2017,2.58,-2.23926
59.36,vehicle.lincoln.mkz2017,2.58,-2.23926
59.46,vehicle.lincoln.mkz2017,2.5,-2.23926
59.56,vehicle.lincoln.mkz2017,2.54,-2.23926
59.66,vehicle.lincoln.mkz2017,2.59,-2.23926
59.76,vehicle.lincoln.mkz2017,2.62,-2.23926
59.87,vehicle.lincoln.mkz2017,2.65,-2.23926
59.97,vehicle.lincoln.mkz2017,2.68,-2.23926
60.07,vehicle.lincoln.mkz2017,2.66,-2.23926
60.17,vehicle.lincoln.mkz2017,2.64,-2.23926
60.27,vehicle.lincoln.mkz2017,2.52,-2.23926
60.38,vehicle.lincoln.mkz2017,2.52,-2.23926
60.48,vehicle.lincoln.mkz2017,2.52,-2.23926
60.58,vehicle.lincoln.mkz2017,2.57,-2.23926
60.68,vehicle.lincoln.mkz2017,2.62,-2.23926
60.78,vehicle.lincoln.mkz2017,2.67,-2.23926
60.88,vehicle.lincoln.mkz2017,2.69,-2.23926
60.98,vehicle.lincoln.mkz2017,2.71,-2.23926
61.08,vehicle.lincoln.mkz2017,2.67,-2.23926
61.19,vehicle.lincoln.mkz2017,2.64,-2.23926
61.29,vehicle.lincoln.mkz2017,2.61,-2.23926
61.39,vehicle.lincoln.mkz2017,2.5,-2.23926
61.49,vehicle.lincoln.mkz2017,2.51,-2.23926
61.59,vehicle.lincoln.mkz2017,2.43,-2.23926
61.69,vehicle.lincoln.mkz2017,2.36,-2.23926
61.79,vehicle.lincoln.mkz2017,2.44,-2.23926
61.89,vehicle.lincoln.mkz2017,2.51,-2.23926
62.0,vehicle.lincoln.mkz2017,2.56,-2.23926
62.1,vehicle.lincoln.mkz2017,2.61,-2.23926
62.2,vehicle.lincoln.mkz2017,2.78,-2.23926
62.3,vehicle.lincoln.mkz2017,2.8,-2.23926
62.4,vehicle.lincoln.mkz2017,2.81,-2.23926
62.5,vehicle.lincoln.mkz2017,2.73,-2.23926
62.6,vehicle.lincoln.mkz2017,2.71,-2.23926
62.7,vehicle.lincoln.mkz2017,2.57,-2.23926
62.8,vehicle.lincoln.mkz2017,2.61,-2.23926
62.91,vehicle.lincoln.mkz2017,2.65,-2.23926
63.01,vehicle.lincoln.mkz2017,2.69,-2.23926
63.11,vehicle.lincoln.mkz2017,2.75,-2.23926
63.21,vehicle.lincoln.mkz2017,2.8,-2.23926
63.31,vehicle.lincoln.mkz2017,2.79,-2.23926
63.41,vehicle.lincoln.mkz2017,2.78,-2.23926
63.51,vehicle.lincoln.mkz2017,2.77,-2.23926
63.62,vehicle.lincoln.mkz2017,2.67,-2.23926
63.72,vehicle.lincoln.mkz2017,2.68,-2.23926
63.82,vehicle.lincoln.mkz2017,2.57,-2.23926
63.92,vehicle.lincoln.mkz2017,2.48,-2.23926
64.02,vehicle.lincoln.mkz2017,2.54,-2.23926
64.12,vehicle.lincoln.mkz2017,2.6,-2.23926
64.22,vehicle.lincoln.mkz2017,2.68,-2.23926
64.32,vehicle.lincoln.mkz2017,2.76,-2.23926
64.43,vehicle.lincoln.mkz2017,2.91,-2.23926
64.53,vehicle.lincoln.mkz2017,2.91,-2.23926
64.63,vehicle.lincoln.mkz2017,2.9,-2.23926
64.73,vehicle.lincoln.mkz2017,2.86,-2.23926
64.83,vehicle.lincoln.mkz2017,2.81,-2.23926
64.93,vehicle.lincoln.mkz2017,2.82,-2.23926
65.03,vehicle.lincoln.mkz2017,2.82,-2.23926
65.13,vehicle.lincoln.mkz2017,2.95,-2.23926
65.24,vehicle.lincoln.mkz2017,2.98,-2.23926
65.34,vehicle.lincoln.mkz2017,3.01,-2.23926
65.44,vehicle.lincoln.mkz2017,3.01,-2.23926
65.54,vehicle.lincoln.mkz2017,3.01,-2.23926
65.64,vehicle.lincoln.mkz2017,2.89,-2.23926
65.74,vehicle.lincoln.mkz2017,2.78,-2.23926
65.84,vehicle.lincoln.mkz2017,2.75,-2.23926
65.94,vehicle.lincoln.mkz2017,2.61,-2.23926
66.05,vehicle.lincoln.mkz2017,2.63,-2.23926
66.15,vehicle.lincoln.mkz2017,2.66,-2.23926
66.25,vehicle.lincoln.mkz2017,2.68,-2.23926
66.35,vehicle.lincoln.mkz2017,2.7,-2.23926
66.45,vehicle.lincoln.mkz2017,2.72,-2.23926
66.55,vehicle.lincoln.mkz2017,2.7,-2.23437
66.66,vehicle.lincoln.mkz2017,2.68,-2.23437
66.76,vehicle.lincoln.mkz2017,2.66,-2.23437
66.86,vehicle.lincoln.mkz2017,2.56,-2.23437
66.96,vehicle.lincoln.mkz2017,2.59,-2.1853
67.06,vehicle.lincoln.mkz2017,2.51,-2.1853
67.16,vehicle.lincoln.mkz2017,2.55,-2.14169
67.26,vehicle.lincoln.mkz2017,2.58,-2.14169
67.36,vehicle.lincoln.mkz2017,2.74,-2.08785
67.47,vehicle.lincoln.mkz2017,2.77,-2.08785
67.57,vehicle.lincoln.mkz2017,2.8,-2.08785
67.67,vehicle.lincoln.mkz2017,2.8,-2.05368
67.77,vehicle.lincoln.mkz2017,2.8,-2.05368
67.87,vehicle.lincoln.mkz2017,2.67,-2.05368
67.97,vehicle.lincoln.mkz2017,2.67,-2.00723
68.07,vehicle.lincoln.mkz2017,2.66,-2.00723
68.17,vehicle.lincoln.mkz2017,2.57,-2.00723
68.28,vehicle.lincoln.mkz2017,2.62,-1.95184
68.38,vehicle.lincoln.mkz2017,2.67,-1.95184
68.48,vehicle.lincoln.mkz2017,2.7,-1.93228
68.58,vehicle.lincoln.mkz2017,2.73,-1.93228
68.68,vehicle.lincoln.mkz2017,2.76,-1.93228
68.78,vehicle.lincoln.mkz2017,2.75,-1.93228
68.88,vehicle.lincoln.mkz2017,2.75,-1.93228
68.98,vehicle.lincoln.mkz2017,2.71,-1.93228
69.09,vehicle.lincoln.mkz2017,2.68,-1.93228
69.19,vehicle.lincoln.mkz2017,2.65,-1.93228
69.29,vehicle.lincoln.mkz2017,2.53,-1.93228
69.39,vehicle.lincoln.mkz2017,2.53,-1.93228
69.49,vehicle.lincoln.mkz2017,2.46,-1.93228
69.59,vehicle.lincoln.mkz2017,2.5,-1.93087
69.69,vehicle.lincoln.mkz2017,2.53,-1.93087
69.79,vehicle.lincoln.mkz2017,2.57,-1.93087
69.9,vehicle.lincoln.mkz2017,2.57,-1.89099
70.0,vehicle.lincoln.mkz2017,2.58,-1.89099
70.1,vehicle.lincoln.mkz2017,2.57,-1.8475
70.2,vehicle.lincoln.mkz2017,2.57,-1.8475
70.3,vehicle.lincoln.mkz2017,2.56,-1.8475
70.4,vehicle.lincoln.mkz2017,2.57,-1.80151
70.5,vehicle.lincoln.mkz2017,2.58,-1.80151
70.6,vehicle.lincoln.mkz2017,2.59,-1.75836
70.71,vehicle.lincoln.mkz2017,2.59,-1.75836
70.81,vehicle.lincoln.mkz2017,2.69,-1.67138
70.91,vehicle.lincoln.mkz2017,2.69,-1.67138
71.01,vehicle.lincoln.mkz2017,2.68,-1.67138
71.11,vehicle.lincoln.mkz2017,2.58,-1.67138
71.21,vehicle.lincoln.mkz2017,2.54,-1.63085
71.31,vehicle.lincoln.mkz2017,2.41,-1.63085
71.41,vehicle.lincoln.mkz2017,2.39,-1.54824
71.52,vehicle.lincoln.mkz2017,2.37,-1.54824
71.62,vehicle.lincoln.mkz2017,2.36,-1.54824
71.72,vehicle.lincoln.mkz2017,2.39,-1.47918
71.82,vehicle.lincoln.mkz2017,2.42,-1.47918
71.92,vehicle.lincoln.mkz2017,2.4,-1.46264
72.02,vehicle.lincoln.mkz2017,2.39,-1.46264
72.12,vehicle.lincoln.mkz2017,2.38,-1.46264
72.23,vehicle.lincoln.mkz2017,2.26,-1.46264
72.33,vehicle.lincoln.mkz2017,2.25,-1.44181
72.43,vehicle.lincoln.mkz2017,2.16,-1.44181
72.53,vehicle.lincoln.mkz2017,2.19,-1.41381
72.63,vehicle.lincoln.mkz2017,2.23,-1.41381
72.73,vehicle.lincoln.mkz2017,2.26,-1.41381
72.83,vehicle.lincoln.mkz2017,2.26,-1.39947
72.93,vehicle.lincoln.mkz2017,2.26,-1.39947
73.04,vehicle.lincoln.mkz2017,2.22,-1.3822
73.14,vehicle.lincoln.mkz2017,2.18,-1.3822
73.24,vehicle.lincoln.mkz2017,2.14,-1.3822
73.34,vehicle.lincoln.mkz2017,2.05,-1.3822
73.44,vehicle.lincoln.mkz2017,2.04,-1.3743
73.54,vehicle.lincoln.mkz2017,1.96,-1.3743
73.64,vehicle.lincoln.mkz2017,1.96,-1.3743
73.74,vehicle.lincoln.mkz2017,1.97,-1.3743
73.85,vehicle.lincoln.mkz2017,1.98,-1.3743
73.95,vehicle.lincoln.mkz2017,1.98,-1.3743
74.05,vehicle.lincoln.mkz2017,1.99,-1.3743
74.15,vehicle.lincoln.mkz2017,1.98,-1.3743
74.25,vehicle.lincoln.mkz2017,1.97,-1.3743
74.35,vehicle.lincoln.mkz2017,1.96,-1.3743
74.45,vehicle.lincoln.mkz2017,1.95,-1.3743
74.55,vehicle.lincoln.mkz2017,1.93,-1.3743
74.66,vehicle.lincoln.mkz2017,1.85,-1.3743
74.76,vehicle.lincoln.mkz2017,1.84,-1.3743
74.86,vehicle.lincoln.mkz2017,1.83,-1.3743
74.96,vehicle.lincoln.mkz2017,1.8,-1.3743
75.06,vehicle.lincoln.mkz2017,1.76,-1.3743
75.16,vehicle.lincoln.mkz2017,1.73,-1.3743
75.26,vehicle.lincoln.mkz2017,1.73,-1.3743
75.37,vehicle.lincoln.mkz2017,1.73,-1.3743
75.47,vehicle.lincoln.mkz2017,1.75,-1.3743
75.57,vehicle.lincoln.mkz2017,1.76,-1.3743
75.67,vehicle.lincoln.mkz2017,1.77,-1.3743
75.77,vehicle.lincoln.mkz2017,1.77,-1.3743
75.87,vehicle.lincoln.mkz2017,1.76,-1.3743
75.97,vehicle.lincoln.mkz2017,1.76,-1.3743
76.07,vehicle.lincoln.mkz2017,1.76,-1.3743
76.18,vehicle.lincoln.mkz2017,1.76,-1.3743
76.28,vehicle.lincoln.mkz2017,1.69,-1.3743
76.38,vehicle.lincoln.mkz2017,1.69,-1.37024
76.48,vehicle.lincoln.mkz2017,1.63,-1.37024
76.58,vehicle.lincoln.mkz2017,1.62,-1.36194
76.68,vehicle.lincoln.mkz2017,1.61,-1.36194
76.78,vehicle.lincoln.mkz2017,1.67,-1.35116
76.88,vehicle.lincoln.mkz2017,1.65,-1.35116
76.99,vehicle.lincoln.mkz2017,1.64,-1.35116
77.09,vehicle.lincoln.mkz2017,1.62,-1.34225
77.19,vehicle.lincoln.mkz2017,1.61,-1.34225
77.29,vehicle.lincoln.mkz2017,1.6,-1.3315
77.39,vehicle.lincoln.mkz2017,1.59,-1.3315
77.49,vehicle.lincoln.mkz2017,1.58,-1.3315
77.59,vehicle.lincoln.mkz2017,1.53,-1.3315
77.69,vehicle.lincoln.mkz2017,1.54,-1.32065
77.8,vehicle.lincoln.mkz2017,1.48,-1.32065
77.9,vehicle.lincoln.mkz2017,1.5,-1.30886
78.0,vehicle.lincoln.mkz2017,1.52,-1.30886
78.1,vehicle.lincoln.mkz2017,1.53,-1.30886
78.2,vehicle.lincoln.mkz2017,1.54,-1.29813
78.3,vehicle.lincoln.mkz2017,1.54,-1.29813
78.41,vehicle.lincoln.mkz2017,1.52,-1.28992
78.51,vehicle.lincoln.mkz2017,1.49,-1.28992
78.61,vehicle.lincoln.mkz2017,1.47,-1.28992
78.71,vehicle.lincoln.mkz2017,1.4,-1.28992
78.81,vehicle.lincoln.mkz2017,1.39,-1.28143
78.91,vehicle.lincoln.mkz2017,1.34,-1.28143
79.01,vehicle.lincoln.mkz2017,1.36,-1.27121
79.11,vehicle.lincoln.mkz2017,1.37,-1.27121
79.22,vehicle.lincoln.mkz2017,1.42,-1.26169
79.32,vehicle.lincoln.mkz2017,1.41,-1.26169
79.42,vehicle.lincoln.mkz2017,1.4,-1.26169
79.52,vehicle.lincoln.mkz2017,1.36,-1.25436
79.62,vehicle.lincoln.mkz2017,1.33,-1.25436
79.72,vehicle.lincoln.mkz2017,1.25,-1.25436
79.82,vehicle.lincoln.mkz2017,1.22,-1.24951
79.92,vehicle.lincoln.mkz2017,1.19,-1.24951
80.03,vehicle.lincoln.mkz2017,1.14,-1.24951
80.13,vehicle.lincoln.mkz2017,1.13,-1.24249
80.23,vehicle.lincoln.mkz2017,1.13,-1.24249
80.33,vehicle.lincoln.mkz2017,1.11,-1.23129
80.43,vehicle.lincoln.mkz2017,1.1,-1.23129
80.53,vehicle.lincoln.mkz2017,1.08,-1.23129
80.63,vehicle.lincoln.mkz2017,1.05,-1.23129
80.74,vehicle.lincoln.mkz2017,1.02,-1.23129
80.84,vehicle.lincoln.mkz2017,0.99,-1.23129
80.94,vehicle.lincoln.mkz2017,0.97,-1.23129
81.04,vehicle.lincoln.mkz2017,0.94,-1.23129
81.14,vehicle.lincoln.mkz2017,0.9,-1.23129
81.24,vehicle.lincoln.mkz2017,0.88,-1.23129
81.34,vehicle.lincoln.mkz2017,0.87,-1.23129
81.45,vehicle.lincoln.mkz2017,0.85,-1.23129
81.55,vehicle.lincoln.mkz2017,0.84,-1.23129
81.65,vehicle.lincoln.mkz2017,0.83,-1.23129
81.75,vehicle.lincoln.mkz2017,0.82,-1.23129
81.85,vehicle.lincoln.mkz2017,0.79,-1.23129
81.95,vehicle.lincoln.mkz2017,0.77,-1.23129
82.06,vehicle.lincoln.mkz2017,0.76,-1.23129
82.16,vehicle.lincoln.mkz2017,0.75,-1.23129
82.26,vehicle.lincoln.mkz2017,0.75,-1.23129
82.36,vehicle.lincoln.mkz2017,0.76,-1.23129
82.46,vehicle.lincoln.mkz2017,0.78,-1.23129
82.56,vehicle.lincoln.mkz2017,0.79,-1.23129
82.66,vehicle.lincoln.mkz2017,0.84,-1.23129
82.76,vehicle.lincoln.mkz2017,0.84,-1.23129
82.87,vehicle.lincoln.mkz2017,0.84,-1.23129
82.97,vehicle.lincoln.mkz2017,0.81,-1.23129
83.07,vehicle.lincoln.mkz2017,0.82,-1.23129
83.17,vehicle.lincoln.mkz2017,0.79,-1.23129
83.27,vehicle.lincoln.mkz2017,0.81,-1.23129
83.38,vehicle.lincoln.mkz2017,0.83,-1.23129
83.48,vehicle.lincoln.mkz2017,0.85,-1.23129
83.58,vehicle.lincoln.mkz2017,0.86,-1.23129
83.68,vehicle.lincoln.mkz2017,0.87,-1.23129
83.78,vehicle.lincoln.mkz2017,0.87,-1.23129
83.88,vehicle.lincoln.mkz2017,0.88,-1.23129
83.98,vehicle.lincoln.mkz2017,0.88,-1.23129
84.09,vehicle.lincoln.mkz2017,0.85,-1.23129
84.19,vehicle.lincoln.mkz2017,0.83,-1.23129
84.29,vehicle.lincoln.mkz2017,0.8,-1.23129
84.39,vehicle.lincoln.mkz2017,0.78,-1.23129
84.49,vehicle.lincoln.mkz2017,0.81,-1.23129
84.59,vehicle.lincoln.mkz2017,0.85,-1.23129
84.69,vehicle.lincoln.mkz2017,0.88,-1.23129
84.79,vehicle.lincoln.mkz2017,0.9,-1.23129
84.89,vehicle.lincoln.mkz2017,0.92,-1.23129
85.0,vehicle.lincoln.mkz2017,0.92,-1.23129
85.1,vehicle.lincoln.mkz2017,0.92,-1.23129
85.2,vehicle.lincoln.mkz2017,0.91,-1.23129
85.3,vehicle.lincoln.mkz2017,0.91,-1.23129
85.4,vehicle.lincoln.mkz2017,0.92,-1.23129
85.5,vehicle.lincoln.mkz2017,0.93,-1.23129
85.6,vehicle.lincoln.mkz2017,0.94,-1.23129
85.7,vehicle.lincoln.mkz2017,0.99,-1.23129
85.81,vehicle.lincoln.mkz2017,1.0,-1.23129
85.91,vehicle.lincoln.mkz2017,1.02,-1.23129
86.01,vehicle.lincoln.mkz2017,1.02,-1.23129
86.11,vehicle.lincoln.mkz2017,1.03,-1.23129
86.21,vehicle.lincoln.mkz2017,1.0,-1.23129
86.31,vehicle.lincoln.mkz2017,1.01,-1.23129
86.41,vehicle.lincoln.mkz2017,1.01,-1.23129
86.51,vehicle.lincoln.mkz2017,0.97,-1.23129
86.62,vehicle.lincoln.mkz2017,0.99,-1.23129
86.72,vehicle.lincoln.mkz2017,1.01,-1.23129
86.82,vehicle.lincoln.mkz2017,0.99,-1.23129
86.92,vehicle.lincoln.mkz2017,1.02,-1.23129
87.02,vehicle.lincoln.mkz2017,1.09,-1.23129
87.12,vehicle.lincoln.mkz2017,1.1,-1.23129
87.22,vehicle.lincoln.mkz2017,1.12,-1.23129
87.32,vehicle.lincoln.mkz2017,1.13,-1.23129
87.43,vehicle.lincoln.mkz2017,1.12,-1.23129
87.53,vehicle.lincoln.mkz2017,1.07,-1.23129
87.63,vehicle.lincoln.mkz2017,1.01,-1.23129
87.73,vehicle.lincoln.mkz2017,1.03,-1.23129
87.83,vehicle.lincoln.mkz2017,1.05,-1.23129
87.93,vehicle.lincoln.mkz2017,1.09,-1.23129
88.03,vehicle.lincoln.mkz2017,1.13,-1.23129
88.13,vehicle.lincoln.mkz2017,1.16,-1.23129
88.24,vehicle.lincoln.mkz2017,1.16,-1.23129
88.34,vehicle.lincoln.mkz2017,1.17,-1.23129
88.44,vehicle.lincoln.mkz2017,1.12,-1.23129
88.54,vehicle.lincoln.mkz2017,1.13,-1.23129
88.64,vehicle.lincoln.mkz2017,1.13,-1.23129
88.74,vehicle.lincoln.mkz2017,1.16,-1.23129
88.84,vehicle.lincoln.mkz2017,1.18,-1.23129
88.95,vehicle.lincoln.mkz2017,1.2,-1.23129
89.05,vehicle.lincoln.mkz2017,1.21,-1.23129
89.15,vehicle.lincoln.mkz2017,1.22,-1.23129
89.25,vehicle.lincoln.mkz2017,1.23,-1.23129
89.35,vehicle.lincoln.mkz2017,1.23,-1.23129
89.45,vehicle.lincoln.mkz2017,1.23,-1.23129
89.55,vehicle.lincoln.mkz2017,1.2,-1.23129
89.65,vehicle.lincoln.mkz2017,1.23,-1.23129
89.76,vehicle.lincoln.mkz2017,1.2,-1.23129
89.86,vehicle.lincoln.mkz2017,1.25,-1.23129
89.96,vehicle.lincoln.mkz2017,1.29,-1.23129
90.06,vehicle.lincoln.mkz2017,1.37,-1.23129
90.16,vehicle.lincoln.mkz2017,1.39,-1.23129
90.26,vehicle.lincoln.mkz2017,1.4,-1.23129
90.36,vehicle.lincoln.mkz2017,1.39,-1.23129
90.46,vehicle.lincoln.mkz2017,1.38,-1.23129
90.57,vehicle.lincoln.mkz2017,1.33,-1.23129
90.67,vehicle.lincoln.mkz2017,1.31,-1.23129
90.77,vehicle.lincoln.mkz2017,1.3,-1.23129
90.87,vehicle.lincoln.mkz2017,1.24,-1.23129
90.97,vehicle.lincoln.mkz2017,1.27,-1.23129
91.07,vehicle.lincoln.mkz2017,1.3,-1.23129
91.17,vehicle.lincoln.mkz2017,1.34,-1.23129
91.28,vehicle.lincoln.mkz2017,1.38,-1.23129
91.38,vehicle.lincoln.mkz2017,1.45,-1.23129
91.48,vehicle.lincoln.mkz2017,1.42,-1.23129
91.58,vehicle.lincoln.mkz2017,1.4,-1.23129
91.68,vehicle.lincoln.mkz2017,1.33,-1.23129
91.78,vehicle.lincoln.mkz2017,1.35,-1.23129
91.88,vehicle.lincoln.mkz2017,1.32,-1.23129
91.98,vehicle.lincoln.mkz2017,1.29,-1.23129
92.09,vehicle.lincoln.mkz2017,1.34,-1.23129
92.19,vehicle.lincoln.mkz2017,1.37,-1.23129
92.29,vehicle.lincoln.mkz2017,1.4,-1.23129
92.39,vehicle.lincoln.mkz2017,1.43,-1.23129
92.49,vehicle.lincoln.mkz2017,1.49,-1.23129
92.59,vehicle.lincoln.mkz2017,1.49,-1.23129
92.69,vehicle.lincoln.mkz2017,1.49,-1.23129
92.79,vehicle.lincoln.mkz2017,1.47,-1.23129
92.9,vehicle.lincoln.mkz2017,1.46,-1.23129
93.0,vehicle.lincoln.mkz2017,1.46,-1.23129
93.1,vehicle.lincoln.mkz2017,1.46,-1.23129
93.2,vehicle.lincoln.mkz2017,1.46,-1.23129
93.3,vehicle.lincoln.mkz2017,1.41,-1.23129
93.4,vehicle.lincoln.mkz2017,1.42,-1.23129
93.5,vehicle.lincoln.mkz2017,1.38,-1.23129
93.6,vehicle.lincoln.mkz2017,1.38,-1.23129
93.71,vehicle.lincoln.mkz2017,1.39,-1.23129
93.81,vehicle.lincoln.mkz2017,1.44,-1.23129
93.91,vehicle.lincoln.mkz2017,1.42,-1.23129
94.01,vehicle.lincoln.mkz2017,1.41,-1.23129
94.11,vehicle.lincoln.mkz2017,1.42,-1.23129
94.21,vehicle.lincoln.mkz2017,1.43,-1.23129
94.31,vehicle.lincoln.mkz2017,1.44,-1.23129
94.41,vehicle.lincoln.mkz2017,1.44,-1.23129
94.52,vehicle.lincoln.mkz2017,1.51,-1.23129
94.62,vehicle.lincoln.mkz2017,1.5,-1.23129
94.72,vehicle.lincoln.mkz2017,1.49,-1.23129
94.82,vehicle.lincoln.mkz2017,1.44,-1.23129
94.92,vehicle.lincoln.mkz2017,1.42,-1.23129
95.02,vehicle.lincoln.mkz2017,1.34,-1.23129
95.12,vehicle.lincoln.mkz2017,1.33,-1.23129
95.22,vehicle.lincoln.mkz2017,1.32,-1.23129
95.33,vehicle.lincoln.mkz2017,1.31,-1.23129
95.43,vehicle.lincoln.mkz2017,1.32,-1.23129
95.53,vehicle.lincoln.mkz2017,1.33,-1.23129
95.63,vehicle.lincoln.mkz2017,1.33,-1.23129
95.73,vehicle.lincoln.mkz2017,1.34,-1.23129
95.83,vehicle.lincoln.mkz2017,1.34,-1.23129
95.93,vehicle.lincoln.mkz2017,1.29,-1.23129
96.03,vehicle.lincoln.mkz2017,1.28,-1.23129
96.14,vehicle.lincoln.mkz2017,1.23,-1.23129
96.24,vehicle.lincoln.mkz2017,1.24,-1.23129
96.34,vehicle.lincoln.mkz2017,1.26,-1.23129
96.44,vehicle.lincoln.mkz2017,1.32,-1.23129
96.54,vehicle.lincoln.mkz2017,1.33,-1.23129
96.64,vehicle.lincoln.mkz2017,1.34,-1.23129
96.74,vehicle.lincoln.mkz2017,1.33,-1.23129
96.84,vehicle.lincoln.mkz2017,1.32,-1.23129
96.95,vehicle.lincoln.mkz2017,1.26,-1.23129
97.05,vehicle.lincoln.mkz2017,1.26,-1.23129
97.15,vehicle.lincoln.mkz2017,1.26,-1.23129
97.25,vehicle.lincoln.mkz2017,1.27,-1.23129
97.35,vehicle.lincoln.mkz2017,1.28,-1.23129
97.45,vehicle.lincoln.mkz2017,1.29,-1.23129
97.55,vehicle.lincoln.mkz2017,1.3,-1.23129
97.65,vehicle.lincoln.mkz2017,1.31,-1.23129
97.76,vehicle.lincoln.mkz2017,1.31,-1.23129
97.86,vehicle.lincoln.mkz2017,1.3,-1.23129
97.96,vehicle.lincoln.mkz2017,1.29,-1.23129
98.06,vehicle.lincoln.mkz2017,1.24,-1.23129
98.16,vehicle.lincoln.mkz2017,1.23,-1.23129
98.26,vehicle.lincoln.mkz2017,1.18,-1.23129
98.36,vehicle.lincoln.mkz2017,1.2,-1.23129
98.46,vehicle.lincoln.mkz2017,1.21,-1.23129
98.57,vehicle.lincoln.mkz2017,1.25,-1.23129
98.67,vehicle.lincoln.mkz2017,1.26,-1.23129
98.77,vehicle.lincoln.mkz2017,1.26,-1.23129
98.87,vehicle.lincoln.mkz2017,1.24,-1.23129
98.97,vehicle.lincoln.mkz2017,1.22,-1.23129
99.08,vehicle.lincoln.mkz2017,1.17,-1.23129
99.18,vehicle.lincoln.mkz2017,1.16,-1.23129
99.28,vehicle.lincoln.mkz2017,1.15,-1.23129
99.38,vehicle.lincoln.mkz2017,1.1,-1.23129
99.48,vehicle.lincoln.mkz2017,1.14,-1.23129
99.58,vehicle.lincoln.mkz2017,1.17,-1.23129
99.68,vehicle.lincoln.mkz2017,1.2,-1.23129
99.79,vehicle.lincoln.mkz2017,1.24,-1.23129
99.89,vehicle.lincoln.mkz2017,1.31,-1.23129
99.99,vehicle.lincoln.mkz2017,1.31,-1.23129
100.09,vehicle.lincoln.mkz2017,1.3,-1.23129
100.19,vehicle.lincoln.mkz2017,1.25,-1.23129
100.29,vehicle.lincoln.mkz2017,1.24,-1.23129
100.39,vehicle.lincoln.mkz2017,1.2,-1.23129
100.49,vehicle.lincoln.mkz2017,1.22,-1.23129
100.6,vehicle.lincoln.mkz2017,1.25,-1.23129
100.7,vehicle.lincoln.mkz2017,1.27,-1.23129
100.8,vehicle.lincoln.mkz2017,1.3,-1.23129
100.9,vehicle.lincoln.mkz2017,1.33,-1.23129
101.0,vehicle.lincoln.mkz2017,1.34,-1.23129
101.1,vehicle.lincoln.mkz2017,1.36,-1.23129
101.2,vehicle.lincoln.mkz2017,1.37,-1.23129
101.3,vehicle.lincoln.mkz2017,1.33,-1.23129
101.41,vehicle.lincoln.mkz2017,1.34,-1.23129
101.51,vehicle.lincoln.mkz2017,1.3,-1.23129
101.61,vehicle.lincoln.mkz2017,1.34,-1.23129
101.71,vehicle.lincoln.mkz2017,1.37,-1.23129
101.81,vehicle.lincoln.mkz2017,1.4,-1.23129
101.91,vehicle.lincoln.mkz2017,1.44,-1.23129
102.01,vehicle.lincoln.mkz2017,1.46,-1.23129
102.11,vehicle.lincoln.mkz2017,1.46,-1.23129
102.22,vehicle.lincoln.mkz2017,1.45,-1.23129
102.32,vehicle.lincoln.mkz2017,1.44,-1.23129
102.42,vehicle.lincoln.mkz2017,1.38,-1.23129
102.52,vehicle.lincoln.mkz2017,1.37,-1.23129
102.62,vehicle.lincoln.mkz2017,1.32,-1.23129
102.72,vehicle.lincoln.mkz2017,1.36,-1.23129
102.82,vehicle.lincoln.mkz2017,1.39,-1.23129
102.92,vehicle.lincoln.mkz2017,1.48,-1.23129
103.03,vehicle.lincoln.mkz2017,1.5,-1.23129
103.13,vehicle.lincoln.mkz2017,1.52,-1.23129
103.23,vehicle.lincoln.mkz2017,1.52,-1.23129
103.33,vehicle.lincoln.mkz2017,1.52,-1.23129
103.43,vehicle.lincoln.mkz2017,1.46,-1.23129
103.53,vehicle.lincoln.mkz2017,1.46,-1.23129
103.63,vehicle.lincoln.mkz2017,1.45,-1.23129
103.73,vehicle.lincoln.mkz2017,1.39,-1.23129
103.84,vehicle.lincoln.mkz2017,1.39,-1.23129
103.94,vehicle.lincoln.mkz2017,1.4,-1.23129
104.04,vehicle.lincoln.mkz2017,1.42,-1.23129
104.14,vehicle.lincoln.mkz2017,1.43,-1.23129
104.24,vehicle.lincoln.mkz2017,1.5,-1.23129
104.34,vehicle.lincoln.mkz2017,1.5,-1.23129
104.44,vehicle.lincoln.mkz2017,1.5,-1.23129
104.55,vehicle.lincoln.mkz2017,1.43,-1.23129
104.65,vehicle.lincoln.mkz2017,1.43,-1.23129
104.75,vehicle.lincoln.mkz2017,1.37,-1.23129
104.85,vehicle.lincoln.mkz2017,1.39,-1.23129
104.95,vehicle.lincoln.mkz2017,1.41,-1.23129
105.05,vehicle.lincoln.mkz2017,1.43,-1.23129
105.15,vehicle.lincoln.mkz2017,1.43,-1.23129
105.25,vehicle.lincoln.mkz2017,1.44,-1.23129
105.36,vehicle.lincoln.mkz2017,1.42,-1.23129
105.46,vehicle.lincoln.mkz2017,1.4,-1.23129
105.56,vehicle.lincoln.mkz2017,1.43,-1.23129
105.66,vehicle.lincoln.mkz2017,1.42,-1.23129
105.76,vehicle.lincoln.mkz2017,1.41,-1.23129
105.86,vehicle.lincoln.mkz2017,1.42,-1.23129
105.96,vehicle.lincoln.mkz2017,1.43,-1.23129
106.07,vehicle.lincoln.mkz2017,1.44,-1.23129
106.17,vehicle.lincoln.mkz2017,1.44,-1.23129
106.27,vehicle.lincoln.mkz2017,1.44,-1.23129
106.37,vehicle.lincoln.mkz2017,1.43,-1.23129
106.47,vehicle.lincoln.mkz2017,1.41,-1.23129
106.57,vehicle.lincoln.mkz2017,1.35,-1.23129
106.67,vehicle.lincoln.mkz2017,1.35,-1.23129
106.77,vehicle.lincoln.mkz2017,1.36,-1.23129
106.88,vehicle.lincoln.mkz2017,1.32,-1.23129
106.98,vehicle.lincoln.mkz2017,1.32,-1.23129
107.08,vehicle.lincoln.mkz2017,1.33,-1.23129
107.18,vehicle.lincoln.mkz2017,1.32,-1.23129
107.28,vehicle.lincoln.mkz2017,1.32,-1.23129
107.38,vehicle.lincoln.mkz2017,1.36,-1.23129
107.48,vehicle.lincoln.mkz2017,1.37,-1.23129
107.58,vehicle.lincoln.mkz2017,1.37,-1.23129
107.69,vehicle.lincoln.mkz2017,1.32,-1.23129
107.79,vehicle.lincoln.mkz2017,1.3,-1.23129
107.89,vehicle.lincoln.mkz2017,1.24,-1.23129
107.99,vehicle.lincoln.mkz2017,1.18,-1.23129
108.09,vehicle.lincoln.mkz2017,1.19,-1.23129
108.19,vehicle.lincoln.mkz2017,1.21,-1.23129
108.29,vehicle.lincoln.mkz2017,1.22,-1.23129
108.39,vehicle.lincoln.mkz2017,1.23,-1.23129
108.5,vehicle.lincoln.mkz2017,1.29,-1.23129
108.6,vehicle.lincoln.mkz2017,1.27,-1.23129
108.7,vehicle.lincoln.mkz2017,1.25,-1.23129
108.8,vehicle.lincoln.mkz2017,1.24,-1.23129
108.9,vehicle.lincoln.mkz2017,1.22,-1.23129
109.0,vehicle.lincoln.mkz2017,1.21,-1.23129
109.1,vehicle.lincoln.mkz2017,1.2,-1.23129
109.2,vehicle.lincoln.mkz2017,1.23,-1.23129
109.31,vehicle.lincoln.mkz2017,1.24,-1.23129
109.41,vehicle.lincoln.mkz2017,1.24,-1.23129
109.51,vehicle.lincoln.mkz2017,1.22,-1.23129
109.61,vehicle.lincoln.mkz2017,1.2,-1.23129
109.71,vehicle.lincoln.mkz2017,1.14,-1.23129
109.81,vehicle.lincoln.mkz2017,1.11,-1.22177
109.91,vehicle.lincoln.mkz2017,1.07,-1.22177
110.01,vehicle.lincoln.mkz2017,1.02,-1.22177
110.12,vehicle.lincoln.mkz2017,1.01,-1.19573
110.22,vehicle.lincoln.mkz2017,1.0,-1.19573
110.32,vehicle.lincoln.mkz2017,1.0,-1.1795
110.42,vehicle.lincoln.mkz2017,0.99,-1.1795
110.52,vehicle.lincoln.mkz2017,1.02,-1.16257
110.62,vehicle.lincoln.mkz2017,1.0,-1.16257
110.72,vehicle.lincoln.mkz2017,0.98,-1.16257
110.82,vehicle.lincoln.mkz2017,0.93,-1.16257
110.93,vehicle.lincoln.mkz2017,0.91,-1.15167
111.03,vehicle.lincoln.mkz2017,0.86,-1.15167
111.13,vehicle.lincoln.mkz2017,0.82,-1.14507
111.23,vehicle.lincoln.mkz2017,0.79,-1.14507
111.33,vehicle.lincoln.mkz2017,0.76,-1.14507
111.43,vehicle.lincoln.mkz2017,0.71,-1.14746
111.53,vehicle.lincoln.mkz2017,0.66,-1.14746
111.64,vehicle.lincoln.mkz2017,0.62,-1.14795
111.74,vehicle.lincoln.mkz2017,0.57,-1.14795
111.84,vehicle.lincoln.mkz2017,0.54,-1.14795
111.94,vehicle.lincoln.mkz2017,0.5,-1.14789
112.04,vehicle.lincoln.mkz2017,0.46,-1.14789
112.14,vehicle.lincoln.mkz2017,0.43,-1.14789
112.24,vehicle.lincoln.mkz2017,0.39,-1.14767
112.35,vehicle.lincoln.mkz2017,0.37,-1.14767
112.45,vehicle.lincoln.mkz2017,0.34,-1.14743
112.55,vehicle.lincoln.mkz2017,0.31,-1.14743
112.65,vehicle.lincoln.mkz2017,0.29,-1.14743
112.75,vehicle.lincoln.mkz2017,0.27,-1.14724
112.85,vehicle.lincoln.mkz2017,0.25,-1.14724
112.95,vehicle.lincoln.mkz2017,0.23,-1.14712
113.05,vehicle.lincoln.mkz2017,0.22,-1.14712
113.16,vehicle.lincoln.mkz2017,0.2,-1.14712
113.26,vehicle.lincoln.mkz2017,0.18,-1.14724
113.36,vehicle.lincoln.mkz2017,0.17,-1.14724
113.46,vehicle.lincoln.mkz2017,0.16,-1.14724
113.56,vehicle.lincoln.mkz2017,0.15,-1.14746
113.66,vehicle.lincoln.mkz2017,0.14,-1.14746
113.76,vehicle.lincoln.mkz2017,0.13,-1.1478
113.86,vehicle.lincoln.mkz2017,0.12,-1.1478
113.97,vehicle.lincoln.mkz2017,0.11,-1.1478
114.07,vehicle.lincoln.mkz2017,0.1,-1.14817
114.17,vehicle.lincoln.mkz2017,0.1,-1.14817
114.27,vehicle.lincoln.mkz2017,0.09,-1.14862
114.37,vehicle.lincoln.mkz2017,0.09,-1.14862
114.47,vehicle.lincoln.mkz2017,0.08,-1.14862
114.57,vehicle.lincoln.mkz2017,0.08,-1.14902
114.68,vehicle.lincoln.mkz2017,0.07,-1.14902
114.78,vehicle.lincoln.mkz2017,0.07,-1.14925
114.88,vehicle.lincoln.mkz2017,0.06,-1.14925
114.98,vehicle.lincoln.mkz2017,0.06,-1.14925
115.08,vehicle.lincoln.mkz2017,0.06,-1.1494
115.18,vehicle.lincoln.mkz2017,0.05,-1.1494
115.29,vehicle.lincoln.mkz2017,0.05,-1.1494
115.39,vehicle.lincoln.mkz2017,0.05,-1.14956
115.49,vehicle.lincoln.mkz2017,0.04,-1.14956
115.59,vehicle.lincoln.mkz2017,0.04,-1.14968
115.69,vehicle.lincoln.mkz2017,0.04,-1.14968
115.79,vehicle.lincoln.mkz2017,0.04,-1.14972
115.9,vehicle.lincoln.mkz2017,0.03,-1.14972
116.0,vehicle.lincoln.mkz2017,0.03,-1.14972
116.1,vehicle.lincoln.mkz2017,0.03,-1.14972
116.2,vehicle.lincoln.mkz2017,0.03,-1.14968
116.3,vehicle.lincoln.mkz2017,0.02,-1.14968
116.4,vehicle.lincoln.mkz2017,0.02,-1.1496
116.5,vehicle.lincoln.mkz2017,0.02,-1.1496
116.6,vehicle.lincoln.mkz2017,0.02,-1.1496
116.71,vehicle.lincoln.mkz2017,0.02,-1.14953
116.81,vehicle.lincoln.mkz2017,0.02,-1.14953
116.91,vehicle.lincoln.mkz2017,0.02,-1.1495
117.01,vehicle.lincoln.mkz2017,0.02,-1.1495
117.11,vehicle.lincoln.mkz2017,0.01,-1.1495
117.21,vehicle.lincoln.mkz2017,0.01,-1.1495
117.31,vehicle.lincoln.mkz2017,0.01,-1.14953
117.41,vehicle.lincoln.mkz2017,0.01,-1.14953
117.52,vehicle.lincoln.mkz2017,0.01,-1.14953
117.62,vehicle.lincoln.mkz2017,0.01,-1.14953
117.72,vehicle.lincoln.mkz2017,0.01,-1.14953
117.82,vehicle.lincoln.mkz2017,0.01,-1.14944
117.92,vehicle.lincoln.mkz2017,0.01,-1.14944
118.02,vehicle.lincoln.mkz2017,0.01,-1.14765
118.12,vehicle.lincoln.mkz2017,0.01,-1.14765
118.23,vehicle.lincoln.mkz2017,0.02,-1.14765
118.33,vehicle.lincoln.mkz2017,0.03,-1.14026
118.43,vehicle.lincoln.mkz2017,0.04,-1.14026
118.53,vehicle.lincoln.mkz2017,0.08,-1.12436
118.63,vehicle.lincoln.mkz2017,0.11,-1.12436
118.73,vehicle.lincoln.mkz2017,0.14,-1.12436
118.83,vehicle.lincoln.mkz2017,0.19,-1.10614
118.93,vehicle.lincoln.mkz2017,0.23,-1.10614
119.04,vehicle.lincoln.mkz2017,0.27,-1.08532
119.14,vehicle.lincoln.mkz2017,0.32,-1.08532
119.24,vehicle.lincoln.mkz2017,0.36,-1.08532
119.34,vehicle.lincoln.mkz2017,0.37,-1.08532
119.44,vehicle.lincoln.mkz2017,0.39,-1.07351
119.54,vehicle.lincoln.mkz2017,0.38,-1.07351
119.64,vehicle.lincoln.mkz2017,0.4,-1.05535
119.74,vehicle.lincoln.mkz2017,0.42,-1.05535
119.85,vehicle.lincoln.mkz2017,0.48,-1.03406
119.95,vehicle.lincoln.mkz2017,0.51,-1.03406
120.05,vehicle.lincoln.mkz2017,0.53,-1.03406
120.15,vehicle.lincoln.mkz2017,0.55,-1.02111
120.25,vehicle.lincoln.mkz2017,0.57,-1.02111
120.35,vehicle.lincoln.mkz2017,0.54,-1.02111
120.45,vehicle.lincoln.mkz2017,0.57,-0.99185
120.56,vehicle.lincoln.mkz2017,0.6,-0.99185
120.66,vehicle.lincoln.mkz2017,0.6,-0.99185
120.76,vehicle.lincoln.mkz2017,0.68,-0.94797
120.86,vehicle.lincoln.mkz2017,0.75,-0.94797
120.96,vehicle.lincoln.mkz2017,0.82,-0.9165
121.06,vehicle.lincoln.mkz2017,0.88,-0.9165
121.16,vehicle.lincoln.mkz2017,0.94,-0.9165
121.27,vehicle.lincoln.mkz2017,0.97,-0.88821
121.37,vehicle.lincoln.mkz2017,0.99,-0.88821
121.47,vehicle.lincoln.mkz2017,1.03,-0.84735
121.57,vehicle.lincoln.mkz2017,1.07,-0.84735
121.67,vehicle.lincoln.mkz2017,1.18,-0.80041
121.77,vehicle.lincoln.mkz2017,1.24,-0.80041
121.87,vehicle.lincoln.mkz2017,1.29,-0.80041
121.97,vehicle.lincoln.mkz2017,1.32,-0.78247
122.08,vehicle.lincoln.mkz2017,1.36,-0.78247
122.18,vehicle.lincoln.mkz2017,1.38,-0.78247
122.28,vehicle.lincoln.mkz2017,1.39,-0.78247
122.38,vehicle.lincoln.mkz2017,1.41,-0.78247
122.48,vehicle.lincoln.mkz2017,1.37,-0.78247
122.58,vehicle.lincoln.mkz2017,1.42,-0.78247
122.68,vehicle.lincoln.mkz2017,1.4,-0.78247
122.78,vehicle.lincoln.mkz2017,1.49,-0.78247
122.88,vehicle.lincoln.mkz2017,1.58,-0.78247
122.99,vehicle.lincoln.mkz2017,1.66,-0.78247
123.09,vehicle.lincoln.mkz2017,1.76,-0.78247
123.19,vehicle.lincoln.mkz2017,1.85,-0.78247
123.29,vehicle.lincoln.mkz2017,1.9,-0.78247
123.39,vehicle.lincoln.mkz2017,1.95,-0.78247
123.49,vehicle.lincoln.mkz2017,1.99,-0.78247
123.59,vehicle.lincoln.mkz2017,1.92,-0.78247
123.69,vehicle.lincoln.mkz2017,1.98,-0.78247
123.8,vehicle.lincoln.mkz2017,1.94,-0.78247
123.9,vehicle.lincoln.mkz2017,2.06,-0.78247
124.0,vehicle.lincoln.mkz2017,2.18,-0.78247
124.1,vehicle.lincoln.mkz2017,2.4,-0.78247
124.2,vehicle.lincoln.mkz2017,2.5,-0.78247
124.3,vehicle.lincoln.mkz2017,2.59,-0.78247
124.4,vehicle.lincoln.mkz2017,2.55,-0.78247
124.5,vehicle.lincoln.mkz2017,2.52,-0.78247
124.61,vehicle.lincoln.mkz2017,2.37,-0.78247
124.71,vehicle.lincoln.mkz2017,2.4,-0.78247
124.81,vehicle.lincoln.mkz2017,2.42,-0.78247
124.91,vehicle.lincoln.mkz2017,2.41,-0.78247
125.01,vehicle.lincoln.mkz2017,2.59,-0.78247
125.11,vehicle.lincoln.mkz2017,2.75,-0.78247
125.22,vehicle.lincoln.mkz2017,2.88,-0.78247
125.32,vehicle.lincoln.mkz2017,3.0,-0.78247
125.42,vehicle.lincoln.mkz2017,3.19,-0.78247
125.52,vehicle.lincoln.mkz2017,3.17,-0.78247
125.62,vehicle.lincoln.mkz2017,3.15,-0.78247
125.72,vehicle.lincoln.mkz2017,3.0,-0.78247
125.82,vehicle.lincoln.mkz2017,3.02,-0.78247
125.93,vehicle.lincoln.mkz2017,2.96,-0.78247
126.03,vehicle.lincoln.mkz2017,3.07,-0.78247
126.13,vehicle.lincoln.mkz2017,3.17,-0.78247
126.23,vehicle.lincoln.mkz2017,3.27,-0.78247
126.33,vehicle.lincoln.mkz2017,3.26,-0.78247
126.43,vehicle.lincoln.mkz2017,3.25,-0.78247
126.53,vehicle.lincoln.mkz2017,3.23,-0.78247
126.63,vehicle.lincoln.mkz2017,3.21,-0.78247
126.74,vehicle.lincoln.mkz2017,3.19,-0.78247
126.84,vehicle.lincoln.mkz2017,3.1,-0.78247
126.94,vehicle.lincoln.mkz2017,3.14,-0.78247
127.04,vehicle.lincoln.mkz2017,3.02,-0.78247
127.14,vehicle.lincoln.mkz2017,3.09,-0.78247
127.24,vehicle.lincoln.mkz2017,3.15,-0.78247
127.34,vehicle.lincoln.mkz2017,3.28,-0.78247
127.44,vehicle.lincoln.mkz2017,3.29,-0.78247
127.55,vehicle.lincoln.mkz2017,3.46,-0.78247
127.65,vehicle.lincoln.mkz2017,3.45,-0.78247
127.75,vehicle.lincoln.mkz2017,3.43,-0.78247
127.85,vehicle.lincoln.mkz2017,3.42,-0.78247
127.95,vehicle.lincoln.mkz2017,3.4,-0.78247
128.05,vehicle.lincoln.mkz2017,3.22,-0.78247
128.15,vehicle.lincoln.mkz2017,3.24,-0.78247
128.26,vehicle.lincoln.mkz2017,3.25,-0.78247
128.36,vehicle.lincoln.mkz2017,3.3,-0.78247
128.46,vehicle.lincoln.mkz2017,3.34,-0.78247
128.56,vehicle.lincoln.mkz2017,3.56,-0.78247
128.66,vehicle.lincoln.mkz2017,3.58,-0.78247
128.76,vehicle.lincoln.mkz2017,3.6,-0.78247
128.86,vehicle.lincoln.mkz2017,3.52,-0.78247
128.96,vehicle.lincoln.mkz2017,3.56,-0.78247
129.07,vehicle.lincoln.mkz2017,3.42,-0.78247
129.17,vehicle.lincoln.mkz2017,3.44,-0.78247
129.27,vehicle.lincoln.mkz2017,3.47,-0.78247
129.37,vehicle.lincoln.mkz2017,3.49,-0.78247
129.47,vehicle.lincoln.mkz2017,3.48,-0.78247
129.57,vehicle.lincoln.mkz2017,3.47,-0.78247
129.67,vehicle.lincoln.mkz2017,3.51,-0.79904
129.77,vehicle.lincoln.mkz2017,3.55,-0.79904
129.88,vehicle.lincoln.mkz2017,3.58,-0.79904
129.98,vehicle.lincoln.mkz2017,3.51,-0.79904
130.08,vehicle.lincoln.mkz2017,3.59,-0.81403
130.18,vehicle.lincoln.mkz2017,3.47,-0.81403
130.28,vehicle.lincoln.mkz2017,3.5,-0.83157
130.38,vehicle.lincoln.mkz2017,3.52,-0.83157
130.48,vehicle.lincoln.mkz2017,3.55,-0.83157
130.58,vehicle.lincoln.mkz2017,3.53,-0.84722
130.69,vehicle.lincoln.mkz2017,3.51,-0.84722
130.79,vehicle.lincoln.mkz2017,3.54,-0.86334
130.89,vehicle.lincoln.mkz2017,3.57,-0.86334
130.99,vehicle.lincoln.mkz2017,3.59,-0.86334
131.09,vehicle.lincoln.mkz2017,3.51,-0.86334
131.19,vehicle.lincoln.mkz2017,3.57,-0.89069
131.29,vehicle.lincoln.mkz2017,3.44,-0.89069
131.4,vehicle.lincoln.mkz2017,3.51,-0.89069
131.5,vehicle.lincoln.mkz2017,3.57,-0.89069
131.6,vehicle.lincoln.mkz2017,3.63,-0.89069
131.7,vehicle.lincoln.mkz2017,3.71,-0.89069
131.8,vehicle.lincoln.mkz2017,3.78,-0.89069
131.9,vehicle.lincoln.mkz2017,3.65,-0.89069
132.0,vehicle.lincoln.mkz2017,3.66,-0.89069
132.1,vehicle.lincoln.mkz2017,3.67,-0.89069
132.2,vehicle.lincoln.mkz2017,3.53,-0.89069
132.31,vehicle.lincoln.mkz2017,3.39,-0.89069
132.41,vehicle.lincoln.mkz2017,3.4,-0.89069
132.51,vehicle.lincoln.mkz2017,3.51,-0.89069
132.61,vehicle.lincoln.mkz2017,3.61,-0.89069
132.71,vehicle.lincoln.mkz2017,3.69,-0.89069
132.81,vehicle.lincoln.mkz2017,3.78,-0.89069
132.91,vehicle.lincoln.mkz2017,3.81,-0.89069
133.02,vehicle.lincoln.mkz2017,3.76,-0.89069
133.12,vehicle.lincoln.mkz2017,3.71,-0.89069
133.22,vehicle.lincoln.mkz2017,3.66,-0.89069
133.32,vehicle.lincoln.mkz2017,3.62,-0.89069
133.42,vehicle.lincoln.mkz2017,3.63,-0.89069
133.52,vehicle.lincoln.mkz2017,3.51,-0.89069
133.62,vehicle.lincoln.mkz2017,3.61,-0.89069
133.73,vehicle.lincoln.mkz2017,3.71,-0.89069
133.83,vehicle.lincoln.mkz2017,3.81,-0.89069
133.93,vehicle.lincoln.mkz2017,3.87,-0.89069
134.03,vehicle.lincoln.mkz2017,3.93,-0.89069
134.13,vehicle.lincoln.mkz2017,3.87,-0.89069
134.23,vehicle.lincoln.mkz2017,3.81,-0.89069
134.33,vehicle.lincoln.mkz2017,3.76,-0.89069
134.43,vehicle.lincoln.mkz2017,3.58,-0.89069
134.53,vehicle.lincoln.mkz2017,3.56,-0.89069
134.64,vehicle.lincoln.mkz2017,3.44,-0.89069
134.74,vehicle.lincoln.mkz2017,3.55,-0.89069
134.84,vehicle.lincoln.mkz2017,3.65,-0.89069
134.94,vehicle.lincoln.mkz2017,3.88,-0.89069
135.04,vehicle.lincoln.mkz2017,3.94,-0.89069
135.14,vehicle.lincoln.mkz2017,4.0,-0.89069
135.24,vehicle.lincoln.mkz2017,3.94,-0.89069
135.35,vehicle.lincoln.mkz2017,3.89,-0.89069
135.45,vehicle.lincoln.mkz2017,3.71,-0.89069
135.55,vehicle.lincoln.mkz2017,3.55,-0.89069
135.65,vehicle.lincoln.mkz2017,3.54,-0.89069
135.75,vehicle.lincoln.mkz2017,3.42,-0.89069
135.85,vehicle.lincoln.mkz2017,3.48,-0.89069
135.95,vehicle.lincoln.mkz2017,3.54,-0.89069
136.06,vehicle.lincoln.mkz2017,3.7,-0.89392
136.16,vehicle.lincoln.mkz2017,3.7,-0.89392
136.26,vehicle.lincoln.mkz2017,3.71,-0.89392
136.36,vehicle.lincoln.mkz2017,3.67,-0.92358
136.46,vehicle.lincoln.mkz2017,3.64,-0.92358
136.56,vehicle.lincoln.mkz2017,3.5,-0.92358
136.66,vehicle.lincoln.mkz2017,3.5,-0.95074
136.77,vehicle.lincoln.mkz2017,3.49,-0.95074
136.87,vehicle.lincoln.mkz2017,3.35,-0.95074
136.97,vehicle.lincoln.mkz2017,3.45,-0.99948
137.07,vehicle.lincoln.mkz2017,3.53,-0.99948
137.17,vehicle.lincoln.mkz2017,3.58,-1.0202
137.28,vehicle.lincoln.mkz2017,3.63,-1.0202
137.38,vehicle.lincoln.mkz2017,3.84,-1.05316
137.48,vehicle.lincoln.mkz2017,3.81,-1.05316
137.58,vehicle.lincoln.mkz2017,3.78,-1.05316
137.68,vehicle.lincoln.mkz2017,3.67,-1.05316
137.78,vehicle.lincoln.mkz2017,3.66,-1.05316
137.88,vehicle.lincoln.mkz2017,3.49,-1.05316
137.99,vehicle.lincoln.mkz2017,3.57,-1.05316
138.09,vehicle.lincoln.mkz2017,3.64,-1.05316
138.19,vehicle.lincoln.mkz2017,3.71,-1.05316
138.29,vehicle.lincoln.mkz2017,3.78,-1.05316
138.39,vehicle.lincoln.mkz2017,3.84,-1.05316
138.49,vehicle.lincoln.mkz2017,3.79,-1.05316
138.59,vehicle.lincoln.mkz2017,3.75,-1.05316
138.69,vehicle.lincoln.mkz2017,3.7,-1.05316
138.79,vehicle.lincoln.mkz2017,3.68,-1.05316
138.9,vehicle.lincoln.mkz2017,3.66,-1.05316
139.0,vehicle.lincoln.mkz2017,3.5,-1.05316
139.1,vehicle.lincoln.mkz2017,3.53,-1.05316
139.2,vehicle.lincoln.mkz2017,3.56,-1.05316
139.3,vehicle.lincoln.mkz2017,3.63,-1.08887
139.4,vehicle.lincoln.mkz2017,3.69,-1.08887
139.5,vehicle.lincoln.mkz2017,3.75,-1.08887
139.6,vehicle.lincoln.mkz2017,3.76,-1.13666
139.71,vehicle.lincoln.mkz2017,3.78,-1.13666
139.81,vehicle.lincoln.mkz2017,3.75,-1.17886
139.91,vehicle.lincoln.mkz2017,3.71,-1.17886
140.01,vehicle.lincoln.mkz2017,3.69,-1.17886
140.11,vehicle.lincoln.mkz2017,3.72,-0.91165
140.21,vehicle.lincoln.mkz2017,3.76,-0.91165
140.31,vehicle.lincoln.mkz2017,3.83,-0.63144
140.41,vehicle.lincoln.mkz2017,3.9,-0.63144
140.51,vehicle.lincoln.mkz2017,3.96,-0.63144
140.62,vehicle.lincoln.mkz2017,3.82,-0.63144
140.72,vehicle.lincoln.mkz2017,3.83,-0.5774
140.82,vehicle.lincoln.mkz2017,3.68,-0.5774
140.92,vehicle.lincoln.mkz2017,3.69,-0.53821
141.02,vehicle.lincoln.mkz2017,3.69,-0.53821
141.12,vehicle.lincoln.mkz2017,3.7,-0.53821
141.22,vehicle.lincoln.mkz2017,3.73,-0.53933
141.33,vehicle.lincoln.mkz2017,3.77,-0.53933
141.43,vehicle.lincoln.mkz2017,3.77,-0.77142
141.53,vehicle.lincoln.mkz2017,3.77,-0.77142
141.63,vehicle.lincoln.mkz2017,3.94,-1.12219
141.73,vehicle.lincoln.mkz2017,3.93,-1.12219
141.83,vehicle.lincoln.mkz2017,3.92,-1.12219
141.93,vehicle.lincoln.mkz2017,3.8,-1.12219
142.03,vehicle.lincoln.mkz2017,3.74,-1.25051
142.14,vehicle.lincoln.mkz2017,3.51,-1.25051
142.24,vehicle.lincoln.mkz2017,3.31,-1.25051
142.34,vehicle.lincoln.mkz2017,3.33,-1.34847
142.44,vehicle.lincoln.mkz2017,3.36,-1.34847
142.54,vehicle.lincoln.mkz2017,3.5,-1.44402
142.64,vehicle.lincoln.mkz2017,3.63,-1.44402
142.74,vehicle.lincoln.mkz2017,3.88,-1.50287
142.84,vehicle.lincoln.mkz2017,3.9,-1.50287
142.95,vehicle.lincoln.mkz2017,3.92,-1.50287
143.05,vehicle.lincoln.mkz2017,3.77,-1.50287
143.15,vehicle.lincoln.mkz2017,3.74,-1.45388
143.25,vehicle.lincoln.mkz2017,3.57,-1.45388
143.35,vehicle.lincoln.mkz2017,3.42,-1.45388
143.45,vehicle.lincoln.mkz2017,3.46,-1.36862
143.55,vehicle.lincoln.mkz2017,3.5,-1.36862
143.65,vehicle.lincoln.mkz2017,3.55,-1.30859
143.76,vehicle.lincoln.mkz2017,3.59,-1.30859
143.86,vehicle.lincoln.mkz2017,3.78,-1.2273
143.96,vehicle.lincoln.mkz2017,3.77,-1.2273
144.06,vehicle.lincoln.mkz2017,3.77,-1.2273
144.16,vehicle.lincoln.mkz2017,3.64,-1.2273
144.26,vehicle.lincoln.mkz2017,3.67,-1.17495
144.36,vehicle.lincoln.mkz2017,3.55,-1.17495
144.46,vehicle.lincoln.mkz2017,3.62,-1.21015
144.57,vehicle.lincoln.mkz2017,3.68,-1.21015
144.67,vehicle.lincoln.mkz2017,3.74,-1.21015
144.77,vehicle.lincoln.mkz2017,3.78,-1.24234
144.87,vehicle.lincoln.mkz2017,3.82,-1.24234
144.97,vehicle.lincoln.mkz2017,3.79,-1.27331
145.07,vehicle.lincoln.mkz2017,3.77,-1.27331
145.17,vehicle.lincoln.mkz2017,3.75,-1.27331
145.27,vehicle.lincoln.mkz2017,3.6,-1.27331
145.38,vehicle.lincoln.mkz2017,3.61,-1.33053
145.48,vehicle.lincoln.mkz2017,3.48,-1.33053
145.58,vehicle.lincoln.mkz2017,3.59,-1.38546
145.68,vehicle.lincoln.mkz2017,3.7,-1.38546
145.78,vehicle.lincoln.mkz2017,3.79,-1.38546
145.88,vehicle.lincoln.mkz2017,3.83,-1.41
145.98,vehicle.lincoln.mkz2017,3.86,-1.41
146.08,vehicle.lincoln.mkz2017,3.81,-1.39911
146.19,vehicle.lincoln.mkz2017,3.77,-1.39911
146.29,vehicle.lincoln.mkz2017,3.73,-1.39911
146.39,vehicle.lincoln.mkz2017,3.59,-1.39911
146.49,vehicle.lincoln.mkz2017,3.61,-1.32156
146.59,vehicle.lincoln.mkz2017,3.48,-1.32156
146.69,vehicle.lincoln.mkz2017,3.57,-1.19473
146.79,vehicle.lincoln.mkz2017,3.65,-1.19473
146.9,vehicle.lincoln.mkz2017,3.84,-1.10379
147.0,vehicle.lincoln.mkz2017,3.88,-1.10379
147.1,vehicle.lincoln.mkz2017,3.91,-1.10379
147.2,vehicle.lincoln.mkz2017,3.85,-0.97558
147.3,vehicle.lincoln.mkz2017,3.8,-0.97558
147.4,vehicle.lincoln.mkz2017,3.63,-0.97558
147.5,vehicle.lincoln.mkz2017,3.47,-0.97558
147.6,vehicle.lincoln.mkz2017,3.45,-0.87243
147.71,vehicle.lincoln.mkz2017,3.32,-0.87243
147.81,vehicle.lincoln.mkz2017,3.4,-0.77481
147.91,vehicle.lincoln.mkz2017,3.47,-0.77481
148.01,vehicle.lincoln.mkz2017,3.66,-0.71725
148.11,vehicle.lincoln.mkz2017,3.71,-0.71725
148.21,vehicle.lincoln.mkz2017,3.76,-0.71725
148.31,vehicle.lincoln.mkz2017,3.72,-0.66101
148.41,vehicle.lincoln.mkz2017,3.67,-0.66101
148.52,vehicle.lincoln.mkz2017,3.51,-0.66101
148.62,vehicle.lincoln.mkz2017,3.36,-0.66101
148.72,vehicle.lincoln.mkz2017,3.33,-0.65646
148.82,vehicle.lincoln.mkz2017,3.19,-0.65646
148.92,vehicle.lincoln.mkz2017,3.22,-0.65336
149.02,vehicle.lincoln.mkz2017,3.25,-0.65336
149.12,vehicle.lincoln.mkz2017,3.4,-0.65131
149.23,vehicle.lincoln.mkz2017,3.42,-0.65131
149.33,vehicle.lincoln.mkz2017,3.45,-0.65131
149.43,vehicle.lincoln.mkz2017,3.44,-0.64941
149.53,vehicle.lincoln.mkz2017,3.43,-0.64941
149.63,vehicle.lincoln.mkz2017,3.3,-0.64941
149.73,vehicle.lincoln.mkz2017,3.18,-0.64941
149.83,vehicle.lincoln.mkz2017,3.23,-0.6824
149.93,vehicle.lincoln.mkz2017,3.15,-0.6824
150.04,vehicle.lincoln.mkz2017,3.24,-0.7348
150.14,vehicle.lincoln.mkz2017,3.32,-0.7348
150.24,vehicle.lincoln.mkz2017,3.4,-0.7348
150.34,vehicle.lincoln.mkz2017,3.39,-0.75699
150.44,vehicle.lincoln.mkz2017,3.38,-0.75699
150.54,vehicle.lincoln.mkz2017,3.4,-0.81951
150.64,vehicle.lincoln.mkz2017,3.42,-0.81951
150.75,vehicle.lincoln.mkz2017,3.44,-0.81951
150.85,vehicle.lincoln.mkz2017,3.52,-0.80593
150.95,vehicle.lincoln.mkz2017,3.61,-0.80593
151.05,vehicle.lincoln.mkz2017,3.48,-0.80593
151.15,vehicle.lincoln.mkz2017,3.55,-0.77417
151.26,vehicle.lincoln.mkz2017,3.61,-0.77417
151.36,vehicle.lincoln.mkz2017,3.66,-0.72644
151.46,vehicle.lincoln.mkz2017,3.71,-0.72644
151.56,vehicle.lincoln.mkz2017,3.89,-0.66345
151.66,vehicle.lincoln.mkz2017,3.88,-0.66345
151.76,vehicle.lincoln.mkz2017,3.86,-0.66345
151.87,vehicle.lincoln.mkz2017,3.71,-0.66345
151.97,vehicle.lincoln.mkz2017,3.66,-0.61615
152.07,vehicle.lincoln.mkz2017,3.47,-0.61615
152.17,vehicle.lincoln.mkz2017,3.48,-0.55707
152.27,vehicle.lincoln.mkz2017,3.48,-0.55707
152.37,vehicle.lincoln.mkz2017,3.49,-0.55707
152.47,vehicle.lincoln.mkz2017,3.52,-0.5451
152.57,vehicle.lincoln.mkz2017,3.55,-0.5451
152.68,vehicle.lincoln.mkz2017,3.51,-0.60492
152.78,vehicle.lincoln.mkz2017,3.48,-0.60492
152.88,vehicle.lincoln.mkz2017,3.45,-0.60492
152.98,vehicle.lincoln.mkz2017,3.3,-0.60492
153.08,vehicle.lincoln.mkz2017,3.31,-0.67459
153.18,vehicle.lincoln.mkz2017,3.2,-0.67459
153.28,vehicle.lincoln.mkz2017,3.26,-0.7334
153.38,vehicle.lincoln.mkz2017,3.31,-0.7334
153.48,vehicle.lincoln.mkz2017,3.37,-0.7334
153.59,vehicle.lincoln.mkz2017,3.35,-0.56671
153.69,vehicle.lincoln.mkz2017,3.33,-0.56671
153.79,vehicle.lincoln.mkz2017,3.3,-0.28213
153.89,vehicle.lincoln.mkz2017,3.27,-0.28213
153.99,vehicle.lincoln.mkz2017,3.25,-0.28213
154.09,vehicle.lincoln.mkz2017,3.15,-0.28213
154.19,vehicle.lincoln.mkz2017,3.14,-0.10214
154.29,vehicle.lincoln.mkz2017,2.99,-0.10214
154.4,vehicle.lincoln.mkz2017,3.0,0.15314
154.5,vehicle.lincoln.mkz2017,3.01,0.15314
154.6,vehicle.lincoln.mkz2017,3.02,0.15314
154.7,vehicle.lincoln.mkz2017,3.05,0.47283
154.8,vehicle.lincoln.mkz2017,3.08,0.47283
154.9,vehicle.lincoln.mkz2017,3.01,0.68807
155.0,vehicle.lincoln.mkz2017,2.94,0.68807
155.1,vehicle.lincoln.mkz2017,2.88,0.68807
155.21,vehicle.lincoln.mkz2017,2.88,1.19814
155.31,vehicle.lincoln.mkz2017,2.88,1.19814
155.41,vehicle.lincoln.mkz2017,2.97,1.19573
155.51,vehicle.lincoln.mkz2017,3.05,1.19573
155.61,vehicle.lincoln.mkz2017,3.24,1.19422
155.71,vehicle.lincoln.mkz2017,3.25,1.19422
155.81,vehicle.lincoln.mkz2017,3.26,1.19422
155.91,vehicle.lincoln.mkz2017,3.21,1.19974
156.02,vehicle.lincoln.mkz2017,3.16,1.19974
156.12,vehicle.lincoln.mkz2017,3.0,1.19974
156.22,vehicle.lincoln.mkz2017,2.86,1.19974
156.32,vehicle.lincoln.mkz2017,2.85,1.19297
156.42,vehicle.lincoln.mkz2017,2.75,1.19297
156.52,vehicle.lincoln.mkz2017,2.79,1.1966
156.62,vehicle.lincoln.mkz2017,2.83,1.1966
156.72,vehicle.lincoln.mkz2017,2.98,1.20279
156.83,vehicle.lincoln.mkz2017,3.0,1.20279
156.93,vehicle.lincoln.mkz2017,3.02,1.20279
157.03,vehicle.lincoln.mkz2017,2.99,1.20508
157.13,vehicle.lincoln.mkz2017,2.96,1.20508
157.23,vehicle.lincoln.mkz2017,2.83,1.20508
157.33,vehicle.lincoln.mkz2017,2.7,1.20508
157.43,vehicle.lincoln.mkz2017,2.7,1.20519
157.53,vehicle.lincoln.mkz2017,2.61,1.20519
157.64,vehicle.lincoln.mkz2017,2.67,1.1866
157.74,vehicle.lincoln.mkz2017,2.73,1.1866
157.84,vehicle.lincoln.mkz2017,2.79,1.1866
157.94,vehicle.lincoln.mkz2017,2.83,1.18953
158.04,vehicle.lincoln.mkz2017,2.87,1.18953
158.14,vehicle.lincoln.mkz2017,2.85,1.19174
158.24,vehicle.lincoln.mkz2017,2.83,1.19174
158.34,vehicle.lincoln.mkz2017,2.81,1.19174
158.44,vehicle.lincoln.mkz2017,2.69,1.19174
158.55,vehicle.lincoln.mkz2017,2.69,1.19335
158.65,vehicle.lincoln.mkz2017,2.61,1.19335
158.75,vehicle.lincoln.mkz2017,2.65,1.19416
158.85,vehicle.lincoln.mkz2017,2.69,1.19416
158.95,vehicle.lincoln.mkz2017,2.72,1.19416
159.05,vehicle.lincoln.mkz2017,2.69,1.19603
159.15,vehicle.lincoln.mkz2017,2.66,1.19603
159.26,vehicle.lincoln.mkz2017,2.62,1.19518
159.36,vehicle.lincoln.mkz2017,2.58,1.19518
159.46,vehicle.lincoln.mkz2017,2.55,1.19518
159.56,vehicle.lincoln.mkz2017,2.46,1.19518
159.66,vehicle.lincoln.mkz2017,2.48,1.16215
159.76,vehicle.lincoln.mkz2017,2.39,1.16215
159.86,vehicle.lincoln.mkz2017,2.42,1.25609
159.96,vehicle.lincoln.mkz2017,2.44,1.25609
160.07,vehicle.lincoln.mkz2017,2.53,1.30797
160.17,vehicle.lincoln.mkz2017,2.51,1.30797
160.27,vehicle.lincoln.mkz2017,2.5,1.30797
160.37,vehicle.lincoln.mkz2017,2.45,1.38259
160.47,vehicle.lincoln.mkz2017,2.41,1.38259
160.57,vehicle.lincoln.mkz2017,2.32,1.38259
160.67,vehicle.lincoln.mkz2017,2.23,1.38259
160.77,vehicle.lincoln.mkz2017,2.21,1.43849
160.87,vehicle.lincoln.mkz2017,2.11,1.43849
160.98,vehicle.lincoln.mkz2017,2.15,1.55691
161.08,vehicle.lincoln.mkz2017,2.19,1.55691
161.18,vehicle.lincoln.mkz2017,2.27,1.5971
161.28,vehicle.lincoln.mkz2017,2.28,1.5971
161.38,vehicle.lincoln.mkz2017,2.29,1.5971
161.48,vehicle.lincoln.mkz2017,2.27,1.68596
161.58,vehicle.lincoln.mkz2017,2.25,1.68596
161.68,vehicle.lincoln.mkz2017,2.18,1.68596
161.79,vehicle.lincoln.mkz2017,2.12,1.68596
161.89,vehicle.lincoln.mkz2017,2.19,1.78932
161.99,vehicle.lincoln.mkz2017,2.14,1.78932
162.09,vehicle.lincoln.mkz2017,2.25,1.82272
162.19,vehicle.lincoln.mkz2017,2.35,1.82272
162.29,vehicle.lincoln.mkz2017,2.52,1.80046
162.39,vehicle.lincoln.mkz2017,2.56,1.80046
162.49,vehicle.lincoln.mkz2017,2.6,1.80046
162.6,vehicle.lincoln.mkz2017,2.59,1.76936
162.7,vehicle.lincoln.mkz2017,2.59,1.76936
162.8,vehicle.lincoln.mkz2017,2.5,1.76936
162.9,vehicle.lincoln.mkz2017,2.55,1.73326
163.0,vehicle.lincoln.mkz2017,2.59,1.73326
163.1,vehicle.lincoln.mkz2017,2.52,1.73326
163.2,vehicle.lincoln.mkz2017,2.63,1.68501
163.3,vehicle.lincoln.mkz2017,2.72,1.68501
163.41,vehicle.lincoln.mkz2017,2.8,1.65311
163.51,vehicle.lincoln.mkz2017,2.86,1.65311
163.61,vehicle.lincoln.mkz2017,2.92,1.65311
163.71,vehicle.lincoln.mkz2017,2.91,1.62469
163.81,vehicle.lincoln.mkz2017,2.89,1.62469
163.91,vehicle.lincoln.mkz2017,2.77,1.62469
164.01,vehicle.lincoln.mkz2017,2.66,1.62469
164.11,vehicle.lincoln.mkz2017,2.66,1.5956
164.22,vehicle.lincoln.mkz2017,2.57,1.5956
164.32,vehicle.lincoln.mkz2017,2.68,1.5956
164.42,vehicle.lincoln.mkz2017,2.78,1.5956
164.52,vehicle.lincoln.mkz2017,3.0,1.59382
164.62,vehicle.lincoln.mkz2017,3.1,1.59382
164.72,vehicle.lincoln.mkz2017,3.28,1.54564
164.82,vehicle.lincoln.mkz2017,3.25,1.54564
164.93,vehicle.lincoln.mkz2017,3.22,1.54564
165.03,vehicle.lincoln.mkz2017,3.07,1.54564
165.13,vehicle.lincoln.mkz2017,3.08,1.46099
165.23,vehicle.lincoln.mkz2017,3.0,1.46099
165.33,vehicle.lincoln.mkz2017,3.11,1.35921
165.43,vehicle.lincoln.mkz2017,3.21,1.35921
165.53,vehicle.lincoln.mkz2017,3.31,1.35921
165.63,vehicle.lincoln.mkz2017,3.32,1.31784
165.73,vehicle.lincoln.mkz2017,3.33,1.31784
165.84,vehicle.lincoln.mkz2017,3.29,1.23797
165.94,vehicle.lincoln.mkz2017,3.27,1.23797
166.04,vehicle.lincoln.mkz2017,3.24,1.23797
166.14,vehicle.lincoln.mkz2017,3.14,1.23797
166.24,vehicle.lincoln.mkz2017,3.16,1.1909
166.34,vehicle.lincoln.mkz2017,3.03,1.1909
166.44,vehicle.lincoln.mkz2017,3.13,1.1909
166.55,vehicle.lincoln.mkz2017,3.22,1.1909
166.65,vehicle.lincoln.mkz2017,3.3,1.1909
166.75,vehicle.lincoln.mkz2017,3.41,1.15923
166.85,vehicle.lincoln.mkz2017,3.52,1.15923
166.95,vehicle.lincoln.mkz2017,3.5,1.10811
167.05,vehicle.lincoln.mkz2017,3.49,1.10811
167.15,vehicle.lincoln.mkz2017,3.48,1.10811
167.26,vehicle.lincoln.mkz2017,3.32,1.10811
167.36,vehicle.lincoln.mkz2017,3.32,1.03365
167.46,vehicle.lincoln.mkz2017,3.23,1.03365
167.56,vehicle.lincoln.mkz2017,3.33,0.93506
167.66,vehicle.lincoln.mkz2017,3.43,0.93506
167.76,vehicle.lincoln.mkz2017,3.52,0.93506
167.86,vehicle.lincoln.mkz2017,3.59,0.86864
167.96,vehicle.lincoln.mkz2017,3.65,0.86864
168.06,vehicle.lincoln.mkz2017,3.65,0.82437
168.17,vehicle.lincoln.mkz2017,3.64,0.82437
168.27,vehicle.lincoln.mkz2017,3.63,0.82437
168.37,vehicle.lincoln.mkz2017,3.49,0.82437
168.47,vehicle.lincoln.mkz2017,3.36,0.82437
168.57,vehicle.lincoln.mkz2017,3.24,0.76651
168.67,vehicle.lincoln.mkz2017,3.12,0.76651
168.77,vehicle.lincoln.mkz2017,3.23,0.63335
168.87,vehicle.lincoln.mkz2017,3.33,0.63335
168.98,vehicle.lincoln.mkz2017,3.56,0.54637
169.08,vehicle.lincoln.mkz2017,3.65,0.54637
169.18,vehicle.lincoln.mkz2017,3.73,0.54637
169.28,vehicle.lincoln.mkz2017,3.69,0.48168
169.38,vehicle.lincoln.mkz2017,3.66,0.48168
169.48,vehicle.lincoln.mkz2017,3.49,0.48168
169.58,vehicle.lincoln.mkz2017,3.33,0.48168
169.68,vehicle.lincoln.mkz2017,3.34,0.38484
169.79,vehicle.lincoln.mkz2017,3.24,0.38484
169.89,vehicle.lincoln.mkz2017,3.34,0.3979
169.99,vehicle.lincoln.mkz2017,3.43,0.3979
170.09,vehicle.lincoln.mkz2017,3.67,0.39744
170.19,vehicle.lincoln.mkz2017,3.72,0.39744
170.29,vehicle.lincoln.mkz2017,3.77,0.39744
170.39,vehicle.lincoln.mkz2017,3.72,0.4089
170.49,vehicle.lincoln.mkz2017,3.66,0.4089
170.6,vehicle.lincoln.mkz2017,3.47,0.4089
170.7,vehicle.lincoln.mkz2017,3.44,0.41989
170.8,vehicle.lincoln.mkz2017,3.4,0.41989
170.9,vehicle.lincoln.mkz2017,3.51,0.44928
171.0,vehicle.lincoln.mkz2017,3.61,0.44928
171.1,vehicle.lincoln.mkz2017,3.7,0.44928
171.2,vehicle.lincoln.mkz2017,3.77,0.44928
171.3,vehicle.lincoln.mkz2017,3.83,0.44928
171.41,vehicle.lincoln.mkz2017,3.79,0.44928
171.51,vehicle.lincoln.mkz2017,3.76,0.44928
171.61,vehicle.lincoln.mkz2017,3.72,0.44928
171.71,vehicle.lincoln.mkz2017,3.56,0.44928
171.81,vehicle.lincoln.mkz2017,3.55,0.44928
171.91,vehicle.lincoln.mkz2017,3.41,0.44928
172.01,vehicle.lincoln.mkz2017,3.44,0.44928
172.11,vehicle.lincoln.mkz2017,3.46,0.44928
172.22,vehicle.lincoln.mkz2017,3.47,0.44928
172.32,vehicle.lincoln.mkz2017,3.49,0.44928
172.42,vehicle.lincoln.mkz2017,3.5,0.44928
172.52,vehicle.lincoln.mkz2017,3.51,0.44928
172.62,vehicle.lincoln.mkz2017,3.52,0.44928
172.72,vehicle.lincoln.mkz2017,3.54,0.44928
172.82,vehicle.lincoln.mkz2017,3.42,0.44928
172.92,vehicle.lincoln.mkz2017,3.44,0.44928
173.03,vehicle.lincoln.mkz2017,3.32,0.44928
173.13,vehicle.lincoln.mkz2017,3.36,0.44928
173.23,vehicle.lincoln.mkz2017,3.39,0.44928
173.33,vehicle.lincoln.mkz2017,3.42,0.44928
173.43,vehicle.lincoln.mkz2017,3.43,0.44928
173.53,vehicle.lincoln.mkz2017,3.44,0.44928
173.63,vehicle.lincoln.mkz2017,3.43,0.44928
173.74,vehicle.lincoln.mkz2017,3.41,0.44928
173.84,vehicle.lincoln.mkz2017,3.39,0.44928
173.94,vehicle.lincoln.mkz2017,3.25,0.44928
174.04,vehicle.lincoln.mkz2017,3.28,0.44928
174.14,vehicle.lincoln.mkz2017,3.18,0.44928
174.24,vehicle.lincoln.mkz2017,3.25,0.44928
174.34,vehicle.lincoln.mkz2017,3.31,0.44928
174.44,vehicle.lincoln.mkz2017,3.37,0.44928
174.55,vehicle.lincoln.mkz2017,3.41,0.44928
174.65,vehicle.lincoln.mkz2017,3.43,0.44928
174.75,vehicle.lincoln.mkz2017,3.45,0.44928
174.85,vehicle.lincoln.mkz2017,3.47,0.44928
174.95,vehicle.lincoln.mkz2017,3.48,0.44928
175.05,vehicle.lincoln.mkz2017,3.36,0.44928
175.15,vehicle.lincoln.mkz2017,3.37,0.44928
175.25,vehicle.lincoln.mkz2017,3.23,0.44928
175.36,vehicle.lincoln.mkz2017,3.28,0.44928
175.46,vehicle.lincoln.mkz2017,3.33,0.44928
175.56,vehicle.lincoln.mkz2017,3.37,0.44928
175.66,vehicle.lincoln.mkz2017,3.4,0.44928
175.76,vehicle.lincoln.mkz2017,3.43,0.44928
175.86,vehicle.lincoln.mkz2017,3.36,0.44928
175.96,vehicle.lincoln.mkz2017,3.3,0.44928
176.06,vehicle.lincoln.mkz2017,3.24,0.44928
176.17,vehicle.lincoln.mkz2017,3.08,0.44928
176.27,vehicle.lincoln.mkz2017,3.1,0.44928
176.37,vehicle.lincoln.mkz2017,3.03,0.44928
176.47,vehicle.lincoln.mkz2017,3.09,0.45706
176.57,vehicle.lincoln.mkz2017,3.15,0.45706
176.67,vehicle.lincoln.mkz2017,3.29,0.46823
176.78,vehicle.lincoln.mkz2017,3.26,0.46823
176.88,vehicle.lincoln.mkz2017,3.23,0.46823
176.98,vehicle.lincoln.mkz2017,3.2,0.48397
177.08,vehicle.lincoln.mkz2017,3.17,0.48397
177.18,vehicle.lincoln.mkz2017,3.19,0.50071
177.28,vehicle.lincoln.mkz2017,3.21,0.50071
177.38,vehicle.lincoln.mkz2017,3.23,0.50071
177.48,vehicle.lincoln.mkz2017,3.28,0.52108
177.58,vehicle.lincoln.mkz2017,3.33,0.52108
177.69,vehicle.lincoln.mkz2017,3.36,0.53548
177.79,vehicle.lincoln.mkz2017,3.38,0.53548
177.89,vehicle.lincoln.mkz2017,3.52,0.54275
177.99,vehicle.lincoln.mkz2017,3.49,0.54275
178.09,vehicle.lincoln.mkz2017,3.47,0.54275
178.19,vehicle.lincoln.mkz2017,3.33,0.54275
178.29,vehicle.lincoln.mkz2017,3.29,0.54275
178.39,vehicle.lincoln.mkz2017,3.13,0.54275
178.5,vehicle.lincoln.mkz2017,3.17,0.54275
178.6,vehicle.lincoln.mkz2017,3.2,0.54275
178.7,vehicle.lincoln.mkz2017,3.22,0.54275
178.8,vehicle.lincoln.mkz2017,3.28,0.54275
178.9,vehicle.lincoln.mkz2017,3.33,0.54275
179.0,vehicle.lincoln.mkz2017,3.32,0.54275
179.1,vehicle.lincoln.mkz2017,3.3,0.54275
179.2,vehicle.lincoln.mkz2017,3.29,0.54275
179.31,vehicle.lincoln.mkz2017,3.16,0.54275
179.41,vehicle.lincoln.mkz2017,3.15,0.54275
179.51,vehicle.lincoln.mkz2017,3.02,0.54275
179.61,vehicle.lincoln.mkz2017,3.03,0.54275
179.71,vehicle.lincoln.mkz2017,3.04,0.54275
179.81,vehicle.lincoln.mkz2017,3.05,0.54275
179.91,vehicle.lincoln.mkz2017,3.09,0.54275
180.01,vehicle.lincoln.mkz2017,3.12,0.54275
180.12,vehicle.lincoln.mkz2017,3.12,0.54275
180.22,vehicle.lincoln.mkz2017,3.12,0.54275
180.32,vehicle.lincoln.mkz2017,3.13,0.54275
180.42,vehicle.lincoln.mkz2017,2.99,0.54275
180.52,vehicle.lincoln.mkz2017,2.99,0.54275
180.62,vehicle.lincoln.mkz2017,2.9,0.54275
180.72,vehicle.lincoln.mkz2017,2.97,0.54275
180.82,vehicle.lincoln.mkz2017,3.04,0.54275
180.93,vehicle.lincoln.mkz2017,3.1,0.54275
181.03,vehicle.lincoln.mkz2017,3.14,0.54275
181.13,vehicle.lincoln.mkz2017,3.18,0.54275
181.23,vehicle.lincoln.mkz2017,3.16,0.54275
181.33,vehicle.lincoln.mkz2017,3.14,0.54275
181.43,vehicle.lincoln.mkz2017,3.12,0.54275
181.53,vehicle.lincoln.mkz2017,2.98,0.54275
181.63,vehicle.lincoln.mkz2017,2.98,0.54275
181.74,vehicle.lincoln.mkz2017,2.87,0.54275
181.84,vehicle.lincoln.mkz2017,2.95,0.54275
181.94,vehicle.lincoln.mkz2017,3.02,0.54275
182.04,vehicle.lincoln.mkz2017,3.09,0.54275
182.14,vehicle.lincoln.mkz2017,3.13,0.54275
182.24,vehicle.lincoln.mkz2017,3.17,0.54275
182.34,vehicle.lincoln.mkz2017,3.02,0.54275
182.44,vehicle.lincoln.mkz2017,3.0,0.54275
182.55,vehicle.lincoln.mkz2017,2.97,0.54275
182.65,vehicle.lincoln.mkz2017,2.85,0.54275
182.75,vehicle.lincoln.mkz2017,2.74,0.54275
182.85,vehicle.lincoln.mkz2017,2.77,0.54275
182.95,vehicle.lincoln.mkz2017,2.69,0.54275
183.05,vehicle.lincoln.mkz2017,2.8,0.54275
183.15,vehicle.lincoln.mkz2017,2.89,0.54275
183.25,vehicle.lincoln.mkz2017,3.08,0.54275
183.36,vehicle.lincoln.mkz2017,3.11,0.54275
183.46,vehicle.lincoln.mkz2017,3.15,0.54275
183.56,vehicle.lincoln.mkz2017,3.11,0.54275
183.66,vehicle.lincoln.mkz2017,3.08,0.54275
183.76,vehicle.lincoln.mkz2017,2.96,0.54275
183.86,vehicle.lincoln.mkz2017,2.84,0.54275
183.96,vehicle.lincoln.mkz2017,2.84,0.54275
184.06,vehicle.lincoln.mkz2017,2.73,0.54275
184.17,vehicle.lincoln.mkz2017,2.8,0.54275
184.27,vehicle.lincoln.mkz2017,2.86,0.54275
184.37,vehicle.lincoln.mkz2017,3.02,0.54275
184.47,vehicle.lincoln.mkz2017,3.06,0.54275
184.57,vehicle.lincoln.mkz2017,3.11,0.54275
184.67,vehicle.lincoln.mkz2017,3.1,0.54275
184.77,vehicle.lincoln.mkz2017,3.1,0.54275
184.87,vehicle.lincoln.mkz2017,2.99,0.54275
184.98,vehicle.lincoln.mkz2017,2.9,0.54275
185.08,vehicle.lincoln.mkz2017,2.92,0.54275
185.18,vehicle.lincoln.mkz2017,2.81,0.54275
185.28,vehicle.lincoln.mkz2017,2.86,0.54275
185.38,vehicle.lincoln.mkz2017,2.91,0.54275
185.48,vehicle.lincoln.mkz2017,3.04,0.54275
185.58,vehicle.lincoln.mkz2017,3.05,0.54275
185.68,vehicle.lincoln.mkz2017,3.19,0.54275
185.78,vehicle.lincoln.mkz2017,3.16,0.54275
185.89,vehicle.lincoln.mkz2017,3.14,0.54275
185.99,vehicle.lincoln.mkz2017,3.03,0.54275
186.09,vehicle.lincoln.mkz2017,3.03,0.54275
186.19,vehicle.lincoln.mkz2017,2.9,0.54275
186.29,vehicle.lincoln.mkz2017,2.95,0.54275
186.39,vehicle.lincoln.mkz2017,2.99,0.54275
186.49,vehicle.lincoln.mkz2017,3.02,0.54275
186.59,vehicle.lincoln.mkz2017,3.03,0.54275
186.7,vehicle.lincoln.mkz2017,3.04,0.54275
186.8,vehicle.lincoln.mkz2017,3.03,0.54275
186.9,vehicle.lincoln.mkz2017,3.02,0.54275
187.0,vehicle.lincoln.mkz2017,3.0,0.54275
187.1,vehicle.lincoln.mkz2017,2.91,0.54275
187.2,vehicle.lincoln.mkz2017,2.95,0.54275
187.3,vehicle.lincoln.mkz2017,2.84,0.54275
187.41,vehicle.lincoln.mkz2017,2.87,0.54275
187.51,vehicle.lincoln.mkz2017,2.89,0.54275
187.61,vehicle.lincoln.mkz2017,2.91,0.54275
187.71,vehicle.lincoln.mkz2017,2.92,0.55651
187.81,vehicle.lincoln.mkz2017,2.93,0.55651
187.91,vehicle.lincoln.mkz2017,2.94,0.57728
188.01,vehicle.lincoln.mkz2017,2.96,0.57728
188.11,vehicle.lincoln.mkz2017,2.97,0.57728
188.22,vehicle.lincoln.mkz2017,2.88,0.57728
188.32,vehicle.lincoln.mkz2017,2.89,0.59552
188.42,vehicle.lincoln.mkz2017,2.77,0.59552
188.52,vehicle.lincoln.mkz2017,2.65,0.59552
188.62,vehicle.lincoln.mkz2017,2.7,0.6177
188.72,vehicle.lincoln.mkz2017,2.75,0.6177
188.82,vehicle.lincoln.mkz2017,2.77,0.63847
188.93,vehicle.lincoln.mkz2017,2.78,0.63847
189.03,vehicle.lincoln.mkz2017,2.95,0.65484
189.13,vehicle.lincoln.mkz2017,2.95,0.65484
189.23,vehicle.lincoln.mkz2017,2.95,0.65484
189.33,vehicle.lincoln.mkz2017,2.96,0.6917
189.43,vehicle.lincoln.mkz2017,2.97,0.6917
189.54,vehicle.lincoln.mkz2017,2.96,0.6917
189.64,vehicle.lincoln.mkz2017,2.95,0.6917
189.74,vehicle.lincoln.mkz2017,3.06,0.6917
189.84,vehicle.lincoln.mkz2017,3.09,0.6917
189.94,vehicle.lincoln.mkz2017,3.12,0.6917
190.04,vehicle.lincoln.mkz2017,3.1,0.6917
190.14,vehicle.lincoln.mkz2017,3.09,0.6917
190.24,vehicle.lincoln.mkz2017,2.96,0.6917
190.35,vehicle.lincoln.mkz2017,2.95,0.6917
190.45,vehicle.lincoln.mkz2017,2.95,0.6917
190.55,vehicle.lincoln.mkz2017,2.98,0.6917
190.65,vehicle.lincoln.mkz2017,3.01,0.6917
190.75,vehicle.lincoln.mkz2017,3.04,0.6917
190.85,vehicle.lincoln.mkz2017,3.06,0.6917
190.95,vehicle.lincoln.mkz2017,3.09,0.6917
191.05,vehicle.lincoln.mkz2017,3.07,0.6917
191.16,vehicle.lincoln.mkz2017,3.05,0.6917
191.26,vehicle.lincoln.mkz2017,3.04,0.6917
191.36,vehicle.lincoln.mkz2017,2.91,0.6917
191.46,vehicle.lincoln.mkz2017,2.79,0.6917
191.56,vehicle.lincoln.mkz2017,2.7,0.6917
191.66,vehicle.lincoln.mkz2017,2.62,0.6917
191.76,vehicle.lincoln.mkz2017,2.55,0.6917
191.86,vehicle.lincoln.mkz2017,2.65,0.6917
191.97,vehicle.lincoln.mkz2017,2.75,0.6917
192.07,vehicle.lincoln.mkz2017,2.81,0.6917
192.17,vehicle.lincoln.mkz2017,2.86,0.6917
192.27,vehicle.lincoln.mkz2017,2.92,0.6917
192.37,vehicle.lincoln.mkz2017,2.88,0.6917
192.47,vehicle.lincoln.mkz2017,2.85,0.6917
192.57,vehicle.lincoln.mkz2017,2.72,0.6917
192.67,vehicle.lincoln.mkz2017,2.75,0.6917
192.77,vehicle.lincoln.mkz2017,2.77,0.6917
192.88,vehicle.lincoln.mkz2017,2.7,0.6917
192.98,vehicle.lincoln.mkz2017,2.77,0.6917
193.08,vehicle.lincoln.mkz2017,2.83,0.6917
193.18,vehicle.lincoln.mkz2017,2.89,0.6917
193.28,vehicle.lincoln.mkz2017,2.94,0.6917
193.38,vehicle.lincoln.mkz2017,2.99,0.6917
193.48,vehicle.lincoln.mkz2017,2.99,0.6917
193.58,vehicle.lincoln.mkz2017,3.0,0.6917
193.68,vehicle.lincoln.mkz2017,2.87,0.6917
193.79,vehicle.lincoln.mkz2017,2.87,0.6917
193.89,vehicle.lincoln.mkz2017,2.88,0.6917
193.99,vehicle.lincoln.mkz2017,2.96,0.6917
194.09,vehicle.lincoln.mkz2017,3.04,0.6917
194.19,vehicle.lincoln.mkz2017,3.12,0.6917
194.29,vehicle.lincoln.mkz2017,3.16,0.6917
194.39,vehicle.lincoln.mkz2017,3.2,0.6917
194.49,vehicle.lincoln.mkz2017,3.16,0.6917
194.6,vehicle.lincoln.mkz2017,3.13,0.6917
194.7,vehicle.lincoln.mkz2017,3.1,0.6917
194.8,vehicle.lincoln.mkz2017,2.97,0.6917
194.9,vehicle.lincoln.mkz2017,3.0,0.6917
195.0,vehicle.lincoln.mkz2017,2.91,0.6917
195.1,vehicle.lincoln.mkz2017,2.98,0.6917
195.2,vehicle.lincoln.mkz2017,3.04,0.6917
195.3,vehicle.lincoln.mkz2017,3.11,0.6917
195.41,vehicle.lincoln.mkz2017,3.11,0.6917
195.51,vehicle.lincoln.mkz2017,3.12,0.6917
195.61,vehicle.lincoln.mkz2017,3.11,0.6917
195.71,vehicle.lincoln.mkz2017,3.09,0.6917
195.81,vehicle.lincoln.mkz2017,3.08,0.6917
195.91,vehicle.lincoln.mkz2017,2.98,0.6917
196.01,vehicle.lincoln.mkz2017,2.95,0.6917
196.11,vehicle.lincoln.mkz2017,2.79,0.6917
196.21,vehicle.lincoln.mkz2017,2.82,0.6917
196.32,vehicle.lincoln.mkz2017,2.85,0.6917
196.42,vehicle.lincoln.mkz2017,2.88,0.6917
196.52,vehicle.lincoln.mkz2017,2.95,0.6917
196.62,vehicle.lincoln.mkz2017,3.01,0.6917
196.72,vehicle.lincoln.mkz2017,3.01,0.6917
196.82,vehicle.lincoln.mkz2017,3.01,0.6917
196.92,vehicle.lincoln.mkz2017,3.09,0.6917
197.03,vehicle.lincoln.mkz2017,3.06,0.6917
197.13,vehicle.lincoln.mkz2017,3.03,0.6917
197.23,vehicle.lincoln.mkz2017,2.88,0.6917
197.33,vehicle.lincoln.mkz2017,2.89,0.6917
197.43,vehicle.lincoln.mkz2017,2.82,0.6917
197.53,vehicle.lincoln.mkz2017,2.75,0.6917
197.63,vehicle.lincoln.mkz2017,2.8,0.6917
197.74,vehicle.lincoln.mkz2017,2.86,0.6917
197.84,vehicle.lincoln.mkz2017,2.84,0.6917
197.94,vehicle.lincoln.mkz2017,2.83,0.6917
198.04,vehicle.lincoln.mkz2017,2.94,0.6917
198.14,vehicle.lincoln.mkz2017,2.91,0.6917
198.24,vehicle.lincoln.mkz2017,2.89,0.6917
198.34,vehicle.lincoln.mkz2017,2.95,0.6917
198.44,vehicle.lincoln.mkz2017,3.0,0.6917
198.55,vehicle.lincoln.mkz2017,3.07,0.6917
198.65,vehicle.lincoln.mkz2017,3.13,0.6917
198.75,vehicle.lincoln.mkz2017,3.18,0.6917
198.85,vehicle.lincoln.mkz2017,3.17,0.6917
198.95,vehicle.lincoln.mkz2017,3.16,0.6917
199.05,vehicle.lincoln.mkz2017,3.01,0.6917
199.15,vehicle.lincoln.mkz2017,2.97,0.6917
199.25,vehicle.lincoln.mkz2017,2.94,0.6917
199.36,vehicle.lincoln.mkz2017,2.99,0.6917
199.46,vehicle.lincoln.mkz2017,3.04,0.6917
199.56,vehicle.lincoln.mkz2017,3.09,0.6917
199.66,vehicle.lincoln.mkz2017,3.11,0.69145
199.76,vehicle.lincoln.mkz2017,3.12,0.69145
199.86,vehicle.lincoln.mkz2017,3.06,0.69089
199.96,vehicle.lincoln.mkz2017,3.0,0.69089
200.07,vehicle.lincoln.mkz2017,2.94,0.69089
200.17,vehicle.lincoln.mkz2017,2.82,0.69089
200.27,vehicle.lincoln.mkz2017,2.84,0.69016
200.37,vehicle.lincoln.mkz2017,2.75,0.69016
200.47,vehicle.lincoln.mkz2017,2.86,0.68906
200.57,vehicle.lincoln.mkz2017,2.96,0.68906
200.67,vehicle.lincoln.mkz2017,3.06,0.68906
200.77,vehicle.lincoln.mkz2017,3.11,0.68852
200.87,vehicle.lincoln.mkz2017,3.16,0.68852
200.98,vehicle.lincoln.mkz2017,3.13,0.68786
201.08,vehicle.lincoln.mkz2017,3.1,0.68786
201.18,vehicle.lincoln.mkz2017,3.07,0.68786
201.28,vehicle.lincoln.mkz2017,2.95,0.68786
201.38,vehicle.lincoln.mkz2017,2.95,0.68751
201.48,vehicle.lincoln.mkz2017,2.84,0.68751
201.58,vehicle.lincoln.mkz2017,2.85,0.68539
201.68,vehicle.lincoln.mkz2017,2.86,0.68539
201.79,vehicle.lincoln.mkz2017,2.86,0.68539
201.89,vehicle.lincoln.mkz2017,2.9,0.62222
201.99,vehicle.lincoln.mkz2017,2.93,0.62222
202.09,vehicle.lincoln.mkz2017,2.99,0.55917
202.19,vehicle.lincoln.mkz2017,3.05,0.55917
202.29,vehicle.lincoln.mkz2017,3.1,0.55917
202.39,vehicle.lincoln.mkz2017,3.01,0.55917
202.49,vehicle.lincoln.mkz2017,3.04,0.50949
202.59,vehicle.lincoln.mkz2017,2.92,0.50949
202.7,vehicle.lincoln.mkz2017,2.94,0.51349
202.8,vehicle.lincoln.mkz2017,2.96,0.51349
202.9,vehicle.lincoln.mkz2017,2.97,0.51349
203.0,vehicle.lincoln.mkz2017,2.99,0.62596
203.1,vehicle.lincoln.mkz2017,3.01,0.62596
203.2,vehicle.lincoln.mkz2017,3.04,0.727
203.3,vehicle.lincoln.mkz2017,3.06,0.727
203.4,vehicle.lincoln.mkz2017,3.09,0.727
203.51,vehicle.lincoln.mkz2017,2.99,0.727
203.61,vehicle.lincoln.mkz2017,2.97,0.80267
203.71,vehicle.lincoln.mkz2017,2.82,0.80267
203.81,vehicle.lincoln.mkz2017,2.84,0.93068
203.91,vehicle.lincoln.mkz2017,2.85,0.93068
204.01,vehicle.lincoln.mkz2017,2.86,0.93068
204.11,vehicle.lincoln.mkz2017,2.91,1.08257
204.22,vehicle.lincoln.mkz2017,2.95,1.08257
204.32,vehicle.lincoln.mkz2017,2.99,1.32065
204.42,vehicle.lincoln.mkz2017,3.02,1.32065
204.52,vehicle.lincoln.mkz2017,3.06,1.32065
204.62,vehicle.lincoln.mkz2017,3.07,1.31413
204.72,vehicle.lincoln.mkz2017,3.08,1.31413
204.82,vehicle.lincoln.mkz2017,3.13,1.30195
204.92,vehicle.lincoln.mkz2017,3.16,1.30195
205.03,vehicle.lincoln.mkz2017,3.2,1.30195
205.13,vehicle.lincoln.mkz2017,3.14,1.30195
205.23,vehicle.lincoln.mkz2017,3.18,1.29487
205.33,vehicle.lincoln.mkz2017,3.05,1.29487
205.43,vehicle.lincoln.mkz2017,3.02,1.28839
205.53,vehicle.lincoln.mkz2017,2.99,1.28839
205.63,vehicle.lincoln.mkz2017,2.97,1.28839
205.73,vehicle.lincoln.mkz2017,2.98,1.28564
205.84,vehicle.lincoln.mkz2017,2.99,1.28564
205.94,vehicle.lincoln.mkz2017,3.04,1.28662
206.04,vehicle.lincoln.mkz2017,3.08,1.28662
206.14,vehicle.lincoln.mkz2017,3.23,1.28741
206.24,vehicle.lincoln.mkz2017,3.24,1.28741
206.35,vehicle.lincoln.mkz2017,3.34,1.28812
206.45,vehicle.lincoln.mkz2017,3.3,1.28812
206.55,vehicle.lincoln.mkz2017,3.27,1.28812
206.65,vehicle.lincoln.mkz2017,3.12,1.28812
206.75,vehicle.lincoln.mkz2017,3.12,1.29033
206.85,vehicle.lincoln.mkz2017,3.02,1.29033
206.95,vehicle.lincoln.mkz2017,2.93,1.29033
207.06,vehicle.lincoln.mkz2017,2.99,1.30054
207.16,vehicle.lincoln.mkz2017,3.05,1.30054
207.26,vehicle.lincoln.mkz2017,3.07,1.30548
207.36,vehicle.lincoln.mkz2017,3.08,1.30548
207.46,vehicle.lincoln.mkz2017,3.21,1.31093
207.56,vehicle.lincoln.mkz2017,3.19,1.31093
207.66,vehicle.lincoln.mkz2017,3.16,1.31093
207.76,vehicle.lincoln.mkz2017,3.04,1.31093
207.86,vehicle.lincoln.mkz2017,3.03,1.30978
207.97,vehicle.lincoln.mkz2017,2.91,1.30978
208.07,vehicle.lincoln.mkz2017,2.97,1.29934
208.17,vehicle.lincoln.mkz2017,3.02,1.29934
208.27,vehicle.lincoln.mkz2017,3.15,1.37453
208.37,vehicle.lincoln.mkz2017,3.17,1.37453
208.47,vehicle.lincoln.mkz2017,3.18,1.37453
208.57,vehicle.lincoln.mkz2017,3.14,1.46206
208.67,vehicle.lincoln.mkz2017,3.1,1.46206
208.77,vehicle.lincoln.mkz2017,2.99,1.46206
208.88,vehicle.lincoln.mkz2017,2.94,1.51086
208.98,vehicle.lincoln.mkz2017,2.89,1.51086
209.08,vehicle.lincoln.mkz2017,2.74,1.51086
209.18,vehicle.lincoln.mkz2017,2.7,1.75565
209.28,vehicle.lincoln.mkz2017,2.67,1.75565
209.38,vehicle.lincoln.mkz2017,2.71,1.99354
209.48,vehicle.lincoln.mkz2017,2.74,1.99354
209.58,vehicle.lincoln.mkz2017,2.78,1.99354
209.68,vehicle.lincoln.mkz2017,2.86,2.31009
209.79,vehicle.lincoln.mkz2017,2.94,2.31009
209.89,vehicle.lincoln.mkz2017,2.88,2.31009
209.99,vehicle.lincoln.mkz2017,2.89,2.57762
210.09,vehicle.lincoln.mkz2017,2.91,2.57762
210.19,vehicle.lincoln.mkz2017,2.93,2.81976
210.29,vehicle.lincoln.mkz2017,2.95,2.81976
210.39,vehicle.lincoln.mkz2017,2.97,2.81976
210.49,vehicle.lincoln.mkz2017,3.0,3.05344
210.6,vehicle.lincoln.mkz2017,3.02,3.05344
210.7,vehicle.lincoln.mkz2017,2.94,3.12729
210.8,vehicle.lincoln.mkz2017,2.86,3.12729
210.9,vehicle.lincoln.mkz2017,2.8,3.12729
211.0,vehicle.lincoln.mkz2017,2.8,3.19657
211.1,vehicle.lincoln.mkz2017,2.81,3.19657
211.2,vehicle.lincoln.mkz2017,2.74,3.19657
211.31,vehicle.lincoln.mkz2017,2.88,2.96864
211.41,vehicle.lincoln.mkz2017,3.01,2.96864
211.51,vehicle.lincoln.mkz2017,3.15,2.52005
211.61,vehicle.lincoln.mkz2017,3.28,2.52005
211.71,vehicle.lincoln.mkz2017,3.4,2.52005
211.81,vehicle.lincoln.mkz2017,3.37,2.2337
211.91,vehicle.lincoln.mkz2017,3.34,2.2337
212.01,vehicle.lincoln.mkz2017,3.14,2.2337
212.11,vehicle.lincoln.mkz2017,3.12,1.83685
212.22,vehicle.lincoln.mkz2017,3.11,1.83685
212.32,vehicle.lincoln.mkz2017,3.04,1.83685
212.42,vehicle.lincoln.mkz2017,3.15,1.29879
212.52,vehicle.lincoln.mkz2017,3.26,1.29879
212.62,vehicle.lincoln.mkz2017,3.32,0.75648
212.72,vehicle.lincoln.mkz2017,3.38,0.75648
212.82,vehicle.lincoln.mkz2017,3.43,0.75648
212.93,vehicle.lincoln.mkz2017,3.39,0.54484
213.03,vehicle.lincoln.mkz2017,3.35,0.54484
213.13,vehicle.lincoln.mkz2017,3.19,0.54484
213.23,vehicle.lincoln.mkz2017,3.17,0.51621
213.33,vehicle.lincoln.mkz2017,3.15,0.51621
213.43,vehicle.lincoln.mkz2017,3.04,0.51621
213.53,vehicle.lincoln.mkz2017,3.11,0.47746
213.63,vehicle.lincoln.mkz2017,3.18,0.47746
213.74,vehicle.lincoln.mkz2017,3.24,0.46996
213.84,vehicle.lincoln.mkz2017,3.29,0.46996
213.94,vehicle.lincoln.mkz2017,3.34,0.46996
214.04,vehicle.lincoln.mkz2017,3.29,0.46384
214.14,vehicle.lincoln.mkz2017,3.23,0.46384
214.24,vehicle.lincoln.mkz2017,3.07,0.46384
214.34,vehicle.lincoln.mkz2017,3.01,0.48434
214.44,vehicle.lincoln.mkz2017,2.97,0.48434
214.55,vehicle.lincoln.mkz2017,2.85,0.48434
214.65,vehicle.lincoln.mkz2017,2.94,0.52632
214.75,vehicle.lincoln.mkz2017,3.03,0.52632
214.85,vehicle.lincoln.mkz2017,3.1,0.54271
214.95,vehicle.lincoln.mkz2017,3.16,0.54271
215.05,vehicle.lincoln.mkz2017,3.21,0.54271
215.15,vehicle.lincoln.mkz2017,3.17,0.55513
215.25,vehicle.lincoln.mkz2017,3.13,0.55513
215.36,vehicle.lincoln.mkz2017,3.01,0.55513
215.46,vehicle.lincoln.mkz2017,3.02,0.54035
215.56,vehicle.lincoln.mkz2017,3.03,0.54035
215.66,vehicle.lincoln.mkz2017,3.1,0.51125
215.76,vehicle.lincoln.mkz2017,3.16,0.51125
215.86,vehicle.lincoln.mkz2017,3.22,0.51125
215.96,vehicle.lincoln.mkz2017,3.21,0.50004
216.07,vehicle.lincoln.mkz2017,3.21,0.50004
216.17,vehicle.lincoln.mkz2017,3.03,0.50004
216.27,vehicle.lincoln.mkz2017,2.97,0.48225
216.37,vehicle.lincoln.mkz2017,2.91,0.48225
216.47,vehicle.lincoln.mkz2017,2.8,0.48225
216.57,vehicle.lincoln.mkz2017,2.84,1.25884
216.68,vehicle.lincoln.mkz2017,2.89,1.25884
216.78,vehicle.lincoln.mkz2017,2.91,1.9829
216.88,vehicle.lincoln.mkz2017,2.92,1.9829
216.98,vehicle.lincoln.mkz2017,3.04,2.84284
217.08,vehicle.lincoln.mkz2017,2.99,2.84284
217.18,vehicle.lincoln.mkz2017,2.95,2.84284
217.28,vehicle.lincoln.mkz2017,2.91,3.60784
217.38,vehicle.lincoln.mkz2017,2.88,3.60784
217.49,vehicle.lincoln.mkz2017,2.75,3.60784
217.59,vehicle.lincoln.mkz2017,2.63,3.60784
217.69,vehicle.lincoln.mkz2017,2.58,4.12216
217.79,vehicle.lincoln.mkz2017,2.45,4.12216
217.89,vehicle.lincoln.mkz2017,2.4,4.80825
217.99,vehicle.lincoln.mkz2017,2.36,4.80825
218.09,vehicle.lincoln.mkz2017,2.4,5.41152
218.19,vehicle.lincoln.mkz2017,2.37,5.41152
218.29,vehicle.lincoln.mkz2017,2.34,5.41152
218.4,vehicle.lincoln.mkz2017,2.28,5.71528
218.5,vehicle.lincoln.mkz2017,2.21,5.71528
218.6,vehicle.lincoln.mkz2017,2.09,5.71528
218.7,vehicle.lincoln.mkz2017,2.02,6.18605
218.8,vehicle.lincoln.mkz2017,1.97,6.18605
218.9,vehicle.lincoln.mkz2017,1.88,6.18605
219.0,vehicle.lincoln.mkz2017,1.86,6.75601
219.1,vehicle.lincoln.mkz2017,1.85,6.75601
219.2,vehicle.lincoln.mkz2017,1.84,6.92492
219.31,vehicle.lincoln.mkz2017,1.83,6.92492
219.41,vehicle.lincoln.mkz2017,1.83,6.92492
219.51,vehicle.lincoln.mkz2017,1.8,6.92492
219.61,vehicle.lincoln.mkz2017,1.78,6.92492
219.71,vehicle.lincoln.mkz2017,1.7,6.92492
219.81,vehicle.lincoln.mkz2017,1.66,6.92492
219.91,vehicle.lincoln.mkz2017,1.63,6.92492
220.01,vehicle.lincoln.mkz2017,1.62,6.92492
220.12,vehicle.lincoln.mkz2017,1.61,6.92492
220.22,vehicle.lincoln.mkz2017,1.6,6.92492
220.32,vehicle.lincoln.mkz2017,1.58,6.84244
220.42,vehicle.lincoln.mkz2017,1.56,6.84244
220.52,vehicle.lincoln.mkz2017,1.51,6.75765
220.62,vehicle.lincoln.mkz2017,1.46,6.75765
220.72,vehicle.lincoln.mkz2017,1.42,6.75765
220.83,vehicle.lincoln.mkz2017,1.34,6.75765
220.93,vehicle.lincoln.mkz2017,1.29,6.71856
221.03,vehicle.lincoln.mkz2017,1.2,6.71856
221.13,vehicle.lincoln.mkz2017,1.13,6.70164
221.23,vehicle.lincoln.mkz2017,1.06,6.70164
221.33,vehicle.lincoln.mkz2017,1.0,6.70164
221.43,vehicle.lincoln.mkz2017,0.97,6.59238
221.53,vehicle.lincoln.mkz2017,0.95,6.59238
221.64,vehicle.lincoln.mkz2017,0.94,6.52974
221.74,vehicle.lincoln.mkz2017,0.93,6.52974
221.84,vehicle.lincoln.mkz2017,0.94,6.48619
221.94,vehicle.lincoln.mkz2017,0.9,6.48619
222.04,vehicle.lincoln.mkz2017,0.86,6.48619
222.14,vehicle.lincoln.mkz2017,0.83,6.43276
222.24,vehicle.lincoln.mkz2017,0.8,6.43276
222.34,vehicle.lincoln.mkz2017,0.76,6.43276
222.45,vehicle.lincoln.mkz2017,0.73,6.43276
222.55,vehicle.lincoln.mkz2017,0.7,6.37539
222.65,vehicle.lincoln.mkz2017,0.65,6.37539
222.75,vehicle.lincoln.mkz2017,0.61,6.37368
222.85,vehicle.lincoln.mkz2017,0.57,6.37368
222.95,vehicle.lincoln.mkz2017,0.53,6.38304
223.05,vehicle.lincoln.mkz2017,0.5,6.38304
223.15,vehicle.lincoln.mkz2017,0.46,6.38304
223.26,vehicle.lincoln.mkz2017,0.43,6.36695
223.36,vehicle.lincoln.mkz2017,0.4,6.36695
223.46,vehicle.lincoln.mkz2017,0.39,6.34613
223.56,vehicle.lincoln.mkz2017,0.38,6.34613
223.66,vehicle.lincoln.mkz2017,0.39,6.31287
223.76,vehicle.lincoln.mkz2017,0.39,6.31287
223.86,vehicle.lincoln.mkz2017,0.39,6.31287
223.96,vehicle.lincoln.mkz2017,0.38,6.31287
224.07,vehicle.lincoln.mkz2017,0.37,6.29399
224.17,vehicle.lincoln.mkz2017,0.35,6.29399
224.27,vehicle.lincoln.mkz2017,0.32,6.29368
224.37,vehicle.lincoln.mkz2017,0.3,6.29368
224.47,vehicle.lincoln.mkz2017,0.28,6.29368
224.57,vehicle.lincoln.mkz2017,0.26,6.29175
224.67,vehicle.lincoln.mkz2017,0.24,6.29175
224.77,vehicle.lincoln.mkz2017,0.24,6.27685
224.87,vehicle.lincoln.mkz2017,0.23,6.27685
224.98,vehicle.lincoln.mkz2017,0.23,6.27685
225.08,vehicle.lincoln.mkz2017,0.22,6.27685
225.18,vehicle.lincoln.mkz2017,0.23,6.25272
225.28,vehicle.lincoln.mkz2017,0.22,6.25272
225.38,vehicle.lincoln.mkz2017,0.23,6.21839
225.48,vehicle.lincoln.mkz2017,0.25,6.21839
225.58,vehicle.lincoln.mkz2017,0.26,6.21839
225.68,vehicle.lincoln.mkz2017,0.26,6.20457
225.78,vehicle.lincoln.mkz2017,0.25,6.20457
225.89,vehicle.lincoln.mkz2017,0.24,6.21255
225.99,vehicle.lincoln.mkz2017,0.23,6.21255
226.09,vehicle.lincoln.mkz2017,0.22,6.21255
226.19,vehicle.lincoln.mkz2017,0.21,6.21255
226.29,vehicle.lincoln.mkz2017,0.19,6.21634
226.39,vehicle.lincoln.mkz2017,0.18,6.21634
226.49,vehicle.lincoln.mkz2017,0.17,6.21703
226.59,vehicle.lincoln.mkz2017,0.16,6.21703
226.7,vehicle.lincoln.mkz2017,0.14,6.21703
226.8,vehicle.lincoln.mkz2017,0.13,6.21719
226.9,vehicle.lincoln.mkz2017,0.12,6.21719
227.0,vehicle.lincoln.mkz2017,0.11,6.21728
227.1,vehicle.lincoln.mkz2017,0.11,6.21728
227.2,vehicle.lincoln.mkz2017,0.1,6.21728
227.3,vehicle.lincoln.mkz2017,0.09,6.21741
227.4,vehicle.lincoln.mkz2017,0.08,6.21741
227.5,vehicle.lincoln.mkz2017,0.08,6.21741
227.61,vehicle.lincoln.mkz2017,0.07,6.21765
227.71,vehicle.lincoln.mkz2017,0.07,6.21765
227.81,vehicle.lincoln.mkz2017,0.06,6.21776
227.91,vehicle.lincoln.mkz2017,0.06,6.21776
228.01,vehicle.lincoln.mkz2017,0.05,6.21776
228.11,vehicle.lincoln.mkz2017,0.05,6.21776
228.21,vehicle.lincoln.mkz2017,0.05,6.21814
228.31,vehicle.lincoln.mkz2017,0.04,6.21814
228.42,vehicle.lincoln.mkz2017,0.04,6.21814
228.52,vehicle.lincoln.mkz2017,0.04,6.21873
228.62,vehicle.lincoln.mkz2017,0.04,6.21873
228.72,vehicle.lincoln.mkz2017,0.03,6.21873
228.82,vehicle.lincoln.mkz2017,0.03,6.21929
228.92,vehicle.lincoln.mkz2017,0.03,6.21929
229.02,vehicle.lincoln.mkz2017,0.03,6.21959
229.13,vehicle.lincoln.mkz2017,0.03,6.21959
229.23,vehicle.lincoln.mkz2017,0.03,6.21937
229.33,vehicle.lincoln.mkz2017,0.02,6.21937
229.43,vehicle.lincoln.mkz2017,0.02,6.21937
229.53,vehicle.lincoln.mkz2017,0.02,6.21937
229.63,vehicle.lincoln.mkz2017,0.02,6.21885
229.73,vehicle.lincoln.mkz2017,0.02,6.21885
229.83,vehicle.lincoln.mkz2017,0.02,6.21846
229.93,vehicle.lincoln.mkz2017,0.02,6.21846
230.04,vehicle.lincoln.mkz2017,0.02,6.21846
230.14,vehicle.lincoln.mkz2017,0.01,6.21807
230.24,vehicle.lincoln.mkz2017,0.01,6.21807
230.34,vehicle.lincoln.mkz2017,0.01,6.21775
230.44,vehicle.lincoln.mkz2017,0.01,6.21775
230.54,vehicle.lincoln.mkz2017,0.01,6.21749
230.64,vehicle.lincoln.mkz2017,0.01,6.21749
230.74,vehicle.lincoln.mkz2017,0.01,6.21749
230.85,vehicle.lincoln.mkz2017,0.01,6.21723
230.95,vehicle.lincoln.mkz2017,0.01,6.21723
231.05,vehicle.lincoln.mkz2017,0.01,6.21874
231.15,vehicle.lincoln.mkz2017,0.01,6.21874
231.25,vehicle.lincoln.mkz2017,0.01,6.21874
231.35,vehicle.lincoln.mkz2017,0.01,6.21984
231.45,vehicle.lincoln.mkz2017,0.01,6.21984
231.55,vehicle.lincoln.mkz2017,0.01,6.21984
231.66,vehicle.lincoln.mkz2017,0.01,6.22445
231.76,vehicle.lincoln.mkz2017,0.02,6.22445
231.86,vehicle.lincoln.mkz2017,0.02,6.22445
231.96,vehicle.lincoln.mkz2017,0.02,6.22684
232.06,vehicle.lincoln.mkz2017,0.02,6.22684
232.16,vehicle.lincoln.mkz2017,0.02,6.22418
232.26,vehicle.lincoln.mkz2017,0.02,6.22418
232.36,vehicle.lincoln.mkz2017,0.02,6.22418
232.46,vehicle.lincoln.mkz2017,0.02,6.22401
232.57,vehicle.lincoln.mkz2017,0.02,6.22401
232.67,vehicle.lincoln.mkz2017,0.02,6.22401
232.77,vehicle.lincoln.mkz2017,0.02,6.22495
232.87,vehicle.lincoln.mkz2017,0.02,6.22495
232.97,vehicle.lincoln.mkz2017,0.02,6.22495
233.07,vehicle.lincoln.mkz2017,0.02,6.22487
233.17,vehicle.lincoln.mkz2017,0.02,6.22487
233.27,vehicle.lincoln.mkz2017,0.02,6.22436
233.37,vehicle.lincoln.mkz2017,0.01,6.22436
233.48,vehicle.lincoln.mkz2017,0.01,6.22436
233.58,vehicle.lincoln.mkz2017,0.01,6.22467
233.68,vehicle.lincoln.mkz2017,0.01,6.22467
233.78,vehicle.lincoln.mkz2017,0.01,6.22467
233.88,vehicle.lincoln.mkz2017,0.01,6.22484
233.98,vehicle.lincoln.mkz2017,0.01,6.22484
234.08,vehicle.lincoln.mkz2017,0.01,6.22414
234.18,vehicle.lincoln.mkz2017,0.01,6.22414
234.28,vehicle.lincoln.mkz2017,0.01,6.22414
234.39,vehicle.lincoln.mkz2017,0.01,6.22346
234.49,vehicle.lincoln.mkz2017,0.01,6.22346
234.59,vehicle.lincoln.mkz2017,0.01,6.22307
234.69,vehicle.lincoln.mkz2017,0.01,6.22307
234.79,vehicle.lincoln.mkz2017,0.01,6.22307
234.89,vehicle.lincoln.mkz2017,0.01,6.22307
234.99,vehicle.lincoln.mkz2017,0.01,6.22299
235.09,vehicle.lincoln.mkz2017,0.01,6.22299
235.2,vehicle.lincoln.mkz2017,0.01,6.22289
235.3,vehicle.lincoln.mkz2017,0.01,6.22289
235.4,vehicle.lincoln.mkz2017,0.01,6.22289
235.5,vehicle.lincoln.mkz2017,0.01,6.22294
235.6,vehicle.lincoln.mkz2017,0.01,6.22294
235.7,vehicle.lincoln.mkz2017,0.0,6.22311
235.8,vehicle.lincoln.mkz2017,0.0,6.22311
235.9,vehicle.lincoln.mkz2017,0.0,6.22311
236.01,vehicle.lincoln.mkz2017,0.0,6.22311
236.11,vehicle.lincoln.mkz2017,0.0,6.22322
236.21,vehicle.lincoln.mkz2017,0.0,6.22322
236.31,vehicle.lincoln.mkz2017,0.0,6.22308
