index,current_time,vehicle_type,x,y,z,speed,vehicle_pitch,waypoint_pitch,calculated_speed,smoothed_speed
0,1712338061.12447,vehicle.toyota.prius,149.755432128906,-228.766525268555,243.803100585937,0,1.56722784042358,1.28735995292664,0,0
1,1712338061.22558,vehicle.toyota.prius,149.755432128906,-228.766525268555,243.803100585937,0,1.56722784042358,1.28735995292664,0,0
2,1712338061.32679,vehicle.toyota.prius,149.755432128906,-228.766525268555,243.803100585937,0,1.56722784042358,1.28735995292664,0,0
3,1712338061.42915,vehicle.toyota.prius,149.755432128906,-228.766525268555,243.803100585937,0,1.56722784042358,1.28735995292664,0,0
4,1712338061.53059,vehicle.toyota.prius,149.755432128906,-228.766525268555,243.803100585937,0,1.56722784042358,1.28735995292664,0,0
5,1712338061.63199,vehicle.toyota.prius,149.755432128906,-228.766525268555,243.803100585937,0,1.56722784042358,1.28735995292664,0,0
6,1712338061.73314,vehicle.toyota.prius,149.755432128906,-228.766525268555,243.803100585937,0,1.56722784042358,1.28735995292664,0,0
7,1712338061.83422,vehicle.toyota.prius,149.755432128906,-228.766525268555,243.803100585937,0,1.56722784042358,1.28735995292664,0,0
8,1712338061.93548,vehicle.toyota.prius,149.755432128906,-228.766525268555,243.803100585937,0,1.56722784042358,1.28735995292664,0,0
9,1712338062.0368,vehicle.toyota.prius,149.755432128906,-228.766525268555,243.803100585937,0,1.56722784042358,1.28735995292664,0,0
10,1712338062.13788,vehicle.toyota.prius,149.755432128906,-228.766525268555,243.803100585937,0,1.56722784042358,1.28735995292664,0,0
11,1712338062.23904,vehicle.toyota.prius,149.755432128906,-228.766525268555,243.803100585937,0,1.56722784042358,1.28735995292664,0,0
12,1712338062.34067,vehicle.toyota.prius,149.755432128906,-228.766525268555,243.803100585937,0,1.56722784042358,1.28735995292664,0,0
13,1712338062.44211,vehicle.toyota.prius,149.755432128906,-228.766525268555,243.803100585937,0,1.56722784042358,1.28735995292664,0,0
14,1712338062.54316,vehicle.toyota.prius,149.755432128906,-228.766525268555,243.803100585937,0,1.56722784042358,1.28735995292664,0,0
15,1712338062.64422,vehicle.toyota.prius,149.755432128906,-228.766525268555,243.803100585937,0,1.56722784042358,1.28735995292664,0,0
16,1712338062.74559,vehicle.toyota.prius,149.755432128906,-228.766525268555,243.803100585937,0,1.56722784042358,1.28735995292664,0,0
17,1712338062.84675,vehicle.toyota.prius,149.755432128906,-228.766525268555,243.803100585937,0,1.56722784042358,1.28735995292664,0,0
18,1712338062.94855,vehicle.toyota.prius,149.755432128906,-228.766525268555,243.803100585937,0,1.56722784042358,1.28735995292664,0,0
19,1712338063.05004,vehicle.toyota.prius,149.755432128906,-228.766525268555,243.803100585937,0,1.56722784042358,1.28735995292664,0,0
20,1712338063.15108,vehicle.toyota.prius,149.755432128906,-228.766525268555,243.803100585937,0,1.56722784042358,1.28735995292664,0,0
21,1712338063.25216,vehicle.toyota.prius,149.755432128906,-228.766525268555,243.803100585937,0,1.56722784042358,1.28735995292664,0,0
22,1712338063.35327,vehicle.toyota.prius,149.755432128906,-228.766525268555,243.803100585937,0,1.56722784042358,1.28735995292664,0,0
23,1712338063.4546,vehicle.toyota.prius,149.755432128906,-228.766525268555,243.803100585937,0,1.56722784042358,1.28735995292664,0,0
24,1712338063.55602,vehicle.toyota.prius,149.755432128906,-228.766525268555,243.803100585937,0,1.56722784042358,1.28735995292664,0,0
25,1712338063.6579,vehicle.toyota.prius,149.755432128906,-228.766525268555,243.803100585937,0,1.56722784042358,1.28735995292664,0,0
26,1712338063.7593,vehicle.toyota.prius,149.755432128906,-228.766525268555,243.803100585937,0,1.56722784042358,1.28735995292664,0,0
27,1712338063.8603,vehicle.toyota.prius,149.755432128906,-228.766525268555,243.803100585937,0,1.56722784042358,1.28735995292664,0,0
28,1712338063.96135,vehicle.toyota.prius,149.755432128906,-228.766525268555,243.803100585937,0,1.56722784042358,1.28735995292664,0,0
29,1712338064.06266,vehicle.toyota.prius,149.755432128906,-228.766525268555,243.803100585937,0,1.56722784042358,1.28735995292664,0,0
30,1712338064.16486,vehicle.toyota.prius,149.755432128906,-228.766525268555,243.803100585937,0,1.56722784042358,1.28735995292664,0,0
31,1712338064.26637,vehicle.toyota.prius,149.755432128906,-228.766525268555,243.803100585937,0,1.56722784042358,1.28735995292664,0,0
32,1712338064.36829,vehicle.toyota.prius,149.755432128906,-228.766525268555,243.803100585937,0,1.56722784042358,1.28735995292664,0,0
33,1712338064.46939,vehicle.toyota.prius,149.755432128906,-228.766525268555,243.803100585937,0,1.56722784042358,1.28735995292664,0,0
34,1712338064.57045,vehicle.toyota.prius,149.755432128906,-228.766525268555,243.803100585937,0,1.56722784042358,1.28735995292664,0,0
35,1712338064.67162,vehicle.toyota.prius,149.755432128906,-228.766525268555,243.803100585937,0,1.56722784042358,1.28735995292664,0,0
36,1712338064.77299,vehicle.toyota.prius,149.755432128906,-228.766525268555,243.803100585937,0,1.56722784042358,1.28735995292664,0,0
37,1712338064.87399,vehicle.toyota.prius,149.755432128906,-228.766525268555,243.803100585937,0,1.56722784042358,1.28735995292664,0,0
38,1712338064.97504,vehicle.toyota.prius,149.755432128906,-228.766525268555,243.803100585937,0,1.56722784042358,1.28735995292664,0,0
39,1712338065.07614,vehicle.toyota.prius,149.755432128906,-228.766525268555,243.803100585937,0,1.56722784042358,1.28735995292664,0,0
40,1712338065.1771,vehicle.toyota.prius,149.755432128906,-228.766525268555,243.803100585937,0,1.56722784042358,1.28735995292664,0,0
41,1712338065.27816,vehicle.toyota.prius,149.755432128906,-228.766525268555,243.803100585937,0,1.56722784042358,1.28735995292664,0,0
42,1712338065.37939,vehicle.toyota.prius,149.755432128906,-228.766525268555,243.803100585937,0,1.56722784042358,1.28735995292664,0,0
43,1712338065.48064,vehicle.toyota.prius,149.755432128906,-228.766525268555,243.803100585937,0,1.56722784042358,1.28735995292664,0,0
44,1712338065.58185,vehicle.toyota.prius,149.755432128906,-228.766525268555,243.803100585937,0,1.56722784042358,1.28735995292664,0,0
45,1712338065.68305,vehicle.toyota.prius,149.755432128906,-228.766525268555,243.803100585937,0,1.56722784042358,1.28735995292664,0,0
46,1712338065.78411,vehicle.toyota.prius,149.755432128906,-228.766525268555,243.803100585937,0,1.56722784042358,1.28735995292664,0,0
47,1712338065.8852,vehicle.toyota.prius,149.755432128906,-228.766525268555,243.803100585937,0,1.56722784042358,1.28735995292664,0,0
48,1712338065.98625,vehicle.toyota.prius,149.755432128906,-228.766525268555,243.803100585937,0,1.56722784042358,1.28735995292664,0,0
49,1712338066.08755,vehicle.toyota.prius,149.755432128906,-228.766525268555,243.803100585937,0,1.56722784042358,1.28735995292664,0,0
50,1712338066.18869,vehicle.toyota.prius,149.755432128906,-228.766525268555,243.803100585937,0,1.56722784042358,1.28735995292664,0,0
51,1712338066.28995,vehicle.toyota.prius,149.755432128906,-228.766525268555,243.803100585937,0,1.56722784042358,1.28735995292664,0,0
52,1712338066.39129,vehicle.toyota.prius,149.755432128906,-228.766525268555,243.803100585937,0,1.56722784042358,1.28735995292664,0,0
53,1712338066.49306,vehicle.toyota.prius,149.755432128906,-228.766525268555,243.803100585937,0,1.56722784042358,1.28735995292664,0,0
54,1712338066.59411,vehicle.toyota.prius,149.755432128906,-228.766525268555,243.803100585937,0,1.56722784042358,1.28735995292664,0,0
55,1712338066.69518,vehicle.toyota.prius,149.755432128906,-228.766525268555,243.803100585937,0,1.56722784042358,1.28735995292664,0,0
56,1712338066.79631,vehicle.toyota.prius,149.755432128906,-228.766525268555,243.803100585937,0,1.56722784042358,1.28735995292664,0,0
57,1712338066.8974,vehicle.toyota.prius,149.755432128906,-228.766525268555,243.803100585937,0,1.56722784042358,1.28735995292664,0,0
58,1712338066.99868,vehicle.toyota.prius,149.755432128906,-228.766525268555,243.803100585937,0,1.56722784042358,1.28735995292664,0,0
59,1712338067.0998,vehicle.toyota.prius,149.755432128906,-228.766525268555,243.803100585937,0,1.56722784042358,1.28735995292664,0,0
60,1712338067.20085,vehicle.toyota.prius,149.755432128906,-228.766525268555,243.803100585937,0,1.56722784042358,1.28735995292664,0,0
61,1712338067.30234,vehicle.toyota.prius,149.755432128906,-228.766525268555,243.803100585937,0,1.56722784042358,1.28735995292664,0,0
62,1712338067.40387,vehicle.toyota.prius,149.755432128906,-228.766525268555,243.803100585937,0,1.56722784042358,1.28735995292664,0,0
63,1712338067.50629,vehicle.toyota.prius,149.755432128906,-228.766525268555,243.803100585937,0,1.56722784042358,1.28735995292664,0,0
64,1712338067.60755,vehicle.toyota.prius,149.755432128906,-228.766525268555,243.803100585937,0,1.56722784042358,1.28735995292664,0,0
65,1712338067.70868,vehicle.toyota.prius,149.755432128906,-228.766525268555,243.803100585937,0,1.56722784042358,1.28735995292664,0,0
66,1712338067.8098,vehicle.toyota.prius,149.755432128906,-228.766525268555,243.803100585937,0,1.56722784042358,1.28735995292664,0,0
67,1712338067.91087,vehicle.toyota.prius,149.755432128906,-228.766525268555,243.803100585937,0,1.56722784042358,1.28735995292664,0,0
68,1712338068.01225,vehicle.toyota.prius,149.755432128906,-228.766525268555,243.803100585937,0,1.56722784042358,1.28735995292664,0,0
69,1712338068.1141,vehicle.toyota.prius,149.755432128906,-228.766525268555,243.803100585937,0,1.56722784042358,1.28735995292664,0,0
70,1712338068.21515,vehicle.toyota.prius,149.755432128906,-228.766525268555,243.803100585937,0,1.56722784042358,1.28735995292664,0,0
71,1712338068.31642,vehicle.toyota.prius,149.755432128906,-228.766525268555,243.803100585937,0,1.56722784042358,1.28735995292664,0,0
72,1712338068.41795,vehicle.toyota.prius,149.755432128906,-228.766525268555,243.803100585937,0,1.56722784042358,1.28735995292664,0,0
73,1712338068.5192,vehicle.toyota.prius,149.755432128906,-228.766525268555,243.803100585937,0,1.56722784042358,1.28735995292664,0,0
74,1712338068.62057,vehicle.toyota.prius,149.755432128906,-228.766525268555,243.803100585937,0,1.56722784042358,1.28735995292664,0,0
75,1712338068.72186,vehicle.toyota.prius,149.755432128906,-228.766525268555,243.803100585937,0,1.56722784042358,1.28735995292664,0,0
76,1712338068.82627,vehicle.toyota.prius,149.755432128906,-228.766525268555,243.803100585937,0,1.56722784042358,1.28735995292664,0,0
77,1712338068.92775,vehicle.toyota.prius,149.755432128906,-228.766525268555,243.803100585937,0,1.56722784042358,1.28735995292664,0,0
78,1712338069.02902,vehicle.toyota.prius,149.755432128906,-228.766525268555,243.803100585937,0,1.56722784042358,1.28735995292664,0,0
79,1712338069.13017,vehicle.toyota.prius,149.755432128906,-228.766525268555,243.803100585937,0,1.56722784042358,1.28735995292664,0,0
80,1712338069.23125,vehicle.toyota.prius,149.755432128906,-228.766525268555,243.803100585937,0,1.56722784042358,1.28735995292664,0,0
81,1712338069.3323,vehicle.toyota.prius,149.755432128906,-228.766525268555,243.803100585937,0,1.56722784042358,1.28735995292664,0,0
82,1712338069.43337,vehicle.toyota.prius,149.755432128906,-228.766525268555,243.803100585937,0,1.56722784042358,1.28735995292664,0,0
83,1712338069.53443,vehicle.toyota.prius,149.755432128906,-228.766525268555,243.803100585937,0,1.56722784042358,1.28735995292664,0,0
84,1712338069.6361,vehicle.toyota.prius,149.755432128906,-228.766525268555,243.803100585937,0,1.56722784042358,1.28735995292664,0,0
85,1712338069.73719,vehicle.toyota.prius,149.755432128906,-228.766525268555,243.803100585937,0,1.56722784042358,1.28735995292664,0,0
86,1712338069.83988,vehicle.toyota.prius,149.755432128906,-228.766525268555,243.803100585937,0,1.56722784042358,1.28735995292664,0,0
87,1712338069.94096,vehicle.toyota.prius,149.755432128906,-228.766525268555,243.803100585937,0,1.56722784042358,1.28735995292664,0,0
88,1712338070.04207,vehicle.toyota.prius,149.755432128906,-228.766525268555,243.803100585937,0,1.56722784042358,1.28735995292664,0,0
89,1712338070.14348,vehicle.toyota.prius,149.755432128906,-228.766525268555,243.803100585937,0,1.56722784042358,1.28735995292664,0,0
90,1712338070.24486,vehicle.toyota.prius,149.755432128906,-228.766525268555,243.803100585937,0,1.56722784042358,1.28735995292664,0,0
91,1712338070.34597,vehicle.toyota.prius,149.755432128906,-228.766525268555,243.803100585937,0,1.56722784042358,1.28735995292664,0,0
92,1712338070.44767,vehicle.toyota.prius,149.755432128906,-228.766525268555,243.803100585937,0,1.56722784042358,1.28735995292664,0,0
93,1712338070.54895,vehicle.toyota.prius,149.755432128906,-228.766525268555,243.803100585937,0,1.56722784042358,1.28735995292664,0,0
94,1712338070.65019,vehicle.toyota.prius,149.755432128906,-228.766525268555,243.803100585937,0,1.56722784042358,1.28735995292664,0,0
95,1712338070.75126,vehicle.toyota.prius,149.755432128906,-228.766525268555,243.803100585937,0,1.56722784042358,1.28735995292664,0,0
96,1712338070.85231,vehicle.toyota.prius,149.755432128906,-228.766525268555,243.803100585937,0,1.56722784042358,1.28735995292664,0,0
97,1712338070.9534,vehicle.toyota.prius,149.755432128906,-228.766525268555,243.803100585937,0,1.56722784042358,1.28735995292664,0,0
98,1712338071.05476,vehicle.toyota.prius,149.755432128906,-228.766525268555,243.803100585937,0,1.56722784042358,1.28735995292664,0,0
99,1712338071.15584,vehicle.toyota.prius,149.755432128906,-228.766525268555,243.803100585937,0,1.56722784042358,1.28735995292664,0,0
100,1712338071.25699,vehicle.toyota.prius,149.755432128906,-228.766525268555,243.803100585937,0,1.56722784042358,1.28735995292664,0,0
101,1712338071.35812,vehicle.toyota.prius,149.755432128906,-228.766525268555,243.803100585937,0,1.56722784042358,1.28735995292664,0,0
102,1712338071.45937,vehicle.toyota.prius,149.755432128906,-228.766525268555,243.803100585937,0,1.56722784042358,1.28735995292664,0,0
103,1712338071.56085,vehicle.toyota.prius,149.755432128906,-228.766525268555,243.803100585937,0,1.56722784042358,1.28735995292664,0,0
104,1712338071.66195,vehicle.toyota.prius,149.755432128906,-228.766525268555,243.803100585937,0,1.56722784042358,1.28735995292664,0,0
105,1712338071.76314,vehicle.toyota.prius,149.755432128906,-228.766525268555,243.803100585937,0,1.56722784042358,1.28735995292664,0,0
106,1712338071.86445,vehicle.toyota.prius,149.755432128906,-228.766525268555,243.803100585937,0,1.56722784042358,1.28735995292664,0,0
107,1712338071.96557,vehicle.toyota.prius,149.755432128906,-228.766525268555,243.803100585937,0,1.56722784042358,1.28735995292664,0,0
108,1712338072.06664,vehicle.toyota.prius,149.755432128906,-228.766525268555,243.803100585937,0,1.56722784042358,1.28735995292664,0,0
109,1712338072.16788,vehicle.toyota.prius,149.755432128906,-228.766525268555,243.803100585937,0,1.56722784042358,1.28735995292664,0,0
110,1712338072.26963,vehicle.toyota.prius,149.755432128906,-228.766525268555,243.803100585937,0,1.56722784042358,1.28735995292664,0,0
111,1712338072.37085,vehicle.toyota.prius,149.755432128906,-228.766525268555,243.803100585937,0,1.56722784042358,1.28735995292664,0,0
112,1712338072.47191,vehicle.toyota.prius,149.755432128906,-228.766525268555,243.803100585937,0,1.56722784042358,1.28735995292664,0,0
113,1712338072.57305,vehicle.toyota.prius,149.755432128906,-228.766525268555,243.803100585937,0,1.56722784042358,1.28735995292664,0,0
114,1712338072.67413,vehicle.toyota.prius,149.755432128906,-228.766525268555,243.803100585937,0,1.56722784042358,1.28735995292664,0,0
115,1712338072.77576,vehicle.toyota.prius,149.755432128906,-228.766525268555,243.803100585937,0,1.56722784042358,1.28735995292664,0,0
116,1712338072.87685,vehicle.toyota.prius,149.755432128906,-228.766525268555,243.803100585937,0,1.56722784042358,1.28735995292664,0,0
117,1712338072.97856,vehicle.toyota.prius,149.755432128906,-228.766525268555,243.803100585937,0,1.56722784042358,1.28735995292664,0,0
118,1712338073.08004,vehicle.toyota.prius,149.755432128906,-228.766525268555,243.803100585937,0,1.56722784042358,1.28735995292664,0,0
119,1712338073.18138,vehicle.toyota.prius,149.755432128906,-228.766525268555,243.803100585937,0,1.56722784042358,1.28735995292664,0,0
120,1712338073.28253,vehicle.toyota.prius,149.755432128906,-228.766525268555,243.803100585937,0,1.56722784042358,1.28735995292664,0,0
121,1712338073.38416,vehicle.toyota.prius,149.755432128906,-228.766525268555,243.803100585937,0,1.56722784042358,1.28735995292664,0,0
122,1712338073.4852,vehicle.toyota.prius,149.755432128906,-228.766525268555,243.803100585937,0,1.56722784042358,1.28735995292664,0,0
123,1712338073.58641,vehicle.toyota.prius,149.755432128906,-228.766525268555,243.803100585937,0,1.56722784042358,1.28735995292664,0,0
124,1712338073.68788,vehicle.toyota.prius,149.755432128906,-228.766525268555,243.803100585937,0,1.56722784042358,1.28735995292664,0,0
125,1712338073.78935,vehicle.toyota.prius,149.755432128906,-228.766525268555,243.803100585937,0,1.56722784042358,1.28735995292664,0,0
126,1712338073.89042,vehicle.toyota.prius,149.755432128906,-228.766525268555,243.803100585937,0,1.56722784042358,1.28735995292664,0,0
127,1712338073.99153,vehicle.toyota.prius,149.755432128906,-228.766525268555,243.803100585937,0,1.56722784042358,1.28735995292664,0,0
128,1712338074.09334,vehicle.toyota.prius,149.755432128906,-228.766525268555,243.803100585937,0,1.56722784042358,1.28735995292664,0,0
129,1712338074.19445,vehicle.toyota.prius,149.755432128906,-228.766525268555,243.803100585937,0,1.56722784042358,1.28735995292664,0,0
130,1712338074.29553,vehicle.toyota.prius,149.755432128906,-228.766525268555,243.803100585937,0,1.56722784042358,1.28735995292664,0,0
131,1712338074.39687,vehicle.toyota.prius,149.755432128906,-228.766525268555,243.803100585937,0,1.56722784042358,1.28735995292664,0,0
132,1712338074.49829,vehicle.toyota.prius,149.755432128906,-228.766525268555,243.803100585937,0,1.56722784042358,1.28735995292664,0,0
133,1712338074.60079,vehicle.toyota.prius,149.755432128906,-228.766525268555,243.803100585937,0,1.56722784042358,1.28735995292664,0,0
134,1712338074.70234,vehicle.toyota.prius,149.755432128906,-228.766525268555,243.803100585937,0,1.56722784042358,1.28735995292664,0,0
135,1712338074.80351,vehicle.toyota.prius,149.755432128906,-228.766525268555,243.803100585937,0,1.56722784042358,1.28735995292664,0,0
136,1712338074.90458,vehicle.toyota.prius,149.755432128906,-228.766525268555,243.803100585937,0,1.56722784042358,1.28735995292664,0,0
137,1712338075.00577,vehicle.toyota.prius,149.755432128906,-228.766525268555,243.803100585937,0,1.56722784042358,1.28735995292664,0,0
138,1712338075.10728,vehicle.toyota.prius,149.755432128906,-228.766525268555,243.803100585937,0,1.56722784042358,1.28735995292664,0,0
139,1712338075.20859,vehicle.toyota.prius,149.755432128906,-228.766525268555,243.803100585937,0,1.56722784042358,1.28735995292664,0,0
140,1712338075.30967,vehicle.toyota.prius,149.755432128906,-228.766525268555,243.803100585937,0,1.56722784042358,1.28735995292664,0,0
141,1712338075.4109,vehicle.toyota.prius,149.755432128906,-228.766525268555,243.803100585937,0,1.56722784042358,1.28735995292664,0,0
142,1712338075.51201,vehicle.toyota.prius,149.755432128906,-228.766525268555,243.803100585937,0,1.56722784042358,1.28735995292664,0,0
143,1712338075.61315,vehicle.toyota.prius,149.755432128906,-228.766525268555,243.803100585937,0,1.56722784042358,1.28735995292664,0,0
144,1712338075.71424,vehicle.toyota.prius,149.755432128906,-228.766525268555,243.803100585937,0,1.56722784042358,1.28735995292664,0,0
145,1712338075.81561,vehicle.toyota.prius,149.755432128906,-228.766525268555,243.803100585937,0,1.56722784042358,1.28735995292664,0,0
146,1712338075.91668,vehicle.toyota.prius,149.755432128906,-228.766525268555,243.803100585937,0,1.56722784042358,1.28735995292664,0,0
147,1712338076.01782,vehicle.toyota.prius,149.755432128906,-228.766525268555,243.803100585937,0,1.56722784042358,1.28735995292664,0,0
148,1712338076.11884,vehicle.toyota.prius,149.755432128906,-228.766525268555,243.803100585937,0,1.56722784042358,1.28735995292664,0,0
149,1712338076.22007,vehicle.toyota.prius,149.755432128906,-228.766525268555,243.803100585937,0,1.56722784042358,1.28735995292664,0,0
150,1712338076.32116,vehicle.toyota.prius,149.755432128906,-228.766525268555,243.803100585937,0,1.56722784042358,1.28735995292664,0,0
151,1712338076.42223,vehicle.toyota.prius,149.755432128906,-228.766525268555,243.803100585937,0,1.56722784042358,1.28735995292664,0,0
152,1712338076.5234,vehicle.toyota.prius,149.755432128906,-228.766525268555,243.803100585937,0,1.56722784042358,1.28735995292664,0,0
153,1712338076.62455,vehicle.toyota.prius,149.755432128906,-228.766525268555,243.803100585937,0,1.56722784042358,1.28735995292664,0,0
154,1712338076.72626,vehicle.toyota.prius,149.755432128906,-228.766525268555,243.803100585937,0,1.56722784042358,1.28735995292664,0,0
155,1712338076.8276,vehicle.toyota.prius,149.755432128906,-228.766525268555,243.803100585937,0,1.56722784042358,1.28735995292664,0,0
156,1712338076.92879,vehicle.toyota.prius,149.755432128906,-228.766525268555,243.803100585937,0,1.56722784042358,1.28735995292664,0,0
157,1712338077.02986,vehicle.toyota.prius,149.755432128906,-228.766525268555,243.803100585937,0,1.56722784042358,1.28735995292664,0,0
158,1712338077.13094,vehicle.toyota.prius,149.755432128906,-228.766525268555,243.803100585937,0,1.56722784042358,1.28735995292664,0,0
159,1712338077.23198,vehicle.toyota.prius,149.755432128906,-228.766525268555,243.803100585937,0,1.56722784042358,1.28735995292664,0,0
160,1712338077.33307,vehicle.toyota.prius,149.755432128906,-228.766525268555,243.803100585937,0,1.56722784042358,1.28735995292664,0,0
161,1712338077.43411,vehicle.toyota.prius,149.755432128906,-228.766525268555,243.803100585937,0,1.56722784042358,1.28735995292664,0,0
162,1712338077.53586,vehicle.toyota.prius,149.755432128906,-228.766525268555,243.803100585937,0,1.56722784042358,1.28735995292664,0,0
163,1712338077.63706,vehicle.toyota.prius,149.755432128906,-228.766525268555,243.803100585937,0,1.56722784042358,1.28735995292664,0,0
164,1712338077.7381,vehicle.toyota.prius,149.755432128906,-228.766525268555,243.803100585937,0,1.56722784042358,1.28735995292664,0,0
165,1712338077.83917,vehicle.toyota.prius,149.755432128906,-228.766525268555,243.803100585937,0,1.56722784042358,1.28735995292664,0,0
166,1712338077.94044,vehicle.toyota.prius,149.755432128906,-228.766525268555,243.803100585937,0,1.56722784042358,1.28735995292664,0,0
167,1712338078.04167,vehicle.toyota.prius,149.755432128906,-228.766525268555,243.803100585937,0,1.56722784042358,1.28735995292664,0,0
168,1712338078.14274,vehicle.toyota.prius,149.755432128906,-228.766525268555,243.803100585937,0,1.56722784042358,1.28735995292664,0,0
169,1712338078.24381,vehicle.toyota.prius,149.755432128906,-228.766525268555,243.803100585937,0,1.56722784042358,1.28735995292664,0,0
170,1712338078.34486,vehicle.toyota.prius,149.755432128906,-228.766525268555,243.803100585937,0,1.56722784042358,1.28735995292664,0,0
171,1712338078.44595,vehicle.toyota.prius,149.755432128906,-228.766525268555,243.803100585937,0,1.56722784042358,1.28735995292664,0,0
172,1712338078.5471,vehicle.toyota.prius,149.755432128906,-228.766525268555,243.803100585937,0,1.56722784042358,1.28735995292664,0,0
173,1712338078.64817,vehicle.toyota.prius,149.755432128906,-228.766525268555,243.803100585937,0,1.56722784042358,1.28735995292664,0,0
174,1712338078.74952,vehicle.toyota.prius,149.755432128906,-228.766525268555,243.803100585937,0,1.56722784042358,1.28735995292664,0,0
175,1712338078.85092,vehicle.toyota.prius,149.755432128906,-228.766525268555,243.803100585937,0,1.56722784042358,1.28735995292664,0,0
176,1712338078.95231,vehicle.toyota.prius,149.755432128906,-228.766525268555,243.803100585937,0,1.56722784042358,1.28735995292664,0,0
177,1712338079.05347,vehicle.toyota.prius,149.755432128906,-228.766525268555,243.803100585937,0,1.56722784042358,1.28735995292664,0,0
178,1712338079.15452,vehicle.toyota.prius,149.755432128906,-228.766525268555,243.803100585937,0,1.56722784042358,1.28735995292664,0,0
179,1712338079.25563,vehicle.toyota.prius,149.755432128906,-228.766525268555,243.803100585937,0,1.56722784042358,1.28735995292664,0,0
180,1712338079.35704,vehicle.toyota.prius,149.755432128906,-228.766525268555,243.803100585937,0,1.56722784042358,1.28735995292664,0,0
181,1712338079.45819,vehicle.toyota.prius,149.755432128906,-228.766525268555,243.803100585937,0,1.56722784042358,1.28735995292664,0,0
182,1712338079.55927,vehicle.toyota.prius,149.755432128906,-228.766525268555,243.803100585937,0,1.56722784042358,1.28735995292664,0,0
183,1712338079.66063,vehicle.toyota.prius,149.755432128906,-228.766525268555,243.803100585937,0,1.56722784042358,1.28735995292664,0,0
184,1712338079.76203,vehicle.toyota.prius,149.755432128906,-228.766525268555,243.803100585937,0,1.56722784042358,1.28735995292664,0,0
185,1712338079.86344,vehicle.toyota.prius,149.755432128906,-228.766525268555,243.803100585937,0,1.56722784042358,1.28735995292664,0,0
186,1712338079.96465,vehicle.toyota.prius,149.755432128906,-228.766525268555,243.803100585937,0,1.56722784042358,1.28735995292664,0,0
187,1712338080.06628,vehicle.toyota.prius,149.755432128906,-228.766525268555,243.803100585937,0,1.56722784042358,1.28735995292664,0,0
188,1712338080.16753,vehicle.toyota.prius,149.755432128906,-228.766525268555,243.803100585937,0,1.56722784042358,1.28735995292664,0,0
189,1712338080.2698,vehicle.toyota.prius,149.755432128906,-228.766525268555,243.803100585937,0,1.56722784042358,1.28735995292664,0,0
190,1712338080.37084,vehicle.toyota.prius,149.755432128906,-228.766525268555,243.803100585937,0,1.56722784042358,1.28735995292664,0,0
191,1712338080.47206,vehicle.toyota.prius,149.755432128906,-228.766525268555,243.803100585937,0,1.56722784042358,1.28735995292664,0,0
192,1712338080.57314,vehicle.toyota.prius,149.755432128906,-228.766525268555,243.803100585937,0,1.56722784042358,1.28735995292664,0,0
193,1712338080.67425,vehicle.toyota.prius,149.755432128906,-228.766525268555,243.803100585937,0,1.56722784042358,1.28735995292664,0,0
194,1712338080.7755,vehicle.toyota.prius,149.755432128906,-228.766525268555,243.803100585937,0,1.56722784042358,1.28735995292664,0,0
195,1712338080.87674,vehicle.toyota.prius,149.755432128906,-228.766525268555,243.803100585937,0,1.56722784042358,1.28735995292664,0,0
196,1712338080.97802,vehicle.toyota.prius,149.755432128906,-228.766525268555,243.803100585937,0,1.56722784042358,1.28735995292664,0,0
197,1712338081.07908,vehicle.toyota.prius,149.755432128906,-228.766525268555,243.803100585937,0,1.56722784042358,1.28735995292664,0,0
198,1712338081.18019,vehicle.toyota.prius,149.755432128906,-228.766525268555,243.803100585937,0,1.56722784042358,1.28735995292664,0,0
199,1712338081.28149,vehicle.toyota.prius,149.755432128906,-228.766525268555,243.803100585937,0,1.56722784042358,1.28735995292664,0,0
200,1712338081.38283,vehicle.toyota.prius,149.755432128906,-228.766525268555,243.803100585937,0,1.56722784042358,1.28735995292664,0,0
201,1712338081.48416,vehicle.toyota.prius,149.755432128906,-228.766525268555,243.803100585937,0,1.56722784042358,1.28735995292664,0,0
202,1712338081.58523,vehicle.toyota.prius,149.755432128906,-228.766525268555,243.803100585937,0,1.56722784042358,1.28735995292664,0,0
203,1712338081.68635,vehicle.toyota.prius,149.755432128906,-228.766525268555,243.803100585937,0,1.56722784042358,1.28735995292664,0,0
204,1712338081.78775,vehicle.toyota.prius,149.755432128906,-228.766525268555,243.803100585937,0,1.56722784042358,1.28735995292664,0,0
205,1712338081.8888,vehicle.toyota.prius,149.755432128906,-228.766525268555,243.803100585937,0,1.56722784042358,1.28735995292664,0,0
206,1712338081.98993,vehicle.toyota.prius,149.755432128906,-228.766525268555,243.803100585937,0,1.56722784042358,1.28735995292664,0,0
207,1712338082.09133,vehicle.toyota.prius,149.755432128906,-228.766525268555,243.803100585937,0,1.56722784042358,1.28735995292664,0,0
208,1712338082.19245,vehicle.toyota.prius,149.755432128906,-228.766525268555,243.803100585937,0,1.56722784042358,1.28735995292664,0,0
209,1712338082.29356,vehicle.toyota.prius,149.755432128906,-228.766525268555,243.803100585937,0,1.56722784042358,1.28735995292664,0,0
210,1712338082.39554,vehicle.toyota.prius,149.755432128906,-228.766525268555,243.803100585937,0,1.56722784042358,1.28735995292664,0,0
211,1712338082.49674,vehicle.toyota.prius,149.755432128906,-228.766525268555,243.803100585937,0,1.56722784042358,1.28735995292664,0,0
212,1712338082.59842,vehicle.toyota.prius,149.755432128906,-228.766525268555,243.803100585937,0,1.56722784042358,1.28735995292664,0,0
213,1712338082.69971,vehicle.toyota.prius,149.755432128906,-228.766525268555,243.803100585937,0,1.56722784042358,1.28735995292664,0,0
214,1712338082.80127,vehicle.toyota.prius,149.755432128906,-228.766525268555,243.803100585937,0,1.56722784042358,1.28735995292664,0,0
215,1712338082.90245,vehicle.toyota.prius,149.755432128906,-228.766525268555,243.803100585937,0,1.56722784042358,1.28735995292664,0,0
216,1712338083.00373,vehicle.toyota.prius,149.755432128906,-228.766525268555,243.803100585937,0,1.56722784042358,1.28735995292664,0,0
217,1712338083.10486,vehicle.toyota.prius,149.755432128906,-228.766525268555,243.803100585937,0,1.56722784042358,1.28735995292664,0,0
218,1712338083.20599,vehicle.toyota.prius,149.755432128906,-228.766525268555,243.803100585937,0,1.56722784042358,1.28735995292664,0,0
219,1712338083.30727,vehicle.toyota.prius,149.755432128906,-228.766525268555,243.803100585937,0,1.56722784042358,1.28735995292664,0,0
220,1712338083.4083,vehicle.toyota.prius,149.755432128906,-228.766525268555,243.803100585937,0,1.56722784042358,1.28735995292664,0,0
221,1712338083.50965,vehicle.toyota.prius,149.755432128906,-228.766525268555,243.803100585937,0,1.56722784042358,1.28735995292664,0,0
222,1712338083.61073,vehicle.toyota.prius,149.755432128906,-228.766525268555,243.803100585937,0,1.56722784042358,1.28735995292664,0,0
223,1712338083.71258,vehicle.toyota.prius,149.755432128906,-228.766525268555,243.803100585937,0,1.56722784042358,1.28735995292664,0,0
224,1712338083.81383,vehicle.toyota.prius,149.755432128906,-228.766525268555,243.803100585937,0,1.56722784042358,1.28735995292664,0,0
225,1712338083.91489,vehicle.toyota.prius,149.755432128906,-228.766525268555,243.803100585937,0,1.56722784042358,1.28735995292664,0,0
226,1712338084.01616,vehicle.toyota.prius,149.755432128906,-228.766525268555,243.803100585937,0,1.56722784042358,1.28735995292664,0,0
227,1712338084.1173,vehicle.toyota.prius,149.755432128906,-228.766525268555,243.803100585937,0,1.56722784042358,1.28735995292664,0,0
228,1712338084.21837,vehicle.toyota.prius,149.755432128906,-228.766525268555,243.803100585937,0,1.56722784042358,1.28735995292664,0,0
229,1712338084.31994,vehicle.toyota.prius,149.755432128906,-228.766525268555,243.803100585937,0,1.56722784042358,1.28735995292664,0,0
230,1712338084.42106,vehicle.toyota.prius,149.755432128906,-228.766525268555,243.803100585937,0,1.56722784042358,1.28735995292664,0,0
231,1712338084.52211,vehicle.toyota.prius,149.755432128906,-228.766525268555,243.803100585937,0,1.56722784042358,1.28735995292664,0,0
232,1712338084.62313,vehicle.toyota.prius,149.755432128906,-228.766525268555,243.803100585937,0,1.56722784042358,1.28735995292664,0,0
233,1712338084.7243,vehicle.toyota.prius,149.755432128906,-228.766525268555,243.803100585937,0,1.56722784042358,1.28735995292664,0,0
234,1712338084.8256,vehicle.toyota.prius,149.755432128906,-228.766525268555,243.803100585937,0,1.56722784042358,1.28735995292664,0,0
235,1712338084.92735,vehicle.toyota.prius,149.755432128906,-228.766525268555,243.803100585937,0,1.56722784042358,1.28735995292664,0,0
236,1712338085.02853,vehicle.toyota.prius,149.755432128906,-228.766525268555,243.803100585937,0,1.56722784042358,1.28735995292664,0,0
237,1712338085.12959,vehicle.toyota.prius,149.755432128906,-228.766525268555,243.803100585937,0,1.56722784042358,1.28735995292664,0,0
238,1712338085.23065,vehicle.toyota.prius,149.755432128906,-228.766525268555,243.803100585937,0,1.56722784042358,1.28735995292664,0,0
239,1712338085.33178,vehicle.toyota.prius,149.755432128906,-228.766525268555,243.803100585937,0,1.56722784042358,1.28735995292664,0,0
240,1712338085.43299,vehicle.toyota.prius,149.755432128906,-228.766525268555,243.803100585937,0,1.56722784042358,1.28735995292664,0,0
241,1712338085.53433,vehicle.toyota.prius,149.755432128906,-228.766525268555,243.803100585937,0,1.56722784042358,1.28735995292664,0,0
242,1712338085.6357,vehicle.toyota.prius,149.755432128906,-228.766525268555,243.803100585937,0,1.56722784042358,1.28735995292664,0,0
243,1712338085.73786,vehicle.toyota.prius,149.755432128906,-228.766525268555,243.803100585937,0,1.56722784042358,1.28735995292664,0,0
244,1712338085.83891,vehicle.toyota.prius,149.755432128906,-228.766525268555,243.803100585937,0,1.56722784042358,1.28735995292664,0,0
245,1712338085.94016,vehicle.toyota.prius,149.755432128906,-228.766525268555,243.803100585937,0,1.56722784042358,1.28735995292664,0,0
246,1712338086.04122,vehicle.toyota.prius,149.755432128906,-228.766525268555,243.803100585937,0,1.56722784042358,1.28735995292664,0,0
247,1712338086.14236,vehicle.toyota.prius,149.755432128906,-228.766525268555,243.803100585937,0,1.56722784042358,1.28735995292664,0,0
248,1712338086.2436,vehicle.toyota.prius,149.755432128906,-228.766525268555,243.803100585937,0,1.56722784042358,1.28735995292664,0,0
249,1712338086.34494,vehicle.toyota.prius,149.755432128906,-228.766525268555,243.803100585937,0,1.56722784042358,1.28735995292664,0,0
250,1712338086.44602,vehicle.toyota.prius,149.755432128906,-228.766525268555,243.803100585937,0,1.56722784042358,1.28735995292664,0,0
251,1712338086.547,vehicle.toyota.prius,149.755432128906,-228.766525268555,243.803100585937,0,1.56722784042358,1.28735995292664,0,0
252,1712338086.64805,vehicle.toyota.prius,149.755432128906,-228.766525268555,243.803100585937,0,1.56722784042358,1.28735995292664,0,0
253,1712338086.74934,vehicle.toyota.prius,149.755432128906,-228.766525268555,243.803100585937,0,1.56722784042358,1.28735995292664,0,0
254,1712338086.85037,vehicle.toyota.prius,149.755432128906,-228.766525268555,243.803100585937,0,1.56722784042358,1.28735995292664,0,0
255,1712338086.9517,vehicle.toyota.prius,149.755432128906,-228.766525268555,243.803100585937,0,1.56722784042358,1.28735995292664,0,0
256,1712338087.0527,vehicle.toyota.prius,149.755432128906,-228.766525268555,243.803100585937,0,1.56722784042358,1.28735995292664,0,0
257,1712338087.15375,vehicle.toyota.prius,149.755432128906,-228.766525268555,243.803100585937,0,1.56722784042358,1.28735995292664,0,0
258,1712338087.25485,vehicle.toyota.prius,149.755432128906,-228.766525268555,243.803100585937,0,1.56722784042358,1.28735995292664,0,0
259,1712338087.35613,vehicle.toyota.prius,149.755432128906,-228.766525268555,243.803100585937,0,1.56722784042358,1.28735995292664,0,0
260,1712338087.45749,vehicle.toyota.prius,149.755432128906,-228.766525268555,243.803100585937,0,1.56722784042358,1.28735995292664,0,0
261,1712338087.55857,vehicle.toyota.prius,149.755432128906,-228.766525268555,243.803100585937,0,1.56722784042358,1.28735995292664,0,0
262,1712338087.65963,vehicle.toyota.prius,149.755432128906,-228.766525268555,243.803100585937,0,1.56722784042358,1.28735995292664,0,0
263,1712338087.76068,vehicle.toyota.prius,149.755432128906,-228.766525268555,243.803100585937,0,1.56722784042358,1.28735995292664,0,0
264,1712338087.86174,vehicle.toyota.prius,149.755432128906,-228.766525268555,243.803100585937,0,1.56722784042358,1.28735995292664,0,0
265,1712338087.96297,vehicle.toyota.prius,149.755432128906,-228.766525268555,243.803100585937,0,1.56722784042358,1.28735995292664,0,0
266,1712338088.06441,vehicle.toyota.prius,149.755432128906,-228.766525268555,243.803100585937,0,1.56722784042358,1.28735995292664,0,0
267,1712338088.16555,vehicle.toyota.prius,149.755432128906,-228.766525268555,243.803100585937,0,1.56722784042358,1.28735995292664,0,0
268,1712338088.26668,vehicle.toyota.prius,149.755432128906,-228.766525268555,243.803100585937,0,1.56722784042358,1.28735995292664,0,0
269,1712338088.36772,vehicle.toyota.prius,149.755432128906,-228.766525268555,243.803100585937,0,1.56722784042358,1.28735995292664,0,0
270,1712338088.46909,vehicle.toyota.prius,149.755432128906,-228.766525268555,243.803100585937,0,1.56722784042358,1.28735995292664,0,0
271,1712338088.57014,vehicle.toyota.prius,149.755432128906,-228.766525268555,243.803100585937,0,1.56722784042358,1.28735995292664,0,0
272,1712338088.67128,vehicle.toyota.prius,149.755432128906,-228.766525268555,243.803100585937,0,1.56722784042358,1.28735995292664,0,0
273,1712338088.77259,vehicle.toyota.prius,149.755432128906,-228.766525268555,243.803100585937,0,1.56722784042358,1.28735995292664,0,0
274,1712338088.87411,vehicle.toyota.prius,149.755432128906,-228.766525268555,243.803100585937,0,1.56722784042358,1.28735995292664,0,0
275,1712338088.97515,vehicle.toyota.prius,149.755432128906,-228.766525268555,243.803100585937,0,1.56722784042358,1.28735995292664,0,0
276,1712338089.07646,vehicle.toyota.prius,149.755432128906,-228.766525268555,243.803100585937,0,1.56722784042358,1.28735995292664,0,0
277,1712338089.17751,vehicle.toyota.prius,149.755432128906,-228.766525268555,243.803100585937,0,1.56722784042358,1.28735995292664,0,0
278,1712338089.27898,vehicle.toyota.prius,149.755432128906,-228.766525268555,243.803100585937,0,1.56722784042358,1.28735995292664,0,0
279,1712338089.38012,vehicle.toyota.prius,149.755432128906,-228.766525268555,243.803100585937,0,1.56722784042358,1.28735995292664,0,0
280,1712338089.48178,vehicle.toyota.prius,149.755432128906,-228.766525268555,243.803100585937,0,1.56722784042358,1.28735995292664,0,0
281,1712338089.58334,vehicle.toyota.prius,149.755432128906,-228.766525268555,243.803100585937,0,1.56722784042358,1.28735995292664,0,0
282,1712338089.68441,vehicle.toyota.prius,149.755432128906,-228.766525268555,243.803100585937,0,1.56722784042358,1.28735995292664,0,0
283,1712338089.78545,vehicle.toyota.prius,149.755432128906,-228.766525268555,243.803100585937,0,1.56722784042358,1.28735995292664,0,0
284,1712338089.88653,vehicle.toyota.prius,149.755432128906,-228.766525268555,243.803100585937,0,1.56722784042358,1.28735995292664,0,0
285,1712338089.98771,vehicle.toyota.prius,149.755432128906,-228.766525268555,243.803100585937,0,1.56722784042358,1.28735995292664,0,0
286,1712338090.08895,vehicle.toyota.prius,149.755432128906,-228.766525268555,243.803100585937,0,1.56722784042358,1.28735995292664,0,0
287,1712338090.19063,vehicle.toyota.prius,149.755432128906,-228.766525268555,243.803100585937,0,1.56722784042358,1.28735995292664,0,0
288,1712338090.29178,vehicle.toyota.prius,149.755432128906,-228.766525268555,243.803100585937,0,1.56722784042358,1.28735995292664,0,0
289,1712338090.39278,vehicle.toyota.prius,149.755432128906,-228.766525268555,243.803100585937,0,1.56722784042358,1.28735995292664,0,0
290,1712338090.49407,vehicle.toyota.prius,149.755432128906,-228.766525268555,243.803100585937,0,1.56722784042358,1.28735995292664,0,0
291,1712338090.59522,vehicle.toyota.prius,149.755432128906,-228.766525268555,243.803100585937,0,1.56722784042358,1.28735995292664,0,0
292,1712338090.69644,vehicle.toyota.prius,149.755432128906,-228.766525268555,243.803100585937,0,1.56722784042358,1.28735995292664,0,0
293,1712338090.79821,vehicle.toyota.prius,149.755432128906,-228.766525268555,243.803100585937,0,1.56722784042358,1.28735995292664,0,0
294,1712338090.89942,vehicle.toyota.prius,149.755432128906,-228.766525268555,243.803100585937,0,1.56722784042358,1.28735995292664,0,0
295,1712338091.00051,vehicle.toyota.prius,149.755432128906,-228.766525268555,243.803100585937,0,1.56722784042358,1.28735995292664,0,0
296,1712338091.10155,vehicle.toyota.prius,149.755432128906,-228.766525268555,243.803100585937,0,1.56722784042358,1.28735995292664,0,0
297,1712338091.20267,vehicle.toyota.prius,149.755432128906,-228.766525268555,243.803100585937,0,1.56722784042358,1.28735995292664,0,0
298,1712338091.30365,vehicle.toyota.prius,149.755432128906,-228.766525268555,243.803100585937,0,1.56722784042358,1.28735995292664,0,0
299,1712338091.40521,vehicle.toyota.prius,149.755432128906,-228.766525268555,243.803100585937,0,1.56722784042358,1.28735995292664,0,0
300,1712338091.50702,vehicle.toyota.prius,149.755432128906,-228.766525268555,243.803100585937,0,1.56722784042358,1.28735995292664,0,0
301,1712338091.60842,vehicle.toyota.prius,149.755432128906,-228.766525268555,243.803100585937,0,1.56722784042358,1.28735995292664,0,0
302,1712338091.70945,vehicle.toyota.prius,149.755432128906,-228.766525268555,243.803100585937,0,1.56722784042358,1.28735995292664,0,0
303,1712338091.81112,vehicle.toyota.prius,149.755432128906,-228.766525268555,243.803100585937,0,1.56722784042358,1.28735995292664,0,0
304,1712338091.91222,vehicle.toyota.prius,149.755432128906,-228.766525268555,243.803100585937,0,1.56722784042358,1.28735995292664,0,0
305,1712338092.01356,vehicle.toyota.prius,149.755432128906,-228.766525268555,243.803100585937,0,1.56722784042358,1.28735995292664,0,0
306,1712338092.1149,vehicle.toyota.prius,149.755432128906,-228.766525268555,243.803100585937,0,1.56722784042358,1.28735995292664,0,0
307,1712338092.21697,vehicle.toyota.prius,149.755432128906,-228.766525268555,243.803100585937,0,1.56722784042358,1.28735995292664,0,0
308,1712338092.31811,vehicle.toyota.prius,149.755432128906,-228.766525268555,243.803100585937,0,1.56722784042358,1.28735995292664,0,0
309,1712338092.41917,vehicle.toyota.prius,149.755432128906,-228.766525268555,243.803100585937,0,1.56722784042358,1.28735995292664,0,0
310,1712338092.52014,vehicle.toyota.prius,149.755432128906,-228.766525268555,243.803100585937,0,1.56722784042358,1.28735995292664,0,0
311,1712338092.62121,vehicle.toyota.prius,149.755432128906,-228.766525268555,243.803100585937,0,1.56722784042358,1.28735995292664,0,0
312,1712338092.7226,vehicle.toyota.prius,149.755432128906,-228.766525268555,243.803100585937,0,1.56722784042358,1.28735995292664,0,0
313,1712338092.82455,vehicle.toyota.prius,149.755432128906,-228.766525268555,243.803100585937,0,1.56722784042358,1.28735995292664,0,0
314,1712338092.92562,vehicle.toyota.prius,149.755432128906,-228.766525268555,243.803100585937,0,1.56722784042358,1.28735995292664,0,0
315,1712338093.0268,vehicle.toyota.prius,149.755432128906,-228.766525268555,243.803100585937,0,1.56722784042358,1.28735995292664,0,0
316,1712338093.12792,vehicle.toyota.prius,149.755432128906,-228.766525268555,243.803100585937,0,1.56722784042358,1.28735995292664,0,0
317,1712338093.22901,vehicle.toyota.prius,149.755432128906,-228.766525268555,243.803100585937,0,1.56722784042358,1.28735995292664,0,0
318,1712338093.33007,vehicle.toyota.prius,149.755432128906,-228.766525268555,243.803100585937,0,1.56722784042358,1.28735995292664,0,0
319,1712338093.43141,vehicle.toyota.prius,149.755432128906,-228.766525268555,243.803100585937,0,1.56722784042358,1.28735995292664,0,0
320,1712338093.5328,vehicle.toyota.prius,149.755432128906,-228.766525268555,243.803100585937,0,1.56722784042358,1.28735995292664,0,0
321,1712338093.63444,vehicle.toyota.prius,149.755432128906,-228.766525268555,243.803100585937,0,1.56722784042358,1.28735995292664,0,0
322,1712338093.7355,vehicle.toyota.prius,149.755432128906,-228.766525268555,243.803100585937,0,1.56722784042358,1.28735995292664,0,0
323,1712338093.83663,vehicle.toyota.prius,149.755432128906,-228.766525268555,243.803100585937,0,1.56722784042358,1.28735995292664,0,0
324,1712338093.93767,vehicle.toyota.prius,149.755432128906,-228.766525268555,243.803100585937,0,1.56722784042358,1.28735995292664,0,0
325,1712338094.03884,vehicle.toyota.prius,149.755432128906,-228.766525268555,243.803100585937,0,1.56722784042358,1.28735995292664,0,0
326,1712338094.14019,vehicle.toyota.prius,149.755432128906,-228.766525268555,243.803100585937,0,1.56722784042358,1.28735995292664,0,0
327,1712338094.24165,vehicle.toyota.prius,149.755432128906,-228.766525268555,243.803100585937,0,1.56722784042358,1.28735995292664,0,0
328,1712338094.3429,vehicle.toyota.prius,149.755432128906,-228.766525268555,243.803100585937,0,1.56722784042358,1.28735995292664,0,0
329,1712338094.44395,vehicle.toyota.prius,149.755432128906,-228.766525268555,243.803100585937,0,1.56722784042358,1.28735995292664,0,0
330,1712338094.54596,vehicle.toyota.prius,149.755432128906,-228.766525268555,243.803100585937,0,1.56722784042358,1.28735995292664,0,0
331,1712338094.64703,vehicle.toyota.prius,149.755432128906,-228.766525268555,243.803100585937,0,1.56722784042358,1.28735995292664,0,0
332,1712338094.74885,vehicle.toyota.prius,149.755432128906,-228.766525268555,243.803100585937,0,1.56722784042358,1.28735995292664,0,0
333,1712338094.85016,vehicle.toyota.prius,149.755432128906,-228.766525268555,243.803100585937,0,1.56722784042358,1.28735995292664,0,0
334,1712338094.95151,vehicle.toyota.prius,149.755432128906,-228.766525268555,243.803100585937,0,1.56722784042358,1.28735995292664,0,0
335,1712338095.05333,vehicle.toyota.prius,149.755432128906,-228.766525268555,243.803100585937,0,1.56722784042358,1.28735995292664,0,0
336,1712338095.15453,vehicle.toyota.prius,149.755432128906,-228.766525268555,243.803100585937,0,1.56722784042358,1.28735995292664,0,0
337,1712338095.25557,vehicle.toyota.prius,149.755432128906,-228.766525268555,243.803100585937,0,1.56722784042358,1.28735995292664,0,0
338,1712338095.35668,vehicle.toyota.prius,149.755432128906,-228.766525268555,243.803100585937,0,1.56722784042358,1.28735995292664,0,0
339,1712338095.45817,vehicle.toyota.prius,149.755432128906,-228.766525268555,243.803100585937,0,1.56722784042358,1.28735995292664,0,0
340,1712338095.55939,vehicle.toyota.prius,149.755432128906,-228.766525268555,243.803100585937,0,1.56722784042358,1.28735995292664,0,0
341,1712338095.66051,vehicle.toyota.prius,149.755432128906,-228.766525268555,243.803100585937,0,1.56722784042358,1.28735995292664,0,0
342,1712338095.76242,vehicle.toyota.prius,149.755432128906,-228.766525268555,243.803100585937,0,1.56722784042358,1.28735995292664,0,0
343,1712338095.86368,vehicle.toyota.prius,149.755432128906,-228.766525268555,243.803100585937,0,1.56722784042358,1.28735995292664,0,0
344,1712338095.965,vehicle.toyota.prius,149.755432128906,-228.766525268555,243.803100585937,0,1.56722784042358,1.28735995292664,0,0
345,1712338096.06631,vehicle.toyota.prius,149.755432128906,-228.766525268555,243.803100585937,0,1.56722784042358,1.28735995292664,0,0
346,1712338096.16737,vehicle.toyota.prius,149.755432128906,-228.766525268555,243.803100585937,0,1.56722784042358,1.28735995292664,0,0
347,1712338096.26845,vehicle.toyota.prius,149.755432128906,-228.766525268555,243.803100585937,0,1.56722784042358,1.28735995292664,0,0
348,1712338096.37032,vehicle.toyota.prius,149.755432128906,-228.766525268555,243.803100585937,0,1.56722784042358,1.28735995292664,0,0
349,1712338096.47134,vehicle.toyota.prius,149.755432128906,-228.766525268555,243.803100585937,0,1.56722784042358,1.28735995292664,0,0
350,1712338096.57272,vehicle.toyota.prius,149.755432128906,-228.766525268555,243.803100585937,0,1.56722784042358,1.28735995292664,0,0
351,1712338096.67377,vehicle.toyota.prius,149.755432128906,-228.766525268555,243.803100585937,0,1.56722784042358,1.28735995292664,0,0
352,1712338096.77506,vehicle.toyota.prius,149.755432128906,-228.766525268555,243.803100585937,0,1.56722784042358,1.28735995292664,0,0
353,1712338096.87612,vehicle.toyota.prius,149.755432128906,-228.766525268555,243.803100585937,0,1.56722784042358,1.28735995292664,0,0
354,1712338096.97786,vehicle.toyota.prius,149.755432128906,-228.766525268555,243.803100585937,0,1.56722784042358,1.28735995292664,0,0
355,1712338097.07906,vehicle.toyota.prius,149.755432128906,-228.766525268555,243.803100585937,0,1.56722784042358,1.28735995292664,0,0
356,1712338097.18017,vehicle.toyota.prius,149.755432128906,-228.766525268555,243.803100585937,0,1.56722784042358,1.28735995292664,0,0
357,1712338097.28172,vehicle.toyota.prius,149.755432128906,-228.766525268555,243.803100585937,0,1.56722784042358,1.28735995292664,0,0
358,1712338097.38309,vehicle.toyota.prius,149.755432128906,-228.766525268555,243.803100585937,0,1.56722784042358,1.28735995292664,0,0
359,1712338097.48463,vehicle.toyota.prius,149.755432128906,-228.766525268555,243.803100585937,0,1.56722784042358,1.28735995292664,0,0
360,1712338097.58578,vehicle.toyota.prius,149.755432128906,-228.766525268555,243.803100585937,0,1.56722784042358,1.28735995292664,0,0
361,1712338097.68772,vehicle.toyota.prius,149.755432128906,-228.766525268555,243.803100585937,0,1.56722784042358,1.28735995292664,0,0
362,1712338097.78902,vehicle.toyota.prius,149.755432128906,-228.766525268555,243.803100585937,0,1.56722784042358,1.28735995292664,0,0
363,1712338097.89005,vehicle.toyota.prius,149.755432128906,-228.766525268555,243.803100585937,0,1.56722784042358,1.28735995292664,0,0
364,1712338097.99108,vehicle.toyota.prius,149.755432128906,-228.766525268555,243.803100585937,0,1.56722784042358,1.28735995292664,0,0
365,1712338098.09222,vehicle.toyota.prius,149.755432128906,-228.766525268555,243.803100585937,0,1.56722784042358,1.28735995292664,0,0
366,1712338098.19341,vehicle.toyota.prius,149.755432128906,-228.766525268555,243.803100585937,0,1.56722784042358,1.28735995292664,0,0
367,1712338098.29438,vehicle.toyota.prius,149.755432128906,-228.766525268555,243.803100585937,0,1.56722784042358,1.28735995292664,0,0
368,1712338098.39627,vehicle.toyota.prius,149.755432128906,-228.766525268555,243.803100585937,0,1.56722784042358,1.28735995292664,0,0
369,1712338098.49755,vehicle.toyota.prius,149.755432128906,-228.766525268555,243.803100585937,0,1.56722784042358,1.28735995292664,0,0
370,1712338098.5986,vehicle.toyota.prius,149.755432128906,-228.766525268555,243.803100585937,0,1.56722784042358,1.28735995292664,0,0
371,1712338098.69969,vehicle.toyota.prius,149.755432128906,-228.766525268555,243.803100585937,0,1.56722784042358,1.28735995292664,0,0
372,1712338098.80098,vehicle.toyota.prius,149.755432128906,-228.766525268555,243.803100585937,0,1.56722784042358,1.28735995292664,0,0
373,1712338098.90203,vehicle.toyota.prius,149.755432128906,-228.766525268555,243.803100585937,0,1.56722784042358,1.28735995292664,0,0
374,1712338099.00348,vehicle.toyota.prius,149.755432128906,-228.766525268555,243.803100585937,0,1.56722784042358,1.28735995292664,0,0
375,1712338099.10479,vehicle.toyota.prius,149.755432128906,-228.766525268555,243.803100585937,0,1.56722784042358,1.28735995292664,0,0
376,1712338099.20585,vehicle.toyota.prius,149.755432128906,-228.766525268555,243.803100585937,0,1.56722784042358,1.28735995292664,0,0
377,1712338099.30719,vehicle.toyota.prius,149.755432128906,-228.766525268555,243.803100585937,0,1.56722784042358,1.28735995292664,0,0
378,1712338099.40823,vehicle.toyota.prius,149.755432128906,-228.766525268555,243.803100585937,0,1.56722784042358,1.28735995292664,0,0
379,1712338099.5095,vehicle.toyota.prius,149.755432128906,-228.766525268555,243.803100585937,0,1.56722784042358,1.28735995292664,0,0
380,1712338099.61105,vehicle.toyota.prius,149.755432128906,-228.766525268555,243.803100585937,0,1.56722784042358,1.28735995292664,0,0
381,1712338099.71213,vehicle.toyota.prius,149.755432128906,-228.766525268555,243.803100585937,0,1.56722784042358,1.28735995292664,0,0
382,1712338099.81325,vehicle.toyota.prius,149.755432128906,-228.766525268555,243.803100585937,0,1.56722784042358,1.28735995292664,0,0
383,1712338099.91432,vehicle.toyota.prius,149.755432128906,-228.766525268555,243.803100585937,0,1.56722784042358,1.28735995292664,0,0
384,1712338100.01556,vehicle.toyota.prius,149.755432128906,-228.766525268555,243.803100585937,0,1.56722784042358,1.28735995292664,0,0
385,1712338100.11664,vehicle.toyota.prius,149.755432128906,-228.766525268555,243.803100585937,0,1.56722784042358,1.28735995292664,0,0
386,1712338100.21859,vehicle.toyota.prius,149.755432128906,-228.766525268555,243.803100585937,0,1.56722784042358,1.28735995292664,0,0
387,1712338100.31968,vehicle.toyota.prius,149.755432128906,-228.766525268555,243.803100585937,0,1.56722784042358,1.28735995292664,0,0
388,1712338100.42122,vehicle.toyota.prius,149.755432128906,-228.766525268555,243.803100585937,0,1.56722784042358,1.28735995292664,0,0
389,1712338100.52244,vehicle.toyota.prius,149.755432128906,-228.766525268555,243.803100585937,0,1.56722784042358,1.28735995292664,0,0
390,1712338100.62361,vehicle.toyota.prius,149.755432128906,-228.766525268555,243.803100585937,0,1.56722784042358,1.28735995292664,0,0
391,1712338100.72472,vehicle.toyota.prius,149.755432128906,-228.766525268555,243.803100585937,0,1.56722784042358,1.28735995292664,0,0
392,1712338100.82697,vehicle.toyota.prius,149.755432128906,-228.766525268555,243.803100585937,0,1.56722784042358,1.28735995292664,0,0
393,1712338100.92867,vehicle.toyota.prius,149.755432128906,-228.766525268555,243.803100585937,0,1.56722784042358,1.28735995292664,0,0
394,1712338101.03014,vehicle.toyota.prius,149.755432128906,-228.766525268555,243.803100585937,0,1.56722784042358,1.28735995292664,0,0
395,1712338101.13122,vehicle.toyota.prius,149.755432128906,-228.766525268555,243.803100585937,0,1.56722784042358,1.28735995292664,0,0
396,1712338101.23246,vehicle.toyota.prius,149.755432128906,-228.766525268555,243.803100585937,0,1.56722784042358,1.28735995292664,0,0
397,1712338101.33402,vehicle.toyota.prius,149.755432128906,-228.766525268555,243.803100585937,0,1.56722784042358,1.28735995292664,0,0
398,1712338101.43508,vehicle.toyota.prius,149.755432128906,-228.766525268555,243.803100585937,0,1.56722784042358,1.28735995292664,0,0
399,1712338101.53652,vehicle.toyota.prius,149.755432128906,-228.766525268555,243.803100585937,0,1.56722784042358,1.28735995292664,0,0
400,1712338101.6376,vehicle.toyota.prius,149.755432128906,-228.766525268555,243.803100585937,0,1.56722784042358,1.28735995292664,0,0
401,1712338101.73863,vehicle.toyota.prius,149.755432128906,-228.766525268555,243.803100585937,0,1.56722784042358,1.28735995292664,0,0
402,1712338101.83988,vehicle.toyota.prius,149.755432128906,-228.766525268555,243.803100585937,0,1.56722784042358,1.28735995292664,0,0
403,1712338101.94113,vehicle.toyota.prius,149.755432128906,-228.766525268555,243.803100585937,0,1.56722784042358,1.28735995292664,0,0
404,1712338102.04221,vehicle.toyota.prius,149.755432128906,-228.766525268555,243.803100585937,0,1.56722784042358,1.28735995292664,0,0
405,1712338102.14324,vehicle.toyota.prius,149.755432128906,-228.766525268555,243.803100585937,0,1.56722784042358,1.28735995292664,0,0
406,1712338102.24451,vehicle.toyota.prius,149.755432128906,-228.766525268555,243.803100585937,0,1.56722784042358,1.28735995292664,0,0
407,1712338102.34602,vehicle.toyota.prius,149.755432128906,-228.766525268555,243.803100585937,0,1.56722784042358,1.28735995292664,0,0
408,1712338102.44721,vehicle.toyota.prius,149.755432128906,-228.766525268555,243.803100585937,0,1.56722784042358,1.28735995292664,0,0
409,1712338102.54871,vehicle.toyota.prius,149.755432128906,-228.766525268555,243.803100585937,0,1.56722784042358,1.28735995292664,0,0
410,1712338102.64982,vehicle.toyota.prius,149.755432128906,-228.766525268555,243.803100585937,0,1.56722784042358,1.28735995292664,0,0
411,1712338102.75093,vehicle.toyota.prius,149.755432128906,-228.766525268555,243.803100585937,0,1.56722784042358,1.28735995292664,0,0
412,1712338102.85216,vehicle.toyota.prius,149.755432128906,-228.766525268555,243.803100585937,0,1.56722784042358,1.28735995292664,0,0
413,1712338102.95323,vehicle.toyota.prius,149.755432128906,-228.766525268555,243.803100585937,0,1.56722784042358,1.28735995292664,0,0
414,1712338103.05428,vehicle.toyota.prius,149.755432128906,-228.766525268555,243.803100585937,0,1.56722784042358,1.28735995292664,0,0
415,1712338103.15577,vehicle.toyota.prius,149.755432128906,-228.766525268555,243.803100585937,0,1.56722784042358,1.28735995292664,0,0
416,1712338103.25688,vehicle.toyota.prius,149.755432128906,-228.766525268555,243.803100585937,0,1.56722784042358,1.28735995292664,0,0
417,1712338103.35886,vehicle.toyota.prius,149.755432128906,-228.766525268555,243.803100585937,0,1.56722784042358,1.28735995292664,0,0
418,1712338103.45992,vehicle.toyota.prius,149.755432128906,-228.766525268555,243.803100585937,0,1.56722784042358,1.28735995292664,0,0
419,1712338103.56124,vehicle.toyota.prius,149.755432128906,-228.766525268555,243.803100585937,0,1.56722784042358,1.28735995292664,0,0
420,1712338103.66232,vehicle.toyota.prius,149.755432128906,-228.766525268555,243.803100585937,0,1.56722784042358,1.28735995292664,0,0
421,1712338103.7643,vehicle.toyota.prius,149.755432128906,-228.766525268555,243.803100585937,0,1.56722784042358,1.28735995292664,0,0
422,1712338103.86541,vehicle.toyota.prius,149.755432128906,-228.766525268555,243.803100585937,0,1.56722784042358,1.28735995292664,0,0
423,1712338103.96645,vehicle.toyota.prius,149.755432128906,-228.766525268555,243.803100585937,0,1.56722784042358,1.28735995292664,0,0
424,1712338104.06751,vehicle.toyota.prius,149.755432128906,-228.766525268555,243.803100585937,0,1.56722784042358,1.28735995292664,0,0
425,1712338104.16863,vehicle.toyota.prius,149.755432128906,-228.766525268555,243.803100585937,0,1.56722784042358,1.28735995292664,0,0
426,1712338104.26969,vehicle.toyota.prius,149.755432128906,-228.766525268555,243.803100585937,0,1.56722784042358,1.28735995292664,0,0
427,1712338104.37074,vehicle.toyota.prius,149.755432128906,-228.766525268555,243.803100585937,0,1.56722784042358,1.28735995292664,0,0
428,1712338104.47178,vehicle.toyota.prius,149.755432128906,-228.766525268555,243.803100585937,0,1.56722784042358,1.28735995292664,0,0
429,1712338104.57299,vehicle.toyota.prius,149.755432128906,-228.766525268555,243.803100585937,0,1.56722784042358,1.28735995292664,0,0
430,1712338104.67414,vehicle.toyota.prius,149.755432128906,-228.766525268555,243.803100585937,0,1.56722784042358,1.28735995292664,0,0
431,1712338104.77552,vehicle.toyota.prius,149.755432128906,-228.766525268555,243.803100585937,0,1.56722784042358,1.28735995292664,0,0
432,1712338104.87668,vehicle.toyota.prius,149.755432128906,-228.766525268555,243.803100585937,0,1.56722784042358,1.28735995292664,0,0
433,1712338104.97776,vehicle.toyota.prius,149.755432128906,-228.766525268555,243.803100585937,0,1.56722784042358,1.28735995292664,0,0
434,1712338105.07893,vehicle.toyota.prius,149.755432128906,-228.766525268555,243.803100585937,0,1.56722784042358,1.28735995292664,0,0
435,1712338105.18005,vehicle.toyota.prius,149.755432128906,-228.766525268555,243.803100585937,0,1.56722784042358,1.28735995292664,0,0
436,1712338105.28114,vehicle.toyota.prius,149.755432128906,-228.766525268555,243.803100585937,0,1.56722784042358,1.28735995292664,0,0
437,1712338105.38221,vehicle.toyota.prius,149.755432128906,-228.766525268555,243.803100585937,0,1.56722784042358,1.28735995292664,0,0
438,1712338105.4835,vehicle.toyota.prius,149.755432128906,-228.766525268555,243.803100585937,0,1.56722784042358,1.28735995292664,0,0
439,1712338105.58468,vehicle.toyota.prius,149.755432128906,-228.766525268555,243.803100585937,0,1.56722784042358,1.28735995292664,0,0
440,1712338105.68575,vehicle.toyota.prius,149.755432128906,-228.766525268555,243.803100585937,0,1.56722784042358,1.28735995292664,0,0
441,1712338105.78685,vehicle.toyota.prius,149.755432128906,-228.766525268555,243.803100585937,0,1.56722784042358,1.28735995292664,0,0
442,1712338105.88873,vehicle.toyota.prius,149.755432128906,-228.766525268555,243.803100585937,0,1.56722784042358,1.28735995292664,0,0
443,1712338105.98981,vehicle.toyota.prius,149.755432128906,-228.766525268555,243.803100585937,0,1.56722784042358,1.28735995292664,0,0
444,1712338106.09101,vehicle.toyota.prius,149.755432128906,-228.766525268555,243.803100585937,0,1.56722784042358,1.28735995292664,0,0
445,1712338106.19201,vehicle.toyota.prius,149.755432128906,-228.766525268555,243.803100585937,0,1.56722784042358,1.28735995292664,0,0
446,1712338106.29412,vehicle.toyota.prius,149.755432128906,-228.766525268555,243.803100585937,0,1.56722784042358,1.28735995292664,0,0
447,1712338106.39553,vehicle.toyota.prius,149.755432128906,-228.766525268555,243.803100585937,0,1.56722784042358,1.28735995292664,0,0
448,1712338106.49823,vehicle.toyota.prius,149.755432128906,-228.766525268555,243.803100585937,0,1.56722784042358,1.28735995292664,0,0
449,1712338106.59933,vehicle.toyota.prius,149.755432128906,-228.766525268555,243.803100585937,0,1.56722784042358,1.28735995292664,0,0
450,1712338106.70031,vehicle.toyota.prius,149.755432128906,-228.766525268555,243.803100585937,0,1.56722784042358,1.28735995292664,0,0
451,1712338106.80137,vehicle.toyota.prius,149.755432128906,-228.766525268555,243.803100585937,0,1.56722784042358,1.28735995292664,0,0
452,1712338106.90244,vehicle.toyota.prius,149.755432128906,-228.766525268555,243.803100585937,0,1.56722784042358,1.28735995292664,0,0
453,1712338107.00384,vehicle.toyota.prius,149.755432128906,-228.766525268555,243.803100585937,0,1.56722784042358,1.28735995292664,0,0
454,1712338107.10498,vehicle.toyota.prius,149.755432128906,-228.766525268555,243.803100585937,0,1.56722784042358,1.28735995292664,0,0
455,1712338107.20626,vehicle.toyota.prius,149.755432128906,-228.766525268555,243.803100585937,0,1.56722784042358,1.28735995292664,0,0
456,1712338107.30747,vehicle.toyota.prius,149.755432128906,-228.766525268555,243.803100585937,0,1.56722784042358,1.28735995292664,0,0
457,1712338107.40853,vehicle.toyota.prius,149.755432128906,-228.766525268555,243.803100585937,0,1.56722784042358,1.28735995292664,0,0
458,1712338107.51001,vehicle.toyota.prius,149.755432128906,-228.766525268555,243.803100585937,0,1.56722784042358,1.28735995292664,0,0
459,1712338107.61134,vehicle.toyota.prius,149.755432128906,-228.766525268555,243.803100585937,0,1.56722784042358,1.28735995292664,0,0
460,1712338107.71258,vehicle.toyota.prius,149.755432128906,-228.766525268555,243.803100585937,0,1.56722784042358,1.28735995292664,0,0
461,1712338107.81368,vehicle.toyota.prius,149.755432128906,-228.766525268555,243.803100585937,0,1.56722784042358,1.28735995292664,0,0
462,1712338107.91474,vehicle.toyota.prius,149.755432128906,-228.766525268555,243.803100585937,0,1.56722784042358,1.28735995292664,0,0
463,1712338108.01581,vehicle.toyota.prius,149.755432128906,-228.766525268555,243.803100585937,0,1.56722784042358,1.28735995292664,0,0
464,1712338108.11728,vehicle.toyota.prius,149.755432128906,-228.766525268555,243.803100585937,0,1.56722784042358,1.28735995292664,0,0
465,1712338108.21834,vehicle.toyota.prius,149.755432128906,-228.766525268555,243.803100585937,0,1.56722784042358,1.28735995292664,0,0
466,1712338108.31968,vehicle.toyota.prius,149.755432128906,-228.766525268555,243.803100585937,0,1.56722784042358,1.28735995292664,0,0
467,1712338108.42073,vehicle.toyota.prius,149.755432128906,-228.766525268555,243.803100585937,0,1.56722784042358,1.28735995292664,0,0
468,1712338108.52179,vehicle.toyota.prius,149.755432128906,-228.766525268555,243.803100585937,0,1.56722784042358,1.28735995292664,0,0
469,1712338108.6235,vehicle.toyota.prius,149.755432128906,-228.766525268555,243.803100585937,0,1.56722784042358,1.28735995292664,0,0
470,1712338108.72466,vehicle.toyota.prius,149.755432128906,-228.766525268555,243.803100585937,0,1.56722784042358,1.28735995292664,0,0
471,1712338108.82585,vehicle.toyota.prius,149.755432128906,-228.766525268555,243.803100585937,0,1.56722784042358,1.28735995292664,0,0
472,1712338108.92712,vehicle.toyota.prius,149.755432128906,-228.766525268555,243.803100585937,0,1.56722784042358,1.28735995292664,0,0
473,1712338109.0282,vehicle.toyota.prius,149.755432128906,-228.766525268555,243.803100585937,0,1.56722784042358,1.28735995292664,0,0
474,1712338109.12938,vehicle.toyota.prius,149.755432128906,-228.766525268555,243.803100585937,0,1.56722784042358,1.28735995292664,0,0
475,1712338109.23042,vehicle.toyota.prius,149.755432128906,-228.766525268555,243.803100585937,0,1.56722784042358,1.28735995292664,0,0
476,1712338109.33149,vehicle.toyota.prius,149.755432128906,-228.766525268555,243.803100585937,0,1.56722784042358,1.28735995292664,0,0
477,1712338109.43294,vehicle.toyota.prius,149.755432128906,-228.766525268555,243.803100585937,0,1.56722784042358,1.28735995292664,0,0
478,1712338109.53423,vehicle.toyota.prius,149.755432128906,-228.766525268555,243.803100585937,0,1.56722784042358,1.28735995292664,0,0
479,1712338109.63535,vehicle.toyota.prius,149.755432128906,-228.766525268555,243.803100585937,0,1.56722784042358,1.28735995292664,0,0
480,1712338109.73653,vehicle.toyota.prius,149.755432128906,-228.766525268555,243.803100585937,0,1.56722784042358,1.28735995292664,0,0
481,1712338109.83757,vehicle.toyota.prius,149.755432128906,-228.766525268555,243.803100585937,0,1.56722784042358,1.28735995292664,0,0
482,1712338109.93864,vehicle.toyota.prius,149.755432128906,-228.766525268555,243.803100585937,0,1.56722784042358,1.28735995292664,0,0
483,1712338110.04029,vehicle.toyota.prius,149.755432128906,-228.766525268555,243.803100585937,0,1.56722784042358,1.28735995292664,0,0
484,1712338110.14148,vehicle.toyota.prius,149.755432128906,-228.766525268555,243.803100585937,0,1.56722784042358,1.28735995292664,0,0
485,1712338110.24254,vehicle.toyota.prius,149.755432128906,-228.766525268555,243.803100585937,0,1.56722784042358,1.28735995292664,0,0
486,1712338110.34361,vehicle.toyota.prius,149.755432128906,-228.766525268555,243.803100585937,0,1.56722784042358,1.28735995292664,0,0
487,1712338110.4447,vehicle.toyota.prius,149.755432128906,-228.766525268555,243.803100585937,0,1.56722784042358,1.28735995292664,0,0
488,1712338110.54589,vehicle.toyota.prius,149.755432128906,-228.766525268555,243.803100585937,0,1.56722784042358,1.28735995292664,0,0
489,1712338110.64707,vehicle.toyota.prius,149.755432128906,-228.766525268555,243.803100585937,0,1.56722784042358,1.28735995292664,0,0
490,1712338110.74888,vehicle.toyota.prius,149.755432128906,-228.766525268555,243.803100585937,0,1.56722784042358,1.28735995292664,0,0
491,1712338110.84996,vehicle.toyota.prius,149.755432128906,-228.766525268555,243.803100585937,0,1.56722784042358,1.28735995292664,0,0
492,1712338110.95102,vehicle.toyota.prius,149.755432128906,-228.766525268555,243.803100585937,0,1.56722784042358,1.28735995292664,0,0
493,1712338111.0523,vehicle.toyota.prius,149.755432128906,-228.766525268555,243.803100585937,0,1.56722784042358,1.28735995292664,0,0
494,1712338111.15335,vehicle.toyota.prius,149.755432128906,-228.766525268555,243.803100585937,0,1.56722784042358,1.28735995292664,0,0
495,1712338111.25448,vehicle.toyota.prius,149.755432128906,-228.766525268555,243.803100585937,0,1.56722784042358,1.28735995292664,0,0
496,1712338111.35557,vehicle.toyota.prius,149.755432128906,-228.766525268555,243.803100585937,0,1.56722784042358,1.28735995292664,0,0
497,1712338111.45665,vehicle.toyota.prius,149.755432128906,-228.766525268555,243.803100585937,0,1.56722784042358,1.28735995292664,0,0
498,1712338111.55786,vehicle.toyota.prius,149.755432128906,-228.766525268555,243.803100585937,0,1.56722784042358,1.28735995292664,0,0
499,1712338111.65919,vehicle.toyota.prius,149.755432128906,-228.766525268555,243.803100585937,0,1.56722784042358,1.28735995292664,0,0
500,1712338111.7602,vehicle.toyota.prius,149.755432128906,-228.766525268555,243.803100585937,0,1.56722784042358,1.28735995292664,0,0
501,1712338111.86135,vehicle.toyota.prius,149.755432128906,-228.766525268555,243.803100585937,0,1.56722784042358,1.28735995292664,0,0
502,1712338111.963,vehicle.toyota.prius,149.755432128906,-228.766525268555,243.803100585937,0,1.56722784042358,1.28735995292664,0,0
503,1712338112.06486,vehicle.toyota.prius,149.755432128906,-228.766525268555,243.803100585937,0,1.56722784042358,1.28735995292664,0,0
504,1712338112.16615,vehicle.toyota.prius,149.755432128906,-228.766525268555,243.803100585937,0,1.56722784042358,1.28735995292664,0,0
505,1712338112.26721,vehicle.toyota.prius,149.755432128906,-228.766525268555,243.803100585937,0,1.56722784042358,1.28735995292664,0,0
506,1712338112.3687,vehicle.toyota.prius,149.755432128906,-228.766525268555,243.803100585937,0,1.56722784042358,1.28735995292664,0,0
507,1712338112.47026,vehicle.toyota.prius,149.755432128906,-228.766525268555,243.803100585937,0,1.56722784042358,1.28735995292664,0,0
508,1712338112.57136,vehicle.toyota.prius,149.755432128906,-228.766525268555,243.803100585937,0,1.56722784042358,1.28735995292664,0,0
509,1712338112.67313,vehicle.toyota.prius,149.755432128906,-228.766525268555,243.803100585937,0,1.56722784042358,1.28735995292664,0,0
510,1712338112.7743,vehicle.toyota.prius,149.755432128906,-228.766525268555,243.803100585937,0,1.56722784042358,1.28735995292664,0,0
511,1712338112.8755,vehicle.toyota.prius,149.755432128906,-228.766525268555,243.803100585937,0,1.56722784042358,1.28735995292664,0,0
512,1712338112.97665,vehicle.toyota.prius,149.755432128906,-228.766525268555,243.803100585937,0,1.56722784042358,1.28735995292664,0,0
513,1712338113.07805,vehicle.toyota.prius,149.755432128906,-228.766525268555,243.803100585937,0,1.56722784042358,1.28735995292664,0,0
514,1712338113.17945,vehicle.toyota.prius,149.755432128906,-228.766525268555,243.803100585937,0,1.56722784042358,1.28735995292664,0,0
515,1712338113.28074,vehicle.toyota.prius,149.755432128906,-228.766525268555,243.803100585937,0,1.56722784042358,1.28735995292664,0,0
516,1712338113.38252,vehicle.toyota.prius,149.755432128906,-228.766525268555,243.803100585937,0,1.56722784042358,1.28735995292664,0,0
517,1712338113.48362,vehicle.toyota.prius,149.755432128906,-228.766525268555,243.803100585937,0,1.56722784042358,1.28735995292664,0,0
518,1712338113.58528,vehicle.toyota.prius,149.755432128906,-228.766525268555,243.803100585937,0,1.56722784042358,1.28735995292664,0,0
519,1712338113.68673,vehicle.toyota.prius,149.755432128906,-228.766525268555,243.803100585937,0,1.56722784042358,1.28735995292664,0,0
520,1712338113.78794,vehicle.toyota.prius,149.755432128906,-228.766525268555,243.803100585937,0,1.56722784042358,1.28735995292664,0,0
521,1712338113.88973,vehicle.toyota.prius,149.755432128906,-228.766525268555,243.803100585937,0,1.56722784042358,1.28735995292664,0,0
522,1712338113.99086,vehicle.toyota.prius,149.755432128906,-228.766525268555,243.803100585937,0,1.56722784042358,1.28735995292664,0,0
523,1712338114.09191,vehicle.toyota.prius,149.755432128906,-228.766525268555,243.803100585937,0,1.56722784042358,1.28735995292664,0,0
524,1712338114.19299,vehicle.toyota.prius,149.755432128906,-228.766525268555,243.803100585937,0,1.56722784042358,1.28735995292664,0,0
525,1712338114.29425,vehicle.toyota.prius,149.755432128906,-228.766525268555,243.803100585937,0,1.56722784042358,1.28735995292664,0,0
526,1712338114.39534,vehicle.toyota.prius,149.755432128906,-228.766525268555,243.803100585937,0,1.56722784042358,1.28735995292664,0,0
527,1712338114.4969,vehicle.toyota.prius,149.755432128906,-228.766525268555,243.803100585937,0,1.56722784042358,1.28735995292664,0,0
528,1712338114.5987,vehicle.toyota.prius,149.755432128906,-228.766525268555,243.803100585937,0,1.56722784042358,1.28735995292664,0,0
529,1712338114.69975,vehicle.toyota.prius,149.755432128906,-228.766525268555,243.803100585937,0,1.56722784042358,1.28735995292664,0,0
530,1712338114.80087,vehicle.toyota.prius,149.755432128906,-228.766525268555,243.803100585937,0,1.56722784042358,1.28735995292664,0,0
531,1712338114.90197,vehicle.toyota.prius,149.755432128906,-228.766525268555,243.803100585937,0,1.56722784042358,1.28735995292664,0,0
532,1712338115.00333,vehicle.toyota.prius,149.755432128906,-228.766525268555,243.803100585937,0,1.56722784042358,1.28735995292664,0,0
533,1712338115.10608,vehicle.toyota.prius,149.755432128906,-228.766525268555,243.803100585937,0,1.56722784042358,1.28735995292664,0,0
534,1712338115.20722,vehicle.toyota.prius,149.755432128906,-228.766525268555,243.803100585937,0,1.56722784042358,1.28735995292664,0,0
535,1712338115.30878,vehicle.toyota.prius,149.755432128906,-228.766525268555,243.803100585937,0,1.56722784042358,1.28735995292664,0,0
536,1712338115.40985,vehicle.toyota.prius,149.755432128906,-228.766525268555,243.803100585937,0,1.56722784042358,1.28735995292664,0,0
537,1712338115.51169,vehicle.toyota.prius,149.755432128906,-228.766525268555,243.803100585937,0,1.56722784042358,1.28735995292664,0,0
538,1712338115.61354,vehicle.toyota.prius,149.755432128906,-228.766525268555,243.803100585937,0,1.56722784042358,1.28735995292664,0,0
539,1712338115.71472,vehicle.toyota.prius,149.755432128906,-228.766525268555,243.803100585937,0,1.56722784042358,1.28735995292664,0,0
540,1712338115.81577,vehicle.toyota.prius,149.755432128906,-228.766525268555,243.803100585937,0,1.56722784042358,1.28735995292664,0,0
541,1712338115.91682,vehicle.toyota.prius,149.755432128906,-228.766525268555,243.803100585937,0,1.56722784042358,1.28735995292664,0,0
542,1712338116.01815,vehicle.toyota.prius,149.755432128906,-228.766525268555,243.803100585937,0,1.56722784042358,1.28735995292664,0,0
543,1712338116.11923,vehicle.toyota.prius,149.755432128906,-228.766525268555,243.803100585937,0,1.56722784042358,1.28735995292664,0,0
544,1712338116.2203,vehicle.toyota.prius,149.755432128906,-228.766525268555,243.803100585937,0,1.56722784042358,1.28735995292664,0,0
545,1712338116.32143,vehicle.toyota.prius,149.755432128906,-228.766525268555,243.803100585937,0,1.56722784042358,1.28735995292664,0,0
546,1712338116.42265,vehicle.toyota.prius,149.755432128906,-228.766525268555,243.803100585937,0,1.56722784042358,1.28735995292664,0,0
547,1712338116.52407,vehicle.toyota.prius,149.755432128906,-228.766525268555,243.803100585937,0,1.56722784042358,1.28735995292664,0,0
548,1712338116.62515,vehicle.toyota.prius,149.755432128906,-228.766525268555,243.803100585937,0,1.56722784042358,1.28735995292664,0,0
549,1712338116.72631,vehicle.toyota.prius,149.755432128906,-228.766525268555,243.803100585937,0,1.56722784042358,1.28735995292664,0,0
550,1712338116.82739,vehicle.toyota.prius,149.755432128906,-228.766525268555,243.803100585937,0,1.56722784042358,1.28735995292664,0,0
551,1712338116.92848,vehicle.toyota.prius,149.755432128906,-228.766525268555,243.803100585937,0,1.56722784042358,1.28735995292664,0,0
552,1712338117.03012,vehicle.toyota.prius,149.755432128906,-228.766525268555,243.803100585937,0,1.56722784042358,1.28735995292664,0,0
553,1712338117.13157,vehicle.toyota.prius,149.755432128906,-228.766525268555,243.803100585937,0,1.56722784042358,1.28735995292664,0,0
554,1712338117.23282,vehicle.toyota.prius,149.755432128906,-228.766525268555,243.803100585937,0,1.56722784042358,1.28735995292664,0,0
555,1712338117.33388,vehicle.toyota.prius,149.755432128906,-228.766525268555,243.803100585937,0,1.56722784042358,1.28735995292664,0,0
556,1712338117.43485,vehicle.toyota.prius,149.755432128906,-228.766525268555,243.803100585937,0,1.56722784042358,1.28735995292664,0,0
557,1712338117.53643,vehicle.toyota.prius,149.755432128906,-228.766525268555,243.803100585937,0,1.56722784042358,1.28735995292664,0,0
558,1712338117.63747,vehicle.toyota.prius,149.755432128906,-228.766387939453,243.802276611328,0.0148541665483911,1.56723463535309,1.2873603105545,0.00594435895699711,0.000445826921774783
559,1712338117.73853,vehicle.toyota.prius,149.755432128906,-228.766387939453,243.802276611328,0.0148541665483911,1.56723463535309,1.2873603105545,0.00594646359729796,0.000858374672439021
560,1712338117.83978,vehicle.toyota.prius,149.755432128906,-228.766296386719,243.802169799805,0.0016729388337552,1.56686580181122,1.28736054897308,0.00682074807279045,0.00130555267746538
561,1712338117.94113,vehicle.toyota.prius,149.755447387695,-228.766296386719,243.802276611328,0.0048620069576163,1.56654477119446,1.28736066818237,0.00608185069085422,0.00166377502846954
562,1712338118.04315,vehicle.toyota.prius,149.755447387695,-228.766296386719,243.802398681641,0.0055566203371843,1.56654477119446,1.28736066818237,0.00524629632485459,0.00193246412569842
563,1712338118.14454,vehicle.toyota.prius,149.755447387695,-228.766296386719,243.802429199219,0.0026986912266732,1.56640815734863,1.28736066818237,0.00126798306205722,0.00188262804592533
564,1712338118.24566,vehicle.toyota.prius,149.755447387695,-228.766296386719,243.802474975586,0.0014784807196289,1.56636714935303,1.28736066818237,0.00155467060149859,0.00185803123759333
565,1712338118.34679,vehicle.toyota.prius,149.755447387695,-228.766296386719,243.802490234375,0.0011844121323107,1.56644237041473,1.28736066818237,0.00227783948366054,0.00188951685604837
566,1712338118.44902,vehicle.toyota.prius,149.755447387695,-228.766296386719,243.802490234375,0.0011844121323107,1.56644237041473,1.28736066818237,0.0015141906083465,0.00186136738747073
567,1712338118.55052,vehicle.toyota.prius,149.755447387695,-228.766296386719,243.802520751953,0.0017513999920791,1.56644237041473,1.28736066818237,0.000866132444944928,0.00178672476678129
568,1712338118.65198,vehicle.toyota.prius,149.755447387695,-228.76628112793,243.802520751953,0.00020580117128,1.56648325920105,1.28736066818237,0.000658471872531596,0.00170210579971256
569,1712338118.75308,vehicle.toyota.prius,149.755447387695,-228.766296386719,243.802520751953,0.0017699850471861,1.56657898426056,1.28736066818237,0.000324772806841865,0.00159880582524726
570,1712338118.85413,vehicle.toyota.prius,149.755447387695,-228.766296386719,243.802520751953,0.0013455275967562,1.56657898426056,1.28736066818237,0.000216547153753649,0.00149513642488524
571,1712338118.95523,vehicle.toyota.prius,149.755447387695,-228.76628112793,243.802536010742,0.0006096368571202,1.56650376319885,1.28736066818237,0.000343157917670406,0.00140873803684413
572,1712338119.05633,vehicle.toyota.prius,149.755447387695,-228.766296386719,243.802536010742,0.0005278819818066,1.56653106212616,1.28736066818237,0.000108601943239458,0.00131122782982378
573,1712338119.15761,vehicle.toyota.prius,149.755447387695,-228.766296386719,243.802536010742,0.0005278819818066,1.56653106212616,1.28736066818237,0.00015364072881996,0.00122440879724849
574,1712338119.25874,vehicle.toyota.prius,149.755447387695,-228.76628112793,243.802536010742,0.0003805888831992,1.56643545627594,1.28736066818237,0.000153631094087702,0.00114410046951143
575,1712338119.35979,vehicle.toyota.prius,149.755447387695,-228.76628112793,243.802536010742,0.0006795679102846,1.56643545627594,1.28736066818237,0.000153629645360301,0.0010698151577001
576,1712338119.46103,vehicle.toyota.prius,149.755447387695,-228.76628112793,243.802536010742,0.0015618045914125,1.56643545627594,1.28736066818237,0,0.00098957902087259
577,1712338119.56222,vehicle.toyota.prius,149.755447387695,-228.76628112793,243.802536010742,0.0002497983391604,1.56643545627594,1.28736066818237,0.000108582545355834,0.000923504285208834
578,1712338119.6633,vehicle.toyota.prius,149.755447387695,-228.766296386719,243.802536010742,0.0005764194500438,1.56660628318787,1.28736066818237,0,0.000854241463818171
579,1712338119.76524,vehicle.toyota.prius,149.755447387695,-228.766296386719,243.802536010742,0.0005764194500438,1.56660628318787,1.28736066818237,0.000108452875483954,0.000798307319693105
580,1712338119.86636,vehicle.toyota.prius,149.755432128906,-228.766296386719,243.802536010742,0.000328618225322,1.5667359828949,1.28736054897308,0.00015335610905418,0.000749935978895186
581,1712338119.96745,vehicle.toyota.prius,149.755447387695,-228.76628112793,243.802536010742,0.0003988726428982,1.56637406349182,1.28736066818237,0,0.000693690780478047
582,1712338120.06853,vehicle.toyota.prius,149.755447387695,-228.766296386719,243.802536010742,0.0001698651281488,1.56650376319885,1.28736066818237,0.000108494957386063,0.000649801093746148
583,1712338120.16966,vehicle.toyota.prius,149.755447387695,-228.76628112793,243.802536010742,0.0002100939595722,1.56657207012177,1.28736066818237,0.000108484944653373,0.00060920238256419
584,1712338120.27193,vehicle.toyota.prius,149.755447387695,-228.76628112793,243.802536010742,0.0002315841724026,1.56657207012177,1.28736066818237,0.000108411846441019,0.000571643092354952
585,1712338120.37295,vehicle.toyota.prius,149.755432128906,-228.766296386719,243.802536010742,0.0014151681442911,1.56667459011078,1.28736054897308,0,0.000528769860428331
586,1712338120.47418,vehicle.toyota.prius,149.755432128906,-228.766296386719,243.802536010742,0.0014151681442911,1.56667459011078,1.28736054897308,0.000153305745373447,0.000500610051799214
587,1712338120.57528,vehicle.toyota.prius,149.730712890625,-228.762237548828,243.80305480957,1.05817931831398,1.58884537220001,1.28702855110168,0.178106076639369,0.0138210200458669
588,1712338120.67664,vehicle.toyota.prius,149.698333740234,-228.757385253906,243.803939819336,1.3368026398107,1.58780038356781,1.28659403324127,0.410561391756338,0.0435765479241523
589,1712338120.7781,vehicle.toyota.prius,149.656707763672,-228.750762939453,243.805099487305,1.65487602812619,1.58471989631653,1.2860381603241,0.711115847309585,0.0936419953780598
590,1712338120.87946,vehicle.toyota.prius,149.643341064453,-228.749084472656,243.805755615234,0.0038545135501832,1.54188776016235,1.28585910797119,0.806347062623034,0.147094875421433
591,1712338120.98083,vehicle.toyota.prius,149.643371582031,-228.749099731445,243.805801391602,0.0017315288767429,1.53707933425903,1.28585958480835,0.805902933905596,0.196505479807745
592,1712338121.08234,vehicle.toyota.prius,149.643371582031,-228.749099731445,243.805801391602,0.0017315288767429,1.53707933425903,1.28585958480835,0.627369984023307,0.228820317623912
593,1712338121.18418,vehicle.toyota.prius,149.643295288086,-228.749084472656,243.805709838867,0.0013964571482608,1.54670989513397,1.28585851192474,0.395006899970147,0.24128431129988
594,1712338121.28523,vehicle.toyota.prius,149.643249511719,-228.749084472656,243.8056640625,0.0020572562862341,1.55432558059692,1.28585779666901,0.0963610426857665,0.230415066153821
595,1712338121.38628,vehicle.toyota.prius,149.643218994141,-228.749053955078,243.805633544922,0.0011017406264566,1.55793190002441,1.28585755825043,0.00124524674150407,0.213227329697897
596,1712338121.48763,vehicle.toyota.prius,149.643203735352,-228.749053955078,243.805618286133,0.0006599767759547,1.55986487865448,1.28585731983185,0.00179415716064875,0.197369841757604
597,1712338121.58898,vehicle.toyota.prius,149.643203735352,-228.749053955078,243.805618286133,0.001029858909894,1.56093716621399,1.28585731983185,0.00179474564973616,0.182701709549514
598,1712338121.69031,vehicle.toyota.prius,149.643203735352,-228.749053955078,243.805618286133,0.0011320668211062,1.56093716621399,1.28585731983185,0.000946171718859294,0.169070044212215
599,1712338121.79202,vehicle.toyota.prius,149.643203735352,-228.749053955078,243.805618286133,0.0011320668211062,1.56093716621399,1.28585731983185,0.000508395443576513,0.156427920554567
600,1712338121.89309,vehicle.toyota.prius,149.643203735352,-228.749053955078,243.805618286133,0.0010973651990803,1.56093716621399,1.28585731983185,0.000153284181365382,0.144707322826577
601,1712338121.99418,vehicle.toyota.prius,149.643203735352,-228.749053955078,243.805618286133,0.001079359005527,1.56093716621399,1.28585731983185,0,0.133854273614583
602,1712338122.0955,vehicle.toyota.prius,149.643188476563,-228.749053955078,243.805618286133,0.0002689709458024,1.56187975406647,1.28585708141327,0.00010844909788143,0.123823336775831
603,1712338122.19665,vehicle.toyota.prius,149.643203735352,-228.749053955078,243.805618286133,0.0004859925253384,1.56163382530212,1.28585731983185,0,0.114536586517643
604,1712338122.29773,vehicle.toyota.prius,149.643203735352,-228.749053955078,243.805618286133,0,1.56163382530212,1.28585731983185,0,0.10594634252882
605,1712338122.39907,vehicle.toyota.prius,149.643203735352,-228.749053955078,243.805618286133,0.0001851963036833,1.56163382530212,1.28585731983185,0,0.0980003668391587
606,1712338122.50075,vehicle.toyota.prius,149.643203735352,-228.749053955078,243.805618286133,0.0001851963036833,1.56163382530212,1.28585731983185,0,0.0906503393262218
607,1712338122.60205,vehicle.toyota.prius,149.643203735352,-228.749053955078,243.805618286133,0.0009421995716148,1.56163382530212,1.28585731983185,0.000108442309068112,0.0838596970499353
608,1712338122.70338,vehicle.toyota.prius,149.643203735352,-228.749053955078,243.805618286133,0.0005199513051404,1.56163382530212,1.28585731983185,0,0.0775702197711901
609,1712338122.80487,vehicle.toyota.prius,149.643203735352,-228.749053955078,243.805618286133,0.0006575189943843,1.56163382530212,1.28585731983185,0,0.0717524532883509
610,1712338122.90623,vehicle.toyota.prius,149.643203735352,-228.749053955078,243.805618286133,0.0002265083848187,1.56163382530212,1.28585731983185,0,0.0663710192917245
611,1712338123.00745,vehicle.toyota.prius,149.643203735352,-228.749053955078,243.805618286133,0.0007422733448287,1.56163382530212,1.28585731983185,0,0.0613931928448452
612,1712338123.10896,vehicle.toyota.prius,149.643203735352,-228.749053955078,243.805618286133,0.0007422733448287,1.56163382530212,1.28585731983185,0,0.0567887033814818
613,1712338123.21003,vehicle.toyota.prius,149.643203735352,-228.749053955078,243.805618286133,0.0008899352878134,1.56163382530212,1.28585731983185,0,0.0525295506278707
614,1712338123.31106,vehicle.toyota.prius,149.643203735352,-228.749053955078,243.805618286133,0.0013622660005269,1.56163382530212,1.28585731983185,0,0.0485898343307804
615,1712338123.41231,vehicle.toyota.prius,149.643203735352,-228.749053955078,243.805618286133,0.0003689946956393,1.56163382530212,1.28585731983185,0,0.0449455967559718
616,1712338123.51358,vehicle.toyota.prius,149.643203735352,-228.749053955078,243.805618286133,0.0012990932349589,1.56163382530212,1.28585731983185,0,0.041574676999274
617,1712338123.61478,vehicle.toyota.prius,149.643203735352,-228.749053955078,243.805618286133,0.0015313992451534,1.56163382530212,1.28585731983185,0,0.0384565762243284
618,1712338123.71613,vehicle.toyota.prius,149.643203735352,-228.749053955078,243.805618286133,0.0015313992451534,1.56163382530212,1.28585731983185,0,0.0355723330075038
619,1712338123.81738,vehicle.toyota.prius,149.643203735352,-228.749053955078,243.805618286133,0.0017685962131764,1.56163382530212,1.28585731983185,0,0.032904408031941
620,1712338123.91849,vehicle.toyota.prius,149.643188476563,-228.749053955078,243.805618286133,0.0009538764604092,1.56210517883301,1.28585708141327,0.000108522757514282,0.030444716636359
621,1712338124.01966,vehicle.toyota.prius,149.643188476563,-228.749053955078,243.805618286133,0.0002533855898626,1.56210517883301,1.28585708141327,0.000108544281732713,0.028169503709762
622,1712338124.12108,vehicle.toyota.prius,149.643188476563,-228.749053955078,243.805618286133,0.001436820487878,1.56210517883301,1.28585708141327,0.000108494293219013,0.0260649280035213
623,1712338124.22243,vehicle.toyota.prius,149.643203735352,-228.749053955078,243.805618286133,0.0013423864828723,1.56181824207306,1.28585731983185,0,0.0241100584032572
624,1712338124.32379,vehicle.toyota.prius,149.643203735352,-228.749053955078,243.805618286133,0.0013423864828723,1.56181824207306,1.28585731983185,0,0.0223018040230129
625,1712338124.42536,vehicle.toyota.prius,149.643203735352,-228.749053955078,243.805618286133,0.0007696680101188,1.56181824207306,1.28585731983185,0.00010837385593615,0.0206372967604821
626,1712338124.52644,vehicle.toyota.prius,149.643203735352,-228.749053955078,243.805618286133,0.0010842815095522,1.56181824207306,1.28585731983185,0.000108393587277303,0.0190976290224918
627,1712338124.62773,vehicle.toyota.prius,149.643203735352,-228.749053955078,243.805618286133,0.0010922676536025,1.56181824207306,1.28585731983185,0.000108422713052514,0.0176734385492838
628,1712338124.72879,vehicle.toyota.prius,149.643203735352,-228.749053955078,243.805618286133,0.0012768744656321,1.56181824207306,1.28585731983185,0,0.0163479306580875
629,1712338124.82988,vehicle.toyota.prius,149.643203735352,-228.749053955078,243.805618286133,0.0001665472813781,1.56181824207306,1.28585731983185,0,0.015121835858731
630,1712338124.93098,vehicle.toyota.prius,149.643203735352,-228.749053955078,243.805618286133,0.0001457089050115,1.56181824207306,1.28585731983185,0,0.0139876981693262
631,1712338125.03219,vehicle.toyota.prius,149.643203735352,-228.749053955078,243.805618286133,0.0001457089050115,1.56181824207306,1.28585731983185,0,0.0129386208066267
632,1712338125.13332,vehicle.toyota.prius,149.643203735352,-228.749053955078,243.805618286133,0.0001868573615488,1.56181824207306,1.28585731983185,0,0.0119682242461297
633,1712338125.23434,vehicle.toyota.prius,149.643203735352,-228.749053955078,243.805618286133,0.0006973297385483,1.56181824207306,1.28585731983185,0,0.01107060742767
634,1712338125.33575,vehicle.toyota.prius,149.643203735352,-228.749053955078,243.805618286133,0,1.56181824207306,1.28585731983185,0,0.0102403118705947
635,1712338125.43689,vehicle.toyota.prius,149.643203735352,-228.749053955078,243.805618286133,0.0004903176256583,1.56181824207306,1.28585731983185,0,0.00947228848030011
636,1712338125.53794,vehicle.toyota.prius,149.643203735352,-228.749053955078,243.805618286133,0.0005364911798545,1.56181824207306,1.28585731983185,0,0.0087618668442776
637,1712338125.63919,vehicle.toyota.prius,149.643188476563,-228.749053955078,243.805618286133,0.0004891485407491,1.56191396713257,1.28585708141327,0.000108588379346716,0.00811287095940779
638,1712338125.74077,vehicle.toyota.prius,149.643188476563,-228.749053955078,243.805618286133,0.0004891485407491,1.56191396713257,1.28585708141327,0.000108467477881626,0.00751254069829333
639,1712338125.84182,vehicle.toyota.prius,149.643203735352,-228.749053955078,243.805618286133,0.0005465116218086,1.56175684928894,1.28585731983185,0,0.00694910014592133
640,1712338125.94285,vehicle.toyota.prius,149.643203735352,-228.749053955078,243.805618286133,0.0004669448033618,1.56175684928894,1.28585731983185,0,0.00642791763497723
641,1712338126.04394,vehicle.toyota.prius,149.643188476563,-228.749053955078,243.805618286133,0.0003971417313993,1.56194806098938,1.28585708141327,0.00010856085250425,0.00595396587629175
642,1712338126.14506,vehicle.toyota.prius,149.643203735352,-228.749053955078,243.805618286133,0.0004430588404431,1.56185245513916,1.28585731983185,0.000108586588142477,0.00551556242968056
643,1712338126.24611,vehicle.toyota.prius,149.643203735352,-228.749053955078,243.805618286133,0.0010052568826387,1.56185245513916,1.28585731983185,0.000108701959890675,0.00511004789444631
644,1712338126.34711,vehicle.toyota.prius,149.643203735352,-228.749053955078,243.805618286133,0.0016881474887885,1.56185245513916,1.28585731983185,0,0.00472679430236284
645,1712338126.44852,vehicle.toyota.prius,149.643203735352,-228.749053955078,243.805618286133,0.0016881474887885,1.56185245513916,1.28585731983185,0,0.00437228472968563
646,1712338126.54961,vehicle.toyota.prius,149.643203735352,-228.749053955078,243.805618286133,0.0003015313331005,1.56185245513916,1.28585731983185,0.00010863036162029,0.00405251065208073
647,1712338126.65065,vehicle.toyota.prius,149.643203735352,-228.749053955078,243.805618286133,0.0007695587365204,1.56185245513916,1.28585731983185,0,0.00374857235317467
648,1712338126.75178,vehicle.toyota.prius,149.643203735352,-228.749053955078,243.805618286133,0.0006793439958447,1.56185245513916,1.28585731983185,0,0.00346742942668657
649,1712338126.85323,vehicle.toyota.prius,149.643203735352,-228.749053955078,243.805618286133,0.0006091603614248,1.56185245513916,1.28585731983185,0,0.00320737221968508
650,1712338126.95431,vehicle.toyota.prius,149.643203735352,-228.749053955078,243.805618286133,0.0006091603614248,1.56185245513916,1.28585731983185,0,0.0029668193032087
651,1712338127.05704,vehicle.toyota.prius,149.643203735352,-228.749053955078,243.805618286133,0.0002381602810722,1.56185245513916,1.28585731983185,0,0.00274430785546804
652,1712338127.15812,vehicle.toyota.prius,149.643203735352,-228.749053955078,243.805618286133,0.0002754694719131,1.56185245513916,1.28585731983185,0,0.00253848476630794
653,1712338127.25922,vehicle.toyota.prius,149.643203735352,-228.749053955078,243.805618286133,0.0012935927950903,1.56185245513916,1.28585731983185,0,0.00234809840883485
654,1712338127.3602,vehicle.toyota.prius,149.643188476563,-228.749053955078,243.805618286133,0.0005037467067301,1.56224179267883,1.28585708141327,0.000108351227275164,0.00218011737021787
655,1712338127.46163,vehicle.toyota.prius,149.643188476563,-228.749053955078,243.805618286133,0.0011887215510725,1.56224179267883,1.28585708141327,0.000108279326825921,0.00202472951696347
656,1712338127.56297,vehicle.toyota.prius,149.643188476563,-228.749053955078,243.805618286133,0.0002278351187586,1.56224179267883,1.28585708141327,0.000108574665345926,0.00188101790309216
657,1712338127.66524,vehicle.toyota.prius,149.643203735352,-228.749053955078,243.805618286133,0.0009377392781202,1.56194126605988,1.28585731983185,0,0.00173994156036025
658,1712338127.7663,vehicle.toyota.prius,149.643203735352,-228.749053955078,243.805618286133,0.0002439643763714,1.56194126605988,1.28585731983185,0,0.00160944594333323
659,1712338127.86787,vehicle.toyota.prius,149.643203735352,-228.749053955078,243.805618286133,0.0002439643763714,1.56194126605988,1.28585731983185,0.000108204218555615,0.00149685281397491
660,1712338127.96892,vehicle.toyota.prius,149.643188476563,-228.749053955078,243.805618286133,0.0002798532108119,1.56194126605988,1.28585708141327,0,0.00138458885292679
661,1712338128.06998,vehicle.toyota.prius,149.643203735352,-228.749053955078,243.805618286133,0.0001624588780141,1.56169533729553,1.28585731983185,0.000108345163991974,0.00128887057625668
662,1712338128.17122,vehicle.toyota.prius,149.643188476563,-228.749053955078,243.805618286133,0.0004431343856267,1.56211876869202,1.28585708141327,0.000108564279807468,0.00120034760402299
663,1712338128.27231,vehicle.toyota.prius,149.643188476563,-228.749053955078,243.805618286133,0,1.56211876869202,1.28585708141327,0.000108559113358519,0.00111846346722315
664,1712338128.37338,vehicle.toyota.prius,149.643188476563,-228.749053955078,243.805618286133,0.0002567479709361,1.56211876869202,1.28585708141327,0.000108665252068955,0.00104272860108659
665,1712338128.47436,vehicle.toyota.prius,149.643188476563,-228.749053955078,243.805618286133,0.0006560528767454,1.56211876869202,1.28585708141327,0,0.000964523956005093
666,1712338128.57571,vehicle.toyota.prius,149.643188476563,-228.749053955078,243.805618286133,0.0006560528767454,1.56211876869202,1.28585708141327,0.00010861837800327,0.000900331037654956
667,1712338128.6769,vehicle.toyota.prius,149.643203735352,-228.749053955078,243.805618286133,0.0002337374149148,1.56175684928894,1.28585731983185,0.000108630873799591,0.000840953525365804
668,1712338128.77799,vehicle.toyota.prius,149.643188476563,-228.749053955078,243.805618286133,0.000494686400837,1.56197535991669,1.28585708141327,0,0.000777882010963368
669,1712338128.87904,vehicle.toyota.prius,149.643188476563,-228.749053955078,243.805618286133,0.000272986129262,1.56197535991669,1.28585708141327,0,0.000719540860141116
670,1712338128.98025,vehicle.toyota.prius,149.643188476563,-228.749053955078,243.805618286133,0.00040338501033,1.56197535991669,1.28585708141327,0,0.000665575295630532
671,1712338129.08146,vehicle.toyota.prius,149.643203735352,-228.749053955078,243.805618286133,0.0001876557220489,1.56185245513916,1.28585731983185,0.000108613001598553,0.000623803123578134
672,1712338129.18303,vehicle.toyota.prius,149.643203735352,-228.749053955078,243.805618286133,0.0011677237407035,1.56185245513916,1.28585731983185,0,0.000577017889309774
673,1712338129.28495,vehicle.toyota.prius,149.643203735352,-228.749053955078,243.805618286133,0.0011677237407035,1.56185245513916,1.28585731983185,0.000108353163592585,0.000541868034880984
674,1712338129.38601,vehicle.toyota.prius,149.643203735352,-228.749053955078,243.805618286133,0.0001672909386354,1.56185245513916,1.28585731983185,0.000108352908810023,0.000509354400425662
675,1712338129.48755,vehicle.toyota.prius,149.643203735352,-228.749053955078,243.805618286133,0.0001345016221293,1.56185245513916,1.28585731983185,0.000108282227474453,0.000479273987454322
676,1712338129.58909,vehicle.toyota.prius,149.643203735352,-228.749053955078,243.805618286133,0.0011864561256901,1.56185245513916,1.28585731983185,0,0.000443328438395248
677,1712338129.69037,vehicle.toyota.prius,149.643203735352,-228.749053955078,243.805618286133,0.000925775984789,1.56185245513916,1.28585731983185,0,0.000410078805515604
678,1712338129.79242,vehicle.toyota.prius,149.643203735352,-228.749053955078,243.805618286133,0.0004637170373314,1.56185245513916,1.28585731983185,0,0.000379322895101934
679,1712338129.89373,vehicle.toyota.prius,149.643203735352,-228.749053955078,243.805618286133,0.0004637170373314,1.56185245513916,1.28585731983185,0,0.000350873677969289
680,1712338129.99494,vehicle.toyota.prius,149.643203735352,-228.749053955078,243.805618286133,0.0003682911109222,1.56185245513916,1.28585731983185,0,0.000324558152121592
681,1712338130.09603,vehicle.toyota.prius,149.643203735352,-228.749053955078,243.805618286133,0.0008102658108744,1.56185245513916,1.28585731983185,0,0.000300216290712473
682,1712338130.1971,vehicle.toyota.prius,149.643203735352,-228.749053955078,243.805618286133,0.0003315005979866,1.56185245513916,1.28585731983185,0,0.000277700068909037
683,1712338130.29851,vehicle.toyota.prius,149.643203735352,-228.749053955078,243.805618286133,0.0004028891860495,1.56185245513916,1.28585731983185,0,0.000256872563740859
684,1712338130.3997,vehicle.toyota.prius,149.643188476563,-228.749053955078,243.805618286133,0.0004936455048893,1.56211197376251,1.28585708141327,0.000108566939953152,0.000245749641956781
685,1712338130.50105,vehicle.toyota.prius,149.643203735352,-228.749053955078,243.805618286133,0.0001727956221626,1.56184566020966,1.28585731983185,0,0.000227318418810023
686,1712338130.6023,vehicle.toyota.prius,149.643203735352,-228.749053955078,243.805618286133,0.0001900609876487,1.56184566020966,1.28585731983185,0,0.000210269537399271
687,1712338130.7038,vehicle.toyota.prius,149.643203735352,-228.749053955078,243.805618286133,0.0001900609876487,1.56184566020966,1.28585731983185,0,0.000194499322094326
688,1712338130.80503,vehicle.toyota.prius,149.643203735352,-228.749053955078,243.805618286133,0.0001705112337367,1.56184566020966,1.28585731983185,0,0.000179911872937251
689,1712338130.90609,vehicle.toyota.prius,149.643203735352,-228.749053955078,243.805618286133,0.0002604721456473,1.56184566020966,1.28585731983185,0.000108476516999833,0.000174554221241945
690,1712338131.00727,vehicle.toyota.prius,149.643188476563,-228.749053955078,243.805618286133,0.0008715864448554,1.56198906898499,1.28585708141327,0.000108513455150362,0.000169601163785076
691,1712338131.10856,vehicle.toyota.prius,149.643188476563,-228.749053955078,243.805618286133,0.0005799884166367,1.56198906898499,1.28585708141327,0.000108503592297752,0.000165018845923527
692,1712338131.20987,vehicle.toyota.prius,149.643188476563,-228.749053955078,243.805618286133,0,1.56198906898499,1.28585708141327,0.000108545611299297,0.00016078335332671
693,1712338131.31094,vehicle.toyota.prius,149.643188476563,-228.749053955078,243.805618286133,0.0003339297644382,1.56198906898499,1.28585708141327,0.000108579321577171,0.000156868050945494
694,1712338131.41214,vehicle.toyota.prius,149.643188476563,-228.749053955078,243.805618286133,0.0003339297644382,1.56198906898499,1.28585708141327,0.000108550265038852,0.000153244217002496
695,1712338131.51326,vehicle.toyota.prius,149.643188476563,-228.749053955078,243.805618286133,0.0006826317959021,1.56198906898499,1.28585708141327,0,0.000141750900727309
696,1712338131.61443,vehicle.toyota.prius,149.643203735352,-228.749053955078,243.805618286133,0.0008806831270471,1.56178414821625,1.28585731983185,0.000108587969923395,0.000139263680917015
697,1712338131.71551,vehicle.toyota.prius,149.643203735352,-228.749053955078,243.805618286133,0.0007224105955744,1.56178414821625,1.28585731983185,0.000108638198491985,0.000136966769735138
698,1712338131.81658,vehicle.toyota.prius,149.643203735352,-228.749053955078,243.805618286133,0.0007137083504935,1.56178414821625,1.28585731983185,0.000108639786492642,0.000134842245991951
699,1712338131.91795,vehicle.toyota.prius,149.643203735352,-228.749053955078,243.805618286133,0.0002103587050741,1.56178414821625,1.28585731983185,0.000108601892048588,0.000132874219446199
700,1712338132.02023,vehicle.toyota.prius,149.643203735352,-228.749038696289,243.805618286133,0.0012603826711009,1.5620368719101,1.28585743904114,0.000153233576515397,0.000134401171226388
701,1712338132.12122,vehicle.toyota.prius,149.643188476563,-228.749053955078,243.805618286133,0.0013158296985977,1.5620368719101,1.28585708141327,0.000108393128327302,0.000132450568008957
702,1712338132.22292,vehicle.toyota.prius,149.643188476563,-228.749053955078,243.805618286133,0.0013158296985977,1.5620368719101,1.28585708141327,0.000108260044008836,0.000130636278708948
703,1712338132.32403,vehicle.toyota.prius,149.643188476563,-228.749038696289,243.805618286133,0.0004302701277949,1.56220757961273,1.28585720062256,0.00015308901117191,0.00013232023364367
704,1712338132.42511,vehicle.toyota.prius,149.643188476563,-228.749053955078,243.805618286133,0.0008216760697443,1.5620368719101,1.28585708141327,0.000108311649848744,0.000130519589859051
705,1712338132.52618,vehicle.toyota.prius,149.643203735352,-228.749053955078,243.805618286133,0.0001899617514708,1.56181144714356,1.28585731983185,0.000108571697644242,0.00012887349794294
706,1712338132.62715,vehicle.toyota.prius,149.643203735352,-228.749053955078,243.805618286133,0.0003344075172037,1.56181144714356,1.28585731983185,0.000108573744380461,0.000127351016425754
707,1712338132.72831,vehicle.toyota.prius,149.643203735352,-228.749038696289,243.805618286133,0.0003688574989984,1.56197535991669,1.28585743904114,0.000153710816050877,0.000129328001397638
708,1712338132.82951,vehicle.toyota.prius,149.643188476563,-228.749038696289,243.805618286133,0.0012677187001804,1.56218028068542,1.28585720062256,0,0.000119628401292815
709,1712338132.93189,vehicle.toyota.prius,149.643188476563,-228.749038696289,243.805618286133,0.0012677187001804,1.56218028068542,1.28585720062256,0.00010839231222389,0.000118785694612646
710,1712338133.03354,vehicle.toyota.prius,149.643203735352,-228.749053955078,243.805618286133,0.0009632427963539,1.56187295913696,1.28585731983185,0,0.000109876767516697
711,1712338133.13464,vehicle.toyota.prius,149.643203735352,-228.749053955078,243.805618286133,0.0016606572744538,1.56187295913696,1.28585731983185,0,0.000101636009952945
712,1712338133.23581,vehicle.toyota.prius,149.643203735352,-228.749053955078,243.805633544922,0.0013241170570212,1.56187295913696,1.28585731983185,0.000153075130563792,0.000105493943998759
713,1712338133.33694,vehicle.toyota.prius,149.643188476563,-228.749053955078,243.805633544922,0.0002290992113296,1.56224858760834,1.28585708141327,0.000153093183038309,0.000109063886926725
714,1712338133.43803,vehicle.toyota.prius,149.643203735352,-228.749038696289,243.805633544922,0.0008704506609718,1.56208467483521,1.28585743904114,0.000153485416566534,0.000112395501649711
715,1712338133.53938,vehicle.toyota.prius,149.643539428711,-228.749038696289,243.805618286133,0.0441177717696083,1.56149733066559,1.28586196899414,0.00239151243148091,0.00028332927138705
716,1712338133.64064,vehicle.toyota.prius,149.645553588867,-228.749038696289,243.805557250977,0.0093520974515071,1.56080055236816,1.28588950634003,0.0167241021629449,0.00151638723825389
717,1712338133.74264,vehicle.toyota.prius,149.645553588867,-228.749038696289,243.805557250977,0.0093520974515071,1.56080055236816,1.28588950634003,0.0167000472870067,0.00265516174191035
718,1712338133.84371,vehicle.toyota.prius,149.648391723633,-228.749053955078,243.80549621582,0.0250056697534505,1.56114208698273,1.28592824935913,0.0369761632816046,0.00522923685738742
719,1712338133.94479,vehicle.toyota.prius,149.651504516602,-228.749099731445,243.805419921875,0.026135289802564,1.56174993515015,1.28597092628479,0.0589901147552423,0.00926130269972653
720,1712338134.04591,vehicle.toyota.prius,149.654251098633,-228.749114990234,243.805282592773,0.0087685551590005,1.56276082992554,1.28600835800171,0.0761698920168838,0.0142794468985133
721,1712338134.14724,vehicle.toyota.prius,149.65625,-228.749114990234,243.805252075195,0.0225978823234047,1.56350529193878,1.28603577613831,0.0760434799733049,0.0189117493791227
722,1712338134.24831,vehicle.toyota.prius,149.657821655273,-228.749099731445,243.805191040039,0.033171753252696,1.56380581855774,1.28605735301971,0.0873803604049719,0.0240468952060614
723,1712338134.34949,vehicle.toyota.prius,149.6591796875,-228.749053955078,243.805145263672,0.0408759882982368,1.56367611885071,1.28607594966888,0.0768267195042174,0.0280053820284231
724,1712338134.45053,vehicle.toyota.prius,149.660186767578,-228.7490234375,243.805130004883,0.0566845565635033,1.56332087516785,1.28608989715576,0.0618393766535753,0.0305429316253095
725,1712338134.55195,vehicle.toyota.prius,149.660369873047,-228.748947143555,243.805130004883,0.0967888537208217,1.56396293640137,1.28609263896942,0.0435592354801705,0.0315191544144241
726,1712338134.65384,vehicle.toyota.prius,149.660369873047,-228.748947143555,243.805130004883,0.0967888537208217,1.56396293640137,1.28609263896942,0.029313957567728,0.0313537646509219
727,1712338134.75527,vehicle.toyota.prius,149.658615112305,-228.748809814453,243.80517578125,0.185895441401925,1.56585490703583,1.28606879711151,0.00599971657407202,0.0294522110451581
728,1712338134.85631,vehicle.toyota.prius,149.655059814453,-228.748687744141,243.805282592773,0.100501493163927,1.56497383117676,1.28602051734924,0.0293954868074364,0.029447956727329
729,1712338134.95744,vehicle.toyota.prius,149.652755737305,-228.748550415039,243.80534362793,0.0968363328785511,1.56315016746521,1.28598928451538,0.0529028147547382,0.0312070710793847
730,1712338135.0586,vehicle.toyota.prius,149.641220092773,-228.748016357422,243.805603027344,0.849482535987557,1.57572460174561,1.28583264350891,0.136270676072736,0.0390868414538861
731,1712338135.15964,vehicle.toyota.prius,149.641220092773,-228.748016357422,243.805603027344,0.849482535987557,1.57572460174561,1.28583264350891,0.136499090311839,0.0463927601182326
732,1712338135.26118,vehicle.toyota.prius,149.6044921875,-228.747589111328,243.806457519531,1.7007699871949,1.59432315826416,1.28533220291138,0.385340203740267,0.0718138183898852
733,1712338135.36261,vehicle.toyota.prius,149.54296875,-228.746200561523,243.808059692383,2.65497619844457,1.60614621639252,1.28449976444244,0.797449527461895,0.126236496570286
734,1712338135.46403,vehicle.toyota.prius,149.453506469727,-228.744598388672,243.810501098633,3.57758155458375,1.61406242847443,1.28329741954803,1.41668570681952,0.223020187338979
735,1712338135.56512,vehicle.toyota.prius,149.338760375977,-228.743270874023,243.813720703125,4.55982300851382,1.6165007352829,1.28176939487457,2.15073683489716,0.367598935905843
736,1712338135.66668,vehicle.toyota.prius,149.198348999023,-228.743041992188,243.817626953125,5.44589456868991,1.61516201496124,1.27992081642151,3.14578661050454,0.575963011500745
737,1712338135.76796,vehicle.toyota.prius,149.034454345703,-228.744415283203,243.822158813477,6.27341703851006,1.61148738861084,1.27779340744019,4.05098524541832,0.836589679044563
738,1712338135.86936,vehicle.toyota.prius,148.848663330078,-228.747085571289,243.82731628418,7.02484200431217,1.60617351531982,1.2754237651825,4.93431579853146,1.14391913800608
739,1712338135.97059,vehicle.toyota.prius,148.848663330078,-228.747085571289,243.82731628418,7.02484200431217,1.60617351531982,1.2754237651825,4.30015481875293,1.38063681406209
740,1712338136.07181,vehicle.toyota.prius,148.644821166992,-228.75276184082,243.832946777344,7.59407042865594,1.59695959091187,1.27427387237549,4.93272769798761,1.64704363035651
741,1712338136.17334,vehicle.toyota.prius,148.428848266602,-228.760986328125,243.838943481445,7.94251216896942,1.58475410938263,1.27158045768738,5.47111687250431,1.93384912351759
742,1712338136.27445,vehicle.toyota.prius,148.205551147461,-228.771484375,243.845077514648,8.1704472385475,1.56998717784882,1.26886117458344,5.89695151035707,2.23108180253055
743,1712338136.37552,vehicle.toyota.prius,147.976303100586,-228.783981323242,243.851364135742,8.38242734898975,1.55722844600678,1.2661395072937,6.21245212593616,2.52968457678597
744,1712338136.47703,vehicle.toyota.prius,147.74040222168,-228.79817199707,243.857772827148,8.64917237781184,1.54851305484772,1.26341390609741,7.88942311118028,2.93166496686555
745,1712338136.57856,vehicle.toyota.prius,147.495742797852,-228.813888549805,243.864273071289,8.99623299926906,1.54131400585175,1.2606680393219,8.17773061393764,3.32511989039595
746,1712338136.67998,vehicle.toyota.prius,147.240219116211,-228.830917358398,243.870910644531,9.41949816882923,1.53033792972565,1.25788903236389,8.46362143832602,3.71050750649071
747,1712338136.78109,vehicle.toyota.prius,146.971725463867,-228.849090576172,243.877807617188,9.91271286550233,1.51720345020294,1.25506734848022,8.78751768308064,4.09128326973495
748,1712338136.88279,vehicle.toyota.prius,146.971725463867,-228.849090576172,243.877807617188,9.91271286550233,1.51720345020294,1.25506734848022,7.14664626966709,4.32043549472987
749,1712338136.98383,vehicle.toyota.prius,146.688522338867,-228.868194580078,243.884979248047,10.4681303732416,1.49907612800598,1.2524641752243,7.49087821795587,4.55821869897182
750,1712338137.08493,vehicle.toyota.prius,146.38899230957,-228.887832641602,243.892471313477,11.0731339681207,1.48036825656891,1.24981546401978,7.88843442222708,4.80798487821596
751,1712338137.186,vehicle.toyota.prius,146.071975708008,-228.907455444336,243.900390625,11.7145472804472,1.46263027191162,1.24684643745422,8.33183206406994,5.07227341715501
752,1712338137.28748,vehicle.toyota.prius,145.736572265625,-228.926498413086,243.908645629883,12.3845642998708,1.43941450119019,1.2438600063324,8.800926740039,5.35192241637131
753,1712338137.38875,vehicle.toyota.prius,145.382202148438,-228.944030761719,243.917175292969,13.0704509790345,1.412278175354,1.24113035202026,11.3333951672299,5.8005328726857
754,1712338137.49022,vehicle.toyota.prius,145.008590698242,-228.959045410156,243.926132202148,13.7605731744041,1.38110518455505,1.23816120624542,11.9640288214104,6.26279506884005
755,1712338137.59156,vehicle.toyota.prius,144.615783691406,-228.970306396484,243.935470581055,14.4444177808302,1.35139381885529,1.2353630065918,12.6173722396445,6.73938835665039
756,1712338137.69288,vehicle.toyota.prius,144.615783691406,-228.970306396484,243.935470581055,14.4444177808302,1.35139381885529,1.2353630065918,10.354927689559,7.01055380661853
757,1712338137.79405,vehicle.toyota.prius,144.204086303711,-228.976226806641,243.944976806641,15.1125263093608,1.3315931558609,1.23266685009003,10.899649226327,7.30223596309667
758,1712338137.89523,vehicle.toyota.prius,143.77424621582,-228.97509765625,243.954635620117,15.7542858539887,1.31370484828949,1.22995805740356,11.4345455448993,7.61215918173187
759,1712338137.99648,vehicle.toyota.prius,143.327392578125,-228.965301513672,243.964462280273,16.359987411242,1.29100131988525,1.22762894630432,11.9579110035395,7.93809056836744
760,1712338138.09756,vehicle.toyota.prius,142.864837646484,-228.945816040039,243.974395751953,16.9209742776467,1.26338684558868,1.22526478767395,12.4615717264358,8.27735165522256
761,1712338138.19887,vehicle.toyota.prius,142.388153076172,-228.915542602539,243.984466552734,17.4280529175706,1.24062180519104,1.22331249713898,15.857606100724,8.84587073863517
762,1712338138.29994,vehicle.toyota.prius,141.899215698242,-228.873596191406,243.994781494141,17.8747674241354,1.22352588176727,1.22143316268921,16.4218267003023,9.41406743576021
763,1712338138.40103,vehicle.toyota.prius,141.400146484375,-228.819122314453,244.005798339844,18.2636723687943,1.19356870651245,1.2199854850769,16.9376502422783,9.97833614624906
764,1712338138.50241,vehicle.toyota.prius,140.892700195313,-228.751846313477,244.016555786133,18.662204678249,1.16600203514099,1.21871089935303,17.3948390088473,10.5345738609439
765,1712338138.60486,vehicle.toyota.prius,140.892700195313,-228.751846313477,244.016555786133,18.662204678249,1.16600203514099,1.21871089935303,14.0658090472716,10.7994164999185
766,1712338138.70615,vehicle.toyota.prius,140.380081176758,-228.67155456543,244.026748657227,18.9308308835741,1.14183676242828,1.21785986423492,14.3586418316879,11.0663583998012
767,1712338138.80773,vehicle.toyota.prius,139.865921020508,-228.57844543457,244.03678894043,18.9303696530861,1.12528729438782,1.21728157997131,14.5692619893776,11.3290761690194
768,1712338138.90904,vehicle.toyota.prius,139.358200073242,-228.474075317383,244.046890258789,18.7347346560473,1.09702396392822,1.21708750724792,14.6782509589739,11.580264278266
769,1712338139.01027,vehicle.toyota.prius,138.858657836914,-228.358978271484,244.056716918945,18.5225418113038,1.07468926906586,1.21722960472107,14.6878478650556,11.8133330472752
770,1712338139.11154,vehicle.toyota.prius,138.367858886719,-228.233856201172,244.066101074219,18.2990769623243,1.0518559217453,1.21766757965088,18.3161133419716,12.3010415693775
771,1712338139.21268,vehicle.toyota.prius,137.881240844727,-228.09748840332,244.075012207031,18.3202781695522,1.03592789173126,1.2184910774231,18.2253838135706,12.745367237692
772,1712338139.31407,vehicle.toyota.prius,137.394866943359,-227.948944091797,244.083984375,18.155867632422,1.01247990131378,1.21957969665527,18.1330727992883,13.1494451548117
773,1712338139.41585,vehicle.toyota.prius,137.394866943359,-227.948944091797,244.083984375,18.155867632422,1.01247990131378,1.21957969665527,14.4386780717766,13.246137623584
774,1712338139.51706,vehicle.toyota.prius,136.914825439453,-227.79020690918,244.092788696289,18.3022330471187,0.982365548610687,1.22105312347412,14.3892378321753,13.3318701392284
775,1712338139.61808,vehicle.toyota.prius,136.436264038086,-227.619583129883,244.101638793945,18.3975184094214,0.959368288516998,1.22292125225067,14.4074862439799,13.4125413470848
776,1712338139.71914,vehicle.toyota.prius,135.966018676758,-227.440643310547,244.110015869141,18.197995059675,0.929882407188416,1.22489881515503,14.3942373164408,13.4861685447865
777,1712338139.82041,vehicle.toyota.prius,135.497024536133,-227.250152587891,244.11833190918,18.1203295119443,0.915559470653534,1.22744500637054,14.3811057704092,13.5532888367082
778,1712338139.92146,vehicle.toyota.prius,135.032943725586,-227.049896240234,244.12629699707,18.2763473534685,0.90513664484024,1.23003816604614,17.9968344343768,13.8865547565333
779,1712338140.02265,vehicle.toyota.prius,134.571517944336,-226.838806152344,244.134414672852,18.3677709114813,0.902752876281738,1.23327302932739,18.0103444557736,14.1958389839763
780,1712338140.124,vehicle.toyota.prius,134.119125366211,-226.620910644531,244.142364501953,18.1427192149363,0.888621211051941,1.23645567893982,17.9567410865251,14.4779066416675
781,1712338140.22539,vehicle.toyota.prius,133.669479370117,-226.392471313477,244.150421142578,18.0338320890274,0.889755010604858,1.24034678936005,17.9538957692683,14.7386058262375
782,1712338140.32707,vehicle.toyota.prius,133.669479370117,-226.392471313477,244.150421142578,18.0338320890274,0.889755010604858,1.24034678936005,14.345951873592,14.7091567797891
783,1712338140.42804,vehicle.toyota.prius,133.223159790039,-226.154174804687,244.158355712891,18.2988241455874,0.902848482131958,1.24416792392731,14.3521893682775,14.6823842239257
784,1712338140.52911,vehicle.toyota.prius,132.781631469727,-225.907241821289,244.166397094727,18.3060794592962,0.91282057762146,1.2487508058548,14.3447687220615,14.6570630612859
785,1712338140.63034,vehicle.toyota.prius,132.347229003906,-225.653350830078,244.174362182617,18.1583931669493,0.917888581752777,1.25315952301025,14.3557852241816,14.6344672235031
786,1712338140.73145,vehicle.toyota.prius,131.916870117188,-225.39045715332,244.18229675293,18.1929041558671,0.924807548522949,1.25840413570404,14.3631400531299,14.6141176857251
787,1712338140.83254,vehicle.toyota.prius,131.490829467773,-225.119094848633,244.190475463867,18.2940030040966,0.933434069156647,1.26344645023346,17.9748323635418,14.8661712865614
788,1712338140.9341,vehicle.toyota.prius,131.490829467773,-225.119094848633,244.190475463867,18.2940030040966,0.933434069156647,1.26344645023346,14.3572630292413,14.8280031672624
789,1712338141.03529,vehicle.toyota.prius,131.071029663086,-224.841064453125,244.198455810547,18.1862690329324,0.931159615516663,1.26935875415802,14.3372610326312,14.791197507165
790,1712338141.13631,vehicle.toyota.prius,130.65592956543,-224.554992675781,244.206832885742,18.0733522877011,0.931385040283203,1.27500510215759,14.3504307122016,14.7581399975428
791,1712338141.23739,vehicle.toyota.prius,130.246200561523,-224.262390136719,244.214981079102,18.1536739641859,0.930756628513336,1.28159201145172,14.3456125534553,14.7272004392362
792,1712338141.33875,vehicle.toyota.prius,129.842575073242,-223.963256835937,244.223098754883,18.1019131210274,0.929950714111328,1.28782916069031,14.3187550140529,14.6965670323475
793,1712338141.43997,vehicle.toyota.prius,129.444778442383,-223.657821655273,244.23112487793,18.0602680044223,0.930387854576111,1.29506123065948,17.8954502332541,14.9364832724155
794,1712338141.54104,vehicle.toyota.prius,129.052947998047,-223.34635925293,244.239288330078,18.0140570643755,0.934062480926514,1.30187726020813,17.8785452624778,15.1571379216701
795,1712338141.64257,vehicle.toyota.prius,129.052947998047,-223.34635925293,244.239288330078,18.0140570643755,0.934062480926514,1.30187726020813,14.2775848408345,15.0911714406075
796,1712338141.74373,vehicle.toyota.prius,128.667373657227,-223.029388427734,244.24690246582,17.9604990182205,0.93650084733963,1.30973970890045,14.2446551261107,15.0276827170202
797,1712338141.84477,vehicle.toyota.prius,128.288146972656,-222.70719909668,244.254928588867,17.90678302448,0.935066521167755,1.31713449954987,14.2194626946718,14.9670662153441
798,1712338141.94584,vehicle.toyota.prius,127.915184020996,-222.380020141602,244.262969970703,17.8542225640525,0.930462956428528,1.32560586929321,14.185361209494,14.9084383399053
799,1712338142.04706,vehicle.toyota.prius,127.548454284668,-222.047943115234,244.270965576172,17.8040406889564,0.926440000534058,1.33439815044403,14.1401857223812,14.850819393591
800,1712338142.14822,vehicle.toyota.prius,127.18790435791,-221.711151123047,244.27897644043,17.7581699189185,0.92036110162735,1.34350681304932,17.661325033513,15.0616073165852
801,1712338142.24936,vehicle.toyota.prius,126.833473205566,-221.369644165039,244.286926269531,17.716793159642,0.912294685840607,1.35129451751709,17.6129227044692,15.2529559706765
802,1712338142.3504,vehicle.toyota.prius,126.485015869141,-221.023544311523,244.294845581055,17.6807458455222,0.904760956764221,1.35788655281067,17.5667567074371,15.4264910259335
803,1712338142.45154,vehicle.toyota.prius,126.485015869141,-221.023544311523,244.294845581055,17.6807458455222,0.904760956764221,1.35788655281067,14.0340721191784,15.3220596079269
804,1712338142.55267,vehicle.toyota.prius,126.142456054688,-220.672805786133,244.302627563477,17.6494951382704,0.904904365539551,1.3639874458313,14.0048697236942,15.2232703666094
805,1712338142.65379,vehicle.toyota.prius,125.805717468262,-220.31755065918,244.310348510742,17.6232249062703,0.906072378158569,1.36831915378571,13.978402258583,15.1299052585074
806,1712338142.75484,vehicle.toyota.prius,125.474822998047,-219.957794189453,244.318054199219,17.6001263102583,0.907820880413055,1.37187004089356,13.9564076832455,15.0418929403628
807,1712338142.85616,vehicle.toyota.prius,125.149711608887,-219.593505859375,244.325775146484,17.5814988513344,0.910641729831696,1.37392604351044,13.9285822511634,14.9583946386728
808,1712338142.95742,vehicle.toyota.prius,124.830429077148,-219.224761962891,244.33349609375,17.5659063806969,0.912048757076263,1.37494719028473,17.3947881154807,15.1411241494334
809,1712338143.0585,vehicle.toyota.prius,124.516937255859,-218.851577758789,244.341201782227,17.5523049566045,0.91314160823822,1.37473094463348,17.3758418596107,15.3087279776967
810,1712338143.15955,vehicle.toyota.prius,124.516937255859,-218.851577758789,244.341201782227,17.5523049566045,0.91314160823822,1.37473094463348,13.8953338873661,15.2027234209219
811,1712338143.26067,vehicle.toyota.prius,124.209381103516,-218.47395324707,244.348937988281,17.5404815404349,0.9124995470047,1.37323331832886,13.8810703180594,15.1035994382072
812,1712338143.36176,vehicle.toyota.prius,123.907699584961,-218.092010498047,244.356628417969,17.5295311428451,0.913448929786682,1.37074220180511,13.8762469394331,15.0115480007992
813,1712338143.46289,vehicle.toyota.prius,123.612129211426,-217.705718994141,244.364395141602,17.5187451858324,0.910395860671997,1.36673355102539,13.870294431499,14.9259539831017
814,1712338143.56392,vehicle.toyota.prius,123.322875976563,-217.315505981445,244.3720703125,17.4781204733658,0.908073604106903,1.36196994781494,13.859536252365,14.8459726532964
815,1712338143.66517,vehicle.toyota.prius,123.041275024414,-216.922988891602,244.379699707031,17.331718091771,0.905143439769745,1.35549831390381,17.2923714034203,15.0294525595557
816,1712338143.76642,vehicle.toyota.prius,122.769409179688,-216.531402587891,244.387344360352,17.0461180192607,0.899208009243012,1.34849238395691,17.2142614924296,15.1933132295213
817,1712338143.86785,vehicle.toyota.prius,122.509567260742,-216.144119262695,244.394714355469,16.6077989366017,0.891790449619293,1.34000563621521,17.0578589934415,15.3331541618153
818,1712338143.96893,vehicle.toyota.prius,122.263374328613,-215.764678955078,244.401962280273,16.0722630952954,0.882631123065949,1.33050286769867,16.8169139476492,15.4444361457528
819,1712338144.07031,vehicle.toyota.prius,122.263374328613,-215.764678955078,244.401962280273,16.0722630952954,0.882631123065949,1.33050286769867,13.3540273703702,15.2876554875991
820,1712338144.17142,vehicle.toyota.prius,122.031188964844,-215.394561767578,244.408905029297,15.5039590325762,0.87762463092804,1.32132017612457,13.0293486788091,15.1182824769399
821,1712338144.27274,vehicle.toyota.prius,121.812759399414,-215.034454345703,244.415542602539,14.9486112648603,0.875076949596405,1.31052350997925,12.6329363702066,14.9318815189349
822,1712338144.37369,vehicle.toyota.prius,121.607215881348,-214.684158325195,244.421951293945,14.4045358858719,0.875316023826599,1.30042207241058,12.2164636487695,14.7282251786725
823,1712338144.47476,vehicle.toyota.prius,121.414283752441,-214.34440612793,244.428146362305,13.844836263385,0.872986912727356,1.28873145580292,11.7783920047529,14.5069876906285
824,1712338144.57583,vehicle.toyota.prius,121.233192443848,-214.014953613281,244.434036254883,13.3510936286454,0.87336939573288,1.27668058872223,14.4617832427147,14.503597357035
825,1712338144.67695,vehicle.toyota.prius,121.233192443848,-214.014953613281,244.434036254883,13.3510936286454,0.87336939573288,1.27668058872223,11.3510520524758,14.267156459193
826,1712338144.77909,vehicle.toyota.prius,121.062080383301,-213.693496704102,244.439743041992,12.9667517484944,0.878615021705627,1.26571822166443,10.9273992590029,14.0166746691788
827,1712338144.88094,vehicle.toyota.prius,120.899559020996,-213.37841796875,244.445343017578,12.6435715933651,0.881633937358856,1.25299429893494,10.5415454525197,13.7560399779293
828,1712338144.982,vehicle.toyota.prius,120.744735717773,-213.068801879883,244.450775146484,12.3535929139887,0.883799135684967,1.23989629745483,10.2258059079328,13.4912724226796
829,1712338145.08309,vehicle.toyota.prius,120.597290039063,-212.764831542969,244.456024169922,12.0328403004434,0.884803175926209,1.22811996936798,9.95501216416006,13.2260529032906
830,1712338145.18425,vehicle.toyota.prius,120.457588195801,-212.468200683594,244.461227416992,11.6555018935639,0.882603824138641,1.21455311775208,12.2805240391699,13.1551382384816
831,1712338145.28659,vehicle.toyota.prius,120.325546264648,-212.179290771484,244.466201782227,11.3110049431891,0.881852507591248,1.2008398771286,11.9460542892266,13.0644569422874
832,1712338145.3878,vehicle.toyota.prius,120.199920654297,-211.896072387695,244.471115112305,11.0728284891144,0.887016117572784,1.18872761726379,11.6437179461657,12.9579015175783
833,1712338145.48896,vehicle.toyota.prius,120.079048156738,-211.615509033203,244.476043701172,10.9824684080407,0.898811876773834,1.1745468378067,11.3525851648712,12.8375027911253
834,1712338145.59003,vehicle.toyota.prius,120.079048156738,-211.615509033203,244.476043701172,10.9824684080407,0.898811876773834,1.1745468378067,8.95439426592741,12.5462696517354
835,1712338145.69109,vehicle.toyota.prius,119.961196899414,-211.333847045898,244.481048583984,11.0212957985368,0.912062406539917,1.15985500812531,8.79597554749336,12.2649975939173
836,1712338145.79215,vehicle.toyota.prius,119.845642089844,-211.049133300781,244.486022949219,11.1055091051745,0.923912823200226,1.14502954483032,8.74415324038781,12.0009342674026
837,1712338145.89349,vehicle.toyota.prius,119.732192993164,-210.760986328125,244.490966796875,11.1917812803306,0.931562602519989,1.13058590888977,8.74102659314438,11.7564411918332
838,1712338145.99487,vehicle.toyota.prius,119.621109008789,-210.469818115234,244.49592590332,11.2464794119006,0.935947597026825,1.11404860019684,8.78090152138303,11.5332757165495
839,1712338146.09729,vehicle.toyota.prius,119.512878417969,-210.176818847656,244.500839233398,11.2540281536898,0.93728631734848,1.09693229198456,10.9737688969494,11.4913127050794
840,1712338146.19858,vehicle.toyota.prius,119.407974243164,-209.883224487305,244.505752563477,11.2126994608987,0.937812268733978,1.08142375946045,11.0147172787537,11.455568048105
841,1712338146.3002,vehicle.toyota.prius,119.407974243164,-209.883224487305,244.505752563477,11.2126994608987,0.937812268733978,1.08142375946045,8.82562858902772,11.2583225886742
842,1712338146.40143,vehicle.toyota.prius,119.306602478027,-209.589935302734,244.510696411133,11.1620070071055,0.937846422195435,1.06340312957764,8.83195283026568,11.0763448567936
843,1712338146.50248,vehicle.toyota.prius,119.208389282227,-209.29606628418,244.515701293945,11.1822042441162,0.937033593654633,1.04487490653992,8.82506984660589,10.9074992310295
844,1712338146.60356,vehicle.toyota.prius,119.112586975098,-208.999176025391,244.520812988281,11.2944552037975,0.933966875076294,1.02789926528931,8.84572404720745,10.7528660922429
845,1712338146.70463,vehicle.toyota.prius,119.018524169922,-208.69709777832,244.525970458984,11.4881052563658,0.932286620140076,1.00794053077698,8.88228902643857,10.6125728123075
846,1712338146.80572,vehicle.toyota.prius,118.92561340332,-208.387756347656,244.531219482422,11.7551415612947,0.931753873825073,0.986988723278046,11.1914162410631,10.6559860694642
847,1712338146.90703,vehicle.toyota.prius,118.83358001709,-208.069305419922,244.536560058594,12.0849161993432,0.934786438941956,0.967211723327637,11.3405089980178,10.7073252891057
848,1712338147.00881,vehicle.toyota.prius,118.83358001709,-208.069305419922,244.536560058594,12.0849161993432,0.934786438941956,0.967211723327637,9.1214042721632,10.588381212835
849,1712338147.11002,vehicle.toyota.prius,118.742210388184,-207.740203857422,244.542037963867,12.4676729879156,0.93890506029129,0.943861305713654,9.32950870177073,10.4939657745052
850,1712338147.21107,vehicle.toyota.prius,118.651351928711,-207.399230957031,244.547668457031,12.892630610817,0.942395269870758,0.9190514087677,9.58925097757011,10.4261121647351
851,1712338147.31261,vehicle.toyota.prius,118.561126708984,-207.045333862305,244.553497314453,13.3507184589057,0.944287240505218,0.895103693008423,9.88057935754258,10.3851972041956
852,1712338147.41453,vehicle.toyota.prius,118.471717834473,-206.677734375,244.559524536133,13.8323457280362,0.946664154529572,0.867040514945984,10.2009002418575,10.3713749320203
853,1712338147.51569,vehicle.toyota.prius,118.38330078125,-206.295822143555,244.56575012207,14.3300792959798,0.949000120162964,0.837114691734314,12.9971333652316,10.5683068145111
854,1712338147.61717,vehicle.toyota.prius,118.38330078125,-206.295822143555,244.56575012207,14.3300792959798,0.949000120162964,0.837114691734314,10.5660098721611,10.5681345438349
855,1712338147.71834,vehicle.toyota.prius,118.296195983887,-205.899307250977,244.572219848633,14.8343322124616,0.950516402721405,0.807848334312439,10.9403750873153,10.5960525845959
856,1712338147.81943,vehicle.toyota.prius,118.210815429688,-205.488143920898,244.578964233398,15.337161018265,0.951110601425171,0.773975431919098,11.3388552240994,10.6517627825587
857,1712338147.92052,vehicle.toyota.prius,118.127593994141,-205.063232421875,244.585906982422,15.7620468849714,0.949655771255493,0.74057924747467,11.7463151606799,10.7338542109178
858,1712338148.02196,vehicle.toyota.prius,118.047378540039,-204.627731323242,244.593078613281,16.0802931380699,0.948494672775269,0.702832579612732,12.1011892311598,10.8364043374359
859,1712338148.12334,vehicle.toyota.prius,117.970581054688,-204.183135986328,244.60041809082,16.3789400839733,0.948235094547272,0.663234174251556,15.3119649084216,11.1720713802599
860,1712338148.22454,vehicle.toyota.prius,117.897178649902,-203.729248046875,244.607955932617,16.6911595798433,0.950980842113495,0.621701300144196,15.6938510808366,11.5112048578031
861,1712338148.32621,vehicle.toyota.prius,117.897178649902,-203.729248046875,244.607955932617,16.6911595798433,0.950980842113495,0.621701300144196,12.6932088406202,11.5998551565144
862,1712338148.42725,vehicle.toyota.prius,117.827186584473,-203.265991210937,244.61555480957,17.0043008891761,0.956199109554291,0.578159809112549,12.9471055850268,11.7008989386528
863,1712338148.5283,vehicle.toyota.prius,117.760635375977,-202.793533325195,244.623336791992,17.3125324128965,0.959675669670105,0.538804113864899,13.2009523113361,11.8134029416041
864,1712338148.62936,vehicle.toyota.prius,117.697616577148,-202.312789916992,244.631240844727,17.5484796984484,0.963056623935699,0.491479247808456,13.448999922945,11.9360727152046
865,1712338148.73092,vehicle.toyota.prius,117.638389587402,-201.826629638672,244.639236450195,17.695837715291,0.962332606315613,0.443308562040329,13.6526415603962,12.064815378594
866,1712338148.83205,vehicle.toyota.prius,117.58292388916,-201.336578369141,244.647384643555,17.8020968715364,0.959265887737274,0.394610941410065,17.1768896034501,12.4482209454582
867,1712338148.93329,vehicle.toyota.prius,117.531112670898,-200.843719482422,244.65559387207,17.8748834046191,0.956335723400116,0.345488727092743,17.3628141746838,12.8168154376501
868,1712338149.0348,vehicle.toyota.prius,117.531112670898,-200.843719482422,244.65559387207,17.8748834046191,0.956335723400116,0.345488727092743,13.9560040233542,12.9022545815779
869,1712338149.13587,vehicle.toyota.prius,117.482749938965,-200.348861694336,244.663818359375,17.9245936598268,0.954020261764526,0.296017527580261,14.043630904851,12.9878578058234
870,1712338149.23694,vehicle.toyota.prius,117.437606811523,-199.852569580078,244.67204284668,17.9587944764389,0.952100992202759,0.253860741853714,14.1184851031766,13.0726548531249
871,1712338149.33798,vehicle.toyota.prius,117.395492553711,-199.355926513672,244.680252075195,17.9234469820767,0.950366139411926,0.203942894935608,14.1585541053621,13.1540972970427
872,1712338149.43929,vehicle.toyota.prius,117.356391906738,-198.862045288086,244.688446044922,17.7635462118682,0.946172416210175,0.154135927557945,14.1553233323826,13.2291892496932
873,1712338149.5406,vehicle.toyota.prius,117.320175170898,-198.373458862305,244.696640014648,17.560998614374,0.944956600666046,0.104697905480862,17.6483442761794,13.5606258766797
874,1712338149.64197,vehicle.toyota.prius,117.286491394043,-197.889434814453,244.704772949219,17.414798490578,0.947470128536224,0.0555585548281669,17.5526386617147,13.8600268355573
875,1712338149.74303,vehicle.toyota.prius,117.254959106445,-197.408142089844,244.712829589844,17.3373213124455,0.953883647918701,0.0065345400944352,17.4388312892825,14.1284371695867
876,1712338149.84462,vehicle.toyota.prius,117.254959106445,-197.408142089844,244.712829589844,17.3373213124455,0.953883647918701,0.0065345400944352,13.878106146501,14.1096623428552
877,1712338149.94567,vehicle.toyota.prius,117.225273132324,-196.928009033203,244.720855712891,17.3127857765399,0.961724758148193,-0.0425332449376583,13.7831729883006,14.0851756412637
878,1712338150.04706,vehicle.toyota.prius,117.19718170166,-196.447723388672,244.729110717773,17.3258744154142,0.980255007743835,-0.0917792990803718,13.7182224490642,14.0576541518487
879,1712338150.14826,vehicle.toyota.prius,117.170211791992,-195.966415405273,244.737747192383,17.3766574664714,1.01004827022553,-0.141295850276947,13.7006484178746,14.0308787218006
880,1712338150.24964,vehicle.toyota.prius,117.14493560791,-195.484237670898,244.737930297852,17.5589549113986,0.626581013202667,-0.191064760088921,13.6948709811411,14.0056781412512
881,1712338150.35064,vehicle.toyota.prius,117.120475769043,-194.99787902832,244.732391357422,17.759740031769,0.0536101534962654,-0.241434708237648,17.1746309621501,14.2433496028186
882,1712338150.45171,vehicle.toyota.prius,117.120475769043,-194.99787902832,244.732391357422,17.759740031769,0.0536101534962654,-0.241434708237648,13.75146046125,14.206457917201
883,1712338150.55322,vehicle.toyota.prius,117.096794128418,-194.505996704102,244.725814819336,17.9564950758701,-0.530459761619568,-0.284506261348724,13.8287922333,14.1781329909084
884,1712338150.65447,vehicle.toyota.prius,117.073837280273,-194.008712768555,244.720397949219,18.1286756722124,-1.09795963764191,-0.336333274841309,13.9398920549563,14.160264920712
885,1712338150.75562,vehicle.toyota.prius,117.051605224609,-193.507751464844,244.715682983398,18.1000739604333,-1.66164827346802,-0.388726890087128,14.0792773967689,14.1541908564162
886,1712338150.85666,vehicle.toyota.prius,117.029937744141,-193.004745483398,244.710266113281,18.142689457273,-2.16912460327148,-0.4415203332901,14.1953959702657,14.1572812399549
887,1712338150.95788,vehicle.toyota.prius,117.00919342041,-192.503555297852,244.693786621094,18.0328759760792,-2.20016765594482,-0.494307816028595,17.7602688562668,14.4275053111783
888,1712338151.05893,vehicle.toyota.prius,116.98934173584,-192.002731323242,244.673965454102,18.0314755281079,-2.12114930152893,-0.547240674495697,17.8404907438584,14.6834792186293
889,1712338151.15997,vehicle.toyota.prius,116.98934173584,-192.002731323242,244.673965454102,18.0314755281079,-2.12114930152893,-0.547240674495697,14.3025111843732,14.6549066160601
890,1712338151.26163,vehicle.toyota.prius,116.97013092041,-191.503860473633,244.654312133789,17.9176277379754,-2.06820154190063,-0.600151002407074,14.2749314395776,14.6264084778239
891,1712338151.36271,vehicle.toyota.prius,116.951568603516,-191.00959777832,244.635696411133,17.729274318643,-2.04363346099854,-0.652753889560699,14.2141889860002,14.5954920159372
892,1712338151.46375,vehicle.toyota.prius,116.933616638184,-190.521270751953,244.618179321289,17.5060841817386,-2.0330126285553,-0.704902529716492,14.1271042935515,14.5603629367582
893,1712338151.56519,vehicle.toyota.prius,116.916297912598,-190.039352416992,244.601211547852,17.2722059534191,-2.02987742424011,-0.756539642810822,13.9806935773047,14.5168877347992
894,1712338151.66627,vehicle.toyota.prius,116.89949798584,-189.563842773438,244.584564208984,17.0479674732762,-2.02880501747131,-0.807658851146698,17.3649054909354,14.7304890665094
895,1712338151.76747,vehicle.toyota.prius,116.883178710938,-189.094161987305,244.568115234375,16.8454786362996,-2.02901697158813,-0.858315825462341,17.1718535302641,14.913591401291
896,1712338151.86881,vehicle.toyota.prius,116.883178710938,-189.094161987305,244.568115234375,16.8454786362996,-2.02901697158813,-0.858315825462341,13.6420889881886,14.8182287203083
897,1712338151.96986,vehicle.toyota.prius,116.86727142334,-188.629638671875,244.551834106445,16.6729970332946,-2.0277943611145,-0.908577442169189,13.4718949580894,14.7172536881419
898,1712338152.0709,vehicle.toyota.prius,116.851707458496,-188.169311523438,244.535720825195,16.5343182456018,-2.02575898170471,-0.958543121814728,13.3283029692252,14.6130823842232
899,1712338152.17194,vehicle.toyota.prius,116.836387634277,-187.712326049805,244.519683837891,16.4305497945885,-2.02358675003052,-1.0083019733429,13.1973125358819,14.5068996455976
900,1712338152.27322,vehicle.toyota.prius,116.8212890625,-187.257629394531,244.503723144531,16.3605341065542,-2.02179050445557,-1.05796551704407,13.0881430888756,14.4004929038434
901,1712338152.37441,vehicle.toyota.prius,116.806327819824,-186.804351806641,244.487762451172,16.3216178141857,-2.01980304718018,-1.10762703418732,16.3233156666733,14.5447046110557
902,1712338152.47562,vehicle.toyota.prius,116.791450500488,-186.351715087891,244.471832275391,16.3104301366533,-2.01733040809631,-1.15737104415894,16.2332411443158,14.6713448510502
903,1712338152.57677,vehicle.toyota.prius,116.776611328125,-185.898986816406,244.455947875977,16.3227907827799,-2.01577305793762,-1.2072776556015,16.1756091878756,14.7841646763121
904,1712338152.67804,vehicle.toyota.prius,116.761772155762,-185.445602416992,244.440017700195,16.3547962101613,-2.01467347145081,-1.30862772464752,16.1421351216789,14.8860124597146
905,1712338152.77944,vehicle.toyota.prius,116.761772155762,-185.445602416992,244.440017700195,16.3547962101613,-2.01467347145081,-1.30862772464752,12.9011802796072,14.7371500462065
906,1712338152.88069,vehicle.toyota.prius,116.746894836426,-184.991439819336,244.424072265625,16.371458022812,-2.01369667053223,-1.36300587654114,12.905711098597,14.5997921251358
907,1712338152.98192,vehicle.toyota.prius,116.731986999512,-184.53776550293,244.408203125,16.3239657354152,-2.01485776901245,-1.41583108901978,12.9127379576882,14.4732630625773
908,1712338153.08297,vehicle.toyota.prius,116.717132568359,-184.086853027344,244.39241027832,16.1872446404259,-2.01799988746643,-1.46685481071472,12.9023926083707,14.3554477785118
909,1712338153.18407,vehicle.toyota.prius,116.702392578125,-183.641326904297,244.376815795898,15.9509119838075,-2.02282190322876,-1.51582014560699,12.8508701375306,14.2426044554382
910,1712338153.28521,vehicle.toyota.prius,116.687866210938,-183.204345703125,244.36149597168,15.5854253706809,-2.02847719192505,-1.56244719028473,15.9712700045499,14.3722543716216
911,1712338153.38626,vehicle.toyota.prius,116.67366027832,-182.779678344727,244.346649169922,15.0961158858463,-2.03555345535278,-1.6064327955246,15.7676664333356,14.4769102762501
912,1712338153.48767,vehicle.toyota.prius,116.67366027832,-182.779678344727,244.346649169922,15.0961158858463,-2.03555345535278,-1.6064327955246,12.52889863147,14.3308094028916
913,1712338153.58873,vehicle.toyota.prius,116.659828186035,-182.369033813477,244.332305908203,14.5961460789978,-2.04129076004028,-1.64772152900696,12.2417420005551,14.1741293477164
914,1712338153.68998,vehicle.toyota.prius,116.646644592285,-181.971771240234,244.318389892578,14.1235523692827,-2.04323720932007,-1.6864994764328,11.8941932812443,14.003134142731
915,1712338153.79109,vehicle.toyota.prius,116.633964538574,-181.586563110352,244.304840087891,13.7324270646045,-2.0424792766571,-1.7230064868927,11.5261125545452,13.817357523617
916,1712338153.89283,vehicle.toyota.prius,116.62158203125,-181.209747314453,244.291595458984,13.4922098119377,-2.03778004646301,-1.75767612457275,11.1698484523811,13.6187943432743
917,1712338153.99455,vehicle.toyota.prius,116.609390258789,-180.838043212891,244.278503417969,13.3252100616987,-2.03207683563232,-1.79086565971375,13.8060661915122,13.6328397318922
918,1712338154.0956,vehicle.toyota.prius,116.609390258789,-180.838043212891,244.278503417969,13.3252100616987,-2.03207683563232,-1.79086565971375,10.8861400558727,13.4268372561907
919,1712338154.19667,vehicle.toyota.prius,116.597351074219,-180.471008300781,244.265579223633,13.1581237107055,-2.02819037437439,-1.8226546049118,10.6751955105348,13.2204641252665
920,1712338154.29773,vehicle.toyota.prius,116.585456848145,-180.109268188477,244.252822875977,12.9369704497135,-2.02706336975098,-1.85302829742432,10.5093360259664,13.017129517819
921,1712338154.39922,vehicle.toyota.prius,116.573738098145,-179.755264282227,244.240447998047,12.6200884228456,-2.02905106544495,-1.88183331489563,10.3521192841314,12.8172537502924
922,1712338154.50034,vehicle.toyota.prius,116.562271118164,-179.411376953125,244.228439331055,12.2223556429676,-2.03343605995178,-1.90894448757172,10.1662742106758,12.6184302848212
923,1712338154.60176,vehicle.toyota.prius,116.551071166992,-179.078750610352,244.216812133789,11.8179536237256,-2.03655052185059,-1.93435156345367,12.5272908748461,12.6115948290731
924,1712338154.70306,vehicle.toyota.prius,116.540397644043,-178.758926391602,244.210968017578,11.2054151147642,-1.77923691272736,-1.95802319049835,12.184350277759,12.5795514877245
925,1712338154.80411,vehicle.toyota.prius,116.540397644043,-178.758926391602,244.210968017578,11.2054151147642,-1.77923691272736,-1.95802319049835,9.609946522952,12.3568311153666
926,1712338154.90527,vehicle.toyota.prius,116.528785705566,-178.453857421875,244.210372924805,10.6967914729819,-1.36307346820831,-1.97991502285004,9.26612653877858,12.1250282721225
927,1712338155.00653,vehicle.toyota.prius,116.518051147461,-178.161758422852,244.205032348633,10.3461616474625,-1.21230387687683,-2.00024199485779,8.89429042715527,11.8827229337499
928,1712338155.10767,vehicle.toyota.prius,116.507118225098,-177.881576538086,244.195068359375,9.94441592616194,-1.24086773395538,-2.01915907859802,8.52612820357073,11.6309783289865
929,1712338155.20904,vehicle.toyota.prius,116.496337890625,-177.611343383789,244.183975219727,9.65215399797055,-1.2980295419693,-2.03686499595642,8.17333250369183,11.3716548920894
930,1712338155.31147,vehicle.toyota.prius,116.485908508301,-177.347106933594,244.171890258789,9.4926884267753,-1.39785277843475,-2.05366516113281,10.0289186855903,11.2709496766019
931,1712338155.41254,vehicle.toyota.prius,116.47534942627,-177.086791992188,244.159683227539,9.36449216564083,-1.50583124160767,-2.06972074508667,9.71590317101973,11.1543211886833
932,1712338155.51407,vehicle.toyota.prius,116.47534942627,-177.086791992188,244.159683227539,9.36449216564083,-1.50583124160767,-2.06972074508667,7.63758127011481,10.8905656947906
933,1712338155.61517,vehicle.toyota.prius,116.464744567871,-176.829833984375,244.148666381836,9.22062739237361,-1.57003498077393,-2.08508706092834,7.47401230507621,10.6343241905621
934,1712338155.71624,vehicle.toyota.prius,116.454795837402,-176.57731628418,244.139129638672,9.0145274573646,-1.59115397930145,-2.0997200012207,7.35198840720923,10.3881490068106
935,1712338155.81721,vehicle.toyota.prius,116.445220947266,-176.330505371094,244.130111694336,8.81324538973943,-1.60888516902924,-2.11357426643372,7.24826926968374,10.1526580265261
936,1712338155.91831,vehicle.toyota.prius,116.43611907959,-176.092498779297,244.12287902832,8.46577004735988,-1.75628054141998,-2.12651515007019,7.08760314639529,9.92277891051628
937,1712338156.01946,vehicle.toyota.prius,116.426918029785,-175.865203857422,244.122024536133,8.15365747111233,-2.13122391700745,-2.13849067687988,8.71263990169027,9.83201848485433
938,1712338156.12065,vehicle.toyota.prius,116.426918029785,-175.865203857422,244.122024536133,8.15365747111233,-2.13122391700745,-2.13849067687988,6.87798693143612,9.61046611834796
939,1712338156.22173,vehicle.toyota.prius,116.417861938477,-175.644424438477,244.121887207031,7.96722173844921,-2.45709204673767,-2.14976382255554,6.65027842485572,9.38845204133604
940,1712338156.32291,vehicle.toyota.prius,116.40926361084,-175.425094604492,244.117431640625,7.92995311987601,-2.58599138259888,-2.16061186790466,6.45127218223304,9.16816355190332
941,1712338156.42401,vehicle.toyota.prius,116.400260925293,-175.204177856445,244.109420776367,8.00384927414188,-2.59163999557495,-2.17118620872498,6.32962122764767,8.95527287758414
942,1712338156.52531,vehicle.toyota.prius,116.390815734863,-174.980880737305,244.09928894043,8.07614718330887,-2.57901096343994,-2.18151473999023,6.30080596152323,8.75618785887957
943,1712338156.62673,vehicle.toyota.prius,116.381607055664,-174.755401611328,244.088043212891,8.16790818283316,-2.5509934425354,-2.19157600402832,7.90472673870227,8.69232827486627
944,1712338156.72833,vehicle.toyota.prius,116.381607055664,-174.755401611328,244.088043212891,8.16790818283316,-2.5509934425354,-2.19157600402832,6.32739106766184,8.51495798432594
945,1712338156.8306,vehicle.toyota.prius,116.372222900391,-174.5263671875,244.076675415039,8.3108367698003,-2.47478914260864,-2.20141816139221,6.38472427585304,8.35519045619047
946,1712338156.93177,vehicle.toyota.prius,116.362655639648,-174.291915893555,244.065567016602,8.53525439752187,-2.38744473457336,-2.21109843254089,6.48094137273604,8.21462177493139
947,1712338157.03304,vehicle.toyota.prius,116.352615356445,-174.05029296875,244.055130004883,8.82524550144858,-2.33306956291199,-2.22085237503052,6.6112358859636,8.0943678332588
948,1712338157.13424,vehicle.toyota.prius,116.342193603516,-173.799667358398,244.045486450195,9.19823831844052,-2.32385563850403,-2.24425029754639,6.79200103319104,7.99669032325372
949,1712338157.23553,vehicle.toyota.prius,116.331260681152,-173.53727722168,244.035461425781,9.65518730041194,-2.31481242179871,-2.26869249343872,8.66149269483043,8.04655050112198
950,1712338157.33688,vehicle.toyota.prius,116.319618225098,-173.260894775391,244.023956298828,10.1793017860454,-2.26827836036682,-2.29437851905823,9.01402865696663,8.11911136281033
951,1712338157.43837,vehicle.toyota.prius,116.306900024414,-172.969451904297,244.012008666992,10.7469770684467,-2.25372314453125,-2.32139897346497,9.41360102579081,8.21619808753386
952,1712338157.54017,vehicle.toyota.prius,116.306900024414,-172.969451904297,244.012008666992,10.7469770684467,-2.25372314453125,-2.32139897346497,7.68553485542056,8.17639834512537
953,1712338157.64125,vehicle.toyota.prius,116.293418884277,-172.662933349609,243.999893188477,11.2594246107215,-2.26769781112671,-2.34974360466003,8.08522782938736,8.16956055644502
954,1712338157.74229,vehicle.toyota.prius,116.279266357422,-172.343780517578,243.987380981445,11.678805783794,-2.2665638923645,-2.3791766166687,8.49342882326767,8.19385067645671
955,1712338157.84336,vehicle.toyota.prius,116.264228820801,-172.012969970703,243.974075317383,12.0898593324573,-2.20525622367859,-2.4095995426178,8.88589891550373,8.24575429438524
956,1712338157.94466,vehicle.toyota.prius,116.248252868652,-171.670486450195,243.960586547852,12.5172674727212,-2.15181684494018,-2.44100427627563,9.25310812733389,8.32130583185639
957,1712338158.04567,vehicle.toyota.prius,116.231521606445,-171.315795898438,243.94743347168,12.9895919110482,-2.13070464134216,-2.47342944145203,11.797944050118,8.58205369822601
958,1712338158.14674,vehicle.toyota.prius,116.231521606445,-171.315795898438,243.94743347168,12.9895919110482,-2.13070464134216,-2.47342944145203,9.61141358360905,8.65925568962973
959,1712338158.24783,vehicle.toyota.prius,116.213836669922,-170.947540283203,243.933944702148,13.4802164405551,-2.11706471443176,-2.50698852539062,9.96098093149534,8.75688508276966
960,1712338158.34876,vehicle.toyota.prius,116.195274353027,-170.565994262695,243.919952392578,13.9514573541935,-2.09511947631836,-2.54164457321167,10.3256954385212,8.87454585945102
961,1712338158.44972,vehicle.toyota.prius,116.175682067871,-170.171356201172,243.905227661133,14.419543925949,-2.0560576915741,-2.57736730575562,10.7054132440902,9.01186091329896
962,1712338158.5508,vehicle.toyota.prius,116.1552734375,-169.763763427734,243.889892578125,14.8848869422933,-2.01162719726562,-2.61413168907166,11.0820286312153,9.16712349214269
963,1712338158.65205,vehicle.toyota.prius,116.134185791016,-169.343505859375,243.87467956543,15.3417506561966,-1.9926460981369,-2.65189814567566,14.077994823581,9.53543884200057
964,1712338158.75328,vehicle.toyota.prius,116.112213134766,-168.910842895508,243.859466552734,15.7902307594313,-1.98724341392517,-2.6906316280365,14.533566906347,9.91029844682655
965,1712338158.85476,vehicle.toyota.prius,116.112213134766,-168.910842895508,243.859466552734,15.7902307594313,-1.98724341392517,-2.6906316280365,11.7985265129658,10.051915551787
966,1712338158.95582,vehicle.toyota.prius,116.089569091797,-168.466278076172,243.843780517578,16.1969120655268,-1.98638963699341,-2.73027372360229,12.1518876992194,10.2094134628444
967,1712338159.05678,vehicle.toyota.prius,116.066314697266,-168.012435913086,243.827819824219,16.4662909281443,-1.98800837993622,-2.77057909965515,12.4845437625317,10.380048235321
968,1712338159.15798,vehicle.toyota.prius,116.042770385742,-167.554260253906,243.811828613281,16.5461187445702,-1.99602711200714,-2.81111812591553,12.7560575956466,10.5582489373454
969,1712338159.25908,vehicle.toyota.prius,116.019165039063,-167.095840454102,243.795837402344,16.5273211454548,-2.00507020950317,-2.85149335861206,12.9430568083406,10.73710952767
970,1712338159.36042,vehicle.toyota.prius,115.995635986328,-166.637939453125,243.779800415039,16.514682822428,-2.01190042495728,-2.89165377616882,16.2127823175724,11.1477849869127
971,1712338159.46173,vehicle.toyota.prius,115.995635986328,-166.637939453125,243.779800415039,16.514682822428,-2.01190042495728,-2.89165377616882,13.0353217766693,11.2893502461445
972,1712338159.56357,vehicle.toyota.prius,115.972068786621,-166.179901123047,243.763687133789,16.5332250952768,-2.01483058929443,-2.93165707588196,13.0425398077864,11.4208394632676
973,1712338159.66472,vehicle.toyota.prius,115.948348999023,-165.720855712891,243.747512817383,16.5813709674729,-2.01873731613159,-2.97157907485962,13.050129465299,11.54303621342
974,1712338159.76651,vehicle.toyota.prius,115.924453735352,-165.260040283203,243.731094360352,16.6586034874781,-2.02642130851746,-3.01148462295532,13.0497558250526,11.6560401842924
975,1712338159.86758,vehicle.toyota.prius,115.900253295898,-164.796676635742,243.71452331543,16.7629335189007,-2.03716516494751,-3.05143880844116,13.0957927512106,11.7640216268113
976,1712338159.96895,vehicle.toyota.prius,115.875526428223,-164.330078125,243.697708129883,16.8886295539832,-2.05428862571716,-3.09149932861328,16.4126243662703,12.1126668322707
977,1712338160.07001,vehicle.toyota.prius,115.850112915039,-163.859817504883,243.6806640625,17.0296191764962,-2.07393908500671,-3.1316990852356,16.525511366078,12.4436301723062
978,1712338160.17145,vehicle.toyota.prius,115.850112915039,-163.859817504883,243.6806640625,17.0296191764962,-2.07393908500671,-3.1316990852356,13.2485081130759,12.503996017864
979,1712338160.27258,vehicle.toyota.prius,115.823768615723,-163.385528564453,243.663238525391,17.1817655207331,-2.10046744346619,-3.17206597328186,13.3625416598288,12.5683869410113
980,1712338160.37364,vehicle.toyota.prius,115.796119689941,-162.907012939453,243.645584106445,17.3395943799826,-2.12713241577148,-3.2126145362854,13.4720451483475,12.6361613065615
981,1712338160.47472,vehicle.toyota.prius,115.766860961914,-162.424224853516,243.627456665039,17.496288885332,-2.15591502189636,-3.25334477424622,13.59685331011,12.7082132068277
982,1712338160.57636,vehicle.toyota.prius,115.735527038574,-161.937347412109,243.608993530273,17.6454408015211,-2.1838366985321,-3.27689051628113,13.7020294763749,12.7827494270437
983,1712338160.67741,vehicle.toyota.prius,115.701698303223,-161.446640014648,243.590118408203,17.7834614993223,-2.21276950836182,-3.29523229598999,17.2146462892922,13.1151416917124
984,1712338160.77865,vehicle.toyota.prius,115.701698303223,-161.446640014648,243.590118408203,17.7834614993223,-2.21276950836182,-3.29523229598999,13.8295808405003,13.1687246278715
985,1712338160.87968,vehicle.toyota.prius,115.664878845215,-160.952743530273,243.570892333984,17.8928566702317,-2.24169516563416,-3.31452035903931,13.9441224272733,13.2268794628266
986,1712338160.98086,vehicle.toyota.prius,115.624603271484,-160.45671081543,243.551239013672,17.965430864313,-2.27248573303223,-3.33472919464111,14.0412986629457,13.2879609028355
987,1712338161.08202,vehicle.toyota.prius,115.580467224121,-159.959533691406,243.531402587891,18.0069285837912,-2.30223798751831,-3.35582852363586,14.1348544632914,13.3514779198697
988,1712338161.1835,vehicle.toyota.prius,115.530952453613,-159.46208190918,243.512069702148,18.0449585244359,-2.33300805091858,-3.37778282165527,14.1798961508306,13.4136092871918
989,1712338161.28488,vehicle.toyota.prius,115.530952453613,-159.46208190918,243.512069702148,18.0449585244359,-2.33300805091858,-3.37778282165527,14.1759159078372,13.4707822837402
990,1712338161.38593,vehicle.toyota.prius,115.477256774902,-158.965194702148,243.491638183594,18.0274012864943,-2.36367559432983,-3.40059304237366,14.2077730496856,13.5260565911861
991,1712338161.48697,vehicle.toyota.prius,115.41870880127,-158.469100952148,243.470748901367,18.0092342381929,-2.39120125770569,-3.42422795295715,14.2250037580813,13.5784776287032
992,1712338161.58817,vehicle.toyota.prius,115.355087280273,-157.974044799805,243.44921875,17.9852929565403,-2.41860389709473,-3.44867515563965,14.2246281941871,13.6269389211145
993,1712338161.68964,vehicle.toyota.prius,115.286376953125,-157.480422973633,243.427963256836,17.9572319941592,-2.44528269767761,-3.47384905815125,14.2144036131264,13.6709987730154
994,1712338161.79073,vehicle.toyota.prius,115.212455749512,-156.988388061523,243.406829833984,17.927460445168,-2.47325921058655,-3.4998893737793,17.7658674409291,13.9781139231089
995,1712338161.89201,vehicle.toyota.prius,115.212455749512,-156.988388061523,243.406829833984,17.927460445168,-2.47325921058655,-3.4998893737793,14.2002638923217,13.9947751707999
996,1712338161.99308,vehicle.toyota.prius,115.133239746094,-156.498016357422,243.385391235352,17.8986635933716,-2.50314116477966,-3.52671384811401,14.1799437941379,14.0086628175502
997,1712338162.09412,vehicle.toyota.prius,115.048721313477,-156.009384155273,243.363662719727,17.8713223613522,-2.53688931465149,-3.55431389808655,14.1611323955556,14.0200980359006
998,1712338162.19516,vehicle.toyota.prius,114.958992004395,-155.522445678711,243.341690063477,17.8451799298691,-2.57088994979858,-3.58225464820862,14.1502052154119,14.029856074364
999,1712338162.29631,vehicle.toyota.prius,114.864135742188,-155.037185668945,243.319686889648,17.8196919979579,-2.60168027877808,-3.61140990257263,14.1268632493396,14.0371316124872
1000,1712338162.39733,vehicle.toyota.prius,114.764312744141,-154.553634643555,243.297500610352,17.795618208159,-2.62908983230591,-3.64134526252747,17.6543622251513,14.308423908437
1001,1712338162.49872,vehicle.toyota.prius,114.659545898438,-154.071807861328,243.27473449707,17.7800625547422,-2.67169666290283,-3.67205667495728,17.6174181769549,14.5565984785758
1002,1712338162.59982,vehicle.toyota.prius,114.549835205078,-153.59162902832,243.251251220703,17.7657915173211,-2.72735595703125,-3.70198035240173,17.5925562019454,14.7842953078285
1003,1712338162.70193,vehicle.toyota.prius,114.549835205078,-153.59162902832,243.251251220703,17.7657915173211,-2.72735595703125,-3.70198035240173,14.0356581032982,14.7281475174888
1004,1712338162.80301,vehicle.toyota.prius,114.435554504395,-153.112915039063,243.22737121582,17.751142598072,-2.78009176254272,-3.73422002792358,14.0218088244927,14.6751721155141
1005,1712338162.90422,vehicle.toyota.prius,114.317176818848,-152.635971069336,243.203308105469,17.7099169533315,-2.83800482749939,-3.76722478866577,14.0007364514587,14.6245894407099
1006,1712338163.00541,vehicle.toyota.prius,114.195404052734,-152.162200927734,243.179153442383,17.6003961704513,-2.90716743469238,-3.80088448524475,13.979178103077,14.5761835903874
1007,1712338163.10667,vehicle.toyota.prius,114.071220397949,-151.693756103516,243.154739379883,17.4015443733659,-2.98770213127136,-3.83502197265625,13.9189442880376,14.5268906427112
1008,1712338163.20808,vehicle.toyota.prius,113.945457458496,-151.232879638672,243.129898071289,17.1051371985468,-3.04092288017273,-3.86944198608398,17.339896330435,14.7378660692905
1009,1712338163.30918,vehicle.toyota.prius,113.819786071777,-150.782119750977,243.105194091797,16.7119964062819,-3.08562660217285,-3.89912462234497,17.1681664378407,14.9201385969317
1010,1712338163.41041,vehicle.toyota.prius,113.819786071777,-150.782119750977,243.105194091797,16.7119964062819,-3.08562660217285,-3.89912462234497,13.6686145711874,14.8262742950009
1011,1712338163.51159,vehicle.toyota.prius,113.695732116699,-150.343780517578,243.081085205078,16.2257846155793,-3.12859535217285,-3.55413150787354,13.4302031782318,14.7215689612432
1012,1712338163.61271,vehicle.toyota.prius,113.574531555176,-149.919815063477,243.057556152344,15.6727432890677,-3.16607928276062,-3.55225515365601,13.1232648635165,14.6016961539137
1013,1712338163.71378,vehicle.toyota.prius,113.457466125488,-149.512542724609,243.034637451172,15.0046888250467,-3.19872760772705,-3.55169486999512,12.748138871838,14.462679357758
1014,1712338163.81504,vehicle.toyota.prius,113.346122741699,-149.125747680664,243.012588500977,14.1629934854363,-3.21908164024353,-3.55229091644287,12.2779404479127,14.2988239395196
1015,1712338163.91611,vehicle.toyota.prius,113.241416931152,-148.761566162109,242.991744995117,13.3117892429395,-3.23259854316711,-3.55385661125183,14.9836683833392,14.3501872728061
1016,1712338164.01734,vehicle.toyota.prius,113.241416931152,-148.761566162109,242.991744995117,13.3117892429395,-3.23259854316711,-3.55385661125183,11.7348566122019,14.1540374732608
1017,1712338164.1185,vehicle.toyota.prius,113.142097473145,-148.414642333984,242.971893310547,12.809221084346,-3.23382115364075,-3.55583000183105,11.1634028045081,13.9297398731043
1018,1712338164.21976,vehicle.toyota.prius,113.047119140625,-148.080657958984,242.952728271484,12.3158591895132,-3.23129391670227,-3.55820798873901,10.613836482146,13.6810471187825
1019,1712338164.32108,vehicle.toyota.prius,112.956130981445,-147.758483886719,242.934173583984,11.8974961292793,-3.23369812965393,-3.55973553657532,10.1300287745506,13.4147207429651
1020,1712338164.42262,vehicle.toyota.prius,112.881187438965,-147.445831298828,242.916259765625,11.4094455737822,-3.23870468139648,-3.56048345565796,9.71052701577016,13.1369062134255
1021,1712338164.52474,vehicle.toyota.prius,112.82071685791,-147.142074584961,242.89892578125,11.0354546678106,-3.24453783035278,-3.56054282188416,11.8898317775062,13.0433756307315
1022,1712338164.6258,vehicle.toyota.prius,112.82071685791,-147.142074584961,242.89892578125,11.0354546678106,-3.24453783035278,-3.56054282188416,9.32853408066586,12.7647625144766
1023,1712338164.72708,vehicle.toyota.prius,112.769859313965,-146.847152709961,242.88215637207,10.6668365523445,-3.24917554855347,-3.55999088287354,8.98546986362122,12.4813155656624
1024,1712338164.82817,vehicle.toyota.prius,112.727905273438,-146.561126708984,242.866180419922,10.3062747194702,-3.2492368221283,-3.55926394462585,8.66702702675748,12.1952439252446
1025,1712338164.92942,vehicle.toyota.prius,112.693435668945,-146.286895751953,242.851013183594,9.78431396933329,-3.25442099571228,-3.55786609649658,8.35248532809973,11.9070370304587
1026,1712338165.03046,vehicle.toyota.prius,112.665351867676,-146.029220581055,242.836883544922,9.07839581443258,-3.26149702072144,-3.55614137649536,8.01102768181785,11.6148363293106
1027,1712338165.13186,vehicle.toyota.prius,112.642242431641,-145.787902832031,242.82389831543,8.53754150356377,-3.26112818717956,-3.55614137649536,9.73116817780082,11.4735612179474
1028,1712338165.23314,vehicle.toyota.prius,112.642242431641,-145.787902832031,242.82389831543,8.53754150356377,-3.26112818717956,-3.55614137649536,7.60110626325233,11.1831270963453
1029,1712338165.33421,vehicle.toyota.prius,112.622383117676,-145.555694580078,242.811492919922,8.33221921161418,-3.25009059906006,-4.27420711517334,7.20250240480235,10.8845802444795
1030,1712338165.43528,vehicle.toyota.prius,112.604995727539,-145.330917358398,242.799499511719,8.02744394210392,-3.23705863952637,-4.2380223274231,6.84222661671753,10.5814037223974
1031,1712338165.53645,vehicle.toyota.prius,112.589691162109,-145.112854003906,242.787841796875,7.82259452379815,-3.22374677658081,-4.20565223693848,6.55124093156529,10.279141513085
1032,1712338165.63781,vehicle.toyota.prius,112.575103759766,-144.898086547852,242.776336669922,7.75099474911261,-3.20419192314148,-4.1763710975647,6.35832576890753,9.98508033227168
1033,1712338165.73904,vehicle.toyota.prius,112.562370300293,-144.683166503906,242.764785766602,7.80797328521065,-3.18142008781433,-3.55027008056641,7.8929828174504,9.82817301866008
1034,1712338165.8405,vehicle.toyota.prius,112.550682067871,-144.464492797852,242.75260925293,7.99115934701396,-3.1712634563446,-3.54981541633606,7.78700087005248,9.67508510751451
1035,1712338165.94165,vehicle.toyota.prius,112.550682067871,-144.464492797852,242.75260925293,7.99115934701396,-3.1712634563446,-3.54981541633606,6.18084175459969,9.4130168560459
1036,1712338166.04292,vehicle.toyota.prius,112.539901733398,-144.239105224609,242.740249633789,8.26814982486173,-3.15194773674011,-3.54820036888123,6.22980764454144,9.17427616518306
1037,1712338166.14396,vehicle.toyota.prius,112.530166625977,-144.004409790039,242.727645874023,8.63001489020093,-3.12689447402954,-3.54486274719238,6.37371516519948,8.9642340901843
1038,1712338166.2451,vehicle.toyota.prius,112.521423339844,-143.759872436523,242.71484375,8.94705887290213,-3.10083055496216,-3.54033207893372,6.58410870897683,8.78572468659374
1039,1712338166.34643,vehicle.toyota.prius,112.513999938965,-143.507919311523,242.701278686523,9.20938841574286,-3.09445118904114,-3.53423357009888,6.82143042718275,8.63840261713791
1040,1712338166.44746,vehicle.toyota.prius,112.520027160645,-143.252243041992,242.685287475586,9.32053420371464,-3.2000732421875,-3.52655959129333,8.64397325414397,8.63882041491337
1041,1712338166.54896,vehicle.toyota.prius,112.520027160645,-143.252243041992,242.685287475586,9.32053420371464,-3.2000732421875,-3.52655959129333,7.03292526636879,8.51837827877252
1042,1712338166.65008,vehicle.toyota.prius,112.540756225586,-142.997894287109,242.66943359375,9.27218532318906,-3.30611872673035,-3.51659297943115,7.17173633349663,8.41738013287683
1043,1712338166.75114,vehicle.toyota.prius,112.568885803223,-142.745986938477,242.653610229492,9.2057079081649,-3.42138504981995,-3.50592160224914,7.23397918355985,8.32862506167806
1044,1712338166.85217,vehicle.toyota.prius,112.602905273438,-142.496139526367,242.63818359375,9.17127998054708,-3.52624201774597,-3.49386882781982,7.24371691433827,8.24725695062757
1045,1712338166.95313,vehicle.toyota.prius,112.642311096191,-142.246841430664,242.621856689453,9.22776374233927,-3.6782820224762,-3.48038101196289,7.22459382358018,8.17055721609902
1046,1712338167.05418,vehicle.toyota.prius,112.685531616211,-141.995239257813,242.604232788086,9.37640354675088,-3.88146662712097,-3.4639835357666,9.05271285055893,8.23671888868351
1047,1712338167.15522,vehicle.toyota.prius,112.685531616211,-141.995239257813,242.604232788086,9.37640354675088,-3.88146662712097,-3.4639835357666,7.23466394173449,8.16156476766233
1048,1712338167.25626,vehicle.toyota.prius,112.73299407959,-141.739181518555,242.589797973633,9.51744258614355,-3.90722322463989,-3.44688391685486,7.28438452322849,8.0957762493298
1049,1712338167.35732,vehicle.toyota.prius,112.783760070801,-141.478225708008,242.576171875,9.70149981949227,-3.92550754547119,-3.42784690856934,7.38120115637338,8.04218311735806
1050,1712338167.45845,vehicle.toyota.prius,112.837104797363,-141.21354675293,242.563079833984,9.81935757947077,-3.93478298187256,-3.40687799453735,7.50277960594445,8.00172785400204
1051,1712338167.5595,vehicle.toyota.prius,112.890495300293,-140.945419311523,242.550018310547,9.93682471776353,-3.95681715011597,-3.38197088241577,7.63012691296444,7.97385778342422
1052,1712338167.66071,vehicle.toyota.prius,112.947212219238,-140.674118041992,242.535751342773,10.1096584270109,-4.01394462585449,-3.35678958892822,9.60398509577556,8.09611733185057
1053,1712338167.76179,vehicle.toyota.prius,112.947212219238,-140.674118041992,242.535751342773,10.1096584270109,-4.01394462585449,-3.35678958892822,7.74609551151541,8.06986569532543
1054,1712338167.8629,vehicle.toyota.prius,113.005798339844,-140.395843505859,242.519424438477,10.3388254904841,-3.88534617424011,-3.32913088798523,7.87788570756944,8.05546719624373
1055,1712338167.96409,vehicle.toyota.prius,113.066551208496,-140.10969543457,242.502380371094,10.6322976041669,-3.62523889541626,-3.3111982345581,8.038724813676,8.05421151755115
1056,1712338168.06525,vehicle.toyota.prius,113.129234313965,-139.814651489258,242.484100341797,10.939160253515,-3.31984734535217,-3.29537153244018,8.23969415348226,8.06812271524599
1057,1712338168.16632,vehicle.toyota.prius,113.192985534668,-139.511047363281,242.465209960937,11.2639718186481,-3.02868318557739,-3.27528715133667,8.4788649758663,8.09892838479251
1058,1712338168.26866,vehicle.toyota.prius,113.257186889648,-139.197769165039,242.447067260742,11.639004593012,-2.80633330345154,-3.24850916862488,10.7327200645043,8.2964627607709
1059,1712338168.36978,vehicle.toyota.prius,113.257186889648,-139.197769165039,242.447067260742,11.639004593012,-2.80633330345154,-3.24850916862488,8.70963325595501,8.3274505479097
1060,1712338168.47091,vehicle.toyota.prius,113.322273254395,-138.873779296875,242.430465698242,12.0928442501688,-2.71560120582581,-3.2183735370636,8.97922846415121,8.37633389162782
1061,1712338168.57199,vehicle.toyota.prius,113.387817382813,-138.535858154297,242.410400390625,12.6364700628408,-2.69252872467041,-3.18236136436462,9.28346397783741,8.44436864809354
1062,1712338168.67306,vehicle.toyota.prius,113.453506469727,-138.182403564453,242.389862060547,13.2306480371732,-2.75395941734314,-3.13617706298828,9.63371574006113,8.53356967999111
1063,1712338168.77485,vehicle.toyota.prius,113.519256591797,-137.811141967773,242.367156982422,13.8693326676927,-2.77569317817688,-3.08579397201538,10.0521623656262,8.64746413141374
1064,1712338168.87593,vehicle.toyota.prius,113.519256591797,-137.811141967773,242.367156982422,13.8693326676927,-2.77569317817688,-3.08579397201538,10.0531377814877,8.75288965516929
1065,1712338168.97777,vehicle.toyota.prius,113.584060668945,-137.42219543457,242.345855712891,14.5098854077617,-2.89193606376648,-3.02719116210937,10.493662982412,8.8834476547125
1066,1712338169.0788,vehicle.toyota.prius,113.647964477539,-137.015075683594,242.325607299805,15.1604016135613,-3.03839588165283,-2.95348381996155,10.9759393084662,9.04038452874402
1067,1712338169.18012,vehicle.toyota.prius,113.710075378418,-136.589736938477,242.303817749023,15.8079163865151,-3.22771501541138,-2.87622284889221,11.4696259438909,9.22257763488004
1068,1712338169.28154,vehicle.toyota.prius,113.769714355469,-136.146347045898,242.280853271484,16.4215426876619,-3.39447402954102,-2.7815465927124,11.9771365689028,9.42916955493175
1069,1712338169.38303,vehicle.toyota.prius,113.827461242676,-135.685363769531,242.253631591797,17.0167429631682,-3.46401906013489,-2.68397092819214,15.2700943248682,9.86723891267698
1070,1712338169.48431,vehicle.toyota.prius,113.827461242676,-135.685363769531,242.253631591797,17.0167429631682,-3.46401906013489,-2.68397092819214,12.4815270877296,10.0633105258059
1071,1712338169.58535,vehicle.toyota.prius,113.881530761719,-135.208145141602,242.22346496582,17.5492631593103,-3.49456357955933,-0.627288818359375,12.9690436862637,10.2812405128403
1072,1712338169.68638,vehicle.toyota.prius,113.932464599609,-134.716781616211,242.192001342773,18.0194415779061,-3.51562786102295,-2.45205092430115,13.4354354071882,10.5178051299164
1073,1712338169.78747,vehicle.toyota.prius,113.979537963867,-134.213439941406,242.161071777344,18.4436516762703,-3.60629177093506,0.948610544204712,13.8609653296624,10.7685421448973
1074,1712338169.88894,vehicle.toyota.prius,114.023483276367,-133.700057983398,242.12809753418,18.8396132356227,-3.65533947944641,1.10561180114746,14.2241136922144,11.0277100109461
1075,1712338169.99006,vehicle.toyota.prius,114.023483276367,-133.700057983398,242.12809753418,18.8396132356227,-3.65533947944641,1.10561180114746,14.2284185840677,11.2677631539302
1076,1712338170.09111,vehicle.toyota.prius,114.063278198242,-133.181259155273,242.09440612793,18.8878490494824,-3.74871492385864,1.26712334156036,14.5143349423319,11.5112560380603
1077,1712338170.19202,vehicle.toyota.prius,114.099136352539,-132.665023803711,242.060150146484,18.7514105364644,-3.80788493156433,1.44929182529449,14.6862657915663,11.7493817695733
1078,1712338170.29315,vehicle.toyota.prius,114.130805969238,-132.151443481445,242.025848388672,18.6723645396329,-3.8831741809845,2.27632260322571,14.7503186927265,11.9744520388098
1079,1712338170.39438,vehicle.toyota.prius,114.159828186035,-131.638900756836,241.99089050293,18.644834934742,-3.92770004272461,2.22434997558594,14.7450702778856,12.1822484067405
1080,1712338170.49573,vehicle.toyota.prius,114.185272216797,-131.126541137695,241.955749511719,18.6456410760944,-3.97878980636597,2.19053792953491,18.3986639288984,12.6484795709023
1081,1712338170.59681,vehicle.toyota.prius,114.207588195801,-130.613388061523,241.920028686523,18.6773265422729,-4.01064586639404,0.577804505825043,18.3510472494628,13.0761721467944
1082,1712338170.69824,vehicle.toyota.prius,114.207588195801,-130.613388061523,241.920028686523,18.6773265422729,-4.01064586639404,0.577804505825043,14.6444938932394,13.1937962777777
1083,1712338170.7996,vehicle.toyota.prius,114.226821899414,-130.098922729492,241.88410949707,18.728665534202,-4.03915500640869,0.578712582588196,14.6406321098352,13.302308965182
1084,1712338170.90067,vehicle.toyota.prius,114.243316650391,-129.582580566406,241.847686767578,18.7962444854955,-4.0602126121521,-3.58920288085937,14.6691221241875,13.4048199521075
1085,1712338171.00193,vehicle.toyota.prius,114.257041931152,-129.064224243164,241.810836791992,18.867516161639,-4.08321666717529,-3.65924072265625,14.711810694026,13.5028442577513
1086,1712338171.10337,vehicle.toyota.prius,114.268173217773,-128.543838500977,241.773483276367,18.9362711802088,-4.10409641265869,-3.70782470703125,14.7507892236168,13.5964401301913
1087,1712338171.20473,vehicle.toyota.prius,114.276748657227,-128.021713256836,241.735855102539,18.9936524283004,-4.12862396240234,-3.73388671875,18.4739247123001,13.9622514738494
1088,1712338171.30611,vehicle.toyota.prius,114.276748657227,-128.021713256836,241.735855102539,18.9936524283004,-4.12862396240234,-3.73388671875,14.8055203939564,14.0254966428574
1089,1712338171.40714,vehicle.toyota.prius,114.282852172852,-127.498207092285,241.697906494141,19.0374176620726,-4.15935945510864,-3.73654174804687,14.8565716333233,14.0878272671424
1090,1712338171.50841,vehicle.toyota.prius,114.286849975586,-126.973815917969,241.659774780273,19.0609331621141,-4.19222640991211,-3.71536254882812,14.8985441696955,14.1486310348339
1091,1712338171.6094,vehicle.toyota.prius,114.288833618164,-126.449043273926,241.621231079102,19.0664730837615,-4.22469711303711,-3.66961669921875,14.9430823815302,14.2082148858361
1092,1712338171.71047,vehicle.toyota.prius,114.288932800293,-125.924507141113,241.582473754883,19.0489568054446,-4.25679922103882,-3.60040283203125,14.968764436359,14.2652561021253
1093,1712338171.81178,vehicle.toyota.prius,114.287292480469,-125.401031494141,241.543472290039,18.9920482995675,-4.29021215438843,-3.45989990234375,18.7077395787954,14.5984423628756
1094,1712338171.91336,vehicle.toyota.prius,114.287292480469,-125.401031494141,241.543472290039,18.9920482995675,-4.29021215438843,-3.45989990234375,14.9544400966359,14.6251421929076
1095,1712338172.01442,vehicle.toyota.prius,114.284019470215,-124.880340576172,241.504470825195,18.8608155678719,-4.32296323776245,-3.27166748046875,14.9350063414379,14.6483820040474
1096,1712338172.1158,vehicle.toyota.prius,114.279258728027,-124.364646911621,241.465484619141,18.6479762833005,-4.35809087753296,-3.13717651367187,14.8592480568949,14.6641969580109
1097,1712338172.21697,vehicle.toyota.prius,114.273170471191,-123.85652923584,241.42692565918,18.3323602650195,-4.38948917388916,-3.05810546875,14.7401488067162,14.6698933466638
1098,1712338172.31813,vehicle.toyota.prius,114.265769958496,-123.357406616211,241.388763427734,18.0042856017626,-4.41250705718994,-3.03030395507812,14.5719437365512,14.6625471259054
1099,1712338172.41918,vehicle.toyota.prius,114.257568359375,-122.862205505371,241.350326538086,17.7666134341883,-4.42300510406494,-3.06624746322632,18.1228824300596,14.9220722737169
1100,1712338172.52077,vehicle.toyota.prius,114.257568359375,-122.862205505371,241.350326538086,17.7666134341883,-4.42300510406494,-3.06624746322632,14.3913546830851,14.8822684544195
1101,1712338172.62182,vehicle.toyota.prius,114.248435974121,-122.376480102539,241.313293457031,17.3617167878936,-4.4225811958313,-3.45038771629333,14.1875344443795,14.8301634036665
1102,1712338172.72283,vehicle.toyota.prius,114.23853302002,-121.903366088867,241.277450561523,16.8740661800105,-4.41536855697632,-3.53518056869507,13.9426438700474,14.7635994386451
1103,1712338172.8239,vehicle.toyota.prius,114.228073120117,-121.44766998291,241.243057250977,16.1382211404404,-4.39825248718262,-3.62690830230713,13.6354692624239,14.6789896754285
1104,1712338172.92658,vehicle.toyota.prius,114.21720123291,-121.014320373535,241.21044921875,15.2873421662844,-4.3787522315979,-3.72370886802673,13.1513289624737,14.5644151219569
1105,1712338173.02775,vehicle.toyota.prius,114.21720123291,-121.014320373535,241.21044921875,15.2873421662844,-4.3787522315979,-3.72370886802673,13.1624306533539,14.4592662868117
1106,1712338173.12884,vehicle.toyota.prius,114.206062316895,-120.599998474121,241.179351806641,14.7304908483037,-4.34490156173706,-3.76803588867187,12.6529761662895,14.3237945277725
1107,1712338173.22982,vehicle.toyota.prius,114.194694519043,-120.200172424316,241.149368286133,14.2203051123964,-4.30800485610962,-3.8585205078125,12.1321908072623,14.1594242487342
1108,1712338173.33085,vehicle.toyota.prius,114.183120727539,-119.813720703125,241.120620727539,13.7664656265319,-4.27554130554199,-3.83132934570312,11.6399516787549,13.9704638059858
1109,1712338173.43191,vehicle.toyota.prius,114.17138671875,-119.438873291016,241.093002319336,13.361893976658,-4.24157476425171,-3.8050537109375,11.2594652844969,13.7671389168741
1110,1712338173.53327,vehicle.toyota.prius,114.159530639648,-119.074844360352,241.066268920898,12.9782865524283,-4.21090030670166,-3.7796630859375,13.8557139962143,13.7737820478246
1111,1712338173.63502,vehicle.toyota.prius,114.159530639648,-119.074844360352,241.066268920898,12.9782865524283,-4.21090030670166,-3.7796630859375,10.8819295743221,13.556893112312
1112,1712338173.73605,vehicle.toyota.prius,114.147644042969,-118.721626281738,241.040603637695,12.5871822711005,-4.18307399749756,-3.75509643554687,10.5482523524866,13.331245055325
1113,1712338173.83711,vehicle.toyota.prius,114.135879516602,-118.381538391113,241.016036987305,12.0529547421166,-4.15793228149414,-3.7315673828125,10.2168354012455,13.0976643312691
1114,1712338173.93821,vehicle.toyota.prius,114.124252319336,-118.053489685059,240.992477416992,11.6951106202586,-4.13690185546875,-3.70892333984375,9.8822133993854,12.8565055113778
1115,1712338174.03953,vehicle.toyota.prius,114.112937927246,-117.73902130127,240.970077514648,11.1076397498866,-4.11620664596558,-3.68731689453125,9.52944708579107,12.6069761294588
1116,1712338174.14076,vehicle.toyota.prius,114.101943969727,-117.438011169434,240.94873046875,10.6993691908352,-4.09118747711182,-3.66671752929687,11.688506900162,12.5380909372615
1117,1712338174.24198,vehicle.toyota.prius,114.101943969727,-117.438011169434,240.94873046875,10.6993691908352,-4.09118747711182,-3.66671752929687,9.16281545451998,12.2849452760559
1118,1712338174.343,vehicle.toyota.prius,114.091209411621,-117.147201538086,240.928100585938,10.3556930633179,-4.0655198097229,-3.64688110351562,8.81188121005415,12.0244654711058
1119,1712338174.44401,vehicle.toyota.prius,114.080711364746,-116.865036010742,240.908279418945,10.0744441575412,-4.04235172271729,-3.627685546875,8.48556334968037,11.7590478119989
1120,1712338174.54525,vehicle.toyota.prius,114.070739746094,-116.588760375977,240.88899230957,9.88536290530893,-4.01629447937012,-3.60894775390625,8.2140366399892,11.4931719740982
1121,1712338174.64651,vehicle.toyota.prius,114.061157226563,-116.319564819336,240.870269775391,9.60398783362507,-3.99261426925659,-3.59072875976562,7.98614612999204,11.2301450357902
1122,1712338174.74765,vehicle.toyota.prius,114.051849365234,-116.056266784668,240.851974487305,9.42160493792195,-3.97250604629517,-3.57281494140625,9.867504330194,11.1279469828705
1123,1712338174.84922,vehicle.toyota.prius,114.051849365234,-116.056266784668,240.851974487305,9.42160493792195,-3.97250604629517,-3.57281494140625,7.78204811094686,10.8770045674762
1124,1712338174.95028,vehicle.toyota.prius,114.042869567871,-115.80020904541,240.834365844727,9.11948660689144,-3.95653700828552,-3.55535888671875,7.59473549364394,10.6308343869388
1125,1712338175.05183,vehicle.toyota.prius,114.034111022949,-115.550483703613,240.817245483398,8.93047802007851,-3.93847131729126,-3.53829956054687,7.40062219729896,10.3885684727158
1126,1712338175.15287,vehicle.toyota.prius,114.025535583496,-115.306365966797,240.800476074219,8.72298088268692,-3.92025518417358,-3.52157592773437,7.22489339296193,10.1512928417343
1127,1712338175.25393,vehicle.toyota.prius,114.01717376709,-115.069549560547,240.78434753418,8.44071215035528,-3.9072573184967,-3.50531005859375,7.03702473883711,9.91772273401698
1128,1712338175.35533,vehicle.toyota.prius,114.009002685547,-114.839050292969,240.768768310547,8.2378791029148,-3.89171862602234,-3.48944091796875,8.68374070374696,9.82517408174673
1129,1712338175.45708,vehicle.toyota.prius,114.009002685547,-114.839050292969,240.768768310547,8.2378791029148,-3.89171862602234,-3.48944091796875,6.84769925446452,9.60186346970056
1130,1712338175.5582,vehicle.toyota.prius,114.000907897949,-114.612350463867,240.753524780273,8.1285446574712,-3.87270331382751,-3.47378540039062,6.68916581076152,9.38341114528013
1131,1712338175.65928,vehicle.toyota.prius,113.992919921875,-114.391227722168,240.738632202148,7.88187056611604,-3.85782051086426,-3.47262573242187,6.52455750900311,9.16899712255936
1132,1712338175.76031,vehicle.toyota.prius,113.985054016113,-114.176414489746,240.724166870117,7.6617372076111,-3.84490442276001,-3.47262573242187,6.36810155226115,8.95892995478699
1133,1712338175.86138,vehicle.toyota.prius,113.97730255127,-113.965835571289,240.710205078125,7.54530837792866,-3.83053374290466,-3.47262573242187,6.23005831758027,8.75426458199649
1134,1712338175.96266,vehicle.toyota.prius,113.969604492188,-113.759033203125,240.696533203125,7.40110833674368,-3.81542539596558,-3.47262573242187,7.71261820942272,8.67614110405345
1135,1712338176.06389,vehicle.toyota.prius,113.969604492188,-113.759033203125,240.696533203125,7.40110833674368,-3.81542539596558,-3.47262573242187,6.0923861255718,8.48235948066733
1136,1712338176.16502,vehicle.toyota.prius,113.961952209473,-113.556373596191,240.683197021484,7.24913861090394,-3.80068588256836,-3.47262573242187,5.95994888828838,8.29317868623891
1137,1712338176.26618,vehicle.toyota.prius,113.954536437988,-113.363075256348,240.670486450195,6.76725083676096,-3.79259896278381,-3.47262573242187,5.80470222818134,8.10654295188459
1138,1712338176.36721,vehicle.toyota.prius,113.947479248047,-113.180694580078,240.658477783203,6.39755138128538,-3.78515410423279,-3.47262573242187,5.60395821365168,7.91884909651712
1139,1712338176.46849,vehicle.toyota.prius,113.940719604492,-113.008232116699,240.647155761719,6.0429053532327,-3.77602887153625,-3.47262573242187,5.35891495028079,7.7268540355494
1140,1712338176.56952,vehicle.toyota.prius,113.934226989746,-112.844657897949,240.63655090332,5.74116991647023,-3.76220464706421,-3.47262573242187,6.52899775298854,7.63701481435733
1141,1712338176.67078,vehicle.toyota.prius,113.934226989746,-112.844657897949,240.63655090332,5.74116991647023,-3.76220464706421,-3.47262573242187,5.08063412609152,7.4452862627374
1142,1712338176.77184,vehicle.toyota.prius,113.927925109863,-112.688209533691,240.626358032227,5.54632332112489,-3.74670004844666,-3.47262573242187,4.81857601865723,7.24828299443138
1143,1712338176.87296,vehicle.toyota.prius,113.92179107666,-112.537635803223,240.616577148438,5.3643013689507,-3.73137998580933,-3.47262573242187,4.59075506543583,7.04896839975672
1144,1712338176.97404,vehicle.toyota.prius,113.915756225586,-112.390319824219,240.606979370117,5.30189284156721,-3.71563625335693,-3.47262573242187,4.41301944395761,6.85127222807178
1145,1712338177.0763,vehicle.toyota.prius,113.911773681641,-112.2431640625,240.597412109375,5.3113517320301,-3.69900488853455,-3.47262573242187,4.28484693059504,6.65879033076103
1146,1712338177.17729,vehicle.toyota.prius,113.908348083496,-112.095024108887,240.587860107422,5.37887409717093,-3.68634176254272,-3.47262573242187,5.34248515723805,6.56006744274681
1147,1712338177.27865,vehicle.toyota.prius,113.908348083496,-112.095024108887,240.587860107422,5.37887409717093,-3.68634176254272,-3.47262573242187,4.22477231938699,6.38492030849482
1148,1712338177.37967,vehicle.toyota.prius,113.905067443848,-111.943435668945,240.578201293945,5.54087002698364,-3.67016100883484,-3.47262573242187,4.23205419493218,6.22345534997762
1149,1712338177.48071,vehicle.toyota.prius,113.901840209961,-111.78540802002,240.568099975586,5.82990746918618,-3.65117979049683,-3.47262573242187,4.30803255344211,6.07979864023746
1150,1712338177.58209,vehicle.toyota.prius,113.898490905762,-111.618057250977,240.557434082031,6.17334501453817,-3.63113331794739,-3.47262573242187,4.45931352111521,5.95826225630329
1151,1712338177.68338,vehicle.toyota.prius,113.894920349121,-111.441177368164,240.546142578125,6.52930566918077,-3.61325192451477,-3.47262573242187,4.66141972121589,5.86099906617173
1152,1712338177.78443,vehicle.toyota.prius,113.891075134277,-111.253730773926,240.534225463867,6.92879310834551,-3.59597826004028,-3.47262573242187,6.00144090515189,5.87153220409524
1153,1712338177.88597,vehicle.toyota.prius,113.891075134277,-111.253730773926,240.534225463867,6.92879310834551,-3.59597826004028,-3.47262573242187,4.91504023395887,5.79979530633502
1154,1712338177.98751,vehicle.toyota.prius,113.886863708496,-111.054489135742,240.521667480469,7.37437174030358,-3.58114314079285,-3.47262573242187,5.2034853350859,5.75507205849133
1155,1712338178.0886,vehicle.toyota.prius,113.882225036621,-110.842147827148,240.508407592773,7.86225640445199,-3.56139707565308,-3.47262573242187,5.52699943523609,5.73796661174719
1156,1712338178.19011,vehicle.toyota.prius,113.87703704834,-110.615684509277,240.494323730469,8.38571093746239,-3.53923988342285,-3.47262573242187,5.87751558369194,5.74843278464305
1157,1712338178.29137,vehicle.toyota.prius,113.87117767334,-110.374313354492,240.479309082031,8.93290993171283,-3.51757454872131,-3.47262573242187,6.25896094602916,5.78672239674701
1158,1712338178.39232,vehicle.toyota.prius,113.864517211914,-110.117340087891,240.46337890625,9.50887868088054,-3.49718642234802,-3.47262573242187,8.09731447223164,5.96001680240835
1159,1712338178.49404,vehicle.toyota.prius,113.864517211914,-110.117340087891,240.46337890625,9.50887868088054,-3.49718642234802,-3.47262573242187,6.67524702035513,6.01365906875436
1160,1712338178.59507,vehicle.toyota.prius,113.856880187988,-109.84400177002,240.44660949707,10.1093573261476,-3.47534346580505,-3.47262573242187,7.11065201671454,6.09593353985138
1161,1712338178.69611,vehicle.toyota.prius,113.848083496094,-109.553611755371,240.428939819336,10.7341138162304,-3.45009922981262,-3.47262573242187,7.57341267306773,6.2067444748426
1162,1712338178.79749,vehicle.toyota.prius,113.837928771973,-109.245445251465,240.410202026367,11.3901375934755,-3.42406916618347,-3.47262573242187,8.04798164704964,6.34483726275813
1163,1712338178.89868,vehicle.toyota.prius,113.82608795166,-108.918663024902,240.390502929687,12.0741167177791,-3.39993143081665,-3.47262573242187,8.54213477393579,6.50963457609645
1164,1712338179.00017,vehicle.toyota.prius,113.82608795166,-108.918663024902,240.390502929687,12.0741167177791,-3.39993143081665,-3.47262573242187,8.5461707716192,6.66237479076066
1165,1712338179.10132,vehicle.toyota.prius,113.812286376953,-108.572601318359,240.369873046875,12.7774793213463,-3.37017226219177,-3.47262573242187,9.06300532843462,6.8424220810862
1166,1712338179.20237,vehicle.toyota.prius,113.79621887207,-108.206924438477,240.348114013672,13.4921917811666,-3.34082293510437,-3.47262573242187,9.6004883910852,7.04927705433613
1167,1712338179.30341,vehicle.toyota.prius,113.777526855469,-107.821319580078,240.325469970703,14.2209109760997,-3.31262111663818,-3.47262573242187,10.1607333464418,7.28263627624406
1168,1712338179.40478,vehicle.toyota.prius,113.755195617676,-107.415420532227,240.301803588867,14.9608609062864,-3.27978825569153,-3.47262573242187,10.7232848336183,7.54068491804712
1169,1712338179.50625,vehicle.toyota.prius,113.755195617676,-107.415420532227,240.301803588867,14.9608609062864,-3.27978825569153,-3.47262573242187,10.7237950692992,7.77941817939103
1170,1712338179.60736,vehicle.toyota.prius,113.729530334473,-106.989204406738,240.277160644531,15.6953750510633,-3.24841046333313,-3.4439697265625,11.2991030456946,8.0433945443638
1171,1712338179.70857,vehicle.toyota.prius,113.700096130371,-106.543922424316,240.251708984375,16.3401076925494,-3.21447801589966,-3.406494140625,11.8666611894086,8.33013954274217
1172,1712338179.80994,vehicle.toyota.prius,113.666717529297,-106.083778381348,240.225616455078,16.8098895916288,-3.18456196784973,-3.36776733398437,12.3944029429544,8.63495929775808
1173,1712338179.91125,vehicle.toyota.prius,113.62964630127,-105.613105773926,240.199371337891,17.1568624265376,-3.15530133247375,-3.32815551757812,12.8625081177057,8.95202545925415
1174,1712338180.01258,vehicle.toyota.prius,113.588920593262,-105.133666992188,240.172790527344,17.4729525224366,-3.12487292289734,-3.28781127929687,16.2918772119695,9.5025143407078
1175,1712338180.11358,vehicle.toyota.prius,113.588920593262,-105.133666992188,240.172790527344,17.4729525224366,-3.12487292289734,-3.28781127929687,13.2544309988214,9.78390809006632
1176,1712338180.21466,vehicle.toyota.prius,113.544364929199,-104.645401000977,240.146133422852,17.8202400206926,-3.08910322189331,-3.24667358398437,13.5710073523195,10.0679405347353
1177,1712338180.31573,vehicle.toyota.prius,113.495918273926,-104.146530151367,240.119674682617,18.2399856037512,-3.04995250701904,-3.20468139648437,13.8625331514804,10.3525349809912
1178,1712338180.41681,vehicle.toyota.prius,113.443405151367,-103.635223388672,240.092651367187,18.634023182587,-3.00955200195312,-3.14761352539062,14.1669238157305,10.6386141435966
1179,1712338180.51815,vehicle.toyota.prius,113.386451721191,-103.108360290527,240.064605712891,19.2436993603661,-2.96447277069092,-3.10171508789062,14.5140337221779,10.9292706119902
1180,1712338180.61919,vehicle.toyota.prius,113.324668884277,-102.563735961914,240.036087036133,19.9163171654258,-2.9182391166687,-3.05422973632812,18.4202187738399,11.491091724129
1181,1712338180.72045,vehicle.toyota.prius,113.324668884277,-102.563735961914,240.036087036133,19.9163171654258,-2.9182391166687,-3.05422973632812,14.9191356703381,11.7481950200946
1182,1712338180.82149,vehicle.toyota.prius,113.257888793945,-102.000923156738,240.006973266602,20.5945128934346,-2.87307786941528,-3.005126953125,15.3872630683124,12.021125123711
1183,1712338180.92255,vehicle.toyota.prius,113.186088562012,-101.420440673828,239.9775390625,21.2271370670773,-2.82653713226318,-2.94912719726562,15.8926709231201,12.3114910586667
1184,1712338181.02364,vehicle.toyota.prius,113.109596252441,-100.82462310791,239.947784423828,21.7605044632061,-2.78271460533142,-2.89706420898437,16.404458650942,12.6184636280873
1185,1712338181.12527,vehicle.toyota.prius,113.028846740723,-100.216491699219,239.917907714844,22.1645561850999,-2.73983454704285,-2.84393310546875,16.8502931965117,12.9358508457191
1186,1712338181.22629,vehicle.toyota.prius,112.944580078125,-99.6005477905274,239.888214111328,22.3930091896574,-2.70034241676331,-2.7900390625,21.2874169250196,13.5622183016667
1187,1712338181.3274,vehicle.toyota.prius,112.944580078125,-99.6005477905274,239.888214111328,22.3930091896574,-2.70034241676331,-2.7900390625,17.2462995391773,13.83852439448
1188,1712338181.4291,vehicle.toyota.prius,112.857536315918,-98.9806976318359,239.858779907227,22.5008412474265,-2.66128063201904,-2.73580932617187,17.515687434091,14.1143116224508
1189,1712338181.5303,vehicle.toyota.prius,112.768310546875,-98.3595809936523,239.829864501953,22.5249478067225,-2.61901545524597,-2.68145751953125,17.7020315380054,14.3833906161174
1190,1712338181.6315,vehicle.toyota.prius,112.677520751953,-97.7395553588867,239.801513671875,22.4418211148327,-2.57842350006104,-2.62185668945312,17.810102366505,14.6403939973965
1191,1712338181.73279,vehicle.toyota.prius,112.585914611816,-97.1239395141602,239.773818969727,22.2500520660076,-2.53728532791138,-2.56793212890625,17.8051878747185,14.8777535381956
1192,1712338181.83394,vehicle.toyota.prius,112.494033813477,-96.5148315429688,239.746948242187,21.9792725556101,-2.49527287483215,-2.51455688476562,22.1856723115474,15.425847446197
1193,1712338181.9355,vehicle.toyota.prius,112.494033813477,-96.5148315429688,239.746948242187,21.9792725556101,-2.49527287483215,-2.51455688476562,17.7373215289122,15.5992080024006
1194,1712338182.03664,vehicle.toyota.prius,112.402618408203,-95.9150543212891,239.720977783203,21.5934062411422,-2.45653891563416,-2.46197509765625,17.5904637039122,15.748552180014
1195,1712338182.13787,vehicle.toyota.prius,112.312202453613,-95.3270416259766,239.695983886719,21.151478963978,-2.41512751579285,-2.41043090820312,17.3632400567871,15.869653770772
1196,1712338182.23893,vehicle.toyota.prius,112.223106384277,-94.7509155273438,239.672012329102,20.71586715219,-2.37518453598022,-2.35992431640625,17.0897140814773,15.9611582940749
1197,1712338182.34001,vehicle.toyota.prius,112.135513305664,-94.1869049072266,239.648849487305,20.2613445067288,-2.3326461315155,-2.31045532226562,16.7697307167898,16.0218012257785
1198,1712338182.44111,vehicle.toyota.prius,112.049682617188,-93.6354827880859,239.626754760742,19.8023704454986,-2.28823614120483,-2.25711059570312,20.7615638390249,16.377283421772
1199,1712338182.54289,vehicle.toyota.prius,112.049682617188,-93.6354827880859,239.626754760742,19.8023704454986,-2.28823614120483,-2.25711059570312,16.4170591045897,16.3802665979833
1200,1712338182.64399,vehicle.toyota.prius,111.965766906738,-93.0962600708008,239.605514526367,19.3494574681603,-2.24432492256164,-2.21127319335937,16.0703567504006,16.3570233594146
1201,1712338182.74519,vehicle.toyota.prius,111.883895874023,-92.5696105957031,239.585235595703,18.887237111432,-2.19961452484131,-2.18365478515625,15.7099600396253,16.3084936104304
1202,1712338182.84642,vehicle.toyota.prius,111.804229736328,-92.0553283691406,239.565734863281,18.4244374709681,-2.15883827209473,-2.15670776367187,15.3463860099346,16.2363355403932
1203,1712338182.94749,vehicle.toyota.prius,111.726943969727,-91.5542449951172,239.547103881836,17.9199020248683,-2.1163272857666,-2.13046264648437,14.9837360451372,16.142390578249
1204,1712338183.0488,vehicle.toyota.prius,111.651023864746,-91.0600051879883,239.528762817383,17.9334037571649,-2.0696427822113,-2.10458374023437,18.558476532155,16.323597024792
1205,1712338183.15008,vehicle.toyota.prius,111.651023864746,-91.0600051879883,239.528762817383,17.9334037571649,-2.0696427822113,-2.10458374023437,14.6670040569211,16.1993525522017
1206,1712338183.25112,vehicle.toyota.prius,111.576133728027,-90.5717849731445,239.510696411133,17.6663215449866,-2.02868223190308,-2.07901000976562,14.3930275472733,16.063878176832
1207,1712338183.3523,vehicle.toyota.prius,111.502937316895,-90.0921859741211,239.49365234375,17.3155352577162,-2.00372457504272,-2.05386352539062,14.143116995686,15.9198210882461
1208,1712338183.45339,vehicle.toyota.prius,111.43196105957,-89.6235656738281,239.477569580078,16.8753826221014,-1.97421145439148,-2.02932739257812,13.9069164233503,15.7688532383789
1209,1712338183.55447,vehicle.toyota.prius,111.363739013672,-89.1683883666992,239.462203979492,16.3423012299366,-1.94876217842102,-2.0054931640625,13.6295427448289,15.6084049513627
1210,1712338183.65585,vehicle.toyota.prius,111.298622131348,-88.7285308837891,239.447708129883,15.7675668384018,-1.92098379135132,-1.98248291015625,16.7935507271733,15.6972908845485
1211,1712338183.75737,vehicle.toyota.prius,111.298622131348,-88.7285308837891,239.447708129883,15.7675668384018,-1.92098379135132,-1.98248291015625,13.2630244282759,15.514720900328
1212,1712338183.8585,vehicle.toyota.prius,111.236785888672,-88.3047943115234,239.43391418457,15.1614042739097,-1.89080798625946,-1.96029663085938,12.858924438419,15.3155361656848
1213,1712338183.95955,vehicle.toyota.prius,111.178550720215,-87.8977127075195,239.420989990234,14.5496103246913,-1.86154067516327,-1.94192504882813,12.4130892151749,15.0978526443966
1214,1712338184.06173,vehicle.toyota.prius,111.123870849609,-87.5084075927734,239.408569335937,13.8689192441897,-1.83901464939117,-1.92156982421875,11.9091055818477,14.8586966147054
1215,1712338184.16303,vehicle.toyota.prius,111.072830200195,-87.1377334594727,239.396987915039,13.1910493199614,-1.82161819934845,-1.90219116210938,11.4104321580992,14.60007678046
1216,1712338184.26445,vehicle.toyota.prius,111.025199890137,-86.7854156494141,239.386032104492,12.5269177647421,-1.80922818183899,-1.8837890625,13.9378068107029,14.5504065327282
1217,1712338184.36616,vehicle.toyota.prius,111.025199890137,-86.7854156494141,239.386032104492,12.5269177647421,-1.80922818183899,-1.8837890625,10.8837233079223,14.2754052908677
1218,1712338184.46719,vehicle.toyota.prius,110.981140136719,-86.4520721435547,239.375625610352,11.8129693051415,-1.80269861221313,-1.86636352539063,10.3520269036079,13.9811519118233
1219,1712338184.56822,vehicle.toyota.prius,110.940811157227,-86.1403656005859,239.366073608398,10.9682367527008,-1.80556726455688,-1.85009765625,9.81500993364358,13.6686912634598
1220,1712338184.66941,vehicle.toyota.prius,110.904342651367,-85.8527984619141,239.357299804688,10.067058581507,-1.81109285354614,-1.8350830078125,9.2174206610989,13.3348459682827
1221,1712338184.77045,vehicle.toyota.prius,110.870964050293,-85.5841674804688,239.349060058594,9.53709464744796,-1.80895495414734,-1.82107543945313,8.62061785908398,12.9812788600928
1222,1712338184.87148,vehicle.toyota.prius,110.839889526367,-85.3303070068359,239.341323852539,8.98179235169876,-1.80635952949524,-1.80783081054688,10.4550501643042,12.7918117079087
1223,1712338184.97256,vehicle.toyota.prius,110.811416625977,-85.0932464599609,239.334060668945,8.31825745797798,-1.80596339702606,-1.79544067382813,9.75937297821548,12.5643788031817
1224,1712338185.07417,vehicle.toyota.prius,110.811416625977,-85.0932464599609,239.334060668945,8.31825745797798,-1.80596339702606,-1.79544067382813,7.51078098705432,12.1853589669721
1225,1712338185.17522,vehicle.toyota.prius,110.785430908203,-84.8713836669922,239.327255249023,7.8297440962965,-1.80428993701935,-1.78387451171875,7.03936092653988,11.7994091139397
1226,1712338185.2763,vehicle.toyota.prius,110.761283874512,-84.6619338989258,239.320770263672,7.37645359210457,-1.80007576942444,-1.77297973632813,6.61254641846186,11.4103944117789
1227,1712338185.37754,vehicle.toyota.prius,110.738807678223,-84.4648284912109,239.314727783203,6.93442098386434,-1.79632604122162,-1.7626953125,6.20154147442801,11.0197304414775
1228,1712338185.47985,vehicle.toyota.prius,110.717544555664,-84.2749404907227,239.309020996094,6.80337413341046,-1.78402483463287,-1.7528076171875,5.8479268810608,10.6318451744463
1229,1712338185.58089,vehicle.toyota.prius,110.717544555664,-84.2749404907227,239.309020996094,6.80337413341046,-1.78402483463287,-1.7528076171875,5.85443968333443,10.2735397626129
1230,1712338185.68203,vehicle.toyota.prius,110.697525024414,-84.0920867919922,239.303604125977,6.48125935767667,-1.77283012866974,-1.7432861328125,5.57323016298306,9.92101654264066
1231,1712338185.78325,vehicle.toyota.prius,110.678344726563,-83.9147644042969,239.29817199707,6.36619377672586,-1.76751625537872,-1.73666381835938,5.34090329023344,9.57750804871012
1232,1712338185.88431,vehicle.toyota.prius,110.659927368164,-83.7416229248047,239.292861938477,6.1991507626461,-1.76482510566711,-1.7276611328125,5.17026065833476,9.24696449443197
1233,1712338185.98535,vehicle.toyota.prius,110.642303466797,-83.5733947753906,239.287750244141,6.01527155767334,-1.76397144794464,-1.71890258789063,5.02710344004271,8.93047491535277
1234,1712338186.0864,vehicle.toyota.prius,110.625846862793,-83.41357421875,239.282867431641,5.5865984986371,-1.76800119876862,-1.7105712890625,6.17179946485797,8.72357425656566
1235,1712338186.18804,vehicle.toyota.prius,110.625846862793,-83.41357421875,239.282867431641,5.5865984986371,-1.76800119876862,-1.7105712890625,4.85635725859938,8.43353298171819
1236,1712338186.28912,vehicle.toyota.prius,110.610877990723,-83.2669143676758,239.278457641602,5.12497279507648,-1.77404594421387,-1.70294189453125,4.63742877950976,8.14882516655256
1237,1712338186.39014,vehicle.toyota.prius,110.596527099609,-83.1245422363281,239.274078369141,5.14556595363665,-1.76690149307251,-1.69552612304688,4.41696061962032,7.86893532553264
1238,1712338186.49118,vehicle.toyota.prius,110.582496643066,-82.9834365844727,239.269760131836,5.06947172340581,-1.75982546806335,-1.68817138671875,4.22217683867599,7.59542843901839
1239,1712338186.5923,vehicle.toyota.prius,110.56893157959,-82.8451232910156,239.265518188477,4.95580899816902,-1.75725734233856,-1.68099975585938,4.06719699688372,7.33081108085829
1240,1712338186.6934,vehicle.toyota.prius,110.56893157959,-82.8451232910156,239.265518188477,4.95580899816902,-1.75725734233856,-1.68099975585938,4.07152197933649,7.08636439824416
1241,1712338186.79455,vehicle.toyota.prius,110.555870056152,-82.7102432250977,239.26139831543,4.82680912826183,-1.75732564926147,-1.67398071289063,3.98616630849727,6.85384954151314
1242,1712338186.8956,vehicle.toyota.prius,110.543304443359,-82.5789947509766,239.257415771484,4.69346190386661,-1.75747585296631,-1.66714477539063,3.90573240617879,6.63274075636307
1243,1712338186.99714,vehicle.toyota.prius,110.534744262695,-82.4877777099609,239.254989624023,1.41359345155234,-1.80740451812744,-1.66241455078125,3.54458295911486,6.40112892156945
1244,1712338187.09873,vehicle.toyota.prius,110.534317016602,-82.4850692749024,239.255249023437,0.0073481359313669,-1.85522270202637,-1.66226196289063,2.57230507714857,6.11396713323788
1245,1712338187.19989,vehicle.toyota.prius,110.534317016602,-82.4850692749024,239.255249023437,0.0073481359313669,-1.85522270202637,-1.66226196289063,2.5720144712838,5.84832068359133
1246,1712338187.30115,vehicle.toyota.prius,110.534126281738,-82.4848937988281,239.254974365234,0.0061543957945435,-1.82052540779114,-1.66226196289063,1.60945823778931,5.53040600015618
1247,1712338187.40255,vehicle.toyota.prius,110.533935546875,-82.4847259521484,239.254684448242,0.0063308462252121,-1.78505623340607,-1.6622314453125,0.673017110005527,5.16610183339488
1248,1712338187.50394,vehicle.toyota.prius,110.533744812012,-82.4846267700195,239.254531860352,0.0063923868482626,-1.76479780673981,-1.6622314453125,0.0237056378171203,4.78042211872655
1249,1712338187.60512,vehicle.toyota.prius,110.533744812012,-82.4845886230469,239.254486083984,0.000296531962024,-1.75961375236511,-1.6622314453125,0.00759223674724671,4.4224598775781
1250,1712338187.70625,vehicle.toyota.prius,110.533744812012,-82.4845657348633,239.254440307617,0.0014531758712366,-1.75530385971069,-1.6622314453125,0.00790080684307932,4.09136794727297
1251,1712338187.80804,vehicle.toyota.prius,110.533744812012,-82.4845657348633,239.254440307617,0.0014531758712366,-1.75530385971069,-1.6622314453125,0.005211073658503,3.78490618175189
1252,1712338187.90941,vehicle.toyota.prius,110.533737182617,-82.4845504760742,239.254440307617,0.001137281099813,-1.75246250629425,-1.6622314453125,0.0025583116335393,3.50123009149301
1253,1712338188.01064,vehicle.toyota.prius,110.533737182617,-82.4845428466797,239.254440307617,0.0017519839121591,-1.75124669075012,-1.6622314453125,0.000884056878117868,3.23870413889689
1254,1712338188.1118,vehicle.toyota.prius,110.533737182617,-82.4845428466797,239.254440307617,0.0005608593111524,-1.75124669075012,-1.6622314453125,0.000463148904809802,2.99583606464749
1255,1712338188.21294,vehicle.toyota.prius,110.533737182617,-82.4845428466797,239.254440307617,0.0007133205655128,-1.75124669075012,-1.6622314453125,0.000171417406349996,2.7711612161044
1256,1712338188.31396,vehicle.toyota.prius,110.533737182617,-82.4845275878906,239.254440307617,0.0007249599909138,-1.75057733058929,-1.6622314453125,0.000276822474248517,2.56334488658214
1257,1712338188.41563,vehicle.toyota.prius,110.533737182617,-82.4845275878906,239.254440307617,0.0007249599909138,-1.75057733058929,-1.6622314453125,0.000162770796017956,2.37110622789818
1258,1712338188.5171,vehicle.toyota.prius,110.533737182617,-82.4845275878906,239.254440307617,0.0010331636757554,-1.75057733058929,-1.6622314453125,0.0001084613505227,2.19328139540711
1259,1712338188.61833,vehicle.toyota.prius,110.533737182617,-82.4845275878906,239.254440307617,0.000835410243511,-1.75057733058929,-1.6622314453125,0.000108447362314447,2.02879342430375
1260,1712338188.71933,vehicle.toyota.prius,110.533737182617,-82.4845275878906,239.254440307617,0.0012420809343457,-1.75057733058929,-1.6622314453125,0.000108476312709337,1.87664205320442
1261,1712338188.8203,vehicle.toyota.prius,110.533737182617,-82.4845275878906,239.254425048828,0.0017233631528274,-1.75024271011353,-1.6622314453125,0.000108486988322255,1.73590203573821
1262,1712338188.92134,vehicle.toyota.prius,110.533737182617,-82.4845275878906,239.254425048828,0.0015090885098781,-1.75024271011353,-1.6622314453125,0.000108621962973445,1.60571752970507
1263,1712338189.02268,vehicle.toyota.prius,110.533737182617,-82.4845275878906,239.254440307617,0.0003718062407587,-1.75042712688446,-1.6622314453125,0,1.48528871497719
1264,1712338189.12421,vehicle.toyota.prius,110.533737182617,-82.4845275878906,239.254440307617,0.0003718062407587,-1.75042712688446,-1.6622314453125,0,1.3738920613539
1265,1712338189.2254,vehicle.toyota.prius,110.533737182617,-82.4845275878906,239.254440307617,0.0002444007101053,-1.75042712688446,-1.6622314453125,0,1.27085015675236
1266,1712338189.32643,vehicle.toyota.prius,110.533737182617,-82.4845275878906,239.254440307617,0.0007387168153265,-1.75042712688446,-1.6622314453125,0.000108533340018516,1.17554453499643
1267,1712338189.42753,vehicle.toyota.prius,110.533737182617,-82.4845275878906,239.254440307617,0.0012922421706679,-1.75042712688446,-1.6622314453125,0.000108521275566937,1.08738683396737
1268,1712338189.52864,vehicle.toyota.prius,110.533737182617,-82.4845275878906,239.254440307617,0,-1.75042712688446,-1.6622314453125,0,1.00583282141981
1269,1712338189.63,vehicle.toyota.prius,110.533737182617,-82.4845275878906,239.254440307617,0.0003618950514626,-1.75042712688446,-1.6622314453125,0,0.930395359813328
1270,1712338189.73166,vehicle.toyota.prius,110.533737182617,-82.4845275878906,239.254440307617,0.0003618950514626,-1.75042712688446,-1.6622314453125,0,0.860615707827328
1271,1712338189.83308,vehicle.toyota.prius,110.533737182617,-82.4845275878906,239.254440307617,0.000430895168618,-1.75042712688446,-1.6622314453125,0,0.796069529740279
1272,1712338189.93474,vehicle.toyota.prius,110.533737182617,-82.4845275878906,239.254425048828,0.0007181374316685,-1.75024271011353,-1.6622314453125,0.00010830202768203,0.736372437661834
1273,1712338190.0358,vehicle.toyota.prius,110.533737182617,-82.4845275878906,239.254425048828,0.000432762641471,-1.75024271011353,-1.6622314453125,0.000108312363103237,0.681152628264429
1274,1712338190.1371,vehicle.toyota.prius,110.533737182617,-82.4845275878906,239.254440307617,0.0002606399130815,-1.75024271011353,-1.6622314453125,0,0.630066181144597
1275,1712338190.23816,vehicle.toyota.prius,110.533737182617,-82.4845275878906,239.254425048828,0.0006612622467137,-1.75020861625671,-1.6622314453125,0.000108454407423434,0.582819351639309
1276,1712338190.33914,vehicle.toyota.prius,110.533737182617,-82.4845275878906,239.254425048828,0.0006612622467137,-1.75020861625671,-1.6622314453125,0.000108547401556273,0.539116041321477
1277,1712338190.4402,vehicle.toyota.prius,110.533737182617,-82.4845275878906,239.254440307617,0.0008716436374313,-1.75030422210693,-1.6622314453125,0.000108676682558575,0.498690488973559
1278,1712338190.54125,vehicle.toyota.prius,110.533737182617,-82.4845275878906,239.254425048828,0.0002708661917923,-1.75024271011353,-1.6622314453125,0,0.461288702300542
1279,1712338190.64229,vehicle.toyota.prius,110.533737182617,-82.4845275878906,239.254425048828,0.0006263546573916,-1.75024271011353,-1.6622314453125,0.000108735716453831,0.426700204806735
1280,1712338190.74331,vehicle.toyota.prius,110.533393859863,-82.4826507568359,239.254364013672,0.184402114970562,-1.74768137931824,-1.66213989257813,0.0136042116190567,0.395718005317659
1281,1712338190.84431,vehicle.toyota.prius,110.532875061035,-82.4790573120117,239.254257202148,0.239677774121016,-1.74642467498779,-1.66192626953125,0.0394823093264912,0.369000328118321
1282,1712338190.94589,vehicle.toyota.prius,110.532875061035,-82.4790573120117,239.254257202148,0.239677774121016,-1.74642467498779,-1.66192626953125,0.03944483452573,0.344283666098877
1283,1712338191.04692,vehicle.toyota.prius,110.5322265625,-82.47412109375,239.254119873047,0.286739740905047,-1.74612414836884,-1.66168212890625,0.0748942716057877,0.324079461511895
1284,1712338191.14799,vehicle.toyota.prius,110.531471252441,-82.4679565429688,239.253921508789,0.33000628570765,-1.74632906913757,-1.661376953125,0.11911799002345,0.308707351150262
1285,1712338191.24906,vehicle.toyota.prius,110.530838012695,-82.4605865478516,239.253692626953,0.360967295311634,-1.74673199653626,-1.66098022460938,0.158178430034074,0.297417682066548
1286,1712338191.35034,vehicle.toyota.prius,110.529731750488,-82.4498977661133,239.253356933594,0.398872433334165,-1.74523615837097,-1.66043090820313,0.208745000379001,0.290767230939982
1287,1712338191.45154,vehicle.toyota.prius,110.529731750488,-82.4498977661133,239.253356933594,0.398872433334165,-1.74523615837097,-1.66043090820313,0.208902184099434,0.284627352426941
1288,1712338191.55323,vehicle.toyota.prius,110.528160095215,-82.4365921020508,239.252944946289,0.595141587922013,-1.74292075634003,-1.65972900390625,0.268537899698234,0.283420643472288
1289,1712338191.65424,vehicle.toyota.prius,110.525459289551,-82.408073425293,239.251953125,1.34907390306193,-1.72948575019836,-1.65823364257813,0.428201643101664,0.294279218444491
1290,1712338191.75528,vehicle.toyota.prius,110.520973205566,-82.3625183105469,239.250503540039,1.67203711846114,-1.72314047813416,-1.6558837890625,0.701307624503737,0.324806348898934
1291,1712338191.85659,vehicle.toyota.prius,110.51538848877,-82.3012542724609,239.248580932617,2.70636362631175,-1.71456861495972,-1.65267944335938,1.06247920638814,0.380131813210625
1292,1712338191.95989,vehicle.toyota.prius,110.507194519043,-82.2135925292969,239.245895385742,3.44408453807377,-1.7034900188446,-1.64813232421875,1.68189352951537,0.47776394193348
1293,1712338192.06113,vehicle.toyota.prius,110.507194519043,-82.2135925292969,239.245895385742,3.44408453807377,-1.7034900188446,-1.64813232421875,1.58835707868502,0.561058427189846
1294,1712338192.16218,vehicle.toyota.prius,110.497146606445,-82.1034164428711,239.242568969727,4.4081437988459,-1.69599056243896,-1.64239501953125,2.16958039930207,0.681697575098262
1295,1712338192.26323,vehicle.toyota.prius,110.484672546387,-81.964958190918,239.238327026367,5.4147421249934,-1.68948137760162,-1.63519287109375,2.83067852009889,0.842871145973309
1296,1712338192.36446,vehicle.toyota.prius,110.470184326172,-81.8017654418945,239.233352661133,6.21092253170315,-1.69012343883514,-1.626708984375,3.55671761779653,1.04640963136005
1297,1712338192.4658,vehicle.toyota.prius,110.454360961914,-81.6206588745117,239.227890014648,6.75593813884991,-1.6977254152298,-1.6173095703125,4.23788550659801,1.2857703220029
1298,1712338192.56772,vehicle.toyota.prius,110.437919616699,-81.4283218383789,239.222244262695,7.09173421032168,-1.71338021755219,-1.6072998046875,5.6046436799348,1.60968582384779
1299,1712338192.66954,vehicle.toyota.prius,110.437919616699,-81.4283218383789,239.222244262695,7.09173421032168,-1.71338021755219,-1.6072998046875,4.81069963485636,1.84976185967343
1300,1712338192.77062,vehicle.toyota.prius,110.421043395996,-81.2266464233398,239.21630859375,7.43573572325666,-1.72040164470673,-1.59683227539063,5.26010934028588,2.10553792071937
1301,1712338192.87268,vehicle.toyota.prius,110.403686523438,-81.0144805908203,239.210006713867,7.84546851521494,-1.71627616882324,-1.5858154296875,5.59905931965736,2.36755202563972
1302,1712338192.97409,vehicle.toyota.prius,110.385688781738,-80.7896499633789,239.203216552734,8.32802911275805,-1.71435689926147,-1.57412719726563,5.90835373582925,2.63311215390393
1303,1712338193.07553,vehicle.toyota.prius,110.367012023926,-80.5505905151367,239.195907592773,8.86471127259467,-1.71194589138031,-1.56170654296875,6.2454617491066,2.90403837354413
1304,1712338193.17676,vehicle.toyota.prius,110.367012023926,-80.5505905151367,239.195907592773,8.86471127259467,-1.71194589138031,-1.56170654296875,6.25280094476332,3.15519556638557
1305,1712338193.27853,vehicle.toyota.prius,110.347557067871,-80.2957382202149,239.188201904297,9.45317917409932,-1.7081550359726,-1.5484619140625,6.62165523345451,3.41518004141574
1306,1712338193.37958,vehicle.toyota.prius,110.327377319336,-80.0237884521484,239.18017578125,10.0883231320166,-1.69472694396973,-1.53436279296875,7.05991782312209,3.68853537504372
1307,1712338193.48057,vehicle.toyota.prius,110.306488037109,-79.7334671020508,239.171401977539,10.7686274493319,-1.68918085098267,-1.52182006835938,7.53160776896849,3.97676580458807
1308,1712338193.5816,vehicle.toyota.prius,110.284851074219,-79.4235229492188,239.162002563477,11.500326709366,-1.68664002418518,-1.5057373046875,8.04253058044792,4.28169816277756
1309,1712338193.6827,vehicle.toyota.prius,110.262489318848,-79.0923538208008,239.152130126953,12.2818003824734,-1.67779493331909,-1.488525390625,10.4074038788801,4.74112609148525
1310,1712338193.78403,vehicle.toyota.prius,110.262489318848,-79.0923538208008,239.152130126953,12.2818003824734,-1.67779493331909,-1.488525390625,8.59533752907681,5.03019194930462
1311,1712338193.88549,vehicle.toyota.prius,110.23950958252,-78.738899230957,239.141479492188,13.0981424619748,-1.67276108264923,-1.47018432617188,9.16854007395963,5.34056805865375
1312,1712338193.98656,vehicle.toyota.prius,110.215896606445,-78.3623733520508,239.130111694336,13.9422466374979,-1.6726039648056,-1.45892333984375,9.78073817887804,5.67358081767057
1313,1712338194.08762,vehicle.toyota.prius,110.191772460938,-77.9620056152344,239.118041992187,14.807572099697,-1.67306160926819,-1.45892333984375,10.4235515508675,6.02982862266034
1314,1712338194.18859,vehicle.toyota.prius,110.167251586914,-77.5375213623047,239.105194091797,15.6751086345004,-1.6720575094223,-1.45892333984375,11.0902296864044,6.40935870244114
1315,1712338194.28991,vehicle.toyota.prius,110.142425537109,-77.0891647338867,239.091766357422,16.5266392115452,-1.67700254917145,-1.45892333984375,14.2874175455267,7.00021311567255
1316,1712338194.39116,vehicle.toyota.prius,110.142425537109,-77.0891647338867,239.091766357422,16.5266392115452,-1.67700254917145,-1.45892333984375,11.7707131453668,7.35800061789962
1317,1712338194.4924,vehicle.toyota.prius,110.117408752441,-76.6177291870117,239.077514648437,17.3374934659436,-1.68008303642273,-1.45892333984375,12.4417489463196,7.73928174253112
1318,1712338194.59344,vehicle.toyota.prius,110.092254638672,-76.125114440918,239.062728881836,18.0571456844309,-1.68872320652008,-1.45892333984375,13.0984252855592,8.14121750825823
1319,1712338194.69455,vehicle.toyota.prius,110.067085266113,-75.6144027709961,239.048217773438,18.6636779459593,-1.69430351257324,-1.45892333984375,13.7076989189383,8.55870361405923
1320,1712338194.79572,vehicle.toyota.prius,110.041999816895,-75.08984375,239.032440185547,19.1774878648099,-1.69995200634003,-1.45892333984375,14.253888656703,8.98584249225751
1321,1712338194.897,vehicle.toyota.prius,110.017066955566,-74.5568084716797,239.01628112793,19.4193447330933,-1.70522499084473,-1.45892333984375,18.0523116882528,9.66582768195716
1322,1712338194.99877,vehicle.toyota.prius,110.017066955566,-74.5568084716797,239.01628112793,19.4193447330933,-1.70522499084473,-1.45892333984375,14.6758997763528,10.0415830890368
1323,1712338195.09991,vehicle.toyota.prius,109.992553710938,-74.0228424072266,239.000228881836,19.2709680784739,-1.71524477005005,-1.45892333984375,14.9663873419731,10.4109434080071
1324,1712338195.20102,vehicle.toyota.prius,109.968856811523,-73.4963302612305,238.984405517578,18.9728064290872,-1.72359812259674,-1.45892333984375,15.0783836683197,10.7610014275305
1325,1712338195.30238,vehicle.toyota.prius,109.945777893066,-72.9783706665039,238.968902587891,18.6595674932204,-1.72777819633484,-1.45892333984375,15.0251521747676,11.0808127335733
1326,1712338195.40346,vehicle.toyota.prius,109.923187255859,-72.4694595336914,238.953643798828,18.3258375591259,-1.7286661863327,-1.45892333984375,14.8589438022142,11.3641725637213
1327,1712338195.50467,vehicle.toyota.prius,109.923187255859,-72.4694595336914,238.953643798828,18.3258375591259,-1.7286661863327,-1.45892333984375,14.8754211694085,11.6275162091479
1328,1712338195.60572,vehicle.toyota.prius,109.901275634766,-71.96826171875,238.938552856445,18.1092901906759,-1.72585213184357,-1.45892333984375,14.6441959772696,11.853767191757
1329,1712338195.70674,vehicle.toyota.prius,109.879028320313,-71.4656219482422,238.923690795898,17.9733643412387,-1.7150262594223,-1.45892333984375,14.4764960812817,12.0504718584714
1330,1712338195.80835,vehicle.toyota.prius,109.856651306152,-70.9639587402344,238.908798217773,18.0630031603047,-1.70748567581177,-1.472900390625,14.3531972126207,12.2231762600326
1331,1712338195.91017,vehicle.toyota.prius,109.834419250488,-70.4661560058594,238.893478393555,17.8749401302175,-1.70272505283356,-1.46932983398438,14.2531703765241,12.3754258187694
1332,1712338196.01151,vehicle.toyota.prius,109.812568664551,-69.9746398925781,238.878860473633,17.5860244766265,-1.69854497909546,-1.46578979492188,17.7456332618402,12.7781913769997
1333,1712338196.1134,vehicle.toyota.prius,109.812568664551,-69.9746398925781,238.878860473633,17.5860244766265,-1.69854497909546,-1.46578979492188,14.1570262287337,12.8816039908798
1334,1712338196.21502,vehicle.toyota.prius,109.79126739502,-69.4933624267578,238.864929199219,17.1621147840729,-1.69515728950501,-1.46234130859375,13.988812650305,12.9646446403367
1335,1712338196.31634,vehicle.toyota.prius,109.770660400391,-69.0256805419922,238.851486206055,16.6284297409789,-1.69179677963257,-1.458984375,13.7555990631657,13.0239662220489
1336,1712338196.41796,vehicle.toyota.prius,109.75089263916,-68.5741348266602,238.838516235352,16.0196827321796,-1.68816995620728,-1.45574951171875,13.4322718188937,13.0545891418122
1337,1712338196.51933,vehicle.toyota.prius,109.732040405273,-68.1406631469727,238.826095581055,15.3380943083966,-1.68496656417847,-1.45260620117188,13.0190014834043,13.0519200674316
1338,1712338196.62061,vehicle.toyota.prius,109.732040405273,-68.1406631469727,238.826095581055,15.3380943083966,-1.68496656417847,-1.45260620117188,13.0349801711342,13.0506495752093
1339,1712338196.72165,vehicle.toyota.prius,109.714721679688,-67.7264022827148,238.814331054687,14.6391455826067,-1.67700254917145,-1.44961547851563,12.5724736610045,13.014786381644
1340,1712338196.82271,vehicle.toyota.prius,109.69881439209,-67.3336029052734,238.803268432617,13.8073810240144,-1.66912055015564,-1.44677734375,12.0453375807966,12.9420777215804
1341,1712338196.92374,vehicle.toyota.prius,109.684371948242,-66.9641876220703,238.794799804687,12.918138414996,-1.56847774982452,-1.44412231445313,11.4730420706137,12.8319000477579
1342,1712338197.02489,vehicle.toyota.prius,109.670394897461,-66.6193466186523,238.786315917969,12.065845864652,-1.52789270877838,-1.44161987304688,10.8457710418863,12.6829403723175
1343,1712338197.12603,vehicle.toyota.prius,109.658042907715,-66.2987289428711,238.777572631836,11.1889558100689,-1.51955986022949,-1.43930053710938,13.1348154828741,12.7168310056093
1344,1712338197.22735,vehicle.toyota.prius,109.646957397461,-66.0035705566406,238.769317626953,10.2439413167622,-1.51706004142761,-1.43716430664063,12.2782238235249,12.6839354669529
1345,1712338197.3291,vehicle.toyota.prius,109.646957397461,-66.0035705566406,238.769317626953,10.2439413167622,-1.51706004142761,-1.43716430664063,9.46556391711528,12.4425576007151
1346,1712338197.43017,vehicle.toyota.prius,109.63697052002,-65.7336578369141,238.761734008789,9.36130561681761,-1.51132273674011,-1.4351806640625,8.75707944660613,12.1661467391569
1347,1712338197.53129,vehicle.toyota.prius,109.627960205078,-65.4866409301758,238.754806518555,8.57783927430599,-1.50139844417572,-1.43338012695313,8.06113198656767,11.8582706327127
1348,1712338197.63243,vehicle.toyota.prius,109.619537353516,-65.2576370239258,238.748489379883,8.04339222061634,-1.48934996128082,-1.43170166015625,7.40911690746306,11.524584103319
1349,1712338197.73381,vehicle.toyota.prius,109.611442565918,-65.0456466674805,238.742218017578,7.40725790475462,-1.50704705715179,-1.43017578125,6.81659846898666,11.1714851807441
1350,1712338197.83495,vehicle.toyota.prius,109.611442565918,-65.0456466674805,238.742218017578,7.40725790475462,-1.50704705715179,-1.43017578125,6.82476553061372,10.8454812069843
1351,1712338197.93595,vehicle.toyota.prius,109.604850769043,-64.8517379760742,238.735092163086,6.76066098718155,-1.57952892780304,-1.42877197265625,6.28425793204847,10.5033894613641
1352,1712338198.03699,vehicle.toyota.prius,109.598182678223,-64.6759033203125,238.729843139648,6.10191993736461,-1.58621573448181,-1.427490234375,5.778131131686,10.1489950866383
1353,1712338198.13802,vehicle.toyota.prius,109.592010498047,-64.524658203125,238.725891113281,4.6240353272278,-1.58938491344452,-1.4263916015625,5.2251940246511,9.77971000698923
1354,1712338198.2393,vehicle.toyota.prius,109.589935302734,-64.4729537963867,238.725311279297,0.0163964233529558,-1.66595137119293,-1.426025390625,4.08321538314632,9.35247291020101
1355,1712338198.34034,vehicle.toyota.prius,109.589958190918,-64.4728469848633,238.725341796875,0.0055718569107499,-1.64929246902466,-1.426025390625,4.08478920161495,8.95739663205706
1356,1712338198.44165,vehicle.toyota.prius,109.589950561523,-64.4725341796875,238.725051879883,0.0026482805165408,-1.59670007228851,-1.426025390625,2.70252102318549,8.48828096139169
1357,1712338198.54284,vehicle.toyota.prius,109.589950561523,-64.4725341796875,238.725051879883,0.0026482805165408,-1.59670007228851,-1.426025390625,1.44890497193503,7.96032776218244
1358,1712338198.64389,vehicle.toyota.prius,109.589950561523,-64.4723205566406,238.724792480469,0.0021295794015954,-1.55971455574036,-1.426025390625,0.372828502993188,7.39126531774325
1359,1712338198.74498,vehicle.toyota.prius,109.589950561523,-64.4723205566406,238.724792480469,0,-1.55971455574036,-1.426025390625,0.00582895782492675,6.83735759074937
1360,1712338198.84605,vehicle.toyota.prius,109.589935302734,-64.4721832275391,238.724624633789,0.0008003734792137,-1.53774189949036,-1.426025390625,0.0069581935053588,6.32507763595607
1361,1712338198.94714,vehicle.toyota.prius,109.589950561523,-64.4721603393555,238.724578857422,0.0011272858631283,-1.53304958343506,-1.426025390625,0.00429383298267512,5.85101885073307
1362,1712338199.04824,vehicle.toyota.prius,109.589950561523,-64.4721603393555,238.724578857422,0.0011272858631283,-1.53304958343506,-1.426025390625,0.00429459459938828,5.41251453152304
1363,1712338199.14987,vehicle.toyota.prius,109.589950561523,-64.4721374511719,238.724563598633,0.0013675196938967,-1.53057706356049,-1.426025390625,0.00208546055806875,5.00673235120067
1364,1712338199.25091,vehicle.toyota.prius,109.589950561523,-64.4721298217773,238.724563598633,0.0009773382426586,-1.52942276000977,-1.426025390625,0.00211999810244249,4.6313864247183
1365,1712338199.35265,vehicle.toyota.prius,109.589935302734,-64.4721298217773,238.724563598633,0.0002742612628945,-1.52932703495026,-1.426025390625,0.000576332392840212,4.28407566779389
1366,1712338199.45389,vehicle.toyota.prius,109.589935302734,-64.4721298217773,238.724563598633,0.0006823114623076,-1.52932703495026,-1.426025390625,0.000265522970976955,3.96278990693217
1367,1712338199.55517,vehicle.toyota.prius,109.589935302734,-64.4721298217773,238.724563598633,0.0006823114623076,-1.52932703495026,-1.426025390625,0.000265429685487801,3.66560057113867
1368,1712338199.65622,vehicle.toyota.prius,109.589935302734,-64.4721298217773,238.724563598633,0.0003174799497702,-1.52932703495026,-1.426025390625,0.000121290483602385,3.39068962508954
1369,1712338199.75731,vehicle.toyota.prius,109.589950561523,-64.4721298217773,238.724563598633,0.000393107469279,-1.5290470123291,-1.426025390625,0,3.13638790320782
1370,1712338199.85858,vehicle.toyota.prius,109.589935302734,-64.4721298217773,238.724563598633,0.0002040094593186,-1.52892410755157,-1.426025390625,0,2.90115881046724
1371,1712338199.95981,vehicle.toyota.prius,109.589935302734,-64.4721298217773,238.724563598633,0.0003543912470517,-1.52892410755157,-1.426025390625,0,2.68357189968219
1372,1712338200.06133,vehicle.toyota.prius,109.589935302734,-64.4721298217773,238.724563598633,0.0001567881541384,-1.52892410755157,-1.426025390625,0,2.48230400720603
1373,1712338200.16284,vehicle.toyota.prius,109.589935302734,-64.4721298217773,238.724563598633,0.0001567881541384,-1.52892410755157,-1.426025390625,0,2.29613120666558
1374,1712338200.26393,vehicle.toyota.prius,109.589935302734,-64.4721298217773,238.724563598633,0.0004374100128965,-1.52892410755157,-1.426025390625,0.000108427917553369,2.12392949825948
1375,1712338200.3652,vehicle.toyota.prius,109.589935302734,-64.4721298217773,238.724563598633,0.0001760110638155,-1.52938854694366,-1.426025390625,0,1.96463478589002
1376,1712338200.46637,vehicle.toyota.prius,109.589935302734,-64.4721298217773,238.724563598633,0.0002949637827177,-1.52938854694366,-1.426025390625,0,1.81728717694826
1377,1712338200.56773,vehicle.toyota.prius,109.589935302734,-64.4721298217773,238.724563598633,0.0004129383206322,-1.5290470123291,-1.426025390625,0,1.68099063867714
1378,1712338200.66887,vehicle.toyota.prius,109.589935302734,-64.4721298217773,238.724563598633,0.000231438512264,-1.5290470123291,-1.426025390625,0,1.55491634077636
1379,1712338200.76991,vehicle.toyota.prius,109.589935302734,-64.4721298217773,238.724563598633,0.000231438512264,-1.5290470123291,-1.426025390625,0,1.43829761521813
1380,1712338200.87161,vehicle.toyota.prius,109.589935302734,-64.4721298217773,238.724563598633,0.0001833501444102,-1.52936124801636,-1.426025390625,0,1.33042529407677
1381,1712338200.97276,vehicle.toyota.prius,109.589935302734,-64.4721298217773,238.724563598633,0.0002129682769142,-1.52914261817932,-1.426025390625,0,1.23064339702101
1382,1712338201.07382,vehicle.toyota.prius,109.589935302734,-64.4721298217773,238.724563598633,0.0004435599389974,-1.52914261817932,-1.426025390625,0,1.13834514224444
1383,1712338201.17494,vehicle.toyota.prius,109.589935302734,-64.4721298217773,238.724563598633,0.0002247092449068,-1.52914261817932,-1.426025390625,0,1.0529692565761
1384,1712338201.27601,vehicle.toyota.prius,109.589935302734,-64.4721298217773,238.724563598633,0.0001477295844747,-1.52914261817932,-1.426025390625,0,0.973996562332897
1385,1712338201.3773,vehicle.toyota.prius,109.589935302734,-64.4721298217773,238.724563598633,0.0001477295844747,-1.52914261817932,-1.426025390625,0,0.900946820157929
1386,1712338201.47838,vehicle.toyota.prius,109.589935302734,-64.4721298217773,238.724563598633,0.0001825297500782,-1.52920413017273,-1.426025390625,0,0.833375808646085
1387,1712338201.57942,vehicle.toyota.prius,109.589935302734,-64.4721298217773,238.724563598633,0.0005204359008869,-1.52901971340179,-1.426025390625,0,0.770872622997628
1388,1712338201.68075,vehicle.toyota.prius,109.589935302734,-64.4721298217773,238.724563598633,0.0010612739896267,-1.52901971340179,-1.426025390625,0,0.713057176272806
1389,1712338201.78197,vehicle.toyota.prius,109.589935302734,-64.4721298217773,238.724563598633,0,-1.52901971340179,-1.426025390625,0,0.659577888052346
1390,1712338201.88307,vehicle.toyota.prius,109.589935302734,-64.4721298217773,238.724563598633,0.000172366682754,-1.52901971340179,-1.426025390625,0,0.61010954644842
1391,1712338201.98465,vehicle.toyota.prius,109.589935302734,-64.4721298217773,238.724563598633,0.000172366682754,-1.52901971340179,-1.426025390625,0,0.564351330464788
1392,1712338202.0857,vehicle.toyota.prius,109.589935302734,-64.4721298217773,238.724563598633,0.0002022930046339,-1.52901971340179,-1.426025390625,0,0.522024980679929
1393,1712338202.18675,vehicle.toyota.prius,109.589935302734,-64.4721298217773,238.724563598633,0.0001614922479798,-1.52901971340179,-1.426025390625,0,0.482873107128934
1394,1712338202.28831,vehicle.toyota.prius,109.589935302734,-64.4721298217773,238.724563598633,0.0002527531233764,-1.52901971340179,-1.426025390625,0,0.446657624094264
1395,1712338202.38936,vehicle.toyota.prius,109.589935302734,-64.4721298217773,238.724563598633,0.0004033100457703,-1.52901971340179,-1.426025390625,0,0.413158302287195
1396,1712338202.49055,vehicle.toyota.prius,109.589935302734,-64.4721298217773,238.724563598633,0.0005243689604065,-1.52901971340179,-1.426025390625,0,0.382171429615655
1397,1712338202.59208,vehicle.toyota.prius,109.589935302734,-64.4721298217773,238.724563598633,0.0005243689604065,-1.52901971340179,-1.426025390625,0,0.353508572394481
1398,1712338202.69326,vehicle.toyota.prius,109.589935302734,-64.4721298217773,238.724563598633,0.0005794523736542,-1.52901971340179,-1.426025390625,0,0.326995429464895
1399,1712338202.7943,vehicle.toyota.prius,109.589935302734,-64.4721298217773,238.724563598633,0.0001681154479194,-1.52901971340179,-1.426025390625,0,0.302470772255028
1400,1712338202.89532,vehicle.toyota.prius,109.589935302734,-64.4721298217773,238.724563598633,0.0003770763368122,-1.52901971340179,-1.426025390625,0,0.279785464335901
1401,1712338202.9965,vehicle.toyota.prius,109.589935302734,-64.4721298217773,238.724563598633,0.0001981394208999,-1.52901971340179,-1.426025390625,0,0.258801554510708
1402,1712338203.09815,vehicle.toyota.prius,109.589935302734,-64.4721298217773,238.724563598633,0.0001981394208999,-1.52901971340179,-1.426025390625,0,0.239391437922405
1403,1712338203.19953,vehicle.toyota.prius,109.589935302734,-64.4721298217773,238.724563598633,0.0002386295555742,-1.52901971340179,-1.426025390625,0,0.221437080078225
1404,1712338203.30078,vehicle.toyota.prius,109.589935302734,-64.4721298217773,238.724563598633,0.0003097576047796,-1.52901971340179,-1.426025390625,0,0.204829299072358
1405,1712338203.40183,vehicle.toyota.prius,109.589935302734,-64.4721298217773,238.724563598633,0.0001603721104132,-1.52901971340179,-1.426025390625,0,0.189467101641931
1406,1712338203.50314,vehicle.toyota.prius,109.589935302734,-64.4721298217773,238.724563598633,0.0006658561140285,-1.52901971340179,-1.426025390625,0,0.175257069018786
1407,1712338203.6044,vehicle.toyota.prius,109.589935302734,-64.4721298217773,238.724563598633,0.0002658796467825,-1.52901971340179,-1.426025390625,0,0.162112788842377
1408,1712338203.70547,vehicle.toyota.prius,109.589935302734,-64.4721298217773,238.724563598633,0.0002658796467825,-1.52901971340179,-1.426025390625,0,0.149954329679199
1409,1712338203.80697,vehicle.toyota.prius,109.589935302734,-64.4721298217773,238.724563598633,0.0004729993030818,-1.52901971340179,-1.426025390625,0,0.138707754953259
1410,1712338203.90816,vehicle.toyota.prius,109.589935302734,-64.4721298217773,238.724563598633,0.0001834044748616,-1.52901971340179,-1.426025390625,0,0.128304673331764
1411,1712338204.00944,vehicle.toyota.prius,109.589935302734,-64.4721298217773,238.724563598633,0.0001601605384867,-1.52920413017273,-1.426025390625,0,0.118681822831882
1412,1712338204.11052,vehicle.toyota.prius,109.589935302734,-64.4721298217773,238.724563598633,0.0001566482524461,-1.52920413017273,-1.426025390625,0,0.109780686119491
1413,1712338204.21157,vehicle.toyota.prius,109.589935302734,-64.4721298217773,238.724563598633,0.0001830248839184,-1.52920413017273,-1.426025390625,0,0.101547134660529
1414,1712338204.31325,vehicle.toyota.prius,109.589935302734,-64.4721298217773,238.724563598633,0.0001830248839184,-1.52920413017273,-1.426025390625,0,0.0939310995609895
1415,1712338204.41434,vehicle.toyota.prius,109.589935302734,-64.4721298217773,238.724563598633,0.000148389857567,-1.52920413017273,-1.426025390625,0,0.0868862670939153
1416,1712338204.51571,vehicle.toyota.prius,109.589935302734,-64.4721298217773,238.724563598633,0.000187949971017,-1.52920413017273,-1.426025390625,0,0.0803697970618716
1417,1712338204.61687,vehicle.toyota.prius,109.589935302734,-64.4721298217773,238.724563598633,0.0003838576790255,-1.52920413017273,-1.426025390625,0,0.0743420622822313
1418,1712338204.71832,vehicle.toyota.prius,109.589935302734,-64.4721298217773,238.724563598633,0.000361468418223,-1.52920413017273,-1.426025390625,0,0.0687664076110639
1419,1712338204.81934,vehicle.toyota.prius,109.589935302734,-64.4721298217773,238.724563598633,0.000361468418223,-1.52920413017273,-1.426025390625,0,0.0636089270402341
1420,1712338204.92052,vehicle.toyota.prius,109.589935302734,-64.4721298217773,238.724563598633,0,-1.52920413017273,-1.426025390625,0,0.0588382575122166
1421,1712338205.02173,vehicle.toyota.prius,109.589935302734,-64.4721298217773,238.724563598633,0.0001849041348628,-1.52920413017273,-1.426025390625,0,0.0544253881988003
1422,1712338205.12281,vehicle.toyota.prius,109.589935302734,-64.4721298217773,238.724563598633,0.0014116079801752,-1.52920413017273,-1.426025390625,0,0.0503434840838903
1423,1712338205.22498,vehicle.toyota.prius,109.589935302734,-64.4721298217773,238.724563598633,0.0004029347154055,-1.52920413017273,-1.426025390625,0,0.0465677227775985
1424,1712338205.3262,vehicle.toyota.prius,109.589935302734,-64.4721298217773,238.724563598633,0.0004029347154055,-1.52920413017273,-1.426025390625,0,0.0430751435692786
1425,1712338205.4277,vehicle.toyota.prius,109.589935302734,-64.4721298217773,238.724563598633,0.0005658295928807,-1.52920413017273,-1.426025390625,0,0.0398445078015827
1426,1712338205.52925,vehicle.toyota.prius,109.589935302734,-64.4721298217773,238.724563598633,0.0001671510727407,-1.52920413017273,-1.426025390625,0,0.036856169716464
1427,1712338205.6304,vehicle.toyota.prius,109.589935302734,-64.4721298217773,238.724563598633,0.000549142302377,-1.52920413017273,-1.426025390625,0,0.0340919569877292
1428,1712338205.73183,vehicle.toyota.prius,109.589935302734,-64.4721298217773,238.724563598633,0.0004440024366761,-1.52923142910004,-1.426025390625,0,0.0315350602136495
1429,1712338205.83298,vehicle.toyota.prius,109.589935302734,-64.4721298217773,238.724563598633,0.0003935121877328,-1.5290812253952,-1.426025390625,0,0.0291699306976258
1430,1712338205.93402,vehicle.toyota.prius,109.589935302734,-64.4721298217773,238.724563598633,0.0003935121877328,-1.5290812253952,-1.426025390625,0,0.0269821858953039
1431,1712338206.03504,vehicle.toyota.prius,109.589935302734,-64.4721298217773,238.724563598633,0.0001649017850406,-1.52923142910004,-1.426025390625,0,0.0249585219531561
1432,1712338206.13608,vehicle.toyota.prius,109.589935302734,-64.4721298217773,238.724563598633,0.0002121926200378,-1.52914261817932,-1.426025390625,0,0.0230866328066694
1433,1712338206.23741,vehicle.toyota.prius,109.589935302734,-64.4721298217773,238.724563598633,0.0005570183310108,-1.52914261817932,-1.426025390625,0,0.0213551353461692
1434,1712338206.33863,vehicle.toyota.prius,109.589935302734,-64.4721298217773,238.724563598633,0.0005535090339642,-1.52914261817932,-1.426025390625,0,0.0197535001952065
1435,1712338206.43967,vehicle.toyota.prius,109.589935302734,-64.4721298217773,238.724563598633,0.0001657113358337,-1.52914261817932,-1.426025390625,0,0.018271987680566
1436,1712338206.54133,vehicle.toyota.prius,109.589935302734,-64.4721298217773,238.724563598633,0.0001657113358337,-1.52914261817932,-1.426025390625,0,0.0169015886045235
1437,1712338206.64239,vehicle.toyota.prius,109.589935302734,-64.4721298217773,238.724563598633,0.000280966388717,-1.52914261817932,-1.426025390625,0,0.0156339694591843
1438,1712338206.74342,vehicle.toyota.prius,109.589935302734,-64.4721298217773,238.724563598633,0.0006427106784316,-1.52914261817932,-1.426025390625,0,0.0144614217497455
1439,1712338206.84475,vehicle.toyota.prius,109.589935302734,-64.4721298217773,238.724563598633,0.0018157400650679,-1.52914261817932,-1.426025390625,0,0.0133768151185145
1440,1712338206.94615,vehicle.toyota.prius,109.589935302734,-64.4721298217773,238.724563598633,0.0002281704289349,-1.52914261817932,-1.426025390625,0,0.012373553984626
1441,1712338207.04755,vehicle.toyota.prius,109.589935302734,-64.4721298217773,238.724563598633,0.0001742667248285,-1.52914261817932,-1.426025390625,0,0.011445537435779
1442,1712338207.14863,vehicle.toyota.prius,109.589935302734,-64.4721298217773,238.724563598633,0.0001742667248285,-1.52914261817932,-1.426025390625,0,0.0105871221280956
1443,1712338207.24971,vehicle.toyota.prius,109.589935302734,-64.4721298217773,238.724563598633,0.0002536774140668,-1.52914261817932,-1.426025390625,0,0.00979308796848842
1444,1712338207.35072,vehicle.toyota.prius,109.589935302734,-64.4721298217773,238.724563598633,0.0002968944087304,-1.52926564216614,-1.426025390625,0,0.00905860637085178
1445,1712338207.45186,vehicle.toyota.prius,109.589935302734,-64.4721298217773,238.724563598633,0.0001478884374234,-1.52910852432251,-1.426025390625,0,0.0083792108930379
1446,1712338207.55294,vehicle.toyota.prius,109.589935302734,-64.4721298217773,238.724563598633,0.0002914877043485,-1.52910852432251,-1.426025390625,0,0.00775077007606006
1447,1712338207.65437,vehicle.toyota.prius,109.589935302734,-64.4721298217773,238.724563598633,0.0002914877043485,-1.52910852432251,-1.426025390625,0,0.00716946232035555
1448,1712338207.75546,vehicle.toyota.prius,109.589935302734,-64.4721298217773,238.724563598633,0.000269927921129,-1.52910852432251,-1.426025390625,0,0.00663175264632889
1449,1712338207.85649,vehicle.toyota.prius,109.58992767334,-64.4721298217773,238.724563598633,0.0004455496562163,-1.5290470123291,-1.426025390625,5.43051439981974E-05,0.00613844408365408
1450,1712338207.95758,vehicle.toyota.prius,109.58992767334,-64.4721298217773,238.724563598633,0,-1.5290470123291,-1.426025390625,5.43103923784416E-05,0.00568213405680841
1451,1712338208.0588,vehicle.toyota.prius,109.589935302734,-64.4721298217773,238.724563598633,0.0001860680314928,-1.5290470123291,-1.426025390625,0,0.00525597400254778
1452,1712338208.16021,vehicle.toyota.prius,109.589935302734,-64.4721298217773,238.724563598633,0.0001860680314928,-1.5290470123291,-1.426025390625,0,0.0048617759523567
1453,1712338208.26146,vehicle.toyota.prius,109.589935302734,-64.4721298217773,238.724563598633,0.0003258758215422,-1.5290470123291,-1.426025390625,0,0.00449714275592994
1454,1712338208.36315,vehicle.toyota.prius,109.589935302734,-64.4721298217773,238.724563598633,0.000449572577941,-1.5290470123291,-1.426025390625,5.420949428471E-05,0.00416392276130655
1455,1712338208.46444,vehicle.toyota.prius,109.589935302734,-64.4721298217773,238.724563598633,0.0008556697268872,-1.5290470123291,-1.426025390625,5.41876926203136E-05,0.00385569263115508
1456,1712338208.56565,vehicle.toyota.prius,109.589935302734,-64.4721298217773,238.724563598633,0.0007860007698267,-1.5290470123291,-1.426025390625,0,0.00356651568381845
1457,1712338208.6667,vehicle.toyota.prius,109.589935302734,-64.4721298217773,238.724563598633,0.0002657810814598,-1.5290470123291,-1.426025390625,0,0.00329902700753207
1458,1712338208.76793,vehicle.toyota.prius,109.589935302734,-64.4721298217773,238.724563598633,0.0002657810814598,-1.5290470123291,-1.426025390625,0,0.00305159998196716
1459,1712338208.86898,vehicle.toyota.prius,109.589935302734,-64.4721298217773,238.724563598633,0.0003582437949591,-1.5290470123291,-1.426025390625,0,0.00282272998331963
1460,1712338208.97015,vehicle.toyota.prius,109.58992767334,-64.4721298217773,238.724563598633,0.0005004433727793,-1.52920413017273,-1.426025390625,5.43109556795258E-05,0.00261509855624662
1461,1712338209.07142,vehicle.toyota.prius,109.58992767334,-64.4721298217773,238.724563598633,0.0001591232760486,-1.52920413017273,-1.426025390625,5.43056815905154E-05,0.00242303909064741
1462,1712338209.17297,vehicle.toyota.prius,109.589935302734,-64.4721298217773,238.724563598633,0.0002676136706887,-1.52917003631592,-1.426025390625,0,0.00224131115884885
1463,1712338209.274,vehicle.toyota.prius,109.589935302734,-64.4721298217773,238.724563598633,0.0003720992663692,-1.52917003631592,-1.426025390625,0,0.00207321282193519
1464,1712338209.37537,vehicle.toyota.prius,109.589935302734,-64.4721298217773,238.724563598633,0.0003720992663692,-1.52917003631592,-1.426025390625,0,0.00191772186029005
1465,1712338209.47631,vehicle.toyota.prius,109.58992767334,-64.4721298217773,238.724563598633,0.0004246038893938,-1.52917003631592,-1.426025390625,0,0.0017738927207683
1466,1712338209.57736,vehicle.toyota.prius,109.589935302734,-64.4721298217773,238.724563598633,0.0001529085897642,-1.52917003631592,-1.426025390625,5.42859256669229E-05,0.00164492221113569
1467,1712338209.67846,vehicle.toyota.prius,109.58992767334,-64.4721298217773,238.724563598633,0.0001902433124094,-1.52926564216614,-1.426025390625,5.43355474754488E-05,0.00152562821136118
1468,1712338209.78058,vehicle.toyota.prius,109.58992767334,-64.4721298217773,238.724563598633,0.0002156066753662,-1.52926564216614,-1.426025390625,5.42188578082215E-05,0.0014152725098447
1469,1712338209.8819,vehicle.toyota.prius,109.58992767334,-64.4721298217773,238.724563598633,0.0002156066753662,-1.52926564216614,-1.426025390625,5.42233748873288E-05,0.0013131938247229
1470,1712338209.98311,vehicle.toyota.prius,109.58992767334,-64.4721298217773,238.724563598633,0.0001448708113877,-1.52914261817932,-1.426025390625,0,0.00121470428786868
1471,1712338210.08446,vehicle.toyota.prius,109.58992767334,-64.4721298217773,238.724563598633,0.0001484542579875,-1.52914261817932,-1.426025390625,5.41632853793922E-05,0.00112766371268199
1472,1712338210.18574,vehicle.toyota.prius,109.58992767334,-64.4721298217773,238.724563598633,0.000155086740704,-1.52892410755157,-1.426025390625,0,0.00104308893423084
1473,1712338210.28682,vehicle.toyota.prius,109.58992767334,-64.4721298217773,238.724563598633,0.000155086740704,-1.52892410755157,-1.426025390625,0,0.000964857264163524
1474,1712338210.38826,vehicle.toyota.prius,109.589714050293,-64.4709625244141,238.724548339844,0.0773941900079482,-1.52697062492371,-1.42599487304688,0.00843749028408448,0.0015253047406576
1475,1712338210.48929,vehicle.toyota.prius,109.589584350586,-64.4677810668945,238.724411010742,0.138428295329624,-1.52563190460205,-1.42599487304688,0.0310441664937271,0.00373921937213781
1476,1712338210.59035,vehicle.toyota.prius,109.589401245117,-64.4631118774414,238.72428894043,0.188459990442714,-1.52498996257782,-1.42593383789063,0.0643115714225022,0.00828214577591514
1477,1712338210.69138,vehicle.toyota.prius,109.589149475098,-64.4572067260742,238.724166870117,0.229905370744649,-1.52507865428925,-1.4259033203125,0.106430462015787,0.0156432694939055
1478,1712338210.79243,vehicle.toyota.prius,109.588836669922,-64.4502563476563,238.723983764648,0.265281611838449,-1.52581632137299,-1.42584228515625,0.155989919599622,0.0261692682518343
1479,1712338210.89374,vehicle.toyota.prius,109.588836669922,-64.4502563476563,238.723983764648,0.265281611838449,-1.52581632137299,-1.42584228515625,0.147655290711472,0.0352807199363071
1480,1712338210.99479,vehicle.toyota.prius,109.588500976563,-64.4423904418945,238.723770141602,0.295983771493235,-1.52608954906464,-1.42581176757813,0.181046162003349,0.0462131280913353
1481,1712338211.09598,vehicle.toyota.prius,109.588134765625,-64.4338226318359,238.723556518555,0.317806136924389,-1.52654719352722,-1.42575073242188,0.208793666822004,0.0584066684961354
1482,1712338211.1972,vehicle.toyota.prius,109.587455749512,-64.4174575805664,238.723068237305,0.735660086468846,-1.51873350143433,-1.42562866210938,0.283266308134766,0.0752711414690327
1483,1712338211.29919,vehicle.toyota.prius,109.586822509766,-64.3994903564453,238.722595214844,0.605486574701002,-1.52142453193665,-1.42547607421875,0.36105482733834,0.0967049179092308
1484,1712338211.40029,vehicle.toyota.prius,109.586181640625,-64.3839950561523,238.722244262695,0.526650574144248,-1.52642428874969,-1.42538452148438,0.471448055931792,0.124810653260923
1485,1712338211.50334,vehicle.toyota.prius,109.586181640625,-64.3839950561523,238.722244262695,0.526650574144248,-1.52642428874969,-1.42538452148438,0.413841685813628,0.146487980702376
1486,1712338211.60431,vehicle.toyota.prius,109.585563659668,-64.3700942993164,238.721893310547,0.489972574530558,-1.52858936786652,-1.42526245117188,0.451845965505734,0.169389829562628
1487,1712338211.7054,vehicle.toyota.prius,109.585037231445,-64.357292175293,238.721542358398,0.438328480709044,-1.5290470123291,-1.4251708984375,0.426677008548202,0.188686367986546
1488,1712338211.80666,vehicle.toyota.prius,109.584518432617,-64.3400497436523,238.721069335937,0.673802198492246,-1.52328240871429,-1.425048828125,0.422131368120553,0.206194742996596
1489,1712338211.90762,vehicle.toyota.prius,109.583152770996,-64.3174362182617,238.722274780273,0.921161086114783,-1.59947991371155,-1.42489624023438,0.47279304667104,0.22618961577218
1490,1712338212.00919,vehicle.toyota.prius,109.580993652344,-64.2760696411133,238.722045898437,1.74380973371088,-1.61755263805389,-1.42459106445313,0.76896457192747,0.266897737483826
1491,1712338212.1103,vehicle.toyota.prius,109.580993652344,-64.2760696411133,238.722045898437,1.74380973371088,-1.61755263805389,-1.42459106445313,0.669763059990298,0.297112636671812
1492,1712338212.21133,vehicle.toyota.prius,109.57852935791,-64.2130889892578,238.72038269043,2.49928087658449,-1.6034209728241,-1.42413330078125,1.02716966635556,0.351866913898093
1493,1712338212.31254,vehicle.toyota.prius,109.575416564941,-64.1352462768555,238.718200683594,3.09627755834205,-1.59624242782593,-1.423583984375,1.45902990549525,0.43490413826788
1494,1712338212.41379,vehicle.toyota.prius,109.571258544922,-64.0363922119141,238.715408325195,3.92306678329513,-1.58498632907867,-1.4228515625,2.0012182196841,0.552377694374096
1495,1712338212.5156,vehicle.toyota.prius,109.566024780273,-63.912727355957,238.711990356445,4.84143034956799,-1.57415366172791,-1.42196655273438,2.58615634452758,0.704911093135607
1496,1712338212.61664,vehicle.toyota.prius,109.566024780273,-63.912727355957,238.711990356445,4.84143034956799,-1.57415366172791,-1.42196655273438,2.58644250715026,0.846025949186706
1497,1712338212.71778,vehicle.toyota.prius,109.559677124023,-63.7635383605957,238.707977294922,5.74681286242542,-1.56595051288605,-1.42086791992188,3.19956642829379,1.02254148511974
1498,1712338212.81882,vehicle.toyota.prius,109.552284240723,-63.5905342102051,238.703353881836,6.57494961606468,-1.56179094314575,-1.41961669921875,3.87814140793695,1.23671147933103
1499,1712338212.91988,vehicle.toyota.prius,109.543823242188,-63.3953247070312,238.6982421875,7.36223854735583,-1.56011760234833,-1.418212890625,4.56599436149909,1.48640769549363
1500,1712338213.02143,vehicle.toyota.prius,109.534400939941,-63.1797561645508,238.692626953125,8.03504029188624,-1.56054103374481,-1.41665649414063,5.22317908025601,1.76666554935081
1501,1712338213.12262,vehicle.toyota.prius,109.524139404297,-62.9480590820313,238.686614990234,8.56554114518262,-1.56256282329559,-1.41497802734375,6.87246586343565,2.14960057290717
1502,1712338213.22431,vehicle.toyota.prius,109.524139404297,-62.9480590820313,238.686614990234,8.56554114518262,-1.56256282329559,-1.41497802734375,5.80324761204745,2.42362410084269
1503,1712338213.32545,vehicle.toyota.prius,109.513130187988,-62.7027778625488,238.680252075195,9.03496585129132,-1.56396293640137,-1.4132080078125,6.31650715568629,2.71559032995596
1504,1712338213.42647,vehicle.toyota.prius,109.501434326172,-62.4454536437988,238.673522949219,9.43404991631818,-1.56411325931549,-1.41134643554688,6.75906643820002,3.01885103807427
1505,1712338213.52751,vehicle.toyota.prius,109.489013671875,-62.1776351928711,238.66552734375,9.79484929894378,-1.51446461677551,-1.409423828125,7.13847946574428,3.32782317014952
1506,1712338213.62887,vehicle.toyota.prius,109.47632598877,-61.8992767333984,238.656753540039,10.1891384737493,-1.45095062255859,-1.40744018554688,7.46871856675076,3.63839032489461
1507,1712338213.73047,vehicle.toyota.prius,109.462615966797,-61.6094818115234,238.64892578125,10.6356057119917,-1.44030237197876,-1.40533447265625,9.53439578443864,4.08059073436041
1508,1712338213.83163,vehicle.toyota.prius,109.462615966797,-61.6094818115234,238.64892578125,10.6356057119917,-1.44030237197876,-1.40533447265625,7.78716946811805,4.35858413939224
1509,1712338213.93312,vehicle.toyota.prius,109.448028564453,-61.3065643310547,238.641159057617,11.1311784722147,-1.44015216827393,-1.40316772460938,8.10450384392152,4.63952811723193
1510,1712338214.03419,vehicle.toyota.prius,109.432495117188,-60.9891242980957,238.63313293457,11.6766679931754,-1.43932569026947,-1.40087890625,8.457262923216,4.92585822768074
1511,1712338214.13537,vehicle.toyota.prius,109.415946960449,-60.6556282043457,238.624664306641,12.2794451420493,-1.43621790409088,-1.39849853515625,8.85278683598185,5.22037787330332
1512,1712338214.23758,vehicle.toyota.prius,109.398284912109,-60.3045349121094,238.615676879883,12.9344253654153,-1.43173050880432,-1.39596557617188,9.27813161792564,5.52470940415
1513,1712338214.33909,vehicle.toyota.prius,109.379470825195,-59.9346656799316,238.606246948242,13.6249261099687,-1.42580878734589,-1.39334106445313,11.8997699613924,6.00283894594318
1514,1712338214.44025,vehicle.toyota.prius,109.359390258789,-59.5449943542481,238.596328735352,14.3620877485741,-1.41878736019135,-1.40411376953125,12.5248316343068,6.49198839757045
1515,1712338214.54187,vehicle.toyota.prius,109.359390258789,-59.5449943542481,238.596328735352,14.3620877485741,-1.41878736019135,-1.40411376953125,10.2567518633076,6.77434565750074
1516,1712338214.643,vehicle.toyota.prius,109.338012695313,-59.134033203125,238.585906982422,15.1472441373469,-1.4122029542923,-1.40411376953125,10.8084692821188,7.07690492934709
1517,1712338214.74411,vehicle.toyota.prius,109.315322875977,-58.7009353637695,238.574981689453,15.9507915357349,-1.40399312973022,-1.40411376953125,11.4159279599077,7.40233165663914
1518,1712338214.84517,vehicle.toyota.prius,109.291381835938,-58.2455558776856,238.563507080078,16.7521784141479,-1.39535295963287,-1.40411376953125,12.0358178699563,7.74984312263792
1519,1712338214.94652,vehicle.toyota.prius,109.266304016113,-57.7682609558106,238.551544189453,17.5305310421808,-1.3860160112381,-1.40411376953125,12.6555114457488,8.11776824687124
1520,1712338215.04787,vehicle.toyota.prius,109.266304016113,-57.7682609558106,238.551544189453,17.5305310421808,-1.3860160112381,-1.40411376953125,12.6621483387653,8.45859675376329
1521,1712338215.14891,vehicle.toyota.prius,109.240219116211,-57.2699737548828,238.539596557617,18.2705429584151,-1.3766450881958,-1.40411376953125,13.2867356736801,8.82070717275705
1522,1712338215.24994,vehicle.toyota.prius,109.213356018066,-56.7519073486328,238.527236938477,18.9930652326102,-1.36995828151703,-1.40411376953125,13.8943610761582,9.20123121551213
1523,1712338215.35094,vehicle.toyota.prius,109.185943603516,-56.2165107727051,238.51399230957,19.6590712742712,-1.36333978176117,-1.40411376953125,14.465967157182,9.59608641113737
1524,1712338215.45201,vehicle.toyota.prius,109.156433105469,-55.6655616760254,238.500427246094,20.1945208101377,-1.35641407966614,-1.40411376953125,14.9998902168274,10.0013716965641
1525,1712338215.55335,vehicle.toyota.prius,109.156433105469,-55.6655616760254,238.500427246094,20.1945208101377,-1.35641407966614,-1.40411376953125,15.0002085913507,10.3762844636731
1526,1712338215.65527,vehicle.toyota.prius,109.125709533691,-55.0999641418457,238.48974609375,20.6390176824616,-1.19078874588013,-1.40411376953125,15.4532026175126,10.7570533252111
1527,1712338215.75658,vehicle.toyota.prius,109.094863891602,-54.5250625610352,238.475509643555,20.9966767881122,-1.26516270637512,-1.40411376953125,15.8497548567969,11.13900594008
1528,1712338215.85792,vehicle.toyota.prius,109.064300537109,-53.9416961669922,238.459259033203,21.2555743015848,-1.34213209152222,-1.40411376953125,16.1810673615352,11.5171605466892
1529,1712338215.9592,vehicle.toyota.prius,109.034683227539,-53.3529586791992,238.444747924805,21.3394399152712,-1.34340929985046,-1.40411376953125,16.442041765703,11.8865266381152
1530,1712338216.06054,vehicle.toyota.prius,109.006553649902,-52.7648048400879,238.431030273437,21.2622697572467,-1.3383481502533,-1.40411376953125,20.6225196672016,12.5417261152967
1531,1712338216.16163,vehicle.toyota.prius,108.980346679688,-52.1803588867188,238.421829223633,21.1584529242563,-1.51800262928009,-1.40411376953125,20.7887092373668,13.1602498494519
1532,1712338216.26286,vehicle.toyota.prius,108.980346679688,-52.1803588867188,238.421829223633,21.1584529242563,-1.51800262928009,-1.40411376953125,16.6966836940656,13.425482387798
1533,1712338216.36389,vehicle.toyota.prius,108.956596374512,-51.5967483520508,238.406066894531,21.0215588385084,-1.37484192848206,-1.3997802734375,16.7062812775361,13.6715423045283
1534,1712338216.46497,vehicle.toyota.prius,108.93514251709,-51.0180206298828,238.390975952148,20.8764458930205,-1.31436049938202,-1.392578125,16.6393865341327,13.8941306217486
1535,1712338216.56607,vehicle.toyota.prius,108.915962219238,-50.4440727233887,238.377593994141,20.7063450970429,-1.30654001235962,-1.38543701171875,16.5434481009601,14.0928294326895
1536,1712338216.66767,vehicle.toyota.prius,108.899353027344,-49.8749732971191,238.364410400391,20.5331179212857,-1.32095170021057,-1.37835693359375,16.4157926956472,14.2670516774113
1537,1712338216.76907,vehicle.toyota.prius,108.899353027344,-49.8749732971191,238.364410400391,20.5331179212857,-1.32095170021057,-1.37835693359375,16.4103418952981,14.4277984437528
1538,1712338216.87027,vehicle.toyota.prius,108.885093688965,-49.3107948303223,238.351791381836,20.3492211783642,-1.31621837615967,-1.371337890625,16.2640043752347,14.565513888614
1539,1712338216.97136,vehicle.toyota.prius,108.873573303223,-48.7518501281738,238.339874267578,20.1446357604278,-1.28932785987854,-1.3643798828125,16.1204190451068,14.6821317753509
1540,1712338217.07267,vehicle.toyota.prius,108.864784240723,-48.1991157531738,238.327865600586,19.9077392064195,-1.27245736122131,-1.35751342773438,15.9614023071853,14.7780770652385
1541,1712338217.17457,vehicle.toyota.prius,108.858543395996,-47.6539649963379,238.317047119141,19.5983478900482,-1.21419584751129,-1.35073852539063,15.7796742848529,14.8531968567096
1542,1712338217.27568,vehicle.toyota.prius,108.858543395996,-47.6539649963379,238.317047119141,19.5983478900482,-1.21419584751129,-1.35073852539063,15.788867873921,14.9233721830005
1543,1712338217.37748,vehicle.toyota.prius,108.855133056641,-47.1186370849609,238.30534362793,19.2222772771845,-1.19977045059204,-1.34408569335938,15.564233984715,14.971436818129
1544,1712338217.4786,vehicle.toyota.prius,108.854110717773,-46.595100402832,238.293823242187,18.7842782780885,-1.20461988449097,-1.33767700195313,15.3110923959138,14.9969109864629
1545,1712338217.57997,vehicle.toyota.prius,108.855430603027,-46.0845794677734,238.282730102539,18.3106312555851,-1.22616231441498,-1.33261108398438,15.0089148046401,14.9978112728262
1546,1712338217.68115,vehicle.toyota.prius,108.858833312988,-45.5820579528809,238.271697998047,18.0949512947919,-1.2309844493866,-1.32635498046875,14.7275559566271,14.9775421241113
1547,1712338217.78268,vehicle.toyota.prius,108.864379882813,-45.0815010070801,238.261123657227,17.9758937853094,-1.22918808460236,-1.32012939453125,18.2703717095038,15.2245043430157
1548,1712338217.88388,vehicle.toyota.prius,108.864379882813,-45.0815010070801,238.261123657227,17.9758937853094,-1.22918808460236,-1.32012939453125,14.4856153221071,15.1690876664476
1549,1712338217.98493,vehicle.toyota.prius,108.871688842773,-44.5858001708984,238.250106811523,17.7458242713604,-1.21245408058167,-1.31396484375,14.290127652099,15.1031656653714
1550,1712338218.08598,vehicle.toyota.prius,108.880104064941,-44.0979080200195,238.23991394043,17.4269112446875,-1.19977045059204,-1.30789184570313,14.138638920201,15.0308261594836
1551,1712338218.18731,vehicle.toyota.prius,108.889419555664,-43.6204528808594,238.230270385742,17.0150502348037,-1.19399893283844,-1.30197143554688,13.956510765298,14.9502525049197
1552,1712338218.28831,vehicle.toyota.prius,108.899711608887,-43.155933380127,238.220977783203,16.5130494677685,-1.19069993495941,-1.29620361328125,13.7151179610722,14.8576174141312
1553,1712338218.38991,vehicle.toyota.prius,108.899711608887,-43.155933380127,238.220977783203,16.5130494677685,-1.19069993495941,-1.29620361328125,13.7040293666738,14.7710983105718
1554,1712338218.49099,vehicle.toyota.prius,108.910820007324,-42.7066688537598,238.212020874023,15.9348373271519,-1.18785858154297,-1.29058837890625,13.3733870991871,14.666269969718
1555,1712338218.59204,vehicle.toyota.prius,108.922508239746,-42.2744407653809,238.203414916992,15.3027593821614,-1.18423175811768,-1.28521728515625,12.9779214422757,14.5396438301598
1556,1712338218.6931,vehicle.toyota.prius,108.93465423584,-41.8592414855957,238.195190429687,14.7219642432839,-1.17904770374298,-1.28005981445313,12.5420379603188,14.3898233899217
1557,1712338218.79417,vehicle.toyota.prius,108.94718170166,-41.4588356018066,238.187194824219,14.2135666397194,-1.17025721073151,-1.2755126953125,12.0846855404537,14.2169380512116
1558,1712338218.89524,vehicle.toyota.prius,108.960029602051,-41.0720252990723,238.179580688477,13.7371285823967,-1.16113209724426,-1.27120971679688,14.8551430535373,14.2648034263861
1559,1712338218.99674,vehicle.toyota.prius,108.960029602051,-41.0720252990723,238.179580688477,13.7371285823967,-1.16113209724426,-1.27120971679688,11.6432414598982,14.0681862788995
1560,1712338219.09778,vehicle.toyota.prius,108.973091125488,-40.6982650756836,238.172225952148,13.2676297866831,-1.15247142314911,-1.26657104492188,11.2276308825657,13.8551446241744
1561,1712338219.19891,vehicle.toyota.prius,108.986267089844,-40.3377113342285,238.165191650391,12.7893595299846,-1.14510846138,-1.2620849609375,10.837702590284,13.6288364716327
1562,1712338219.30008,vehicle.toyota.prius,108.999458312988,-39.9907493591309,238.158493041992,12.289920922448,-1.13973307609558,-1.25778198242188,10.4552596366929,13.3908182090122
1563,1712338219.40163,vehicle.toyota.prius,109.012588500977,-39.6573371887207,238.152038574219,11.8126076764523,-1.13396847248077,-1.25363159179688,10.0660168665755,13.1414581083294
1564,1712338219.50288,vehicle.toyota.prius,109.025566101074,-39.3372955322266,238.145889282227,11.3318801656031,-1.12863409519196,-1.2496337890625,12.3495306339063,13.0820635477477
1565,1712338219.60486,vehicle.toyota.prius,109.025566101074,-39.3372955322266,238.145889282227,11.3318801656031,-1.12863409519196,-1.2496337890625,9.67104544969419,12.8262371903937
1566,1712338219.70588,vehicle.toyota.prius,109.038299560547,-39.0318222045898,238.140075683594,10.7817969242264,-1.12575852870941,-1.245849609375,9.28212854565413,12.5604290420382
1567,1712338219.80699,vehicle.toyota.prius,109.050682067871,-38.7412223815918,238.134506225586,10.2551829738061,-1.12338161468506,-1.24221801757813,8.88315447192397,12.2846334492796
1568,1712338219.90953,vehicle.toyota.prius,109.062705993652,-38.4642028808594,238.129196166992,9.79532328289867,-1.11911273002625,-1.23876953125,8.46590538859381,11.9982288447282
1569,1712338220.01064,vehicle.toyota.prius,109.062705993652,-38.4642028808594,238.129196166992,9.79532328289867,-1.11911273002625,-1.23876953125,6.1969172358859,11.563130474065
1570,1712338220.11261,vehicle.toyota.prius,109.074409484863,-38.1980819702148,238.124099731445,9.43876205743943,-1.11401057243347,-1.2354736328125,8.08606058082762,11.3023502320722
1571,1712338220.21385,vehicle.toyota.prius,109.085800170898,-37.9421272277832,238.119216918945,9.07073238641462,-1.11004233360291,-1.23226928710938,7.7315112235335,11.0345373064318
1572,1712338220.31499,vehicle.toyota.prius,109.096748352051,-37.6979598999023,238.114608764648,8.6178276404235,-1.10903143882751,-1.229248046875,7.40174387814018,10.7620777993099
1573,1712338220.41612,vehicle.toyota.prius,109.107231140137,-37.4638748168945,238.110168457031,8.30297334259149,-1.10698914527893,-1.226318359375,7.11705793738805,10.4887013096658
1574,1712338220.51736,vehicle.toyota.prius,109.117324829102,-37.2403259277344,238.105926513672,7.89576492228249,-1.10656571388245,-1.22439575195313,8.70526751197649,10.3549437748391
1575,1712338220.61897,vehicle.toyota.prius,109.117324829102,-37.2403259277344,238.105926513672,7.89576492228249,-1.10656571388245,-1.22439575195313,6.81735031703921,10.0896242655041
1576,1712338220.72009,vehicle.toyota.prius,109.127029418945,-37.0266876220703,238.10188293457,7.56358512884327,-1.10568463802338,-1.22174072265625,6.51768747702215,9.82172900636797
1577,1712338220.82147,vehicle.toyota.prius,109.136352539063,-36.8215560913086,238.098007202148,7.28561340859267,-1.10353994369507,-1.21920776367188,6.2368779650422,9.55286517826853
1578,1712338220.92255,vehicle.toyota.prius,109.145385742188,-36.6225166320801,238.094207763672,7.10626233067205,-1.09994041919708,-1.21670532226563,5.98804544522613,9.28550369829035
1579,1712338221.02362,vehicle.toyota.prius,109.154197692871,-36.4271812438965,238.090515136719,6.99885960017508,-1.09631359577179,-1.21429443359375,5.78927447233749,9.02328650634389
1580,1712338221.12493,vehicle.toyota.prius,109.154197692871,-36.4271812438965,238.090515136719,6.99885960017508,-1.09631359577179,-1.21429443359375,5.79264630109072,8.7809884909499
1581,1712338221.22598,vehicle.toyota.prius,109.162925720215,-36.2341957092285,238.086853027344,6.9262403212075,-1.09228384494782,-1.21084594726563,5.64623574236783,8.54588203480624
1582,1712338221.32738,vehicle.toyota.prius,109.171569824219,-36.0429763793945,238.083190917969,6.86728573814538,-1.08966100215912,-1.20706176757813,5.54693717923465,8.32096117063838
1583,1712338221.42841,vehicle.toyota.prius,109.180076599121,-35.8547592163086,238.079635620117,6.70008897853622,-1.09026885032654,-1.20330810546875,5.47034079353992,8.10716464235599
1584,1712338221.53009,vehicle.toyota.prius,109.188034057617,-35.678108215332,238.076385498047,6.09973669775066,-1.10022044181824,-1.19979858398438,5.33074078811953,7.89893285328826
1585,1712338221.63122,vehicle.toyota.prius,109.188034057617,-35.678108215332,238.076385498047,6.09973669775066,-1.10022044181824,-1.19979858398438,5.33272143561924,7.70646699696308
1586,1712338221.73231,vehicle.toyota.prius,109.193298339844,-35.5583419799805,238.074600219727,2.25779774437093,-1.16372072696686,-1.19741821289063,4.81101136140829,7.48930782429647
1587,1712338221.8334,vehicle.toyota.prius,109.193672180176,-35.5492210388184,238.07487487793,0.0018513089473805,-1.22537004947662,-1.19723510742188,3.51673666765151,7.1913649875481
1588,1712338221.93483,vehicle.toyota.prius,109.193649291992,-35.548957824707,238.07453918457,0.0020109466945122,-1.18017470836639,-1.19723510742188,2.17632135414094,6.81523671504256
1589,1712338222.03622,vehicle.toyota.prius,109.193641662598,-35.5486793518066,238.074188232422,0.0013160144502109,-1.13284146785736,-1.19723510742188,0.921605259673519,6.37321435588988
1590,1712338222.14187,vehicle.toyota.prius,109.193641662598,-35.5485191345215,238.073974609375,0.0021628915036577,-1.1052542924881,-1.19723510742188,0.914595101010199,5.9638179117739
1591,1712338222.24308,vehicle.toyota.prius,109.193618774414,-35.548469543457,238.073913574219,0.0007842348057872,-1.09701716899872,-1.19723510742188,0.0697873725236611,5.52176562133014
1592,1712338222.34477,vehicle.toyota.prius,109.193618774414,-35.548469543457,238.073913574219,0.0007842348057872,-1.09701716899872,-1.19723510742188,0.00859829673003817,5.10827807198513
1593,1712338222.44627,vehicle.toyota.prius,109.193588256836,-35.5484313964844,238.073883056641,0.0010933232098184,-1.09114992618561,-1.19723510742188,0.00593672829551527,4.72560247120841
1594,1712338222.54738,vehicle.toyota.prius,109.193572998047,-35.5484085083008,238.073867797852,0.0014083062544714,-1.08791935443878,-1.19723510742188,0.00299423937166755,4.37140685382065
1595,1712338222.6492,vehicle.toyota.prius,109.193572998047,-35.5484008789062,238.073837280273,0.0016990950317303,-1.08633470535278,-1.19723510742188,0.00137518842969333,4.04365447891633
1596,1712338222.75044,vehicle.toyota.prius,109.193565368652,-35.5483932495117,238.073837280273,0.0010774809413619,-1.08548092842102,-1.19723510742188,0.000854229589044348,3.74044446021678
1597,1712338222.85162,vehicle.toyota.prius,109.193565368652,-35.5483932495117,238.073837280273,0.0010774809413619,-1.08548092842102,-1.19723510742188,0.00085508667316955,3.45997525720101
1598,1712338222.95267,vehicle.toyota.prius,109.193565368652,-35.5483894348145,238.073822021484,0.0004118418904035,-1.084832072258,-1.19723510742188,0.000551116749475226,3.20051844666715
1599,1712338223.05375,vehicle.toyota.prius,109.193565368652,-35.5483894348145,238.073822021484,0.0003279642759699,-1.084832072258,-1.19723510742188,0.000356709890110108,2.96050631640887
1600,1712338223.15517,vehicle.toyota.prius,109.193572998047,-35.5483894348145,238.073822021484,0.0003716368707117,-1.08486616611481,-1.19723510742188,0.000135708355043534,2.73847852080483
1601,1712338223.25624,vehicle.toyota.prius,109.193565368652,-35.5483894348145,238.073822021484,0.000106592868677,-1.08474326133728,-1.19723510742188,0.000111946061901826,2.53310102769911
1602,1712338223.35748,vehicle.toyota.prius,109.193565368652,-35.5483894348145,238.073822021484,0.0002253896561783,-1.08474326133728,-1.19723510742188,0.000111933399012515,2.34312684562661
1603,1712338223.45955,vehicle.toyota.prius,109.193565368652,-35.5483894348145,238.073822021484,0.0002253896561783,-1.08474326133728,-1.19723510742188,0,2.16739233220461
1604,1712338223.5607,vehicle.toyota.prius,109.193565368652,-35.5483894348145,238.073822021484,0.001651992322711,-1.08502328395844,-1.19723510742188,0,2.00483790728926
1605,1712338223.66188,vehicle.toyota.prius,109.193565368652,-35.5483894348145,238.073837280273,0.0014782939880768,-1.08520090579987,-1.19723510742188,0.000121203623486163,1.85448415451433
1606,1712338223.76294,vehicle.toyota.prius,109.193565368652,-35.5483894348145,238.073837280273,0,-1.08520090579987,-1.19723510742188,0.000108410315905425,1.71540597369945
1607,1712338223.86404,vehicle.toyota.prius,109.193572998047,-35.5483894348145,238.073822021484,0.0003849979736693,-1.08508479595184,-1.19723510742188,5.42201847816367E-05,1.58675459218585
1608,1712338223.9653,vehicle.toyota.prius,109.193572998047,-35.5483894348145,238.073822021484,0.0003849979736693,-1.08508479595184,-1.19723510742188,5.43063215952482E-05,1.46775207074603
1609,1712338224.06639,vehicle.toyota.prius,109.193565368652,-35.5483894348145,238.073822021484,0.0002003116402671,-1.084832072258,-1.19723510742188,0,1.35767066544008
1610,1712338224.16741,vehicle.toyota.prius,109.193572998047,-35.5483894348145,238.073822021484,0.0003641369309372,-1.084832072258,-1.19723510742188,0.000121489153075102,1.25585447721855
1611,1712338224.26862,vehicle.toyota.prius,109.193565368652,-35.5483894348145,238.073822021484,0.0001773885016303,-1.08474326133728,-1.19723510742188,0.000108627800593892,1.16167353851221
1612,1712338224.36963,vehicle.toyota.prius,109.193565368652,-35.5483894348145,238.073837280273,0.0012311873065887,-1.08516669273376,-1.19723510742188,0.000121472424437427,1.07455713355562
1613,1712338224.47077,vehicle.toyota.prius,109.193565368652,-35.5483894348145,238.073837280273,0.0012311873065887,-1.08516669273376,-1.19723510742188,0.000121502390296285,0.993974461218223
1614,1712338224.57196,vehicle.toyota.prius,109.193572998047,-35.5483894348145,238.073822021484,0.0003456832861052,-1.08486616611481,-1.19723510742188,5.43264766591858E-05,0.919430451112606
1615,1712338224.6731,vehicle.toyota.prius,109.193565368652,-35.5483894348145,238.073822021484,0.0005297807141549,-1.08492767810822,-1.19723510742188,5.43130041456098E-05,0.850477240754472
1616,1712338224.77412,vehicle.toyota.prius,109.193572998047,-35.5483894348145,238.073822021484,0.0006792165333141,-1.08505058288574,-1.19723510742188,5.43340867156931E-05,0.78669552275439
1617,1712338224.87524,vehicle.toyota.prius,109.193572998047,-35.5483932495117,238.073837280273,0.0013543948278683,-1.08520090579987,-1.19723510742188,6.07337779232174E-05,0.727697913581155
1618,1712338224.97658,vehicle.toyota.prius,109.193565368652,-35.5483932495117,238.073837280273,0.0018858676171667,-1.08529651165009,-1.19723510742188,2.71500634915547E-05,0.67312260631733
1619,1712338225.07828,vehicle.toyota.prius,109.193565368652,-35.5483894348145,238.073822021484,0.00095827192723,-1.08477056026459,-1.19723510742188,5.42459204901722E-05,0.622642479287567
1620,1712338225.18003,vehicle.toyota.prius,109.193565368652,-35.5483894348145,238.073822021484,0.00095827192723,-1.08477056026459,-1.19723510742188,0,0.575944293341
1621,1712338225.28119,vehicle.toyota.prius,109.193565368652,-35.5483894348145,238.073822021484,0.0012945438663396,-1.08486616611481,-1.19723510742188,5.41663923866126E-05,0.532752533819854
1622,1712338225.38279,vehicle.toyota.prius,109.193565368652,-35.5483894348145,238.073822021484,0.0009558792605644,-1.08486616611481,-1.19723510742188,0.000123992679302323,0.492805393234312
1623,1712338225.4839,vehicle.toyota.prius,109.193565368652,-35.5483894348145,238.073822021484,0.0003718005999483,-1.08464765548706,-1.19723510742188,0.000111611670291281,0.455853359617011
1624,1712338225.58522,vehicle.toyota.prius,109.193565368652,-35.5483894348145,238.073822021484,0.0003493612202576,-1.08464765548706,-1.19723510742188,0,0.421664357645735
1625,1712338225.68624,vehicle.toyota.prius,109.193565368652,-35.5483894348145,238.073822021484,0.0003493612202576,-1.08464765548706,-1.19723510742188,0,0.390039530822305
1626,1712338225.78762,vehicle.toyota.prius,109.193565368652,-35.5483894348145,238.073822021484,0.0002010013330262,-1.08464765548706,-1.19723510742188,0,0.360786566010632
1627,1712338225.88881,vehicle.toyota.prius,109.193565368652,-35.5483894348145,238.073822021484,0.0014513409894096,-1.08464765548706,-1.19723510742188,0,0.333727573559834
1628,1712338225.98996,vehicle.toyota.prius,109.193565368652,-35.5483894348145,238.073822021484,0.0001240156461319,-1.08498919010162,-1.19723510742188,0,0.308698005542847
1629,1712338226.09136,vehicle.toyota.prius,109.193565368652,-35.5483894348145,238.073822021484,0.0002938186550423,-1.08490037918091,-1.19723510742188,0,0.285545655127133
1630,1712338226.19319,vehicle.toyota.prius,109.193565368652,-35.5483894348145,238.073822021484,0.0001347185947904,-1.08502328395844,-1.19723510742188,0,0.264129730992598
1631,1712338226.29423,vehicle.toyota.prius,109.193565368652,-35.5483894348145,238.073822021484,0.0001347185947904,-1.08502328395844,-1.19723510742188,0,0.244320001168153
1632,1712338226.39527,vehicle.toyota.prius,109.193565368652,-35.5483894348145,238.073822021484,0.0001078721988616,-1.08502328395844,-1.19723510742188,0,0.225996001080542
1633,1712338226.4963,vehicle.toyota.prius,109.193565368652,-35.5483894348145,238.073837280273,0.0002461983185377,-1.08510529994965,-1.19723510742188,0.000108486987716037,0.20905443752358
1634,1712338226.59753,vehicle.toyota.prius,109.193565368652,-35.5483894348145,238.073822021484,0.0005901261952677,-1.08490037918091,-1.19723510742188,0,0.193375354709312
1635,1712338226.69856,vehicle.toyota.prius,109.193565368652,-35.5483894348145,238.073837280273,0.0008800078918124,-1.08513939380646,-1.19723510742188,0.000108696318606105,0.178880355330009
1636,1712338226.79985,vehicle.toyota.prius,109.193565368652,-35.5483894348145,238.073837280273,0.0008800078918124,-1.08513939380646,-1.19723510742188,0.000108641169425454,0.165472476767965
1637,1712338226.90135,vehicle.toyota.prius,109.193565368652,-35.5483894348145,238.073837280273,0,-1.08513939380646,-1.19723510742188,0.000108543514487707,0.153070181773954
1638,1712338227.00263,vehicle.toyota.prius,109.193572998047,-35.5483932495117,238.073837280273,0.0013041956448186,-1.08532381057739,-1.19723510742188,6.06481260186835E-05,0.141594466750359
1639,1712338227.104,vehicle.toyota.prius,109.193572998047,-35.5483894348145,238.073822021484,0.0014412540678908,-1.08492767810822,-1.19723510742188,5.42297562250064E-05,0.130978948975799
1640,1712338227.20528,vehicle.toyota.prius,109.193565368652,-35.5483894348145,238.073822021484,0.0015187529157836,-1.08502328395844,-1.19723510742188,0.000108406949323443,0.121163658323813
1641,1712338227.30641,vehicle.toyota.prius,109.193572998047,-35.5483894348145,238.073837280273,0.0011757298029046,-1.08516669273376,-1.19723510742188,5.4220950372769E-05,0.112080450520805
1642,1712338227.40749,vehicle.toyota.prius,109.193565368652,-35.5483894348145,238.073822021484,0.000688289096834,-1.084832072258,-1.19723510742188,0.000108530067431298,0.103682556486802
1643,1712338227.50881,vehicle.toyota.prius,109.193565368652,-35.5483894348145,238.073822021484,0.000688289096834,-1.084832072258,-1.19723510742188,0.000124328086191913,0.0959156893567564
1644,1712338227.60984,vehicle.toyota.prius,109.193565368652,-35.5483894348145,238.073822021484,0.0012503572105329,-1.08502328395844,-1.19723510742188,5.42983354166549E-05,0.0887260850301559
1645,1712338227.71088,vehicle.toyota.prius,109.193565368652,-35.5483894348145,238.073822021484,0.0007480876714017,-1.08470916748047,-1.19723510742188,0,0.0820716286528942
1646,1712338227.81191,vehicle.toyota.prius,109.193565368652,-35.5483894348145,238.073822021484,0.0004337019086372,-1.08470916748047,-1.19723510742188,0.000121492648338089,0.0759253684525525
1647,1712338227.91315,vehicle.toyota.prius,109.193565368652,-35.5483894348145,238.073822021484,0.0004171008722122,-1.08470916748047,-1.19723510742188,0,0.0702309658186111
1648,1712338228.0144,vehicle.toyota.prius,109.193565368652,-35.5483894348145,238.073822021484,0.0009374993366697,-1.08505058288574,-1.19723510742188,0,0.0649636433822152
1649,1712338228.11595,vehicle.toyota.prius,109.193565368652,-35.5483894348145,238.073822021484,0.0009374993366697,-1.08505058288574,-1.19723510742188,0,0.0600913701285491
1650,1712338228.21713,vehicle.toyota.prius,109.193565368652,-35.5483894348145,238.073822021484,0.0004350289905219,-1.08505058288574,-1.19723510742188,0,0.0555845173689079
1651,1712338228.31867,vehicle.toyota.prius,109.193565368652,-35.5483894348145,238.073822021484,0.0002990905719557,-1.08505058288574,-1.19723510742188,0,0.0514156785662398
1652,1712338228.4201,vehicle.toyota.prius,109.193572998047,-35.5483894348145,238.073822021484,0.0001172168504934,-1.08505058288574,-1.19723510742188,5.4178900422285E-05,0.0475635660913035
1653,1712338228.52149,vehicle.toyota.prius,109.193565368652,-35.5483894348145,238.073822021484,0.0002362423406774,-1.08498919010162,-1.19723510742188,0,0.0439962986344557
1654,1712338228.62255,vehicle.toyota.prius,109.193565368652,-35.5483894348145,238.073822021484,0.0004768781733445,-1.08498919010162,-1.19723510742188,0,0.0406965762368716
1655,1712338228.72409,vehicle.toyota.prius,109.193565368652,-35.5483894348145,238.073822021484,0.0004768781733445,-1.08498919010162,-1.19723510742188,0,0.0376443330191062
1656,1712338228.82524,vehicle.toyota.prius,109.193565368652,-35.5483894348145,238.073822021484,0.0002058431753126,-1.08486616611481,-1.19723510742188,0,0.0348210080426732
1657,1712338228.92644,vehicle.toyota.prius,109.193565368652,-35.5483894348145,238.073822021484,0.0001368189657747,-1.08486616611481,-1.19723510742188,5.42442346665863E-05,0.0322135007570727
1658,1712338229.02755,vehicle.toyota.prius,109.193565368652,-35.5483894348145,238.073822021484,0.0011570413970903,-1.08505058288574,-1.19723510742188,0,0.0297974882002923
1659,1712338229.12867,vehicle.toyota.prius,109.193565368652,-35.5483894348145,238.073822021484,0.0010074402186635,-1.08505058288574,-1.19723510742188,0,0.0275626765852704
1660,1712338229.23009,vehicle.toyota.prius,109.193565368652,-35.5483894348145,238.073822021484,0.0010074402186635,-1.08505058288574,-1.19723510742188,0,0.0254954758413751
1661,1712338229.33103,vehicle.toyota.prius,109.193565368652,-35.5483894348145,238.073822021484,0.0005424108284956,-1.08505058288574,-1.19723510742188,0,0.0235833151532719
1662,1712338229.43205,vehicle.toyota.prius,109.193565368652,-35.5483894348145,238.073822021484,0.000106295976534,-1.08490037918091,-1.19723510742188,0,0.0218145665167766
1663,1712338229.53326,vehicle.toyota.prius,109.193565368652,-35.5483894348145,238.073822021484,0.0004003734846661,-1.08498919010162,-1.19723510742188,0,0.0201784740280183
1664,1712338229.63428,vehicle.toyota.prius,109.193565368652,-35.5483894348145,238.073837280273,0.0002079274388121,-1.08510529994965,-1.19723510742188,0.0001086446018019,0.0186732368210521
1665,1712338229.73532,vehicle.toyota.prius,109.193565368652,-35.5483894348145,238.073837280273,0.0002079274388121,-1.08510529994965,-1.19723510742188,0.000108725145554773,0.0172808984453898
1666,1712338229.8363,vehicle.toyota.prius,109.193565368652,-35.5483894348145,238.073822021484,0.0010256706104507,-1.08502328395844,-1.19723510742188,0,0.0159848310619855
1667,1712338229.93736,vehicle.toyota.prius,109.193565368652,-35.5483894348145,238.073822021484,0,-1.08502328395844,-1.19723510742188,0,0.0147859687323366
1668,1712338230.0387,vehicle.toyota.prius,109.193565368652,-35.5483932495117,238.073837280273,0.0010167062538814,-1.08544671535492,-1.19723510742188,0.000112024952862448,0.0136854229488761
1669,1712338230.1403,vehicle.toyota.prius,109.193565368652,-35.5483932495117,238.073837280273,0.0015455653449578,-1.08544671535492,-1.19723510742188,2.71387681543517E-05,0.0126610516353219
1670,1712338230.24133,vehicle.toyota.prius,109.193565368652,-35.5483894348145,238.073837280273,0.0009106345342622,-1.08522820472717,-1.19723510742188,0,0.0117114727626728
1671,1712338230.34237,vehicle.toyota.prius,109.193565368652,-35.5483894348145,238.073837280273,0.0009106345342622,-1.08522820472717,-1.19723510742188,0.000108544230394008,0.0108412531227519
1672,1712338230.44348,vehicle.toyota.prius,109.193565368652,-35.5483894348145,238.073822021484,0.0015511631167761,-1.08490037918091,-1.19723510742188,0,0.0100281591385455
1673,1712338230.54453,vehicle.toyota.prius,109.193565368652,-35.5483894348145,238.073822021484,0.0004370424870437,-1.08455884456635,-1.19723510742188,0.000111939993909871,0.00928444270269782
1674,1712338230.64573,vehicle.toyota.prius,109.193565368652,-35.5483894348145,238.073822021484,0.0008223631826522,-1.08490037918091,-1.19723510742188,0.000112029233261005,0.00859651169249006
1675,1712338230.74707,vehicle.toyota.prius,109.193565368652,-35.5483894348145,238.073822021484,0.0001335853575923,-1.08470916748047,-1.19723510742188,0.000108616483197608,0.00795991955179312
1676,1712338230.84823,vehicle.toyota.prius,109.193565368652,-35.5483894348145,238.073822021484,0.000297668609556,-1.08470916748047,-1.19723510742188,0.000108590733388468,0.00737106989041278
1677,1712338230.94927,vehicle.toyota.prius,109.193565368652,-35.5483894348145,238.073822021484,0.000297668609556,-1.08470916748047,-1.19723510742188,0,0.00681823964863182
1678,1712338231.05041,vehicle.toyota.prius,109.193565368652,-35.5483894348145,238.073822021484,0.0001685799195875,-1.08470916748047,-1.19723510742188,0,0.00630687167498443
1679,1712338231.15138,vehicle.toyota.prius,109.193565368652,-35.5483894348145,238.073822021484,0.0001521938876881,-1.08470916748047,-1.19723510742188,0,0.0058338562993606
1680,1712338231.25239,vehicle.toyota.prius,109.193565368652,-35.5483894348145,238.073822021484,0.0003128344380604,-1.08492767810822,-1.19723510742188,0,0.00539631707690855
1681,1712338231.35378,vehicle.toyota.prius,109.193565368652,-35.5483894348145,238.073822021484,0.0003391272602379,-1.08477056026459,-1.19723510742188,0,0.00499159329614041
1682,1712338231.45507,vehicle.toyota.prius,109.193565368652,-35.5483894348145,238.073822021484,0.0003321093841478,-1.08477056026459,-1.19723510742188,0,0.00461722379892988
1683,1712338231.55643,vehicle.toyota.prius,109.193565368652,-35.5483894348145,238.073822021484,0.0003321093841478,-1.08477056026459,-1.19723510742188,0,0.00427093201401014
1684,1712338231.6578,vehicle.toyota.prius,109.193565368652,-35.5483894348145,238.073822021484,0.000644759041974,-1.08492767810822,-1.19723510742188,0,0.00395061211295938
1685,1712338231.75917,vehicle.toyota.prius,109.193565368652,-35.5483894348145,238.073837280273,0.0001920046466365,-1.08522820472717,-1.19723510742188,0.000108393332102702,0.00366244570439513
1686,1712338231.86045,vehicle.toyota.prius,109.193565368652,-35.5483894348145,238.073837280273,0.0003908233586217,-1.08522820472717,-1.19723510742188,0.000108417406815072,0.00339589358207662
1687,1712338231.96151,vehicle.toyota.prius,109.193565368652,-35.5483894348145,238.073822021484,0.0003502078774459,-1.08490037918091,-1.19723510742188,0,0.00314120156342088
1688,1712338232.06315,vehicle.toyota.prius,109.193565368652,-35.5483894348145,238.073822021484,0.0003502078774459,-1.08490037918091,-1.19723510742188,0,0.00290561144616431
1689,1712338232.1642,vehicle.toyota.prius,109.193565368652,-35.5483894348145,238.073822021484,0.0007388093711799,-1.08480477333069,-1.19723510742188,0,0.00268769058770199
1690,1712338232.26552,vehicle.toyota.prius,109.193565368652,-35.5483894348145,238.073822021484,0.0001751287731646,-1.08496177196503,-1.19723510742188,0.000108486579056933,0.00249425028705361
1691,1712338232.3667,vehicle.toyota.prius,109.193565368652,-35.5483894348145,238.073822021484,0.0006090233133662,-1.08496177196503,-1.19723510742188,0.00010850681137892,0.00231531952637801
1692,1712338232.46927,vehicle.toyota.prius,109.193565368652,-35.5483894348145,238.073822021484,0.0001090042531364,-1.08496177196503,-1.19723510742188,0,0.00214167056189966
1693,1712338232.57137,vehicle.toyota.prius,109.193565368652,-35.5483894348145,238.073822021484,0.0001090042531364,-1.08496177196503,-1.19723510742188,0,0.00198104526975718
1694,1712338232.67244,vehicle.toyota.prius,109.193565368652,-35.5483932495117,238.073837280273,0.0003272790244977,-1.08532381057739,-1.19723510742188,0.000111409671959449,0.00184082259992235
1695,1712338232.77348,vehicle.toyota.prius,109.193565368652,-35.5483894348145,238.073837280273,0.0011800093960673,-1.08510529994965,-1.19723510742188,0.000108141800735048,0.0017108715399833
1696,1712338232.87451,vehicle.toyota.prius,109.193565368652,-35.5483894348145,238.073822021484,0.0011653742102492,-1.08510529994965,-1.19723510742188,0,0.00158255617448456
1697,1712338232.9758,vehicle.toyota.prius,109.193565368652,-35.5483894348145,238.073822021484,0,-1.08510529994965,-1.19723510742188,0,0.00146386446139821
1698,1712338233.07704,vehicle.toyota.prius,109.193565368652,-35.5483894348145,238.073822021484,0,-1.08510529994965,-1.19723510742188,0,0.00135407462679335
1699,1712338233.17807,vehicle.toyota.prius,109.193565368652,-35.5483894348145,238.073822021484,0.0003780117287196,-1.08477056026459,-1.19723510742188,0.000111982430870822,0.00126091771209916
1700,1712338233.27912,vehicle.toyota.prius,109.193565368652,-35.5483894348145,238.073822021484,0.0001372929468423,-1.08490037918091,-1.19723510742188,0.000108638044614612,0.00117449673703782
1701,1712338233.3804,vehicle.toyota.prius,109.193565368652,-35.5483894348145,238.073822021484,0.0004711404842778,-1.084832072258,-1.19723510742188,0,0.00108640948175998
1702,1712338233.48169,vehicle.toyota.prius,109.193565368652,-35.5483894348145,238.073822021484,0.0002534929434616,-1.084832072258,-1.19723510742188,0,0.00100492877062798
1703,1712338233.58279,vehicle.toyota.prius,109.193550109863,-35.5483894348145,238.073822021484,0.0003739497745294,-1.084832072258,-1.19723510742188,0.000108613974432346,0.00093770516091331
1704,1712338233.68443,vehicle.toyota.prius,109.193550109863,-35.5483894348145,238.073822021484,0.0003739497745294,-1.084832072258,-1.19723510742188,0.000108484331688961,0.000875513598721484
1705,1712338233.7855,vehicle.toyota.prius,109.193550109863,-35.5483894348145,238.073822021484,0.0005209610136948,-1.08498919010162,-1.19723510742188,0.000108478202425787,0.000817985943999306
1706,1712338233.88675,vehicle.toyota.prius,109.193565368652,-35.5483894348145,238.073822021484,0.0003214068175705,-1.08480477333069,-1.19723510742188,0,0.000756636998199359
1707,1712338233.98782,vehicle.toyota.prius,109.193565368652,-35.5483894348145,238.073822021484,0.0003045050579621,-1.08480477333069,-1.19723510742188,0,0.000699889223334407
1708,1712338234.08908,vehicle.toyota.prius,109.193565368652,-35.5483894348145,238.073822021484,0.0003045050579621,-1.08480477333069,-1.19723510742188,0.000108498891465319,0.000655534948444225
1709,1712338234.19009,vehicle.toyota.prius,109.193565368652,-35.5483894348145,238.073822021484,0.0002410122731437,-1.08480477333069,-1.19723510742188,0.000108632359146878,0.000614517254246924
1710,1712338234.2912,vehicle.toyota.prius,109.193565368652,-35.5483894348145,238.073822021484,0.0001451535288778,-1.08492767810822,-1.19723510742188,0.00010862600829122,0.000576575410800246
1711,1712338234.3926,vehicle.toyota.prius,109.193565368652,-35.5483894348145,238.073822021484,0.0003961404586985,-1.08492767810822,-1.19723510742188,0,0.000533332254990228
1712,1712338234.49396,vehicle.toyota.prius,109.193565368652,-35.5483894348145,238.073837280273,0.0005028138923759,-1.08513939380646,-1.19723510742188,0.000108530271924315,0.000501472106260284
1713,1712338234.59498,vehicle.toyota.prius,109.193565368652,-35.5483894348145,238.073837280273,0.0008439210687453,-1.08513939380646,-1.19723510742188,0.000108582545153583,0.000472005389177282
1714,1712338234.69663,vehicle.toyota.prius,109.193565368652,-35.5483894348145,238.073837280273,0.0008439210687453,-1.08513939380646,-1.19723510742188,0.000108445881819804,0.000444738426125471
1715,1712338234.79804,vehicle.toyota.prius,109.193565368652,-35.5483932495117,238.073837280273,0.000233416142581,-1.08529651165009,-1.19723510742188,0.000111715466774186,0.000419761704174124
1716,1712338234.89903,vehicle.toyota.prius,109.193565368652,-35.5483894348145,238.073837280273,0.000331310497049,-1.08516669273376,-1.19723510742188,0.000108466405341804,0.0003964145567617
1717,1712338235.0001,vehicle.toyota.prius,109.193565368652,-35.5483894348145,238.073822021484,0.0007272074851084,-1.08498919010162,-1.19723510742188,0.000108529249466938,0.000374823158714593
1718,1712338235.10138,vehicle.toyota.prius,109.193550109863,-35.5483894348145,238.073822021484,0.0007647911277685,-1.08505058288574,-1.19723510742188,0.00015340513342293,0.000358216806817718
1719,1712338235.20244,vehicle.toyota.prius,109.193550109863,-35.5483894348145,238.073822021484,0.0007647911277685,-1.08505058288574,-1.19723510742188,0.000153585616941118,0.000342869467576973
1720,1712338235.3036,vehicle.toyota.prius,109.193565368652,-35.5483894348145,238.073822021484,0.0010500493327687,-1.08486616611481,-1.19723510742188,0.0001120001224358,0.000325554266691385
1721,1712338235.40472,vehicle.toyota.prius,109.193565368652,-35.5483894348145,238.073822021484,0.0009453496128703,-1.08486616611481,-1.19723510742188,0.000108629183423887,0.000309284885446323
1722,1712338235.50585,vehicle.toyota.prius,109.193565368652,-35.5483894348145,238.073822021484,0.0002629556783498,-1.08490037918091,-1.19723510742188,0,0.000286088519037849
1723,1712338235.60739,vehicle.toyota.prius,109.193565368652,-35.5483894348145,238.073822021484,0.000105768229058,-1.08490037918091,-1.19723510742188,0.000108559215659667,0.000272773821284485
1724,1712338235.70941,vehicle.toyota.prius,109.193565368652,-35.5483894348145,238.073822021484,0.000105768229058,-1.08490037918091,-1.19723510742188,0.000108352093513876,0.00026044219170169
1725,1712338235.8107,vehicle.toyota.prius,109.193565368652,-35.5483894348145,238.073837280273,0.0007115343859684,-1.08510529994965,-1.19723510742188,0.000108324074964983,0.000249033332946437
1726,1712338235.91173,vehicle.toyota.prius,109.193603515625,-35.546932220459,238.073776245117,0.154431032089498,-1.08306300640106,-1.19720458984375,0.010355381272515,0.00100700942841408
1727,1712338236.01323,vehicle.toyota.prius,109.19367980957,-35.5444221496582,238.073699951172,0.194843595216787,-1.08193600177765,-1.1971435546875,0.0281736415566318,0.00304450683803041
1728,1712338236.11456,vehicle.toyota.prius,109.193809509277,-35.5408592224121,238.073654174805,0.229557308300947,-1.08160138130188,-1.19708251953125,0.0534919474794331,0.00682806488613561
1729,1712338236.21577,vehicle.toyota.prius,109.193962097168,-35.5364265441895,238.073593139648,0.261469812353525,-1.08199751377106,-1.19699096679688,0.0851137095876289,0.0126994882387476
1730,1712338236.31741,vehicle.toyota.prius,109.193962097168,-35.5364265441895,238.073593139648,0.261469812353525,-1.08199751377106,-1.19699096679688,0.0850569405488053,0.0181262971620019
1731,1712338236.41853,vehicle.toyota.prius,109.194160461426,-35.5311431884766,238.073486328125,0.289201200157547,-1.08242094516754,-1.1968994140625,0.112244058087093,0.0251851292313837
1732,1712338236.51985,vehicle.toyota.prius,109.19465637207,-35.5194664001465,238.0732421875,0.516860273651177,-1.07687485218048,-1.1966552734375,0.177500142341535,0.0366087552146451
1733,1712338236.62091,vehicle.toyota.prius,109.195381164551,-35.502628326416,238.072906494141,0.658325857462007,-1.07546782493591,-1.19631958007813,0.272094512853119,0.0542701870375307
1734,1712338236.72234,vehicle.toyota.prius,109.196220397949,-35.4830055236816,238.072509765625,0.736391693004117,-1.07635581493378,-1.1959228515625,0.380060363819574,0.078704450296184
1735,1712338236.82382,vehicle.toyota.prius,109.197113037109,-35.4617919921875,238.072128295898,0.782476715531216,-1.0785756111145,-1.19552612304688,0.53114074442417,0.112637172355783
1736,1712338236.92489,vehicle.toyota.prius,109.198066711426,-35.439582824707,238.071731567383,0.812285509849658,-1.08044028282166,-1.195068359375,0.651668129845589,0.153064494167518
1737,1712338237.02686,vehicle.toyota.prius,109.198066711426,-35.439582824707,238.071731567383,0.812285509849658,-1.08044028282166,-1.195068359375,0.567831188348483,0.184171996231091
1738,1712338237.12794,vehicle.toyota.prius,109.199028015137,-35.4166946411133,238.071304321289,0.833679055210481,-1.0822434425354,-1.19461059570313,0.610802180812004,0.216169260074659
1739,1712338237.22909,vehicle.toyota.prius,109.199775695801,-35.3991622924805,238.071029663086,0.604613650870631,-1.08898484706879,-1.19427490234375,0.59625643019769,0.244675797833887
1740,1712338237.33069,vehicle.toyota.prius,109.200241088867,-35.3880004882812,238.070877075195,0.435534219018207,-1.09304881095886,-1.19406127929688,0.524639443184123,0.265673071235154
1741,1712338237.43173,vehicle.toyota.prius,109.200592041016,-35.3796463012695,238.070678710937,0.369646528588645,-1.09207201004028,-1.19387817382813,0.426160459039979,0.277709625320516
1742,1712338237.53359,vehicle.toyota.prius,109.200592041016,-35.3796463012695,238.070678710937,0.369646528588645,-1.09207201004028,-1.19387817382813,0.426256303251523,0.288850626165342
1743,1712338237.63468,vehicle.toyota.prius,109.200668334961,-35.3692359924316,238.070465087891,0.39403520933039,-1.08666932582855,-1.19366455078125,0.337411014922116,0.2924926553221
1744,1712338237.73577,vehicle.toyota.prius,109.201171875,-35.3585624694824,238.070251464844,0.398965151216558,-1.08492767810822,-1.1934814453125,0.288686941609023,0.292207226793619
1745,1712338237.83682,vehicle.toyota.prius,109.202079772949,-35.3430786132812,238.069915771484,0.687605136220323,-1.07845950126648,-1.19314575195313,0.319861727357541,0.294281314335913
1746,1712338237.93813,vehicle.toyota.prius,109.203437805176,-35.3127632141113,238.069229125977,1.5087795409219,-1.06475818157196,-1.19256591796875,0.476015403488446,0.307911371022353
1747,1712338238.03919,vehicle.toyota.prius,109.205635070801,-35.2627029418945,238.068222045898,1.97509154590674,-1.05434894561768,-1.19155883789063,0.833611594531017,0.347338887785503
1748,1712338238.14089,vehicle.toyota.prius,109.205635070801,-35.2627029418945,238.068222045898,1.97509154590674,-1.05434894561768,-1.19155883789063,0.758614820489241,0.378184582738283
1749,1712338238.24195,vehicle.toyota.prius,109.208923339844,-35.1888427734375,238.066757202148,2.96844356020337,-1.04385089874268,-1.19009399414063,1.20858076968618,0.440464296759376
1750,1712338238.34295,vehicle.toyota.prius,109.212936401367,-35.0935935974121,238.064910888672,3.80373512104689,-1.03936350345612,-1.18820190429688,1.77656743050906,0.540672031790602
1751,1712338238.44399,vehicle.toyota.prius,109.218109130859,-34.9719581604004,238.062576293945,4.80683348246322,-1.03341436386108,-1.185791015625,2.428092311453,0.682228552765282
1752,1712338238.54531,vehicle.toyota.prius,109.224449157715,-34.8230819702148,238.05973815918,5.74552876984552,-1.02987635135651,-1.18283081054688,3.13047020430123,0.865846676630478
1753,1712338238.64637,vehicle.toyota.prius,109.231811523438,-34.6497535705566,238.05647277832,6.59670201151178,-1.02996516227722,-1.17941284179688,4.37013130760957,1.12866802395391
1754,1712338238.74811,vehicle.toyota.prius,109.231811523438,-34.6497535705566,238.05647277832,6.59670201151178,-1.02996516227722,-1.17941284179688,3.83833788126059,1.33189326325191
1755,1712338238.8492,vehicle.toyota.prius,109.240127563477,-34.4535675048828,238.052780151367,7.40487442596542,-1.0324991941452,-1.17550659179688,4.55623260662348,1.57371871400478
1756,1712338238.95019,vehicle.toyota.prius,109.249267578125,-34.2365455627441,238.048721313477,8.09093287313058,-1.03634452819824,-1.17120361328125,5.23578278624511,1.8483735194228
1757,1712338239.05126,vehicle.toyota.prius,109.258949279785,-34.0037689208984,238.044387817383,8.57667532977659,-1.0434547662735,-1.16659545898438,5.83579234886598,2.14742993163104
1758,1712338239.1523,vehicle.toyota.prius,109.258949279785,-34.0037689208984,238.044387817383,8.57667532977659,-1.0434547662735,-1.16659545898438,4.60144982335327,2.33148142351021
1759,1712338239.25336,vehicle.toyota.prius,109.268936157227,-33.7597312927246,238.039840698242,8.94582132948534,-1.05196523666382,-1.1617431640625,6.34815887253807,2.6327322321873
1760,1712338239.35436,vehicle.toyota.prius,109.279228210449,-33.5059089660645,238.035079956055,9.29269668352687,-1.05810546875,-1.15670776367188,6.7603772657456,2.94230560970417
1761,1712338239.45552,vehicle.toyota.prius,109.289695739746,-33.2427177429199,238.03010559082,9.61556594884444,-1.06161630153656,-1.1514892578125,7.08710839400955,3.25316581852708
1762,1712338239.55686,vehicle.toyota.prius,109.300262451172,-32.9709930419922,238.025009155273,9.91715601236761,-1.06405460834503,-1.14608764648438,7.36092208713956,3.56124753867301
1763,1712338239.6582,vehicle.toyota.prius,109.310859680176,-32.6906127929688,238.019714355469,10.2408550345269,-1.06466245651245,-1.14053344726563,9.35345182967747,3.99566286049835
1764,1712338239.75993,vehicle.toyota.prius,109.310859680176,-32.6906127929688,238.019714355469,10.2408550345269,-1.06466245651245,-1.14053344726563,7.60512242288439,4.2663723276773
1765,1712338239.86109,vehicle.toyota.prius,109.321502685547,-32.400577545166,238.014251708984,10.6042631117579,-1.06378138065338,-1.134765625,7.85991443847638,4.53588798598723
1766,1712338239.96215,vehicle.toyota.prius,109.332138061523,-32.0996932983398,238.008544921875,11.016323472459,-1.06152057647705,-1.12881469726563,8.12907714628817,4.8053771730098
1767,1712338240.0634,vehicle.toyota.prius,109.342704772949,-31.7865104675293,238.002655029297,11.4784016891589,-1.05932128429413,-1.12258911132813,8.42505252852945,5.07685282467378
1768,1712338240.16448,vehicle.toyota.prius,109.353202819824,-31.4597454071045,237.996475219727,11.9870382645165,-1.05700588226318,-1.11611938476563,8.75901203061606,5.35301476511945
1769,1712338240.2659,vehicle.toyota.prius,109.363540649414,-31.117992401123,237.989990234375,12.5489668287107,-1.0544718503952,-1.10794067382813,11.1973876927467,5.79134273469149
1770,1712338240.3669,vehicle.toyota.prius,109.363540649414,-31.117992401123,237.989990234375,12.5489668287107,-1.0544718503952,-1.10794067382813,9.13499987383978,6.04211702012761
1771,1712338240.46864,vehicle.toyota.prius,109.373641967773,-30.7597770690918,237.983200073242,13.1608939811546,-1.0513231754303,-1.100830078125,9.53013406677109,6.30371829862587
1772,1712338240.56967,vehicle.toyota.prius,109.383346557617,-30.3839511871338,237.976043701172,13.8074800864096,-1.04863893985748,-1.0933837890625,9.97927689948922,6.57938519369062
1773,1712338240.67079,vehicle.toyota.prius,109.392272949219,-29.9898300170898,237.968627929687,14.4717463116512,-1.04656934738159,-1.0855712890625,10.4571281934407,6.87021591867188
1774,1712338240.77214,vehicle.toyota.prius,109.400550842285,-29.5771331787109,237.960830688477,15.1414019163707,-1.04473197460175,-1.077392578125,10.9625667670426,7.17714223229968
1775,1712338240.87368,vehicle.toyota.prius,109.407875061035,-29.1459102630615,237.952728271484,15.8037078711959,-1.04370069503784,-1.06881713867188,14.0150247603885,7.68998342190634
1776,1712338240.97481,vehicle.toyota.prius,109.413970947266,-28.6965465545654,237.944259643555,16.4482174075156,-1.04268980026245,-1.0599365234375,14.6794568348657,8.2141939278783
1777,1712338241.07763,vehicle.toyota.prius,109.413970947266,-28.6965465545654,237.944259643555,16.4482174075156,-1.04268980026245,-1.0599365234375,11.9630212475327,8.49535597685238
1778,1712338241.17879,vehicle.toyota.prius,109.418640136719,-28.2297039031982,237.935470581055,17.0635475392392,-1.04204773902893,-1.0506591796875,12.4769084652842,8.79397241348477
1779,1712338241.27986,vehicle.toyota.prius,109.42170715332,-27.7463817596436,237.926406860352,17.6404830394643,-1.04174721240997,-1.04107666015625,12.9842609727868,9.10824405543242
1780,1712338241.38092,vehicle.toyota.prius,109.422958374023,-27.2477378845215,237.91731262207,18.1709170970988,-1.0408251285553,-1.03118896484375,13.4745952640627,9.43572039607969
1781,1712338241.48284,vehicle.toyota.prius,109.42227935791,-26.7352752685547,237.908416748047,18.6327447548677,-1.04116666316986,-1.02102661132813,13.9005101145193,9.77057962496266
1782,1712338241.5843,vehicle.toyota.prius,109.42227935791,-26.7352752685547,237.908416748047,18.6327447548677,-1.04116666316986,-1.02102661132813,13.9376367661924,10.0831089105549
1783,1712338241.68535,vehicle.toyota.prius,109.419662475586,-26.2111167907715,237.89860534668,18.9157991693988,-1.04277861118317,-1.00872802734375,14.347923272479,10.4029699876992
1784,1712338241.78634,vehicle.toyota.prius,109.41495513916,-25.6764812469482,237.888534545898,19.2782146412647,-1.04223215579987,-0.998138427734375,14.715087284747,10.7263787849778
1785,1712338241.88759,vehicle.toyota.prius,109.408180236816,-25.1336421966553,237.878341674805,19.5086762867156,-1.04323625564575,-0.98736572265625,15.0238848953699,11.0486917432572
1786,1712338241.98896,vehicle.toyota.prius,109.399360656738,-24.5893115997314,237.868301391602,19.4639832956053,-1.04971122741699,-0.9765625,15.2676941914317,11.3651169268703
1787,1712338242.09033,vehicle.toyota.prius,109.388671875,-24.0465869903564,237.858322143555,19.416885991209,-1.05410301685333,-0.9658203125,19.1329093431853,11.9477013580939
1788,1712338242.19171,vehicle.toyota.prius,109.388671875,-24.0465869903564,237.858322143555,19.416885991209,-1.05410301685333,-0.9658203125,15.3933401515108,12.2061242676002
1789,1712338242.29273,vehicle.toyota.prius,109.376190185547,-23.504846572876,237.848373413086,19.3869646389309,-1.0544718503952,-0.955078125,15.4435547894774,12.448931556741
1790,1712338242.39376,vehicle.toyota.prius,109.362098693848,-22.963830947876,237.838424682617,19.3654685900286,-1.05331075191498,-0.9443359375,15.4383332679004,12.6731366850779
1791,1712338242.49483,vehicle.toyota.prius,109.34644317627,-22.4232578277588,237.828536987305,19.3552213880273,-1.05062651634216,-0.933624267578125,15.4217395343335,12.8792818987721
1792,1712338242.5963,vehicle.toyota.prius,109.329376220703,-21.8828563690186,237.818710327148,19.353816421931,-1.0471431016922,-0.92291259765625,15.4032931519756,13.0685827427624
1793,1712338242.69779,vehicle.toyota.prius,109.310974121094,-21.3424205780029,237.808898925781,19.3588385723402,-1.04357767105103,-0.91082763671875,19.2468959807297,13.5319562356099
1794,1712338242.79952,vehicle.toyota.prius,109.310974121094,-21.3424205780029,237.808898925781,19.3588385723402,-1.04357767105103,-0.91082763671875,15.3704761821182,13.669845231598
1795,1712338242.90085,vehicle.toyota.prius,109.29133605957,-20.8018550872803,237.799072265625,19.3654792229018,-1.04012846946716,-0.91082763671875,15.3594779315563,13.7965676840949
1796,1712338243.00194,vehicle.toyota.prius,109.270866394043,-20.261173248291,237.789276123047,19.3692980542609,-1.03686368465424,-0.91082763671875,15.3607720983513,13.9138830151641
1797,1712338243.10326,vehicle.toyota.prius,109.249359130859,-19.7205429077148,237.779479980469,19.365428159924,-1.03445255756378,-0.91082763671875,15.3678384569584,14.0229296732987
1798,1712338243.20445,vehicle.toyota.prius,109.227012634277,-19.180233001709,237.769760131836,19.3503376590998,-1.03273820877075,-0.91082763671875,15.3772585399837,14.1245043383001
1799,1712338243.3062,vehicle.toyota.prius,109.227012634277,-19.180233001709,237.769760131836,19.3503376590998,-1.03273820877075,-0.91082763671875,15.3764843175562,14.2184028367443
1800,1712338243.40768,vehicle.toyota.prius,109.204010009766,-18.6405696868896,237.76008605957,19.3220027973668,-1.03069603443146,-0.91082763671875,15.3664878604191,14.3045092135199
1801,1712338243.50898,vehicle.toyota.prius,109.181198120117,-18.1013240814209,237.751983642578,19.2816095704921,-0.950045108795166,-0.91082763671875,15.350244668504,14.3829393726437
1802,1712338243.60999,vehicle.toyota.prius,109.155853271484,-17.5649147033691,237.7421875,19.2016150732431,-0.988335132598877,-0.91082763671875,15.3310722479054,14.4540493382883
1803,1712338243.71138,vehicle.toyota.prius,109.155853271484,-17.5649147033691,237.7421875,19.2016150732431,-0.988335132598877,-0.91082763671875,11.4840973298363,14.2313029376544
1804,1712338243.81307,vehicle.toyota.prius,109.132690429688,-17.0326805114746,237.731552124023,18.9671198922018,-1.03030669689178,-0.91082763671875,15.2700128472051,14.3092061808707
1805,1712338243.9141,vehicle.toyota.prius,109.109046936035,-16.5089416503906,237.72200012207,18.593060479085,-1.03676795959473,-0.91082763671875,15.1706254518404,14.3738126261935
1806,1712338244.0153,vehicle.toyota.prius,109.085815429688,-15.997878074646,237.713027954102,18.0745345987761,-1.03964352607727,-0.91082763671875,14.9737501730148,14.4188079422051
1807,1712338244.11642,vehicle.toyota.prius,109.063285827637,-15.4995965957642,237.704254150391,17.8564767793585,-1.06408882141113,-0.91082763671875,14.6989368588567,14.4398176109539
1808,1712338244.21745,vehicle.toyota.prius,109.040603637695,-15.0107145309448,237.697402954102,17.4658044951181,-1.13885200023651,-0.91082763671875,18.1909506107749,14.7211525859405
1809,1712338244.31891,vehicle.toyota.prius,109.040603637695,-15.0107145309448,237.697402954102,17.4658044951181,-1.13885200023651,-0.91082763671875,14.4069821743412,14.6975898050706
1810,1712338244.42017,vehicle.toyota.prius,109.018836975098,-14.533784866333,237.689376831055,16.9841983843497,-1.1408668756485,-0.91082763671875,14.0671257661946,14.6503050021549
1811,1712338244.52125,vehicle.toyota.prius,108.997871398926,-14.0713291168213,237.681564331055,16.4326267675511,-1.14483523368835,-0.91082763671875,13.7242773622088,14.5808529291589
1812,1712338244.62258,vehicle.toyota.prius,108.977867126465,-13.6253137588501,237.673843383789,15.811484053928,-1.14227390289307,-0.90966796875,13.3461985248595,14.4882538488364
1813,1712338244.72386,vehicle.toyota.prius,108.977867126465,-13.6253137588501,237.673843383789,15.811484053928,-1.14227390289307,-0.90966796875,9.86014841804356,14.141145941527
1814,1712338244.825,vehicle.toyota.prius,108.958854675293,-13.1970911026001,237.666366577148,15.1601079794939,-1.13976728916168,-0.906951904296875,12.9159491177591,14.0492561797444
1815,1712338244.9263,vehicle.toyota.prius,108.940795898438,-12.78635597229,237.6591796875,14.5578865209573,-1.13652980327606,-0.904327392578125,12.4434385959633,13.9288198609608
1816,1712338245.02765,vehicle.toyota.prius,108.940795898438,-12.78635597229,237.6591796875,14.5578865209573,-1.13652980327606,-0.904327392578125,9.14519210850228,13.5700477795264
1817,1712338245.1291,vehicle.toyota.prius,108.923553466797,-12.3906841278076,237.652282714844,14.0615457998965,-1.1314685344696,-0.901824951171875,8.78458260498075,13.2111378914355
1818,1712338245.23013,vehicle.toyota.prius,108.90705871582,-12.0074787139893,237.645614624023,13.6292476476706,-1.12542390823364,-0.899383544921875,11.5169362446642,13.0840727679276
1819,1712338245.33115,vehicle.toyota.prius,108.891220092773,-11.636287689209,237.63916015625,13.1915586363833,-1.1204514503479,-0.89703369140625,11.1132633185509,12.9362620592244
1820,1712338245.43227,vehicle.toyota.prius,108.891220092773,-11.636287689209,237.63916015625,13.1915586363833,-1.1204514503479,-0.89703369140625,8.19157267485363,12.5804103553966
1821,1712338245.53335,vehicle.toyota.prius,108.876029968262,-11.2767400741577,237.63298034668,12.8042053437911,-1.11623728275299,-0.894744873046875,10.758328484958,12.4437542151137
1822,1712338245.63462,vehicle.toyota.prius,108.861373901367,-10.9265718460083,237.626922607422,12.4877716212913,-1.11093020439148,-0.892486572265625,10.4375670785316,12.29329017987
1823,1712338245.73572,vehicle.toyota.prius,108.847137451172,-10.5839338302612,237.621032714844,12.2688745181928,-1.10478985309601,-0.89031982421875,10.1467681273828,12.1323010259335
1824,1712338245.83698,vehicle.toyota.prius,108.847137451172,-10.5839338302612,237.621032714844,12.2688745181928,-1.10478985309601,-0.89031982421875,7.49729647502304,11.7846756846152
1825,1712338245.93794,vehicle.toyota.prius,108.833160400391,-10.2447090148926,237.615203857422,12.2076108663423,-1.09647071361542,-0.888153076171875,9.91711448225442,11.6446085944381
1826,1712338246.039,vehicle.toyota.prius,108.819244384766,-9.90467643737793,237.609329223633,12.3070950160445,-1.08660793304443,-0.885986328125,9.77814313787431,11.5046236851959
1827,1712338246.14012,vehicle.toyota.prius,108.819244384766,-9.90467643737793,237.609329223633,12.3070950160445,-1.08660793304443,-0.885986328125,7.28487252929664,11.1881423485034
1828,1712338246.24114,vehicle.toyota.prius,108.804794311523,-9.5593671798706,237.603393554688,12.5518404811503,-1.07507169246674,-0.8837890625,7.30509293941633,10.8969136428219
1829,1712338246.34218,vehicle.toyota.prius,108.789848327637,-9.20664310455322,237.59733581543,12.8114479919279,-1.06631541252136,-0.88153076171875,9.82445575021522,10.8164793008764
1830,1712338246.44335,vehicle.toyota.prius,108.774559020996,-8.84812164306641,237.591232299805,12.9811787841944,-1.06285929679871,-0.8792724609375,9.9579654024139,10.7520907584917
1831,1712338246.54443,vehicle.toyota.prius,108.774559020996,-8.84812164306641,237.591232299805,12.9811787841944,-1.06285929679871,-0.8792724609375,7.53334119817482,10.5106845414679
1832,1712338246.64545,vehicle.toyota.prius,108.759101867676,-8.48731136322022,237.585144042969,12.9900101331949,-1.06451225280762,-0.876953125,10.1078623527865,10.4804728773168
1833,1712338246.74675,vehicle.toyota.prius,108.74373626709,-8.12936782836914,237.579147338867,12.8135265083018,-1.06994223594666,-0.874664306640625,10.192505007005,10.4588752870434
1834,1712338246.84781,vehicle.toyota.prius,108.74373626709,-8.12936782836914,237.579147338867,12.8135265083018,-1.06994223594666,-0.874664306640625,7.67815453535166,10.2503212306665
1835,1712338246.9496,vehicle.toyota.prius,108.728721618652,-7.77793502807617,237.573287963867,12.5609181447776,-1.07574784755707,-0.8724365234375,7.61829213634896,10.0529190485927
1836,1712338247.05077,vehicle.toyota.prius,108.714019775391,-7.43312740325928,237.567535400391,12.3378023725602,-1.07824087142944,-0.8702392578125,10.0711236134124,10.0542843909542
1837,1712338247.15204,vehicle.toyota.prius,108.699577331543,-7.09307336807251,237.561798095703,12.2145679349585,-1.07678604125977,-0.868072509765625,9.91846379534716,10.0440978462837
1838,1712338247.25326,vehicle.toyota.prius,108.699577331543,-7.09307336807251,237.561798095703,12.2145679349585,-1.07678604125977,-0.868072509765625,7.37315465371068,9.8437771068407
1839,1712338247.35429,vehicle.toyota.prius,108.685249328613,-6.75409936904907,237.556091308594,12.2326100894306,-1.07064580917358,-0.86590576171875,9.78533910892348,9.83939425699691
1840,1712338247.45552,vehicle.toyota.prius,108.670883178711,-6.41248846054077,237.55029296875,12.3794692232388,-1.06240856647491,-0.86370849609375,9.726160815918,9.83090174891599
1841,1712338247.55668,vehicle.toyota.prius,108.656364440918,-6.06509065628052,237.544464111328,12.6258083298022,-1.05352246761322,-0.86151123046875,9.7447701827806,9.82444188145584
1842,1712338247.65768,vehicle.toyota.prius,108.656364440918,-6.06509065628052,237.544464111328,12.6258083298022,-1.05352246761322,-0.86151123046875,7.32639670638486,9.63708849332551
1843,1712338247.75886,vehicle.toyota.prius,108.6416015625,-5.70959234237671,237.538513183594,12.9490412322649,-1.04476618766785,-0.859222412109375,9.86077046340765,9.65386464108167
1844,1712338247.85988,vehicle.toyota.prius,108.626556396484,-5.34418153762817,237.53239440918,13.3253569561782,-1.03719830513,-0.856903076171875,10.0494438556994,9.683533082178
1845,1712338247.96119,vehicle.toyota.prius,108.611167907715,-4.96765422821045,237.526123046875,13.7462937716202,-1.03148829936981,-0.8544921875,10.2964571479116,9.72950238710802
1846,1712338248.06285,vehicle.toyota.prius,108.611167907715,-4.96765422821045,237.526123046875,13.7462937716202,-1.03148829936981,-0.8544921875,7.81291233175323,9.58575813295641
1847,1712338248.1639,vehicle.toyota.prius,108.595375061035,-4.5787296295166,237.519668579102,14.2077675797398,-1.02584660053253,-0.852020263671875,10.5806370000309,9.660374047987
1848,1712338248.26498,vehicle.toyota.prius,108.579177856445,-4.17662811279297,237.513000488281,14.6901021715863,-1.02126348018646,-0.849456787109375,10.914296508483,9.7544182325242
1849,1712338248.36671,vehicle.toyota.prius,108.562538146973,-3.76099276542664,237.506149291992,15.1800138348211,-1.01764345169067,-0.8468017578125,11.2559653616905,9.86703426721167
1850,1712338248.4683,vehicle.toyota.prius,108.562538146973,-3.76099276542664,237.506149291992,15.1800138348211,-1.01764345169067,-0.8468017578125,8.57434051946688,9.77008223613082
1851,1712338248.56961,vehicle.toyota.prius,108.545478820801,-3.33180785179138,237.499053955078,15.6650462032187,-1.01443326473236,-0.84405517578125,11.6318925168893,9.9097180071877
1852,1712338248.67074,vehicle.toyota.prius,108.527992248535,-2.88938045501709,237.491836547852,16.1357392742568,-1.01174223423004,-0.841217041015625,12.0102605926831,10.0672587010999
1853,1712338248.77183,vehicle.toyota.prius,108.527992248535,-2.88938045501709,237.491836547852,16.1357392742568,-1.01174223423004,-0.841217041015625,9.15143660326367,9.99857204376214
1854,1712338248.87284,vehicle.toyota.prius,108.510116577148,-2.43423247337341,237.484390258789,16.5836323898431,-1.00973415374756,-0.83831787109375,9.44556835752407,9.95709676729429
1855,1712338248.97391,vehicle.toyota.prius,108.491859436035,-1.96712076663971,237.476806640625,17.0024801871193,-1.00811541080475,-0.8353271484375,12.7840309599859,10.1691168317462
1856,1712338249.07496,vehicle.toyota.prius,108.473281860352,-1.48891198635101,237.469024658203,17.3871916449935,-1.00653076171875,-0.832275390625,13.1400988053478,10.3919404797663
1857,1712338249.17598,vehicle.toyota.prius,108.473281860352,-1.48891198635101,237.469024658203,17.3871916449935,-1.00653076171875,-0.832275390625,9.98777735216768,10.3616282451964
1858,1712338249.27712,vehicle.toyota.prius,108.45435333252,-1.00064623355865,237.461120605469,17.7345098811057,-1.00674247741699,-0.82916259765625,13.4684983039324,10.5946434996016
1859,1712338249.37814,vehicle.toyota.prius,108.435028076172,-0.502957582473755,237.451583862305,18.0396731477358,-0.93816739320755,-0.82598876953125,13.7717085041936,10.832923374946
1860,1712338249.47939,vehicle.toyota.prius,108.415946960449,0.0023846053518354,237.442947387695,18.3009726398412,-0.888491451740265,-0.82275390625,14.0392705883917,11.0733994159544
1861,1712338249.58043,vehicle.toyota.prius,108.415946960449,0.0023846053518354,237.442947387695,18.3009726398412,-0.888491451740265,-0.82275390625,10.6307239904324,11.0401987590403
1862,1712338249.68147,vehicle.toyota.prius,108.396331787109,0.514113545417786,237.434677124023,18.609033698933,-0.889468193054199,-0.819488525390625,14.2778161903859,11.2830200663912
1863,1712338249.78249,vehicle.toyota.prius,108.376625061035,1.03008913993835,237.426452636719,18.7410339928962,-0.897637069225311,-0.816192626953125,14.478652939101,11.5226925318444
1864,1712338249.88427,vehicle.toyota.prius,108.356971740723,1.54381740093231,237.418350219727,18.5502648110548,-0.908073604106903,-0.81292724609375,14.5710157286565,11.7513167716053
1865,1712338249.98534,vehicle.toyota.prius,108.356971740723,1.54381740093231,237.418350219727,18.5502648110548,-0.908073604106903,-0.81292724609375,10.9772197200734,11.6932594927404
1866,1712338250.08683,vehicle.toyota.prius,108.336669921875,2.05298948287964,237.412109375,18.3722303860457,-0.838774502277374,-0.8096923828125,14.5901701686941,11.910527793437
1867,1712338250.1879,vehicle.toyota.prius,108.318016052246,2.56053161621094,237.402618408203,18.4108494315099,-0.906126976013184,-0.80645751953125,14.5594112540929,12.1091940529862
1868,1712338250.29031,vehicle.toyota.prius,108.299049377441,3.06819033622742,237.396301269531,18.3793359053275,-0.810115039348602,-0.80322265625,14.4604559685149,12.2855386966508
1869,1712338250.39133,vehicle.toyota.prius,108.299049377441,3.06819033622742,237.396301269531,18.3793359053275,-0.810115039348602,-0.80322265625,10.8314820148891,12.1764844455187
1870,1712338250.49272,vehicle.toyota.prius,108.278945922852,3.57694387435913,237.386581420898,18.4929243472953,-0.895567536354065,-0.79998779296875,14.4379200394432,12.346092115063
1871,1712338250.59377,vehicle.toyota.prius,108.259605407715,4.08700656890869,237.377975463867,18.5144845824841,-0.904842913150787,-0.7967529296875,14.4569422616304,12.5044058760556
1872,1712338250.69583,vehicle.toyota.prius,108.259605407715,4.08700656890869,237.377975463867,18.5144845824841,-0.904842913150787,-0.7967529296875,10.8285282924224,12.3787150572831
1873,1712338250.79683,vehicle.toyota.prius,108.240180969238,4.59787321090698,237.372024536133,18.5797885382663,-0.991845846176147,-0.79351806640625,10.8812848675666,12.2664077930544
1874,1712338250.89798,vehicle.toyota.prius,108.219734191895,5.11190462112427,237.362548828125,18.5513092330419,-0.909241557121277,-0.790252685546875,14.5346058756964,12.4365226492525
1875,1712338250.99903,vehicle.toyota.prius,108.200546264648,5.6282000541687,237.355255126953,18.6435967755807,-0.94348132610321,-0.786956787109375,14.5975301571847,12.5985982123474
1876,1712338251.10043,vehicle.toyota.prius,108.200546264648,5.6282000541687,237.355255126953,18.6435967755807,-0.94348132610321,-0.786956787109375,10.959858097736,12.4756927037516
1877,1712338251.20165,vehicle.toyota.prius,108.1796875,6.14755439758301,237.347381591797,18.8237850641673,-0.934718191623688,-0.783660888671875,14.6779087612847,12.6408589080666
1878,1712338251.30269,vehicle.toyota.prius,108.160018920898,6.66933155059814,237.337982177734,18.9222199625265,-0.877897799015045,-0.780364990234375,14.754719836228,12.7993984776787
1879,1712338251.40391,vehicle.toyota.prius,108.140533447266,7.19282388687134,237.331207275391,18.9778336808993,-0.79140716791153,-0.77703857421875,14.8194011421234,12.950898677512
1880,1712338251.50495,vehicle.toyota.prius,108.140533447266,7.19282388687134,237.331207275391,18.9778336808993,-0.79140716791153,-0.77703857421875,11.1428264153709,12.8152932578514
1881,1712338251.60598,vehicle.toyota.prius,108.118690490723,7.71673250198364,237.322982788086,19.0528004436338,-0.831172525882721,-0.773712158203125,14.8858052992692,12.9705816609578
1882,1712338251.70705,vehicle.toyota.prius,108.099021911621,8.24250316619873,237.313858032227,19.0662907983483,-0.873014211654663,-0.771514892578125,14.9352470606179,13.1179315659323
1883,1712338251.80813,vehicle.toyota.prius,108.078651428223,8.76792430877686,237.305603027344,19.0353635585151,-0.876921117305756,-0.771514892578125,14.9602858005727,13.2561081335303
1884,1712338251.90922,vehicle.toyota.prius,108.078651428223,8.76792430877686,237.305603027344,19.0353635585151,-0.876921117305756,-0.771514892578125,11.231650166211,13.1042737859814
1885,1712338252.01025,vehicle.toyota.prius,108.058197021484,9.29233360290527,237.297668457031,18.9915601827636,-0.873628973960876,-0.76373291015625,14.9714962684169,13.244315472164
1886,1712338252.11123,vehicle.toyota.prius,108.037811279297,9.8152265548706,237.289855957031,18.9290801096594,-0.870514392852783,-0.762725830078125,14.9650946910195,13.3733739135782
1887,1712338252.21229,vehicle.toyota.prius,108.016929626465,10.3352584838867,237.283874511719,18.7913609505989,-0.943658888339996,-0.762725830078125,14.9246621340583,13.4897205301142
1888,1712338252.31335,vehicle.toyota.prius,108.016929626465,10.3352584838867,237.283874511719,18.7913609505989,-0.943658888339996,-0.762725830078125,11.1778979377435,13.3163338356864
1889,1712338252.41448,vehicle.toyota.prius,107.996971130371,10.8541011810303,237.274505615234,18.6351442668871,-0.871306717395783,-0.762725830078125,14.8771210989825,13.4333928804336
1890,1712338252.51556,vehicle.toyota.prius,107.97802734375,11.3701343536377,237.267013549805,18.5437011421037,-0.826562106609345,-0.762725830078125,14.8155876529259,13.5370574883705
1891,1712338252.6166,vehicle.toyota.prius,107.956344604492,11.8838510513306,237.260131835937,18.532483423315,-0.807246327400208,-0.762725830078125,14.7487304888016,13.6279329634029
1892,1712338252.71767,vehicle.toyota.prius,107.956344604492,11.8838510513306,237.260131835937,18.532483423315,-0.807246327400208,-0.762725830078125,11.0408030294812,13.4338982183587
1893,1712338252.81876,vehicle.toyota.prius,107.937126159668,12.3969211578369,237.253433227539,18.4039681579862,-0.758909106254578,-0.762725830078125,14.6977393465017,13.5286863029695
1894,1712338252.91981,vehicle.toyota.prius,107.918670654297,12.9063339233398,237.24462890625,18.366502176375,-0.833221554756165,-0.762725830078125,14.632476354564,13.6114705568391
1895,1712338253.02133,vehicle.toyota.prius,107.899223327637,13.4098682403564,237.23583984375,17.9816547321867,-0.879543900489807,-0.762725830078125,14.530854143637,13.6804243258489
1896,1712338253.12309,vehicle.toyota.prius,107.899223327637,13.4098682403564,237.23583984375,17.9816547321867,-0.879543900489807,-0.762725830078125,10.8554846835795,13.4685538526787
1897,1712338253.22471,vehicle.toyota.prius,107.880264282227,13.9114818572998,237.22802734375,18.1314335267676,-0.874967694282532,-0.762725830078125,14.4082435210777,13.5390305778086
1898,1712338253.32585,vehicle.toyota.prius,107.861289978027,14.4125995635986,237.222732543945,17.963567033933,-0.962189197540283,-0.762725830078125,14.3218100395955,13.5977390374426
1899,1712338253.42758,vehicle.toyota.prius,107.841156005859,14.9139471054077,237.215225219727,18.1182935124792,-0.948269248008728,-0.762725830078125,14.2456264703222,13.6463305949086
1900,1712338253.52902,vehicle.toyota.prius,107.841156005859,14.9139471054077,237.215225219727,18.1182935124792,-0.948269248008728,-0.762725830078125,10.6743873885357,13.4234348544306
1901,1712338253.63045,vehicle.toyota.prius,107.82349395752,15.4185056686401,237.208526611328,18.1251712041546,-0.970426380634308,-0.762725830078125,14.2636830476473,13.4864534689219
1902,1712338253.73149,vehicle.toyota.prius,107.803726196289,15.9244861602783,237.198471069336,18.109973900472,-0.859463155269623,-0.76495361328125,14.3115009658318,13.5483320311901
1903,1712338253.83313,vehicle.toyota.prius,107.803726196289,15.9244861602783,237.198471069336,18.109973900472,-0.859463155269623,-0.76495361328125,10.7385563950605,13.3375988584804
1904,1712338253.93415,vehicle.toyota.prius,107.784606933594,16.4258651733398,237.190353393555,18.1384109970043,-0.849976003170013,-0.771270751953125,10.7536549383028,13.1438030644671
1905,1712338254.03536,vehicle.toyota.prius,107.765419006348,16.9306163787842,237.182861328125,18.1677289419601,-0.851929426193237,-0.777618408203125,14.3501352651841,13.2342779795209
1906,1712338254.1368,vehicle.toyota.prius,107.747253417969,17.4316272735596,237.175338745117,18.1025725527791,-0.85897821187973,-0.783935546875,14.3249069880653,13.3160751551617
1907,1712338254.23793,vehicle.toyota.prius,107.747253417969,17.4316272735596,237.175338745117,18.1025725527791,-0.85897821187973,-0.783935546875,10.7223895995326,13.1215487384895
1908,1712338254.33907,vehicle.toyota.prius,107.729110717773,17.9364681243896,237.167922973633,18.173552456413,-0.857721447944641,-0.790283203125,14.3275636735726,13.2119998586207
1909,1712338254.44011,vehicle.toyota.prius,107.711433410645,18.4377250671387,237.160339355469,18.0512869609472,-0.86342465877533,-0.796600341796875,14.3259650489299,13.2955472478939
1910,1712338254.54127,vehicle.toyota.prius,107.693954467773,18.9400367736816,237.152969360352,18.107623438817,-0.862208902835846,-0.802947998046875,14.3093707941482,13.371584013863
1911,1712338254.64296,vehicle.toyota.prius,107.693954467773,18.9400367736816,237.152969360352,18.107623438817,-0.862208902835846,-0.802947998046875,10.7362890000837,13.1739368878296
1912,1712338254.74414,vehicle.toyota.prius,107.67756652832,19.4394874572754,237.145034790039,17.9571163111643,-0.864592611789703,-0.809234619140625,14.2893174342638,13.2575904288121
1913,1712338254.84528,vehicle.toyota.prius,107.661567687988,19.9363269805908,237.137176513672,17.8637932828427,-0.866088449954987,-0.81549072265625,14.2319947564809,13.3306707533873
1914,1712338254.94637,vehicle.toyota.prius,107.661567687988,19.9363269805908,237.137176513672,17.8637932828427,-0.866088449954987,-0.81549072265625,10.6635001480141,13.1306329579843
1915,1712338255.04743,vehicle.toyota.prius,107.646308898926,20.4314136505127,237.129776000977,17.8158396784015,-0.86578106880188,-0.82171630859375,10.6140606018099,12.9418900312712
1916,1712338255.14847,vehicle.toyota.prius,107.631683349609,20.9256973266602,237.122512817383,17.7982519375507,-0.86425793170929,-0.82794189453125,14.1496015826884,13.0324683976275
1917,1712338255.24952,vehicle.toyota.prius,107.617767333984,21.4195690155029,237.115188598633,17.77489297603,-0.863035321235657,-0.83416748046875,14.1127474742184,13.1134893283718
1918,1712338255.35111,vehicle.toyota.prius,107.617767333984,21.4195690155029,237.115188598633,17.77489297603,-0.863035321235657,-0.83416748046875,10.5620316203008,12.9221300002665
1919,1712338255.45248,vehicle.toyota.prius,107.604476928711,21.9129219055176,237.107833862305,17.7759769853893,-0.862939715385437,-0.84039306640625,14.0672067237484,13.0080107545276
1920,1712338255.55357,vehicle.toyota.prius,107.591728210449,22.4074382781982,237.10041809082,17.8403415104421,-0.861266314983368,-0.84661865234375,14.0616493613729,13.087033650041
1921,1712338255.6546,vehicle.toyota.prius,107.579391479492,22.904369354248,237.092926025391,17.9392557720893,-0.858670830726624,-0.852874755859375,14.0805191876467,13.1615450653615
1922,1712338255.75578,vehicle.toyota.prius,107.579391479492,22.904369354248,237.092926025391,17.9392557720893,-0.858670830726624,-0.852874755859375,10.5632199326185,12.9666706804057
1923,1712338255.85684,vehicle.toyota.prius,107.567543029785,23.4043827056885,237.085891723633,18.0561473802158,-0.856232464313507,-0.859161376953125,14.1349134056521,13.0542888847992
1924,1712338255.95817,vehicle.toyota.prius,107.555953979492,23.9078159332275,237.07878112793,18.2037234473898,-0.85537189245224,-0.865509033203125,14.2073659880724,13.1407696675447
1925,1712338256.05933,vehicle.toyota.prius,107.544471740723,24.4139614105225,237.071090698242,18.3731203826213,-0.855310380458832,-0.87188720703125,14.2876907375547,13.2267887477955
1926,1712338256.16061,vehicle.toyota.prius,107.544471740723,24.4139614105225,237.071090698242,18.3731203826213,-0.855310380458832,-0.87188720703125,10.7439279249261,13.0405741860803
1927,1712338256.2618,vehicle.toyota.prius,107.533500671387,24.9176139831543,237.063201904297,18.108959243938,-0.861293613910675,-0.87823486328125,14.3280913403488,13.1371379726504
1928,1712338256.36316,vehicle.toyota.prius,107.522308349609,25.4233913421631,237.055679321289,18.2154385491458,-0.858459115028381,-0.884613037109375,14.3606663389328,13.2289026001216
1929,1712338256.46411,vehicle.toyota.prius,107.522308349609,25.4233913421631,237.055679321289,18.2154385491458,-0.858459115028381,-0.884613037109375,10.7878678414442,13.0458249932208
1930,1712338256.56515,vehicle.toyota.prius,107.511192321777,25.9284267425537,237.048141479492,17.9461387894825,-0.862878262996674,-0.890960693359375,10.782570661338,12.8760809183296
1931,1712338256.66617,vehicle.toyota.prius,107.499664306641,26.4338111877441,237.040466308594,18.3037864451921,-0.859920740127564,-0.897308349609375,14.3879763586013,12.9894730763499
1932,1712338256.76763,vehicle.toyota.prius,107.487945556641,26.9400806427002,237.032897949219,18.2440967301161,-0.860685765743256,-0.9036865234375,14.3992798234677,13.0952085823838
1933,1712338256.86868,vehicle.toyota.prius,107.487945556641,26.9400806427002,237.032897949219,18.2440967301161,-0.860685765743256,-0.9036865234375,10.8047707774643,12.9234257470148
1934,1712338256.9697,vehicle.toyota.prius,107.476531982422,27.4436435699463,237.025283813477,18.2216919904053,-0.861293613910675,-0.9100341796875,14.3903603141274,13.0334458395483
1935,1712338257.07073,vehicle.toyota.prius,107.464614868164,27.9498996734619,237.01774597168,18.0359209132509,-0.861628293991089,-0.916412353515625,14.3993829779125,13.1358911249256
1936,1712338257.172,vehicle.toyota.prius,107.452369689941,28.452522277832,237.010147094727,18.1650975164472,-0.863130986690521,-0.923797607421875,14.372975959469,13.2286724875163
1937,1712338257.27295,vehicle.toyota.prius,107.452369689941,28.452522277832,237.010147094727,18.1650975164472,-0.863130986690521,-0.923797607421875,10.7791981195579,13.0449619099194
1938,1712338257.37401,vehicle.toyota.prius,107.439529418945,28.95751953125,237.002624511719,18.2487974498974,-0.860316932201386,-0.93536376953125,14.3783347795177,13.1449648751393
1939,1712338257.47508,vehicle.toyota.prius,107.426719665527,29.4600124359131,236.995056152344,18.1423181943746,-0.861450731754303,-0.94683837890625,14.3693114194676,13.2367908659639
1940,1712338257.57724,vehicle.toyota.prius,107.413368225098,29.9639282226562,236.987533569336,17.9823109359553,-0.862454771995544,-0.958343505859375,14.3210739466129,13.3181120970126
1941,1712338257.6787,vehicle.toyota.prius,107.413368225098,29.9639282226562,236.987533569336,17.9823109359553,-0.862454771995544,-0.958343505859375,10.7428793952986,13.1249696443841
1942,1712338257.77973,vehicle.toyota.prius,107.39924621582,30.4678821563721,236.979919433594,18.1964405025302,-0.861327767372131,-0.969879150390625,14.3228764649032,13.214812655923
1943,1712338257.88083,vehicle.toyota.prius,107.384666442871,30.9711952209473,236.972305297852,18.1441467184214,-0.861840069293976,-0.981353759765625,14.310262737743,13.2969714120595
1944,1712338257.9825,vehicle.toyota.prius,107.369743347168,31.4742298126221,236.964889526367,17.9731196956774,-0.863889098167419,0.572084248065949,14.2975529441978,13.3720150269699
1945,1712338258.08419,vehicle.toyota.prius,107.369743347168,31.4742298126221,236.964889526367,17.9731196956774,-0.863889098167419,0.572084248065949,10.7307829566891,13.1739226216988
1946,1712338258.18523,vehicle.toyota.prius,107.354400634766,31.9772090911865,236.957260131836,18.1367000525538,-0.864408195018768,-1.00436401367188,14.3166499483701,13.2596271711992
1947,1712338258.2863,vehicle.toyota.prius,107.338638305664,32.4780082702637,236.949600219727,18.0376501095569,-0.8690185546875,-1.01580810546875,14.2932867417797,13.3371516389927
1948,1712338258.3874,vehicle.toyota.prius,107.338638305664,32.4780082702637,236.949600219727,18.0376501095569,-0.8690185546875,-1.01580810546875,10.7145287969989,13.1404549258432
1949,1712338258.48848,vehicle.toyota.prius,107.322982788086,32.9783477783203,236.943222045898,17.9825090491561,-0.797943651676178,-1.02725219726563,10.7080482650373,12.9580244262827
1950,1712338258.58955,vehicle.toyota.prius,107.305206298828,33.4764785766602,236.93537902832,17.9283544819749,-0.814636588096619,-1.03863525390625,14.2720588700837,13.0565770095678
1951,1712338258.69085,vehicle.toyota.prius,107.288581848145,33.9727973937988,236.926406860352,17.8737990271536,-0.880732357501984,-1.04998779296875,14.2178075269257,13.1436692983696
1952,1712338258.79189,vehicle.toyota.prius,107.288581848145,33.9727973937988,236.926406860352,17.8737990271536,-0.880732357501984,-1.04998779296875,10.6508553885386,12.9567082551323
1953,1712338258.89295,vehicle.toyota.prius,107.270889282227,34.4679718017578,236.918395996094,17.8245491020339,-0.900362312793732,-1.061279296875,14.1803322564744,13.048480055233
1954,1712338258.99399,vehicle.toyota.prius,107.252388000488,34.961971282959,236.910720825195,17.783244929219,-0.90606552362442,-1.07257080078125,14.137278266141,13.1301399210511
1955,1712338259.09578,vehicle.toyota.prius,107.233245849609,35.4548988342285,236.903076171875,17.7468389912883,-0.910614430904388,-1.0838623046875,14.0804633135969,13.201414175492
1956,1712338259.19691,vehicle.toyota.prius,107.233245849609,35.4548988342285,236.903076171875,17.7468389912883,-0.910614430904388,-1.0838623046875,10.552108220493,13.0027162288671
1957,1712338259.29855,vehicle.toyota.prius,107.213493347168,35.9463043212891,236.897552490234,17.7169215939505,-1.00686550140381,-1.0950927734375,14.0340422619153,13.0800656813457
1958,1712338259.39975,vehicle.toyota.prius,107.192741394043,36.4377403259277,236.888702392578,17.6833385747876,-0.956725060939789,-1.1063232421875,14.0046589997803,13.1494101802283
1959,1712338259.50182,vehicle.toyota.prius,107.171913146973,36.9281730651855,236.879852294922,17.6557016598978,-0.926084816455841,-1.1175537109375,13.9517730413252,13.2095873948106
1960,1712338259.60346,vehicle.toyota.prius,107.171913146973,36.9281730651855,236.879852294922,17.6557016598978,-0.926084816455841,-1.1175537109375,10.4575176572754,13.0031821644954
1961,1712338259.7047,vehicle.toyota.prius,107.150192260742,37.4176483154297,236.871719360352,17.6297310445155,-0.926296532154083,-1.12872314453125,13.9290543539601,13.0726225787053
1962,1712338259.80577,vehicle.toyota.prius,107.127769470215,37.9063262939453,236.863784790039,17.6048272611984,-0.934233248233795,-1.13992309570313,13.9267313128519,13.1366807337663
1963,1712338259.90742,vehicle.toyota.prius,107.104682922363,38.3943405151367,236.85578918457,17.5843934308497,-0.943754494190216,-1.15106201171875,13.8907826618227,13.1932383783705
1964,1712338260.00895,vehicle.toyota.prius,107.104682922363,38.3943405151367,236.85578918457,17.5843934308497,-0.943754494190216,-1.15106201171875,10.4202820413648,12.9852666530951
1965,1712338260.11001,vehicle.toyota.prius,107.080947875977,38.8818321228027,236.847808837891,17.5683501665493,-0.951595544815064,-1.1622314453125,13.901515122746,13.0539852883189
1966,1712338260.21103,vehicle.toyota.prius,107.056549072266,39.3689117431641,236.839706420898,17.5557396190199,-0.959197580814362,-1.17337036132813,13.8914930401081,13.1167983697031
1967,1712338260.31215,vehicle.toyota.prius,107.031509399414,39.8556442260742,236.831558227539,17.5453118826193,-0.965966284275055,-1.18447875976563,13.8770008041136,13.1738135522839
1968,1712338260.41343,vehicle.toyota.prius,107.031509399414,39.8556442260742,236.831558227539,17.5453118826193,-0.965966284275055,-1.18447875976563,10.4107267456088,12.9665820417832
1969,1712338260.51455,vehicle.toyota.prius,107.005859375,40.3420829772949,236.823348999023,17.5363281617736,-0.972837448120117,-1.19561767578125,13.8881605939744,13.0357004331976
1970,1712338260.61581,vehicle.toyota.prius,106.979598999023,40.828254699707,236.81510925293,17.5282290801526,-0.979640305042267,-1.20672607421875,13.8740317692167,13.098575283399
1971,1712338260.71713,vehicle.toyota.prius,106.952774047852,41.3141822814941,236.806732177734,17.5209909460512,-0.986572980880737,-1.20932006835938,13.8586797978613,13.1555831219837
1972,1712338260.8188,vehicle.toyota.prius,106.952774047852,41.3141822814941,236.806732177734,17.5209909460512,-0.986572980880737,-1.20932006835938,10.3801337318773,12.9474244177257
1973,1712338260.91989,vehicle.toyota.prius,106.925369262695,41.7998809814453,236.798355102539,17.5144462344258,-0.993498742580414,-1.20932006835938,13.8427709480931,13.0145754075033
1974,1712338261.02126,vehicle.toyota.prius,106.897422790527,42.2853889465332,236.789916992188,17.5091192446384,-1.00011718273163,-1.20932006835938,13.8298988154757,13.0757246631012
1975,1712338261.1224,vehicle.toyota.prius,106.897422790527,42.2853889465332,236.789916992188,17.5091192446384,-1.00011718273163,-1.20932006835938,10.3728608120296,12.8730098742708
1976,1712338261.22339,vehicle.toyota.prius,106.868927001953,42.7707328796387,236.781463623047,17.5050713902652,-1.00704991817474,-1.20932006835938,10.3760905680458,12.6857409263039
1977,1712338261.32448,vehicle.toyota.prius,106.839859008789,43.2559509277344,236.772888183594,17.5031003120349,-1.01590180397034,-1.20932006835938,13.8493001341156,12.7730078668898
1978,1712338261.42554,vehicle.toyota.prius,106.81014251709,43.7410926818848,236.764251708984,17.5019121113355,-1.02380430698395,-1.20932006835938,13.8468426471946,12.8535454754127
1979,1712338261.52709,vehicle.toyota.prius,106.779747009277,44.226188659668,236.755523681641,17.502868463275,-1.03198003768921,-1.20932006835938,13.8403035985213,12.9275523346458
1980,1712338261.62855,vehicle.toyota.prius,106.779747009277,44.226188659668,236.755523681641,17.502868463275,-1.03198003768921,-1.20932006835938,13.8316392411789,12.9953588526358
1981,1712338261.72955,vehicle.toyota.prius,106.748519897461,44.7112693786621,236.74674987793,17.5047403260086,-1.0403128862381,-1.20932006835938,13.8306814038734,13.0580080439786
1982,1712338261.83058,vehicle.toyota.prius,106.716384887695,45.1963768005371,236.737899780273,17.5082192560408,-1.04812657833099,-1.20932006835938,13.8327130595931,13.1161109201497
1983,1712338261.93166,vehicle.toyota.prius,106.716384887695,45.1963768005371,236.737899780273,17.5082192560408,-1.04812657833099,-1.20932006835938,10.3744897439127,12.9104893319319
1984,1712338262.03309,vehicle.toyota.prius,106.683174133301,45.681510925293,236.729049682617,17.5128080118247,-1.05691027641296,-1.20932006835938,10.3786298335019,12.7205998695497
1985,1712338262.13413,vehicle.toyota.prius,106.648796081543,46.1667289733887,236.720016479492,17.5184722094715,-1.0639317035675,-1.20932006835938,13.8513673000834,12.8054074268397
1986,1712338262.2355,vehicle.toyota.prius,106.613037109375,46.6520004272461,236.710983276367,17.5242444395971,-1.07164978981018,-1.20932006835938,13.8449892330256,12.8833760623037
1987,1712338262.33655,vehicle.toyota.prius,106.613037109375,46.6520004272461,236.710983276367,17.5242444395971,-1.07164978981018,-1.20932006835938,10.3847202545398,12.6959768767214
1988,1712338262.43753,vehicle.toyota.prius,106.575553894043,47.1373176574707,236.701904296875,17.5307376258004,-1.07766032218933,-1.20932006835938,13.8513897825118,12.7826328446557
1989,1712338262.53859,vehicle.toyota.prius,106.536178588867,47.6219291687012,236.692810058594,17.4757065972355,-1.08373928070068,-1.19125366210938,13.8609983288607,12.863510255971
1990,1712338262.63987,vehicle.toyota.prius,106.49471282959,48.1035842895508,236.683807373047,17.3582768765117,-1.0885272026062,-1.17355346679688,13.8330967379144,12.9362292421168
1991,1712338262.74091,vehicle.toyota.prius,106.49471282959,48.1035842895508,236.683807373047,17.3582768765117,-1.0885272026062,-1.17355346679688,10.3755228801314,12.7441762649679
1992,1712338262.84201,vehicle.toyota.prius,106.450958251953,48.5815963745117,236.674774169922,17.2312045065793,-1.09210622310638,-1.1572265625,13.7937972014062,12.8228978352007
1993,1712338262.94304,vehicle.toyota.prius,106.404502868652,49.0557518005371,236.665756225586,17.101708555167,-1.09259116649628,-1.1422119140625,13.7186378241142,12.8900783343693
1994,1712338263.04443,vehicle.toyota.prius,106.355140686035,49.5260925292969,236.656814575195,16.980346253093,-1.09365665912628,-1.12850952148438,13.615134483424,12.9444575455484
1995,1712338263.1458,vehicle.toyota.prius,106.355140686035,49.5260925292969,236.656814575195,16.980346253093,-1.09365665912628,-1.12850952148438,10.1723984787816,12.7365531155409
1996,1712338263.24684,vehicle.toyota.prius,106.302536010742,49.992919921875,236.647888183594,16.8734961988801,-1.09286439418793,-1.1160888671875,13.5155719068992,12.7949795248927
1997,1712338263.34814,vehicle.toyota.prius,106.244979858398,50.4563941955566,236.639038085938,16.7839171748589,-1.09250235557556,-1.10491943359375,13.4176486781199,12.8416797113848
1998,1712338263.45041,vehicle.toyota.prius,106.18342590332,50.917236328125,236.630310058594,16.7170418105501,-1.09127295017242,-1.09494018554688,13.303433922925,12.8763112772503
1999,1712338263.55169,vehicle.toyota.prius,106.18342590332,50.917236328125,236.630310058594,16.7170418105501,-1.09127295017242,-1.09494018554688,9.94950087014519,12.6568004967174
2000,1712338263.65273,vehicle.toyota.prius,106.117568969727,51.3759117126465,236.621520996094,16.670143799564,-1.08978390693665,-1.08340454101563,13.2470133863775,12.7010664634419
2001,1712338263.75379,vehicle.toyota.prius,106.047088623047,51.8328742980957,236.612762451172,16.6419553577906,-1.08978390693665,-1.076171875,13.1938720374437,12.738026881492
2002,1712338263.8548,vehicle.toyota.prius,105.972045898438,52.2878227233887,236.604019165039,16.5675777594049,-1.09081530570984,-1.070068359375,13.1590725273883,12.7696053049343
2003,1712338263.95644,vehicle.toyota.prius,105.972045898438,52.2878227233887,236.604019165039,16.5675777594049,-1.09081530570984,-1.070068359375,9.86757008738344,12.551952663618
2004,1712338264.05775,vehicle.toyota.prius,105.892738342285,52.7385635375977,236.59538269043,16.4176141720065,-1.09317171573639,-1.06512451171875,13.1230022966775,12.5947813860974
2005,1712338264.15887,vehicle.toyota.prius,105.809463500977,53.1836624145508,236.586776733398,16.231700282065,-1.09923696517944,-1.06048583984375,13.0456401429594,12.6285957928621
2006,1712338264.26027,vehicle.toyota.prius,105.722259521484,53.6224250793457,236.578216552734,16.0294562645736,-1.10622417926788,-1.05816650390625,12.9300819014634,12.6512072510072
2007,1712338264.36332,vehicle.toyota.prius,105.722259521484,53.6224250793457,236.578216552734,16.0294562645736,-1.10622417926788,-1.05816650390625,9.61397171824644,12.4234145860501
2008,1712338264.46431,vehicle.toyota.prius,105.631286621094,54.0546951293945,236.569793701172,15.8298350307081,-1.11032235622406,-1.05694580078125,12.7575412149212,12.4484740832154
2009,1712338264.56538,vehicle.toyota.prius,105.536598205566,54.4803314208984,236.561416625977,15.6152631884599,-1.11715936660767,-1.05679321289063,12.6101712441595,12.4606013702862
2010,1712338264.66681,vehicle.toyota.prius,105.438285827637,54.8991775512695,236.553161621094,15.4280225476088,-1.12191319465637,-1.05825805664063,12.4421985163846,12.4592211562436
2011,1712338264.76849,vehicle.toyota.prius,105.438285827637,54.8991775512695,236.553161621094,15.4280225476088,-1.12191319465637,-1.05825805664063,9.26666402358864,12.2197793712945
2012,1712338264.86977,vehicle.toyota.prius,105.335975646973,55.3130645751953,236.544967651367,15.3161195827555,-1.12338161468506,-1.06051635742188,12.3295363625179,12.2280111456363
2013,1712338264.9712,vehicle.toyota.prius,105.228973388672,55.7234916687012,236.536849975586,15.2584418513612,-1.12182438373566,-1.06375122070313,12.1936842007292,12.2254366247682
2014,1712338265.07253,vehicle.toyota.prius,105.228973388672,55.7234916687012,236.536849975586,15.2584418513612,-1.12182438373566,-1.06375122070313,9.09237129984346,11.9904567253989
2015,1712338265.17407,vehicle.toyota.prius,105.117332458496,56.1317749023438,236.528610229492,15.2441094161055,-1.11873710155487,-1.0679931640625,9.04095999613425,11.769244470704
2016,1712338265.27513,vehicle.toyota.prius,105.000602722168,56.5386848449707,236.520385742187,15.2560630318032,-1.11593675613403,-1.07568359375,12.0599015497608,11.7910437516333
2017,1712338265.37614,vehicle.toyota.prius,104.878448486328,56.9446830749512,236.512176513672,15.2877947897161,-1.11315679550171,-1.08230590820313,12.0495304378666,11.8104302531008
2018,1712338265.47736,vehicle.toyota.prius,104.878448486328,56.9446830749512,236.512176513672,15.2877947897161,-1.11315679550171,-1.08230590820313,9.03803143326509,11.6025003416131
2019,1712338265.57849,vehicle.toyota.prius,104.750663757324,57.3500442504883,236.50390625,15.3280486287735,-1.10989201068878,-1.09185791015625,12.0653862217783,11.6372167826255
2020,1712338265.67952,vehicle.toyota.prius,104.61695098877,57.7546920776367,236.495651245117,15.3710946032743,-1.10482406616211,-1.10073852539063,12.0984426729337,11.6718087243986
2021,1712338265.78083,vehicle.toyota.prius,104.477142333984,58.1584739685059,236.487396240234,15.4116291268691,-1.10601925849915,-1.11322021484375,12.1203585717478,11.7054499629498
2022,1712338265.88212,vehicle.toyota.prius,104.477142333984,58.1584739685059,236.487396240234,15.4116291268691,-1.10601925849915,-1.11322021484375,9.097482847135,11.5098524292637
2023,1712338265.98316,vehicle.toyota.prius,104.331062316895,58.5611152648926,236.479217529297,15.4455777375322,-1.10430490970612,-1.1243896484375,12.1490065292549,11.557788986763
2024,1712338266.08455,vehicle.toyota.prius,104.178550720215,58.9622611999512,236.470977783203,15.4743861597438,-1.10143625736237,-1.12643432617188,12.1719775619687,11.6038531299035
2025,1712338266.18586,vehicle.toyota.prius,104.018905639648,59.3612327575684,236.462677001953,15.4934920172982,-1.10241293907166,-1.12643432617188,12.1901320342234,11.6478240477275
2026,1712338266.28721,vehicle.toyota.prius,104.018905639648,59.3612327575684,236.462677001953,15.4934920172982,-1.10241293907166,-1.12643432617188,9.15212577674114,11.4606466774035
2027,1712338266.3883,vehicle.toyota.prius,103.852783203125,59.7581024169922,236.454391479492,15.5087709717444,-1.09960579872131,-1.12643432617188,12.2148410418979,11.5172112547406
2028,1712338266.48941,vehicle.toyota.prius,103.680038452148,60.152458190918,236.446166992187,15.5170668644274,-1.09578764438629,-1.12643432617188,12.2286942986187,11.5705724830314
2029,1712338266.59054,vehicle.toyota.prius,103.500335693359,60.5438232421875,236.437942504883,15.5215573167105,-1.09420990943909,-1.12643432617188,12.2456825227638,11.6212057360113
2030,1712338266.69168,vehicle.toyota.prius,103.500335693359,60.5438232421875,236.437942504883,15.5215573167105,-1.09420990943909,-1.12643432617188,9.19201656056007,11.4390165478525
2031,1712338266.79273,vehicle.toyota.prius,103.313659667969,60.9319725036621,236.429718017578,15.5235107025963,-1.09295320510864,-1.12643432617188,12.263783649036,11.5008740804413
2032,1712338266.89369,vehicle.toyota.prius,103.119812011719,61.3165855407715,236.421524047852,15.5249719490849,-1.09337663650513,-1.125,12.2701219760598,11.5585676726127
2033,1712338266.9951,vehicle.toyota.prius,102.918739318848,61.6975364685059,236.41325378418,15.528092477619,-1.09091091156006,-1.1219482421875,12.2643467171755,11.6115011009549
2034,1712338267.09699,vehicle.toyota.prius,102.918739318848,61.6975364685059,236.41325378418,15.528092477619,-1.09091091156006,-1.1219482421875,9.18567571234793,11.4295641968093
2035,1712338267.19805,vehicle.toyota.prius,102.71134185791,62.075325012207,236.405014038086,15.5364315021184,-1.08895063400269,-1.11795043945313,12.2502329491512,11.491114353235
2036,1712338267.2992,vehicle.toyota.prius,102.497138977051,62.4494476318359,236.396713256836,15.5447257393491,-1.09524810314178,-1.11489868164063,12.2507948148933,11.5480903878594
2037,1712338267.40053,vehicle.toyota.prius,102.497138977051,62.4494476318359,236.396713256836,15.5447257393491,-1.09524810314178,-1.11489868164063,9.18361811880847,11.3707549676805
2038,1712338267.50184,vehicle.toyota.prius,102.275772094727,62.8194580078125,236.388046264648,15.5485224418337,-1.11855947971344,-1.11090087890625,9.18819764052129,11.2070631681436
2039,1712338267.60285,vehicle.toyota.prius,102.047134399414,63.1849365234375,236.378768920898,15.5583433224938,-1.16570830345154,-1.10784912109375,12.2712192254629,11.2868748724425
2040,1712338267.70403,vehicle.toyota.prius,101.811065673828,63.5457153320313,236.369979858398,15.5345269645338,-1.18459379673004,-1.10385131835938,12.2694542014998,11.3605683221218
2041,1712338267.80525,vehicle.toyota.prius,101.567924499512,63.9004325866699,236.361831665039,15.482730992173,-1.18252420425415,-1.100830078125,12.2599993666507,11.4280256504615
2042,1712338267.90699,vehicle.toyota.prius,101.567924499512,63.9004325866699,236.361831665039,15.482730992173,-1.18252420425415,-1.100830078125,12.2500320470272,11.4896761302039
2043,1712338268.00805,vehicle.toyota.prius,101.318534851074,64.2486419677734,236.354721069336,15.3953763247571,-1.13677561283112,-1.09683227539063,12.2354807645556,11.5456114777803
2044,1712338268.10973,vehicle.toyota.prius,101.062652587891,64.5887680053711,236.347839355469,15.3004720357205,-1.09578764438629,-1.09384155273438,12.1797775906159,11.593173936243
2045,1712338268.21075,vehicle.toyota.prius,101.062652587891,64.5887680053711,236.347839355469,15.3004720357205,-1.09578764438629,-1.09384155273438,9.12189327415204,11.4078278865862
2046,1712338268.31178,vehicle.toyota.prius,100.80158996582,64.9212188720703,236.339935302734,15.1951934308598,-1.08288550376892,-1.08987426757813,9.0731212267877,11.2327248871013
2047,1712338268.41288,vehicle.toyota.prius,100.535377502441,65.2458648681641,236.330703735352,15.0814511825717,-1.04027879238129,-1.0869140625,12.0707574936336,11.2955773325912
2048,1712338268.51399,vehicle.toyota.prius,100.264717102051,65.563346862793,236.324035644531,14.9443697680827,-0.88427722454071,-1.08395385742188,11.9910994936834,11.3477414946731
2049,1712338268.61501,vehicle.toyota.prius,100.264717102051,65.563346862793,236.324035644531,14.9443697680827,-0.88427722454071,-1.08395385742188,8.97576568947036,11.1698433092829
2050,1712338268.71605,vehicle.toyota.prius,99.990348815918,65.8711471557617,236.314910888672,14.8250734513429,-0.872037529945374,-1.0828857421875,11.9120027435777,11.225505266855
2051,1712338268.81713,vehicle.toyota.prius,99.7120132446289,66.1704635620117,236.309463500977,14.6417092098902,-0.885342717170715,-1.08154296875,11.8107952378911,11.2694020146827
2052,1712338268.91861,vehicle.toyota.prius,99.4302520751953,66.4612579345703,236.30485534668,14.6539553596537,-1.0471431016922,-1.08050537109375,11.6949961326295,11.3013215735287
2053,1712338269.01999,vehicle.toyota.prius,99.4302520751953,66.4612579345703,236.30485534668,14.6539553596537,-1.0471431016922,-1.08050537109375,8.72210497699237,11.1078803287885
2054,1712338269.12102,vehicle.toyota.prius,99.1425476074219,66.7489700317383,236.296691894531,14.7430828775957,-1.20132088661194,-1.07916259765625,11.6157838431483,11.1459730923655
2055,1712338269.22232,vehicle.toyota.prius,98.8463668823242,67.0333023071289,236.288101196289,14.8667428830887,-1.22405183315277,-1.07809448242188,11.5973173763152,11.1798239136617
2056,1712338269.32342,vehicle.toyota.prius,98.5412673950195,67.3151321411133,236.281631469727,15.0230358438401,-1.12896192073822,-1.0770263671875,11.6439805910824,11.2146356644683
2057,1712338269.42525,vehicle.toyota.prius,98.5412673950195,67.3151321411133,236.281631469727,15.0230358438401,-1.12896192073822,-1.0770263671875,8.76014668802687,11.0305489912352
2058,1712338269.52628,vehicle.toyota.prius,98.2285537719727,67.594123840332,236.275405883789,15.1891662844199,-1.16628885269165,-1.07568359375,11.7448877776113,11.0841244002134
2059,1712338269.62745,vehicle.toyota.prius,97.9069442749023,67.8702697753906,236.266815185547,15.3645852700631,-1.18468940258026,-1.0745849609375,11.8628211479485,11.1425266562935
2060,1712338269.72911,vehicle.toyota.prius,97.5766754150391,68.1449279785156,236.254577636719,15.5658301903952,-1.1744304895401,-1.07318115234375,11.9899703480893,11.2060849331782
2061,1712338269.83067,vehicle.toyota.prius,97.5766754150391,68.1449279785156,236.254577636719,15.5658301903952,-1.1744304895401,-1.07318115234375,9.0324564868056,11.0430627997002
2062,1712338269.93174,vehicle.toyota.prius,97.237174987793,68.4178466796875,236.243667602539,15.7726830592967,-1.11278796195984,-1.07205200195313,12.1418583720319,11.1254724676251
2063,1712338270.03295,vehicle.toyota.prius,96.8892059326172,68.6893844604492,236.235427856445,15.9782024343878,-1.0403128862381,-1.07064819335938,12.2965245503617,11.2133013738304
2064,1712338270.13462,vehicle.toyota.prius,96.8892059326172,68.6893844604492,236.235427856445,15.9782024343878,-1.0403128862381,-1.07064819335938,9.27597618257615,11.0680019844863
2065,1712338270.23568,vehicle.toyota.prius,96.5320816040039,68.9583206176758,236.228561401367,16.1831841658445,-0.981224894523621,-1.06948852539063,9.41036933418319,10.9436795357136
2066,1712338270.33704,vehicle.toyota.prius,96.1677017211914,69.2256546020508,236.222442626953,16.3912755293526,-1.06167089939117,-1.06893920898438,12.6263583560102,11.0698804472358
2067,1712338270.43844,vehicle.toyota.prius,95.7948150634766,69.4910354614258,236.213790893555,16.596670727125,-1.152956366539,-1.06893920898438,12.7747158796983,11.1977431046705
2068,1712338270.53948,vehicle.toyota.prius,95.7948150634766,69.4910354614258,236.213790893555,16.596670727125,-1.152956366539,-1.06893920898438,9.64263509363552,11.0811100038429
2069,1712338270.64055,vehicle.toyota.prius,95.4146194458008,69.7560958862305,236.203308105469,16.7966284200571,-1.22015178203583,-1.06893920898438,12.9522864499455,11.2214482373006
2070,1712338270.74157,vehicle.toyota.prius,95.0261077880859,70.0202789306641,236.192138671875,16.9868666667567,-1.15484154224396,-1.06893920898438,13.1159652540186,11.3635370135544
2071,1712338270.84308,vehicle.toyota.prius,94.6304397583008,70.2826385498047,236.181594848633,17.1611373874227,-1.09737908840179,-1.06893920898438,13.2749441835634,11.5068925513051
2072,1712338270.94447,vehicle.toyota.prius,94.6304397583008,70.2826385498047,236.181594848633,17.1611373874227,-1.09737908840179,-1.06893920898438,10.019327332577,11.3953251599005
2073,1712338271.04643,vehicle.toyota.prius,94.2278213500977,70.5422515869141,236.17219543457,17.3193305716687,-1.08834278583527,-1.06893920898438,13.403005505073,11.5459011857884
2074,1712338271.14764,vehicle.toyota.prius,93.8187561035156,70.7991714477539,236.163009643555,17.4607847123336,-1.09567153453827,-1.06649780273438,13.5377748678341,11.6952917119419
2075,1712338271.24881,vehicle.toyota.prius,93.4034042358399,71.052978515625,236.153762817383,17.5881398722521,-1.10446202754974,-1.06271362304688,13.6538151260358,11.8421809679989
2076,1712338271.35011,vehicle.toyota.prius,93.4034042358399,71.052978515625,236.153762817383,17.5881398722521,-1.10446202754974,-1.06271362304688,10.2887149297541,11.7256710151305
2077,1712338271.4514,vehicle.toyota.prius,92.9819641113281,71.3032073974609,236.14436340332,17.7036335756102,-1.10782241821289,-1.0587158203125,13.7711521924094,11.8790821034265
2078,1712338271.55268,vehicle.toyota.prius,92.5546493530274,71.5493621826172,236.134918212891,17.807520283004,-1.11306810379028,-1.05462646484375,13.8896987670909,12.0298783532013
2079,1712338271.65392,vehicle.toyota.prius,92.1216659545899,71.7909164428711,236.125305175781,17.8998108995088,-1.12096381187439,-1.04974365234375,13.9795330726658,12.1761024571611
2080,1712338271.75512,vehicle.toyota.prius,92.1216659545899,71.7909164428711,236.125305175781,17.8998108995088,-1.12096381187439,-1.04974365234375,10.5180472452939,12.0517483162711
2081,1712338271.85666,vehicle.toyota.prius,91.683219909668,72.0274658203125,236.11555480957,17.9798893188971,-1.12399637699127,-1.04580688476563,14.0532630618008,12.2018619221858
2082,1712338271.95768,vehicle.toyota.prius,91.2398834228516,72.2583465576172,236.105758666992,18.0172198548824,-1.12252104282379,-1.04196166992188,14.129806773959,12.3464577860688
2083,1712338272.05896,vehicle.toyota.prius,90.7910919189453,72.4791641235352,236.096282958984,18.0386589712778,-1.12325870990753,-1.0374755859375,14.1791367706438,12.4839087099119
2084,1712338272.16021,vehicle.toyota.prius,90.7910919189453,72.4791641235352,236.096282958984,18.0386589712778,-1.12325870990753,-1.0374755859375,10.6540096595572,12.3466662811353
2085,1712338272.26144,vehicle.toyota.prius,90.3365859985352,72.6915283203125,236.087265014648,18.0914493480213,-1.12185847759247,-1.03384399414063,14.2184095981474,12.4870470299112
2086,1712338272.36246,vehicle.toyota.prius,89.8768157958984,72.8971252441406,236.077392578125,18.2032652637935,-1.11013793945313,-0.872833251953125,14.2719034575686,12.6209112619855
2087,1712338272.4636,vehicle.toyota.prius,89.4106063842773,73.096565246582,236.067687988281,18.3755933572151,-1.09436011314392,-0.962799072265625,14.3207139538128,12.7483964638726
2088,1712338272.56493,vehicle.toyota.prius,88.9393997192383,73.2903518676758,236.057922363281,18.5168153351029,-1.0817312002182,-1.04510498046875,14.3862314901976,12.871234090847
2089,1712338272.66678,vehicle.toyota.prius,88.9393997192383,73.2903518676758,236.057922363281,18.5168153351029,-1.0817312002182,-1.04510498046875,14.3690267806098,12.9835685425792
2090,1712338272.76781,vehicle.toyota.prius,88.4645767211914,73.4786834716797,236.048202514648,18.4535096520645,-1.07348716259003,-1.11532592773438,14.4402730835268,13.0928213831502
2091,1712338272.86895,vehicle.toyota.prius,87.9940490722656,73.6588592529297,236.038467407227,18.131998712037,-1.07266068458557,-1.17446899414063,14.438560661256,13.1937518290082
2092,1712338272.97001,vehicle.toyota.prius,87.5184555053711,73.8355331420898,236.02912902832,18.2967228658847,-1.06277060508728,-1.22442626953125,14.4430594502065,13.287449900598
2093,1712338273.07187,vehicle.toyota.prius,87.5184555053711,73.8355331420898,236.02912902832,18.2967228658847,-1.06277060508728,-1.22442626953125,10.8097919316176,13.1016255529245
2094,1712338273.17289,vehicle.toyota.prius,87.0409622192383,74.0083541870117,236.01969909668,18.0745071602606,-1.07076871395111,-1.26351928710938,14.4397846064015,13.2019874819353
2095,1712338273.27395,vehicle.toyota.prius,86.5644989013672,74.1764144897461,236.010131835937,18.3116273458229,-1.07622599601746,-1.2939453125,14.3996488256208,13.2918120827117
2096,1712338273.37499,vehicle.toyota.prius,86.5644989013672,74.1764144897461,236.010131835937,18.3116273458229,-1.07622599601746,-1.2939453125,10.8177863041132,13.1062601493168
2097,1712338273.47601,vehicle.toyota.prius,86.0814819335937,74.3425140380859,236.000106811523,18.5069413513277,-1.10280907154083,-1.3145751953125,10.8432454279754,12.9365340452162
2098,1712338273.57705,vehicle.toyota.prius,85.6017456054687,74.5038757324219,235.990646362305,18.2449716747714,-1.11138784885407,-1.3253173828125,14.4680271044342,13.0513960246576
2099,1712338273.67807,vehicle.toyota.prius,85.121337890625,74.6608200073242,235.980819702148,18.323349593083,-1.12631177902222,-1.32611083984375,14.4507811934548,13.1563499123173
2100,1712338273.7791,vehicle.toyota.prius,85.121337890625,74.6608200073242,235.980819702148,18.323349593083,-1.12631177902222,-1.32611083984375,10.8507192046482,12.9834276092422
2101,1712338273.88019,vehicle.toyota.prius,84.6354598999023,74.8156509399414,235.971160888672,18.1969992851827,-1.13719916343689,-1.31695556640625,14.4840186471938,13.0959719370885
2102,1712338273.98197,vehicle.toyota.prius,84.1531524658203,74.9657821655273,235.9609375,18.2279813539975,-1.16402804851532,-1.29824829101563,14.4218621310044,13.1954137016322
2103,1712338274.0834,vehicle.toyota.prius,83.6654205322266,75.1134796142578,235.950790405273,18.4943454178906,-1.18261301517487,-1.26925659179688,14.4356172409622,13.288428967082
2104,1712338274.18496,vehicle.toyota.prius,83.6654205322266,75.1134796142578,235.950790405273,18.4943454178906,-1.18261301517487,-1.26925659179688,10.8305210871693,13.1040858760885
2105,1712338274.28615,vehicle.toyota.prius,83.1788330078125,75.2568435668945,235.940383911133,18.2702394577542,-1.20122528076172,-1.22988891601563,14.4289183612455,13.2034483124753
2106,1712338274.38748,vehicle.toyota.prius,82.6928329467773,75.3946380615234,235.929656982422,18.296916165023,-1.21254980564117,-1.18124389648438,14.3879721086134,13.2922875971857
2107,1712338274.4886,vehicle.toyota.prius,82.6928329467773,75.3946380615234,235.929656982422,18.296916165023,-1.21254980564117,-1.18124389648438,10.8172560049227,13.1066602277659
2108,1712338274.58964,vehicle.toyota.prius,82.2027893066406,75.5292510986328,235.918914794922,18.1119589442423,-1.23064970970154,-1.12237548828125,10.8155975078176,12.9348305237698
2109,1712338274.69085,vehicle.toyota.prius,81.7148056030274,75.6585464477539,235.907897949219,18.254587730971,-1.24960350990295,-1.0540771484375,14.4160410779782,13.0459213153354
2110,1712338274.79219,vehicle.toyota.prius,81.2229309082031,75.7837677001953,235.896789550781,18.3478734849077,-1.26186370849609,-0.994140625,14.4140125426792,13.1485281573862
2111,1712338274.89324,vehicle.toyota.prius,81.2229309082031,75.7837677001953,235.896789550781,18.3478734849077,-1.26186370849609,-0.994140625,10.8258171709436,12.974324833403
2112,1712338274.99433,vehicle.toyota.prius,80.7351989746094,75.9021682739258,235.885665893555,18.1251104862857,-1.28396618366241,-0.9615478515625,14.399266970631,13.0811954936951
2113,1712338275.09561,vehicle.toyota.prius,80.243896484375,76.0155868530273,235.874664306641,18.048177902415,-1.29653370380402,-0.92822265625,14.3640856805552,13.1774122577096
2114,1712338275.19704,vehicle.toyota.prius,79.7531051635742,76.1228561401367,235.863327026367,18.1291117010707,-1.3048392534256,-0.894439697265625,14.3402389954033,13.2646242630367
2115,1712338275.29818,vehicle.toyota.prius,79.7531051635742,76.1228561401367,235.863327026367,18.1291117010707,-1.3048392534256,-0.894439697265625,10.7347930303046,13.0748869205817
2116,1712338275.3992,vehicle.toyota.prius,79.2606201171875,76.2236785888672,235.851989746094,18.1346286162794,-1.30761909484863,-0.855743408203125,14.3121836695243,13.1676841767524
2117,1712338275.50035,vehicle.toyota.prius,78.7664794921875,76.3176116943359,235.841171264648,18.0159206663513,-1.28820097446442,-0.82061767578125,14.3180900117389,13.2539646143764
2118,1712338275.60149,vehicle.toyota.prius,78.2720947265625,76.4039993286133,235.830322265625,18.0664452431085,-1.2608597278595,-0.785003662109375,14.3052697952104,13.332812502939
2119,1712338275.70252,vehicle.toyota.prius,78.2720947265625,76.4039993286133,235.830322265625,18.0664452431085,-1.2608597278595,-0.785003662109375,10.7386975743188,13.1382538832925
2120,1712338275.80367,vehicle.toyota.prius,77.7784881591797,76.4821853637695,235.819854736328,17.9487334303368,-1.20159411430359,-0.74224853515625,14.2972170203316,13.2251761185704
2121,1712338275.9048,vehicle.toyota.prius,77.2867813110352,76.5517349243164,235.810287475586,17.8124784791706,-1.12273955345154,-0.7056884765625,14.2502700875656,13.302058166245
2122,1712338276.00628,vehicle.toyota.prius,76.7978973388672,76.6124114990234,235.801940917969,17.6542615952152,-1.01034879684448,-0.66436767578125,14.1667148900059,13.3669074205271
2123,1712338276.10763,vehicle.toyota.prius,76.7978973388672,76.6124114990234,235.801940917969,17.6542615952152,-1.01034879684448,-0.66436767578125,10.5914990491957,13.1587517926772
2124,1712338276.20881,vehicle.toyota.prius,76.3127288818359,76.6641540527344,235.794479370117,17.4662745403948,-0.884120106697083,-0.627288818359375,14.0567292326356,13.2261001006741
2125,1712338276.30987,vehicle.toyota.prius,75.8322906494141,76.7071762084961,235.788131713867,17.2539001140358,-0.740201234817505,-0.584381103515625,13.9347841926215,13.2792514075702
2126,1712338276.41104,vehicle.toyota.prius,75.3574905395508,76.7420425415039,235.782852172852,17.0103403108013,-0.586883962154388,-0.547027587890625,13.7876861569968,13.3173840137772
2127,1712338276.51269,vehicle.toyota.prius,75.3574905395508,76.7420425415039,235.782852172852,17.0103403108013,-0.586883962154388,-0.547027587890625,10.2819620553376,13.0897273668942
2128,1712338276.61373,vehicle.toyota.prius,74.8891143798828,76.7693099975586,235.778900146484,16.7623588744533,-0.434174597263336,-0.501800537109375,13.6243311994842,13.1298226543384
2129,1712338276.71482,vehicle.toyota.prius,74.4274139404297,76.7902603149414,235.776168823242,16.4974360180769,-0.27749690413475,-0.46441650390625,13.4436129821465,13.1533569289241
2130,1712338276.8163,vehicle.toyota.prius,73.9731597900391,76.8059387207031,235.774703979492,16.2180706979991,-0.130224376916885,-0.427154541015625,13.23472475316,13.1594595157418
2131,1712338276.91734,vehicle.toyota.prius,73.9731597900391,76.8059387207031,235.774703979492,16.2180706979991,-0.130224376916885,-0.427154541015625,9.85371987606923,12.9115290427663
2132,1712338277.01852,vehicle.toyota.prius,73.5267639160156,76.8177871704102,235.774063110352,15.924168948103,0.0082576982676982,-0.39007568359375,13.0405013025137,12.9212019622474
2133,1712338277.1203,vehicle.toyota.prius,73.0886535644531,76.8273773193359,235.774307250977,15.6281918480083,0.123885966837406,-0.3326416015625,12.8018688314677,12.9122519774389
2134,1712338277.22182,vehicle.toyota.prius,72.6588287353516,76.8360977172852,235.775085449219,15.3280241604312,0.225061550736427,-0.46563720703125,12.5622570321344,12.8860023565411
2135,1712338277.32415,vehicle.toyota.prius,72.6588287353516,76.8360977172852,235.775085449219,15.3280241604312,0.225061550736427,-0.46563720703125,9.31951978802419,12.6185161639023
2136,1712338277.42517,vehicle.toyota.prius,72.2375106811523,76.8452758789063,235.776672363281,15.0296958149509,0.301238656044006,-0.578399658203125,12.3070993933649,12.595159906112
2137,1712338277.52644,vehicle.toyota.prius,71.8245239257813,76.8562240600586,235.778625488281,14.7328240810586,0.364390581846237,-0.6646728515625,12.0681361025893,12.5556331208478
2138,1712338277.62747,vehicle.toyota.prius,71.8245239257813,76.8562240600586,235.778625488281,14.7328240810586,0.364390581846237,-0.6646728515625,8.97548244367908,12.2871218200601
2139,1712338277.72901,vehicle.toyota.prius,71.420036315918,76.8698425292969,235.781356811523,14.4371983511871,0.407133907079697,-0.755584716796875,8.79618888358429,12.0253018498244
2140,1712338277.83004,vehicle.toyota.prius,71.0238418579102,76.8866424560547,235.784286499023,14.1450494278095,0.446489453315735,-0.777099609375,11.640592045822,11.9964486145243
2141,1712338277.93129,vehicle.toyota.prius,70.6360244750977,76.9068984985352,235.787704467773,13.8528244032341,0.480674535036087,-0.77105712890625,11.4001063719554,11.9517229463316
2142,1712338278.03251,vehicle.toyota.prius,70.2564849853516,76.9306640625,235.79118347168,13.5657240842669,0.513725817203522,-0.743865966796875,11.167534449845,11.8929088090951
2143,1712338278.13374,vehicle.toyota.prius,70.2564849853516,76.9306640625,235.79118347168,13.5657240842669,0.513725817203522,-0.743865966796875,11.1630641396057,11.8381704588834
2144,1712338278.23479,vehicle.toyota.prius,69.8851852416992,76.9578628540039,235.794784545898,13.2773574966936,0.550267338752747,-0.698944091796875,10.9430320400005,11.7710350774672
2145,1712338278.33588,vehicle.toyota.prius,69.5220260620117,76.9875106811523,235.798614501953,12.9944963885733,0.587095737457275,-0.66351318359375,10.7127035228613,11.6916602108717
2146,1712338278.43694,vehicle.toyota.prius,69.1668014526367,77.0188980102539,235.802459716797,12.71669069151,0.624757349491119,-0.590179443359375,10.4910839685023,11.601616992694
2147,1712338278.53844,vehicle.toyota.prius,69.1668014526367,77.0188980102539,235.802459716797,12.71669069151,0.624757349491119,-0.590179443359375,7.7794509358425,11.3149545384302
2148,1712338278.63947,vehicle.toyota.prius,68.8199691772461,77.0514373779297,235.806457519531,12.3937783615422,0.660977840423584,-0.50128173828125,10.2624292319134,11.2360151404414
2149,1712338278.74045,vehicle.toyota.prius,68.4831771850586,77.0839157104492,235.810440063477,12.0162224695978,0.68867427110672,-0.3985595703125,10.0224617073014,11.1449986329559
2150,1712338278.84167,vehicle.toyota.prius,68.1571731567383,77.1147842407227,235.814392089844,11.6154986330481,0.714198708534241,-0.283843994140625,9.75733609987444,11.0409239429748
2151,1712338278.94274,vehicle.toyota.prius,68.1571731567383,77.1147842407227,235.814392089844,11.6154986330481,0.714198708534241,-0.283843994140625,7.21874283293179,10.7542603597216
2152,1712338279.04368,vehicle.toyota.prius,67.8421630859375,77.1429443359375,235.818634033203,11.2125152292056,0.746423542499542,-0.158782958984375,9.48055309655031,10.6587323149837
2153,1712338279.14472,vehicle.toyota.prius,67.5378189086914,77.1678237915039,235.822692871094,10.8291261574309,0.774024307727814,-0.0360107421875,9.17378899585586,10.5473615660491
2154,1712338279.24578,vehicle.toyota.prius,67.2434768676758,77.1891174316406,235.826812744141,10.4728953642346,0.803038954734802,-0.0360107421875,8.86417178006723,10.4211223321005
2155,1712338279.34713,vehicle.toyota.prius,66.9582214355469,77.2046127319336,235.830856323242,10.1599441743169,0.818406879901886,0.021087646484375,8.56387143060712,10.2818285144885
2156,1712338279.44901,vehicle.toyota.prius,66.9582214355469,77.2046127319336,235.830856323242,10.1599441743169,0.818406879901886,0.021087646484375,8.55020365539774,10.1519566500567
2157,1712338279.55041,vehicle.toyota.prius,66.6808013916016,77.2138824462891,235.834701538086,9.88804552590151,0.82942396402359,0.15863037109375,8.26687834341366,10.0105757770585
2158,1712338279.65147,vehicle.toyota.prius,66.4102096557617,77.2168121337891,235.838668823242,9.65835425491808,0.848985612392426,0.30316162109375,8.0190232401981,9.86120933679393
2159,1712338279.75369,vehicle.toyota.prius,66.4102096557617,77.2168121337891,235.838668823242,9.65835425491808,0.848985612392426,0.30316162109375,5.90993699759178,9.56486391135377
2160,1712338279.85486,vehicle.toyota.prius,66.1456909179688,77.2125930786133,235.842910766602,9.45750082527658,0.877153337001801,0.454254150390625,5.76209650586348,9.279656355942
2161,1712338279.95584,vehicle.toyota.prius,65.8865509033203,77.2011871337891,235.847198486328,9.29519452844086,0.900478422641754,0.493408203125,7.61295000684926,9.15465337976004
2162,1712338280.05724,vehicle.toyota.prius,65.6319732666016,77.1830673217773,235.851257324219,9.16196065792883,0.920005917549133,0.56585693359375,7.45388835936401,9.02709600323034
2163,1712338280.1583,vehicle.toyota.prius,65.3815536499023,77.1581802368164,235.855285644531,9.04728888400449,0.937067747116089,0.725555419921875,7.31926894303305,8.89900897371554
2164,1712338280.25962,vehicle.toyota.prius,65.3815536499023,77.1581802368164,235.855285644531,9.04728888400449,0.937067747116089,0.725555419921875,7.33235519113503,8.78150994002201
2165,1712338280.36068,vehicle.toyota.prius,65.1350860595703,77.1263885498047,235.859420776367,8.948668039915,0.946015298366547,0.891876220703125,7.21959586420556,8.66436638433577
2166,1712338280.46209,vehicle.toyota.prius,64.8922576904297,77.088020324707,235.863555908203,8.86132975688082,0.956970930099487,1.06466674804688,7.11716734486175,8.54832645637522
2167,1712338280.56318,vehicle.toyota.prius,64.6529541015625,77.0434188842773,235.867614746094,8.7806178022254,0.967933356761932,1.164306640625,7.03766794233933,8.43502706782253
2168,1712338280.66439,vehicle.toyota.prius,64.6529541015625,77.0434188842773,235.867614746094,8.7806178022254,0.967933356761932,1.164306640625,5.24739107886026,8.19595436865036
2169,1712338280.76551,vehicle.toyota.prius,64.417236328125,76.9926223754883,235.87174987793,8.70494578351493,0.976894557476044,1.164306640625,6.96365358583394,8.10353180993913
2170,1712338280.86692,vehicle.toyota.prius,64.1851119995117,76.9358825683594,235.876083374023,8.62120603073822,1.0010187625885,1.37823486328125,6.89106294970821,8.01259664542181
2171,1712338280.968,vehicle.toyota.prius,63.9577369689941,76.8733062744141,235.881072998047,8.48325054739626,1.04249858856201,1.56637573242188,6.82434783417761,7.92347798457849
2172,1712338281.06914,vehicle.toyota.prius,63.9577369689941,76.8733062744141,235.881072998047,8.48325054739626,1.04249858856201,1.56637573242188,5.09343428219455,7.7112247068997
2173,1712338281.17025,vehicle.toyota.prius,63.7368202209473,76.8057708740234,235.885330200195,8.3077787100552,1.04837930202484,1.75836181640625,6.73682189845352,7.63814449626623
2174,1712338281.27129,vehicle.toyota.prius,63.5214233398438,76.7339859008789,235.88899230957,8.20246590028418,1.02288222312927,1.95431518554688,6.63762695223153,7.56310568046363
2175,1712338281.37244,vehicle.toyota.prius,63.3094673156738,76.6574401855469,235.893524169922,8.14200693408622,1.06294131278992,1.97665405273438,6.54470990502411,7.48672599730566
2176,1712338281.4735,vehicle.toyota.prius,63.3094673156738,76.6574401855469,235.893524169922,8.14200693408622,1.06294131278992,1.97665405273438,4.8668294441813,7.29023375582134
2177,1712338281.57453,vehicle.toyota.prius,63.1000785827637,76.5753326416016,235.899871826172,8.14904561159539,1.17833733558655,2.1727294921875,6.46888882420693,7.22863288595026
2178,1712338281.67558,vehicle.toyota.prius,62.8915939331055,76.4872589111328,235.906768798828,8.22580761226453,1.3032478094101,2.30416870117187,6.43659132933618,7.1692297692042
2179,1712338281.7768,vehicle.toyota.prius,62.6825752258301,76.3928298950195,235.913360595703,8.35954461363443,1.41042721271515,2.30416870117187,6.45136452893852,7.11538987618428
2180,1712338281.87842,vehicle.toyota.prius,62.6825752258301,76.3928298950195,235.913360595703,8.35954461363443,1.41042721271515,2.30416870117187,4.84335817655769,6.94498749871228
2181,1712338281.97959,vehicle.toyota.prius,62.4720344543457,76.2913284301758,235.919738769531,8.53709508615623,1.50697183609009,2.30416870117187,6.50407125717524,6.911918780597
2182,1712338282.08069,vehicle.toyota.prius,62.2591743469238,76.1819000244141,235.925567626953,8.76446120906541,1.57554018497467,0.300140231847763,6.60555697736327,6.88894164535447
2183,1712338282.18181,vehicle.toyota.prius,62.0434799194336,76.0636291503906,235.931564331055,9.01068627628841,1.65561723709106,0.31158658862114,6.74406122578205,6.87807561388654
2184,1712338282.2829,vehicle.toyota.prius,62.0434799194336,76.0636291503906,235.931564331055,9.01068627628841,1.65561723709106,0.31158658862114,5.11539149902532,6.74587430527195
2185,1712338282.38394,vehicle.toyota.prius,61.8246879577637,75.9361343383789,235.936553955078,9.32263149818657,1.65408051013947,0.314763009548187,6.92309757921263,6.7591660508175
2186,1712338282.48503,vehicle.toyota.prius,61.6021614074707,75.7978973388672,235.94091796875,9.65244156850278,1.62533223628998,0.318059593439102,7.12451936281959,6.78656754921766
2187,1712338282.58608,vehicle.toyota.prius,61.3755416870117,75.6485595703125,235.944900512695,9.99305949279212,1.6076078414917,0.210703864693642,7.35330381530907,6.82907276917451
2188,1712338282.68737,vehicle.toyota.prius,61.3755416870117,75.6485595703125,235.944900512695,9.99305949279212,1.6076078414917,0.210703864693642,5.60062609530384,6.73693926863421
2189,1712338282.78842,vehicle.toyota.prius,61.1452827453613,75.4874420166016,235.948776245117,10.3418684487164,1.59523844718933,0.210703864693642,7.6003443754197,6.80169465164312
2190,1712338282.88954,vehicle.toyota.prius,60.9120750427246,75.3149490356445,235.953765869141,10.676566925987,1.52783131599426,0.210703864693642,7.86148995427883,6.8811792993408
2191,1712338282.99059,vehicle.toyota.prius,60.6775588989258,75.1300888061523,235.96028137207,10.9956169331205,1.39115238189697,0.210703864693642,8.12290716671562,6.97430888939391
2192,1712338283.09217,vehicle.toyota.prius,60.6775588989258,75.1300888061523,235.96028137207,10.9956169331205,1.39115238189697,0.210703864693642,6.18588342346521,6.91517697944926
2193,1712338283.19331,vehicle.toyota.prius,60.4419364929199,74.9331512451172,235.968063354492,11.3081117222866,1.19993436336517,0.210703864693642,8.37070949346165,7.02434191800019
2194,1712338283.29439,vehicle.toyota.prius,60.2055473327637,74.7239532470703,235.975891113281,11.6121944301492,1.00909209251404,0.210703864693642,8.61690100014999,7.14378384916142
2195,1712338283.3959,vehicle.toyota.prius,59.9826545715332,74.4946060180664,235.98307800293,11.7730936605608,0.829396665096283,0.210703864693642,8.81584294880038,7.26918828163434
2196,1712338283.49733,vehicle.toyota.prius,59.9826545715332,74.4946060180664,235.98307800293,11.7730936605608,0.829396665096283,0.210703864693642,6.69170181682132,7.22587679677337
2197,1712338283.59864,vehicle.toyota.prius,59.7712287902832,74.2449493408203,235.989685058594,12.1409686240805,0.645029366016388,0.210703864693642,9.00720316090827,7.35947627408348
2198,1712338283.69968,vehicle.toyota.prius,59.5691146850586,73.9748916625977,235.994659423828,12.5456906358312,0.52109557390213,0.210703864693642,9.21716406742846,7.49880285858436
2199,1712338283.80075,vehicle.toyota.prius,59.3750953674316,73.6832046508789,235.997573852539,13.0280464879943,0.469520837068558,0.210703864693642,9.46759086073097,7.64646195874535
2200,1712338283.90184,vehicle.toyota.prius,59.1857032775879,73.3707275390625,235.999801635742,13.5743513528986,0.41513204574585,0.210703864693642,9.80416499190811,7.80828968623256
2201,1712338284.00351,vehicle.toyota.prius,59.1857032775879,73.3707275390625,235.999801635742,13.5743513528986,0.41513204574585,0.210703864693642,9.79963476229601,7.95764056693732
2202,1712338284.10487,vehicle.toyota.prius,59.0042381286621,73.0364532470703,236.001815795898,14.1148055606625,0.34789565205574,0.210703864693642,10.1793063520311,8.12426550081936
2203,1712338284.20619,vehicle.toyota.prius,58.8345832824707,72.6795501708984,236.003509521484,14.6541732771475,0.281513065099716,0.210703864693642,10.5839015300156,8.30873820300908
2204,1712338284.30723,vehicle.toyota.prius,58.8345832824707,72.6795501708984,236.003509521484,14.6541732771475,0.281513065099716,0.210703864693642,8.10268487415028,8.29328420334467
2205,1712338284.40865,vehicle.toyota.prius,58.676628112793,72.3002243041992,236.004928588867,15.2184292011686,0.206831783056259,0.210703864693642,8.42020088353216,8.30280295435873
2206,1712338284.5101,vehicle.toyota.prius,58.5337829589844,71.8985214233399,236.006576538086,15.7397748270192,0.168705657124519,0.210703864693642,11.4418592494349,8.53823217648944
2207,1712338284.61143,vehicle.toyota.prius,58.4083366394043,71.4757308959961,236.010406494141,16.228031110475,0.238517016172409,0.328861802816391,11.8725922334454,8.78830918076114
2208,1712338284.71306,vehicle.toyota.prius,58.4083366394043,71.4757308959961,236.010406494141,16.228031110475,0.238517016172409,0.328861802816391,9.07023281232515,8.80945345312844
2209,1712338284.81412,vehicle.toyota.prius,58.3027381896973,71.0337753295898,236.014022827148,16.6996071860887,0.314181864261627,0.600020229816437,12.2839227915924,9.07003865351324
2210,1712338284.91548,vehicle.toyota.prius,58.2201538085937,70.5740737915039,236.018600463867,17.0942908531968,0.467471778392792,0.747761428356171,12.6827534685865,9.34099226464374
2211,1712338285.01677,vehicle.toyota.prius,58.2201538085937,70.5740737915039,236.018600463867,17.0942908531968,0.467471778392792,0.747761428356171,9.67120894062355,9.36575851534223
2212,1712338285.11807,vehicle.toyota.prius,58.1578369140625,70.1002349853516,236.029113769531,17.437480857414,0.881900310516357,1.02717339992523,9.93557204047061,9.40849452972686
2213,1712338285.21936,vehicle.toyota.prius,58.1163864135742,69.6129837036133,236.040481567383,17.8158800701445,1.31718146800995,1.31162118911743,13.4084300147927,9.70848969110679
2214,1712338285.3207,vehicle.toyota.prius,58.0905952453613,69.1133499145508,236.051498413086,18.1719743262123,1.75556337833405,1.46845901012421,13.7329550943072,10.0103245963468
2215,1712338285.42172,vehicle.toyota.prius,58.0905952453613,69.1133499145508,236.051498413086,18.1719743262123,1.75556337833405,1.46845901012421,10.4308810114917,10.0418663274827
2216,1712338285.52276,vehicle.toyota.prius,58.077392578125,68.6034240722656,236.065048217773,18.5150248062629,2.07347464561462,1.76378464698792,14.0613754779284,10.3433295137661
2217,1712338285.62404,vehicle.toyota.prius,58.0641403198242,68.0843658447266,236.079879760742,18.9205831026102,2.24573874473572,2.0663731098175,14.3629752262554,10.6448029422028
2218,1712338285.72523,vehicle.toyota.prius,58.0641403198242,68.0843658447266,236.079879760742,18.9205831026102,2.24573874473572,2.0663731098175,10.8882407522144,10.6630607779537
2219,1712338285.82625,vehicle.toyota.prius,58.0577735900879,67.5586471557617,236.097900390625,19.2821774628609,2.05468463897705,2.37418031692505,11.0784376075865,10.6942140401761
2220,1712338285.92731,vehicle.toyota.prius,58.0555229187012,67.0224227905274,236.116638183594,19.6649284698301,1.81928908824921,2.68823099136353,14.8977110002219,11.0094763121796
2221,1712338286.02831,vehicle.toyota.prius,58.0533866882324,66.4746170043945,236.134414672852,20.044903326434,1.66713976860046,3.00845813751221,15.1679199556496,11.3213595854398
2222,1712338286.12935,vehicle.toyota.prius,58.0533866882324,66.4746170043945,236.134414672852,20.044903326434,1.66713976860046,3.00845813751221,11.4751606258519,11.3328946634707
2223,1712338286.23037,vehicle.toyota.prius,58.0494422912598,65.9159622192383,236.152297973633,20.417158751511,1.54444229602814,3.33364772796631,15.4626550191799,11.6426266901489
2224,1712338286.33187,vehicle.toyota.prius,58.0424003601074,65.3462600708008,236.168426513672,20.7692563500595,1.53156733512878,3.66261434555054,15.7605295093782,11.9514694015911
2225,1712338286.43294,vehicle.toyota.prius,58.0296630859375,64.7675323486328,236.183746337891,21.0466635366169,1.5714830160141,3.99309825897217,16.0625331305421,12.2597991812624
2226,1712338286.53438,vehicle.toyota.prius,58.0296630859375,64.7675323486328,236.183746337891,21.0466635366169,1.5714830160141,3.99309825897217,12.1499105877383,12.2515575367481
2227,1712338286.63538,vehicle.toyota.prius,58.0104293823242,64.1830978393555,236.199462890625,21.2083617605292,1.60774445533752,4.32659196853638,16.3116899489018,12.5560674676597
2228,1712338286.73656,vehicle.toyota.prius,57.984504699707,63.5959053039551,236.216033935547,21.2776941769357,1.64276969432831,4.52201890945435,16.5126729886087,12.8528128817308
2229,1712338286.83771,vehicle.toyota.prius,57.9514312744141,63.0089645385742,236.232650756836,21.2507431322193,1.65962660312653,4.44125461578369,16.6530979735291,13.1378342636157
2230,1712338286.93909,vehicle.toyota.prius,57.9514312744141,63.0089645385742,236.232650756836,21.2507431322193,1.65962660312653,4.44125461578369,12.5250310498085,13.0918740225802
2231,1712338287.04009,vehicle.toyota.prius,57.9119682312012,62.4240837097168,236.249755859375,21.1671025585497,1.68549931049347,4.27558088302612,16.7098932543264,13.3632254649611
2232,1712338287.1411,vehicle.toyota.prius,57.8665237426758,61.8427810668945,236.266952514648,21.040408260669,1.70274555683136,4.11109399795532,16.6980832193892,13.6133397965432
2233,1712338287.24215,vehicle.toyota.prius,57.8155937194824,61.2661323547363,236.283798217773,20.8832566404938,1.69840836524963,3.94808769226074,16.639590807561,13.8403086223696
2234,1712338287.34319,vehicle.toyota.prius,57.8155937194824,61.2661323547363,236.283798217773,20.8832566404938,1.69840836524963,3.94808769226074,12.455346346482,13.736436451678
2235,1712338287.44419,vehicle.toyota.prius,57.7605895996094,60.6953659057617,236.302169799805,20.700278357027,1.60510802268982,3.85078096389771,16.5531356542398,13.9476888918701
2236,1712338287.54531,vehicle.toyota.prius,57.7003898620606,60.1296463012695,236.318496704102,20.4933728787477,1.60243737697601,3.69011831283569,16.4258570342737,14.1335515025504
2237,1712338287.64639,vehicle.toyota.prius,57.6381645202637,59.5698318481445,236.333465576172,20.2920346217488,1.63253808021545,3.53118062019348,16.2824388301643,14.2947180521214
2238,1712338287.7475,vehicle.toyota.prius,57.6381645202637,59.5698318481445,236.333465576172,20.2920346217488,1.63253808021545,3.53118062019348,12.1552395107495,14.1342571615186
2239,1712338287.84853,vehicle.toyota.prius,57.5730209350586,59.0168190002441,236.349395751953,20.0728838538111,1.61682868003845,3.37424111366272,16.1234875895658,14.2834494436221
2240,1712338287.94955,vehicle.toyota.prius,57.5059700012207,58.4702491760254,236.365127563477,19.8476451570335,1.6097320318222,3.21917867660522,15.9606041319653,14.4092360452478
2241,1712338288.05065,vehicle.toyota.prius,57.4377975463867,57.9301567077637,236.380661010742,19.6213647509011,1.60855722427368,3.08113670349121,15.7864486688934,14.5125269920213
2242,1712338288.15198,vehicle.toyota.prius,57.369987487793,57.3963088989258,236.39582824707,19.3982149035545,1.61322224140167,2.97233891487122,15.5999014138978,14.594080073662
2243,1712338288.25385,vehicle.toyota.prius,57.369987487793,57.3963088989258,236.39582824707,19.3982149035545,1.61322224140167,2.97233891487122,15.5763306720623,14.667748868542
2244,1712338288.35487,vehicle.toyota.prius,57.3017501831055,56.8687629699707,236.41081237793,19.1813604663191,1.61415123939514,2.82187032699585,15.3997856032859,14.7226516236478
2245,1712338288.45603,vehicle.toyota.prius,57.2383155822754,56.3466491699219,236.425521850586,18.9724652507704,1.61053800582886,2.67291450500488,15.2198940096674,14.7599448025993
2246,1712338288.55706,vehicle.toyota.prius,57.2383155822754,56.3466491699219,236.425521850586,18.9724652507704,1.61053800582886,2.67291450500488,11.3504155260574,14.5042301068586
2247,1712338288.65813,vehicle.toyota.prius,57.178840637207,55.8298377990723,236.439743041992,18.7815175690273,1.58777296543121,2.52544188499451,11.2286799491373,14.2585638450295
2248,1712338288.7593,vehicle.toyota.prius,57.1227836608887,55.3178291320801,236.45344543457,18.6088808939202,1.54970836639404,2.37931418418884,14.9138519219473,14.3077104507984
2249,1712338288.86045,vehicle.toyota.prius,57.0705108642578,54.8099822998047,236.464920043945,18.4954431385915,1.41113066673279,2.23434472084045,14.7568095347305,14.3413928820933
2250,1712338288.96169,vehicle.toyota.prius,57.0705108642578,54.8099822998047,236.464920043945,18.4954431385915,1.41113066673279,2.23434472084045,11.0086377172921,14.0914362447332
2251,1712338289.06272,vehicle.toyota.prius,57.0202865600586,54.3053588867187,236.474304199219,18.3843099308538,1.20817160606384,2.09028005599976,14.619544178426,14.1310443397602
2252,1712338289.16388,vehicle.toyota.prius,56.9713287353516,53.8036346435547,236.486267089844,18.1896766308626,1.17367231845856,1.94703435897827,14.5020313690787,14.158868366959
2253,1712338289.26531,vehicle.toyota.prius,56.9243621826172,53.2956771850586,236.502258300781,18.3722380529714,1.26997113227844,1.85956645011902,14.4597141289411,14.1814317991077
2254,1712338289.36725,vehicle.toyota.prius,56.9243621826172,53.2956771850586,236.502258300781,18.3722380529714,1.26997113227844,1.85956645011902,10.8100693335796,13.9285796141931
2255,1712338289.46865,vehicle.toyota.prius,56.8788261413574,52.7852363586426,236.518280029297,18.2387598774892,1.38197255134583,1.71331191062927,14.4473098366819,13.9674843808797
2256,1712338289.56979,vehicle.toyota.prius,56.8351860046387,52.2812080383301,236.533279418945,17.956664473644,1.51397967338562,1.56889474391937,14.4367782930098,14.0026814242895
2257,1712338289.6715,vehicle.toyota.prius,56.7922782897949,51.7750511169434,236.544845581055,18.3343310705161,1.78367650508881,1.42386794090271,14.4483974721083,14.0361101278759
2258,1712338289.77257,vehicle.toyota.prius,56.7922782897949,51.7750511169434,236.544845581055,18.3343310705161,1.78367650508881,1.42386794090271,10.8367105583275,13.7961551601598
2259,1712338289.87392,vehicle.toyota.prius,56.7498359680176,51.2675514221191,236.559097290039,18.2715113301361,2.12444138526916,1.27845621109009,14.4689890472387,13.8466177016907
2260,1712338289.97502,vehicle.toyota.prius,56.7079315185547,50.7667236328125,236.573745727539,18.1777291080192,2.03885245323181,1.13495624065399,14.4073919014432,13.8886757666721
2261,1712338290.07642,vehicle.toyota.prius,56.6676063537598,50.2647209167481,236.590362548828,17.9368960641009,1.97647225856781,0.991119921207428,14.3837575801982,13.9258069026866
2262,1712338290.17748,vehicle.toyota.prius,56.6676063537598,50.2647209167481,236.590362548828,17.9368960641009,1.97647225856781,0.991119921207428,10.7872977323641,13.6904187149124
2263,1712338290.27856,vehicle.toyota.prius,56.6275634765625,49.7623176574707,236.607376098633,18.2580597553808,1.9365565776825,0.847168803215027,14.3749443804311,13.7417581398263
2264,1712338290.37961,vehicle.toyota.prius,56.5879669189453,49.2594604492188,236.62434387207,18.203819356897,1.89390885829926,0.740797102451324,14.3495994877936,13.7873462409239
2265,1712338290.48095,vehicle.toyota.prius,56.5484466552734,48.7591247558594,236.640869140625,18.1666502792886,1.85406160354614,0.740797102451324,14.3380629960105,13.8286499975553
2266,1712338290.58206,vehicle.toyota.prius,56.5484466552734,48.7591247558594,236.640869140625,18.1666502792886,1.85406160354614,0.740797102451324,10.7590398798274,13.5984292387258
2267,1712338290.6833,vehicle.toyota.prius,56.5092697143555,48.2563323974609,236.65950012207,18.0396391028906,1.72167885303497,0.740797102451324,14.3468952258561,13.6545641877605
2268,1712338290.7843,vehicle.toyota.prius,56.469367980957,47.7549171447754,236.675643920898,18.2088361736656,1.68354594707489,0.740797102451324,14.3416543226825,13.7060959478797
2269,1712338290.88535,vehicle.toyota.prius,56.4308013916016,47.2493362426758,236.689407348633,18.341759111117,1.72950625419617,0.740797102451324,14.3596850902249,13.7551151335556
2270,1712338290.98657,vehicle.toyota.prius,56.4308013916016,47.2493362426758,236.689407348633,18.341759111117,1.72950625419617,0.740797102451324,10.7878346059155,13.5325690939826
2271,1712338291.08767,vehicle.toyota.prius,56.3920593261719,46.7478752136231,236.70393371582,18.1843075980134,1.70241093635559,0.740797102451324,14.370531438659,13.5954162698333
2272,1712338291.18889,vehicle.toyota.prius,56.3534507751465,46.242847442627,236.718856811523,18.1384881463001,1.6641618013382,0.740797102451324,14.3858020475728,13.6546952031638
2273,1712338291.29014,vehicle.toyota.prius,56.3164138793945,45.7403030395508,236.733184814453,18.1613104841223,1.61624801158905,0.740797102451324,14.384902642823,13.7094607611382
2274,1712338291.39119,vehicle.toyota.prius,56.3164138793945,45.7403030395508,236.733184814453,18.1613104841223,1.61624801158905,0.740797102451324,10.7749198473166,13.4893701926016
2275,1712338291.49221,vehicle.toyota.prius,56.2801742553711,45.2353210449219,236.747161865234,18.3700861851681,1.55243360996246,0.740797102451324,14.3851420997601,13.5565530856385
2276,1712338291.59331,vehicle.toyota.prius,56.2454528808594,44.7340850830078,236.760360717773,18.0648091724426,1.49715006351471,0.740797102451324,14.3809546698977,13.6183832044579
2277,1712338291.69442,vehicle.toyota.prius,56.2122611999512,44.2315483093262,236.773941040039,18.1158657349518,1.4588258266449,0.740797102451324,14.3635903073041,13.6742737371714
2278,1712338291.7954,vehicle.toyota.prius,56.2122611999512,44.2315483093262,236.773941040039,18.1158657349518,1.4588258266449,0.740797102451324,10.779567855135,13.4571707960186
2279,1712338291.89645,vehicle.toyota.prius,56.1807518005371,43.729736328125,236.786758422852,18.1141789225752,1.41389691829681,0.740797102451324,14.3630241283158,13.5251097959409
2280,1712338291.99752,vehicle.toyota.prius,56.151496887207,43.2265892028809,236.799392700195,18.2580194202177,1.37271773815155,0.740797102451324,14.344883317057,13.5865928100246
2281,1712338292.09877,vehicle.toyota.prius,56.1243209838867,42.7243461608887,236.811401367187,18.1366789173674,1.32829415798187,0.740797102451324,14.3444023350174,13.6434285243991
2282,1712338292.19986,vehicle.toyota.prius,56.1243209838867,42.7243461608887,236.811401367187,18.1366789173674,1.32829415798187,0.740797102451324,10.7564524826859,13.4269053212706
2283,1712338292.30093,vehicle.toyota.prius,56.0995025634766,42.2213287353516,236.822448730469,18.1598508546693,1.29483985900879,0.84092903137207,14.3418468316291,13.4955259345475
2284,1712338292.40208,vehicle.toyota.prius,56.0772399902344,41.7184753417969,236.833511352539,18.2131615496829,1.23892116546631,0.840886116027832,14.3427070274851,13.5590645165178
2285,1712338292.50339,vehicle.toyota.prius,56.0772399902344,41.7184753417969,236.833511352539,18.2131615496829,1.23892116546631,0.840886116027832,10.7482499318927,13.3482534226709
2286,1712338292.60467,vehicle.toyota.prius,56.0575180053711,41.2182426452637,236.844131469727,18.0051332304525,1.17999029159546,0.840793669223785,10.7307385243177,13.1519398052944
2287,1712338292.70576,vehicle.toyota.prius,56.0401077270508,40.7195129394531,236.853698730469,17.9513425752326,1.12866818904877,0.840652406215668,14.2822236107504,13.2367110907036
2288,1712338292.80778,vehicle.toyota.prius,56.0253486633301,40.2232284545898,236.863311767578,17.844168462182,1.08075439929962,0.840466916561127,14.2046217463314,13.3093043898757
2289,1712338292.90895,vehicle.toyota.prius,56.0130081176758,39.7299270629883,236.872512817383,17.7403935054971,1.02113366127014,0.840307056903839,14.1335906177805,13.3711258569686
2290,1712338293.01056,vehicle.toyota.prius,56.0130081176758,39.7299270629883,236.872512817383,17.7403935054971,1.02113366127014,0.840307056903839,14.1250729084173,13.4276718858272
2291,1712338293.11161,vehicle.toyota.prius,56.0042304992676,39.2393455505371,236.880859375,17.6425051113408,0.959525406360626,0.840195655822754,14.0604140694865,13.4751275496017
2292,1712338293.21277,vehicle.toyota.prius,55.9984512329102,38.7513084411621,236.888610839844,17.5511686801534,0.899289965629578,0.840131878852844,13.9806399033555,13.5130409761332
2293,1712338293.3138,vehicle.toyota.prius,55.9951057434082,38.2656440734863,236.896026611328,17.4673759565077,0.841697812080383,0.840114772319794,13.9305186406107,13.544351800969
2294,1712338293.41524,vehicle.toyota.prius,55.9951057434082,38.2656440734863,236.896026611328,17.4673759565077,0.841697812080383,0.840114772319794,10.4138893237613,13.3095671151784
2295,1712338293.5163,vehicle.toyota.prius,55.9938545227051,37.7821502685547,236.903106689453,17.391640782517,0.784126162528992,0.789345622062683,13.8673183251445,13.3513984559259
2296,1712338293.61734,vehicle.toyota.prius,55.9941329956055,37.300422668457,236.910690307617,17.3159827926256,0.766026139259338,0.789345622062683,13.8038698919473,13.3853338136275
2297,1712338293.71845,vehicle.toyota.prius,55.9941329956055,37.300422668457,236.910690307617,17.3159827926256,0.766026139259338,0.789345622062683,10.3302699111445,13.1562040209413
2298,1712338293.81959,vehicle.toyota.prius,55.9964828491211,36.8203620910645,236.919708251953,17.2427345412515,0.838159799575806,0.789345622062683,10.2881625496109,12.9411009105915
2299,1712338293.92065,vehicle.toyota.prius,55.9972076416016,36.3428077697754,236.92448425293,17.1931815424062,0.752249658107758,0.789345622062683,13.6977439278268,12.9978491368841
2300,1712338294.02178,vehicle.toyota.prius,55.9988327026367,35.8664016723633,236.929229736328,17.1433145660847,0.699670851230621,0.789345622062683,13.6452564516935,13.0464046854948
2301,1712338294.12279,vehicle.toyota.prius,55.9988327026367,35.8664016723633,236.929229736328,17.1433145660847,0.699670851230621,0.789345622062683,10.2146320236544,12.8340217358568
2302,1712338294.22381,vehicle.toyota.prius,56.001106262207,35.3913078308105,236.93408203125,17.0936488285528,0.660998344421387,0.789345622062683,13.6009447098878,12.8915409589091
2303,1712338294.32487,vehicle.toyota.prius,56.0045166015625,34.9175071716309,236.938842773437,17.0477278791811,0.625898003578186,0.789345622062683,13.5584254685316,12.9415572971308
2304,1712338294.42616,vehicle.toyota.prius,56.0085525512695,34.4454612731934,236.94482421875,16.9980378726419,0.528212666511536,0.789345622062683,13.5130718227233,12.9844208865502
2305,1712338294.5272,vehicle.toyota.prius,56.0085525512695,34.4454612731934,236.94482421875,16.9980378726419,0.528212666511536,0.789345622062683,10.1218529585592,12.7697282919509
2306,1712338294.62821,vehicle.toyota.prius,56.0130348205566,33.9750633239746,236.951034545898,16.9457157897635,0.403090417385101,0.789345622062683,13.472689086191,12.8224503515189
2307,1712338294.72926,vehicle.toyota.prius,56.0166740417481,33.5051078796387,236.953338623047,16.8900208152036,0.427037060260773,0.789345622062683,13.4352120558982,12.8684074793474
2308,1712338294.83035,vehicle.toyota.prius,56.0204544067383,33.0370254516602,236.955947875977,16.8352165046761,0.397960960865021,0.783583879470825,13.3936297907003,12.9077991526988
2309,1712338294.93138,vehicle.toyota.prius,56.0204544067383,33.0370254516602,236.955947875977,16.8352165046761,0.397960960865021,0.783583879470825,10.0366966170195,12.6924664625229
2310,1712338295.03244,vehicle.toyota.prius,56.0242080688477,32.5707817077637,236.958724975586,16.7700194215722,0.345867097377777,0.761983871459961,13.3585695894891,12.7424241970453
2311,1712338295.1336,vehicle.toyota.prius,56.027473449707,32.1064720153809,236.961212158203,16.7011497022883,0.286294192075729,0.740473628044128,13.3109933893105,12.7850668864652
2312,1712338295.2347,vehicle.toyota.prius,56.0300216674805,31.6441478729248,236.96337890625,16.6279575236321,0.226352453231811,0.719055652618408,13.2552348259698,12.8203294819281
2313,1712338295.33642,vehicle.toyota.prius,56.0300216674805,31.6441478729248,236.96337890625,16.6279575236321,0.226352453231811,0.719055652618408,9.90874159188986,12.6019603901752
2314,1712338295.43743,vehicle.toyota.prius,56.0316963195801,31.183780670166,236.96501159668,16.5561604827544,0.172271028161049,0.69772869348526,13.1840117438783,12.6456142417029
2315,1712338295.53874,vehicle.toyota.prius,56.0323867797852,30.7254486083984,236.966278076172,16.4823838533715,0.117984682321548,0.67649644613266,13.1212134296159,12.6812841807964
2316,1712338295.63977,vehicle.toyota.prius,56.0323867797852,30.7254486083984,236.966278076172,16.4823838533715,0.117984682321548,0.67649644613266,9.82223972367742,12.4668558465125
2317,1712338295.74088,vehicle.toyota.prius,56.0320510864258,30.2690658569336,236.967224121094,16.409187289053,0.0771674737334251,0.655354917049408,9.77987638123061,12.2653323866164
2318,1712338295.84191,vehicle.toyota.prius,56.0305442810059,29.8146305084229,236.96794128418,16.3398025878914,0.0428935848176479,0.634304106235504,13.0294701893925,12.3226427218246
2319,1712338295.94329,vehicle.toyota.prius,56.0280075073242,29.3619689941406,236.968444824219,16.275607620945,0.0194387175142765,0.613335907459259,12.9652871185155,12.3708410515764
2320,1712338296.04454,vehicle.toyota.prius,56.0280075073242,29.3619689941406,236.968444824219,16.275607620945,0.0194387175142765,0.613335907459259,9.70464401881151,12.170876274119
2321,1712338296.14605,vehicle.toyota.prius,56.0242500305176,28.91086769104,236.968780517578,16.2239963034359,0.0039136982522904,0.59244042634964,12.9031138979745,12.2257940959082
2322,1712338296.2471,vehicle.toyota.prius,56.0194473266602,28.4609813690186,236.968612670898,16.1896983372036,-0.0205383785068988,0.571601748466492,12.8584077972748,12.2732401235107
2323,1712338296.34873,vehicle.toyota.prius,56.0136604309082,28.011775970459,236.96809387207,16.1707112563768,-0.0411723777651786,0.550794959068298,12.8064610603735,12.3132316937754
2324,1712338296.45013,vehicle.toyota.prius,56.0136604309082,28.011775970459,236.96809387207,16.1707112563768,-0.0411723777651786,0.550794959068298,9.59067914565405,12.1090402526663
2325,1712338296.55146,vehicle.toyota.prius,56.0068817138672,27.5628337860107,236.967514038086,16.168015556853,-0.0580429434776306,0.530000746250153,12.7776523829147,12.1591861624349
2326,1712338296.65259,vehicle.toyota.prius,55.9992408752441,27.113691329956,236.967178344727,16.1784424452776,-0.0670178160071373,0.509197771549225,12.7739826304425,12.2052958975355
2327,1712338296.7541,vehicle.toyota.prius,55.9905891418457,26.6639862060547,236.966873168945,16.2087893839221,-0.073055699467659,0.488369017839432,12.7614649630125,12.2470085774463
2328,1712338296.8558,vehicle.toyota.prius,55.9905891418457,26.6639862060547,236.966873168945,16.2087893839221,-0.073055699467659,0.488369017839432,9.57024673249719,12.0462514390751
2329,1712338296.95712,vehicle.toyota.prius,55.9813804626465,26.2133197784424,236.966537475586,16.2479574574781,-0.089967243373394,0.471373111009598,12.7724357895466,12.1007152653604
2330,1712338297.05845,vehicle.toyota.prius,55.9714050292969,25.7611656188965,236.966278076172,16.299583550633,-0.0722633972764015,0.452221900224686,12.7955983235247,12.1528314947228
2331,1712338297.15969,vehicle.toyota.prius,55.9714050292969,25.7611656188965,236.966278076172,16.299583550633,-0.0722633972764015,0.452221900224686,9.60381822982246,11.9616554998552
2332,1712338297.26072,vehicle.toyota.prius,55.9608688354492,25.3073310852051,236.965957641602,16.361828248258,-0.0425725653767585,0.431191831827164,9.64263692907063,11.7877291070464
2333,1712338297.3618,vehicle.toyota.prius,55.9498863220215,24.8516311645508,236.965621948242,16.4330654487652,-0.0134008303284645,0.410074889659882,12.8975215530011,11.870963540493
2334,1712338297.46282,vehicle.toyota.prius,55.9386405944824,24.3939075469971,236.965515136719,16.5106629883508,0.005505132023245,0.388863980770111,12.9557840682945,11.9523250800781
2335,1712338297.56397,vehicle.toyota.prius,55.9386405944824,24.3939075469971,236.965515136719,16.5106629883508,0.005505132023245,0.388863980770111,9.73973356982691,11.7863807168093
2336,1712338297.66501,vehicle.toyota.prius,55.927131652832,23.9339447021484,236.965560913086,16.5971536444984,0.0205042269080877,0.367549121379852,13.021206052883,11.8789926170148
2337,1712338297.76605,vehicle.toyota.prius,55.9156494140625,23.4713611602783,236.965255737305,16.6892643212087,0.0494778864085674,0.346112877130508,13.0833787370799,11.9693215760197
2338,1712338297.86703,vehicle.toyota.prius,55.9042434692383,23.0062961578369,236.965438842773,16.7862071630238,0.055966567248106,0.324561804533005,13.152823196335,12.0580841975433
2339,1712338297.96814,vehicle.toyota.prius,55.9042434692383,23.0062961578369,236.965438842773,16.7862071630238,0.055966567248106,0.324561804533005,9.88863108702594,11.8953752142545
2340,1712338298.06921,vehicle.toyota.prius,55.8930587768555,22.538496017456,236.965850830078,16.8871599671391,0.0571550205349922,0.316901385784149,13.2242408959072,11.9950401403785
2341,1712338298.17026,vehicle.toyota.prius,55.8823127746582,22.0678462982178,236.96630859375,16.9902067517936,0.0586098507046699,0.323270380496979,13.3002212644207,12.0929287246817
2342,1712338298.27142,vehicle.toyota.prius,55.8721580505371,21.594295501709,236.966751098633,17.0940494814891,0.0602422654628753,0.329678446054459,13.3748734682213,12.1890745804471
2343,1712338298.37287,vehicle.toyota.prius,55.8721580505371,21.594295501709,236.966751098633,17.0940494814891,0.0602422654628753,0.329678446054459,10.0516386727982,12.0287668873735
2344,1712338298.47385,vehicle.toyota.prius,55.8627510070801,21.1178684234619,236.967208862305,17.1960153754452,0.0628650560975074,0.336125165224075,13.446361585288,12.1350864897171
2345,1712338298.57495,vehicle.toyota.prius,55.8542900085449,20.6386394500732,236.967651367187,17.2946618648319,0.0660684183239936,0.342609524726868,13.5266405020673,12.2394530406433
2346,1712338298.67603,vehicle.toyota.prius,55.8542900085449,20.6386394500732,236.967651367187,17.2946618648319,0.0660684183239936,0.342609524726868,10.174801741057,12.0846041931744
2347,1712338298.77707,vehicle.toyota.prius,55.8473281860352,20.1566619873047,236.969039916992,17.3715160197649,0.112800568342209,0.349130660295486,10.2369471442416,11.9460299145044
2348,1712338298.87831,vehicle.toyota.prius,55.8414001464844,19.672420501709,236.971572875977,17.4412195247417,0.199783027172089,0.355682104825973,13.6905194556236,12.0768666300883
2349,1712338298.97952,vehicle.toyota.prius,55.8368721008301,19.1862831115723,236.974349975586,17.5058601531069,0.291136801242828,0.362258791923523,13.7527209209192,12.2025557019006
2350,1712338299.08063,vehicle.toyota.prius,55.8368721008301,19.1862831115723,236.974349975586,17.5058601531069,0.291136801242828,0.362258791923523,10.3402972149921,12.0628863153825
2351,1712338299.18185,vehicle.toyota.prius,55.8336906433105,18.6984958648682,236.97639465332,17.5797246279315,0.343018919229507,0.36885741353035,13.8093853766855,12.1938737449802
2352,1712338299.28318,vehicle.toyota.prius,55.8325271606445,18.2088565826416,236.977569580078,17.6530664109262,0.360770583152771,0.375480532646179,13.8554980581558,12.3184955684684
2353,1712338299.38422,vehicle.toyota.prius,55.8325271606445,18.2088565826416,236.977569580078,17.6530664109262,0.360770583152771,0.375480532646179,10.4148111302001,12.1757192355983
2354,1712338299.48594,vehicle.toyota.prius,55.8332252502441,17.7172183990479,236.978591918945,17.7278378432724,0.370981693267822,0.382130116224289,10.443312391749,12.0457887223096
2355,1712338299.58697,vehicle.toyota.prius,55.8357200622559,17.2228488922119,236.984832763672,17.7880045663465,0.518561601638794,0.388816177845001,13.9598323358054,12.1893419933218
2356,1712338299.68831,vehicle.toyota.prius,55.8397483825684,16.727840423584,236.989837646484,17.852692049504,0.502128183841705,0.39551043510437,14.0081721920555,12.3257542582268
2357,1712338299.78962,vehicle.toyota.prius,55.8397483825684,16.727840423584,236.989837646484,17.852692049504,0.502128183841705,0.39551043510437,10.5281675668944,12.1909352563769
2358,1712338299.89095,vehicle.toyota.prius,55.8455009460449,16.2314376831055,236.993392944336,17.9142363237694,0.434741526842117,0.40336799621582,14.0488573928718,12.330279416614
2359,1712338299.99198,vehicle.toyota.prius,55.8529052734375,15.7326993942261,236.995346069336,18.0031081969001,0.413335710763931,0.410115092992783,14.119186085163,12.4644474167552
2360,1712338300.09321,vehicle.toyota.prius,55.8621559143066,15.2321453094482,236.993270874023,18.0955442963154,0.210021480917931,0.416887491941452,14.1579057435674,12.5914567912661
2361,1712338300.1944,vehicle.toyota.prius,55.8621559143066,15.2321453094482,236.993270874023,18.0955442963154,0.210021480917931,0.416887491941452,10.6405349377433,12.4451376522519
2362,1712338300.29564,vehicle.toyota.prius,55.8731079101563,14.72789478302,236.994659423828,18.0998348230718,0.118701852858067,0.423710614442825,14.230251466122,12.5790211882921
2363,1712338300.39671,vehicle.toyota.prius,55.885627746582,14.2198724746704,237.00032043457,18.2577423738166,-0.0202651694416999,0.430585443973541,14.3213854024576,12.7096985043545
2364,1712338300.49787,vehicle.toyota.prius,55.885627746582,14.2198724746704,237.00032043457,18.2577423738166,-0.0202651694416999,0.430585443973541,10.7681955520518,12.5640857829318
2365,1712338300.59889,vehicle.toyota.prius,55.8995361328125,13.7112989425659,237.003021240234,18.0796884755085,-0.0131207928061485,0.437468349933624,10.8306804253252,12.4340803811113
2366,1712338300.7,vehicle.toyota.prius,55.9148635864258,13.2060823440552,237.004928588867,18.2941135382734,0.0110580753535032,0.444306463003159,14.4313375130856,12.5838746660094
2367,1712338300.80109,vehicle.toyota.prius,55.9315452575684,12.6960706710815,237.005477905273,18.3650266479295,0.102889962494373,0.451209962368012,14.4776457194256,12.7259074950156
2368,1712338300.90262,vehicle.toyota.prius,55.9315452575684,12.6960706710815,237.005477905273,18.3650266479295,0.102889962494373,0.451209962368012,10.8482430676542,12.5850826629635
2369,1712338301.00365,vehicle.toyota.prius,55.949031829834,12.1898145675659,237.003601074219,17.9438048372492,0.267415553331375,0.452652305364609,14.4563382370601,12.7254268310208
2370,1712338301.10481,vehicle.toyota.prius,55.9675025939941,11.6827974319458,237.005187988281,18.4119778812381,0.289381444454193,0.452652305364609,14.4422009619686,12.8541848908418
2371,1712338301.20606,vehicle.toyota.prius,55.9866752624512,11.1732530593872,237.007781982422,18.4114646681366,0.286628872156143,0.452652305364609,14.4700038388506,12.9753713119425
2372,1712338301.30713,vehicle.toyota.prius,55.9866752624512,11.1732530593872,237.007781982422,18.4114646681366,0.286628872156143,0.452652305364609,10.8404855517848,12.8152548799307
2373,1712338301.40817,vehicle.toyota.prius,56.0065574645996,10.6699275970459,237.01025390625,18.1451947003769,0.277230530977249,0.452652305364609,14.4378490203767,12.9369494404641
2374,1712338301.50948,vehicle.toyota.prius,56.0269012451172,10.1616630554199,237.013061523437,18.3362973849074,0.287387013435364,0.452652305364609,14.4452582490586,13.0500726011087
2375,1712338301.61084,vehicle.toyota.prius,56.0476875305176,9.65210056304932,237.015716552734,18.1479574066473,0.29135537147522,0.452652305364609,14.4583343690353,13.1556922337032
2376,1712338301.71257,vehicle.toyota.prius,56.0476875305176,9.65210056304932,237.015716552734,18.1479574066473,0.29135537147522,0.452652305364609,10.820391788881,12.9805447003415
2377,1712338301.81363,vehicle.toyota.prius,56.0684394836426,9.1480712890625,237.018142700195,18.2017322443826,0.293349772691727,0.452652305364609,14.406207681467,13.087469423926
2378,1712338301.9147,vehicle.toyota.prius,56.0895538330078,8.63895511627197,237.020889282227,18.4873204749717,0.307665854692459,0.452652305364609,14.4467382669028,13.1894145871492
2379,1712338302.01594,vehicle.toyota.prius,56.0895538330078,8.63895511627197,237.020889282227,18.4873204749717,0.307665854692459,0.452652305364609,10.8329677593243,13.0126810750624
2380,1712338302.11702,vehicle.toyota.prius,56.1107788085937,8.13184452056885,237.023666381836,18.2749938767598,0.311661511659622,0.452667236328125,10.8216275973052,12.8483520642306
2381,1712338302.21892,vehicle.toyota.prius,56.1330146789551,7.62600469589233,237.028747558594,18.2883604381874,0.427617639303207,0.452667236328125,14.4178767632256,12.9660664166552
2382,1712338302.32004,vehicle.toyota.prius,56.154426574707,7.11817979812622,237.032257080078,18.0902548914891,0.444276452064514,0.450500905513763,14.4434481556498,13.0768700470798
2383,1712338302.42109,vehicle.toyota.prius,56.154426574707,7.11817979812622,237.032257080078,18.0902548914891,0.444276452064514,0.450500905513763,10.8216615401397,12.9077294090593
2384,1712338302.52251,vehicle.toyota.prius,56.1757621765137,6.6140251159668,237.034973144531,18.2371502216785,0.443982750177383,0.450865238904953,14.4037592530629,13.0199316473596
2385,1712338302.62398,vehicle.toyota.prius,56.1969909667969,6.10791635513306,237.037811279297,18.2619456800496,0.448033064603805,0.451230436563492,14.3856954859684,13.1223639352552
2386,1712338302.72523,vehicle.toyota.prius,56.1969909667969,6.10791635513306,237.037811279297,18.2619456800496,0.448033064603805,0.451230436563492,10.8038143798703,12.9484727186013
2387,1712338302.82626,vehicle.toyota.prius,56.2179298400879,5.60802459716797,237.03874206543,18.0115910784112,0.355340570211411,0.458294719457626,10.7490499157575,12.7835160083881
2388,1712338302.92729,vehicle.toyota.prius,56.239559173584,5.11078643798828,237.041290283203,17.8765522659849,0.284866690635681,0.458652347326279,14.2891148106262,12.8964359185559
2389,1712338303.0284,vehicle.toyota.prius,56.2599487304688,4.61740446090698,237.045593261719,17.7329679757223,0.232001021504402,0.459006577730179,14.2210830980366,12.995784457017
2390,1712338303.1295,vehicle.toyota.prius,56.2599487304688,4.61740446090698,237.045593261719,17.7329679757223,0.232001021504402,0.459006577730179,10.623993255529,12.8179001169054
2391,1712338303.23152,vehicle.toyota.prius,56.2804374694824,4.12703800201416,237.049240112305,17.6252641044856,0.238838046789169,0.459358036518097,14.0978209050086,12.9138941760131
2392,1712338303.33257,vehicle.toyota.prius,56.3009719848633,3.63908290863037,237.052551269531,17.547957138771,0.254267424345016,0.459707230329513,14.0125206080056,12.9962911584126
2393,1712338303.43384,vehicle.toyota.prius,56.3214454650879,3.15291833877563,237.055740356445,17.4933138135078,0.267176508903503,0.460054636001587,13.9268805199147,13.0660853605252
2394,1712338303.535,vehicle.toyota.prius,56.3214454650879,3.15291833877563,237.055740356445,17.4933138135078,0.267176508903503,0.460054636001587,10.4163319729577,12.8673538564576
2395,1712338303.6363,vehicle.toyota.prius,56.3419418334961,2.66740298271179,237.056793212891,17.4537685803682,0.369581520557403,0.460400938987732,13.8642088879677,12.9421179838209
2396,1712338303.73751,vehicle.toyota.prius,56.3625755310059,2.18315005302429,237.059234619141,17.4338461265488,0.402509868144989,0.460745871067047,13.842835667777,13.0096718101176
2397,1712338303.83896,vehicle.toyota.prius,56.3625755310059,2.18315005302429,237.059234619141,17.4338461265488,0.402509868144989,0.460745871067047,10.3597231737899,12.810925662393
2398,1712338303.9402,vehicle.toyota.prius,56.3829689025879,1.69941163063049,237.062515258789,17.4272235773983,0.406607955694199,0.461089819669724,10.3432637912301,12.6258510220558
2399,1712338304.04146,vehicle.toyota.prius,56.4033012390137,1.21568536758423,237.066024780273,17.433240652213,0.406819701194763,0.461433261632919,13.7827140435503,12.7126157486679
2400,1712338304.14251,vehicle.toyota.prius,56.4235992431641,0.731575846672058,237.069564819336,17.4509861607501,0.409100979566574,0.461776375770569,13.7794896702974,12.7926312927901
2401,1712338304.24403,vehicle.toyota.prius,56.4235992431641,0.731575846672058,237.069564819336,17.4509861607501,0.409100979566574,0.461776375770569,10.3262587431361,12.6076533515661
2402,1712338304.34529,vehicle.toyota.prius,56.4438705444336,0.246810108423233,237.073059082031,17.4765888351257,0.415330111980438,0.462119370698929,13.779980482859,12.695577886413
2403,1712338304.44646,vehicle.toyota.prius,56.464111328125,-0.238740190863609,237.076614379883,17.5061312715974,0.42144313454628,0.462462425231934,13.7945348555912,12.7779996591014
2404,1712338304.5475,vehicle.toyota.prius,56.4842681884766,-0.724847555160522,237.080169677734,17.512276955423,0.427330762147903,0.462805271148682,13.8172972326723,12.8559469771192
2405,1712338304.64902,vehicle.toyota.prius,56.4842681884766,-0.724847555160522,237.080169677734,17.512276955423,0.427330762147903,0.462805271148682,10.3607086821274,12.6688041049948
2406,1712338304.75013,vehicle.toyota.prius,56.5042953491211,-1.2104674577713,237.083770751953,17.4810284038141,0.431360572576523,0.46314725279808,13.826567950899,12.7556363934376
2407,1712338304.85114,vehicle.toyota.prius,56.5241279602051,-1.69485008716583,237.087417602539,17.4280889397837,0.435745567083359,0.46348774433136,13.8305130814089,12.8362521450355
2408,1712338304.9522,vehicle.toyota.prius,56.543758392334,-2.17755484580994,237.091125488281,17.3629366583076,0.440342277288437,0.463826537132263,13.813012651967,12.9095091830554
2409,1712338305.05331,vehicle.toyota.prius,56.543758392334,-2.17755484580994,237.091125488281,17.3629366583076,0.440342277288437,0.463826537132263,10.3483573025434,12.717422792017
2410,1712338305.15434,vehicle.toyota.prius,56.5631294250488,-2.65764451026916,237.094863891602,17.2329655810319,0.443989604711533,0.464162975549698,13.7814102055496,12.7972218480319
2411,1712338305.25541,vehicle.toyota.prius,56.5821533203125,-3.13244366645813,237.098587036133,17.0037495600348,0.446079641580582,0.464495152235031,13.7050218762107,12.8653068501453
2412,1712338305.35668,vehicle.toyota.prius,56.6007690429688,-3.60040879249573,237.102340698242,16.7650236342811,0.448893666267395,0.464821994304657,13.5808937188362,12.9189758652971
2413,1712338305.45814,vehicle.toyota.prius,56.6007690429688,-3.60040879249573,237.102340698242,16.7650236342811,0.448893666267395,0.464821994304657,10.1326820997122,12.7100038328783
2414,1712338305.55928,vehicle.toyota.prius,56.6190338134766,-4.06264209747314,237.106063842773,16.5777391660934,0.45426219701767,0.465144336223602,13.4237070905798,12.7635315772059
2415,1712338305.66053,vehicle.toyota.prius,56.6369781494141,-4.52043008804321,237.109802246094,16.4366157128135,0.461993962526321,0.465463072061539,13.2589884718048,12.8006908443008
2416,1712338305.76161,vehicle.toyota.prius,56.6369781494141,-4.52043008804321,237.109802246094,16.4366157128135,0.461993962526321,0.465463072061539,9.87922098612706,12.5815806049378
2417,1712338305.86262,vehicle.toyota.prius,56.654655456543,-4.97505617141724,237.113525390625,16.3405160496051,0.469889670610428,0.465779066085815,9.78909174393556,12.3721439403626
2418,1712338305.96384,vehicle.toyota.prius,56.6721572875977,-5.42769622802734,237.117324829102,16.2864441711829,0.478454738855362,0.466073840856552,13.0184540832431,12.4206172010786
2419,1712338306.06502,vehicle.toyota.prius,56.6895408630371,-5.87948274612427,237.121109008789,16.270493175259,0.487368106842041,0.466384291648865,12.9429824252776,12.4597945928936
2420,1712338306.1663,vehicle.toyota.prius,56.6895408630371,-5.87948274612427,237.121109008789,16.270493175259,0.487368106842041,0.466384291648865,9.68112753909004,12.2513945638583
2421,1712338306.26737,vehicle.toyota.prius,56.7068939208984,-6.3313364982605,237.125,16.2858956286007,0.495755583047867,0.466692864894867,12.9000302118608,12.3000422374585
2422,1712338306.36876,vehicle.toyota.prius,56.7242622375488,-6.78406476974487,237.128921508789,16.327685101259,0.504129409790039,0.467000126838684,12.8768381075511,12.3433019277154
2423,1712338306.47007,vehicle.toyota.prius,56.7416915893555,-7.23827362060547,237.132888793945,16.389460226255,0.511000573635101,0.467306464910507,12.8859204453168,12.3839983165355
2424,1712338306.5711,vehicle.toyota.prius,56.7416915893555,-7.23827362060547,237.132888793945,16.389460226255,0.511000573635101,0.467306464910507,9.67308933680151,12.1806801430555
2425,1712338306.67209,vehicle.toyota.prius,56.7592468261719,-7.69446706771851,237.136901855469,16.4665980141285,0.519142150878906,0.46761217713356,12.9283546089252,12.2367557279957
2426,1712338306.77325,vehicle.toyota.prius,56.7769508361816,-8.15296936035156,237.141052246094,16.5542236621058,0.526054322719574,0.467917442321777,12.9733727706789,12.292002006197
2427,1712338306.87447,vehicle.toyota.prius,56.7948417663574,-8.6140193939209,237.145263671875,16.648624561882,0.53345137834549,0.468222409486771,13.0372918650538,12.3478987456112
2428,1712338306.97576,vehicle.toyota.prius,56.7948417663574,-8.6140193939209,237.145263671875,16.648624561882,0.53345137834549,0.468222409486771,9.80155967865913,12.1569233155898
2429,1712338307.07682,vehicle.toyota.prius,56.8129272460938,-9.07775783538818,237.149566650391,16.74672996969,0.54144275188446,0.468527138233185,13.1050510566307,12.2280328961679
2430,1712338307.1782,vehicle.toyota.prius,56.8315277099609,-9.54421997070312,237.153961181641,16.8458807350022,0.549010574817658,0.468831688165665,13.1678464779552,12.2985189148019
2431,1712338307.27924,vehicle.toyota.prius,56.8315277099609,-9.54421997070312,237.153961181641,16.8458807350022,0.549010574817658,0.468831688165665,9.90643184791905,12.1191123847857
2432,1712338307.38025,vehicle.toyota.prius,56.8504295349121,-10.0134201049805,237.15837097168,16.9444992293956,0.556223273277283,0.469135880470276,9.96874877775531,11.9578351142584
2433,1712338307.48128,vehicle.toyota.prius,56.8694458007812,-10.4853143692017,237.162872314453,17.0410540888932,0.56202894449234,0.469439715147018,13.3372623457572,12.0612921566208
2434,1712338307.58243,vehicle.toyota.prius,56.8884811401367,-10.9598407745361,237.167404174805,17.1344411011148,0.567206203937531,0.469743192195892,13.4119737203004,12.1625932738968
2435,1712338307.68364,vehicle.toyota.prius,56.8884811401367,-10.9598407745361,237.167404174805,17.1344411011148,0.567206203937531,0.469743192195892,10.0914850950486,12.0072601604832
2436,1712338307.78469,vehicle.toyota.prius,56.9073944091797,-11.4368867874146,237.172058105469,17.2239037959899,0.569828987121582,0.470046132802963,13.4918216644928,12.1186022732839
2437,1712338307.88575,vehicle.toyota.prius,56.9260597229004,-11.9163475036621,237.176712036133,17.3089075518804,0.570689618587494,0.470348417758942,13.5633759790468,12.2269603012161
2438,1712338307.98695,vehicle.toyota.prius,56.9443740844727,-12.3980951309204,237.181442260742,17.3886164769259,0.571201860904694,0.47064995765686,13.6286619385743,12.332087924018
2439,1712338308.088,vehicle.toyota.prius,56.9443740844727,-12.3980951309204,237.181442260742,17.3886164769259,0.571201860904694,0.47064995765686,10.2495233783745,12.1758955830947
2440,1712338308.18911,vehicle.toyota.prius,56.9622383117676,-12.8819904327393,237.186248779297,17.4630564383935,0.571720957756043,0.470950603485107,13.7003140890695,12.2902269710428
2441,1712338308.29015,vehicle.toyota.prius,56.9795722961426,-13.3678874969482,237.191024780273,17.5317624522006,0.573005020618439,0.471250265836716,13.7632041721519,12.400700261126
2442,1712338308.39167,vehicle.toyota.prius,56.9962844848633,-13.8548812866211,237.195846557617,17.532629429052,0.573599278926849,0.47154837846756,13.8037641805201,12.5059300550806
2443,1712338308.49335,vehicle.toyota.prius,56.9962844848633,-13.8548812866211,237.195846557617,17.532629429052,0.573599278926849,0.47154837846756,10.3634640667745,12.3452451059576
2444,1712338308.59438,vehicle.toyota.prius,57.0122146606445,-14.3398323059082,237.200714111328,17.4048946279022,0.572021484375,0.471843004226685,13.8135354981765,12.455366885374
2445,1712338308.69587,vehicle.toyota.prius,57.0272598266602,-14.8201341629028,237.205520629883,17.229257130734,0.570341229438782,0.472132652997971,13.7769143884887,12.5544829481076
2446,1712338308.79734,vehicle.toyota.prius,57.0272598266602,-14.8201341629028,237.205520629883,17.229257130734,0.570341229438782,0.472132652997971,10.3141091649448,12.3864549143704
2447,1712338308.89856,vehicle.toyota.prius,57.041805267334,-15.2964344024658,237.210830688477,17.1005878845322,0.598263084888458,0.472417652606964,10.243799533939,12.2257557608381
2448,1712338308.99979,vehicle.toyota.prius,57.0545234680176,-15.7705135345459,237.217498779297,17.0309126292584,0.678907096385956,0.472699165344238,13.6242235241375,12.3306408430855
2449,1712338309.10105,vehicle.toyota.prius,57.0668792724609,-16.2430953979492,237.222747802734,17.011199378299,0.692922651767731,0.412566602230072,13.5294703991313,12.420553059789
2450,1712338309.20276,vehicle.toyota.prius,57.0668792724609,-16.2430953979492,237.222747802734,17.011199378299,0.692922651767731,0.412566602230072,10.1107197874534,12.2473155643638
2451,1712338309.30377,vehicle.toyota.prius,57.078727722168,-16.7156810760498,237.227432250977,17.0308002060426,0.690484285354614,0.421034425497055,13.4803633980977,12.3397941518938
2452,1712338309.40512,vehicle.toyota.prius,57.0899047851563,-17.1893863677979,237.231964111328,17.083895773013,0.687192142009735,0.421309500932694,13.4579193531136,12.4236535419853
2453,1712338309.50693,vehicle.toyota.prius,57.0899047851563,-17.1893863677979,237.231964111328,17.083895773013,0.687192142009735,0.421309500932694,10.0756970458009,12.2475568047715
2454,1712338309.60795,vehicle.toyota.prius,57.100154876709,-17.6638641357422,237.235229492188,17.102608052745,0.61721682548523,0.429611772298813,10.0935055355991,12.0860029595836
2455,1712338309.70928,vehicle.toyota.prius,57.1108131408691,-18.1374187469482,237.239196777344,17.0424999490019,0.539728343486786,0.429611772298813,13.4676712320014,12.1896280800149
2456,1712338309.81033,vehicle.toyota.prius,57.1196365356445,-18.6085357666016,237.24560546875,16.9393865276469,0.454241693019867,0.429611772298813,13.4558531797363,12.284594962494
2457,1712338309.91166,vehicle.toyota.prius,57.1196365356445,-18.6085357666016,237.24560546875,16.9393865276469,0.454241693019867,0.429611772298813,10.0887337601949,12.1199053723216
2458,1712338310.01301,vehicle.toyota.prius,57.1278419494629,-19.0764846801758,237.250854492187,16.7779844048867,0.445765435695648,0.429611772298813,13.427342876112,12.2179631851059
2459,1712338310.11412,vehicle.toyota.prius,57.1354675292969,-19.5396671295166,237.255599975586,16.6112756881612,0.452677577733993,0.429611772298813,13.3441880051411,12.3024300466085
2460,1712338310.21525,vehicle.toyota.prius,57.142463684082,-19.9990787506104,237.260177612305,16.4930632665779,0.460450351238251,0.429611772298813,13.248708448978,12.3734009267862
2461,1712338310.31682,vehicle.toyota.prius,57.142463684082,-19.9990787506104,237.260177612305,16.4930632665779,0.460450351238251,0.429611772298813,9.88555966798544,12.1868128323761
2462,1712338310.41816,vehicle.toyota.prius,57.1487770080566,-20.4562702178955,237.263198852539,16.4112681679291,0.533847570419312,0.429611772298813,13.1350393977768,12.2579298247812
2463,1712338310.51928,vehicle.toyota.prius,57.1550331115723,-20.911657333374,237.26643371582,16.3683763427446,0.584138214588165,0.429611772298813,13.0515115106424,12.3174484512208
2464,1712338310.62053,vehicle.toyota.prius,57.1550331115723,-20.911657333374,237.26643371582,16.3683763427446,0.584138214588165,0.429611772298813,9.75465913421993,12.1252392524457
2465,1712338310.72161,vehicle.toyota.prius,57.160514831543,-21.3671073913574,237.274169921875,16.3555162738081,0.752741456031799,0.429611772298813,9.72736220721909,11.9453984740537
2466,1712338310.82264,vehicle.toyota.prius,57.1651496887207,-21.8212623596191,237.2783203125,16.3851833897773,0.6830735206604,0.429611772298813,12.9703023813725,12.0222662671026
2467,1712338310.92378,vehicle.toyota.prius,57.169189453125,-22.2765579223633,237.280685424805,16.4395490025376,0.586583435535431,0.429611772298813,12.9618521620442,12.0927352092232
2468,1712338311.02484,vehicle.toyota.prius,57.169189453125,-22.2765579223633,237.280685424805,16.4395490025376,0.586583435535431,0.429611772298813,9.7202561189198,11.9147992774505
2469,1712338311.12589,vehicle.toyota.prius,57.1728057861328,-22.7342834472656,237.284545898437,16.5184583888935,0.568483471870422,0.429611772298813,12.984995942979,11.9950640273651
2470,1712338311.22692,vehicle.toyota.prius,57.1760787963867,-23.1943302154541,237.289077758789,16.5869918240553,0.571311116218567,0.429611772298813,13.0187948682291,12.0718438404299
2471,1712338311.32798,vehicle.toyota.prius,57.1791152954102,-23.655481338501,237.293869018555,16.6031139466285,0.575129210948944,0.429611772298813,13.0677241140798,12.1465348609537
2472,1712338311.42979,vehicle.toyota.prius,57.1791152954102,-23.655481338501,237.293869018555,16.6031139466285,0.575129210948944,0.429611772298813,9.81093280542676,11.9713647067892
2473,1712338311.53084,vehicle.toyota.prius,57.1819915771484,-24.1153564453125,237.301651000977,16.5789697739786,0.440458387136459,0.429611772298813,13.0835273206939,12.054776902832
2474,1712338311.63191,vehicle.toyota.prius,57.184871673584,-24.5751209259033,237.306259155273,16.5183680718634,0.464773863554001,0.428751319646835,13.0975094645245,12.1329818449589
2475,1712338311.73298,vehicle.toyota.prius,57.184871673584,-24.5751209259033,237.306259155273,16.5183680718634,0.464773863554001,0.428751319646835,9.82363685989327,11.959780971079
2476,1712338311.83401,vehicle.toyota.prius,57.1876640319824,-25.0335121154785,237.30842590332,16.448883812079,0.566106557846069,0.426175504922867,9.80437972460003,11.7981258775931
2477,1712338311.93514,vehicle.toyota.prius,57.190559387207,-25.4894428253174,237.312301635742,16.380673865442,0.585627198219299,0.423613548278809,13.0657708325684,11.8931992492162
2478,1712338312.03656,vehicle.toyota.prius,57.1935958862305,-25.9433879852295,237.316757202148,16.3186398933341,0.583530366420746,0.421062707901001,13.0136985690726,11.9772366982055
2479,1712338312.13775,vehicle.toyota.prius,57.1935958862305,-25.9433879852295,237.316757202148,16.3186398933341,0.583530366420746,0.421062707901001,9.73830095835683,11.8093165177168
2480,1712338312.23878,vehicle.toyota.prius,57.1968154907227,-26.3958511352539,237.321380615234,16.2738781984869,0.578954100608826,0.41852018237114,12.959421143632,11.8955743646605
2481,1712338312.3398,vehicle.toyota.prius,57.2002220153809,-26.8474578857422,237.325988769531,16.2529221167326,0.576536238193512,0.415982484817505,12.9117368331009,11.9717865497935
2482,1712338312.441,vehicle.toyota.prius,57.2038612365723,-27.2988910675049,237.330581665039,16.2557249208928,0.575737118721008,0.413445740938187,12.8780072027294,12.0397530987637
2483,1712338312.54225,vehicle.toyota.prius,57.2038612365723,-27.2988910675049,237.330581665039,16.2557249208928,0.575737118721008,0.413445740938187,9.65062501473818,11.8605684924618
2484,1712338312.64375,vehicle.toyota.prius,57.2077293395996,-27.7499675750732,237.335174560547,16.2142715705008,0.575156509876251,0.410910993814468,12.8542379553887,11.9350937021813
2485,1712338312.74484,vehicle.toyota.prius,57.2118186950684,-28.1981410980225,237.339645385742,16.0647240859323,0.571850717067719,0.408392518758774,12.8224310839891,12.0016440058169
2486,1712338312.84712,vehicle.toyota.prius,57.2161102294922,-28.6413059234619,237.344116210937,15.8836985521265,0.568606376647949,0.405902177095413,12.7305829872851,12.056314429427
2487,1712338312.94879,vehicle.toyota.prius,57.2161102294922,-28.6413059234619,237.344116210937,15.8836985521265,0.568606376647949,0.405902177095413,9.51808690098116,11.8659473647936
2488,1712338313.05035,vehicle.toyota.prius,57.2206230163574,-29.0803241729736,237.348495483398,15.7615718256405,0.567329168319702,0.403435170650482,12.6229931023816,11.9227257951127
2489,1712338313.15169,vehicle.toyota.prius,57.2253265380859,-29.5163192749023,237.352828979492,15.6424685301136,0.567738950252533,0.400985091924667,12.5200592361726,11.9675258031922
2490,1712338313.25307,vehicle.toyota.prius,57.2253265380859,-29.5163192749023,237.352828979492,15.6424685301136,0.567738950252533,0.400985091924667,9.33811973194389,11.7703203478485
2491,1712338313.35412,vehicle.toyota.prius,57.2302169799805,-29.9478721618652,237.357116699219,15.4519999745615,0.565758168697357,0.398559987545013,9.27842881080783,11.5834284825705
2492,1712338313.45515,vehicle.toyota.prius,57.2352676391602,-30.3737354278564,237.361358642578,15.2582576443235,0.562063038349152,0.396166831254959,12.3182421582012,11.6385395082428
2493,1712338313.55645,vehicle.toyota.prius,57.2404823303223,-30.795223236084,237.36555480957,15.1227067896789,0.561810374259949,0.393798232078552,12.1998118082894,11.6806349307463
2494,1712338313.65778,vehicle.toyota.prius,57.2404823303223,-30.795223236084,237.36555480957,15.1227067896789,0.561810374259949,0.393798232078552,9.09836809625707,11.4869649181596
2495,1712338313.75884,vehicle.toyota.prius,57.2458381652832,-31.2138271331787,237.36979675293,15.0406315338235,0.567206203937531,0.391445845365524,12.0840012415159,11.5317426424113
2496,1712338313.86031,vehicle.toyota.prius,57.2513885498047,-31.6310329437256,237.374053955078,15.0106016667978,0.573810994625092,0.389101326465607,11.9720740839836,11.5647675005292
2497,1712338313.96136,vehicle.toyota.prius,57.2513885498047,-31.6310329437256,237.374053955078,15.0106016667978,0.573810994625092,0.389101326465607,8.94269062141324,11.3681117345955
2498,1712338314.06273,vehicle.toyota.prius,57.2571067810059,-32.0481796264648,237.378372192383,15.0265621386481,0.587163984775543,0.386757105588913,8.91059345223733,11.1837978634187
2499,1712338314.16399,vehicle.toyota.prius,57.2630271911621,-32.4664993286133,237.382858276367,15.0851232323373,0.603064715862274,0.384406268596649,11.8873077209986,11.2365611027372
2500,1712338314.26536,vehicle.toyota.prius,57.2691230773926,-32.8861961364746,237.387435913086,15.1075749312878,0.62192964553833,0.382047742605209,11.8879420624431,11.2854146747151
2501,1712338314.36652,vehicle.toyota.prius,57.2691230773926,-32.8861961364746,237.387435913086,15.1075749312878,0.62192964553833,0.382047742605209,8.92760595076413,11.1085790204188
2502,1712338314.46774,vehicle.toyota.prius,57.2753753662109,-33.3047981262207,237.39208984375,15.0216807351313,0.643513083457947,0.379695326089859,11.9010620041706,11.1680152442002
2503,1712338314.56877,vehicle.toyota.prius,57.28173828125,-33.7200889587402,237.396835327148,14.900839414108,0.662227809429169,0.377361476421356,11.8961084943669,11.2226222379627
2504,1712338314.6699,vehicle.toyota.prius,57.2881774902344,-34.1328201293945,237.401748657227,14.8321592755646,0.686106145381928,-1.56011354923248,11.8596153711174,11.2703967229493
2505,1712338314.77125,vehicle.toyota.prius,57.2881774902344,-34.1328201293945,237.401748657227,14.8321592755646,0.686106145381928,-1.56011354923248,8.87279609823952,11.0905766760961
2506,1712338314.87255,vehicle.toyota.prius,57.2947578430176,-34.5447540283203,237.406707763672,14.8300696110666,0.712880492210388,0.372727066278458,11.8017432572137,11.1439141696799
2507,1712338314.97428,vehicle.toyota.prius,57.3014450073242,-34.9571075439453,237.411926269531,14.8473356045051,0.737626254558563,0.370409727096558,11.7452854863994,11.1890170184338
2508,1712338315.07564,vehicle.toyota.prius,57.3014450073242,-34.9571075439453,237.411926269531,14.8473356045051,0.737626254558563,0.370409727096558,8.78764250176611,11.0089139296838
2509,1712338315.17671,vehicle.toyota.prius,57.3082466125488,-35.3689613342285,237.417282104492,14.7889000655709,0.762775003910065,0.368095189332962,8.78243027343369,10.841927655465
2510,1712338315.27805,vehicle.toyota.prius,57.3151092529297,-35.7770881652832,237.422775268555,14.6036363784441,0.781701445579529,0.365801572799683,11.6825052881794,10.9049709779186
2511,1712338315.37986,vehicle.toyota.prius,57.3219375610352,-36.1790809631348,237.42839050293,14.3801332554013,0.801078677177429,0.363542437553406,11.6001414410507,10.9571087626535
2512,1712338315.48156,vehicle.toyota.prius,57.3219375610352,-36.1790809631348,237.42839050293,14.3801332554013,0.801078677177429,0.363542437553406,8.6740269746159,10.7858776285507
2513,1712338315.58343,vehicle.toyota.prius,57.3287544250488,-36.5754776000977,237.434036254883,14.1933484110415,0.822791874408722,0.361314743757248,11.4761337139257,10.8376468349538
2514,1712338315.68457,vehicle.toyota.prius,57.3355560302734,-36.9673728942871,237.43977355957,14.0525206784387,0.844115734100342,0.359112352132797,11.3332674516509,10.8748183812061
2515,1712338315.7856,vehicle.toyota.prius,57.3355560302734,-36.9673728942871,237.43977355957,14.0525206784387,0.844115734100342,0.359112352132797,8.44452677197374,10.6925465105137
2516,1712338315.88663,vehicle.toyota.prius,57.3423538208008,-37.3563003540039,237.445663452148,13.967869845647,0.869093716144562,0.356926649808884,8.36487187026876,10.5179709124953
2517,1712338315.98769,vehicle.toyota.prius,57.3491821289062,-37.743824005127,237.451599121094,13.9435518890926,0.893170118331909,0.354748785495758,11.1325324641847,10.564063028872
2518,1712338316.08876,vehicle.toyota.prius,57.3491821289062,-37.743824005127,237.451599121094,13.9435518890926,0.893170118331909,0.354748785495758,8.32570758167548,10.3961863703323
2519,1712338316.19018,vehicle.toyota.prius,57.3560180664063,-38.1316337585449,237.457733154297,13.976866159079,0.918872117996216,0.360621929168701,8.29193457045611,10.2383674853415
2520,1712338316.2912,vehicle.toyota.prius,57.3628692626953,-38.5203475952148,237.463973999023,13.9897530491982,0.943781852722168,0.382149636745453,11.0606728873195,10.3000403904899
2521,1712338316.39226,vehicle.toyota.prius,57.3696975708008,-38.9083213806152,237.470397949219,13.9439293977432,0.964586555957794,0.403636366128922,11.0531766801107,10.3565256122115
2522,1712338316.49325,vehicle.toyota.prius,57.3696975708008,-38.9083213806152,237.470397949219,13.9439293977432,0.964586555957794,0.403636366128922,8.29457955054615,10.2018796575866
2523,1712338316.59432,vehicle.toyota.prius,57.3764572143555,-39.2947616577149,237.477005004883,13.8871735252281,0.98677784204483,0.5489501953125,11.0469353012657,10.2652588308625
2524,1712338316.69529,vehicle.toyota.prius,57.3831481933594,-39.6797904968262,237.483673095703,13.8424908628961,1.00761675834656,0.55548095703125,11.0372347486483,10.3231570246964
2525,1712338316.79672,vehicle.toyota.prius,57.3897285461426,-40.0639686584473,237.490509033203,13.8248924145971,1.02926850318909,0.467638164758682,10.9959976159345,10.3736200690393
2526,1712338316.8977,vehicle.toyota.prius,57.3897285461426,-40.0639686584473,237.490509033203,13.8248924145971,1.02926850318909,0.467638164758682,8.23370500234261,10.213126439037
2527,1712338316.99884,vehicle.toyota.prius,57.3962249755859,-40.4482955932617,237.497451782227,13.8453252718288,1.05370008945465,0.488922625780106,10.9685941117996,10.2697865144942
2528,1712338317.10009,vehicle.toyota.prius,57.4026222229004,-40.8338279724121,237.504547119141,13.907453237657,1.07600748538971,0.510274052619934,10.9582474342205,10.3214210834737
2529,1712338317.20133,vehicle.toyota.prius,57.4026222229004,-40.8338279724121,237.504547119141,13.907453237657,1.07600748538971,0.510274052619934,8.21240814164673,10.1632451128367
2530,1712338317.30236,vehicle.toyota.prius,57.4089088439941,-41.2218208312988,237.51188659668,14.0122773239077,1.10170948505402,0.531761407852173,8.24607977872376,10.0194577127782
2531,1712338317.40363,vehicle.toyota.prius,57.415096282959,-41.6133842468262,237.51936340332,14.1589926428053,1.12691962718964,0.553446650505066,11.0283422487235,10.0951240529741
2532,1712338317.50506,vehicle.toyota.prius,57.4211578369141,-42.0091781616211,237.527160644531,14.3046192502577,1.14989638328552,0.575365900993347,11.1036336570407,10.1707622732791
2533,1712338317.60685,vehicle.toyota.prius,57.4211578369141,-42.0091781616211,237.527160644531,14.3046192502577,1.14989638328552,0.575365900993347,8.35228240539509,10.0343762831878
2534,1712338317.70823,vehicle.toyota.prius,57.4270248413086,-42.4077072143555,237.535186767578,14.3542448124155,1.17344689369202,0.597436606884003,11.1810802454728,10.1203790803592
2535,1712338317.80948,vehicle.toyota.prius,57.432674407959,-42.8058700561523,237.543319702148,14.313833593595,1.19130098819733,0.619486808776856,11.2485489075837,10.204991817401
2536,1712338317.91051,vehicle.toyota.prius,57.432674407959,-42.8058700561523,237.543319702148,14.313833593595,1.19130098819733,0.619486808776856,8.47193965991012,10.0750129055892
2537,1712338318.01182,vehicle.toyota.prius,57.4380340576172,-43.2016220092774,237.551620483398,14.1777970031472,1.20989286899567,0.641403436660767,8.47365109931608,9.95491077011871
2538,1712338318.11296,vehicle.toyota.prius,57.4430809020996,-43.5913314819336,237.559875488281,13.905705255005,1.22698879241943,0.662985324859619,11.2573291372712,10.0525921476551
2539,1712338318.21439,vehicle.toyota.prius,57.4477767944336,-43.9724617004395,237.568176269531,13.5952205000869,1.24205613136292,0.684091925621033,11.132609326775,10.1335934360891
2540,1712338318.31621,vehicle.toyota.prius,57.4477767944336,-43.9724617004395,237.568176269531,13.5952205000869,1.24205613136292,0.684091925621033,8.29043583060863,9.99535661567809
2541,1712338318.41726,vehicle.toyota.prius,57.4521675109863,-44.3459968566895,237.576461791992,13.351754247952,1.26210963726044,0.704777717590332,10.9446134724939,10.0665508799393
2542,1712338318.51905,vehicle.toyota.prius,57.4563064575195,-44.7142562866211,237.584655761719,13.2009365919325,1.28360426425934,0.725171208381653,10.739231846353,10.1170019524203
2543,1712338318.62032,vehicle.toyota.prius,57.4563064575195,-44.7142562866211,237.584655761719,13.2009365919325,1.28360426425934,0.725171208381653,7.97030303031093,9.9559995332621
2544,1712338318.72204,vehicle.toyota.prius,57.4602203369141,-45.0798034667969,237.592987060547,13.138209273054,1.30783772468567,0.745414555072784,7.85507160357057,9.79842993853523
2545,1712338318.8234,vehicle.toyota.prius,57.4639549255371,-45.4449996948242,237.601348876953,13.1616864756671,1.33461201190948,0.76563835144043,10.4552862980339,9.84769416549764
2546,1712338318.92594,vehicle.toyota.prius,57.4675674438477,-45.8121337890625,237.609878540039,13.2618172494593,1.35885238647461,0.785969257354736,10.3794537746922,9.88757613618723
2547,1712338319.02733,vehicle.toyota.prius,57.4675674438477,-45.8121337890625,237.609878540039,13.2618172494593,1.35885238647461,0.785969257354736,7.77829902934843,9.72938035317432
2548,1712338319.12881,vehicle.toyota.prius,57.4710578918457,-46.1831207275391,237.618728637695,13.428097472784,1.38486170768738,0.806513547897339,10.402676977089,9.77987759996791
2549,1712338319.22991,vehicle.toyota.prius,57.4744758605957,-46.5596923828125,237.627822875977,13.6506075489175,1.41158831119537,0.827366888523102,10.4935238855569,9.83340107138709
2550,1712338319.33172,vehicle.toyota.prius,57.4778709411621,-46.943115234375,237.63720703125,13.9152563533735,1.43524122238159,0.848599791526794,10.613452561311,9.89190493313138
2551,1712338319.43331,vehicle.toyota.prius,57.4778709411621,-46.943115234375,237.63720703125,13.9152563533735,1.43524122238159,0.848599791526794,8.02741879233546,9.75206847257169
2552,1712338319.53438,vehicle.toyota.prius,57.4812469482422,-47.3344993591309,237.646942138672,14.2152246741205,1.46176290512085,0.870273232460022,10.8122737507779,9.83158386843716
2553,1712338319.63575,vehicle.toyota.prius,57.484733581543,-47.7345695495606,237.657028198242,14.5364772035248,1.48648130893707,0.892428040504456,11.0213057989792,9.92081301322781
2554,1712338319.73732,vehicle.toyota.prius,57.484733581543,-47.7345695495606,237.657028198242,14.5364772035248,1.48648130893707,0.892428040504456,8.33856026056155,9.80214405677784
2555,1712338319.83846,vehicle.toyota.prius,57.4881935119629,-48.143310546875,237.667556762695,14.8322308908486,1.51049625873566,0.915062606334686,8.52949276213275,9.70669520967946
2556,1712338319.9395,vehicle.toyota.prius,57.4918098449707,-48.5598754882813,237.678405761719,15.1173337258654,1.53520107269287,0.938130617141724,11.5024992064047,9.84138050943385
2557,1712338320.04073,vehicle.toyota.prius,57.4954681396484,-48.9847793579102,237.689697265625,15.4266908909399,1.55845785140991,0.961660504341126,11.7374723347966,9.98358739633605
2558,1712338320.14202,vehicle.toyota.prius,57.4954681396484,-48.9847793579102,237.689697265625,15.4266908909399,1.55845785140991,0.961660504341126,8.89332186671849,9.90181748161474
2559,1712338320.24321,vehicle.toyota.prius,57.4990463256836,-49.4185104370117,237.701400756836,15.7484041575603,1.58461058139801,0.985679268836975,11.9877221606997,10.0582603325461
2560,1712338320.34493,vehicle.toyota.prius,57.5024948120117,-49.8612327575684,237.713485717773,16.0737374362116,1.60879635810852,1.01019537448883,12.2157472592648,10.22007185205
2561,1712338320.44622,vehicle.toyota.prius,57.5057945251465,-50.3129386901856,237.726028442383,16.3956438734468,1.63249707221985,1.03520929813385,12.4595304381053,10.3880312460042
2562,1712338320.54785,vehicle.toyota.prius,57.5057945251465,-50.3129386901856,237.726028442383,16.3956438734468,1.63249707221985,1.03520929813385,9.43219283558502,10.3163433652227
2563,1712338320.64903,vehicle.toyota.prius,57.5091285705566,-50.7734260559082,237.73893737793,16.7081088343471,1.6542307138443,1.06070899963379,12.7052801058134,10.495513620767
2564,1712338320.75006,vehicle.toyota.prius,57.5124168395996,-51.2422981262207,237.752243041992,17.0041246375567,1.67022025585175,1.0866733789444,12.9590870808508,10.6802816302733
2565,1712338320.85111,vehicle.toyota.prius,57.5124168395996,-51.2422981262207,237.752243041992,17.0041246375567,1.67022025585175,1.0866733789444,9.82647483108352,10.6162461203341
2566,1712338320.95214,vehicle.toyota.prius,57.5162162780762,-51.7190284729004,237.765808105469,17.2788315670148,1.6825213432312,1.10493302345276,10.0096619887907,10.5707523104683
2567,1712338321.05319,vehicle.toyota.prius,57.5203361511231,-52.2029190063477,237.779830932617,17.5252749701691,1.69344282150269,1.10493302345276,13.4699185770738,10.7881897804637
2568,1712338321.15426,vehicle.toyota.prius,57.5250625610352,-52.6928405761719,237.794235229492,17.7132899227939,1.70647490024567,1.10493302345276,13.6829247386356,11.0052949023266
2569,1712338321.25614,vehicle.toyota.prius,57.5250625610352,-52.6928405761719,237.794235229492,17.7132899227939,1.70647490024567,1.10493302345276,10.3232230080267,10.9541395102541
2570,1712338321.35759,vehicle.toyota.prius,57.5307083129883,-53.187255859375,237.809005737305,17.8738471429932,1.71893310546875,1.10493302345276,13.8309560080283,11.1699007475872
2571,1712338321.46032,vehicle.toyota.prius,57.5376358032227,-53.6863670349121,237.824264526367,18.0456615119434,1.73526406288147,1.10493302345276,13.9440328012492,11.3779606516118
2572,1712338321.56161,vehicle.toyota.prius,57.5462036132813,-54.1901779174805,237.840148925781,18.2446323162036,1.75461399555206,1.10493302345276,14.0790743926377,11.5805441821888
2573,1712338321.66312,vehicle.toyota.prius,57.5462036132813,-54.1901779174805,237.840148925781,18.2446323162036,1.75461399555206,1.10493302345276,10.5992599861369,11.5069478674849
2574,1712338321.76415,vehicle.toyota.prius,57.5567474365234,-54.6974906921387,237.855392456055,18.4400585417424,1.77346539497376,1.10493302345276,14.2143543262135,11.7100033518895
2575,1712338321.86523,vehicle.toyota.prius,57.5694847106934,-55.2054290771484,237.870681762695,18.3414353788036,1.77818500995636,1.10493302345276,14.3215095770259,11.9058663187748
2576,1712338321.96625,vehicle.toyota.prius,57.5694847106934,-55.2054290771484,237.870681762695,18.3414353788036,1.77818500995636,1.10493302345276,10.8163036673102,11.8241491199149
2577,1712338322.06761,vehicle.toyota.prius,57.5842018127441,-55.7082710266113,237.885879516602,18.2027326330636,1.7783899307251,1.10493302345276,10.809018596157,11.7480143306331
2578,1712338322.16871,vehicle.toyota.prius,57.6021194458008,-56.2160568237305,237.901412963867,18.2167345975564,1.77541196346283,1.10493302345276,14.4370675233313,11.9496933200854
2579,1712338322.26981,vehicle.toyota.prius,57.6224098205566,-56.7218818664551,237.916442871094,18.0077830387589,1.73932123184204,1.10493302345276,14.4264580421705,12.1354506742418
2580,1712338322.37136,vehicle.toyota.prius,57.6224098205566,-56.7218818664551,237.916442871094,18.0077830387589,1.73932123184204,1.10493302345276,10.7976446123267,12.0351152195982
2581,1712338322.47269,vehicle.toyota.prius,57.6451568603516,-57.2248992919922,237.92985534668,18.283333894661,1.64312481880188,1.10493302345276,14.3716042774522,12.2103518989372
2582,1712338322.57396,vehicle.toyota.prius,57.670955657959,-57.7341384887695,237.943496704102,18.5302615424517,1.56428396701813,1.10493302345276,14.4222600846882,12.3762450128686
2583,1712338322.67503,vehicle.toyota.prius,57.670955657959,-57.7341384887695,237.943496704102,18.5302615424517,1.56428396701813,1.10493302345276,10.8088863414336,12.2586931125109
2584,1712338322.77607,vehicle.toyota.prius,57.7001152038574,-58.2411651611328,237.957000732422,18.3566309715422,1.47273218631744,1.10537469387054,10.8216631499391,12.1509158653181
2585,1712338322.87716,vehicle.toyota.prius,57.7317276000977,-58.7431716918945,237.969329833984,18.1781685438316,1.34355282783508,0.66502833366394,14.412433678589,12.3205297013134
2586,1712338322.97834,vehicle.toyota.prius,57.76708984375,-59.2499923706055,237.983047485352,18.2740238064283,1.31763899326324,0.492092102766037,14.4487892622181,12.4801491683812
2587,1712338323.07986,vehicle.toyota.prius,57.76708984375,-59.2499923706055,237.983047485352,18.2740238064283,1.31763899326324,0.492092102766037,10.8121125720871,12.3550464236592
2588,1712338323.18097,vehicle.toyota.prius,57.8045654296875,-59.7528877258301,237.996856689453,17.8372240047861,1.31384146213532,0.322311043739319,14.4010034931464,12.5084932038707
2589,1712338323.28208,vehicle.toyota.prius,57.8445358276367,-60.2483596801758,238.008270263672,17.8003225968023,1.36629045009613,0.220954746007919,14.3215653402469,12.6444736140989
2590,1712338323.38309,vehicle.toyota.prius,57.8445358276367,-60.2483596801758,238.008270263672,17.8003225968023,1.36629045009613,0.220954746007919,10.7440020208479,12.5019382446051
2591,1712338323.48416,vehicle.toyota.prius,57.8863677978516,-60.7357292175293,238.020034790039,17.4348999845392,1.41826820373535,0.520621776580811,10.6115030873535,12.3601556078112
2592,1712338323.58518,vehicle.toyota.prius,57.9291458129883,-61.2098731994629,238.03092956543,16.9126528140556,1.44320523738861,0.436263114213944,14.0143608167471,12.4842209984814
2593,1712338323.68635,vehicle.toyota.prius,57.973690032959,-61.6664199829102,238.037322998047,16.3010340223354,1.26613938808441,0.376714646816254,13.6868098603815,12.5744151631239
2594,1712338323.78737,vehicle.toyota.prius,57.973690032959,-61.6664199829102,238.037322998047,16.3010340223354,1.26613938808441,0.376714646816254,10.1471332813205,12.3923690219887
2595,1712338323.88842,vehicle.toyota.prius,58.0182647705078,-62.1046752929688,238.042022705078,15.6617485380407,0.981935262680054,0.339426785707474,13.2842237576309,12.4592581271618
2596,1712338323.98956,vehicle.toyota.prius,58.0620651245117,-62.5263900756836,238.047546386719,15.1005830788622,0.745904445648193,0.322411328554153,12.8177969866386,12.4861485416226
2597,1712338324.091,vehicle.toyota.prius,58.1069145202637,-62.9345932006836,238.050643920898,14.7301967321435,0.407270491123199,0.323292970657349,12.3409992876373,12.4752623475737
2598,1712338324.19301,vehicle.toyota.prius,58.1069145202637,-62.9345932006836,238.050643920898,14.7301967321435,0.407270491123199,0.323292970657349,9.06084742848413,12.219181228642
2599,1712338324.29437,vehicle.toyota.prius,58.1521682739258,-63.3348121643066,238.05354309082,14.469630402564,0.104030609130859,0.340758293867111,11.9146993626802,12.1963450886948
2600,1712338324.39596,vehicle.toyota.prius,58.1975517272949,-63.7301483154297,238.05729675293,14.3608986893036,-0.160734832286835,0.374159961938858,11.6000052288219,12.1516195992044
2601,1712338324.49716,vehicle.toyota.prius,58.1975517272949,-63.7301483154297,238.05729675293,14.3608986893036,-0.160734832286835,0.374159961938858,8.5914915393432,11.8846099947148
2602,1712338324.59839,vehicle.toyota.prius,58.2451858520508,-64.1255416870117,238.058975219727,14.4428151163317,-0.390741437673569,0.423659861087799,8.50697639479719,11.631287474721
2603,1712338324.69947,vehicle.toyota.prius,58.2942962646484,-64.5262451171875,238.056457519531,14.6239044506283,-0.4277064204216,0.490245938301086,11.3921176822171,11.6133497402832
2604,1712338324.80078,vehicle.toyota.prius,58.3445739746094,-64.9323043823242,238.054351806641,14.7981318887224,-0.4312444627285,0.574589192867279,11.4384111287128,11.6002293444154
2605,1712338324.90184,vehicle.toyota.prius,58.3445739746094,-64.9323043823242,238.054351806641,14.7981318887224,-0.4312444627285,0.574589192867279,8.61870618240777,11.3766151072648
2606,1712338325.00289,vehicle.toyota.prius,58.3964347839356,-65.3422546386719,238.054214477539,14.9278676987654,-0.43969339132309,0.676993131637573,11.5626977811163,11.3905713078037
2607,1712338325.10393,vehicle.toyota.prius,58.4497756958008,-65.7560501098633,238.052215576172,15.0076718084323,-0.283534795045853,0.797949612140656,11.70198739534,11.4139275143689
2608,1712338325.20509,vehicle.toyota.prius,58.5035858154297,-66.1705551147461,238.052200317383,14.9952499400241,-0.117520228028297,0.923499464988708,11.8018700291808,11.4430232029798
2609,1712338325.30659,vehicle.toyota.prius,58.5035858154297,-66.1705551147461,238.052200317383,14.9952499400241,-0.117520228028297,0.923499464988708,8.88536803224783,11.2511990651749
2610,1712338325.4079,vehicle.toyota.prius,58.5576248168945,-66.5837631225586,238.053253173828,14.9398433396688,0.0318696610629558,0.950997710227966,11.8455631554676,11.2957763719469
2611,1712338325.50941,vehicle.toyota.prius,58.6120948791504,-66.9948501586914,238.053253173828,14.8302042044277,0.219713509082794,0.978260099887848,11.84513307456,11.3369781246428
2612,1712338325.61051,vehicle.toyota.prius,58.6120948791504,-66.9948501586914,238.053253173828,14.8302042044277,0.219713509082794,0.978260099887848,8.87882904542146,11.1526169437012
2613,1712338325.71178,vehicle.toyota.prius,58.6662445068359,-67.4016723632812,238.053573608398,14.6629881333596,0.376179486513138,1.00514280796051,8.82295080275077,10.97789198313
2614,1712338325.81283,vehicle.toyota.prius,58.7196502685547,-67.8028259277344,238.054794311523,14.4498259421836,0.485127806663513,-0.709228515625,11.7088228818073,11.0327118005308
2615,1712338325.91389,vehicle.toyota.prius,58.7723846435547,-68.1971893310547,238.056854248047,14.1995176657138,0.55588173866272,1.05750262737274,11.5803945989957,11.0737880104156
2616,1712338326.01523,vehicle.toyota.prius,58.7723846435547,-68.1971893310547,238.056854248047,14.1995176657138,0.55588173866272,1.05750262737274,8.63296945594685,10.8907266188305
2617,1712338326.1163,vehicle.toyota.prius,58.8240547180176,-68.5842437744141,238.059814453125,13.9439175719928,0.587676286697388,1.0828058719635,11.4127899692433,10.9298813701114
2618,1712338326.2175,vehicle.toyota.prius,58.8747787475586,-68.9638977050781,238.06379699707,13.6795472359686,0.576864063739777,1.10753905773163,11.2196942959263,10.9516173395475
2619,1712338326.31886,vehicle.toyota.prius,58.9243202209473,-69.335334777832,238.06787109375,13.3490534523774,0.561202466487885,1.13165318965912,10.9997863100447,10.9552300123348
2620,1712338326.42104,vehicle.toyota.prius,58.9243202209473,-69.335334777832,238.06787109375,13.3490534523774,0.561202466487885,1.13165318965912,8.15116936432414,10.744925463734
2621,1712338326.52217,vehicle.toyota.prius,58.972526550293,-69.6968612670898,238.071731567383,12.9816258669561,0.550321996212006,1.15504515171051,10.7448181864755,10.7449174179396
2622,1712338326.62326,vehicle.toyota.prius,59.0194358825684,-70.0487060546875,238.075347900391,12.6414847717469,0.544960260391235,1.17773592472076,10.4922623929585,10.7259682910661
2623,1712338326.7243,vehicle.toyota.prius,59.0194358825684,-70.0487060546875,238.075347900391,12.6414847717469,0.544960260391235,1.17773592472076,7.77447170909786,10.5046060474184
2624,1712338326.82537,vehicle.toyota.prius,59.0651054382324,-70.3914566040039,238.078552246094,12.3150740489251,0.532208323478699,1.19976925849915,7.57310336126417,10.2847433459569
2625,1712338326.92655,vehicle.toyota.prius,59.109001159668,-70.7251968383789,238.080581665039,12.008900513762,0.472307562828064,1.221151471138,9.98532898637938,10.2622872689886
2626,1712338327.02809,vehicle.toyota.prius,59.1518287658691,-71.0508499145508,238.081405639648,11.7382212720978,0.373133212327957,1.24195182323456,9.71900980101218,10.2215414588903
2627,1712338327.13052,vehicle.toyota.prius,59.1518287658691,-71.0508499145508,238.081405639648,11.7382212720978,0.373133212327957,1.24195182323456,7.17399269440911,9.99297530155424
2628,1712338327.23193,vehicle.toyota.prius,59.1936798095703,-71.3696212768555,238.081954956055,11.5044185472686,0.273207545280456,1.26225090026856,9.44901450556227,9.95217824185484
2629,1712338327.33357,vehicle.toyota.prius,59.2344131469727,-71.6826705932617,238.082565307617,11.3091385079798,0.179067060351372,1.28212380409241,9.22497124745578,9.89763771727491
2630,1712338327.43468,vehicle.toyota.prius,59.2344131469727,-71.6826705932617,238.082565307617,11.3091385079798,0.179067060351372,1.28212380409241,6.84143509537639,9.66842252063252
2631,1712338327.53589,vehicle.toyota.prius,59.274040222168,-71.9909896850586,238.083312988281,11.1478092766224,0.0902131348848342,1.30163550376892,6.72106787716963,9.44737092237281
2632,1712338327.63692,vehicle.toyota.prius,59.3129043579102,-72.2953872680664,238.084167480469,11.0138152683862,0.0041595851071178,1.32084167003632,8.9212779635189,9.40791395045876
2633,1712338327.73807,vehicle.toyota.prius,59.3508338928223,-72.5964889526367,238.085006713867,10.9003998354444,-0.0801659226417541,1.33978140354157,8.79757726481563,9.36213869903553
2634,1712338327.83909,vehicle.toyota.prius,59.3508338928223,-72.5964889526367,238.085006713867,10.9003998354444,-0.0801659226417541,1.33978140354157,6.56032483989213,9.15200265959977
2635,1712338327.94014,vehicle.toyota.prius,59.3879814147949,-72.8948059082031,238.085861206055,10.8020311474962,-0.162995621562004,1.35848951339722,8.70216971507926,9.11826518876073
2636,1712338328.04128,vehicle.toyota.prius,59.4242744445801,-73.1907501220703,238.086517333984,10.7169297371595,-0.23407056927681,1.37699210643768,8.61290040697628,9.0803628301269
2637,1712338328.14246,vehicle.toyota.prius,59.4594573974609,-73.4849319458008,238.086166381836,10.6435688778553,-0.262299746274948,1.4234813451767,8.53497175205191,9.03945849927128
2638,1712338328.24379,vehicle.toyota.prius,59.4594573974609,-73.4849319458008,238.086166381836,10.6435688778553,-0.262299746274948,1.4234813451767,6.37154469113586,8.83936496366112
2639,1712338328.34492,vehicle.toyota.prius,59.4933433532715,-73.7775344848633,238.085067749023,10.5691375531737,-0.243865057826042,1.54528474807739,8.46650864324912,8.81140073963022
2640,1712338328.44603,vehicle.toyota.prius,59.525634765625,-74.0683135986328,238.083999633789,10.4956464126816,-0.215881779789925,1.65398347377777,8.40822110554856,8.7811622670741
2641,1712338328.54724,vehicle.toyota.prius,59.525634765625,-74.0683135986328,238.083999633789,10.4956464126816,-0.215881779789925,1.65398347377777,6.28560428810465,8.59399541865139
2642,1712338328.64827,vehicle.toyota.prius,59.5556106567383,-74.3572082519531,238.08349609375,10.4096445021538,-0.172025129199028,1.74978220462799,6.24590085789901,8.41788832659496
2643,1712338328.74956,vehicle.toyota.prius,59.5832443237305,-74.6440505981445,238.083908081055,10.3216030354545,-0.0987576991319656,1.83290612697601,8.29729664687208,8.40884395061574
2644,1712338328.85059,vehicle.toyota.prius,59.607967376709,-74.9288330078125,238.084930419922,10.2328088731505,-0.0056758867576718,1.90362524986267,8.23688087057217,8.39594671961247
2645,1712338328.95178,vehicle.toyota.prius,59.607967376709,-74.9288330078125,238.084930419922,10.2328088731505,-0.0056758867576718,1.90362524986267,6.15322324929025,8.22774245933831
2646,1712338329.05289,vehicle.toyota.prius,59.6295509338379,-75.2115325927734,238.08674621582,10.1483165152759,0.11495890468359,1.9622266292572,8.17281672680715,8.22362302939847
2647,1712338329.15393,vehicle.toyota.prius,59.6480903625488,-75.4923553466797,238.088760375977,10.0796368967297,0.238503366708755,2.00904202461243,8.10845202932495,8.21498520439296
2648,1712338329.25497,vehicle.toyota.prius,59.6480903625488,-75.4923553466797,238.088760375977,10.0796368967297,0.238503366708755,2.00904202461243,6.06015694653319,8.05337308505347
2649,1712338329.356,vehicle.toyota.prius,59.6639938354492,-75.7712936401367,238.090698242187,9.99624717537015,0.358660042285919,2.04407906532288,6.01425783342514,7.90043944118135
2650,1712338329.45697,vehicle.toyota.prius,59.6774978637695,-76.0475540161133,238.092559814453,9.89051376003162,0.473974108695984,2.06823706626892,7.98767098898747,7.90698180726681
2651,1712338329.55821,vehicle.toyota.prius,59.6889991760254,-76.3209686279297,238.094345092773,9.78693031919679,0.587198138237,2.08139204978943,7.91523474354788,7.90760077748789
2652,1712338329.65945,vehicle.toyota.prius,59.6889991760254,-76.3209686279297,238.094345092773,9.78693031919679,0.587198138237,2.08139204978943,5.90809218955754,7.75763763339311
2653,1712338329.76054,vehicle.toyota.prius,59.6982421875,-76.5908889770508,238.096282958984,9.62897742304939,0.689794421195984,2.08390402793884,7.83060389287656,7.76311010285437
2654,1712338329.86158,vehicle.toyota.prius,59.705451965332,-76.8552703857422,238.09831237793,9.40988890233024,0.78248006105423,2.07629489898682,7.72420091998407,7.7601919141391
2655,1712338329.96274,vehicle.toyota.prius,59.7097854614258,-77.1130599975586,238.101150512695,9.15042802719058,0.890362918376923,2.05930399894714,7.58781106512426,7.74726335046298
2656,1712338330.06392,vehicle.toyota.prius,59.7097854614258,-77.1130599975586,238.101150512695,9.15042802719058,0.890362918376923,2.05930399894714,5.64082813755878,7.58928070949517
2657,1712338330.16496,vehicle.toyota.prius,59.7117614746094,-77.3635711669922,238.105972290039,8.89440350785533,1.01041030883789,2.03376054763794,7.42719780895244,7.57712449195446
2658,1712338330.26607,vehicle.toyota.prius,59.711540222168,-77.6065444946289,238.111618041992,8.60284229733142,1.11743938922882,2.00050067901611,7.23417512851212,7.55140328969629
2659,1712338330.36752,vehicle.toyota.prius,59.711540222168,-77.6065444946289,238.111618041992,8.60284229733142,1.11743938922882,2.00050067901611,5.34667878918484,7.38604895215793
2660,1712338330.46903,vehicle.toyota.prius,59.7097015380859,-77.8399200439453,238.117919921875,8.22353906821224,1.20582890510559,1.95999050140381,5.1697012591004,7.21982287517861
2661,1712338330.57003,vehicle.toyota.prius,59.7066497802734,-78.0619201660156,238.125015258789,7.78915584327602,1.33015882968903,1.9146968126297,6.7515106717212,7.18469945991931
2662,1712338330.67131,vehicle.toyota.prius,59.7025146484375,-78.2717971801758,238.13200378418,7.3576440343217,1.46023976802826,1.86542999744415,6.46018508152831,7.13036088153998
2663,1712338330.77231,vehicle.toyota.prius,59.7025146484375,-78.2717971801758,238.13200378418,7.3576440343217,1.46023976802826,1.86542999744415,4.73349623931459,6.95059603337308
2664,1712338330.87334,vehicle.toyota.prius,59.6978797912598,-78.4718780517578,238.138549804688,7.04186257660655,1.58760225772858,1.81262814998627,6.16251216822219,6.89148974348676
2665,1712338330.97443,vehicle.toyota.prius,59.6930122375488,-78.6606063842774,238.144577026367,6.56711109572745,1.70376324653626,1.75760328769684,5.85012341336133,6.81338726872736
2666,1712338331.07571,vehicle.toyota.prius,59.6883087158203,-78.8349914550781,238.15007019043,6.04682768844071,1.80710399150848,1.69875144958496,5.50807326057858,6.7154887181162
2667,1712338331.1769,vehicle.toyota.prius,59.6883087158203,-78.8349914550781,238.15007019043,6.04682768844071,1.80710399150848,1.69875144958496,4.01352197753839,6.51284121257286
2668,1712338331.27799,vehicle.toyota.prius,59.6838569641113,-78.9998779296875,238.155212402344,5.80689426620172,1.91027402877808,1.64205610752106,5.18761460991811,6.41344921737376
2669,1712338331.37906,vehicle.toyota.prius,59.6796684265137,-79.1567993164063,238.160049438477,5.50048568097921,2.00811648368835,1.58448898792267,4.87981487527776,6.29842664171656
2670,1712338331.48026,vehicle.toyota.prius,59.676326751709,-79.2908706665039,238.164215087891,3.75098531253097,2.06834506988525,1.53251612186432,4.48931418058752,6.16274320713188
2671,1712338331.58184,vehicle.toyota.prius,59.676326751709,-79.2908706665039,238.164215087891,3.75098531253097,2.06834506988525,1.53251612186432,3.24526690099157,5.94393248417136
2672,1712338331.68292,vehicle.toyota.prius,59.6738662719727,-79.3932571411133,238.166046142578,3.48099043487505,2.05946588516235,1.49109554290771,3.97461187369058,5.7962334383853
2673,1712338331.784,vehicle.toyota.prius,59.6716651916504,-79.4922027587891,238.166778564453,3.58788562092252,2.0371310710907,1.44964361190796,3.50468986704313,5.62436767053463
2674,1712338331.88499,vehicle.toyota.prius,59.6699295043945,-79.5842361450195,238.167343139648,2.97373431389065,2.01042509078979,1.3461822271347,3.04265400583587,5.43073914568223
2675,1712338331.98612,vehicle.toyota.prius,59.6699295043945,-79.5842361450195,238.167343139648,2.97373431389065,2.01042509078979,1.3461822271347,2.08839518540189,5.1800633486612
2676,1712338332.08715,vehicle.toyota.prius,59.6686859130859,-79.6548004150391,238.167861938477,2.28254899743112,1.98495531082153,1.3461822271347,2.59343339977055,4.9860661024944
2677,1712338332.18826,vehicle.toyota.prius,59.6678352355957,-79.7111587524414,238.168395996094,1.88076936200545,1.96966254711151,1.3461822271347,2.26517668791619,4.78199939640104
2678,1712338332.28984,vehicle.toyota.prius,59.6671524047852,-79.7585601806641,238.168823242187,1.61047965433995,1.96024370193481,1.3461822271347,1.89592525975403,4.56554383615251
2679,1712338332.39092,vehicle.toyota.prius,59.6671524047852,-79.7585601806641,238.168823242187,1.61047965433995,1.96024370193481,1.3461822271347,1.24064492847995,4.31617641807707
2680,1712338332.49196,vehicle.toyota.prius,59.6664733886719,-79.8009719848633,238.169403076172,1.46971854059215,1.94715702533722,1.3461822271347,1.54275396869781,4.10816973437363
2681,1712338332.59323,vehicle.toyota.prius,59.6658325195313,-79.8420333862305,238.17008972168,1.60183751915089,1.92915272712708,1.3461822271347,1.33212584348479,3.89996644255696
2682,1712338332.69452,vehicle.toyota.prius,59.6653099060059,-79.8818206787109,238.170837402344,1.32417753787186,1.90749418735504,1.3461822271347,1.21383144240478,3.69850631754555
2683,1712338332.79631,vehicle.toyota.prius,59.6653099060059,-79.8818206787109,238.170837402344,1.32417753787186,1.90749418735504,1.3461822271347,0.87635860862603,3.48684523937658
2684,1712338332.89734,vehicle.toyota.prius,59.6647834777832,-79.9228057861328,238.17155456543,1.58032608927935,1.88821935653686,1.30348587036133,1.1678592118876,3.31292128731491
2685,1712338332.99846,vehicle.toyota.prius,59.6644325256348,-79.9627304077148,238.172332763672,1.37683824864506,1.86613738536835,1.25459063053131,1.14999600998541,3.1507018915152
2686,1712338333.09953,vehicle.toyota.prius,59.6644325256348,-79.9627304077148,238.172332763672,1.37683824864506,1.86613738536835,1.25459063053131,0.858415568619931,2.97878041729805
2687,1712338333.20072,vehicle.toyota.prius,59.664192199707,-80.0016632080078,238.173080444336,1.26251265451063,1.84465646743774,1.20603084564209,0.852495969929215,2.81930908374539
2688,1712338333.30166,vehicle.toyota.prius,59.663818359375,-80.0370330810547,238.173767089844,1.18819709730313,1.82426834106445,1.16112458705902,1.10595337681276,2.69080740572544
2689,1712338333.40272,vehicle.toyota.prius,59.663444519043,-80.0720520019531,238.174362182617,1.36216172654185,1.80775284767151,1.11594414710999,1.06335044618055,2.56874813375958
2690,1712338333.50377,vehicle.toyota.prius,59.663444519043,-80.0720520019531,238.174362182617,1.36216172654185,1.80775284767151,1.11594414710999,0.779010787977541,2.43451783282592
2691,1712338333.60552,vehicle.toyota.prius,59.6631813049316,-80.1036834716797,238.17497253418,1.10359784508051,1.78867614269257,1.07453143596649,1.0030613524447,2.32715859679733
2692,1712338333.70682,vehicle.toyota.prius,59.6628646850586,-80.138801574707,238.175567626953,1.44120392588941,1.77538466453552,1.02786648273468,0.975694536110972,2.22579879224586
2693,1712338333.80909,vehicle.toyota.prius,59.6627006530762,-80.1717300415039,238.176208496094,1.02053835303488,1.75384902954102,0.983480155467987,0.955805099136548,2.13054926526266
2694,1712338333.9104,vehicle.toyota.prius,59.6627006530762,-80.1717300415039,238.176208496094,1.02053835303488,1.75384902954102,0.983480155467987,0.706974690321963,2.02378117214211
2695,1712338334.0115,vehicle.toyota.prius,59.6626091003418,-80.2022094726562,238.1767578125,1.0653612597391,1.73759317398071,0.941842377185822,0.923043742176288,1.94122586489467
2696,1712338334.11257,vehicle.toyota.prius,59.6625175476074,-80.231201171875,238.177261352539,1.16078275167436,1.72259414196014,0.901734232902527,0.905517734141821,1.86354775508821
2697,1712338334.2139,vehicle.toyota.prius,59.6625175476074,-80.231201171875,238.177261352539,1.16078275167436,1.72259414196014,0.901734232902527,0.656097170060241,1.77298896121111
2698,1712338334.31501,vehicle.toyota.prius,59.6624412536621,-80.2652206420899,238.177825927734,1.24140112597192,1.70866048336029,0.854051828384399,0.66536071698166,1.6899168428939
2699,1712338334.41607,vehicle.toyota.prius,59.6623077392578,-80.2954406738281,238.178436279297,0.953705109133522,1.68851828575134,0.811117947101593,0.880872874336233,1.62923854525207
2700,1712338334.51721,vehicle.toyota.prius,59.6621170043945,-80.3239822387695,238.179000854492,0.927242279492584,1.67185258865356,0.770068645477295,0.867014557164902,1.57207174614554
2701,1712338334.61827,vehicle.toyota.prius,59.6621170043945,-80.3239822387695,238.179000854492,0.927242279492584,1.67185258865356,0.770068645477295,0.660621114230294,1.50371294875189
2702,1712338334.71944,vehicle.toyota.prius,59.6621170043945,-80.3538284301758,238.179489135742,1.06683869494842,1.65871822834015,0.749469757080078,0.873390096652206,1.45643873484442
2703,1712338334.82051,vehicle.toyota.prius,59.6620101928711,-80.3800506591797,238.179992675781,0.954397458727416,1.64286530017853,0.749469757080078,0.817929041866797,1.4085505078711
2704,1712338334.92172,vehicle.toyota.prius,59.6618385314941,-80.4054336547852,238.180450439453,0.902426101087404,1.62977862358093,0.749469757080078,0.783231750988865,1.36165160110493
2705,1712338335.02279,vehicle.toyota.prius,59.6618385314941,-80.4054336547852,238.180450439453,0.902426101087404,1.62977862358093,0.749469757080078,0.580070198644267,1.30303299592038
2706,1712338335.12393,vehicle.toyota.prius,59.6618385314941,-80.4247894287109,238.18083190918,0.571606126232719,1.61558556556702,0.749469757080078,0.717801477108736,1.25914063200951
2707,1712338335.22542,vehicle.toyota.prius,59.6617660522461,-80.4429702758789,238.181121826172,0.689660593953649,1.60819530487061,0.749469757080078,0.634354868488914,1.21228169974546
2708,1712338335.32697,vehicle.toyota.prius,59.6619262695313,-80.4665985107422,238.181503295898,0.903609089762117,1.6018568277359,0.749469757080078,0.615285032868851,1.16750694972972
2709,1712338335.42857,vehicle.toyota.prius,59.6619262695313,-80.4665985107422,238.181503295898,0.903609089762117,1.6018568277359,0.749469757080078,0.434505519635545,1.11253184247265
2710,1712338335.52964,vehicle.toyota.prius,59.661865234375,-80.4935607910156,238.181991577148,0.966317663665187,1.58971965312958,0.749469757080078,0.626036908960253,1.07604472245922
2711,1712338335.63058,vehicle.toyota.prius,59.6619606018066,-80.5163726806641,238.18244934082,0.744758520681143,1.57230949401856,0.749469757080078,0.650849360456861,1.04415507030905
2712,1712338335.73162,vehicle.toyota.prius,59.6622543334961,-80.5374908447266,238.182891845703,0.696481435482101,1.55986487865448,0.749469757080078,0.672340646776522,1.01626898854411
2713,1712338335.83387,vehicle.toyota.prius,59.6622543334961,-80.5374908447266,238.182891845703,0.696481435482101,1.55986487865448,0.749469757080078,0.503583210889103,0.977817555219981
2714,1712338335.93511,vehicle.toyota.prius,59.6623573303223,-80.559326171875,238.183242797852,0.74733095368171,1.54932582378387,0.749469757080078,0.659144349646991,0.953917064802006
2715,1712338336.0363,vehicle.toyota.prius,59.6622505187988,-80.5816497802734,238.183624267578,0.704130731381504,1.53783071041107,0.749469757080078,0.62601601110602,0.929324485774808
2716,1712338336.13731,vehicle.toyota.prius,59.6622505187988,-80.5816497802734,238.183624267578,0.704130731381504,1.53783071041107,0.749469757080078,0.463830870190762,0.894412464606004
2717,1712338336.23831,vehicle.toyota.prius,59.6624221801758,-80.6018600463867,238.184051513672,0.719070672956356,1.52493524551392,0.749469757080078,0.457412218014531,0.861637446111643
2718,1712338336.33935,vehicle.toyota.prius,59.6624069213867,-80.6255264282227,238.184616088867,0.816939154265142,1.50859749317169,0.749469757080078,0.627104687129301,0.844047489187968
2719,1712338336.44074,vehicle.toyota.prius,59.6625709533691,-80.6475601196289,238.185165405273,1.00576833952434,1.4902925491333,0.749469757080078,0.628355488219389,0.827870589115324
2720,1712338336.54292,vehicle.toyota.prius,59.6625709533691,-80.6475601196289,238.185165405273,1.00576833952434,1.4902925491333,0.749469757080078,0.468483308457532,0.80091654306599
2721,1712338336.64396,vehicle.toyota.prius,59.662654876709,-80.6737899780273,238.185852050781,0.941877611456602,1.46898233890533,0.749469757080078,0.654898024306275,0.789965154159011
2722,1712338336.74533,vehicle.toyota.prius,59.6632537841797,-80.7022171020508,238.186553955078,1.12449951608485,1.44762432575226,0.749469757080078,0.712812993248219,0.784178742090702
2723,1712338336.84665,vehicle.toyota.prius,59.6633415222168,-80.7312698364258,238.18733215332,1.03239235225958,1.42152619361877,0.749469757080078,0.750670158607061,0.781665598329429
2724,1712338336.94877,vehicle.toyota.prius,59.6633415222168,-80.7312698364258,238.18733215332,1.03239235225958,1.42152619361877,0.749469757080078,0.593404803289313,0.76754603870142
2725,1712338337.05007,vehicle.toyota.prius,59.6634979248047,-80.7553863525391,238.188064575195,0.791518051302517,1.39418494701386,0.749469757080078,0.76572047464106,0.767409121396893
2726,1712338337.1513,vehicle.toyota.prius,59.6635932922363,-80.7785339355469,238.188659667969,0.891702144990468,1.37561368942261,0.749469757080078,0.743551225457154,0.765619779201413
2727,1712338337.25267,vehicle.toyota.prius,59.6635932922363,-80.7785339355469,238.188659667969,0.891702144990468,1.37561368942261,0.749469757080078,0.541740982684241,0.748828869462625
2728,1712338337.35368,vehicle.toyota.prius,59.6642112731934,-80.8068161010742,238.189315795898,0.943596906878693,1.35627746582031,0.749469757080078,0.536614868418638,0.732912819384326
2729,1712338337.45463,vehicle.toyota.prius,59.6646385192871,-80.8314361572266,238.189971923828,0.747989277853139,1.33179807662964,0.749469757080078,0.713147410093125,0.731430413687486
2730,1712338337.55566,vehicle.toyota.prius,59.664665222168,-80.8500061035156,238.190521240234,0.729424462116976,1.31268036365509,0.802382469177246,0.67399839877386,0.727123012568964
2731,1712338337.65671,vehicle.toyota.prius,59.6650733947754,-80.8767242431641,238.19108581543,0.96776095168246,1.29983270168304,0.803102433681488,0.699687053193936,0.725065315615837
2732,1712338337.75842,vehicle.toyota.prius,59.6650733947754,-80.8767242431641,238.19108581543,0.96776095168246,1.29983270168304,0.803102433681488,0.699222635123643,0.723127114578922
2733,1712338337.85956,vehicle.toyota.prius,59.6655158996582,-80.9028472900391,238.191772460937,0.926714399956266,1.27768921852112,0.803726494312286,0.683667292635542,0.720167627933169
2734,1712338337.9607,vehicle.toyota.prius,59.6657791137695,-80.9260482788086,238.192428588867,0.807915743922767,1.25448024272919,0.804215490818024,0.673317240924382,0.716653848907509
2735,1712338338.06208,vehicle.toyota.prius,59.6660766601562,-80.9463882446289,238.192962646484,0.618482608335017,1.23362767696381,0.804592669010162,0.685450617025071,0.714313606516327
2736,1712338338.16357,vehicle.toyota.prius,59.6660766601562,-80.9463882446289,238.192962646484,0.618482608335017,1.23362767696381,0.804592669010162,0.495030751354068,0.697867392379157
2737,1712338338.26467,vehicle.toyota.prius,59.6662826538086,-80.9594573974609,238.193374633789,0.385974595985851,1.21766555309296,0.804809808731079,0.588619329562597,0.689673787667915
2738,1712338338.36596,vehicle.toyota.prius,59.6664772033691,-80.9683456420899,238.193634033203,0.264799616401631,1.21030259132385,0.804946005344391,0.465874484412889,0.672888839923788
2739,1712338338.4671,vehicle.toyota.prius,59.6665802001953,-80.9739227294922,238.193786621094,0.163561371347517,1.20736563205719,0.805026888847351,0.3405278370973,0.647961764711802
2740,1712338338.56928,vehicle.toyota.prius,59.6665802001953,-80.9739227294922,238.193786621094,0.163561371347517,1.20736563205719,0.805026888847351,0.195555661062977,0.61403130693814
2741,1712338338.67046,vehicle.toyota.prius,59.666633605957,-80.9772262573242,238.193786621094,0.0918474020703874,1.20625233650208,0.805073201656342,0.219128675931272,0.584413609612625
2742,1712338338.7717,vehicle.toyota.prius,59.6666526794434,-80.9788589477539,238.193801879883,0.038743957099067,1.20622503757477,0.805095613002777,0.137812969675032,0.550918561617305
2743,1712338338.87293,vehicle.toyota.prius,59.6666526794434,-80.9788589477539,238.193801879883,0.038743957099067,1.20622503757477,0.805095613002777,0.0746748539945143,0.515200283545596
2744,1712338338.97397,vehicle.toyota.prius,59.6666488647461,-80.979248046875,238.193801879883,0.0053214952003889,1.20754325389862,0.805100917816162,0.0378253657087649,0.479397164707834
2745,1712338339.07535,vehicle.toyota.prius,59.666633605957,-80.9787216186524,238.193786621094,0.0299659437529242,1.20923030376434,0.805093765258789,0.0341397247366298,0.446002856709993
2746,1712338339.1763,vehicle.toyota.prius,59.6665954589844,-80.9775619506836,238.193725585938,0.0493671951106432,1.21111536026001,0.805077910423279,0.00244336060115141,0.41273589450183
2747,1712338339.27756,vehicle.toyota.prius,59.6665954589844,-80.9775619506836,238.193725585938,0.0493671951106432,1.21111536026001,0.805077910423279,0.00925499105066448,0.382474826742993
2748,1712338339.37865,vehicle.toyota.prius,59.666561126709,-80.9759521484375,238.19367980957,0.0637594197077349,1.2131644487381,0.805055618286133,0.0207207199696817,0.355343268734994
2749,1712338339.48054,vehicle.toyota.prius,59.6665115356445,-80.9739990234375,238.193634033203,0.0745221327991835,1.21525454521179,0.805028259754181,0.0373351540011587,0.331492660129957
2750,1712338339.58187,vehicle.toyota.prius,59.6665115356445,-80.9739990234375,238.193634033203,0.0745221327991835,1.21525454521179,0.805028259754181,0.033593257828253,0.309150204957329
2751,1712338339.68361,vehicle.toyota.prius,59.6664543151856,-80.971794128418,238.193572998047,0.0824367852144549,1.21723520755768,0.80499678850174,0.0409570590759561,0.289035719016226
2752,1712338339.78458,vehicle.toyota.prius,59.666389465332,-80.9694137573242,238.193511962891,0.088291606122664,1.21957802772522,0.80496221780777,0.0578935609030075,0.271700057157734
2753,1712338339.88587,vehicle.toyota.prius,59.6663322448731,-80.9668807983399,238.193405151367,0.093275977026097,1.22152459621429,0.804924607276917,0.0644333313898626,0.256155052725144
2754,1712338339.98719,vehicle.toyota.prius,59.6663322448731,-80.9668807983399,238.193405151367,0.093275977026097,1.22152459621429,0.804924607276917,0.0506205115116886,0.240739962134135
2755,1712338340.08822,vehicle.toyota.prius,59.6662635803223,-80.9642181396484,238.193374633789,0.0968996807289421,1.2241952419281,0.804884314537048,0.0695861918459528,0.227903429362521
2756,1712338340.18946,vehicle.toyota.prius,59.6662063598633,-80.9614868164062,238.193298339844,0.099872634453924,1.22655165195465,0.804842174053192,0.0734005347959639,0.216315712270029
2757,1712338340.29062,vehicle.toyota.prius,59.6661415100098,-80.9586715698242,238.193222045898,0.10231924106191,1.22883296012878,0.804797768592835,0.0764688217793373,0.205827195483227
2758,1712338340.39223,vehicle.toyota.prius,59.6661415100098,-80.9586715698242,238.193222045898,0.10231924106191,1.22883296012878,0.804797768592835,0.0583939820257341,0.194769704473916
2759,1712338340.49345,vehicle.toyota.prius,59.6660766601562,-80.955810546875,238.193161010742,0.103648250292127,1.2315239906311,0.804751813411713,0.0787596918710576,0.186068953528701
2760,1712338340.59471,vehicle.toyota.prius,59.6660194396973,-80.9529113769531,238.193084716797,0.104715768670855,1.23376429080963,0.804704129695892,0.0804117482496774,0.178144663132774
2761,1712338340.696,vehicle.toyota.prius,59.6659545898438,-80.9500198364258,238.192977905273,0.104607091464537,1.23628461360931,0.804655730724335,0.0815477979080398,0.170899898240919
2762,1712338340.79727,vehicle.toyota.prius,59.6659545898438,-80.9500198364258,238.192977905273,0.104607091464537,1.23628461360931,0.804655730724335,0.0615134479309025,0.162695914467668
2763,1712338340.89823,vehicle.toyota.prius,59.6658821105957,-80.9471206665039,238.192916870117,0.104271268243209,1.23853862285614,0.804606199264526,0.0822304199620236,0.156661002379745
2764,1712338340.99936,vehicle.toyota.prius,59.6658096313477,-80.9442291259766,238.192840576172,0.103549806381767,1.24089503288269,0.804555892944336,0.0824650203754189,0.15109630372942
2765,1712338341.10051,vehicle.toyota.prius,59.6657447814941,-80.9413757324219,238.192764282227,0.1027449082475,1.24351787567139,0.804505288600922,0.0821582304842329,0.145925948236031
2766,1712338341.20208,vehicle.toyota.prius,59.6657447814941,-80.9413757324219,238.192764282227,0.1027449082475,1.24351787567139,0.804505288600922,0.0615273884272539,0.139596056250373
2767,1712338341.30331,vehicle.toyota.prius,59.6656723022461,-80.9385375976563,238.192687988281,0.101414418976936,1.24549174308777,0.804454028606415,0.0817357828394945,0.135256535744557
2768,1712338341.40446,vehicle.toyota.prius,59.6656150817871,-80.9357376098633,238.192626953125,0.099891763230469,1.24801898002625,0.804402470588684,0.0809982551820689,0.13118716470237
2769,1712338341.50577,vehicle.toyota.prius,59.6655502319336,-80.9330062866211,238.19255065918,0.0977647203953341,1.25040948390961,0.804351449012756,0.079829803675023,0.127335362625319
2770,1712338341.60747,vehicle.toyota.prius,59.6655502319336,-80.9330062866211,238.19255065918,0.0977647203953341,1.25040948390961,0.804351449012756,0.0594682623540537,0.122245330104974
2771,1712338341.70854,vehicle.toyota.prius,59.6654930114746,-80.9303131103516,238.192489624023,0.0957490115912853,1.25282049179077,0.804300129413605,0.0786795850837352,0.118977899228381
2772,1712338341.80974,vehicle.toyota.prius,59.6654319763184,-80.9277038574219,238.192413330078,0.0928252616089149,1.25516331195831,0.804249703884125,0.0770563197432141,0.115833780766994
2773,1712338341.91134,vehicle.toyota.prius,59.6654319763184,-80.9277038574219,238.192413330078,0.0928252616089149,1.25516331195831,0.804249703884125,0.0570928501581949,0.111428210971334
2774,1712338342.01248,vehicle.toyota.prius,59.6653785705566,-80.9251708984375,238.192352294922,0.0900963779186368,1.25735580921173,0.804199993610382,0.0556992854276287,0.107248541555556
2775,1712338342.11351,vehicle.toyota.prius,59.6653366088867,-80.9227142333984,238.192321777344,0.0871909989240351,1.25920677185059,0.804150998592377,0.0732521960353073,0.104698815641537
2776,1712338342.21539,vehicle.toyota.prius,59.6653366088867,-80.9227142333984,238.192321777344,0.0871909989240351,1.25920677185059,0.804150998592377,0.0539971597947627,0.100896191453029
2777,1712338342.31687,vehicle.toyota.prius,59.665283203125,-80.9203567504883,238.192260742187,0.0838534568986791,1.26126945018768,0.804103374481201,0.0521774281091049,0.097242284202235
2778,1712338342.41805,vehicle.toyota.prius,59.6652374267578,-80.918083190918,238.192169189453,0.0802642486850235,1.26329803466797,0.804056882858276,0.0683866521530295,0.0950781117985446
2779,1712338342.51913,vehicle.toyota.prius,59.6651954650879,-80.9159088134766,238.192123413086,0.0769380600881236,1.2650465965271,0.804011762142181,0.0658445735302948,0.0928855964284259
2780,1712338342.6202,vehicle.toyota.prius,59.6651954650879,-80.9159088134766,238.192123413086,0.0769380600881236,1.2650465965271,0.804011762142181,0.0483832728416779,0.0895479221594198
2781,1712338342.72126,vehicle.toyota.prius,59.6651420593262,-80.9138336181641,238.19206237793,0.0728428465299345,1.26669263839722,0.803968369960785,0.0632407273905049,0.0875748825517511
2782,1712338342.82248,vehicle.toyota.prius,59.6651000976563,-80.9118499755859,238.192031860352,0.0696923775230265,1.26801776885986,0.803926289081574,0.0606049670440278,0.0855521388886719
2783,1712338342.92378,vehicle.toyota.prius,59.6650657653809,-80.9099960327148,238.191970825195,0.0650415772366409,1.26984822750092,0.803886592388153,0.0575982359482241,0.0834555961681383
2784,1712338343.02499,vehicle.toyota.prius,59.6650657653809,-80.9099960327148,238.191970825195,0.0650415772366409,1.26984822750092,0.803886592388153,0.0421032161095569,0.0803541676637447
2785,1712338343.12606,vehicle.toyota.prius,59.6650276184082,-80.9082641601563,238.191909790039,0.0601091939015797,1.27139186859131,0.803849160671234,0.0544384551879115,0.0784104892280572
2786,1712338343.22739,vehicle.toyota.prius,59.6649894714355,-80.9066619873047,238.19189453125,0.0558083229370814,1.2728875875473,0.803814172744751,0.0510353146467371,0.0763573511344582
2787,1712338343.32848,vehicle.toyota.prius,59.6649589538574,-80.9051818847656,238.191848754883,0.0511701472208909,1.27380287647247,0.803781628608704,0.0474699561566976,0.0741907965111262
2788,1712338343.43008,vehicle.toyota.prius,59.6649589538574,-80.9051818847656,238.191848754883,0.0511701472208909,1.27380287647247,0.803781628608704,0.0342500506310421,0.0711952405701198
2789,1712338343.53115,vehicle.toyota.prius,59.6649360656738,-80.90380859375,238.191787719727,0.0472662372381207,1.27460205554962,0.803751170635223,0.0440360258931667,0.0691582994693484
2790,1712338343.63218,vehicle.toyota.prius,59.6648979187012,-80.9025726318359,238.191787719727,0.0422996976921484,1.27620708942413,0.803723692893982,0.0405029251515174,0.067009146395511
2791,1712338343.73318,vehicle.toyota.prius,59.6648979187012,-80.9025726318359,238.191787719727,0.0422996976921484,1.27620708942413,0.803723692893982,0.0291237186123739,0.0641677393117758
2792,1712338343.83423,vehicle.toyota.prius,59.6648750305176,-80.9014739990234,238.191757202148,0.0370063085623889,1.27667152881622,0.803699016571045,0.0264078855121943,0.0613357502768072
2793,1712338343.93527,vehicle.toyota.prius,59.664852142334,-80.9005279541016,238.19172668457,0.0321428480667995,1.27756631374359,0.803677678108215,0.0331846867402046,0.059224420511562
2794,1712338344.03775,vehicle.toyota.prius,59.664852142334,-80.9005279541016,238.19172668457,0.0321428480667995,1.27756631374359,0.803677678108215,0.0233245507763426,0.0565319302814205
2795,1712338344.13923,vehicle.toyota.prius,59.6648368835449,-80.8997116088867,238.191711425781,0.0264765960798507,1.27824246883392,0.80365914106369,0.0203247445769384,0.0538163913535844
2796,1712338344.24027,vehicle.toyota.prius,59.6648178100586,-80.8990783691406,238.191696166992,0.0206738276840141,1.27898013591766,0.803644835948944,0.0248220474208338,0.0516418155586281
2797,1712338344.34132,vehicle.toyota.prius,59.6647987365723,-80.8985900878906,238.191680908203,0.0153397876259228,1.27933537960053,0.803633689880371,0.020488180634463,0.0493052929393157
2798,1712338344.44253,vehicle.toyota.prius,59.6647987365723,-80.8985900878906,238.191680908203,0.0153397876259228,1.27933537960053,0.803633689880371,0.0137618044304726,0.0466395313011524
2799,1712338344.54358,vehicle.toyota.prius,59.6646118164063,-80.8985443115234,238.191680908203,0.0055499780345108,1.27942419052124,0.803633689880371,0.0142245183176293,0.0442084053273882
2800,1712338344.64467,vehicle.toyota.prius,59.6646118164063,-80.8986282348633,238.191680908203,0.0069054260543945,1.27940368652344,0.803635656833649,0.00788414622918505,0.041484085895023
2801,1712338344.74573,vehicle.toyota.prius,59.664608001709,-80.8988037109375,238.191680908203,0.0096617762193235,1.27923285961151,0.803639709949493,0.00246397526635135,0.0385575775978726
2802,1712338344.84702,vehicle.toyota.prius,59.664608001709,-80.8988037109375,238.191680908203,0.0096617762193235,1.27923285961151,0.803639709949493,0.00203871374185735,0.0358186628086715
2803,1712338344.94806,vehicle.toyota.prius,59.6646118164063,-80.8991012573242,238.191696166992,0.0141362302772427,1.27888453006744,0.803646445274353,0.00387744729629847,0.0334230716452435
2804,1712338345.04953,vehicle.toyota.prius,59.6647834777832,-80.8992919921875,238.191696166992,0.0084054313110531,1.27877521514893,0.80364990234375,0.00545954362925843,0.0313258070440446
2805,1712338345.1509,vehicle.toyota.prius,59.664794921875,-80.8996429443359,238.191696166992,0.0179766257015516,1.27860450744629,0.803657829761505,0.00733336348297234,0.0295263737769642
2806,1712338345.25264,vehicle.toyota.prius,59.664794921875,-80.8996429443359,238.191696166992,0.0179766257015516,1.27860450744629,0.803657829761505,0.00610714456695485,0.0277699315862135
2807,1712338345.35434,vehicle.toyota.prius,59.6647987365723,-80.9002456665039,238.191696166992,0.0263530179746566,1.27811276912689,0.803671538829803,0.0103219618196252,0.0264613338537194
2808,1712338345.45529,vehicle.toyota.prius,59.6648063659668,-80.9009475708008,238.19172668457,0.0242162870153247,1.27712917327881,0.803687512874603,0.0131782937567041,0.0254651058464432
2809,1712338345.55677,vehicle.toyota.prius,59.6646232604981,-80.9012069702149,238.19172668457,0.0043863159508822,1.27658271789551,0.803694307804108,0.0136402658356289,0.0245782428456321
2810,1712338345.65844,vehicle.toyota.prius,59.6646232604981,-80.9012069702149,238.19172668457,0.0043863159508822,1.27658271789551,0.803694307804108,0.0111623650453555,0.0235720520106114
2811,1712338345.75973,vehicle.toyota.prius,59.6646118164063,-80.9010314941406,238.19172668457,0.0096898249735274,1.27645981311798,0.803690433502197,0.00994553914386497,0.0225500635456054
2812,1712338345.86098,vehicle.toyota.prius,59.6645927429199,-80.9007263183594,238.19172668457,0.0120589065658399,1.27673983573914,0.803683638572693,0.00372208502842343,0.0211379651568168
2813,1712338345.96218,vehicle.toyota.prius,59.6645774841309,-80.9004135131836,238.19172668457,0.0106545361780716,1.27688336372375,0.803676605224609,0.00412662731866877,0.0198621148189557
2814,1712338346.06367,vehicle.toyota.prius,59.6645774841309,-80.9004135131836,238.19172668457,0.0106545361780716,1.27688336372375,0.803676605224609,0.00564451386175628,0.0187957947471657
2815,1712338346.16487,vehicle.toyota.prius,59.6647491455078,-80.9002532958984,238.19172668457,0.005250414111713,1.27743649482727,0.803672015666962,0.00683801963959488,0.0178989616140979
2816,1712338346.26597,vehicle.toyota.prius,59.6647415161133,-80.9002990722656,238.19172668457,0.0055146104996149,1.27746391296387,0.803673088550568,0.00528942404226939,0.0169532462962108
2817,1712338346.36738,vehicle.toyota.prius,59.6647262573242,-80.9004364013672,238.19172668457,0.0082500288910556,1.27741611003876,0.803676307201386,0.00226905885439523,0.0158519322380746
2818,1712338346.46922,vehicle.toyota.prius,59.6647262573242,-80.9004364013672,238.19172668457,0.0082500288910556,1.27741611003876,0.803676307201386,0.00106872475258573,0.0147431916766629
2819,1712338346.57039,vehicle.toyota.prius,59.6647186279297,-80.9007034301758,238.19172668457,0.0133621673032982,1.27732038497925,0.803682446479797,0.00229082284761182,0.0138092640144841
2820,1712338346.67162,vehicle.toyota.prius,59.6647186279297,-80.9007034301758,238.19172668457,0,1.27732038497925,0.803682446479797,0.00320517579475898,0.0130139573980047
2821,1712338346.77268,vehicle.toyota.prius,59.6647186279297,-80.9007034301758,238.19172668457,0,1.27732038497925,0.803682446479797,0.00287743681903651,0.0122537183545821
2822,1712338346.87369,vehicle.toyota.prius,59.6645240783691,-80.9013366699219,238.19172668457,0.0168251802385408,1.27712917327881,0.803697824478149,0.00656059752057811,0.0118267342920318
2823,1712338346.97488,vehicle.toyota.prius,59.6645355224609,-80.9019012451172,238.19172668457,0.0259148316503884,1.27673983573914,0.803710520267487,0.0105167401512317,0.0117284847314718
2824,1712338347.0763,vehicle.toyota.prius,59.6645431518555,-80.9027252197266,238.191772460937,0.0346445477002105,1.27602958679199,0.803728997707367,0.0144446142942854,0.0119321944486828
2825,1712338347.1773,vehicle.toyota.prius,59.6645431518555,-80.9027252197266,238.191772460937,0.0346445477002105,1.27602958679199,0.803728997707367,0.0144511794925127,0.0121211183269701
2826,1712338347.2784,vehicle.toyota.prius,59.6645584106445,-80.9037933349609,238.191787719727,0.0431844025721512,1.27486157417297,0.803752899169922,0.0220296261599878,0.0128642564144464
2827,1712338347.37954,vehicle.toyota.prius,59.6645774841309,-80.9050979614258,238.191833496094,0.0515384673828552,1.27414441108704,0.803781807422638,0.0267815580849817,0.0139080540397365
2828,1712338347.48092,vehicle.toyota.prius,59.6645774841309,-80.9050979614258,238.191833496094,0.0515384673828552,1.27414441108704,0.803781807422638,0.0227564547960849,0.0145716840964627
2829,1712338347.58191,vehicle.toyota.prius,59.664608001709,-80.906608581543,238.191864013672,0.0579622898446448,1.27285349369049,0.803815066814423,0.027661431765739,0.0155534151716584
2830,1712338347.68309,vehicle.toyota.prius,59.6646308898926,-80.9083023071289,238.191925048828,0.0649175621405938,1.27155578136444,0.803852021694183,0.0397151030683269,0.0173655417639085
2831,1712338347.78419,vehicle.toyota.prius,59.6646614074707,-80.9101867675781,238.191986083984,0.0719418022490762,1.27009415626526,0.80389279127121,0.0455330639616939,0.0194781059287424
2832,1712338347.88528,vehicle.toyota.prius,59.6646614074707,-80.9101867675781,238.191986083984,0.0719418022490762,1.27009415626526,0.80389279127121,0.0362453139572348,0.0207356465308794
2833,1712338347.98633,vehicle.toyota.prius,59.6646957397461,-80.9122543334961,238.192047119141,0.0790356031639449,1.26812696456909,0.803937017917633,0.0510036417916198,0.0230057461754349
2834,1712338348.08743,vehicle.toyota.prius,59.6647300720215,-80.9145278930664,238.192077636719,0.0864567723232424,1.26625549793243,0.803985118865967,0.0564239456825239,0.0255121111384666
2835,1712338348.18895,vehicle.toyota.prius,59.6647682189941,-80.9169998168945,238.192138671875,0.0932954868131607,1.26413130760193,0.804036676883698,0.0619227479477265,0.0282429088991611
2836,1712338348.29006,vehicle.toyota.prius,59.6647682189941,-80.9169998168945,238.192138671875,0.0932954868131607,1.26413130760193,0.804036676883698,0.0485035121206327,0.0297624541407714
2837,1712338348.39111,vehicle.toyota.prius,59.6648178100586,-80.9196548461914,238.192245483398,0.0999349038954831,1.26218473911285,0.804091334342957,0.0674192172517675,0.0325867113740961
2838,1712338348.49214,vehicle.toyota.prius,59.664867401123,-80.922492980957,238.192306518555,0.106909041519162,1.26000595092773,0.80414879322052,0.0729049759015603,0.0356105812136559
2839,1712338348.59344,vehicle.toyota.prius,59.6649169921875,-80.9255294799805,238.192398071289,0.113760011133349,1.25725328922272,0.804209291934967,0.078315310266713,0.0388134358926352
2840,1712338348.69503,vehicle.toyota.prius,59.6649169921875,-80.9255294799805,238.192398071289,0.113760011133349,1.25725328922272,0.804209291934967,0.0607127003905466,0.0404558807299786
2841,1712338348.79649,vehicle.toyota.prius,59.6649703979492,-80.9287643432617,238.192459106445,0.121010864330614,1.25457584857941,0.804272532463074,0.0836719420553738,0.0436970853293832
2842,1712338348.89785,vehicle.toyota.prius,59.6650276184082,-80.9321975708008,238.19255065918,0.128272884773991,1.25164580345154,0.804338395595551,0.0891451949161774,0.0471056935483928
2843,1712338348.99893,vehicle.toyota.prius,59.6650848388672,-80.9358520507812,238.192626953125,0.13602409249798,1.24874973297119,0.804406940937042,0.0949367053313833,0.0506930194321171
2844,1712338349.10075,vehicle.toyota.prius,59.6650848388672,-80.9358520507812,238.192626953125,0.13602409249798,1.24874973297119,0.804406940937042,0.0732792004384935,0.0523869830075953
2845,1712338349.20193,vehicle.toyota.prius,59.6651496887207,-80.9397125244141,238.192733764648,0.143993385175747,1.24507510662079,0.804477751255035,0.100769101902153,0.0560156419246872
2846,1712338349.30344,vehicle.toyota.prius,59.6652030944824,-80.9438095092773,238.192825317383,0.15259996967042,1.24226796627045,0.804551064968109,0.106883803934942,0.0598307540754563
2847,1712338349.40465,vehicle.toyota.prius,59.6652717590332,-80.9481353759766,238.192947387695,0.160875387061812,1.23892116546631,0.804626286029816,0.113259216807922,0.0638378887803913
2848,1712338349.50673,vehicle.toyota.prius,59.6652717590332,-80.9481353759766,238.192947387695,0.160875387061812,1.23892116546631,0.804626286029816,0.0871207073591068,0.065584100173795
2849,1712338349.60777,vehicle.toyota.prius,59.6653518676758,-80.9526901245117,238.193054199219,0.170293634792562,1.23502111434937,0.804703116416931,0.119608686388784,0.0696359441399191
2850,1712338349.70901,vehicle.toyota.prius,59.6654319763184,-80.9575881958008,238.193176269531,0.187536711854435,1.23056101799011,0.80478310585022,0.126963689763846,0.0739355250617136
2851,1712338349.81062,vehicle.toyota.prius,59.6654319763184,-80.9575881958008,238.193176269531,0.187536711854435,1.23056101799011,0.80478310585022,0.0978481912478563,0.0757289750256743
2852,1712338349.91185,vehicle.toyota.prius,59.6654396057129,-80.9741058349609,238.193405151367,0.672162332810802,1.22963893413544,0.805033445358276,0.184366864993831,0.0838768167732861
2853,1712338350.01471,vehicle.toyota.prius,59.6658821105957,-80.9953918457031,238.193939208984,0.830260980861372,1.21248149871826,0.805307984352112,0.335005991872495,0.102711504905727
2854,1712338350.11582,vehicle.toyota.prius,59.6665115356445,-81.0182495117187,238.194580078125,0.859954525107173,1.18925201892853,0.805544435977936,0.46474314490844,0.12986387790593
2855,1712338350.21687,vehicle.toyota.prius,59.6665115356445,-81.0182495117187,238.194580078125,0.859954525107173,1.18925201892853,0.805544435977936,0.430184886742184,0.152387953568649
2856,1712338350.31788,vehicle.toyota.prius,59.667308807373,-81.0431365966797,238.195266723633,1.06121684914058,1.16764807701111,0.805733561515808,0.607459244868284,0.186518300416122
2857,1712338350.41891,vehicle.toyota.prius,59.6682052612305,-81.0811004638672,238.196105957031,1.44989637356109,1.14442551136017,0.80588573217392,0.760128324694891,0.22953905223703
2858,1712338350.52027,vehicle.toyota.prius,59.668830871582,-81.1130523681641,238.19709777832,1.09745898312388,1.10491275787354,0.805885374546051,0.838407102751498,0.275204156025615
2859,1712338350.6216,vehicle.toyota.prius,59.668830871582,-81.1130523681641,238.19709777832,1.09745898312388,1.10491275787354,0.805885374546051,0.675225931012047,0.305205789149597
2860,1712338350.72263,vehicle.toyota.prius,59.6694869995117,-81.1407241821289,238.197937011719,0.845248731916131,1.07307052612305,0.80579024553299,0.872365570584005,0.347742772757178
2861,1712338350.82392,vehicle.toyota.prius,59.6702613830566,-81.168098449707,238.198669433594,1.0619017013629,1.05364537239075,0.94708776473999,0.889568367934061,0.388379692395444
2862,1712338350.92511,vehicle.toyota.prius,59.6710472106934,-81.1968841552734,238.199401855469,0.866007916863999,1.03002667427063,0.94708776473999,0.824007926807486,0.421051809976347
2863,1712338351.02635,vehicle.toyota.prius,59.6710472106934,-81.1968841552734,238.199401855469,0.866007916863999,1.03002667427063,0.94708776473999,0.596772401768969,0.434230854360794
2864,1712338351.12732,vehicle.toyota.prius,59.6720886230469,-81.2222747802734,238.200012207031,1.11095378752468,1.01060152053833,0.94708776473999,0.778123002400718,0.460022765463788
2865,1712338351.22862,vehicle.toyota.prius,59.6730346679688,-81.2529067993164,238.200759887695,1.09949460229904,0.989489436149597,0.946797549724579,0.798791662244946,0.485430432722375
2866,1712338351.32972,vehicle.toyota.prius,59.6739158630371,-81.2837753295898,238.201538085938,1.00895062724227,0.962769746780396,0.946229994297028,0.823977802257509,0.51082148543751
2867,1712338351.43112,vehicle.toyota.prius,59.6739158630371,-81.2837753295898,238.201538085938,1.00895062724227,0.962769746780396,0.946229994297028,0.618709290244373,0.518913070798025
2868,1712338351.53223,vehicle.toyota.prius,59.6746940612793,-81.3126525878906,238.202301025391,1.25224378000303,0.940674066543579,0.945595681667328,0.824505500994475,0.541832503062759
2869,1712338351.6333,vehicle.toyota.prius,59.6756706237793,-81.3411712646484,238.203475952148,0.901200815550285,0.928967118263245,0.944871962070465,0.846684590653937,0.564696409632097
2870,1712338351.73435,vehicle.toyota.prius,59.6756706237793,-81.3411712646484,238.203475952148,0.901200815550285,0.928967118263245,0.944871962070465,0.628890479724954,0.569510964889061
2871,1712338351.83532,vehicle.toyota.prius,59.6768264770508,-81.3733901977539,238.205001831055,1.26356062812116,0.942880213260651,0.943937718868256,0.638894145128794,0.574714703407041
2872,1712338351.93636,vehicle.toyota.prius,59.6779136657715,-81.4099960327149,238.206817626953,1.28769942072471,0.951199412345886,0.942724764347076,0.900603359022151,0.599156352578175
2873,1712338352.03803,vehicle.toyota.prius,59.6791572570801,-81.4433364868164,238.208190917969,1.13581332504382,0.930975198745728,0.94148176908493,0.931621325322893,0.624091225534029
2874,1712338352.13909,vehicle.toyota.prius,59.6791572570801,-81.4433364868164,238.208190917969,1.13581332504382,0.930975198745728,0.94148176908493,0.728362757927045,0.631911590463505
2875,1712338352.2403,vehicle.toyota.prius,59.6804580688477,-81.4769287109375,238.209365844727,1.05574328539421,0.911918997764587,0.999768435955048,0.967460023592014,0.657077722948143
2876,1712338352.34148,vehicle.toyota.prius,59.6809692382813,-81.5007095336914,238.210250854492,1.02835542378281,0.891052782535553,0.998863577842712,0.906787553232201,0.675805960219447
2877,1712338352.44251,vehicle.toyota.prius,59.6822624206543,-81.5307159423828,238.211181640625,1.17849499443982,0.889072000980377,0.997817993164062,0.859738890822118,0.689600930014648
2878,1712338352.54355,vehicle.toyota.prius,59.6822624206543,-81.5307159423828,238.211181640625,1.17849499443982,0.889072000980377,0.997817993164062,0.623021164366284,0.68460744759102
2879,1712338352.64476,vehicle.toyota.prius,59.6834716796875,-81.5632781982422,238.212326049805,0.951113981244733,0.876347362995148,0.996799647808075,0.854957066640629,0.697383669019741
2880,1712338352.7457,vehicle.toyota.prius,59.6843147277832,-81.5872268676758,238.213302612305,0.785687120765169,0.85791951417923,0.996128380298614,0.786646969746173,0.704078416574223
2881,1712338352.84752,vehicle.toyota.prius,59.685417175293,-81.6131896972656,238.214172363281,1.07643486836646,0.855460643768311,0.995476007461548,0.801308705532287,0.711370688246078
2882,1712338352.94888,vehicle.toyota.prius,59.685417175293,-81.6131896972656,238.214172363281,1.07643486836646,0.855460643768311,0.995476007461548,0.587155714163384,0.702054565189876
2883,1712338353.05018,vehicle.toyota.prius,59.686653137207,-81.6434173583984,238.21516418457,1.21157843339085,0.850918591022491,0.994813919067383,0.801937871530202,0.7095458131654
2884,1712338353.15125,vehicle.toyota.prius,59.6878166198731,-81.6769485473633,238.216354370117,1.32170197461455,0.839314103126526,0.994201838970184,0.809042395858468,0.717008056867381
2885,1712338353.25252,vehicle.toyota.prius,59.6878166198731,-81.6769485473633,238.216354370117,1.32170197461455,0.839314103126526,0.994201838970184,0.638159840025379,0.71109444060423
2886,1712338353.35379,vehicle.toyota.prius,59.6892166137695,-81.7109832763672,238.21760559082,1.31292178865101,0.823816418647766,1.04908323287964,0.696352242664763,0.70998877575877
2887,1712338353.45482,vehicle.toyota.prius,59.69091796875,-81.7471008300781,238.218978881836,1.2340402088731,0.807396590709686,1.04871094226837,0.954257580881445,0.728308936142971
2888,1712338353.55591,vehicle.toyota.prius,59.6926651000977,-81.7806396484375,238.220230102539,1.22464687772993,0.791427612304688,1.04849934577942,0.97841057664235,0.747066559180425
2889,1712338353.65716,vehicle.toyota.prius,59.6926651000977,-81.7806396484375,238.220230102539,1.22464687772993,0.791427612304688,1.04849934577942,0.739173377473701,0.74647457055242
2890,1712338353.75824,vehicle.toyota.prius,59.6945190429688,-81.8173065185547,238.221557617187,1.53729544390163,0.786086440086365,1.04841578006744,1.00096999047068,0.76556172704629
2891,1712338353.8594,vehicle.toyota.prius,59.6968307495117,-81.8588333129883,238.223327636719,1.72787634313941,0.787302196025848,1.04850709438324,1.05487755706196,0.787260414297465
2892,1712338353.96063,vehicle.toyota.prius,59.6989936828613,-81.8979949951172,238.225204467773,1.23881938988665,0.77493953704834,1.04877424240112,1.07642106183957,0.808947462863123
2893,1712338354.06224,vehicle.toyota.prius,59.6989936828613,-81.8979949951172,238.225204467773,1.23881938988665,0.77493953704834,1.04877424240112,0.836346880129097,0.811002419158071
2894,1712338354.16324,vehicle.toyota.prius,59.7012100219727,-81.9331207275391,238.226852416992,1.2425665322834,0.769092917442322,1.04916274547577,1.08738574216236,0.831731168383393
2895,1712338354.26426,vehicle.toyota.prius,59.7034378051758,-81.9669342041016,238.228378295898,1.28136177837756,0.767918109893799,1.04966986179352,1.06747729147547,0.849412127615299
2896,1712338354.36535,vehicle.toyota.prius,59.7034378051758,-81.9669342041016,238.228378295898,1.28136177837756,0.767918109893799,1.04966986179352,0.771455924587106,0.843565412388185
2897,1712338354.46635,vehicle.toyota.prius,59.7060546875,-82.0034255981445,238.229949951172,1.30489604171606,0.769693970680237,1.05036282539368,0.752944124340577,0.836768815784614
2898,1712338354.56755,vehicle.toyota.prius,59.7090301513672,-82.0437164306641,238.231658935547,1.60345906220729,0.774338483810425,1.05130422115326,1.04164773025176,0.85213473436965
2899,1712338354.66977,vehicle.toyota.prius,59.7090301513672,-82.0437164306641,238.231658935547,1.60345906220729,0.774338483810425,1.05130422115326,0.78872951011396,0.847379342550473
2900,1712338354.77078,vehicle.toyota.prius,59.7116203308106,-82.08154296875,238.233444213867,1.19861665498812,0.758362710475922,1.05235719680786,0.817432133924084,0.845133301903494
2901,1712338354.87188,vehicle.toyota.prius,59.7142448425293,-82.1189651489258,238.234802246094,1.38295914009689,0.767972767353058,1.05355930328369,1.08419534331856,0.863062955009624
2902,1712338354.97321,vehicle.toyota.prius,59.7142448425293,-82.1189651489258,238.234802246094,1.38295914009689,0.767972767353058,1.05355930328369,0.823409193394675,0.860088922888503
2903,1712338355.07478,vehicle.toyota.prius,59.7168922424316,-82.1542739868164,238.235366821289,1.41572705224607,0.802403748035431,1.0548392534256,0.787086699746057,0.854613756152819
2904,1712338355.17647,vehicle.toyota.prius,59.7198600769043,-82.1915740966797,238.236053466797,1.31908834933254,0.837387979030609,2.36721634864807,1.05378316118684,0.869551461530371
2905,1712338355.27769,vehicle.toyota.prius,59.723274230957,-82.2327117919922,238.236923217773,1.69084644948078,0.876811802387238,2.29417753219604,1.07704691525935,0.885113620560044
2906,1712338355.37872,vehicle.toyota.prius,59.723274230957,-82.2327117919922,238.236923217773,1.69084644948078,0.876811802387238,2.29417753219604,0.810599656341595,0.879525073243661
2907,1712338355.47977,vehicle.toyota.prius,59.7275657653809,-82.2847442626953,238.23811340332,1.78975619924931,0.922239422798157,2.18601012229919,1.1821758460337,0.902223881202914
2908,1712338355.58108,vehicle.toyota.prius,59.7316818237305,-82.3329544067383,238.239227294922,1.68589739386191,0.950209021568298,2.10266137123108,1.27514127764969,0.930192685936422
2909,1712338355.68273,vehicle.toyota.prius,59.7316818237305,-82.3329544067383,238.239227294922,1.68589739386191,0.950209021568298,2.10266137123108,1.00910798941069,0.936111333696992
2910,1712338355.78447,vehicle.toyota.prius,59.7357902526855,-82.3788833618164,238.240280151367,1.7778819674259,0.980193555355072,2.02487969398499,1.04243310160307,0.944085466289947
2911,1712338355.88549,vehicle.toyota.prius,59.7398490905762,-82.4227066040039,238.241348266602,1.49724946267092,1.00812220573425,1.9521381855011,1.35517515654427,0.974917193059021
2912,1712338355.98653,vehicle.toyota.prius,59.7446403503418,-82.4689025878906,238.242401123047,1.81573235972631,1.04779195785522,1.87703323364258,1.31422485589964,1.00036526777207
2913,1712338356.08757,vehicle.toyota.prius,59.7446403503418,-82.4689025878906,238.242401123047,1.81573235972631,1.04779195785522,1.87703323364258,0.970913216141032,0.99815636389974
2914,1712338356.18876,vehicle.toyota.prius,59.7491989135742,-82.5154113769531,238.243469238281,1.82271613731948,1.08290588855743,1.80301570892334,1.30434405524499,1.02112044075063
2915,1712338356.28982,vehicle.toyota.prius,59.7542381286621,-82.5659942626953,238.244659423828,1.90947051306049,1.1236138343811,1.72435021400452,1.33975111603657,1.04501774139708
2916,1712338356.39115,vehicle.toyota.prius,59.7600364685059,-82.6209716796875,238.245956420898,1.96996534077841,1.16771638393402,1.64102852344513,1.41921317598961,1.07308239899152
2917,1712338356.49239,vehicle.toyota.prius,59.7600364685059,-82.6209716796875,238.245956420898,1.96996534077841,1.16771638393402,1.64102852344513,1.08804241461228,1.07420440016308
2918,1712338356.59348,vehicle.toyota.prius,59.7658576965332,-82.6733932495117,238.247207641602,1.9970622134654,1.20246160030365,1.56369161605835,1.46336199348792,1.10339121966244
2919,1712338356.69451,vehicle.toyota.prius,59.7723808288574,-82.7309188842773,238.248504638672,2.29296675785912,1.24986302852631,1.48118782043457,1.54328693285943,1.13638339815221
2920,1712338356.7958,vehicle.toyota.prius,59.7796020507812,-82.7945022583008,238.250015258789,2.37916985563971,1.29973709583282,1.39286661148071,1.636254484674,1.17387372964135
2921,1712338356.89744,vehicle.toyota.prius,59.7796020507812,-82.7945022583008,238.250015258789,2.37916985563971,1.29973709583282,1.39286661148071,1.24204381964002,1.17898648639125
2922,1712338356.9985,vehicle.toyota.prius,59.7874069213867,-82.8590621948242,238.251510620117,2.40288946634966,1.34555399417877,1.30628979206085,1.70517695393919,1.21845077145734
2923,1712338357.09975,vehicle.toyota.prius,59.7957077026367,-82.9245452880859,238.253067016602,2.42415108854609,1.39260041713715,1.22166121006012,1.79892804599517,1.26198656704768
2924,1712338357.20074,vehicle.toyota.prius,59.8043746948242,-82.9907989501953,238.254623413086,2.45161270635564,1.44116306304932,1.13929677009583,1.86259127775172,1.30703192035048
2925,1712338357.30247,vehicle.toyota.prius,59.8043746948242,-82.9907989501953,238.254623413086,2.45161270635564,1.44116306304932,1.13929677009583,1.40618365950098,1.31446830078677
2926,1712338357.40379,vehicle.toyota.prius,59.8134574890137,-83.0580368041992,238.25617980957,2.48704537371565,1.49113953113556,1.0590603351593,1.88957808145283,1.35760153433673
2927,1712338357.5049,vehicle.toyota.prius,59.8229904174805,-83.1264953613281,238.257781982422,2.53223121862562,1.54280304908752,0.980834662914276,1.91845389600027,1.39966546146149
2928,1712338357.60589,vehicle.toyota.prius,59.8229904174805,-83.1264953613281,238.257781982422,2.53223121862562,1.54280304908752,0.980834662914276,1.44984831558124,1.40342917552047
2929,1712338357.70692,vehicle.toyota.prius,59.8330421447754,-83.196403503418,238.259429931641,2.58493050235013,1.59604442119598,0.904561936855316,1.47679708199355,1.40893176850595
2930,1712338357.80813,vehicle.toyota.prius,59.8436889648437,-83.2679748535156,238.261123657227,2.64633378390414,1.65020775794983,0.8269122838974,1.99360707911488,1.45278241680162
2931,1712338357.90951,vehicle.toyota.prius,59.8549880981445,-83.3417053222656,238.262664794922,2.73003263140899,1.69784832000732,0.754145264625549,2.04135873907394,1.49692564097205
2932,1712338358.01082,vehicle.toyota.prius,59.8549880981445,-83.3417053222656,238.262664794922,2.73003263140899,1.69784832000732,0.754145264625549,1.54860775431239,1.50080179947257
2933,1712338358.11198,vehicle.toyota.prius,59.8670387268066,-83.4178695678711,238.264190673828,2.81319581064286,1.74479222297668,0.683267533779144,2.09668752131581,1.54549322861082
2934,1712338358.21321,vehicle.toyota.prius,59.8798408508301,-83.4965896606445,238.265731811523,2.91985133374596,1.79314315319061,0.61459493637085,2.1607649187133,1.5916386053685
2935,1712338358.31449,vehicle.toyota.prius,59.8798408508301,-83.4965896606445,238.265731811523,2.91985133374596,1.79314315319061,0.61459493637085,1.64586547655685,1.59570562070763
2936,1712338358.41546,vehicle.toyota.prius,59.8936767578125,-83.5784454345703,238.266967773438,3.03973659606202,1.82537484169006,0.548127889633179,1.70711404737807,1.60406125270791
2937,1712338358.51684,vehicle.toyota.prius,59.9085693359375,-83.6635513305664,238.268203735352,3.15914687631279,1.85753810405731,0.484364062547684,2.3215372447702,1.65787195211258
2938,1712338358.61797,vehicle.toyota.prius,59.9245643615723,-83.7517929077148,238.269470214844,3.27538268188437,1.89197599887848,0.424002528190613,2.41110652586708,1.71436454514417
