Time [s],Speed [mph],Speed [mps],Acceleration Requested [mps2],Acceleration Achieved [mps2],Calculated Acceleration [mps2]
0.0,19.58561392,8.755562560000001,0.0,0.0,0.0
0.1,19.58561392,8.755562560000001,0.0,-0.005779425106700918,0.0
0.2,19.58561392,8.755562560000001,0.0,-0.0038529500711339455,0.0
0.30000000000000004,19.58561392,8.755562560000001,0.0,-0.002889712553350459,0.0
0.4,19.536087742383682,8.733422352996607,0.0,-0.0465922262786027,-0.22140228117961167
0.5,19.53590424,8.733340320000002,0.0,-0.03896357702356592,-0.0008203307483820002
0.6,19.53590424,8.733340320000002,0.0,-0.03339735173448507,0.0
0.7,19.48655857451585,8.711280809229693,0.0,-0.056797097527570985,-0.22059531807917238
0.7999999999999999,19.48619456,8.71111808,0.0,-0.05066711934104521,-0.0016272938488390534
0.8999999999999999,19.48619456,8.71111808,0.0,-0.04560040740694069,0.0
0.9999999999999999,19.48619456,8.71111808,0.0,-0.04145491582449154,0.0
1.0999999999999999,19.48619456,8.71111808,0.0,-0.03800033950578391,0.0
1.2,19.48619456,8.71111808,0.0,-0.03507723646687745,0.0
1.3,19.436807748405098,8.689040175251938,0.0,-0.04834166657868149,-0.2207792580321339
1.4000000000000001,19.436484880000002,8.68889584,0.0,-0.04521511239982671,-0.0014433538958597623
1.5000000000000002,19.436484880000002,8.68889584,0.0,-0.04238916787483754,0.0
1.6000000000000003,19.436484880000002,8.68889584,0.0,-0.039895687411611806,0.0
1.7000000000000004,19.436484880000002,8.68889584,0.0,-0.03767926033318893,0.0
1.8000000000000005,19.436484880000002,8.68889584,0.0,-0.035696141368284244,0.0
1.9000000000000006,19.436484880000002,8.68889584,0.0,-0.03391133429987003,0.0
2.0000000000000004,19.436484880000002,8.68889584,0.0,-0.03333339178919994,0.0
2.1000000000000005,19.436484880000002,8.68889584,0.0,-0.03333339178919994,0.0
2.2000000000000006,19.436484880000002,8.68889584,0.0,-0.03333339178919994,0.0
2.3000000000000007,19.436484880000002,8.68889584,0.0,-0.03333339178919994,0.0
2.400000000000001,19.436484880000002,8.68889584,0.0,-0.022263277730219355,0.0
2.500000000000001,19.436484880000002,8.68889584,0.0,-0.022222261192800255,0.0
2.600000000000001,19.436484880000002,8.68889584,0.0,-0.022222261192800255,0.0
2.700000000000001,19.436484880000002,8.68889584,0.0,-0.011192495288841637,0.0
2.800000000000001,19.436484880000002,8.68889584,0.0,-0.011111130596399683,0.0
2.9000000000000012,19.436484880000002,8.68889584,0.0,-0.011111130596399683,0.0
3.0000000000000013,19.387369142960832,8.666939116555769,0.0,-0.022089502788307246,-0.2195674438381513
3.1000000000000014,19.3867752,8.666673600000001,0.0,-0.022222261192799363,-0.002655168089842366
3.2000000000000015,19.3867752,8.666673600000001,0.0,-0.022222261192799363,0.0
3.3000000000000016,19.3867752,8.666673600000001,0.0,-0.011183298291192672,0.0
3.4000000000000017,19.3867752,8.666673600000001,0.0,-0.011111130596399683,0.0
3.5000000000000018,19.3867752,8.666673600000001,0.0,-0.011111130596399683,0.0
3.600000000000002,19.3867752,8.666673600000001,0.0,-0.011111130596399683,0.0
3.700000000000002,19.3867752,8.666673600000001,0.0,-0.011111130596399683,0.0
3.800000000000002,19.3867752,8.666673600000001,0.0,-0.011111130596399683,0.0
3.900000000000002,19.3867752,8.666673600000001,0.0,-0.011111130596399683,0.0
4.000000000000002,19.3867752,8.666673600000001,0.0,-0.011111130596399683,0.0
4.100000000000001,19.3867752,8.666673600000001,0.0,-0.011111130596399683,0.0
4.200000000000001,19.3867752,8.666673600000001,0.0,-0.011111130596399683,0.0
4.300000000000001,19.3867752,8.666673600000001,0.0,-0.011111130596399683,0.0
4.4,19.3867752,8.666673600000001,0.0,-0.011111130596399683,0.0
4.5,19.3867752,8.666673600000001,0.0,-0.011111130596399683,0.0
4.6,19.3867752,8.666673600000001,0.0,-0.011111130596399683,0.0
4.699999999999999,19.3867752,8.666673600000001,0.0,-0.011111130596399683,0.0
4.799999999999999,19.3867752,8.666673600000001,0.0,-0.011111130596399683,0.0
4.899999999999999,19.337748852102834,8.64475683712214,0.0,-0.022069522486067264,-0.2191678377933516
4.999999999999998,19.38576027951542,8.666219889443239,0.0,-0.00035961389921944364,0.2146307278988051
5.099999999999998,19.33819578534361,8.644956634379747,0.0,-0.010858493165592849,-0.21263275341731047
5.1999999999999975,19.386329760266555,8.666474470400653,0.0,-9.956489462669554e-05,0.21517856541932306
5.299999999999997,19.3867752,8.666673600000001,0.0,-5.637851296924623e-19,0.0019912978925338996
5.399999999999997,19.33768625669209,8.644728854438679,0.0,-0.0109723832447413,-0.219447664894826
5.4999999999999964,19.33706552,8.644451360000001,0.0,-0.011111130596399683,-0.002774947033167664
5.599999999999996,19.33706552,8.644451360000001,0.0,-0.011111130596399683,0.0
5.699999999999996,19.33706552,8.644451360000001,0.0,-0.011111130596399683,0.0
5.799999999999995,19.33706552,8.644451360000001,0.0,-0.011111130596399683,0.0
5.899999999999995,19.33706552,8.644451360000001,0.0,-0.011111130596399683,0.0
5.999999999999995,19.33706552,8.644451360000001,0.0,-0.011111130596399683,0.0
6.099999999999994,19.33706552,8.644451360000001,0.0,-0.011111130596399683,0.0
6.199999999999994,19.33706552,8.644451360000001,0.0,-0.011111130596399683,0.0
6.299999999999994,19.33706552,8.644451360000001,0.0,-0.011111130596399683,0.0
6.399999999999993,19.33706552,8.644451360000001,0.0,-0.011111130596399683,0.0
6.499999999999993,19.33706552,8.644451360000001,0.0,-0.011111130596399683,0.0
6.5999999999999925,19.33706552,8.644451360000001,0.0,-0.011111130596399683,0.0
6.699999999999992,19.33706552,8.644451360000001,0.0,-0.011111130596399683,0.0
6.799999999999992,19.33706552,8.644451360000001,0.0,-0.011111130596399683,0.0
6.8999999999999915,19.33706552,8.644451360000001,0.0,-0.00015273870673210293,0.0
6.999999999999991,19.33706552,8.644451360000001,0.0,-0.010884275101672359,0.0
7.099999999999991,19.33706552,8.644451360000001,0.0,-0.00025263743080683476,0.0
7.19999999999999,19.33706552,8.644451360000001,0.0,-0.011011565701772988,0.0
7.29999999999999,19.33706552,8.644451360000001,0.0,-0.011111130596399683,0.0
7.39999999999999,19.33706552,8.644451360000001,0.0,-0.0001387473516583832,0.0
7.499999999999989,19.33706552,8.644451360000001,0.0,0.0,0.0
7.599999999999989,19.33706552,8.644451360000001,0.0,0.0,0.0
7.699999999999989,19.33706552,8.644451360000001,0.0,0.0,0.0
7.799999999999988,19.33706552,8.644451360000001,0.0,0.0,0.0
7.899999999999988,19.33706552,8.644451360000001,0.0,0.0,0.0
7.999999999999988,19.33706552,8.644451360000001,0.0,0.0,0.0
8.099999999999987,19.33706552,8.644451360000001,0.2415821515142511,0.0,0.0
8.199999999999987,19.33706552,8.644451360000001,0.25,0.0,0.0
8.299999999999986,19.38618939129285,8.666411719785033,0.25,0.07320126909361016,0.21960380728083048
8.399999999999986,19.43615985553585,8.688750540902355,0.25,0.11074805787346134,0.2233884242130149
8.499999999999986,19.485540953063506,8.710825891230964,0.25,0.132749189061418,0.22075371381324455
8.599999999999985,19.535592013358368,8.733200742047282,0.25,0.14791577780894644,0.22374872154658867
8.699999999999985,19.63486253819518,8.777578686702116,0.25,0.1901820766604966,0.4437798697697975
8.799999999999985,19.684648827535746,8.799835174179716,0.25,0.19422995295676057,0.2225650870306084
8.899999999999984,19.734234369673363,8.822001919528153,0.25,0.19727858761524653,0.22166766488313422
8.999999999999984,19.783758370726247,8.84414115351955,0.25,0.199689983958757,0.22139255105035147
9.099999999999984,19.833867658085836,8.86654203419176,0.25,0.20190080544921088,0.22400902035374956
9.199999999999983,19.88348096518409,8.88872119160197,0.25,0.20355838713004626,0.22179178561923546
9.299999999999983,19.93290810582287,8.910817125065808,0.25,0.20489693776325987,0.2209595453618232
9.399999999999983,20.03178006967634,8.95501689682099,0.25,0.22183273785689042,0.4419981390740873
9.499999999999982,20.07676336391917,8.97512625098812,0.25,0.22045013756304688,0.20109373344923767
9.599999999999982,20.13170184692237,8.999685977675819,0.25,0.2220218477839198,0.24559750109701356
9.699999999999982,20.1324204,9.0000072,0.25,0.20915069357929128,0.0032122263052351946
9.799999999999981,20.1815803191736,9.02198367464752,0.25,0.2097403748281859,0.21976495605939375
9.89999999999998,20.231322877438426,9.044220612563334,0.25,0.21040507042808695,0.22236959122630617
9.99999999999998,20.28095051108648,9.066406174521472,0.25,0.21097760846466165,0.22185583115958069
10.09999999999998,20.379849553495742,9.110618051487663,0.25,0.23308356802964303,0.4421191912996275
10.19999999999998,20.430068744296346,9.133068063448649,0.25,0.2443085847151462,0.2245003337100629
10.29999999999998,20.480022971693685,9.155399626038436,0.25,0.2444941862945274,0.2233158388684552
10.399999999999979,20.529581758783845,9.177554410797187,0.25,0.24440216802748677,0.22154805887220239
10.499999999999979,20.57911290898816,9.199696840748786,0.25,0.24443570787096722,0.22142451068285315
10.599999999999978,20.57980752,9.20000736,0.25,0.23340353156731264,0.003105195473496859
10.699999999999978,20.629323911588905,9.222143192252846,0.25,0.2222824647604426,0.22135853363239702
10.799999999999978,20.678723520054994,9.24422681772055,0.25,0.22219603367306778,0.220836465283111
10.899999999999977,20.728727424266342,9.266580587857908,0.25,0.2222895461567081,0.22353791455594071
10.999999999999977,20.77773379493529,9.28848842010576,0.25,0.22217384517459476,0.21907853140808511
11.099999999999977,20.82774118949684,9.310843750571001,0.25,0.22215107004939066,0.22355351784966795
11.199999999999976,20.926444157579947,9.35496797437319,0.25,0.23312361370961304,0.4412426588236838
11.299999999999976,20.976838308038424,9.377496200386402,0.25,0.233339760190433,0.2252824749782217
11.399999999999975,21.026741312505052,9.399804864251838,0.25,0.22239419580705677,0.22308685140656226
11.499999999999975,21.02719464,9.400007520000003,0.25,0.21244083710531125,0.0020265594143268136
11.599999999999975,21.125808013569916,9.444091691426578,0.25,0.22220306878473953,0.4408421346855798
11.699999999999974,21.176000815875323,9.466529906661586,0.25,0.2332615757863666,0.22438236633777758
11.799999999999974,21.2253409938241,9.488586964281359,0.25,0.2333018673109178,0.22057078655041687
11.899999999999974,21.27553356926364,9.511025078098134,0.25,0.23340245535732698,0.22438135215449004
11.999999999999973,21.324754302469323,9.533028739080716,0.25,0.23331150478281226,0.22003681966928576
12.099999999999973,21.374696258608875,9.555354815921337,0.25,0.22236859428405437,0.22326098132446975
12.199999999999973,21.424292240147683,9.577526228104858,0.25,0.22222929426247512,0.22171433327847778
12.299999999999972,21.474122200249514,9.599802238181232,0.25,0.2222015179792784,0.22276031320452194
12.399999999999972,21.52386427004419,9.622038957731107,0.25,0.22224248541391017,0.222367407564837
12.499999999999972,21.5734275494961,9.644195750757483,0.25,0.2222496669581478,0.2215681415676056
12.599999999999971,21.623330751844534,9.666504503084102,0.25,0.23324879398543485,0.22308773601923856
12.69999999999997,21.673105529796565,9.688755844504861,0.25,0.23330654862447106,0.22251362641312075
12.79999999999997,21.72258026528677,9.710873054794686,0.25,0.23332334105154545,0.22117231382459904
12.89999999999997,21.77245807810633,9.733170456973724,0.25,0.23329515704550768,0.22297423443518588
12.99999999999997,21.81558758075031,9.752451091225145,0.25,0.23198155679454574,0.1928065263888457
13.09999999999997,21.871725547440278,9.777547035695045,0.25,0.23335186510370254,0.25095968403280444
13.199999999999969,21.92166054799794,9.799870003108888,0.25,0.22245122651387,0.2232298870270331
13.299999999999969,21.971108458090278,9.821975221359544,0.25,0.22223972243088666,0.22105239331855486
13.399999999999968,22.020710347398143,9.844149274555075,0.25,0.22217241703174678,0.2217407434237642
13.499999999999968,22.119922053733298,9.888500924957759,0.25,0.24424693541090728,0.44351692699753736
13.599999999999968,22.170098021163987,9.910931614322024,0.25,0.23342018405455725,0.22430710755857924
13.699999999999967,22.21990750431323,9.933198470371359,0.25,0.23333450438001022,0.22266877284683623
13.799999999999967,22.269443927069627,9.955343257367254,0.25,0.23337836910990428,0.221448081148298
13.899999999999967,22.31926382636928,9.977614769857631,0.25,0.23329506836726327,0.22271533730166881
13.999999999999966,22.3686969786332,9.999713390761354,0.25,0.23334254837311402,0.22098641978630115
14.099999999999966,22.4184003591921,10.02193281465608,0.25,0.23328922184931108,0.22219445084841188
14.199999999999966,22.468119594502706,10.044159326266874,0.25,0.2333167715892203,0.2222653280766618
14.299999999999965,22.518077896046183,10.06649271016497,0.25,0.23334545852744015,0.2233340519689196
14.399999999999965,22.56784116946346,10.088738908592807,0.25,0.23335019797094086,0.22246219643485127
14.499999999999964,22.617463588845403,10.110922139562836,0.25,0.233363416955374,0.2218325212562675
14.599999999999964,22.66695613000078,10.133047309706049,0.25,0.23327162577613159,0.22125191243438994
14.699999999999964,22.716697781332115,10.155283842185863,0.25,0.23326422129859775,0.22236553686244523
14.799999999999963,22.766305605111324,10.177460548330409,0.25,0.2332939692543282,0.2217672729392072
14.899999999999963,22.80795411905284,10.196079120657805,0.25,0.23145455257430259,0.18618590083467335
14.999999999999963,22.856196303767963,10.217645330837868,0.25,0.2325973416284722,0.21566230747223916
15.099999999999962,22.945226881747264,10.257445604571169,0.25,0.2399495132717498,0.3980031168983557
15.199999999999962,23.005271063604265,10.28428778540657,0.25,0.24220912213746057,0.2684220643412489
15.299999999999962,23.05493941007941,10.30649154764712,0.25,0.24225839417939637,0.22203783415727066
15.399999999999961,23.104742575525474,10.328755579427291,0.25,0.2423033835146215,0.2226405301282676
15.499999999999961,23.154513961734114,10.351005404601404,0.25,0.23125246036135447,0.22249846393219608
15.59999999999996,23.21350572793528,10.37737711302009,0.25,0.23322297176779122,0.2637173356873151
15.69999999999996,23.255601074167398,10.396195437476278,0.25,0.23149870432682818,0.18818342402757524
15.79999999999996,23.30225935946806,10.41705358047659,0.25,0.23085538171551673,0.2085816289220676
15.89999999999996,23.352761558452105,10.439630108556255,0.25,0.2310078896556032,0.22576549610339888
15.99999999999996,23.441858916523703,10.479460235695134,0.25,0.2398736512282305,0.3983016512388473
16.09999999999996,23.502089168014717,10.506385597192002,0.25,0.2422266222732692,0.26925387174918514
16.19999999999996,23.551843511622955,10.528627803633581,0.25,0.2422344696961461,0.22242227653420069
16.29999999999996,23.601587854438062,10.550865539315637,0.25,0.242186645542517,0.22237756889633825
16.399999999999963,23.6514299065255,10.573146954999253,0.25,0.24220425418719907,0.22281436932849216
16.499999999999964,23.701174628949097,10.595384860381678,0.25,0.24223159141946815,0.22237926590164978
16.599999999999966,23.748836864678257,10.616691809879441,0.25,0.24182248070658519,0.21306969817673005
16.699999999999967,23.800090226520034,10.639604138175555,0.25,0.24216037893697967,0.22912350147033533
16.79999999999997,23.850422379551823,10.662104648828391,0.25,0.24232228134552733,0.22500532111016006
16.89999999999997,23.90995294694439,10.688717223198893,0.25,0.24631928617892082,0.2661259975025434
16.99999999999997,23.948943170484874,10.70614743206707,0.25,0.24425128355077663,0.17430225490935414
17.099999999999973,23.998719087286045,10.728399282599515,0.25,0.23547706358260073,0.22251871753483743
17.199999999999974,24.049297442752124,10.751009855710679,0.25,0.23336125770269206,0.22610594674307521
17.299999999999976,24.09870878567678,10.77309872695656,0.25,0.23330381215057358,0.22088892311490158
17.399999999999977,24.148621068663992,10.795411538696442,0.25,0.23332820215368896,0.22312833019057643
17.49999999999998,24.237637420144264,10.83520545260856,0.25,0.24210025488837356,0.3979395186258868
17.59999999999998,24.297815883213794,10.862107662583805,0.25,0.24236550591961542,0.2690223563121524
17.69999999999998,24.347553129079234,10.884342225641964,0.25,0.24407362684959227,0.22234584262711243
17.799999999999983,24.39728579952475,10.906574743302127,0.25,0.24476081483487083,0.22232538862763845
17.899999999999984,24.446702118438953,10.928665839016844,0.25,0.24451809842092492,0.22091116782448264
17.999999999999986,24.496504569305614,10.950929551351086,0.25,0.23573488264227901,0.22263733566592847
18.099999999999987,24.546344479056874,10.973210009323674,0.25,0.2334124286652742,0.22280479220908941
18.19999999999999,24.595880117779664,10.995354445824796,0.25,0.23336354364842554,0.22144457619722782
18.29999999999999,24.645630346102024,11.017594812566935,0.25,0.2333648591797215,0.22240387952225693
18.39999999999999,24.695219475682435,11.039763161647576,0.25,0.23330832582431987,0.221683702220459
18.499999999999993,24.784618775450195,11.079728268952051,0.25,0.24217193523834135,0.3996514541820785
18.599999999999994,24.844353708320206,11.106432202966941,0.25,0.2448704300703899,0.267039594817701
18.699999999999996,24.891849120654655,11.127664575651599,0.25,0.2440304514635959,0.21232392933445535
18.799999999999997,24.9431419906512,11.150594565692813,0.25,0.244245191362577,0.22930011908978198
18.9,24.99371149076507,11.173201180102932,0.25,0.2422422094721933,0.22606635969487013
19.0,25.043267239234154,11.195354606475012,0.25,0.24460382047635262,0.22153447499254075
19.1,25.09312165413068,11.217641548834935,0.25,0.24462136640682455,0.2228696361442758
19.200000000000003,25.142955907997457,11.239919478398122,0.25,0.24445504447421867,0.22277950809095814
19.300000000000004,25.19253775437591,11.262084571592546,0.25,0.2444931554848357,0.22165114332724206
19.400000000000006,25.24235278415537,11.284353907210201,0.25,0.2444714174029917,0.2226935685536966
19.500000000000007,25.2920059541303,11.30655088494057,0.25,0.23567294092123564,0.22196998899076523
19.60000000000001,25.34154167410358,11.328695357763952,0.25,0.23329407007663622,0.221444939420164
19.70000000000001,25.391155646312143,11.350874812505404,0.25,0.2332665158920053,0.22179475893449396
19.80000000000001,25.441110950331886,11.373206856389004,0.25,0.23331627905118163,0.22332065181116434
19.900000000000013,25.530026163805502,11.412955557516467,0.25,0.2421450901773648,0.3974873903481462
20.000000000000014,25.590286117425308,11.439894197067723,0.25,0.24448255601505292,0.2693866524196902
20.100000000000016,25.639901178790794,11.462074138706424,0.25,0.24443229780017917,0.22179962791161592
20.200000000000017,25.689645864788183,11.484312027804858,0.25,0.24447902414339703,0.22237910306158404
20.30000000000002,25.739355122594997,11.506534079067407,0.25,0.24446986639486856,0.22222072455168818
20.40000000000002,25.788994457593677,11.52872487200313,0.25,0.24448108833311166,0.22190814098532036
20.50000000000002,25.836590022715843,11.550002017039677,0.25,0.2351370982880246,0.2127716532803375
20.600000000000023,25.887625747493374,11.572817052754658,0.25,0.23319264728369707,0.2281505747311512
20.700000000000024,25.93785443462101,11.59527130995839,0.25,0.23380359012587465,0.22454278617800652
20.800000000000026,25.98557636375849,11.616604944827014,0.25,0.23300541177837694,0.21333655213982772
20.900000000000027,26.07529583408426,11.656713181336526,0.25,0.24175623117350545,0.40108274759743967
21.00000000000003,26.136780822930977,11.684199461243157,0.25,0.24442266048368594,0.27486306119615084
21.10000000000003,26.18662193239881,11.706480455537637,0.25,0.24441968644812828,0.22281015543312205
21.20000000000003,26.236442961340096,11.72875247302357,0.25,0.24441673040668283,0.22272038726204968
21.300000000000033,26.28615025417564,11.75097364586439,0.25,0.2444447702566212,0.22221194032601066
21.400000000000034,26.335820191519016,11.773178119287463,0.25,0.24441233912840127,0.2220449459892973
21.500000000000036,26.38544472373612,11.79536229478037,0.25,0.24440593800356555,0.22184196649405208
21.600000000000037,26.435027904524535,11.817527984510088,0.25,0.24441654646685093,0.22165710868587157
21.70000000000004,26.48490363383625,11.839824455276744,0.25,0.24447505453525048,0.22296492030248435
21.80000000000004,26.534533056782685,11.862010817123716,0.25,0.24440221344746987,0.22186383005555183
21.90000000000004,26.584177702340032,11.88420398409422,0.25,0.23562443799785165,0.22193188135578187
22.000000000000043,26.633513225338323,11.906258960762619,0.25,0.2331826042277088,0.22054997701683252
22.100000000000044,26.683590890888897,11.928645705205644,0.25,0.23328600572848252,0.22386765792709026
22.200000000000045,26.768432623484493,11.966573395421214,0.25,0.24113091376853749,0.3792772638626839
22.300000000000047,26.832191785888202,11.995076323002607,0.25,0.24427135492291727,0.2850295476392851
22.40000000000005,26.88261096352584,12.017615737178403,0.25,0.24444566570918974,0.22539435671076874
22.50000000000005,26.93218458267254,12.039777152467066,0.25,0.2448878012569006,0.221614364234554
22.60000000000005,26.981807256850423,12.061960497341198,0.25,0.2445719555352627,0.22183366029839305
22.700000000000053,27.031654712285818,12.084244328540164,0.25,0.244486742451614,0.2228385245050324
22.800000000000054,27.081481404141705,12.10651887757825,0.25,0.24495719998500814,0.22274570280771153
22.900000000000055,27.131161114812098,12.12872772007428,0.25,0.2360074944431632,0.22208863676054053
23.000000000000057,27.180758211169785,12.150899630626986,0.25,0.23335030723210926,0.22171931697507202
23.10000000000006,27.230463373089048,12.173119850861934,0.25,0.2333199201733637,0.22220241425821072
23.20000000000006,27.31996127448816,12.213129037088589,0.25,0.24218851300147354,0.4000922438242466
23.30000000000006,27.379829412057262,12.23989251899822,0.25,0.24445966970182345,0.26763507433300837
23.400000000000063,27.429208054602825,12.261966771850416,0.25,0.24439455935429058,0.22074273903864072
23.500000000000064,27.479055667724385,12.284250673541482,0.25,0.24444442250092374,0.2228392294267151
23.600000000000065,27.528698742927336,12.30644313849998,0.25,0.24445781012808068,0.2219248612290106
23.700000000000067,27.57826787313484,12.328602547051037,0.25,0.244389278954925,0.2215942968393709
23.800000000000068,27.628029325042395,12.350847931190266,0.25,0.24441879012919765,0.22245405354100464
23.90000000000007,27.67778509490164,12.373090775223801,0.25,0.24444362868440067,0.22242865245984245
24.00000000000007,27.727570024595618,12.395346654884316,0.25,0.24454408027625685,0.2225590088539563
24.100000000000072,27.77726687893504,12.417563161294652,0.25,0.24445896117873636,0.22216527597667893
24.200000000000074,27.826833974003574,12.439721660056176,0.25,0.23657435793236972,0.22158519893535072
24.300000000000075,27.874202024059354,12.460897096644613,0.25,0.23291060894186896,0.21175456782927063
24.400000000000077,27.92590869644001,12.484012073108842,0.25,0.23319839036053486,0.2311499850840862
24.500000000000078,28.015424739563702,12.524029369421049,0.25,0.24212633938666284,0.4001733447571151
24.60000000000008,28.036259519999998,12.53334336,0.25,0.23569165610247972,0.09313999461473062
24.70000000000008,28.115094349508603,12.568585721280524,0.25,0.24217092732237355,0.3524239489029079
24.800000000000082,28.175219764853146,12.595464216774484,0.25,0.24447290274564581,0.26878521127315746
24.900000000000084,28.224714501977786,12.617590368604885,0.25,0.2444315573734006,0.2212617293156363
25.000000000000085,28.272967666305288,12.639161487116313,0.25,0.24413116106628166,0.2157113908326933
25.100000000000087,28.323609800114102,12.661800571729442,0.25,0.24434059345510256,0.22639106203462933
25.200000000000088,28.373990658816677,12.684322855789503,0.25,0.23559713403339297,0.22522305539005522
25.30000000000009,28.42370436784207,12.706546896927014,0.25,0.23332741148275668,0.22224062332028205
25.40000000000009,28.469766663017964,12.727138608206376,0.25,0.23258613998940816,0.2059173091716701
25.500000000000092,28.521927456063626,12.750456594997903,0.25,0.23310318303272912,0.2331800902931351
25.600000000000094,28.611802798831643,12.7906345128013,0.25,0.24209591803131988,0.4017795612008247
25.700000000000095,28.67194693818344,12.817521378684747,0.25,0.24445964895174335,0.2688689152478392
25.800000000000097,28.721883865195387,12.839845207301668,0.25,0.24449887122799469,0.2232384990660325
25.900000000000098,28.771663093856315,12.86209853836954,-0.7424639893154108,0.22253352290323283,0.22253352290323283
26.0000000000001,28.82109607554151,12.884197083017666,-1.0,-1.0,0.22098565722959998
26.1000000000001,28.831614400000007,12.888899200000004,-1.0,-1.0,0.04702121466630942
26.200000000000102,28.782414268462972,12.866904748797593,-1.0,-1.0,-0.21994472177974944
26.300000000000104,28.617396482675797,12.793135116001098,-1.0,-1.0,-0.7376970314876595
26.400000000000105,28.347483012492773,12.672472864430778,-1.0,-1.0,-1.2066236664291954
26.500000000000107,28.047917682606762,12.538555030793425,-1.0,-1.0,-1.3391796135147347
26.600000000000108,27.751102913477023,12.405866809200656,-1.0,-1.0,-1.3268834813423864
26.70000000000011,27.451559618901193,12.271958826239294,-1.0,-1.0,-1.3390811066608865
26.80000000000011,27.19354766964977,12.156617036488628,-1.0,-0.7838690829790481,-1.1534189974927307
26.900000000000112,26.904605284827188,12.027448089480725,-1.0,-0.8346512448742711,-1.2916907019312787
27.000000000000114,26.64588417325534,11.911789275454636,-1.0,-0.8639183356375507,-1.1565892432703462
27.100000000000115,26.398542161884478,11.801217380025697,-1.0,-0.8840684750666012,-1.1057200087861565
27.200000000000117,26.148629848368717,11.689496455451199,-1.0,-0.9020024624614602,-1.1172103111997675
27.300000000000118,25.901040277893447,11.57881389107745,-1.0,-0.9166327650920473,-1.1068266992896794
27.40000000000012,25.692445719316783,11.48556367616187,-1.0,-0.9176907833165772,-0.932503038459996
27.50000000000012,25.45408114673681,11.379005059422242,-1.0,-0.9269343083355042,-1.0655871836194086
27.600000000000122,25.2444474432497,11.285290304650548,-1.0,-0.9275351396952594,-0.9371484414513426
27.700000000000124,25.04481929088135,11.196048436413092,-1.0,-0.9255842726817534,-0.8924195334521535
27.800000000000125,24.84701541525873,11.107622093756774,-1.0,-0.9234095356913086,-0.8842642698632996
27.900000000000126,24.648724400730686,11.018977980282584,-1.0,-0.9215611579126858,-0.8864419801188538
28.000000000000128,24.448773093266794,10.929591648630954,-1.0,-0.9773036492227456,-0.8938641689715994
28.10000000000013,24.28890809420521,10.858125520167716,-1.0,-1.015387808265418,-0.7146619661871362
28.20000000000013,24.06231878919209,10.75683092488095,-1.0,-1.0550379181208869,-1.012946918889128
28.300000000000132,23.891688650285865,10.68055234296275,-1.0,-1.0562923938781004,-0.7627865466319309
28.400000000000134,23.69722030292719,10.593617116515752,-1.0,-1.0394288652341257,-0.8693530935497019
28.500000000000135,23.49486274022033,10.503155091326958,-1.0,-1.017700940288482,-0.9046211146018607
28.600000000000136,23.267592649588163,10.401556157299426,-1.0,-1.0021562816813216,-1.015990309199182
28.700000000000138,23.08393649365974,10.319454418271556,-1.0,-0.9762531350114096,-0.8210181732626428
28.80000000000014,22.8975994002889,10.236154191639859,-1.0,-0.9602323381733033,-0.8330030607306024
28.90000000000014,22.698969496322597,10.147358580863122,-1.0,-0.9400456508061948,-0.8879569545891108
29.000000000000142,22.47187825902816,10.045839601520386,-1.0,-0.9329757267221132,-1.015190761588709
29.100000000000144,22.252530777950092,9.947782394797024,-1.0,-0.926718376401851,-0.9805730023809148
29.200000000000145,22.052591074968237,9.858401250818797,-1.0,-0.915548475451267,-0.8938122921880883
29.300000000000146,21.85404600757201,9.76964356542442,-1.0,-0.9045860255069744,-0.8875777004038268
29.400000000000148,21.65546787326951,9.680871097783866,-1.0,-0.9023471497343033,-0.8877255230065748
29.50000000000015,21.427402326629547,9.578916562708114,-1.0,-0.9000451067069658,-1.0195463230726607
29.60000000000015,21.207667214085426,9.480686069021925,-1.0,-0.9023029783174877,-0.98230587366178
29.700000000000152,21.008785676041743,9.391777967622442,-1.0,-0.9021360947393482,-0.8890818618893627
29.800000000000153,20.783315774729665,9.29098379112134,-1.0,-0.9083200175591889,-1.0079427262601128
29.900000000000155,20.562773830511176,9.192392611003303,-1.0,-0.9132935556242476,-0.9859127414200277
30.000000000000156,20.362805724866316,9.102998769884524,-1.0,-0.913297310361403,-0.8939392637147098
30.100000000000158,20.134310228454996,9.000852029849755,-0.4076034625650209,-1.0214683744958424,-1.0214683744958424
30.20000000000016,19.91520292889586,8.902902193991729,0.0,-0.9794992927035803,-0.9794992927035803
30.30000000000016,19.746429572868628,8.827453669212598,0.0,-0.8669926300143853,-0.7544859673251902
30.400000000000162,19.655721728153786,8.786903589326029,0.0,-0.7131621485368451,-0.40550118558176484
30.500000000000163,19.635323600000007,8.777784800000003,0.0,-0.557668606458607,-0.09118798022389304
30.600000000000165,19.664627445105673,8.79088480544886,0.0,-0.4199348492828703,0.13100017942007688
30.700000000000166,19.743849504779217,8.826300274294361,0.0,-0.29091987003513065,0.3541550262035676
30.800000000000168,19.78445264,8.844451520000002,0.0,-0.22342951286434962,0.18151263016033656
30.90000000000017,19.813691634319248,8.857522534521134,0.0,-0.17916204002301153,0.13071026986635523
31.00000000000017,19.8636231013836,8.879843922320376,0.0,-0.13445358103534807,0.22321409086595972
31.100000000000172,19.913353929636212,8.90207561644571,0.0,-0.0987765076046627,0.22231715327150572
31.200000000000173,19.93358168,8.91111824,0.0,-0.0815762503878606,0.09042632178016036
31.300000000000175,19.93358168,8.91111824,0.0,-0.07477822952220554,0.0
31.400000000000176,19.963043687047964,8.92428895024198,0.0,-0.058894732787759245,0.13170722802559642
31.500000000000178,19.98329136,8.93334048,0.0,-0.04822258159560521,0.09051538390239725
31.60000000000018,19.98329136,8.93334048,0.0,-0.04500774282256486,0.0
31.70000000000018,19.950516629944822,8.91868884842198,0.0,-0.0513520373654788,-0.14651645550918796
31.800000000000182,19.93358168,8.91111824,0.0,-0.0527846326039098,-0.07570615641880572
31.900000000000183,19.93358168,8.91111824,0.0,-0.049852153014803696,0.0
32.000000000000185,19.89833697870791,8.895362431255283,0.0,-0.0555208943143626,-0.15755823770642288
32.100000000000186,19.883872,8.888896,0.0,-0.055978068309723,-0.06466437422157079
32.20000000000019,19.854579071150898,8.875800874559893,0.0,-0.013550672638846323,-0.13095137928604647
32.30000000000019,19.83416232,8.866673760000001,0.0,0.019610064095315835,-0.0912712326419472
32.40000000000019,19.83416232,8.866673760000001,0.0,0.0398851233744041,0.0
32.50000000000019,19.80489346569601,8.853589396856478,0.0,0.03790233457472057,-0.13084375621756325
32.60000000000019,19.78445264,8.844451520000002,0.0,0.02678338281819521,-0.09137885571043043
32.700000000000195,19.78445264,8.844451520000002,0.0,0.009075631508016827,0.0
32.800000000000196,19.78445264,8.844451520000002,0.0,6.938893903907229e-19,0.0
32.9000000000002,19.7477135851492,8.828027674699294,0.0,-0.014747443975178586,-0.16423860963721662
33.0000000000002,19.734742960000002,8.822229280000002,0.0,-0.028807348633015435,-0.057984002290777055
33.1000000000002,19.734742960000002,8.822229280000002,0.0,-0.03992320629659071,0.0
33.2000000000002,19.734742960000002,8.822229280000002,0.0,-0.044444522385598734,0.0
33.3000000000002,19.734742960000002,8.822229280000002,0.0,-0.044444522385598734,0.0
33.400000000000205,19.70511304054561,8.808983506112577,0.0,-0.05765277704667414,-0.13245786519591166
33.500000000000206,19.68503328,8.80000704,0.0,-0.066666783578399,-0.08976474673209979
33.60000000000021,19.68503328,8.80000704,0.0,-0.066666783578399,0.0
33.70000000000021,19.68503328,8.80000704,0.0,-0.0593409608029396,0.0
33.80000000000021,19.68503328,8.80000704,0.0,-0.05555565298199931,0.0
33.90000000000021,19.68503328,8.80000704,0.0,-0.05555565298199931,0.0
34.00000000000021,19.68503328,8.80000704,0.0,-0.04767774109667816,0.0
34.100000000000215,19.65560664640315,8.786852143123149,0.0,-0.05102197709677525,-0.13154909422351257
34.200000000000216,19.635323600000007,8.777784800000003,0.0,-0.04900808401769609,-0.09067351770446333
34.30000000000022,19.635323600000007,8.777784800000003,0.0,-0.044444522385598734,0.0
34.40000000000022,19.635323600000007,8.777784800000003,0.0,-0.044444522385598734,0.0
34.50000000000022,19.635323600000007,8.777784800000003,0.0,-0.03790233457472057,0.0
34.60000000000022,19.635323600000007,8.777784800000003,0.0,-0.03333339178919905,0.0
34.70000000000022,19.635323600000007,8.777784800000003,0.0,-0.03333339178919905,0.0
34.800000000000225,19.60656270191229,8.764927513855318,0.0,-0.039762040992379274,-0.12857298406360446
34.900000000000226,19.58561392,8.755562560000001,0.0,-0.0362325919037388,-0.09364962786440699
35.00000000000023,19.58561392,8.755562560000001,0.0,-0.03333339178919994,0.0
35.10000000000023,19.58561392,8.755562560000001,0.0,-0.03333339178919994,0.0
35.20000000000023,19.58561392,8.755562560000001,0.0,-0.03333339178919994,0.0
35.30000000000023,19.58561392,8.755562560000001,0.0,-0.03333339178919994,0.0
35.40000000000023,19.58561392,8.755562560000001,0.0,-0.026710498529404353,0.0
35.500000000000234,19.58561392,8.755562560000001,0.0,-0.02222226119279937,0.0
35.600000000000236,19.58561392,8.755562560000001,0.0,-0.02222226119279937,0.0
35.70000000000024,19.58561392,8.755562560000001,0.0,-0.02222226119279937,0.0
35.80000000000024,19.58561392,8.755562560000001,0.0,-0.02222226119279937,0.0
35.90000000000024,19.58561392,8.755562560000001,0.0,-0.02222226119279937,0.0
36.00000000000024,19.58561392,8.755562560000001,0.0,-0.02222226119279937,0.0
36.10000000000024,19.556469699603525,8.742533913260305,0.0,-0.022159136064020913,-0.13028659164794348
36.200000000000244,19.53590424,8.733340320000002,0.0,-0.02222226119280026,-0.0919360202800502
36.300000000000246,19.53590424,8.733340320000002,0.0,-0.02222226119280026,0.0
36.40000000000025,19.53590424,8.733340320000002,0.0,-0.02222226119280026,0.0
36.50000000000025,19.53590424,8.733340320000002,0.0,-0.02222226119280026,0.0
36.60000000000025,19.53590424,8.733340320000002,0.0,-0.02222226119280026,0.0
36.70000000000025,19.53590424,8.733340320000002,0.0,-0.02222226119280026,0.0
36.80000000000025,19.53590424,8.733340320000002,0.0,-0.015793611989620034,0.0
36.900000000000254,19.53590424,8.733340320000002,0.0,-0.011111130596399685,0.0
37.000000000000256,19.53590424,8.733340320000002,0.0,-0.011111130596399685,0.0
37.10000000000026,19.53590424,8.733340320000002,0.0,-0.011111130596399685,0.0
37.20000000000026,19.506574971392673,8.720228949216354,0.0,-0.01766682224021826,-0.13111383287637152
37.30000000000026,19.51537093458675,8.724161100964864,0.0,-0.015700744490965615,0.039321554985052895
37.40000000000026,19.506741938379204,8.720303590220817,0.0,-0.017629501702394915,-0.03857514422858597
37.50000000000026,19.48619456,8.71111808,0.0,-0.02222226119280026,-0.09185518980810685
37.600000000000264,19.48619456,8.71111808,0.0,-0.02222226119280026,0.0
37.700000000000266,19.48619456,8.71111808,0.0,-0.02222226119280026,0.0
37.80000000000027,19.515304860080516,8.724131562984828,0.0,-0.01571551349506806,0.13013495395464397
37.90000000000027,19.50652468131613,8.720206467515593,0.0,-0.017678063101318673,-0.03925099212501226
38.00000000000027,19.48619456,8.71111808,0.0,-0.02222226119280026,-0.09088396182963172
38.10000000000027,19.48619456,8.71111808,0.0,-0.01570793161040308,0.0
38.20000000000027,19.48619456,8.71111808,0.0,-0.011111130596400573,0.0
38.300000000000274,19.48619456,8.71111808,0.0,-0.011111130596400573,0.0
38.400000000000276,19.48619456,8.71111808,0.0,-0.011111130596400573,0.0
38.50000000000028,19.48619456,8.71111808,0.0,-0.011111130596400573,0.0
38.60000000000028,19.48619456,8.71111808,0.0,-0.011111130596400573,0.0
38.70000000000028,19.48619456,8.71111808,0.0,-0.011111130596400573,0.0
38.80000000000028,19.48619456,8.71111808,0.0,-0.011111130596400573,0.0
38.90000000000028,19.48619456,8.71111808,0.0,-0.011111130596400573,0.0
39.000000000000284,19.48619456,8.71111808,0.0,-0.011111130596400573,0.0
39.100000000000286,19.48619456,8.71111808,0.0,-0.011111130596400573,0.0
39.20000000000029,19.48619456,8.71111808,0.0,-0.004555438952581996,0.0
39.30000000000029,19.48619456,8.71111808,0.0,-0.006521516701834642,0.0
39.40000000000029,19.48619456,8.71111808,0.0,-0.004592759490405343,0.0
39.50000000000029,19.48619456,8.71111808,0.0,-6.938893903907229e-19,0.0
39.60000000000029,19.48619456,8.71111808,0.0,-6.938893903907229e-19,0.0
39.700000000000294,19.48619456,8.71111808,0.0,-6.938893903907229e-19,0.0
39.800000000000296,19.48619456,8.71111808,0.0,-0.006506747697732199,0.0
39.9000000000003,19.48619456,8.71111808,0.0,-0.004544198091481586,0.0
40.0000000000003,19.48619456,8.71111808,0.0,0.0,0.0
40.1000000000003,19.48619456,8.71111808,0.0,0.0,0.0
40.2000000000003,19.48619456,8.71111808,0.0,0.0,0.0
40.3000000000003,19.48619456,8.71111808,0.0,0.0,0.0
40.400000000000304,19.48619456,8.71111808,0.0,0.0,0.0
40.500000000000306,19.48619456,8.71111808,0.0,0.0,0.0
40.60000000000031,19.48619456,8.71111808,0.0,0.0,0.0
40.70000000000031,19.48619456,8.71111808,0.0,0.0,0.0
40.80000000000031,19.48619456,8.71111808,0.0,0.0,0.0
40.90000000000031,19.48619456,8.71111808,0.0,0.0,0.0
41.00000000000031,19.48619456,8.71111808,0.0,0.0,0.0
41.100000000000314,19.48619456,8.71111808,0.0,0.0,0.0
41.200000000000315,19.48619456,8.71111808,0.0,0.0,0.0
41.30000000000032,19.48619456,8.71111808,0.2881326823521704,0.0,0.0
41.40000000000032,19.48619456,8.71111808,0.5,0.0,0.0
41.50000000000032,19.51511807315559,8.724048061665275,0.5,0.06464996998139111,0.12929993996278222
41.60000000000032,19.594197516405263,8.759399775193922,0.5,0.1609391374632597,0.3535174724269969
41.70000000000032,19.723516311953265,8.817210513689494,0.5,0.2652313371680479,0.5781079362824126
41.800000000000324,19.872801333061812,8.883946963561614,0.5,0.3456580967684773,0.6673651351701948
41.900000000000325,20.02145193709149,8.95039980330817,0.5,0.39880325250870086,0.6645290312098188
42.00000000000033,20.17052144088921,9.017039908214777,0.5,0.43703159994977864,0.6664016845962454
42.10000000000033,20.29056324780449,9.070703457111188,0.5,0.44948215004856673,0.5366360007400834
42.20000000000033,20.41978315217663,9.12846998724646,0.5,0.4637247836273708,0.5776658522578034
42.30000000000033,20.539184520277924,9.181847234057853,0.5,0.4707296029805854,0.5337729771595169
42.40000000000033,20.66748425686814,9.239202411931549,0.5,0.48007712322953927,0.5735523257190781
42.500000000000334,20.78743696698482,9.29282613095093,0.5,0.4847571714262387,0.5362377015899324
42.600000000000335,20.91512844652488,9.349909393291268,0.5,0.49137840191593685,0.5708331677923144
42.70000000000034,21.006456224561358,9.390736608477392,0.5,0.4854422690091035,0.4082725412202698
42.80000000000034,21.112960989876946,9.438348551583577,0.5,0.48482077675017365,0.4761198851251559
42.90000000000034,21.23391342361785,9.492419187547728,0.5,0.48831365790952397,0.5407068752997781
43.00000000000034,21.334588701217935,9.537425113574525,0.5,0.4860634244723949,0.45005968947832986
43.10000000000034,21.434095761809576,9.581908799290506,0.5,0.4837730831900232,0.444837281389704
43.200000000000344,21.55965315635962,9.63803803921854,0.5,0.4878530753679688,0.5612929345709888
43.300000000000345,21.680952861477902,9.692263919551458,0.5,0.49057338762296887,0.5422593204679699
43.40000000000035,21.781814706145557,9.737353248612667,0.5,0.5131180736538615,0.45089372061785404
43.50000000000035,21.91032290428404,9.794801617240285,0.5,0.5353772883630745,0.5744842341470408
43.60000000000035,22.030312550675863,9.848441848270422,0.5,0.5445215558344728,0.5364028218549638
43.70000000000035,22.13000728691278,9.893009432599943,0.5,0.537899972436613,0.44567626832521623
43.80000000000035,22.22866047141748,9.937111401126549,0.5,0.5265827209708835,0.4410201058556077
43.900000000000354,22.32847500385576,9.98173253920934,0.5,0.515666859728825,0.4462118063686472
44.000000000000355,22.426670020287222,10.025629688053264,0.5,0.5042953708527869,0.4389719070754838
44.10000000000036,22.52628441577348,10.070161356813765,0.5,0.49972942643040746,0.44531711229249676
44.20000000000036,22.653183772922816,10.126890508367714,0.5,0.4992107366450849,0.5672920565513517
44.30000000000036,22.772605278570115,10.180276757477658,0.5,0.4992152377986532,0.5338630002308801
44.40000000000036,22.899831076847892,10.237151841435558,0.5,0.49897519061182855,0.5687513819825851
44.50000000000036,23.0211071865664,10.291367173669261,0.5,0.49927099750109294,0.5421538393752211
44.600000000000364,23.13753335520197,10.343414385835988,0.5,0.49675297001290897,0.5204726180286363
44.700000000000365,23.229966015422082,10.384735528101434,0.5,0.49699993378809315,0.41321181672395274
44.80000000000037,23.351902221342783,10.43924595006873,0.5,0.5004491765081026,0.5451047395253437
44.90000000000037,23.471898129651386,10.49288898042925,0.5,0.5002353735023884,0.5364308151854953
45.00000000000037,23.571290880836575,10.53732156521148,0.5,0.49994870260671476,0.4443262715648555
45.10000000000037,23.67112705179968,10.581952376591138,0.5,0.5000222655087083,0.4463085394295742
45.20000000000037,23.80028317578451,10.639690394310437,0.5,0.5008266551714666,0.5773807278261563
45.300000000000374,23.919658802945534,10.693056133879125,0.5,0.5003965843792042,0.5336579046227213
45.400000000000375,24.045208805704487,10.749182069377202,0.5,0.505914892860307,0.561259890239912
45.50000000000038,24.16654726559935,10.803425274664663,0.5,0.5043123096618862,0.5424325701786235
45.60000000000038,24.267570869006764,10.848586916433115,0.5,0.5000730109881334,0.45161684837990856
45.70000000000038,24.364783863865163,10.892045061866,0.5,0.49951829101079326,0.4345818687784128
45.80000000000038,24.49299576682347,10.949360974549327,0.5,0.5061252693900595,0.5731596734409312
45.90000000000038,24.61507182112234,11.003933914404955,0.5,0.5111011750218716,0.5457299190048902
46.000000000000384,24.71450678866998,11.048385371610793,0.5,0.5113783294671432,0.4445149959809159
46.100000000000385,24.813769355201277,11.092759758580785,0.5,0.5112996884968908,0.4437442928874504
46.20000000000039,24.943021311317278,11.150540617143529,0.5,0.5118255425027818,0.5778091366691708
46.30000000000039,25.06312776146016,11.204233064180466,0.5,0.5119786416122846,0.5369249824209366
46.40000000000039,25.159991447755026,11.247535054539874,0.5,0.5051920883408771,0.4330203165544373
46.50000000000039,25.286406603447325,11.304047748434336,0.5,0.506340770266725,0.5651274778921768
46.60000000000039,25.407293757236594,11.358089201616535,0.5,0.5073378917253903,0.5404150472019418
46.700000000000394,25.508053997725266,11.40313310949518,0.5,0.5091992763071447,0.45043950835903895
46.800000000000395,25.63837857856506,11.461393474746401,0.5,0.5110742497372219,0.5826042081268891
46.9000000000004,25.758701453679326,11.51518267250988,0.5,0.5111473335083991,0.537892490609039
47.0000000000004,25.858367533452427,11.559737446239604,0.5,0.5112084280404101,0.4455481622050751
47.1000000000004,25.986716325906308,11.617114554070923,0.5,0.5175815823441544,0.5737716255044594
47.2000000000004,26.106719213392086,11.670760704406268,0.5,0.5155356467010211,0.5364620149634924
47.3000000000004,26.20642611668259,11.715333727901458,0.5,0.511139284471574,0.445730660033778
47.400000000000404,26.33543316410936,11.773005102362308,0.5,0.5119120046898843,0.5767142946061187
47.500000000000405,26.453478500602344,11.825776148131018,0.5,0.5111759242285274,0.5277109609514861
47.600000000000406,26.553389102278704,11.870440233053642,0.5,0.5109271455683599,0.44664127517655805
47.70000000000041,26.68343956057253,11.928578054425966,0.5,0.5182669905379009,0.5813787681692331
47.80000000000041,26.802914033932602,11.981987982248498,0.5,0.5163139962449828,0.5340997875825694
47.90000000000041,26.902257977674708,12.026398748127166,0.5,0.5112329044107959,0.44410808232115284
48.00000000000041,27.029548395617102,12.083302719691984,0.5,0.517459167528113,0.5690402583272601
48.10000000000041,27.149825649466816,12.137071522902732,0.5,0.5221563801281022,0.5376885448872305
48.200000000000415,27.247764725777227,12.180854256148013,0.5,0.5151573107945384,0.4378277499978961
48.300000000000416,27.376088438117748,12.238220152153017,0.5,0.5169940370302106,0.5736595071343813
48.40000000000042,27.49532164715131,12.291522225051374,0.5,0.5219940830681,0.5330212373122262
48.50000000000042,27.59535596704722,12.336241617028222,0.5,0.5160974264858034,0.4471943462462429
48.60000000000042,27.726230116085457,12.394747661519427,0.5,0.5183297242691914,0.5850610028697009
48.70000000000042,27.84604944920244,12.448311755618713,0.5,0.5225898214422574,0.5356414518203585
48.80000000000042,27.94568447653843,12.492852647651551,0.5,0.5157300782911047,0.44540934510383556
48.900000000000425,28.074534014215512,12.550453608875788,0.5,0.5176359618390761,0.5760101615684667
49.000000000000426,28.19435025029747,12.604016318475004,0.5,0.522139934069145,0.5356276068064534
49.10000000000043,28.29372360568302,12.648440232549344,0.5,0.5156633310140851,0.4442395644032617
49.20000000000043,28.422141827492407,12.705848378114181,0.5,0.5175443304226922,0.5740820031356338
49.30000000000043,28.53900962714086,12.758093017227928,0.5,0.5213801418900857,0.5224468893816478
49.40000000000043,28.639118061007682,12.802845541151088,0.5,0.5149207104610464,0.44752566602533234
49.50000000000043,28.769997193258106,12.861353813339939,0.5,0.5177893264068423,0.5850832798674049
49.600000000000435,28.89000372882402,12.915001594514838,0.5,0.5222811788167437,0.536478323374586
49.700000000000436,29.018842808517554,12.972597880596922,0.5,0.5220104109133998,0.5759634101023559
49.80000000000044,29.13863334013375,13.026149099259015,0.5,0.5220810564005534,0.53551269732564
49.90000000000044,29.238090211059212,13.070610348161738,0.5,0.5221062979366528,0.4446129130431411
50.00000000000044,29.36190844726753,13.125962113882176,0.5,0.5213301942743127,0.5535181850804577
50.10000000000044,29.484194727961313,13.180629033449643,0.5,0.521779252880928,0.5466697170195359
50.20000000000044,29.61552250493576,13.23933786799842,0.5,0.5292423106500026,0.587088905379389
50.300000000000445,29.735131363165227,13.292807871299612,0.5,0.5272943624403879,0.534700542942087
50.400000000000446,29.8348169821079,13.33737137982939,0.5,0.5229250760892228,0.44563551028892484
50.50000000000045,29.963691968651656,13.394983717727605,0.5,0.5293715551977478,0.5761239284167432
50.60000000000045,30.083390984183012,13.448494024993746,0.20456325516977358,0.5351035829759507,0.5351035829759507
50.70000000000045,30.183085292915667,13.493061418211548,0.0,0.4456743572062091,0.4456743572062091
50.80000000000045,30.252941026345212,13.52428975992784,0.0,0.3789790360930403,0.3122837149798714
50.90000000000045,30.30249982924766,13.546444551755325,0.0,0.32650206724856656,0.2215481295596191
51.000000000000455,30.293452292976884,13.54239993665384,0.0,0.2347650030395899,-0.04044618958734015
51.100000000000456,30.27319512,13.53334416,0.0,0.16970043185145234,-0.09055785290109788
51.20000000000046,30.243650843675116,13.520136672059667,0.0,0.11940452564956522,-0.1320750053598704
51.30000000000046,30.22348544,13.51112192,0.0,0.08946850676132401,-0.09014760656812326
51.40000000000046,30.22348544,13.51112192,0.0,0.0782849434161585,0.0
51.50000000000046,30.194247087193443,13.498051192261018,0.0,0.05506357169857201,-0.13070740204211997
51.60000000000046,30.17377576,13.488899680000001,0.0,0.04040569354012744,-0.09151520988587371
51.700000000000465,30.17377576,13.488899680000001,0.0,0.03673244867284313,0.0
51.800000000000466,30.17377576,13.488899680000001,0.0,0.033671411283439534,0.0
51.90000000000047,30.17377576,13.488899680000001,0.0,0.031081302723174956,0.0
52.00000000000047,30.17377576,13.488899680000001,0.0,0.0288612096715196,0.0
52.10000000000047,30.17377576,13.488899680000001,0.0,0.026937129026751626,0.0
52.20000000000047,30.17377576,13.488899680000001,0.0,0.02525355846257965,0.0
52.30000000000047,30.17377576,13.488899680000001,0.0,0.02376805502360438,0.0
52.400000000000475,30.17377576,13.488899680000001,0.0,0.022447607522293023,0.0
52.500000000000476,30.203185744682916,13.50204713413811,0.0,0.02818587379823011,0.13147466676509767
52.60000000000048,30.22348544,13.51112192,0.0,0.0313139773664634,0.090747945162896
52.70000000000048,30.22348544,13.51112192,0.0,0.009030259506152943,0.0
52.80000000000048,30.22348544,13.51112192,0.0,-0.006583926242840631,0.0
52.90000000000048,30.22348544,13.51112192,0.0,-0.017661332720821588,0.0
53.00000000000048,30.25077577515869,13.52332180496359,0.0,-0.009539074942295871,0.12199896598317418
53.100000000000485,30.27319512,13.53334416,0.0,6.938893903907229e-19,0.1002236459448195
53.200000000000486,30.27319512,13.53334416,0.0,0.006603750267993519,0.0
53.30000000000049,30.27319512,13.53334416,0.0,0.011111130596399682,0.0
53.40000000000049,30.27319512,13.53334416,0.0,0.011111130596399682,0.0
53.50000000000049,30.27319512,13.53334416,0.0,0.01764650069850568,0.0
53.60000000000049,30.27319512,13.53334416,0.0,0.02222226119279937,0.0
53.70000000000049,30.27319512,13.53334416,0.0,0.02222226119279937,0.0
53.800000000000495,30.3025945339784,13.546486888605122,0.0,0.02879363176230737,0.13142741139016006
53.900000000000496,30.3229048,13.5555664,0.0,0.03333339178919905,0.09079520053783362
54.0000000000005,30.3229048,13.5555664,0.0,0.03333339178919905,0.0
54.1000000000005,30.3229048,13.5555664,0.0,0.03333339178919905,0.0
54.2000000000005,30.3229048,13.5555664,0.0,0.03333339178919905,0.0
54.3000000000005,30.3229048,13.5555664,0.0,0.03333339178919905,0.0
54.4000000000005,30.3229048,13.5555664,0.0,0.03333339178919905,0.0
54.500000000000504,30.3229048,13.5555664,0.0,0.02675965845094417,0.0
54.600000000000506,30.3229048,13.5555664,0.0,0.02222226119279937,0.0
54.70000000000051,30.3229048,13.5555664,0.0,0.02222226119279937,0.0
54.80000000000051,30.3229048,13.5555664,0.0,0.02222226119279937,0.0
54.90000000000051,30.34740980784851,13.566521130861505,0.0,0.027699631847179364,0.10954741308759987
55.00000000000051,30.372614480000003,13.577788640000001,0.0,0.027233443490041233,0.11267519884041156
55.10000000000051,30.372614480000003,13.577788640000001,0.0,0.022222261192800255,0.0
55.200000000000514,30.372614480000003,13.577788640000001,0.0,0.022222261192800255,0.0
55.300000000000516,30.372614480000003,13.577788640000001,0.0,0.022222261192800255,0.0
55.40000000000052,30.372614480000003,13.577788640000001,0.0,0.022222261192800255,0.0
55.50000000000052,30.372614480000003,13.577788640000001,0.0,0.022222261192800255,0.0
55.60000000000052,30.372614480000003,13.577788640000001,0.0,0.022222261192800255,0.0
55.70000000000052,30.372614480000003,13.577788640000001,0.0,0.022222261192800255,0.0
55.80000000000052,30.372614480000003,13.577788640000001,0.0,0.015650890623292252,0.0
55.900000000000524,30.372614480000003,13.577788640000001,0.0,0.011111130596400572,0.0
56.000000000000526,30.372614480000003,13.577788640000001,0.0,0.011111130596400572,0.0
56.10000000000053,30.372614480000003,13.577788640000001,0.0,0.011111130596400572,0.0
56.20000000000053,30.372614480000003,13.577788640000001,0.0,0.011111130596400572,0.0
56.30000000000053,30.372614480000003,13.577788640000001,0.0,0.011111130596400572,0.0
56.40000000000053,30.372614480000003,13.577788640000001,0.0,0.011111130596400572,0.0
56.50000000000053,30.372614480000003,13.577788640000001,0.0,0.011111130596400572,0.0
56.600000000000534,30.372614480000003,13.577788640000001,0.0,0.011111130596400572,0.0
56.700000000000536,30.372614480000003,13.577788640000001,0.0,0.011111130596400572,0.0
56.80000000000054,30.372614480000003,13.577788640000001,0.0,0.011111130596400572,0.0
56.90000000000054,30.372614480000003,13.577788640000001,0.0,0.005633759942020578,0.0
57.00000000000054,30.372614480000003,13.577788640000001,0.0,0.0,0.0
57.10000000000054,30.372614480000003,13.577788640000001,0.0,0.0,0.0
57.20000000000054,30.372614480000003,13.577788640000001,0.0,0.0,0.0
57.300000000000544,30.372614480000003,13.577788640000001,0.0,0.0,0.0
57.400000000000546,30.372614480000003,13.577788640000001,0.0,0.0,0.0
57.50000000000055,30.372614480000003,13.577788640000001,0.0,0.0,0.0
57.60000000000055,30.372614480000003,13.577788640000001,0.0,0.0,0.0
57.70000000000055,30.394788543575338,13.587701344377628,0.0,0.004956356915563478,0.09912713831126956
57.80000000000055,30.422324160000006,13.600010880000003,0.0,0.011111130596400573,0.12309547361674189
57.90000000000055,30.422324160000006,13.600010880000003,0.0,0.011111130596400573,0.0
58.000000000000554,30.422324160000006,13.600010880000003,0.0,0.011111130596400573,0.0
58.100000000000556,30.422324160000006,13.600010880000003,0.0,0.011111130596400573,0.0
58.20000000000056,30.422324160000006,13.600010880000003,0.0,0.011111130596400573,0.0
58.30000000000056,30.422324160000006,13.600010880000003,0.0,0.011111130596400573,0.0
58.40000000000056,30.422324160000006,13.600010880000003,0.0,0.011111130596400573,0.0
58.50000000000056,30.422324160000006,13.600010880000003,0.0,0.011111130596400573,0.0
58.60000000000056,30.422324160000006,13.600010880000003,0.0,0.011111130596400573,0.0
58.700000000000564,30.422324160000006,13.600010880000003,0.0,0.011111130596400573,0.0
58.800000000000566,30.422324160000006,13.600010880000003,0.0,0.011111130596400573,0.0
58.90000000000057,30.422324160000006,13.600010880000003,0.0,0.011111130596400573,0.0
59.00000000000057,30.422324160000006,13.600010880000003,0.0,0.011111130596400573,0.0
59.10000000000057,30.422324160000006,13.600010880000003,0.0,0.011111130596400573,0.0
59.20000000000057,30.422324160000006,13.600010880000003,0.0,0.011111130596400573,0.0
59.30000000000057,30.422324160000006,13.600010880000003,0.0,0.011111130596400573,0.0
59.400000000000574,30.422324160000006,13.600010880000003,0.0,0.011111130596400573,0.0
59.500000000000576,30.422324160000006,13.600010880000003,0.0,0.011111130596400573,0.0
59.60000000000058,30.422324160000006,13.600010880000003,0.0,0.011111130596400573,0.0
59.70000000000058,30.422324160000006,13.600010880000003,0.0,0.006154773680837095,0.0
59.80000000000058,30.422324160000006,13.600010880000003,0.0,0.0,0.0
59.90000000000058,30.422324160000006,13.600010880000003,0.0,0.0,0.0
60.00000000000058,30.422324160000006,13.600010880000003,0.0,0.0,0.0
60.100000000000584,30.422324160000006,13.600010880000003,0.0,0.0,0.0
60.200000000000585,30.422324160000006,13.600010880000003,0.0,0.0,0.0
60.30000000000059,30.422324160000006,13.600010880000003,0.0,0.0,0.0
60.40000000000059,30.422324160000006,13.600010880000003,0.0,0.0,0.0
60.50000000000059,30.422324160000006,13.600010880000003,0.0,0.0,0.0
60.60000000000059,30.422324160000006,13.600010880000003,0.0,0.0,0.0
60.70000000000059,30.422324160000006,13.600010880000003,0.0,0.0,0.0
60.800000000000594,30.422324160000006,13.600010880000003,0.0,0.0,0.0
60.900000000000595,30.422324160000006,13.600010880000003,0.0,0.0,0.0
61.0000000000006,30.422324160000006,13.600010880000003,0.0,0.0,0.0
61.1000000000006,30.422324160000006,13.600010880000003,0.0,0.0,0.0
61.2000000000006,30.422324160000006,13.600010880000003,0.0,0.0,0.0
61.3000000000006,30.422324160000006,13.600010880000003,0.0,0.0,0.0
61.4000000000006,30.422324160000006,13.600010880000003,0.0,0.0,0.0
61.500000000000604,30.422324160000006,13.600010880000003,0.0,0.0,0.0
61.600000000000605,30.422324160000006,13.600010880000003,0.0,0.0,0.0
61.70000000000061,30.422324160000006,13.600010880000003,0.0,0.0,0.0
61.80000000000061,30.422324160000006,13.600010880000003,0.0,0.0,0.0
61.90000000000061,30.422324160000006,13.600010880000003,0.0,0.0,0.0
62.00000000000061,30.422324160000006,13.600010880000003,0.0,0.0,0.0
62.10000000000061,30.422324160000006,13.600010880000003,0.0,0.0,0.0
62.200000000000614,30.422324160000006,13.600010880000003,0.0,0.0,0.0
62.300000000000615,30.422324160000006,13.600010880000003,0.0,0.0,0.0
62.40000000000062,30.422324160000006,13.600010880000003,0.0,0.0,0.0
62.50000000000062,30.422324160000006,13.600010880000003,0.0,0.0,0.0
62.60000000000062,30.422324160000006,13.600010880000003,0.0,0.0,0.0
62.70000000000062,30.422324160000006,13.600010880000003,-0.36696467335900707,0.0,0.0
62.80000000000062,30.422324160000006,13.600010880000003,-1.0,-1.0,0.0
62.900000000000624,30.39812950371289,13.58919488885442,-1.0,-1.0,-0.10816001460525314
63.000000000000625,30.274932302142055,13.534120750766315,-1.0,-1.0,-0.5507419061094677
63.10000000000063,30.077011908247062,13.44564231972373,-1.0,-1.0,-0.8847851542227273
63.20000000000063,29.80841763601758,13.325569803060798,-1.0,-1.0,-1.2007263117311595
63.30000000000063,29.511644741773637,13.192900301237744,-1.0,-1.0,-1.3266962834667126
63.40000000000063,29.233443196666048,13.068532944542797,-1.0,-0.7592549175922084,-1.243674753010138
63.50000000000063,28.97168723337483,12.95151742889899,-1.0,-0.810617586941439,-1.170156272386054
63.600000000000634,28.665423918114815,12.814605324558272,-1.0,-0.8726736716261682,-1.3691223491040003
63.700000000000635,28.35698273390301,12.676719624601262,-1.0,-0.9232921359187378,-1.3788583145518645
63.80000000000064,28.11953720139169,12.570571855989709,-1.0,-0.9358545506916255,-1.0614786984205027
63.90000000000064,27.839980935778403,12.44559888436804,-1.0,-0.9620109138050692,-1.2497309080529504
64.00000000000064,27.610597533861093,12.343055214615532,-1.0,-0.9668898954707299,-1.025437675458658
64.10000000000063,27.392297301412135,12.245466170438693,-1.0,-0.9675328581121727,-0.9758913724509297
64.20000000000063,27.182417141818533,12.151641239806926,-1.0,-0.9655806809782137,-0.938250201102788
64.30000000000062,26.99920285159586,12.069737032643294,-1.0,-0.9564220667131035,-0.8190428527364505
64.40000000000062,26.7533420664338,11.959827305313327,-1.0,-0.9648147875818334,-1.09909832148151
64.50000000000061,26.52235156814777,11.85656519840313,-1.0,-0.9685818579321261,-1.0326220538871025
64.6000000000006,26.32740156290982,11.76941465137891,-1.0,-0.9634726181133502,-0.8715063013753849
64.7000000000006,26.12436884186553,11.678650803072117,-1.0,-0.9606809546406957,-0.9076393486602627
64.8000000000006,25.928704000764945,11.591180695469351,-1.0,-1.0044160501511157,-0.8747019102084015
64.90000000000059,25.727121277419563,11.501065054852981,-1.0,-1.0440659126995648,-0.9011572655742359
65.00000000000058,25.532095424654447,11.4138806009126,-1.0,-1.060121085937109,-0.871845370860348
65.10000000000058,25.32390303405198,11.320810171367656,-1.0,-1.0624170873779264,-0.9307051830390741
65.20000000000057,25.125294006915773,11.232023893379399,-1.0,-1.0467739531221336,-0.8878636266153083
65.30000000000057,24.932705341679718,11.145928960960696,-1.0,-1.023486646211452,-0.8609501452530738
65.40000000000056,24.739510210481487,11.059562913697496,-1.0,-1.0044859733751246,-0.8636612962835916
65.50000000000055,24.516744625806783,10.959977676247133,-1.0,-0.99577082596699,-0.9958533242233656
65.60000000000055,24.290916908631342,10.85902354156502,-1.0,-0.9777918239915756,-1.0095423095957132
65.70000000000054,24.087343746864764,10.76801809436971,-1.0,-0.9543516752564573,-0.9100553398494964
65.80000000000054,23.892728745845268,10.681017307797447,-1.0,-0.9447781751068112,-0.8700086954275785
65.90000000000053,23.670908243177784,10.581854560276291,-1.0,-0.9318730507492694,-0.9916284209021148
66.00000000000053,23.444010683522702,10.480422162681505,-1.0,-0.9313174141405121,-1.0143249432835109
66.10000000000052,23.21752606547653,10.37917436670836,-1.0,-0.933146791783295,-1.0124789253065885
66.20000000000051,22.988235149699907,10.27667204200605,-1.0,-0.9374854929562748,-1.0250242245623835
66.30000000000051,22.78954891584625,10.187851249488535,-1.0,-0.9409437889313044,-0.8882087722370422
66.4000000000005,22.570934334773092,10.090121678746836,-1.0,-0.9348537048292134,-0.9772966394396898
66.5000000000005,22.34080419622825,9.987244187482021,-1.0,-0.934661396823123,-1.0287758937652967
66.60000000000049,22.141629396739393,9.898204986340648,-1.0,-0.9356057247822808,-0.8903928605585368
66.70000000000049,21.923298206240514,9.80060210266182,-1.0,-0.9390252457294077,-0.9760297676028022
66.80000000000048,21.694979840541578,9.698534547228563,-1.0,-0.9463239766052656,-1.020676527725556
66.90000000000047,21.49727701712054,9.610153378998552,-1.0,-0.9454567395850246,-0.8838125251694188
67.00000000000047,21.278369569518787,9.512292885058669,-1.0,-0.950794764675513,-0.9786058726701217
67.10000000000046,21.04834741312517,9.409463666188289,-1.0,-0.9556741639915884,-1.0282931693605797
67.20000000000046,20.830825411105128,9.312222522528346,-1.0,-0.9599016008590293,-0.9724123639641261
67.30000000000045,20.60823244459684,9.212714452388704,-1.0,-0.9666081761153873,-0.9950816503802307
67.40000000000045,20.396967093720047,9.118270285158733,-1.0,-0.9706472399507244,-0.9444425729903392
67.50000000000044,20.15411258960867,9.009704487200588,-1.0,-0.9751375244868846,-1.0856590149465637
67.60000000000043,19.955756668705227,8.921031357948152,-0.6115224876987213,-0.8867321381780289,-0.8867321381780289
67.70000000000043,19.75623943493975,8.831839074817935,0.0,-0.8919236819068753,-0.8919236819068753
67.80000000000042,19.596634274560525,8.760489104768123,0.0,-0.8027120314259946,-0.7135003809451139
67.90000000000042,19.5166859496826,8.724748965965476,0.0,-0.6542752639077675,-0.35740172887131316
68.00000000000041,19.505600867808557,8.719793485467017,0.0,-0.5030951609917718,-0.04955485224378492
68.1000000000004,19.555452211393302,8.742079054826197,0.0,-0.3579049475686659,0.2228559061237575
68.2000000000004,19.605213762413634,8.764324483272851,0.0,-0.2611783735379416,0.22245449661568
68.3000000000004,19.65491151559251,8.78654139150082,0.0,-0.19212870672440066,0.22216929415684486
68.40000000000039,19.70463766230111,8.8087709927864,0.0,-0.14032559027710187,0.22229622485398964
68.50000000000038,19.734742960000002,8.822229280000002,0.0,-0.10978019130360467,0.13458300048437302
68.60000000000038,19.754009212743266,8.830842075181172,0.0,-0.09018936877826472,0.08612803394979475
68.70000000000037,19.78445264,8.844451520000002,0.0,-0.06961810089131348,0.13609457797819893
68.80000000000037,19.78445264,8.844451520000002,0.0,-0.06381659248370403,0.0
68.90000000000036,19.78445264,8.844451520000002,0.0,-0.05890762383111141,0.0
69.00000000000036,19.78445264,8.844451520000002,0.0,-0.05469993641460345,0.0
69.10000000000035,19.78445264,8.844451520000002,0.0,-0.05105327398696322,0.0
69.20000000000034,19.78445264,8.844451520000002,0.0,-0.04786244436277802,0.0
69.30000000000034,19.765534287682488,8.835994250397697,0.0,-0.05002187567543423,-0.0845727766779336
69.40000000000033,19.734742960000002,8.822229280000002,0.0,-0.054890095651802334,-0.13764983525006008
69.50000000000033,19.734742960000002,8.822229280000002,0.0,-0.0520011432490759,0.0
69.60000000000032,19.715549200179176,8.813648892090832,0.0,-0.05369128413265876,-0.08580396092073306
69.70000000000032,19.68503328,8.80000704,0.0,-0.01591603258767893,-0.13641865100727837
69.80000000000031,19.68503328,8.80000704,0.0,0.01975898645957677,0.0
69.9000000000003,19.667938503070424,8.792364982443495,0.0,0.03380804048086899,-0.07642064844546899
70.0000000000003,19.635323600000007,8.777784800000003,0.0,0.02899568491893289,-0.14580196348250693
70.10000000000029,19.635323600000007,8.777784800000003,0.0,0.017852889612744997,0.0
70.20000000000029,19.61640940929768,8.769329390808217,0.0,0.00250245615421093,-0.08455417255500161
70.30000000000028,19.58561392,8.755562560000001,0.0,-0.015489430522281808,-0.13766843937300982
70.40000000000028,19.58561392,8.755562560000001,0.0,-0.026604241764981284,0.0
70.50000000000027,19.566192532331566,8.746880413224947,0.0,-0.037674469316701396,-0.0868215505500292
70.60000000000026,19.53590424,8.733340320000002,0.0,-0.048750924083089356,-0.13540106137796448
70.70000000000026,19.53590424,8.733340320000002,0.0,-0.05555565298199931,0.0
70.80000000000025,19.53590424,8.733340320000002,0.0,-0.05555565298199931,0.0
70.90000000000025,19.516659607472192,8.72473718993067,0.0,-0.05985722211896137,-0.08603138273924123
71.00000000000024,19.48619456,8.71111808,0.0,-0.06666678357839988,-0.13619122918877022
71.10000000000024,19.48619456,8.71111808,0.0,-0.06666678357839988,0.0
71.20000000000023,19.48619456,8.71111808,0.0,-0.06666678357839988,0.0
71.30000000000022,19.47116863353037,8.704400882379126,0.0,-0.06579674675795288,-0.06717204026899375
71.40000000000022,19.436484880000002,8.68889584,0.0,-0.06666678357839988,-0.15505057165899994
71.50000000000021,19.436484880000002,8.68889584,0.0,-0.06666678357839988,0.0
71.60000000000021,19.436484880000002,8.68889584,0.0,-0.06237658553236323,0.0
71.7000000000002,19.436484880000002,8.68889584,0.0,-0.05555565298199931,0.0
71.8000000000002,19.436484880000002,8.68889584,0.0,-0.05555565298199931,0.0
71.90000000000019,19.436484880000002,8.68889584,0.0,-0.051734620559725865,0.0
72.00000000000018,19.436484880000002,8.68889584,0.0,-0.04444452238560051,0.0
72.10000000000018,19.417044087703832,8.680205018570541,0.0,-0.048789937244440654,-0.08690829717680296
72.20000000000017,19.3867752,8.666673600000001,0.0,-0.05132794435425011,-0.1353143147511907
72.30000000000017,19.3867752,8.666673600000001,0.0,-0.04444452238559962,0.0
72.40000000000016,19.3867752,8.666673600000001,0.0,-0.04444452238559962,0.0
72.50000000000016,19.3867752,8.666673600000001,0.0,-0.040103444858098164,0.0
72.60000000000015,19.3867752,8.666673600000001,0.0,-0.03333339178919994,0.0
72.70000000000014,19.3867752,8.666673600000001,0.0,-0.03333339178919994,0.0
72.80000000000014,19.3867752,8.666673600000001,0.0,-0.03333339178919994,0.0
72.90000000000013,19.3867752,8.666673600000001,0.0,-0.029031822652237877,0.0
73.00000000000013,19.3867752,8.666673600000001,0.0,-0.02222226119279937,0.0
73.10000000000012,19.3867752,8.666673600000001,0.0,-0.02222226119279937,0.0
73.20000000000012,19.3867752,8.666673600000001,0.0,-0.02222226119279937,0.0
73.30000000000011,19.3867752,8.666673600000001,0.0,-0.01886365917934968,0.0
73.4000000000001,19.3867752,8.666673600000001,0.0,-0.011111130596399683,0.0
73.5000000000001,19.3867752,8.666673600000001,0.0,-0.011111130596399683,0.0
73.6000000000001,19.3867752,8.666673600000001,0.0,-0.011111130596399683,0.0
73.70000000000009,19.3867752,8.666673600000001,0.0,-0.011111130596399683,0.0
73.80000000000008,19.3867752,8.666673600000001,0.0,-0.011111130596399683,0.0
73.90000000000008,19.367357954420847,8.657993304906594,0.0,-0.015451282282194629,-0.08680303371589893
74.00000000000007,19.33706552,8.644451360000001,0.0,-0.022222261192799363,-0.13541957821209474
74.10000000000007,19.33706552,8.644451360000001,0.0,-0.017876846333959216,0.0
74.20000000000006,19.33706552,8.644451360000001,0.0,-0.011111130596399683,0.0
74.30000000000005,19.33706552,8.644451360000001,0.0,-0.011111130596399683,0.0
74.40000000000005,19.33706552,8.644451360000001,0.0,-0.011111130596399683,0.0
74.50000000000004,19.33706552,8.644451360000001,0.0,-0.011111130596399683,0.0
74.60000000000004,19.33706552,8.644451360000001,0.0,-0.011111130596399683,0.0
74.70000000000003,19.33706552,8.644451360000001,0.0,-0.011111130596399683,0.0
74.80000000000003,19.317852154614485,8.635862207609467,0.0,-0.015405710887297901,-0.0858916058179644
74.90000000000002,19.306513008315832,8.630793150024633,0.0,-0.017940242096832,-0.05069062419068196
75.00000000000001,19.31776962907348,8.63582531535069,0.0,-0.015424157034277911,0.05032170125108174
75.10000000000001,19.28735584,8.62222912,0.0,-0.02222226119280025,-0.13596208317044683
75.2,19.28735584,8.62222912,0.0,-0.02222226119280025,0.0
75.3,19.28735584,8.62222912,0.0,-0.02222226119280025,0.0
75.39999999999999,19.28735584,8.62222912,0.0,-0.02222226119280025,0.0
75.49999999999999,19.28735584,8.62222912,0.0,-0.02222226119280025,0.0
75.59999999999998,19.28735584,8.62222912,0.0,-0.02222226119280025,0.0
75.69999999999997,19.28735584,8.62222912,0.0,-0.02222226119280025,0.0
75.79999999999997,19.28735584,8.62222912,0.0,-0.02222226119280025,0.0
75.89999999999996,19.28735584,8.62222912,0.0,-0.017882109507005313,0.0
75.99999999999996,19.28735584,8.62222912,0.0,-0.011111130596400573,0.0
76.09999999999995,19.28735584,8.62222912,0.0,-0.011111130596400573,0.0
76.19999999999995,19.28735584,8.62222912,0.0,-0.011111130596400573,0.0
76.29999999999994,19.28735584,8.62222912,0.0,-0.011111130596400573,0.0
76.39999999999993,19.28735584,8.62222912,0.0,-0.011111130596400573,0.0
76.49999999999993,19.28735584,8.62222912,0.0,-0.011111130596400573,0.0
76.59999999999992,19.28735584,8.62222912,0.0,-0.011111130596400573,0.0
76.69999999999992,19.28735584,8.62222912,0.0,-0.011111130596400573,0.0
76.79999999999991,19.28735584,8.62222912,0.0,-0.006816550305502353,0.0
76.8999999999999,19.28735584,8.62222912,0.0,-0.004282019095968255,0.0
76.9999999999999,19.28735584,8.62222912,0.0,-0.006798104158522342,0.0
77.0999999999999,19.28735584,8.62222912,0.0,0.0,0.0
77.19999999999989,19.28735584,8.62222912,0.0,0.0,0.0
77.29999999999988,19.28735584,8.62222912,0.0,0.0,0.0
77.39999999999988,19.28735584,8.62222912,0.0,0.0,0.0
77.49999999999987,19.28735584,8.62222912,0.0,0.0,0.0
77.59999999999987,19.28735584,8.62222912,0.0,0.0,0.0
77.69999999999986,19.28735584,8.62222912,0.0,0.0,0.0
77.79999999999986,19.28735584,8.62222912,0.0,0.0,0.0
77.89999999999985,19.28735584,8.62222912,0.0,0.0,0.0
77.99999999999984,19.28735584,8.62222912,0.0,0.0,0.0
78.09999999999984,19.28735584,8.62222912,0.0,0.0,0.0
78.19999999999983,19.28735584,8.62222912,0.0,0.0,0.0
78.29999999999983,19.28735584,8.62222912,0.0,0.0,0.0
78.39999999999982,19.28735584,8.62222912,0.0,0.0,0.0
78.49999999999982,19.28735584,8.62222912,0.0,0.0,0.0
78.59999999999981,19.28735584,8.62222912,0.0,0.0,0.0
78.6999999999998,19.28735584,8.62222912,0.0,0.0,0.0
78.7999999999998,19.28735584,8.62222912,0.0,0.0,0.0
78.89999999999979,19.28735584,8.62222912,0.0,0.0,0.0
78.99999999999979,19.28735584,8.62222912,0.0,0.0,0.0
79.09999999999978,19.28735584,8.62222912,0.0,0.0,0.0
79.19999999999978,19.28735584,8.62222912,0.0,0.0,0.0
79.29999999999977,19.28735584,8.62222912,0.38949350494567625,0.0,0.0
79.39999999999976,19.28735584,8.62222912,1.0,0.0,0.0
79.49999999999976,19.306676819381046,8.630866380204466,1.0,0.04318634220803639,0.08637268441607278
79.59999999999975,19.39528535467934,8.670477983768341,1.0,0.16082969927362473,0.3961164134048014
79.69999999999975,19.562206815736488,8.745098636501625,1.0,0.3071740841980976,0.7462072389715163
79.79999999999974,19.778361864801838,8.841728696834783,1.0,0.4389995723321838,0.9663015248685286
79.89999999999974,20.02945618130193,8.953978024609595,1.0,0.5529153683171782,1.1224943482421503
79.99999999999973,20.296840069537154,9.073509450611457,1.0,0.6446868014090403,1.195315399960213
80.09999999999972,20.575608170602674,9.198130080762814,1.0,0.7198768874816162,1.2462074899896467
80.19999999999972,20.822889395890066,9.308674802350852,1.0,0.7627181522189928,1.1054482701180053
80.29999999999971,21.05873939551931,9.41410930315152,1.0,0.7918809383480323,1.0543460135093878
80.39999999999971,21.296041811409065,9.520193092837593,1.0,0.816331662912352,1.06083890855555
80.4999999999997,21.605156780378746,9.658380001866917,1.0,0.8634598916819524,1.3818704081475564
80.5999999999997,21.830996676667365,9.759339581105825,1.0,0.8747011888768471,1.009596755215584
80.69999999999969,22.098400232632077,9.878879799379234,1.0,0.8976084841541819,1.1954033227595355
80.79999999999968,22.31604891368778,9.976177573698104,1.0,0.9026331632834677,0.9729786710934656
80.89999999999968,22.549759612297336,10.080655720309975,1.0,0.9115174944845581,1.0447824625009146
80.99999999999967,22.76384787183304,10.176361842026806,1.0,0.9141965906851061,0.9570621298938748
81.09999999999967,22.994038059070267,10.279266177488845,1.0,0.9205770209800195,1.029044335993545
81.19999999999966,23.1959338544969,10.36952177400368,1.0,0.9196285896596822,0.9025568258936123
81.29999999999966,23.409434486726436,10.464965202518135,1.0,0.9213689199449424,0.9544351953648866
81.39999999999965,23.63708962025946,10.566736266315024,1.0,0.9722545003716581,1.0177116085343119
81.49999999999964,23.826557105185568,10.651435904740062,1.0,1.0102857257513467,0.8469971920098461
81.59999999999964,24.020608579523905,10.738184772065308,1.0,1.0338543801088527,0.8674895005549198
81.69999999999963,24.266642749553892,10.848172009452616,1.0,1.0515376892999828,1.0998734227941178
81.79999999999963,24.43762486337083,10.924607938409457,1.0,1.0414406139825023,0.7643600185189219
81.89999999999962,24.65349496451839,11.021110615484131,1.0,1.033567281123838,0.96502769106887
81.99999999999962,24.870056797345395,11.117922524631838,1.0,1.0222075118632408,0.9681200147482643
82.09999999999961,25.051481097168598,11.199026533599572,1.0,1.0004491805210671,0.8110408631461714
82.1999999999996,25.267045315550384,11.295392468690935,1.0,0.9933597805117508,0.9636602699316796
82.2999999999996,25.446903083703482,11.375796174563966,1.0,0.9808443711123083,0.8040378255205395
82.3999999999996,25.693659515790454,11.486106292339427,1.0,0.9829575371722743,1.1031022297548712
82.49999999999959,25.926222814997242,11.590071504953247,1.0,0.9658466726463306,1.0396531176286803
82.59999999999958,26.1250084142369,11.6789367178222,1.0,0.9597994836943039,0.8886529761750483
82.69999999999958,26.323477253856566,11.767660326313539,1.0,0.9443911641087505,0.8872369310484635
82.79999999999957,26.53618497976265,11.862749293591929,1.0,0.9432867595352679,0.950890579623818
82.89999999999957,26.76410601810721,11.964639227607638,1.0,0.9419926520030296,1.0189003118561495
82.99999999999956,26.957681101662615,12.051175128961022,1.0,0.9374075374486008,0.8653598388052968
83.09999999999955,27.139187582462213,12.1323158761532,1.0,0.9265257329359725,0.811408245740983
83.19999999999955,27.37757852671866,12.238886282100157,1.0,0.9346831454315486,1.065705075805134
83.29999999999954,27.586014598447658,12.332065646976757,1.0,0.9335511125330299,0.9317945373945112
83.39999999999954,27.82489217349285,12.438853596592853,1.0,0.9360595578348738,1.0678805145711858
83.49999999999953,28.02466011277025,12.528157955239454,1.0,0.9383619201413589,0.8930444381395509
83.59999999999953,28.23276576565637,12.621189609512667,1.0,0.9415033166112116,0.9303174299519715
83.69999999999952,28.47135961109807,12.727850720506108,1.0,0.9398402518282557,1.0666121271350013
83.79999999999951,28.68080065279652,12.82147934765625,1.0,0.9484366091230318,0.9362871644144446
83.89999999999951,28.918704083819907,12.927831815445728,1.0,0.9533615091771841,1.0635256921519134
83.9999999999995,29.12823299245934,13.021499722676744,1.0,0.95178950671966,0.9366799655977818
84.0999999999995,29.367256338613124,13.128352837881518,1.0,0.964664072116323,1.0685321710794349
84.19999999999949,29.575156683720312,13.221292711263418,1.0,0.9629510396279162,0.9293996201635432
84.29999999999949,29.81426383215056,13.328183289479425,1.0,0.9761944884293408,1.0689068015490288
84.39999999999948,30.033022381231085,13.425977219750534,1.0,0.969936388708976,0.9779402353475782
84.49999999999947,30.288828090861525,13.540332731046885,1.0,0.9751315430047264,1.1435562035436886
84.59999999999947,30.460581707803,13.617113553143135,1.0,0.9690893418560828,0.7678089532021789
84.69999999999946,30.66849018297302,13.710057060992355,1.0,0.9711992935472302,0.929435964871413
84.79999999999946,30.90816299608541,13.817200514228398,1.0,0.9772265422740893,1.071435554161001
84.89999999999945,31.11600804517364,13.910115668050558,1.0,0.9727391478978022,0.9291524243304029
84.99999999999945,31.355242669011563,14.017063232936032,1.0,0.9829449893968956,1.069476668787165
85.09999999999944,31.563721578338054,14.110261747953459,1.0,0.9889738790591174,0.9319860389854191
85.19999999999943,31.802933957630096,14.217199368626108,1.0,0.989157486597065,1.069377226564091
85.29999999999943,32.00931658683134,14.309460761536725,1.0,0.9886985001763502,0.9226148089802136
85.39999999999942,32.24792832147009,14.416129869725687,1.0,0.9886390794061148,1.0666920991664777
85.49999999999942,32.45798416550768,14.510033338418422,1.0,0.990938636622211,0.9390355824614708
85.59999999999941,32.69689021855504,14.616834018854732,1.0,0.9978231562693487,1.0680078228947278
85.6999999999994,32.90472353435149,14.709743927420316,1.0,0.99094754849833,0.9290999717146227
85.7999999999994,33.145041930867514,14.817175982581286,1.0,0.9978492690857376,1.0743215761625968
85.8999999999994,33.350849353989545,14.909180235080989,1.0,0.9906751545990812,0.9200434024187852
85.99999999999939,33.591536429314196,15.01677710459941,1.0,0.9976396423846369,1.075969721308897
86.09999999999938,33.809554849737125,15.114240167388372,1.0,0.9929446116992008,0.9746315573707119
86.19999999999938,34.06362640637826,15.227820442072355,1.0,1.0032648221923621,1.1358038300267703
86.29999999999937,34.24740670478843,15.30997767781683,1.0,0.9908981391628086,0.8215731409579544
86.39999999999937,34.485975266051135,15.416627485758351,1.0,0.9953260822208299,1.0664990965080048
86.49999999999936,34.704986059867856,15.51453417964143,1.0,0.9871016656707792,0.9790678725426745
86.59999999999935,34.95994778179482,15.628512394256253,1.0,1.0057003796671815,1.1397832331302273
86.69999999999935,35.14136400376759,15.709612792097724,1.0,0.9997788190160662,0.8110047518491128
86.79999999999934,35.38113059190697,15.816798166568336,1.0,0.9997997796533404,1.0718547669064837
86.89999999999934,35.58944150536104,15.909921580627643,1.0,0.9999039098712199,0.9312350286879918
86.99999999999933,35.828429825393734,16.016759037737874,1.0,0.9998488559310953,1.0683755899846712
87.09999999999933,36.03775705305046,16.110336785402364,1.0,1.0000384724354592,0.9357783690726976
87.19999999999932,36.276506196219536,16.217067320768866,0.80813859483942,1.0673063715276945,1.0673063715276945
87.29999999999932,36.48428286489351,16.309951905776725,0.0,0.9288467358958638,0.9288467358958638
87.39999999999931,36.70450983290731,16.40840227877601,0.0,0.9566757023927629,0.984504668889662
87.4999999999993,36.794587389923116,16.44867059453702,0.0,0.7720116488081968,0.4026835416390644
87.5999999999993,36.82561793646173,16.4625425054508,0.0,0.6136885469638375,0.13871924143075925
87.69999999999929,36.77624230392907,16.440469598196263,0.0,0.4468049809612283,-0.22072928304920847
87.79999999999929,36.72619594090511,16.418096847250258,0.0,0.33504953033045176,-0.22372772282343084
87.89999999999928,36.67642375100049,16.395846662791495,0.0,0.255399303600084,-0.2225020567821228
87.99999999999928,36.62653980712449,16.373546519781947,0.0,0.19559918530427028,-0.22300164276642556
88.09999999999927,36.57678512197699,16.351304160658486,0.0,0.1491521865644102,-0.22242380335447037
88.19999999999926,36.536614799999995,16.3333464,0.0,0.11627919012361132,-0.17957777784357873
88.29999999999926,36.536614799999995,16.3333464,0.0,0.10570835465782848,0.0
88.39999999999925,36.536614799999995,16.3333464,0.0,0.09689932510300943,0.0
88.49999999999925,36.536614799999995,16.3333464,0.0,0.0894455308643164,0.0
88.59999999999924,36.536614799999995,16.3333464,0.0,0.08305656437400809,0.0
88.69999999999924,36.536614799999995,16.3333464,0.0,0.07751946008240755,0.0
88.79999999999923,36.536614799999995,16.3333464,0.0,0.07267449382725708,0.0
88.89999999999922,36.546200338431696,16.337631523854316,0.0,0.07092018709679072,0.042851279409329125
88.99999999999922,36.58632448,16.35556864,0.0,0.07694525073134026,0.1793713325186823
89.09999999999921,36.58632448,16.35556864,0.0,0.07289550069284867,0.0
89.1999999999992,36.595690023914784,16.359755417396375,0.0,0.07134411635280605,0.04186781389199621
89.2999999999992,36.63603416000001,16.377790880000003,0.0,0.0339195194598136,0.18035479803601523
89.3999999999992,36.63603416000001,16.377790880000003,0.0,-0.01530571398466952,0.0
89.49999999999919,36.63603416000001,16.377790880000003,0.0,-0.03543989106662272,0.0
89.59999999999918,36.63603416000001,16.377790880000003,0.0,-0.0423758531381607,0.0
89.69999999999918,36.6455405424336,16.382040617917674,0.0,-0.02921451800042959,0.0424974197054135
89.79999999999917,36.68574384000001,16.400013120000004,0.0,-0.00904187224812816,0.17972519222259795
89.89999999999917,36.694797538093034,16.404060489685563,0.0,0.004106917363695339,0.04047373545434721
89.99999999999916,36.73545352,16.422235360000002,0.0,0.024344443325698056,0.1817488764736287
90.09999999999916,36.73545352,16.422235360000002,0.0,0.03546563349342157,0.0
90.19999999999915,36.73545352,16.422235360000002,0.0,0.04444452238560051,0.0
90.29999999999914,36.73545352,16.422235360000002,0.0,0.04444452238560051,0.0
90.39999999999914,36.745116363382564,16.426555042297892,0.0,0.04660436559433247,0.04319686417463917
90.49999999999913,36.7851632,16.444457600000003,0.0,0.05555565298200108,0.17902574775337227
90.59999999999913,36.7851632,16.444457600000003,0.0,0.05555565298200108,0.0
90.69999999999912,36.7851632,16.444457600000003,0.0,0.05555565298200108,0.0
90.79999999999912,36.794605328922366,16.448678613996144,0.0,0.05766616199280957,0.042210180216169756
90.89999999999911,36.83487288,16.46667984,0.0,0.06452421960793342,0.18001243171180617
90.9999999999991,36.83487288,16.46667984,0.0,0.05555565298199931,0.0
91.0999999999991,36.83487288,16.46667984,0.0,0.05555565298199931,0.0
91.1999999999991,36.83487288,16.46667984,0.0,0.0534622622873995,0.0
91.29999999999909,36.844303888418466,16.470895882680566,0.0,0.04655254573624867,0.04216046701299869
91.39999999999908,36.88458256,16.488902080000003,0.0,0.055555652981999305,0.18006214491501274
91.49999999999908,36.88458256,16.488902080000003,0.0,0.055555652981999305,0.0
91.59999999999907,36.88458256,16.488902080000003,0.0,0.055555652981999305,0.0
91.69999999999906,36.88458256,16.488902080000003,0.0,0.05343078199672863,0.0
91.79999999999906,36.88458256,16.488902080000003,0.0,0.044444522385598734,0.0
91.89999999999905,36.88458256,16.488902080000003,0.0,0.04242083561288137,0.0
91.99999999999905,36.88458256,16.488902080000003,0.0,0.03333339178919994,0.0
92.09999999999904,36.88458256,16.488902080000003,0.0,0.03333339178919994,0.0
92.19999999999904,36.88458256,16.488902080000003,0.0,0.03333339178919994,0.0
92.29999999999903,36.89395776386776,16.49309317578654,0.0,0.035428941680941205,0.04191099783482533
92.39999999999903,36.93429224,16.51112432,0.0,0.04228467917686678,0.18031161409315058
92.49999999999902,36.93429224,16.51112432,0.0,0.03333339178919816,0.0
92.59999999999901,36.93429224,16.51112432,0.0,0.03333339178919816,0.0
92.69999999999901,36.93429224,16.51112432,0.0,0.03333339178919816,0.0
92.799999999999,36.93429224,16.51112432,0.0,0.031222882778389676,0.0
92.899999999999,36.93429224,16.51112432,0.0,0.02222226119279937,0.0
92.99999999999899,36.93429224,16.51112432,0.0,0.02222226119279937,0.0
93.09999999999899,36.93429224,16.51112432,0.0,0.02222226119279937,0.0
93.19999999999898,36.93429224,16.51112432,0.0,0.02222226119279937,0.0
93.29999999999897,36.93429224,16.51112432,0.0,0.020114237842149434,0.0
93.39999999999897,36.93429224,16.51112432,0.0,0.011111130596398795,0.0
93.49999999999896,36.94395003532972,16.515441745613845,0.0,0.013269845462032198,0.043174297312668086
93.59999999999896,36.984001920000004,16.533346560000002,0.0,0.022222261192799363,0.17904831461534335
93.69999999999895,36.984001920000004,16.533346560000002,0.0,0.022222261192799363,0.0
93.79999999999895,36.984001920000004,16.533346560000002,0.0,0.022222261192799363,0.0
93.89999999999894,36.984001920000004,16.533346560000002,0.0,0.022222261192799363,0.0
93.99999999999893,36.984001920000004,16.533346560000002,0.0,0.022222261192799363,0.0
94.09999999999893,36.984001920000004,16.533346560000002,0.0,0.022222261192799363,0.0
94.19999999999892,36.984001920000004,16.533346560000002,0.0,0.022222261192799363,0.0
94.29999999999892,36.984001920000004,16.533346560000002,0.0,0.0201267113010581,0.0
94.39999999999891,36.984001920000004,16.533346560000002,0.0,0.011111130596400572,0.0
94.4999999999989,36.984001920000004,16.533346560000002,0.0,0.011111130596400572,0.0
94.5999999999989,36.984001920000004,16.533346560000002,0.0,0.011111130596400572,0.0
94.6999999999989,36.984001920000004,16.533346560000002,0.0,0.011111130596400572,0.0
94.79999999999889,36.984001920000004,16.533346560000002,0.0,0.011111130596400572,0.0
94.89999999999888,36.984001920000004,16.533346560000002,0.0,0.011111130596400572,0.0
94.99999999999888,36.984001920000004,16.533346560000002,0.0,0.011111130596400572,0.0
95.09999999999887,36.984001920000004,16.533346560000002,0.0,0.011111130596400572,0.0
95.19999999999887,36.984001920000004,16.533346560000002,0.0,0.011111130596400572,0.0
95.29999999999886,36.984001920000004,16.533346560000002,0.0,0.011111130596400572,0.0
95.39999999999885,36.984001920000004,16.533346560000002,0.0,0.011111130596400572,0.0
95.49999999999885,36.984001920000004,16.533346560000002,0.0,0.008952415730767167,0.0
95.59999999999884,36.984001920000004,16.533346560000002,0.0,0.0,0.0
95.69999999999884,36.984001920000004,16.533346560000002,0.0,0.0,0.0
95.79999999999883,36.984001920000004,16.533346560000002,0.0,0.0,0.0
95.89999999999883,36.984001920000004,16.533346560000002,-0.168807366281726,0.0,0.0
95.99999999999882,36.984001920000004,16.533346560000002,-1.0,-1.0,0.0
96.09999999999881,36.974890002523004,16.52927316389216,-1.0,-1.0,-0.040733999925385844
96.19999999999881,36.914591759663494,16.5023174075002,-1.0,-1.0,-0.2695578209899686
96.2999999999988,36.750178569760735,16.42881805354772,-1.0,-1.0,-0.7349942404699451
96.3999999999988,36.48105019444668,16.30850677117698,-1.0,-1.0,-1.2031139710862868
96.49999999999879,36.18209264453013,16.17486063979859,-1.0,-1.0,-1.336462588333924
96.59999999999879,35.89180715758787,16.045091271753016,-1.0,-1.0,-1.297694918034072
96.69999999999878,35.637734952466,15.931510707171883,-1.0,-0.7522955334800769,-1.1358067290010334
96.79999999999878,35.35218892754707,15.803860070579686,-1.0,-0.8105413167927867,-1.2765075832944646
96.89999999999877,35.04808972271266,15.66791541123689,-1.0,-0.8654319741033575,-1.3594478898984947
96.99999999999876,34.799675400351646,15.556864149371117,-1.0,-0.8877121289781528,-1.1105136777261055
97.09999999999876,34.5543974925909,15.447214991843708,-1.0,-0.905110503310885,-1.0964926209709407
97.19999999999875,34.324748458956876,15.344552573956822,-1.0,-0.91445778443581,-1.0266251579349104
97.29999999999875,34.1162918412983,15.251364024217674,-1.0,-0.9157026845552231,-0.9318863861075926
97.39999999999874,33.870064459138256,15.14129041318392,-1.0,-0.9280383162570277,-1.100737160082291
97.49999999999874,33.7054565540484,15.067704013657634,-1.0,-0.9160274650558463,-0.7358646970381262
97.59999999999873,33.47273886431219,14.96366978222497,-1.0,-0.9233401616099335,-1.0403433064753282
97.69999999999872,33.30624536576834,14.889240446065877,-1.0,-0.9133931565985526,-0.7442940714050773
97.79999999999872,33.10856927564018,14.800871228700371,-1.0,-0.9118299913254913,-0.8836930164103862
97.89999999999871,32.86172262820028,14.690520781008802,-1.0,-0.9214137682242456,-1.1035055293005767
97.9999999999987,32.66211731676392,14.601289123592908,-1.0,-0.9660296394812031,-0.8923174251391505
98.0999999999987,32.46412451441451,14.512778323038946,-1.0,-1.0082483819671937,-0.8851088496451981
98.1999999999987,32.263905646237255,14.423272380913323,-1.0,-1.0395235046603064,-0.8950602748522237
98.29999999999869,32.065304055929886,14.334489427488718,-1.0,-1.0471653116841633,-0.8878303809470834
98.39999999999868,31.8674297769519,14.2460316116815,-1.0,-1.0312385632134715,-0.8845790016724482
98.49999999999868,31.66781643798464,14.156796365634216,-1.0,-1.0090330993711392,-0.8923533114872771
98.59999999999867,31.46937066395582,14.068083068396048,-1.0,-0.9885050443903568,-0.8871338184184235
98.69999999999867,31.26972982476548,13.978835528635399,-1.0,-0.9763385203772132,-0.8924762487381657
98.79999999999866,31.072071729615022,13.890474355753652,-1.0,-0.9566937697872945,-0.8836125714960856
98.89999999999866,30.822269772289985,13.778802764865384,-1.0,-0.9445572239857182,-1.1167169738669718
98.99999999999865,30.623233593938508,13.689825532986012,-1.0,-0.9335201984667899,-0.8897731673475416
99.09999999999864,30.425082147634267,13.601243812159808,-1.0,-0.9229864700704409,-0.8858180530439625
99.19999999999864,30.174749079312686,13.489334793148249,-1.0,-0.9276097750419044,-1.1190912573641825
99.29999999999863,29.97883580183679,13.401753624425055,-1.0,-0.9248060818601174,-0.8758125224718464
99.39999999999863,29.778302526152114,13.312107129411386,-1.0,-0.914592514109658,-0.8964658050731067
99.49999999999862,29.533632291458023,13.20272962635306,-1.0,-0.9324880829422222,-1.0937760736894089
99.59999999999862,29.34403078366951,13.117970074281146,-1.0,-0.9228507340709552,-0.8475963290499852
99.69999999999861,29.083214889428895,13.001374807571933,-1.0,-0.9439337194523164,-1.165953779032305
99.7999999999986,28.83453604565049,12.890205293920545,-1.0,-0.9553338784672967,-1.1116961967099943
99.8999999999986,28.63504161318994,12.801023203896989,-1.0,-0.9447496895394206,-0.8918217507430567
99.9999999999986,28.437328805947214,12.712637572494382,-1.0,-0.9443266761293604,-0.8838571569379424
100.09999999999859,28.188818273664616,12.601543300897548,-1.0,-0.9556184224194444,-1.1109437754468805
100.19999999999858,27.991873513033774,12.513501017433219,-1.0,-0.9548865923908701,-0.8804236742807364
100.29999999999858,27.739085781957577,12.40049466476648,-1.0,-0.9669983035625649,-1.1300646043809777
100.39999999999857,27.54191312666294,12.312350503158626,-1.0,-0.9668414763133211,-0.8814424566875723
100.49999999999856,27.34225417717024,12.223094867359428,-1.0,-0.9668516711990003,-0.8925572092008646
100.59999999999856,27.099856112065712,12.11473311612127,-1.0,-0.9766759075681172,-1.0836185458007588
100.69999999999855,26.89529672755748,12.02328678742243,-1.0,-0.9777753030856783,-0.9144641590893824
100.79999999999855,26.6456174409331,11.91167003530502,-1.0,-0.9894031037926444,-1.1161685856354113
100.89999999999854,26.448103436087024,11.823373276624402,-1.0,-0.9777156765428208,-0.8829684288704976
100.99999999999854,26.24883216880949,11.734290950474938,-1.0,-0.9777682237279794,-0.8908241110507172
101.09999999999853,26.001371821661085,11.623666154161318,-1.0,-0.9887897719826547,-1.1062490181374671
101.19999999999852,25.800949255309,11.534069150702598,-1.0,-0.9776337535670272,-0.895970889051633
101.29999999999852,25.553652584802627,11.423517524476205,-1.0,-0.9891189932718047,-1.105517316567397
101.39999999999851,25.35429143537651,11.334395017366463,-1.0,-0.9888569990699843,-0.8912259210366944
101.49999999999851,25.11270570377067,11.226396412098422,-1.0,-0.988167549517331,-1.0799870826363467
101.5999999999985,24.92142210750035,11.140884898357395,-1.0,-0.9885435307104513,-0.8551159529123913
101.6999999999985,24.659076473868,11.02360577619185,-1.0,-0.9888854587647053,-1.1727923401173848
101.79999999999849,24.459877540238985,10.934555786112492,-1.0,-0.9778256864312697,-0.8905007500412762
101.89999999999849,24.209934890858474,10.82282130017797,-1.0,-0.9891018951405828,-1.117345924929324
101.99999999999848,24.011393029541317,10.734065048030772,-1.0,-0.9892872056896046,-0.88756336791838
102.09999999999847,23.813650360026926,10.645666066983429,-1.0,-0.9779395495928908,-0.883990653512609
102.19999999999847,23.57442667739513,10.53872339326017,-1.0,-0.9873897537347727,-1.0694277571183712
102.29999999999846,23.315319699624773,10.422892081417334,-1.0,-0.9888022346698684,-1.1583142230828851
102.39999999999846,23.117042580028777,10.334254179540459,-1.0,-0.9890491050398131,-0.886379864086468
102.49999999999845,22.86866276266165,10.223218342804262,-1.0,-0.9999392158939313,-1.110359426283228
102.59999999999845,22.670262632629107,10.134525450280828,-1.0,-0.9901047771577177,-0.8869297710764902
102.69999999999844,22.421348506603767,10.023250755937084,-1.0,-1.00001896943508,-1.1127480046366254
102.79999999999843,22.2220370327518,9.934150455820644,-1.0,-0.9887607326979039,-0.8910038508918916
102.89999999999843,21.975385248092188,9.823887119683011,-1.0,-0.9997440319009014,-1.1026344129304506
102.99999999999842,21.77418787319185,9.733943745426622,-1.0,-1.0001745563649442,-0.8994346003315709
103.09999999999842,21.534984947447192,9.627010350872485,-1.0,-0.9983288537250037,-1.0693349653386586
103.19999999999841,21.32648150935729,9.533800870504496,-1.0,-1.0001350939022025,-0.9320956925956106
103.2999999999984,21.07812157897382,9.42277392405534,-1.0,-1.000372754240235,-1.1102705233280445
103.3999999999984,20.880089504555816,9.334245567296358,-1.0,-1.0000756787815415,-0.8852844118628226
103.4999999999984,20.632352321344772,9.223497014052006,-1.0,-1.001450654080976,-1.1074865886250416
103.59999999999839,20.432809511585006,9.134293297416615,-1.0,-1.003296757288739,-0.8920380170676512
103.69999999999838,20.185268251658318,9.023632329814467,-1.0,-0.9999876768512559,-1.1066107313677211
103.79999999999838,19.992856415975304,8.937616447366853,-0.04810459439340775,-0.860159644788295,-0.860159644788295
103.89999999999837,19.78604250236134,8.845162252858485,0.0,-0.8923512357923644,-0.924542826796434
103.99999999999837,19.63710780436319,8.778582411603372,0.0,-0.8168338396971021,-0.6657990475065777
104.09999999999836,19.635323600000007,8.777784800000003,0.0,-0.6146194106829057,-0.007976123640316454
104.19999999999835,19.635323600000007,8.777784800000003,0.0,-0.4916955285463246,0.0
104.29999999999835,19.68473229974201,8.799872489636202,0.0,-0.3729334226208003,0.22087710700682073
104.39999999999834,19.73425511710279,8.822011194469292,0.0,-0.2880304680375088,0.22138725946223994
104.49999999999834,19.782204682896047,8.843446592141408,0.0,-0.22523238688966557,0.21435418114523713
104.59999999999833,19.833904028775837,8.866558293363054,0.0,-0.17452687361003263,0.23111723262703068
104.69999999999833,19.83416232,8.866673760000001,0.0,-0.15695871950196477,0.0011546674706461922
104.79999999999832,19.83416232,8.866673760000001,0.0,-0.14268974500178613,0.0
104.89999999999831,19.883388453444606,8.88867983510807,0.0,-0.11246051950603976,0.2200609609471705
104.99999999999831,19.883872,8.888896,0.0,-0.10364342946858877,0.0021616509808231638
105.0999999999983,19.883872,8.888896,0.0,-0.09624032736368958,0.0
105.1999999999983,19.883872,8.888896,0.0,-0.08982430553944361,0.0
105.29999999999829,19.883872,8.888896,0.0,-0.08421028644322838,0.0
105.39999999999829,19.83481423858348,8.86696519400687,0.0,-0.09215722659833112,-0.21930826907997492
105.49999999999828,19.83416232,8.866673760000001,0.0,-0.08719928861220265,-0.002914342848018774
105.59999999999827,19.787134340472235,8.84565034870906,0.0,-0.09367481623284828,-0.21023431340446944
105.69999999999827,19.78445264,8.844451520000002,0.0,-0.08959049034738206,-0.011988298523524253
105.79999999999826,19.78445264,8.844451520000002,0.0,-0.04658250810796735,0.0
105.89999999999826,19.735167845253795,8.822419220914574,0.0,-0.011371526816688465,-0.22032320097085617
105.99999999999825,19.734742960000002,8.822229280000002,0.0,0.021823455010783546,-0.0018994109571375134
106.09999999999825,19.685499017756783,8.80021524363777,0.0,0.011215232514562436,-0.2201405735647386
106.19999999999824,19.68503328,8.80000704,0.0,0.011111130596398795,-0.002082038363272849
106.29999999999824,19.68503328,8.80000704,0.0,6.727524605776381e-05,0.0
106.39999999999823,19.63593918277732,8.778059990430064,0.0,-0.021975622977201233,-0.21947070500293994
106.49999999999822,19.635323600000007,8.777784800000003,0.0,-0.03283092738071489,-0.0027519069250359616
106.59999999999822,19.635323600000007,8.777784800000003,0.0,-0.04438678901206643,0.0
106.69999999999821,19.635323600000007,8.777784800000003,0.0,-0.044444522385598734,0.0
106.7999999999982,19.585943425687187,8.755709862385816,0.0,-0.05548200171885285,-0.22074958666508224
106.8999999999982,19.58561392,8.755562560000001,0.0,-0.06655870102935782,-0.001473025262929213
106.9999999999982,19.58561392,8.755562560000001,0.0,-0.06666678357839897,0.0
107.09999999999819,19.58561392,8.755562560000001,0.0,-0.06666678357839897,0.0
107.19999999999818,19.58561392,8.755562560000001,0.0,-0.06666678357839897,0.0
107.29999999999818,19.539196052699705,8.734811893581803,0.0,-0.07704212668219644,-0.20750686207594932
107.39999999999817,19.53590424,8.733340320000002,0.0,-0.06681250072079992,-0.014715749852044347
107.49999999999817,19.53590424,8.733340320000002,0.0,-0.06666678357839897,0.0
107.59999999999816,19.53590424,8.733340320000002,0.0,-0.05615506790817552,0.0
107.69999999999816,19.53590424,8.733340320000002,0.0,-0.055555652981999305,0.0
107.79999999999815,19.486780284768777,8.711379922691115,0.0,-0.06653586210798584,-0.2196041825197308
107.89999999999814,19.48619456,8.71111808,0.0,-0.05565062352985707,-0.0026184294082806482
107.99999999999814,19.48619456,8.71111808,0.0,-0.055555652982000193,0.0
108.09999999999813,19.48619456,8.71111808,0.0,-0.04454862430376326,0.0
108.19999999999813,19.48619456,8.71111808,0.0,-0.04444452238559962,0.0
108.29999999999812,19.48619456,8.71111808,0.0,-0.04444452238559962,0.0
108.39999999999812,19.436824631372136,8.689047722621895,0.0,-0.044506176348481724,-0.22070378426058201
108.49999999999811,19.436484880000002,8.68889584,0.0,-0.0444445223856005,-0.001518827667411662
108.5999999999981,19.436484880000002,8.68889584,0.0,-0.0444445223856005,0.0
108.6999999999981,19.436484880000002,8.68889584,0.0,-0.0444445223856005,0.0
108.7999999999981,19.436484880000002,8.68889584,0.0,-0.033407043052346395,0.0
108.89999999999809,19.387414878044286,8.666959561990158,0.0,-0.04430154125416382,-0.21936298929927767
108.99999999999808,19.3867752,8.666673600000001,0.0,-0.04444452238559962,-0.002859622628716012
109.09999999999808,19.3867752,8.666673600000001,0.0,-0.04444452238559962,0.0
109.19999999999807,19.3867752,8.666673600000001,0.0,-0.04444452238559962,0.0
109.29999999999806,19.3867752,8.666673600000001,0.0,-0.034069179281802156,0.0
109.39999999999806,19.3867752,8.666673600000001,0.0,-0.03333339178919993,0.0
109.49999999999805,19.3867752,8.666673600000001,0.0,-0.03333339178919993,0.0
109.59999999999805,19.3867752,8.666673600000001,0.0,-0.03333339178919993,0.0
109.69999999999804,19.3867752,8.666673600000001,0.0,-0.03333339178919993,0.0
109.79999999999804,19.3867752,8.666673600000001,0.0,-0.0223531826632134,0.0
109.89999999999803,19.3867752,8.666673600000001,0.0,-0.022222261192799367,0.0
109.99999999999802,19.3867752,8.666673600000001,0.0,-0.022222261192799367,0.0
110.09999999999802,19.3867752,8.666673600000001,0.0,-0.022222261192799367,0.0
110.19999999999801,19.3867752,8.666673600000001,0.0,-0.022222261192799367,0.0
110.29999999999801,19.3867752,8.666673600000001,0.0,-0.022222261192799367,0.0
110.399999999998,19.3867752,8.666673600000001,0.0,-0.011187071979770266,0.0
110.499999999998,19.3867752,8.666673600000001,0.0,-0.011111130596399683,0.0
110.59999999999799,19.3377755817613,8.644768786361917,0.0,-0.022063547860480814,-0.2190483452816226
110.69999999999798,19.383132156472083,8.665045012014566,0.0,-0.011925425365689067,0.20276244989583495
110.79999999999798,19.33765375062047,8.6447143229083,0.0,-0.022090779613259667,-0.203307084951412
110.89999999999797,19.33706552,8.644451360000001,0.0,-0.011254111727835484,-0.002629631590794031
110.99999999999797,19.33706552,8.644451360000001,0.0,-0.011111130596399683,0.0
111.09999999999796,19.33706552,8.644451360000001,0.0,-0.011111130596399683,0.0
111.19999999999796,19.33706552,8.644451360000001,0.0,-0.011111130596399683,0.0
111.29999999999795,19.33706552,8.644451360000001,0.0,-0.011111130596399683,0.0
111.39999999999795,19.33706552,8.644451360000001,0.0,-0.011111130596399683,0.0
111.49999999999794,19.33706552,8.644451360000001,0.0,-0.011111130596399683,0.0
111.59999999999793,19.33706552,8.644451360000001,0.0,-0.011111130596399683,0.0
111.69999999999793,19.33706552,8.644451360000001,0.0,-0.011111130596399683,0.0
111.79999999999792,19.33706552,8.644451360000001,0.0,-0.011111130596399683,0.0
111.89999999999792,19.33706552,8.644451360000001,0.0,-0.011111130596399683,0.0
111.99999999999791,19.33706552,8.644451360000001,0.0,-0.011111130596399683,0.0
112.0999999999979,19.33706552,8.644451360000001,0.0,-0.011111130596399683,0.0
112.1999999999979,19.33706552,8.644451360000001,0.0,-0.011111130596399683,0.0
112.2999999999979,19.29937164050712,8.627600669417765,0.0,-0.019536483922561028,-0.16850706652322686
112.39999999999789,19.28735584,8.62222912,0.0,-0.022222261192800255,-0.053715545404784584
112.49999999999788,19.28735584,8.62222912,0.0,-0.022222261192800255,0.0
112.59999999999788,19.326558076418593,8.639754107210353,0.0,-0.0025073419669698325,0.17525003923498586
112.69999999999787,19.30020972601141,8.627975327577241,0.0,-0.018534859894882478,-0.11778790866241796
112.79999999999787,19.28735584,8.62222912,0.0,-0.011242612175940272,-0.057462130572567896
112.89999999999786,19.28735584,8.62222912,0.0,-0.011111130596400573,0.0
112.99999999999785,19.28735584,8.62222912,0.0,-0.011111130596400573,0.0
113.09999999999785,19.28735584,8.62222912,0.0,-0.011111130596400573,0.0
113.19999999999784,19.28735584,8.62222912,0.0,-0.011111130596400573,0.0
113.29999999999784,19.28735584,8.62222912,0.0,-0.011111130596400573,0.0
113.39999999999783,19.28735584,8.62222912,0.0,-0.011111130596400573,0.0
113.49999999999783,19.28735584,8.62222912,0.0,-0.011111130596400573,0.0
113.59999999999782,19.28735584,8.62222912,0.0,-0.011111130596400573,0.0
113.69999999999781,19.28735584,8.62222912,1.1380135893111856,0.0,0.0
113.79999999999781,19.28735584,8.62222912,1.5,0.0,0.0
113.8999999999978,19.36608570513677,8.657424557955684,1.5,0.17597735760350636,0.3519547152070127
113.9999999999978,19.501703191429,8.718051066285305,1.5,0.3194067922277381,0.6062656614762015
114.09999999999779,19.73078839417709,8.820461428933317,1.5,0.49558124495639777,1.0241046031423768
114.19999999999779,20.06006313542835,8.967660572561346,1.5,0.6908635639815295,1.4719928400820566
114.29999999999778,20.445413235878146,9.139927672575256,1.5,0.8628317438192333,1.7226726430077528
114.39999999999777,20.84426008068441,9.318228363879799,1.5,0.9942855823386211,1.7830086134549468
114.49999999999777,21.280843148002585,9.513398674810801,1.5,1.1139630058714098,1.9517049706009315
114.59999999999776,21.69053485593036,9.696547459103536,1.5,1.1936881818381344,1.8314895895719308
114.69999999999776,22.073509749331805,9.867752745380603,1.5,1.2455248132056274,1.712054495513066
114.79999999999775,22.480944864032388,10.04989274111793,1.5,1.2978772569503234,1.8214016943972822
114.89999999999775,22.882237782889778,10.229286926579382,1.5,1.3392161159921656,1.7939435654524303
114.99999999999774,23.241703005653715,10.389982438035373,1.5,1.3598115414599368,1.606956647073191
115.09999999999773,23.588334111321487,10.5449405794198,1.5,1.373366637901489,1.5495828916416703
115.19999999999773,23.937334355861978,10.700957821820827,1.5,1.3858204561685943,1.5601739119080644
115.29999999999772,24.285348657839602,10.856534307969586,1.5,1.3964420742319315,1.555766345181991
115.39999999999772,24.633880105313686,11.012341979097553,1.5,1.4059500814641017,1.5580781971788273
115.49999999999771,24.981327775076654,11.167665157700059,1.5,1.4141324806774147,1.5532332673037366
115.5999999999977,25.28841210645505,11.304944289493509,1.5,1.4119566989118442,1.3727926271315734
115.6999999999977,25.627473560069888,11.456518489870133,1.5,1.4171460364308437,1.5157434492918362
115.7999999999977,25.934979169130738,11.593985949847674,1.5,1.4858798319692699,1.3746759107685234
115.89999999999769,26.233007677640604,11.727216762094871,1.5,1.53489756586198,1.3323093930612175
115.99999999999768,26.5697208945829,11.877741205584828,1.5,1.5798465763088647,1.505245870413893
116.09999999999768,26.88085684278243,12.016831574171336,1.5,1.5981865967685194,1.3909050123354705
116.19999999999767,27.173226094880413,12.14753246962554,1.5,1.5899374648146216,1.3070102010041016
116.29999999999767,27.51371885679695,12.299746522775191,1.5,1.5799109318204452,1.5221419831242227
116.39999999999766,27.811800844963788,12.433001242594765,1.5,1.557387924598347,1.3325484690129874
116.49999999999766,28.119408152479167,12.570514165899855,1.5,1.52855920329218,1.3751305444775843
116.59999999999765,28.460670074973127,12.723072064975492,1.5,1.5132637460967464,1.5255804456632576
116.69999999999764,28.7683234968684,12.860605603275838,1.5,1.4964278560524302,1.3753366946267418
116.79999999999764,29.089942123689315,13.004382153711987,1.5,1.477246115108708,1.4377668755228323
116.89999999999763,29.404147404004764,13.14484463804979,1.5,1.4577802459827836,1.4046261829339455
116.99999999999763,29.75196138854887,13.300331574193725,1.5,1.4551759558431112,1.5548708442797445
117.09999999999762,30.060087980509053,13.43807663867455,1.5,1.446569409183468,1.3774519584488039
117.19999999999762,30.39937686384609,13.589752509346976,1.5,1.4443987212490377,1.5167601532194595
117.29999999999761,30.708510376438326,13.727947708126523,1.5,1.4357080692763806,1.3819533057288453
117.3999999999976,31.044294507254694,13.878056812493977,1.5,1.432858783178833,1.5010924752278785
117.4999999999976,31.393585292962612,14.03420393856258,1.5,1.4332707573047707,1.561472749822491
117.59999999999759,31.700085387867407,14.17122189299313,1.5,1.4331401684987808,1.3701808510117763
117.69999999999759,32.03853485043674,14.32252250858926,1.5,1.4330033759780791,1.5130075988778016
117.79999999999758,32.38630151937047,14.477988292739267,1.5,1.4420025466465896,1.554659324138735
117.89999999999758,32.69603253703166,14.616450600481166,1.5,1.4446182968885144,1.3846243978997088
117.99999999999757,33.03331260089795,14.76722844750114,1.5,1.4447449987743552,1.507779908130712
118.09999999999756,33.38291581599929,14.923515242160725,1.5,1.453343220010797,1.5628694370643004
118.19999999999756,33.69161790056455,15.061517575141133,1.5,1.4569939422554987,1.3800246458981396
118.29999999999755,34.02918942507818,15.21242571687344,1.5,1.4563409859241192,1.509082856496632
118.39999999999755,34.37532828670122,15.36716380523599,1.5,1.467082680439685,1.547382359324307
118.49999999999754,34.71064580589483,15.517064315312197,1.5,1.473276479732111,1.4990065303261044
118.59999999999754,35.02958183192501,15.659641634560455,1.5,1.4682861850593052,1.4257745522071448
118.69999999999753,35.37043280668713,15.812015823358246,1.5,1.4757065173846087,1.5237433411328056
118.79999999999752,35.71850425988441,15.967617858416586,1.5,1.48161926533454,1.5560218345214618
118.89999999999752,36.06741836708355,16.123596593937815,1.5,1.489377398324985,1.5597888427428481
118.99999999999751,36.373968893375945,16.260637093240888,1.5,1.4801541711085986,1.3704062999520163
119.09999999999751,36.693074812675206,16.403290361660414,1.5,1.4826082754183652,1.4265340446441384
119.1999999999975,37.04563024456144,16.56089691677563,1.5,1.4855736204677334,1.5760670542068254
119.2999999999975,37.40521257041083,16.721644778053015,1.5,1.4968499624706109,1.6074801457863896
119.39999999999749,37.73787108349477,16.87035660471926,1.5,1.496151322953731,1.487119684890284
119.49999999999748,38.0602002286651,17.014450785630704,1.5,1.4901248446278543,1.4409431833049542
119.59999999999748,38.40297256795283,17.167683902178894,1.5,1.4982324334186736,1.5323326268281698
119.69999999999747,38.75178959596841,17.323619239373762,1.5,1.5005497964280523,1.5593548590653679
119.79999999999747,39.10002338300833,17.479293844233617,1.5,1.5006542068825497,1.5567475332286802
119.89999999999746,39.446665921934894,17.634257096747728,1.5,1.508904687136927,1.5496340029872622
119.99999999999746,39.75528691235612,17.772223177361766,0.3126492045607847,1.3796621218887168,1.3796621218887168
120.09999999999745,40.091987130964746,17.922741810070196,0.0,1.5051877625432062,1.5051877625432062
120.19999999999744,40.401907064477506,18.061288570848063,0.0,1.445328345804006,1.385468929064806
120.29999999999744,40.620379734607845,18.158954701651506,0.0,1.2891063103533786,0.9766622394521235
120.39999999999743,40.66251824,18.177792320000002,0.0,1.0139238235486976,0.18837636313465445
120.49999999999743,40.66251824,18.177792320000002,0.0,0.8111390588389581,0.0
120.59999999999742,40.54462210931269,18.12508797526866,0.0,0.5881085573755146,-0.5270439499417031
120.69999999999742,40.43485717077146,18.076018602706846,0.0,0.43399387866750017,-0.49069419358058614
120.79999999999741,40.374581294075824,18.049072844895875,0.0,0.34606241444847197,-0.26945783508472526
120.8999999999974,40.36426016000001,18.044458880000004,0.0,0.30248440251409203,-0.04613969296094751
120.9999999999974,40.325091167448406,18.02694875414444,0.0,0.25472581970814395,-0.17510142554538893
121.0999999999974,40.236093760602095,17.98716330925088,0.0,0.19540030624744906,-0.39785482835949987
121.19999999999739,40.17705387895822,17.960770091280825,0.0,0.15712257810964922,-0.2639324314061489
121.29999999999738,40.16542144,17.955569920000002,0.0,0.14103609037806294,-0.052001762400972505
121.39999999999738,40.16542144,17.955569920000002,0.0,0.130962083922487,0.0
121.49999999999737,40.16542144,17.955569920000002,0.0,0.12223127832765454,0.0
121.59999999999737,40.20489966279871,17.973218284298593,0.0,0.12562206163805023,0.17648381129398544
121.69999999999736,40.21513112,17.97779216,0.0,0.12092304628487023,0.04573880063399047
121.79999999999735,40.21513112,17.97779216,0.0,0.11420509926904411,0.0
121.89999999999735,40.25430771488318,17.995305684405647,0.0,0.11741195778533725,0.17513541107861363
121.99999999999734,40.2648408,18.0000144,0.0,0.11389571993854028,0.04708720084939782
122.09999999999734,40.30165621963531,18.01647238345185,0.0,0.04686533138508901,0.164579991474181
122.19999999999733,40.314550479999994,18.02223664,0.0,-0.01952598404546155,0.05764262045379492
122.29999999999733,40.35224771957191,18.039088832673634,0.0,-0.059932991645490694,0.16852208745154013
122.39999999999732,40.36426016000001,18.044458880000004,0.0,-0.06666678357839809,0.05370052447650684
122.49999999999731,40.40253084820348,18.061567427434284,0.0,-0.058112501703259364,0.17108563750277425
122.59999999999731,40.41396984000001,18.066681120000002,0.0,-0.029203455484914136,0.05113697442520166
122.6999999999973,40.41396984000001,18.066681120000002,0.0,-0.00466874580588484,0.0
122.7999999999973,40.45323961544624,18.084236299890772,0.0,0.017581744264706746,0.17555196632710637
122.89999999999729,40.46367952000001,18.088903360000003,0.0,0.02222226119279937,0.046670645600905065
122.99999999999729,40.50286279648247,18.106419871351104,0.0,0.0397355964981506,0.1751652805616358
123.09999999999728,40.5133892,18.1111256,0.0,0.06198120448444261,0.047057331366340105
123.19999999999727,40.5133892,18.1111256,0.0,0.07517782605475004,0.0
123.29999999999727,40.552481848268236,18.12860159686927,0.0,0.08651592094264582,0.174760135356943
123.39999999999726,40.56309888,18.133347840000003,0.0,0.08888904477119924,0.047462476571068425
123.49999999999726,40.56309888,18.133347840000003,0.0,0.08888904477119924,0.0
123.59999999999725,40.56309888,18.133347840000003,0.0,0.08006485420649997,0.0
123.69999999999725,40.60228452188742,18.15086540878291,0.0,0.08653670691928954,0.17517585488978143
123.79999999999724,40.61280856,18.15557008,0.0,0.08888904477119927,0.04704675703819447
123.89999999999723,40.61280856,18.15557008,0.0,0.08013227421726857,0.0
123.99999999999723,40.65213463461544,18.173150427899287,0.0,0.08656809650741323,0.17580364665229117
124.09999999999722,40.66251824,18.177792320000002,0.0,0.08066004519749022,0.046418965275720266
124.19999999999722,40.66251824,18.177792320000002,0.0,0.07777791417480047,0.0
124.29999999999721,40.66251824,18.177792320000002,0.0,0.06935180980222344,0.0
124.3999999999972,40.66251824,18.177792320000002,0.0,0.0666667835783981,0.0
124.4999999999972,40.66251824,18.177792320000002,0.0,0.05811250170325939,0.0
124.5999999999972,40.66251824,18.177792320000002,0.0,0.055555652981999305,0.0
124.69999999999719,40.70187097108494,18.195384584420633,0.0,0.06435179358096851,0.1759228119793841
124.79999999999718,40.71222792,18.20001456,0.0,0.0578891852620428,0.04629979994859181
124.89999999999718,40.71222792,18.20001456,0.0,0.055555652981997536,0.0
124.99999999999717,40.71222792,18.20001456,0.0,0.04679738895391574,0.0
125.09999999999717,40.75141032119048,18.21753068006014,0.0,0.05320259076801369,0.17516136764829895
125.19999999999716,40.7619376,18.222236800000005,0.0,0.05555565298200109,0.047061244279748025
125.29999999999715,40.7619376,18.222236800000005,0.0,0.04681764621415393,0.0
125.39999999999715,40.7619376,18.222236800000005,0.0,0.04444452238560051,0.0
125.49999999999714,40.7619376,18.222236800000005,0.0,0.04444452238560051,0.0
125.59999999999714,40.7619376,18.222236800000005,0.0,0.04444452238560051,0.0
125.69999999999713,40.7619376,18.222236800000005,0.0,0.035685729641111434,0.0
125.79999999999713,40.7619376,18.222236800000005,0.0,0.033333391789201715,0.0
125.89999999999712,40.80112439736075,18.23975488532628,0.0,0.04209244280562202,0.17518102032840616
125.99999999999712,40.81164728,18.244459040000002,0.0,0.03565434005298595,0.04704159159956977
126.09999999999711,40.81164728,18.244459040000002,0.0,0.033333391789199945,0.0
126.1999999999971,40.81164728,18.244459040000002,0.0,0.033333391789199945,0.0
126.2999999999971,40.81164728,18.244459040000002,0.0,0.033333391789199945,0.0
126.39999999999709,40.81164728,18.244459040000002,0.0,0.033333391789199945,0.0
126.49999999999709,40.81164728,18.244459040000002,0.0,0.033333391789199945,0.0
126.59999999999708,40.81164728,18.244459040000002,0.0,0.033333391789199945,0.0
126.69999999999708,40.81164728,18.244459040000002,0.0,0.024537251190230737,0.0
126.79999999999707,40.81164728,18.244459040000002,0.0,0.022222261192801147,0.0
126.89999999999706,40.850847862601206,18.26198328788701,0.0,0.030984393492525075,0.17524264599447856
126.99999999999706,40.86135696,18.266681280000004,0.0,0.033333391789201715,0.046979965933532875
127.09999999999705,40.86135696,18.266681280000004,0.0,0.024575323406786767,0.0
127.19999999999705,40.86135696,18.266681280000004,0.0,0.022222261192799367,0.0
127.29999999999704,40.86135696,18.266681280000004,0.0,0.022222261192799367,0.0
127.39999999999704,40.86135696,18.266681280000004,0.0,0.022222261192799367,0.0
127.49999999999703,40.86135696,18.266681280000004,0.0,0.022222261192799367,0.0
127.59999999999702,40.86135696,18.266681280000004,0.0,0.022222261192799367,0.0
127.69999999999702,40.86135696,18.266681280000004,0.0,0.022222261192799367,0.0
127.79999999999701,40.86135696,18.266681280000004,0.0,0.022222261192799367,0.0
127.89999999999701,40.86135696,18.266681280000004,0.0,0.013463210176379059,0.0
127.999999999997,40.86135696,18.266681280000004,0.0,0.011111130596400572,0.0
128.099999999997,40.86135696,18.266681280000004,0.0,0.011111130596400572,0.0
128.199999999997,40.86135696,18.266681280000004,0.0,0.011111130596400572,0.0
128.299999999997,40.86135696,18.266681280000004,0.0,0.011111130596400572,0.0
128.399999999997,40.86135696,18.266681280000004,0.0,0.011111130596400572,0.0
128.499999999997,40.86135696,18.266681280000004,0.0,0.011111130596400572,0.0
128.59999999999698,40.900797731162555,18.28431290190059,0.0,0.019926949954114894,0.17631638715428646
128.69999999999698,40.91106664,18.28890352,0.0,0.022222261192799367,0.04590622477368946
128.79999999999697,40.91106664,18.28890352,0.0,0.022222261192799367,0.0
128.89999999999696,40.91106664,18.28890352,0.0,0.01346012889307544,0.0
128.99999999999696,40.91106664,18.28890352,0.0,0.011111130596398797,0.0
129.09999999999695,40.91106664,18.28890352,0.0,0.011111130596398797,0.0
129.19999999999695,40.91106664,18.28890352,0.0,0.011111130596398797,0.0
129.29999999999694,40.91106664,18.28890352,0.0,0.011111130596398797,0.0
129.39999999999694,40.91106664,18.28890352,0.0,0.011111130596398797,0.0
129.49999999999693,40.91106664,18.28890352,0.0,0.011111130596398797,0.0
129.59999999999692,40.91106664,18.28890352,0.0,0.011111130596398797,0.0
129.69999999999692,40.91106664,18.28890352,0.0,0.011111130596398797,0.0
129.7999999999969,40.91106664,18.28890352,0.0,0.011111130596398797,0.0
129.8999999999969,40.91106664,18.28890352,0.0,0.011111130596398797,0.0
129.9999999999969,40.91106664,18.28890352,0.0,0.011111130596398797,0.0
130.0999999999969,40.91106664,18.28890352,0.0,0.011111130596398797,0.0
130.1999999999969,40.91106664,18.28890352,0.0,0.011111130596398797,0.0
130.29999999999688,40.91106664,18.28890352,0.0,0.011111130596398797,0.0
130.39999999999688,40.91106664,18.28890352,0.0,0.011111130596398797,0.0
130.49999999999687,40.91106664,18.28890352,0.0,0.011111130596398797,0.0
130.59999999999687,40.91106664,18.28890352,0.0,0.002295311238684473,0.0
130.69999999999686,40.91106664,18.28890352,0.0,0.0,0.0
130.79999999999686,40.91106664,18.28890352,-0.7835885280869661,0.0,0.0
130.89999999999685,40.91106664,18.28890352,-1.0,-1.0,0.0
130.99999999999685,40.87163098820806,18.27127418666539,-1.0,-1.0,-0.1762935014726937
131.09999999999684,40.783017393264004,18.231660321234962,-1.0,-1.0,-0.39613903209190837
131.19999999999683,40.56533104006524,18.134345705942575,-1.0,-1.0,-0.9731470809892444
131.29999999999683,40.27725051417029,18.005562044777108,-1.0,-1.0,-1.2878378398325474
131.39999999999682,40.02805606563567,17.89416203491979,-1.0,-1.0,-1.1140011609674603
131.49999999999682,39.73469271938258,17.763016739121483,-1.0,-0.7512675462910193,-1.3114542086832817
131.5999999999968,39.433660615647966,17.628443198175425,-1.0,-0.8255761896115287,-1.345736692855094
131.6999999999968,39.17287290407361,17.511860530259312,-1.0,-0.8633819230970422,-1.1658277909811499
131.7999999999968,38.92431743839056,17.40074617161286,-1.0,-0.8881581954008027,-1.1111446461346466
131.8999999999968,38.63732214085611,17.27244765147187,-1.0,-0.9240516708153728,-1.2829864249610736
131.9999999999968,38.41803647210663,17.174418077362535,-1.0,-0.9287387545788522,-0.9802966759771267
132.09999999999678,38.180493086449005,17.06822656443193,-1.0,-0.9389831689980319,-1.0619161420281877
132.19999999999678,37.931855955624975,16.95707569816035,-1.0,-0.951306494264894,-1.1115097227341026
132.29999999999677,37.72130044510333,16.86294885831478,-1.0,-0.9506373477219034,-0.9412692961200361
132.39999999999677,37.52278740390026,16.774205489925677,-1.0,-0.946687171627694,-0.8874345302145513
132.49999999999676,37.323929790187286,16.685308083670858,-1.0,-0.943292332728461,-0.8889749103407334
132.59999999999675,37.13293238604534,16.599924509400832,-1.0,-0.9383225674092271,-0.85383655698225
132.69999999999675,36.92858404474948,16.50857252556431,-1.0,-0.9370172064701335,-0.9135207095664493
132.79999999999674,36.69572684199471,16.404475926162643,-1.0,-0.9422146954846349,-1.0409669867601599
132.89999999999674,36.48096412648967,16.308468295314793,-1.0,-0.9902185566886097,-0.9600772240794961
132.99999999999673,36.28012643840168,16.218685715629377,-1.0,-1.0262952142693937,-0.8978266530883766
133.09999999999673,36.08166382623956,16.12996489106375,-1.0,-1.050848717253038,-0.8872090917647921
133.19999999999672,35.88318343741295,16.041236119609213,-1.0,-1.0465557912400598,-0.8872885607296844
133.29999999999671,35.68318251672913,15.95182760883914,-1.0,-1.0268681972668094,-0.8940859603675387
133.3999999999967,35.4845889491713,15.863048241908466,-1.0,-1.0155578650171155,-0.8877945159735771
133.4999999999967,35.2467491850402,15.756724235798096,-1.0,-1.0031472083374215,-1.063241075089404
133.5999999999967,35.0379844524783,15.663397946219758,-1.0,-0.9825235629853208,-0.9332637858130785
133.6999999999967,34.83788776594554,15.573946624237081,-1.0,-0.9689578770813568,-0.8945140729018706
133.7999999999967,34.64010704700278,15.485530633554411,-1.0,-0.9576086822760292,-0.8841607500280948
133.89999999999668,34.40216118766818,15.37915919859165,-1.0,-0.9466451292312577,-1.063715364065643
133.99999999999667,34.19243908077854,15.285404923919048,-1.0,-0.9445074774742668,-0.9375436408373075
134.09999999999667,33.9941318404214,15.196753556842173,-1.0,-0.9357373961836007,-0.8865145162148679
134.19999999999666,33.755741798128604,15.09018355410949,-1.0,-0.9334469622298227,-1.0657010436585446
134.29999999999666,33.546615396569635,14.99669558384334,-1.0,-0.9331275271354766,-0.9348805942331091
134.39999999999665,33.34789528689578,14.907859647462365,-1.0,-0.9331738111755528,-0.8883602110160757
134.49999999999665,33.14792887988208,14.8184665657005,-1.0,-0.9334216491654317,-0.8939316701383166
134.59999999999664,32.91002092244569,14.712112074421109,-1.0,-0.9439071176698371,-1.063545927070354
134.69999999999663,32.7004264248171,14.618414846255854,-1.0,-0.9450797409525042,-0.9369731752197963
134.79999999999663,32.46224325241295,14.511937322740783,-1.0,-0.9462702041445201,-1.0647762506004752
134.89999999999662,32.25306843927025,14.418427710536237,-1.0,-0.9450211936317183,-0.9350970138234633
134.99999999999662,32.05384247653631,14.32936563735241,-1.0,-0.9446609400373595,-0.8906215812011996
135.0999999999966,31.81673338031472,14.223368269386667,-1.0,-0.9532992199755235,-1.0599746905280738
135.1999999999966,31.607927040270397,14.130023379578756,-1.0,-0.9556072813533494,-0.9334497882861987
135.2999999999966,31.36976364701701,14.023554698145057,-1.0,-0.9641373748200935,-1.0646878297024218
135.3999999999966,31.159936353278205,13.929753400691235,-1.0,-0.9666483424763129,-0.9380138690979603
135.4999999999966,30.92240056992776,13.823565286299802,-1.0,-0.9665803965520462,-1.061882156604067
135.59999999999658,30.712021651127174,13.72951739010479,-1.0,-0.9669412002044722,-0.9404798588615996
135.69999999999658,30.474809229086002,13.623473831313422,-1.0,-0.9752373265206202,-1.0604365992248328
135.79999999999657,30.265972863980252,13.53011551908716,-1.0,-0.9777084896491015,-0.933584012597724
135.89999999999657,30.067686054512507,13.441473285445209,-1.0,-0.9688438805347456,-0.8864231817785253
135.99999999999656,29.833337951175196,13.336710193107733,-1.0,-0.9743482946166016,-1.0476319224744224
136.09999999999656,29.61121880337782,13.2374139391196,-1.0,-0.979670743148113,-0.9929634868451003
136.19999999999655,29.34344296263127,13.11770729447269,-1.0,-0.9862390703692718,-1.197067588081722
136.29999999999654,29.147635966507867,13.030173637818022,-1.0,-0.9832619107242897,-0.8753374013334695
136.39999999999654,28.97174599380758,12.951543697191989,-1.0,-0.978158907980216,-0.7863001561345974
136.49999999999653,28.74375362056834,12.849621873589584,-1.0,-0.9844232848746616,-1.0192192080272302
136.59999999999653,28.48634118472459,12.734548090610001,-1.0,-0.9887829348824433,-1.1507389272259825
136.69999999999652,28.237563891585108,12.623334566107411,-1.0,-0.9975410914035399,-1.1121363056417313
136.79999999999652,28.054820452629144,12.54164084852756,-1.0,-0.9851491766180789,-0.8169379548912568
136.8999999999965,27.840027516078077,12.445619707648309,-1.0,-0.9864049421530232,-0.9602123245223495
136.9999999999965,27.620031975088207,12.347272791900576,-1.0,-0.9910473678623383,-0.9834700953875012
137.0999999999965,27.393529859417235,12.246017173780562,-1.0,-0.9886764906784288,-1.0125571468498842
137.1999999999965,27.173993681962862,12.147875612135554,-1.0,-0.991074828884211,-0.9814165524018384
137.2999999999965,26.950488114596254,12.047959572455618,-1.0,-0.9877985048827836,-0.9991613496738784
137.39999999999648,26.72919246659117,11.949031456223032,-1.0,-0.9903619167168252,-0.9892821057787884
137.49999999999648,26.49706385238057,11.845260565405484,-1.0,-0.98915330377726,-1.0377098978127628
137.59999999999647,26.27837735762739,11.747498846336603,-1.0,-0.9910102169850854,-0.9776181230181061
137.69999999999646,26.051043729711807,11.645871508570382,-1.0,-0.9888021043666914,-1.0162743468569522
137.79999999999646,25.8342920812975,11.548974744168392,-1.0,-0.9905713321418217,-0.9689685681003348
137.89999999999645,25.602885691644314,11.445526716975163,-1.0,-0.9979742359774203,-1.0344812584904992
137.99999999999645,25.385265966263034,11.348241887015348,-1.0,-0.9942351012226724,-0.9728492273794699
138.09999999999644,25.156409557260112,11.24593380443664,-1.0,-0.9957410169541131,-1.0230818014739103
138.19999999999644,24.936236928722256,11.147507723383633,-1.0,-0.9851007250097885,-0.9842617491952285
138.29999999999643,24.70838009519842,11.045646491522822,-1.0,-0.9922645194447872,-1.0186132900334428
138.39999999999642,24.4602759134607,10.934733875075095,-1.0,-1.0084058727492284,-1.1091272222234199
138.49999999999642,24.24408325357559,10.838087001182418,-1.0,-1.0057683953790701,-0.9664696606240641
138.5999999999964,24.041754209345882,10.747637724907793,-1.0,-0.9934561302847001,-0.9044936253385806
138.6999999999964,23.813811069106784,10.645737910450189,-1.0,-0.9887992708210801,-1.0189991163693344
138.7999999999964,23.5939382204449,10.54744584314161,-1.0,-0.9970984536001616,-0.9829216104728847
138.8999999999964,23.365960500736815,10.445530570261038,-1.0,-1.0000455224113654,-1.0191537007464233
138.9999999999964,23.147090535444796,10.347686832431487,-1.0,-0.9997939332123401,-0.9784383114070013
139.09999999999638,22.918937215150727,10.24569305897787,-1.0,-1.0001630112311215,-1.0199387072255097
139.19999999999638,22.699487441519114,10.14759012334064,-1.0,-1.0001436982088145,-0.9810302919557002
139.29999999999637,22.470583979900834,10.045261006337428,-1.0,-1.0013502380210983,-1.0232921459195545
139.39999999999637,22.251757293977047,9.947436616138114,-1.0,-1.0007983744781648,-0.978244834920113
139.49999999999636,22.023240724335846,9.84528045551621,-1.0,-0.9999910086103784,-1.021562580457037
139.59999999999636,21.774387341598523,9.734032915882066,-1.0,-1.0067339253235563,-1.1124764572816663
139.69999999999635,21.55865524108148,9.637591930677697,-1.0,-1.0041407465695824,-0.964410771777474
139.79999999999634,21.356570556514278,9.547251893067786,-1.0,-1.000862380047049,-0.9034012376496683
139.89999999999634,21.133483117088584,9.44752277350992,-1.0,-0.9990029244560524,-0.9972921466705641
139.99999999999633,20.883951824102585,9.335972180542008,-1.0,-1.0061358127625535,-1.1155069935094932
140.09999999999633,20.66138512311031,9.236475852151672,-1.0,-1.0047299343276177,-0.9949642327751907
140.19999999999632,20.43782845052311,9.136536966368576,-1.0,-1.0054863374140242,-0.9993898109233599
140.29999999999632,20.217214677621225,9.037913675920294,-1.0,-1.0038673651637875,-0.9862338450287101
140.3999999999963,19.986106145538415,8.934598803123047,-1.0,-1.0000684897156575,-1.033149713260817
140.4999999999963,19.766161939312273,8.83627483609355,-1.0,-1.0009070370837683,-0.9832406079862855
140.5999999999963,19.53844474467924,8.734476028471734,-1.0,-1.0065818081692472,-1.0179890470481612
140.6999999999963,19.319767724525164,8.636718544932338,-1.0,-1.004510640734924,-0.9775757676828681
140.7999999999963,19.091121291704727,8.534504330210384,-1.0,-1.006471716311839,-1.0221431220111834
140.89999999999628,18.87205479423176,8.436572734537194,-1.0,-1.004479875808581,-0.979316890681265
140.99999999999628,18.644400086584998,8.33480186112871,-1.0,-1.0064434454706532,-1.0177097046484413
141.09999999999627,18.424175414862976,8.236352514664844,-1.0,-1.004671230285662,-0.9844944035256877
141.19999999999627,18.196071897846668,8.134381005293218,-1.0,-1.0066055189975416,-1.0197160661932871
141.29999999999626,17.947133175890674,8.023095315572435,-1.0,-1.0110838096271577,-1.1128579585118763
141.39999999999625,17.728100413047382,7.925178800644827,-1.0,-1.0111298720352333,-0.9791660830816316
141.49999999999625,17.501069961712503,7.8236869950875985,-1.0,-1.0107976941861059,-1.0149190234744885
141.59999999999624,17.28197275001982,7.725741668914393,-1.0,-1.0041465811126407,-0.9794541958123613
141.69999999999624,17.052820951559738,7.623301535286264,-1.0,-1.0071461581851406,-1.024402313227471
141.79999999999623,16.83370632746208,7.525348425062906,-1.0,-1.0109526981220633,-0.9795320363881247
141.89999999999623,16.622043017895887,7.430726354183062,-1.0,-1.0083991713478195,-0.9462216111856836
141.99999999999622,16.397790986852208,7.330476615010731,-1.0,-1.0027487390613568,-1.002498347780238
142.09999999999621,16.15898850729264,7.223722236117771,-1.0,-1.0063777677735806,-1.0675448070196654
142.1999999999962,15.939361516699654,7.125540077322239,-1.0,-1.0054994034421245,-0.981822524294243
142.2999999999962,15.710226152458159,7.023107290455336,-0.4079150477659823,-1.0243288455451465,-1.0243288455451465
142.3999999999962,15.490743270415754,6.924989554017724,0.0,-0.9811783001006603,-0.9811783001006603
142.4999999999962,15.35126083355539,6.862635256269361,0.0,-0.8023609361208894,-0.6235435721411187
142.5999999999962,15.31058144,6.844449920000001,0.0,-0.5955251361214775,-0.1818535361226537
142.69999999999618,15.31058144,6.844449920000001,0.0,-0.44664385209110813,0.0
142.79999999999617,15.339831004900143,6.857525659998861,0.0,-0.3311635767351476,0.13075752468869434
142.89999999999617,15.389483797872224,6.879722469193688,0.0,-0.23897493000699999,0.2219683036337383
142.99999999999616,15.439273937037918,6.901980677699022,0.0,-0.17303818324537615,0.22258229732436688
143.09999999999616,15.488893811744548,6.924162771096136,0.0,-0.1236807671501705,0.22182114551626897
143.19999999999615,15.509420160000007,6.9333388800000035,0.0,-0.0997427734058237,0.09176117654895062
143.29999999999615,15.509420160000007,6.9333388800000035,0.0,-0.08976849606524133,0.0
143.39999999999614,15.538761371721089,6.946455589839148,0.0,-0.0696834306518328,0.13116722348225254
143.49999999999613,15.559129839999999,6.9555611200000005,0.0,-0.056288529060370525,0.09105538844571448
143.59999999999613,15.529760631469752,6.942431894453403,0.0,-0.06205805610773796,-0.13129238067614707
143.69999999999612,15.509420160000007,6.9333388800000035,0.0,-0.06412035433231525,-0.09093023125181997
143.79999999999612,15.509420160000007,6.9333388800000035,0.0,-0.05984566404349423,0.0
143.8999999999961,15.479924439768528,6.920153098599746,0.0,-0.06434643127528236,-0.13185793975210447
143.9999999999961,15.45971048,6.91111664,0.0,-0.06587691603414368,-0.09036467217592474
144.0999999999961,15.430299527914348,6.897968753393692,0.0,-0.06952147577953688,-0.1314789914512212
144.1999999999961,15.4100008,6.888894400000001,0.0,-0.0706384307636019,-0.09074362047677248
144.2999999999961,15.381332917098776,6.876078695410413,0.0,-0.07351436763122547,-0.1281571681160733
144.39999999999608,15.36029112,6.86667216,0.0,-0.029158724816788932,-0.09406544381192924
144.49999999999608,15.331087783429629,6.853617085936608,0.0,-0.004509089466579526,-0.13055086513693054
144.59999999999607,15.31058144,6.844449920000001,0.0,1.0408340855860843e-17,-0.09167174679106314
144.69999999999607,15.31058144,6.844449920000001,0.0,1.0408340855860843e-17,0.0
144.79999999999606,15.281433964453731,6.831419818076525,0.0,-0.01305293340941518,-0.1303011434996093
144.89999999999606,15.260871759999999,6.82222768,0.0,-0.028747422012521763,-0.09192146842839326
144.99999999999605,15.260871759999999,6.82222768,0.0,-0.0398765368787401,0.0
145.09999999999604,15.231482435654819,6.809089461869519,0.0,-0.05753670948459079,-0.1313823066007447
145.19999999999604,15.211162080000001,6.8000054400000005,0.0,-0.06666678357840077,-0.09084030532724897
145.29999999999603,15.211162080000001,6.8000054400000005,0.0,-0.06666678357840077,0.0
145.39999999999603,15.211162080000001,6.8000054400000005,0.0,-0.0732251447525134,0.0
145.49999999999602,15.211162080000001,6.8000054400000005,0.0,-0.07777791417479912,0.0
145.59999999999602,15.182078949895853,6.787004103094883,0.0,-0.07771396979307682,-0.13001349304170087
145.699999999996,15.1614524,6.7777832,0.0,-0.0777779141748009,-0.09220911888630168
145.799999999996,15.1614524,6.7777832,0.0,-0.0777779141748009,0.0
145.899999999996,15.1614524,6.7777832,0.0,-0.07118501718719568,0.0
145.999999999996,15.1614524,6.7777832,0.0,-0.06666678357839945,0.0
146.099999999996,15.132915126923567,6.765025883291262,0.0,-0.06647149844337583,-0.12757328875074925
146.19999999999598,15.11174272,6.75556096,0.0,-0.06666678357839943,-0.09464932317724442
146.29999999999598,15.11174272,6.75556096,0.0,-0.06025892517259577,0.0
146.39999999999597,15.11174272,6.75556096,0.0,-0.05555565298199931,0.0
146.49999999999596,15.11174272,6.75556096,0.0,-0.04902810972515278,0.0
146.59999999999596,15.082391255542273,6.742439666772382,0.0,-0.05100517525613483,-0.13121305741070408
146.69999999999595,15.06203304,6.73333872,0.0,-0.05555565298199975,-0.09100955451729847
146.79999999999595,15.06203304,6.73333872,0.0,-0.049040595807019284,0.0
146.89999999999594,15.06203304,6.73333872,0.0,-0.04444452238559963,0.0
146.99999999999594,15.06203304,6.73333872,0.0,-0.04444452238559963,0.0
147.09999999999593,15.06203304,6.73333872,0.0,-0.037875407055562395,0.0
147.19999999999592,15.06203304,6.73333872,0.0,-0.03333339178919994,0.0
147.29999999999592,15.06203304,6.73333872,0.0,-0.03333339178919994,0.0
147.3999999999959,15.06203304,6.73333872,0.0,-0.03333339178919994,0.0
147.4999999999959,15.06203304,6.73333872,0.0,-0.03333339178919994,0.0
147.5999999999959,15.06203304,6.73333872,0.0,-0.02683271713711489,0.0
147.6999999999959,15.06203304,6.73333872,0.0,-0.02222226119279981,0.0
147.7999999999959,15.032728252582496,6.720238293299592,0.0,-0.02877248078978001,-0.131004391939604
147.89999999999588,15.01232336,6.71111648,0.0,-0.03333339178919949,-0.09121821998838966
147.99999999999588,15.01232336,6.71111648,0.0,-0.03333339178919949,0.0
148.09999999999587,15.01232336,6.71111648,0.0,-0.026954727351662034,0.0
148.19999999999587,15.01232336,6.71111648,0.0,-0.022222261192799807,0.0
148.29999999999586,15.01232336,6.71111648,0.0,-0.022222261192799807,0.0
148.39999999999586,15.01232336,6.71111648,0.0,-0.022222261192799807,0.0
148.49999999999585,15.01232336,6.71111648,0.0,-0.022222261192799807,0.0
148.59999999999584,15.01232336,6.71111648,0.0,-0.015661608322264608,0.0
148.69999999999584,15.01232336,6.71111648,0.0,-0.011111130596399683,0.0
148.79999999999583,15.01232336,6.71111648,0.0,-0.011111130596399683,0.0
148.89999999999583,15.01232336,6.71111648,0.0,-0.011111130596399683,0.0
148.99999999999582,15.01232336,6.71111648,0.0,-0.011111130596399683,0.0
149.09999999999582,15.01232336,6.71111648,0.0,-0.011111130596399683,0.0
149.1999999999958,15.01232336,6.71111648,0.0,-0.011111130596399683,0.0
149.2999999999958,15.01232336,6.71111648,0.0,-0.011111130596399683,0.0
149.3999999999958,15.01232336,6.71111648,0.0,-0.011111130596399683,0.0
149.4999999999958,15.01232336,6.71111648,0.0,-0.011111130596399683,0.0
149.5999999999958,15.01232336,6.71111648,0.0,-0.011111130596399683,0.0
149.69999999999578,15.01232336,6.71111648,0.0,-0.011111130596399683,0.0
149.79999999999578,15.01232336,6.71111648,0.0,-0.004560910999419483,0.0
149.89999999999577,15.01232336,6.71111648,0.0,0.0,0.0
149.99999999999577,15.01232336,6.71111648,0.0,0.0,0.0
150.09999999999576,15.01232336,6.71111648,0.0,0.0,0.0
150.19999999999575,14.993161760325007,6.702550468978372,0.0,-0.004283009595410312,-0.08566019190820624
150.29999999999575,14.962613679999999,6.68889424,0.0,-0.01111113059640013,-0.13656242001979632
150.39999999999574,14.962613679999999,6.68889424,0.0,-0.01111113059640013,0.0
150.49999999999574,14.962613679999999,6.68889424,0.0,-0.01111113059640013,0.0
150.59999999999573,14.962613679999999,6.68889424,0.0,-0.01111113059640013,0.0
150.69999999999573,14.962613679999999,6.68889424,0.0,-0.01111113059640013,0.0
150.79999999999572,14.962613679999999,6.68889424,0.0,-0.01111113059640013,0.0
150.8999999999957,14.962613679999999,6.68889424,0.0,-0.01111113059640013,0.0
150.9999999999957,14.962613679999999,6.68889424,0.0,-0.01111113059640013,0.0
151.0999999999957,14.962613679999999,6.68889424,0.0,-0.01111113059640013,0.0
151.1999999999957,14.962613679999999,6.68889424,0.0,-0.01111113059640013,0.0
151.2999999999957,14.962613679999999,6.68889424,0.0,-0.01111113059640013,0.0
151.39999999999569,14.962613679999999,6.68889424,0.0,-0.01111113059640013,0.0
151.49999999999568,14.962613679999999,6.68889424,0.0,-0.01111113059640013,0.0
151.59999999999567,14.962613679999999,6.68889424,0.0,-0.01111113059640013,0.0
151.69999999999567,14.962613679999999,6.68889424,0.0,-0.01111113059640013,0.0
151.79999999999566,14.962613679999999,6.68889424,0.0,-0.01111113059640013,0.0
151.89999999999566,14.962613679999999,6.68889424,0.0,-0.01111113059640013,0.0
151.99999999999565,14.962613679999999,6.68889424,0.0,-0.01111113059640013,0.0
152.09999999999565,14.962613679999999,6.68889424,0.0,-0.01111113059640013,0.0
152.19999999999564,14.962613679999999,6.68889424,0.0,-0.006828121000989816,0.0
152.29999999999563,14.962613679999999,6.68889424,0.0,0.0,0.0
152.39999999999563,14.962613679999999,6.68889424,0.0,0.0,0.0
152.49999999999562,14.962613679999999,6.68889424,0.0,0.0,0.0
152.59999999999562,14.962613679999999,6.68889424,0.0,0.0,0.0
152.6999999999956,14.962613679999999,6.68889424,0.0,0.0,0.0
152.7999999999956,14.962613679999999,6.68889424,0.0,0.0,0.0
152.8999999999956,14.962613679999999,6.68889424,0.0,0.0,0.0
152.9999999999956,14.962613679999999,6.68889424,0.0,0.0,0.0
153.0999999999956,14.962613679999999,6.68889424,0.0,0.0,0.0
153.19999999999558,14.962613679999999,6.68889424,0.0,0.0,0.0
153.29999999999558,14.962613679999999,6.68889424,0.0,0.0,0.0
153.39999999999557,14.962613679999999,6.68889424,0.0,0.0,0.0
153.49999999999557,14.962613679999999,6.68889424,0.0,0.0,0.0
153.59999999999556,14.962613679999999,6.68889424,0.0,0.0,0.0
153.69999999999555,14.962613679999999,6.68889424,0.0,0.0,0.0
153.79999999999555,14.962613679999999,6.68889424,0.0,0.0,0.0
153.89999999999554,14.962613679999999,6.68889424,0.0,0.0,0.0
153.99999999999554,14.962613679999999,6.68889424,0.0,0.0,0.0
154.09999999999553,14.962613679999999,6.68889424,0.0,0.0,0.0
154.19999999999553,14.962613679999999,6.68889424,0.0,0.0,0.0
154.29999999999552,14.962613679999999,6.68889424,0.0,0.0,0.0
154.39999999999552,14.962613679999999,6.68889424,0.0,0.0,0.0
154.4999999999955,14.962613679999999,6.68889424,0.0,0.0,0.0
154.5999999999955,14.962613679999999,6.68889424,0.0,0.0,0.0
154.6999999999955,14.962613679999999,6.68889424,0.0,0.0,0.0
154.7999999999955,14.962613679999999,6.68889424,0.0,0.0,0.0
154.8999999999955,14.962613679999999,6.68889424,0.0,0.0,0.0
154.99999999999548,14.962613679999999,6.68889424,0.0,0.0,0.0
155.09999999999548,14.962613679999999,6.68889424,0.0,0.0,0.0
155.19999999999547,14.962613679999999,6.68889424,0.0,0.0,0.0
155.29999999999546,14.962613679999999,6.68889424,0.0,0.0,0.0
155.39999999999546,14.962613679999999,6.68889424,0.0,0.0,0.0
155.49999999999545,14.962613679999999,6.68889424,0.0,0.0,0.0
155.59999999999545,14.962613679999999,6.68889424,0.0,0.0,0.0
155.69999999999544,14.962613679999999,6.68889424,0.0,0.0,0.0
155.79999999999544,14.962613679999999,6.68889424,0.0,0.0,0.0
155.89999999999543,14.962613679999999,6.68889424,0.0,0.0,0.0
155.99999999999542,14.962613679999999,6.68889424,0.0,0.0,0.0
156.09999999999542,14.962613679999999,6.68889424,0.0,0.0,0.0
156.1999999999954,14.962613679999999,6.68889424,0.0,0.0,0.0
156.2999999999954,14.962613679999999,6.68889424,0.0,0.0,0.0
156.3999999999954,14.962613679999999,6.68889424,0.0,0.0,0.0
156.4999999999954,14.962613679999999,6.68889424,0.0,0.0,0.0
156.5999999999954,14.962613679999999,6.68889424,0.0,0.0,0.0
156.69999999999538,14.962613679999999,6.68889424,0.0,0.0,0.0
156.79999999999538,14.962613679999999,6.68889424,0.0,0.0,0.0
156.89999999999537,14.962613679999999,6.68889424,0.0,0.0,0.0
156.99999999999537,14.962613679999999,6.68889424,0.0,0.0,0.0
157.09999999999536,14.962613679999999,6.68889424,0.0,0.0,0.0
157.19999999999536,14.962613679999999,6.68889424,0.0,0.0,0.0
157.29999999999535,14.962613679999999,6.68889424,0.0,0.0,0.0
157.39999999999534,14.962613679999999,6.68889424,0.0,0.0,0.0
157.49999999999534,14.962613679999999,6.68889424,0.0,0.0,0.0
157.59999999999533,14.962613679999999,6.68889424,0.0,0.0,0.0
157.69999999999533,14.962613679999999,6.68889424,0.0,0.0,0.0
157.79999999999532,14.962613679999999,6.68889424,0.0,0.0,0.0
157.89999999999532,14.962613679999999,6.68889424,0.0,0.0,0.0
157.9999999999953,14.962613679999999,6.68889424,0.0,0.0,0.0
158.0999999999953,14.962613679999999,6.68889424,0.0,0.0,0.0
158.1999999999953,14.962613679999999,6.68889424,0.0,0.0,0.0
158.2999999999953,14.962613679999999,6.68889424,0.0,0.0,0.0
158.3999999999953,14.962613679999999,6.68889424,0.0,0.0,0.0
158.49999999999528,14.962613679999999,6.68889424,0.0,0.0,0.0
158.59999999999528,14.962613679999999,6.68889424,0.0,0.0,0.0
158.69999999999527,14.962613679999999,6.68889424,0.0,0.0,0.0
158.79999999999526,14.962613679999999,6.68889424,0.0,0.0,0.0
158.89999999999526,14.962613679999999,6.68889424,0.0,0.0,0.0
158.99999999999525,14.962613679999999,6.68889424,0.0,0.0,0.0
159.09999999999525,14.962613679999999,6.68889424,0.0,0.0,0.0
159.19999999999524,14.962613679999999,6.68889424,0.0,0.0,0.0
159.29999999999524,14.962613679999999,6.68889424,0.0,0.0,0.0
159.39999999999523,14.962613679999999,6.68889424,0.0,0.0,0.0
159.49999999999523,14.962613679999999,6.68889424,0.0,0.0,0.0
159.59999999999522,14.962613679999999,6.68889424,0.0,0.0,0.0
159.6999999999952,14.962613679999999,6.68889424,0.0,0.0,0.0
159.7999999999952,14.962613679999999,6.68889424,0.1947579928844334,0.0,0.0
159.8999999999952,14.962613679999999,6.68889424,0.5,0.0,0.0
159.9999999999952,14.982099732142405,6.6976052944135684,0.5,0.043555313605427304,0.08711062721085461
160.0999999999952,15.031041484372627,6.719484239602524,0.5,0.10196676258483023,0.21878966054363608
160.19999999999519,15.11638390465906,6.757635757491715,0.5,0.17185395762199412,0.38151554273348576
160.29999999999518,15.269657393295374,6.826155213865472,0.5,0.2745222095357249,0.6851952171906481
160.39999999999517,15.418756370020988,6.892808494364382,0.5,0.3398574147205913,0.6665334406449229
160.49999999999517,15.567065474890258,6.959108670156906,0.5,0.3860209826481622,0.663002390213588
160.59999999999516,15.716419828746904,7.025876114575121,0.5,0.42122774493298343,0.6676750809267322
160.69999999999516,15.866043229704552,7.0927638339428,0.5,0.448744421225807,0.6688778315683955
160.79999999999515,15.995632871011324,7.150695651460695,0.5,0.46180185186926054,0.5793187276603428
160.89999999999515,16.11272966958818,7.203042662368965,0.5,0.4674081024541618,0.5234706083031744
160.99999999999514,16.24230218670284,7.260966824679525,0.5,0.4767276085424808,0.5792421755139899
161.09999999999513,16.34383914426773,7.306357956545126,0.5,0.47497254261921196,0.4539117515399856
161.19999999999513,16.462192876950624,7.3592668678995175,0.5,0.4788380480123465,0.5290896181230945
161.29999999999512,16.591954140945166,7.4172754077088685,0.5,0.48558790823196224,0.5800859513065836
161.39999999999512,16.69155645995041,7.461801677793308,0.5,0.4830676093099897,0.44526312548040226
161.4999999999951,16.7908070961249,7.506170731410675,0.5,0.48075133578059875,0.44369095931034325
161.5999999999951,16.889284129207386,7.550193953118137,0.5,0.47850029695463064,0.4402326369131733
161.6999999999951,16.98779879173385,7.594233996710896,0.5,0.4764950632163122,0.44040085592658
161.7999999999951,17.088419280623818,7.6392154299655495,0.5,0.4751610481316625,0.44981476152331945
161.8999999999951,17.205723346137688,7.691655097588131,0.5,0.5013809069481593,0.5243971763299365
161.99999999999508,17.336726196941267,7.750218676980341,0.5,0.5263071932090391,0.5856363524284494
162.09999999999508,17.43521381555177,7.794246630847496,0.5,0.5373817081096192,0.44027995855523705
162.19999999999507,17.536665924467055,7.839599831930698,0.5,0.540982553140658,0.45353244335426357
162.29999999999507,17.653307510482378,7.891743344389704,0.5,0.5327945733746168,0.5214356218698197
162.39999999999506,17.782770540444066,7.9496185615091015,0.5,0.5284055374991496,0.5787527231355801
162.49999999999505,17.883387168396847,7.994598268768481,0.5,0.5177452930661762,0.4497975015541209
162.59999999999505,18.00011197328422,8.046778983433319,0.5,0.5104519212339859,0.5218076442829227
162.69999999999504,18.132792300897325,8.106092462890379,0.5,0.5066647976669941,0.5931353602285615
162.79999999999504,18.23221270530619,8.150537409783436,0.5,0.4999213559235277,0.4444498927910155
162.89999999999503,18.3511711153739,8.203716636415816,0.5,0.5003374641824148,0.5317927734809148
162.99999999999503,18.479735406467704,8.261190080865997,0.5,0.500112105037306,0.5747349926118155
163.09999999999502,18.576866654184965,8.304611682016366,0.5,0.4991273387405439,0.43421642560474255
163.19999999999501,18.695335544657233,8.35757207356603,0.5,0.499153078862728,0.5296044205667774
163.299999999995,18.82751598758951,8.416662084327463,0.5,0.4996938148544546,0.5909006711411141
163.399999999995,18.928442501966234,8.461780323367485,0.5,0.4999897996145187,0.45118282068168797
163.499999999995,19.044631702085177,8.513721601011015,0.5,0.5037759152383219,0.5194132717864032
163.599999999995,19.174333506694392,8.571703560067263,0.5,0.5107552905687658,0.5798201435220549
163.699999999995,19.2765720963608,8.61740834989549,0.5,0.511587664480313,0.45704833415752333
163.79999999999498,19.375883346536863,8.661804500426182,0.5,0.5112950228392479,0.4439619287020157
163.89999999999498,19.494846551562553,8.714985870598955,0.5,0.5116658744680149,0.5318142089052802
163.99999999999497,19.624217015542268,8.772819706975865,0.5,0.5113010026123959,0.5783389153160651
164.09999999999496,19.72199800000618,8.816531766763685,0.5,0.5111430554220984,0.43712101474928716
164.19999999999496,19.83836433411089,8.86855223047206,0.5,0.5144766899138866,0.5202051331900291
164.29999999999495,19.97249517006099,8.92851414589545,0.5,0.5183858951241872,0.5996197260758315
164.39999999999495,20.06970065690359,8.971968934941227,0.5,0.5111756742111744,0.4345483048753258
164.49999999999494,20.16757334579566,9.015721990322088,0.5,0.5105623476870016,0.4375309710706636
164.59999999999494,20.290172053452565,9.070528577394096,0.30442342600554184,0.5480663933969233,0.5480663933969233
164.69999999999493,20.420072635890232,9.128599398189355,0.0,0.5807087617596142,0.5807087617596142
164.79999999999492,20.480388160000004,9.155562880000003,0.0,0.4251719185050729,0.26963507525053165
164.89999999999492,20.480388160000004,9.155562880000003,0.0,0.2834479456700486,0.0
164.9999999999949,20.480388160000004,9.155562880000003,0.0,0.21258595925253645,0.0
165.0999999999949,20.46254930675677,9.147588190199226,0.0,0.15411937258994635,-0.0797469740604141
165.1999999999949,20.43067848,9.133340640000002,0.0,0.1046868708470224,-0.14247563786759734
165.2999999999949,20.41128114987274,9.124669247920083,0.0,0.07734388879800462,-0.08671400349610206
165.3999999999949,20.380968799999998,9.1111184,0.0,0.050737326644265376,-0.13550860843190937
165.49999999999488,20.361753161927577,9.102528231626387,0.0,0.03555520527729771,-0.08590176565844358
165.59999999999488,20.33125912,9.088896160000001,0.0,0.01836760012261293,-0.1363208462695501
165.69999999999487,20.33125912,9.088896160000001,0.0,0.016697818293284483,0.0
165.79999999999487,20.33125912,9.088896160000001,0.0,0.015306333435510777,0.0
165.89999999999486,20.33125912,9.088896160000001,0.0,0.014128923171240716,0.0
165.99999999999486,20.33125912,9.088896160000001,0.0,0.013119714373294952,0.0
166.09999999999485,20.33125912,9.088896160000001,0.0,0.01224506674840862,0.0
166.19999999999484,20.33125912,9.088896160000001,0.0,0.011479750076633082,0.0
166.29999999999484,20.33125912,9.088896160000001,0.0,0.010804470660360548,0.0
166.39999999999483,20.350714212087542,9.097593374015288,0.0,0.01503601246234304,0.08697222309604544
166.49999999999483,20.380968799999998,9.1111184,0.0,0.021363084902848578,0.13525038883194823
166.59999999999482,20.380968799999998,9.1111184,0.0,0.02029493065770615,0.0
166.69999999999482,20.380968799999998,9.1111184,0.0,-0.00874050743027456,0.0
166.7999999999948,20.380968799999998,9.1111184,0.0,-0.022222261192801143,0.0
166.8999999999948,20.380968799999998,9.1111184,0.0,-0.022222261192801143,0.0
166.9999999999948,20.400343718491175,9.119779773171008,0.0,-0.01789157047722913,0.0866138143114403
167.0999999999948,20.43067848,9.133340640000002,0.0,-0.0071237818933798675,0.13560879761657116
167.1999999999948,20.43067848,9.133340640000002,0.0,0.0,0.0
167.29999999999478,20.43067848,9.133340640000002,0.0,0.0043357001748051014,0.0
167.39999999999478,20.43067848,9.133340640000002,0.0,0.011111130596400572,0.0
167.49999999999477,20.43067848,9.133340640000002,0.0,0.015406218879322753,0.0
167.59999999999476,20.43067848,9.133340640000002,0.0,0.02222226119280026,0.0
167.69999999999476,20.43067848,9.133340640000002,0.0,0.02222226119280026,0.0
167.79999999999475,20.43067848,9.133340640000002,0.0,0.02222226119280026,0.0
167.89999999999475,20.43067848,9.133340640000002,0.0,0.02222226119280026,0.0
167.99999999999474,20.43067848,9.133340640000002,0.0,0.02222226119280026,0.0
168.09999999999474,20.449767963639506,9.14187441223336,0.0,0.026489151378702863,0.08533780371805212
168.19999999999473,20.480388160000004,9.155562880000003,0.0,0.03333339178920083,0.13688480820995932
168.29999999999472,20.480388160000004,9.155562880000003,0.0,0.03333339178920083,0.0
168.39999999999472,20.480388160000004,9.155562880000003,0.0,0.028984780634398556,0.0
168.4999999999947,20.480388160000004,9.155562880000003,0.0,0.022222261192801147,0.0
168.5999999999947,20.480388160000004,9.155562880000003,0.0,0.022222261192801147,0.0
168.6999999999947,20.480388160000004,9.155562880000003,0.0,0.022222261192801147,0.0
168.7999999999947,20.480388160000004,9.155562880000003,0.0,0.022222261192801147,0.0
168.8999999999947,20.480388160000004,9.155562880000003,0.0,0.022222261192801147,0.0
168.99999999999469,20.480388160000004,9.155562880000003,0.0,0.01789157047722913,0.0
169.09999999999468,20.480388160000004,9.155562880000003,0.0,0.011111130596400573,0.0
169.19999999999467,20.49973285626776,9.164210742613264,0.0,0.015435066026657073,0.08647870860513002
169.29999999999467,20.53009784,9.177785120000001,0.0,0.02222226119279937,0.1357439033228459
169.39999999999466,20.53009784,9.177785120000001,0.0,0.02222226119279937,0.0
169.49999999999466,20.53009784,9.177785120000001,0.0,0.02222226119279937,0.0
169.59999999999465,20.53009784,9.177785120000001,0.0,0.02222226119279937,0.0
169.69999999999465,20.53009784,9.177785120000001,0.0,0.02222226119279937,0.0
169.79999999999464,20.53009784,9.177785120000001,0.0,0.02222226119279937,0.0
169.89999999999463,20.53009784,9.177785120000001,0.0,0.02222226119279937,0.0
169.99999999999463,20.53009784,9.177785120000001,0.0,0.02222226119279937,0.0
170.09999999999462,20.53009784,9.177785120000001,0.0,0.017955371006896762,0.0
170.19999999999462,20.53009784,9.177785120000001,0.0,0.011111130596398795,0.0
170.2999999999946,20.53009784,9.177785120000001,0.0,0.011111130596398795,0.0
170.3999999999946,20.53009784,9.177785120000001,0.0,0.011111130596398795,0.0
170.4999999999946,20.53009784,9.177785120000001,0.0,0.011111130596398795,0.0
170.5999999999946,20.53950429719119,9.181990187287747,0.0,0.013213666245405962,0.0420507129801433
170.6999999999946,20.57980752,9.20000736,0.0,0.022222261192798482,0.18017189894785038
170.79999999999458,20.57980752,9.20000736,0.0,0.022222261192798482,0.0
170.89999999999458,20.57980752,9.20000736,0.0,0.022222261192798482,0.0
170.99999999999457,20.57980752,9.20000736,0.0,0.022222261192798482,0.0
171.09999999999457,20.57980752,9.20000736,0.0,0.022222261192798482,0.0
171.19999999999456,20.57980752,9.20000736,0.0,0.017898325762541977,0.0
171.29999999999455,20.57980752,9.20000736,0.0,0.011111130596399683,0.0
171.39999999999455,20.57980752,9.20000736,0.0,0.011111130596399683,0.0
171.49999999999454,20.57980752,9.20000736,0.0,0.011111130596399683,0.0
171.59999999999454,20.57980752,9.20000736,0.0,0.011111130596399683,0.0
171.69999999999453,20.57980752,9.20000736,0.0,0.011111130596399683,0.0
171.79999999999453,20.57980752,9.20000736,0.0,0.011111130596399683,0.0
171.89999999999452,20.57980752,9.20000736,0.0,0.011111130596399683,0.0
171.99999999999451,20.57980752,9.20000736,0.0,0.011111130596399683,0.0
172.0999999999945,20.57980752,9.20000736,0.0,0.011111130596399683,0.0
172.1999999999945,20.57980752,9.20000736,0.0,0.011111130596399683,0.0
172.2999999999945,20.57980752,9.20000736,0.0,0.011111130596399683,0.0
172.3999999999945,20.57980752,9.20000736,0.0,0.011111130596399683,0.0
172.4999999999945,20.57980752,9.20000736,0.0,0.011111130596399683,0.0
172.59999999999448,20.57980752,9.20000736,0.0,0.009008594947392519,0.0
172.69999999999447,20.57980752,9.20000736,0.0,0.0,0.0
172.79999999999447,20.57980752,9.20000736,0.0,0.0,0.0
172.89999999999446,20.57980752,9.20000736,0.0,0.0,0.0
172.99999999999446,20.57980752,9.20000736,0.0,0.0,0.0
173.09999999999445,20.57980752,9.20000736,0.0,0.0,0.0
173.19999999999445,20.57980752,9.20000736,0.0,0.0,0.0
173.29999999999444,20.57980752,9.20000736,0.0,0.0,0.0
173.39999999999444,20.57980752,9.20000736,0.0,0.0,0.0
173.49999999999443,20.57980752,9.20000736,0.0,0.0,0.0
173.59999999999442,20.57980752,9.20000736,0.0,0.0,0.0
173.69999999999442,20.57980752,9.20000736,0.0,0.0,0.0
173.7999999999944,20.57980752,9.20000736,0.0,0.0,0.0
173.8999999999944,20.57980752,9.20000736,0.0,0.0,0.0
173.9999999999944,20.57980752,9.20000736,0.0,0.0,0.0
174.0999999999944,20.57980752,9.20000736,0.0,0.0,0.0
174.1999999999944,20.57980752,9.20000736,0.0,0.0,0.0
174.29999999999438,20.57980752,9.20000736,0.0,0.0,0.0
174.39999999999438,20.57980752,9.20000736,0.0,0.0,0.0
174.49999999999437,20.57980752,9.20000736,0.0,0.0,0.0
174.59999999999437,20.57980752,9.20000736,0.0,0.0,0.0
174.69999999999436,20.57980752,9.20000736,0.0,0.0,0.0
174.79999999999436,20.57980752,9.20000736,0.0,0.0,0.0
174.89999999999435,20.57980752,9.20000736,0.0,0.0,0.0
174.99999999999434,20.57980752,9.20000736,0.0,0.0,0.0
175.09999999999434,20.57980752,9.20000736,0.0,0.0,0.0
175.19999999999433,20.57980752,9.20000736,0.0,0.0,0.0
175.29999999999433,20.57980752,9.20000736,0.0,0.0,0.0
175.39999999999432,20.57980752,9.20000736,0.0,0.0,0.0
175.49999999999432,20.57980752,9.20000736,0.0,0.0,0.0
175.5999999999943,20.57980752,9.20000736,0.0,0.0,0.0
175.6999999999943,20.57980752,9.20000736,0.0,0.0,0.0
175.7999999999943,20.57980752,9.20000736,0.0,0.0,0.0
175.8999999999943,20.57980752,9.20000736,0.0,0.0,0.0
175.9999999999943,20.57980752,9.20000736,0.0,0.0,0.0
176.09999999999428,20.57980752,9.20000736,0.0,0.0,0.0
176.19999999999428,20.57980752,9.20000736,0.0,0.0,0.0
176.29999999999427,20.57980752,9.20000736,0.0,0.0,0.0
176.39999999999426,20.57980752,9.20000736,0.0,0.0,0.0
176.49999999999426,20.57980752,9.20000736,0.0,0.0,0.0
176.59999999999425,20.57980752,9.20000736,0.0,0.0,0.0
176.69999999999425,20.57980752,9.20000736,0.0,0.0,0.0
176.79999999999424,20.57980752,9.20000736,0.0,0.0,0.0
176.89999999999424,20.57980752,9.20000736,0.0,0.0,0.0
176.99999999999423,20.57980752,9.20000736,0.0,0.0,0.0
177.09999999999422,20.57980752,9.20000736,0.0,0.0,0.0
177.19999999999422,20.57980752,9.20000736,0.0,0.0,0.0
177.2999999999942,20.57980752,9.20000736,0.0,0.0,0.0
177.3999999999942,20.57980752,9.20000736,0.0,0.0,0.0
177.4999999999942,20.57980752,9.20000736,0.0,0.0,0.0
177.5999999999942,20.57980752,9.20000736,0.0,0.0,0.0
177.6999999999942,20.57980752,9.20000736,0.0,0.0,0.0
177.79999999999418,20.57980752,9.20000736,0.0,0.0,0.0
177.89999999999418,20.57980752,9.20000736,0.0,0.0,0.0
177.99999999999417,20.57980752,9.20000736,0.0,0.0,0.0
178.09999999999417,20.57980752,9.20000736,0.0,0.0,0.0
178.19999999999416,20.57980752,9.20000736,0.0,0.0,0.0
178.29999999999416,20.57980752,9.20000736,0.0,0.0,0.0
178.39999999999415,20.57980752,9.20000736,0.0,0.0,0.0
178.49999999999415,20.57980752,9.20000736,0.0,0.0,0.0
178.59999999999414,20.57980752,9.20000736,0.0,0.0,0.0
178.69999999999413,20.57980752,9.20000736,0.0,0.0,0.0
178.79999999999413,20.57980752,9.20000736,0.0,0.0,0.0
178.89999999999412,20.57980752,9.20000736,0.0,0.0,0.0
178.99999999999412,20.57980752,9.20000736,0.0,0.0,0.0
179.0999999999941,20.57980752,9.20000736,0.0,0.0,0.0
179.1999999999941,20.57980752,9.20000736,0.0,0.0,0.0
179.2999999999941,20.57980752,9.20000736,0.0,0.0,0.0
179.3999999999941,20.57980752,9.20000736,0.0,0.0,0.0
179.4999999999941,20.57980752,9.20000736,0.31399483132620387,0.0,0.0
179.59999999999408,20.58934535391075,9.204271158001614,1.65,0.042638020678916616,0.042638020678916616
179.69999999999408,20.648582230363722,9.230752440628827,1.65,0.15372554974823788,0.2648130788175591
179.79999999999407,20.76650519661527,9.283468781944116,1.65,0.27820500513068475,0.5271639158955784
179.89999999999407,20.991450130768158,9.384028276866022,1.65,0.46005273090552773,1.0055959082300567
179.99999999999406,21.342022937130068,9.540748518083587,1.65,0.681482966079975,1.5672039067777646
180.09999999999405,21.75742120121363,9.726448364070292,1.65,0.877402510206724,1.8570002308404687
180.19999999999405,22.20714456574051,9.927492919982214,1.65,1.0392660768102413,2.0104474764313456
180.29999999999404,22.649691967476695,10.125329529929369,1.65,1.1566538154827466,1.9783679861902836
180.39999999999404,23.093471543660392,10.323716971752619,1.65,1.2485674260073734,1.983876310204387
180.49999999999403,23.608522052194488,10.553965406519586,1.65,1.3539593377558308,2.3024865434919493
180.59999999999403,23.98606171754287,10.722740925752285,1.65,1.3843045617686927,1.6877568018973106
180.69999999999402,24.39418063127208,10.90518660734649,1.65,1.4209840612780775,1.824458555881312
180.79999999999401,24.829971007456287,11.10000255323984,1.65,1.4615361578601413,1.9481613168449081
180.899999999994,25.21914718641849,11.273980065289425,1.65,1.481410487989866,1.7397767796762877
180.999999999994,25.57629122220117,11.433637912166157,1.65,1.4890884548828514,1.5965799913846475
181.099999999994,25.961519369012432,11.605850493965015,1.65,1.503653392723755,1.7221274603373087
181.199999999994,26.289864927757232,11.752634255384544,1.65,1.501546664565632,1.4678390140356614
181.299999999994,26.669926668802393,11.92253724458752,1.65,1.5125180449982343,1.6990315123524757
181.39999999999398,27.074536329014144,12.103414147748916,1.65,1.5281102929768628,1.8087707565921742
181.49999999999397,27.452781302300703,12.272504968192088,1.65,1.5362502691784687,1.690909817008982
181.59999999999397,27.7461713569563,12.4036622037279,1.65,1.5996970484531317,1.311573606172175
181.69999999999396,28.053170063976548,12.540903057965817,1.65,1.655076887072814,1.3724098512112066
181.79999999999396,28.397055041900398,12.694633569041699,1.65,1.705584020120466,1.537306576848614
181.89999999999395,28.74895669071015,12.851947856646165,1.65,1.7339614435245658,1.5731443763120474
181.99999999999395,29.097078226653927,13.007572280720336,1.65,1.7334135344303419,1.5562457248932866
182.09999999999394,29.435430004409742,13.158829227248987,1.65,1.716192068277645,1.5125709077865372
182.19999999999393,29.74383835625802,13.296700249809923,1.65,1.6846052714786357,1.3787115404511534
182.29999999999393,30.086641874812997,13.44994730475321,1.65,1.662310472714724,1.5324720109120558
182.39999999999392,30.429602089381532,13.603264409160106,1.65,1.6397752825153151,1.53317250621621
182.49999999999392,30.833974921963673,13.78403544078051,1.65,1.615036557349347,1.807712040172585
182.5999999999939,31.13276048195891,13.917604685699176,1.65,1.5974334034046547,1.3356937230034611
182.6999999999939,31.487275397675365,14.076087209437627,1.65,1.5854518130502426,1.584826748793077
182.7999999999939,31.87759074302457,14.250573974993811,1.65,1.5752872131879418,1.7448693195988925
182.8999999999939,32.194359151503626,14.392182281417021,1.65,1.5591025949398996,1.4160844147154372
182.9999999999939,32.57379246360614,14.561804337433815,1.65,1.5640847042612402,1.6962221778114595
183.09999999999388,32.86990728531515,14.694179654184493,1.65,1.5441660527412442,1.3237544299373882
183.19999999999388,33.21738470358799,14.849516131575605,1.65,1.548442414805292,1.5533662553166183
183.29999999999387,33.633319631288934,15.035455887931974,1.65,1.5564608060289222,1.859399336825081
183.39999999999387,33.98478693112595,15.19257600395626,1.65,1.5445824011322375,1.5712026586584824
183.49999999999386,34.36130821655149,15.360896266123204,1.65,1.5441971216266923,1.6832042268980778
183.59999999999386,34.6607483995998,15.494758154056164,1.65,1.5455494491149468,1.3386201559372672
183.69999999999385,35.01196148697837,15.651764626816957,1.65,1.555432267801375,1.5700662249397654
183.79999999999384,35.36902155604536,15.811384937171464,1.65,1.5583771702491656,1.596204625804424
183.89999999999384,35.75758214148044,15.98508725398539,1.65,1.5665711926683235,1.7370248246952111
183.99999999999383,36.120876855784076,16.14749470323847,1.65,1.5699627084921792,1.6240760413704
184.09999999999383,36.54052682720548,16.335095234582056,1.65,1.5881345182296358,1.8760071025356666
184.19999999999382,36.88985444005477,16.491258823874198,1.65,1.597280810317822,1.5616373822148788
184.29999999999382,37.17258205420585,16.617649516718984,1.65,1.583852616462449,1.263908133804592
184.3999999999938,37.545784970590255,16.784486333544084,1.65,1.5906124791182576,1.6683697593323896
184.4999999999938,37.89383133657347,16.940077153601806,1.65,1.5780223613300446,1.5559096844083187
184.5999999999938,38.25287868017996,17.10058585615201,1.65,1.5914921029915596,1.6050885562337616
184.6999999999938,38.64201393693001,17.27454507431558,1.65,1.5992304575839893,1.7395938406416742
184.7999999999938,38.99786525673895,17.433625024802303,1.65,1.5915270427027106,1.590801021973319
184.89999999999378,39.38664960698049,17.607427373546283,1.65,1.6076240792144258,1.738025144949739
184.99999999999378,39.750447556231634,17.77005978919987,1.65,1.6041292556998985,1.6263257075209228
185.09999999999377,40.130030071434476,17.93974854504463,1.1106765929496758,1.6968891767272252,1.6968891767272252
185.19999999999376,40.44118204919527,18.07884607949416,0.0,1.3909766710340215,1.3909766710340215
185.29999999999376,40.81935029205068,18.247902598327336,0.0,1.5407717358079633,1.6905668005819052
185.39999999999375,41.098781076750285,18.37281947489912,0.0,1.4435711428783595,1.2491699570191523
185.49999999999375,41.26864142187497,18.44875392782345,0.0,1.2725146705116095,0.7593452534113587
185.59999999999374,41.299114791250055,18.46237675798172,0.0,1.045257422709337,0.1362284315002467
185.69999999999374,41.23009550377908,18.431522341481575,0.0,0.8196237757157193,-0.30854445925236934
185.79999999999373,41.09052733547798,18.369129718307423,0.0,0.6134022610756874,-0.623926826764504
185.89999999999372,41.010486,18.333348,0.0,0.49199978790177556,-0.3578175243156078
185.99999999999372,41.00106334494548,18.3291356916114,0.0,0.43265279768404863,-0.04212312405776691
186.0999999999937,40.95186804509463,18.307143400368375,0.0,0.36739520569911693,-0.21992312216526808
186.1999999999937,40.8924290312595,18.280571754145598,0.0,0.3098395764869264,-0.26571671563497906
186.2999999999937,40.80205313301207,18.24017006777244,0.0,0.25035150769364434,-0.40401724903245817
186.3999999999937,40.75240758842162,18.21797649889773,0.0,0.2140217070709289,-0.22193590040165612
186.4999999999937,40.71222792,18.20001456,0.0,0.18590447368901475,-0.17961956027586926
186.59999999999368,40.71222792,18.20001456,0.0,0.1735108421097471,0.0
186.69999999999368,40.71222792,18.20001456,0.0,0.1626664144778879,0.0
186.79999999999367,40.72108932613235,18.203975967392093,0.0,0.15542804372624144,0.039614111699898084
186.89999999999367,40.7619376,18.222236800000005,0.0,0.15693806908745853,0.1826085002281489
186.99999999999366,40.77153418103346,18.226526860344485,0.0,0.15093609936485802,0.04290064435804919
187.09999999999366,40.820853384661795,18.248574541593648,0.0,0.15441314553436009,0.2204770227548996
187.19999999999365,40.86135696,18.266681280000004,0.0,0.09391768981981091,0.18106755674303857
187.29999999999364,40.87071781528529,18.270865961389116,0.0,0.011481692480685486,0.04184685379939623
187.39999999999364,40.91106664,18.28890352,0.0,-0.04195801746384316,0.18037575812857967
187.49999999999363,40.91106664,18.28890352,0.0,-0.0799252801344111,0.0
187.59999999999363,40.93123680446957,18.29792040032758,0.0,-0.08222825724604639,0.0901688892675413
187.69999999999362,40.96077632,18.311125760000003,0.0,-0.06019834815040441,0.13205372266047014
187.79999999999362,40.97010175953227,18.315294609113327,0.0,-0.02691758026765333,0.041688530890517224
187.8999999999936,41.010486,18.333348,0.0,2.7755575615628915e-18,0.1805340810374587
187.9999999999936,41.01957797675162,18.337412481796083,0.0,0.004138399039027026,0.0406448567227736
188.0999999999936,41.06960756225619,18.359777732511496,0.0,0.02631719116958995,0.22365272044599038
188.1999999999936,41.10990536,18.37779248,0.0,0.04861040928570007,0.18014764668722338
188.2999999999936,41.10990536,18.37779248,0.0,0.06881127173732299,0.0
188.39999999999358,41.11885356626297,18.381792690565533,0.0,0.08190817394762293,0.04000214380434284
188.49999999999358,41.159615040000006,18.400014720000005,0.0,0.1000001753676016,0.18222046812370413
188.59999999999357,41.159615040000006,18.400014720000005,0.0,0.1000001753676016,0.0
188.69999999999357,41.159615040000006,18.400014720000005,0.0,0.1000001753676016,0.0
188.79999999999356,41.159615040000006,18.400014720000005,0.0,0.09801946978260669,0.0
188.89999999999355,41.159615040000006,18.400014720000005,0.0,0.08888904477119923,0.0
188.99999999999355,41.159615040000006,18.400014720000005,0.0,0.08674401255329678,0.0
189.09999999999354,41.168982656768726,18.404202424046026,0.0,0.07781401543541733,0.04187708039731025
189.19999999999354,41.2183722153676,18.426281556816107,0.0,0.0798002145114668,0.22079153826402823
189.29999999999353,41.259034400000004,18.444459200000004,0.0,0.08679670208122943,0.1817766051946489
189.39999999999353,41.259034400000004,18.444459200000004,0.0,0.07777791417480047,0.0
189.49999999999352,41.259034400000004,18.444459200000004,0.0,0.07777791417480047,0.0
189.5999999999935,41.259034400000004,18.444459200000004,0.0,0.07326946971142338,0.0
189.6999999999935,41.259034400000004,18.444459200000004,0.0,0.06666678357839988,0.0
189.7999999999935,41.259034400000004,18.444459200000004,0.0,0.06458235703387402,0.0
189.8999999999935,41.259034400000004,18.444459200000004,0.0,0.05555565298200109,0.0
189.9999999999935,41.26867707881621,18.448769867920145,0.0,0.05567874616142141,0.043106720311179895
190.09999999999349,41.308744080000004,18.466681440000002,0.0,0.05345190471996168,0.17911589161679603
190.19999999999348,41.308744080000004,18.466681440000002,0.0,0.04444452238560052,0.0
190.29999999999347,41.318227322746985,18.470920833540692,0.0,0.046564221177447775,0.042393975836945104
190.39999999999347,41.35845376,18.488903680000004,0.0,0.05355554579178394,0.17982863609106634
190.49999999999346,41.35845376,18.488903680000004,0.0,0.04444452238559874,0.0
190.59999999999346,41.35845376,18.488903680000004,0.0,0.04444452238559874,0.0
190.69999999999345,41.35845376,18.488903680000004,0.0,0.04444452238559874,0.0
190.79999999999345,41.35845376,18.488903680000004,0.0,0.04444452238559874,0.0
190.89999999999344,41.35845376,18.488903680000004,0.0,0.04444452238559874,0.0
190.99999999999343,41.35845376,18.488903680000004,0.0,0.04444452238559874,0.0
191.09999999999343,41.35845376,18.488903680000004,0.0,0.04235066836573322,0.0
191.19999999999342,41.35845376,18.488903680000004,0.0,0.03131109145253182,0.0
191.29999999999342,41.35845376,18.488903680000004,0.0,0.02222226119279937,0.0
191.3999999999934,41.367776323605874,18.493071243457763,0.0,0.024306044908930066,0.04167567432261393
191.4999999999934,41.40816344,18.51112592,0.0,0.03333339178919816,0.18054693760536197
191.5999999999934,41.40816344,18.51112592,0.0,0.03333339178919816,0.0
191.6999999999934,41.40816344,18.51112592,0.0,0.03333339178919816,0.0
191.7999999999934,41.39887712318797,18.506974560326938,0.0,0.03125770997314216,-0.041513636321120005
191.89999999999338,41.35845376,18.488903680000004,0.0,0.022222261192799363,-0.18070897560685592
191.99999999999338,41.367691234054746,18.493033204982627,0.0,0.022131689637664913,0.04129528920849093
192.09999999999337,41.40816344,18.51112592,0.0,0.02222226119279937,0.18092732271948497
192.19999999999337,41.40816344,18.51112592,0.0,0.02222226119279937,0.0
192.29999999999336,41.40816344,18.51112592,0.0,0.020102562400952113,0.0
192.39999999999336,41.4163257365696,18.514774797106448,0.0,0.01293557088954376,0.03648880586289934
192.49999999999335,41.44834338330504,18.52908798178175,0.0,0.02009217005225967,0.1431319832543181
192.59999999999334,41.40816344,18.51112592,0.0,0.011111130596398794,-0.17962078911721746
192.69999999999334,41.40816344,18.51112592,0.0,0.011111130596398794,0.0
192.79999999999333,41.40816344,18.51112592,0.0,0.011111130596398794,0.0
192.89999999999333,41.40816344,18.51112592,0.0,0.011111130596398794,0.0
192.99999999999332,41.40816344,18.51112592,0.0,0.011111130596398794,0.0
193.09999999999332,41.41761816853117,18.51535256653151,0.0,0.013224455877577923,0.042266505623582556
193.1999999999933,41.45787312,18.533348160000003,0.0,0.022222261192799367,0.17995610630442888
193.2999999999933,41.45787312,18.533348160000003,0.0,0.022222261192799367,0.0
193.3999999999933,41.45787312,18.533348160000003,0.0,0.02013847747666867,0.0
193.4999999999933,41.45787312,18.533348160000003,0.0,0.01111113059640057,0.0
193.5999999999933,41.45787312,18.533348160000003,0.0,0.01111113059640057,0.0
193.69999999999328,41.45787312,18.533348160000003,0.0,0.01111113059640057,0.0
193.79999999999328,41.45787312,18.533348160000003,0.0,0.013186812412456572,0.0
193.89999999999327,41.45787312,18.533348160000003,0.0,0.022222261192799367,0.0
193.99999999999326,41.45787312,18.533348160000003,0.0,0.020157496732374817,0.0
194.09999999999326,41.45787312,18.533348160000003,0.0,0.011111130596400572,0.0
194.19999999999325,41.45787312,18.533348160000003,0.0,0.011111130596400572,0.0
194.29999999999325,41.45787312,18.533348160000003,0.0,0.011111130596400572,0.0
194.39999999999324,41.45787312,18.533348160000003,0.0,0.009286690303255605,0.0
194.49999999999324,41.45787312,18.533348160000003,0.0,0.0021300911405396986,0.0
194.59999999999323,41.45787312,18.533348160000003,0.0,0.011111130596400572,0.0
194.69999999999322,41.45787312,18.533348160000003,0.0,0.011111130596400572,0.0
194.79999999999322,41.45787312,18.533348160000003,0.0,0.011111130596400572,0.0
194.8999999999932,41.4673122586466,18.537567837221783,0.0,0.013220971219391364,0.04219681245981588
194.9999999999932,41.498096979591374,18.551329854140175,0.0,0.020101986240834584,0.13762030042886444
195.0999999999932,41.45787312,18.533348160000003,0.0,0.008997805315221446,-0.17981711288868032
195.1999999999932,41.45787312,18.533348160000003,0.0,0.0,0.0
195.2999999999932,41.45787312,18.533348160000003,0.0,0.0,0.0
195.39999999999318,41.45787312,18.533348160000003,0.0,0.0,0.0
195.49999999999318,41.45787312,18.533348160000003,0.0,0.0,0.0
195.59999999999317,41.45787312,18.533348160000003,0.0,0.0,0.0
195.69999999999317,41.45787312,18.533348160000003,0.0,0.0,0.0
195.79999999999316,41.45787312,18.533348160000003,0.0,0.0,0.0
195.89999999999316,41.45787312,18.533348160000003,0.0,0.0,0.0
195.99999999999315,41.45787312,18.533348160000003,0.0,0.0,0.0
196.09999999999314,41.45787312,18.533348160000003,0.0,0.0,0.0
196.19999999999314,41.45787312,18.533348160000003,0.0,0.0,0.0
196.29999999999313,41.45787312,18.533348160000003,0.0,0.0,0.0
196.39999999999313,41.45787312,18.533348160000003,0.0,0.0,0.0
196.49999999999312,41.45787312,18.533348160000003,0.0,0.0,0.0
196.59999999999312,41.45787312,18.533348160000003,0.0,0.0,0.0
196.6999999999931,41.45787312,18.533348160000003,0.0,0.0,0.0
196.7999999999931,41.45787312,18.533348160000003,0.0,0.0,0.0
196.8999999999931,41.45787312,18.533348160000003,0.0,-0.002109840622990794,0.0
196.9999999999931,41.45787312,18.533348160000003,0.0,-0.008990855644434016,0.0
197.0999999999931,41.45787312,18.533348160000003,0.0,0.0,0.0
197.19999999999308,41.45787312,18.533348160000003,0.0,0.0,0.0
197.29999999999308,41.45787312,18.533348160000003,0.0,0.0,0.0
197.39999999999307,41.45787312,18.533348160000003,-0.19116707511284403,0.0,0.0
197.49999999999307,41.45787312,18.533348160000003,-1.0,-1.0,0.0
197.59999999999306,41.44843599149162,18.529129381391407,-1.0,-1.0,-0.042187826319407394
197.69999999999305,41.3705352384942,18.494304590137684,-1.0,-1.0,-0.34824824465263177
197.79999999999305,41.16247920199394,18.401295116398213,-1.0,-1.0,-0.9300956244030198
197.89999999999304,40.905356577304815,18.286350890740923,-1.0,-1.0,-1.1494433527675005
197.99999999999304,40.60836309535469,18.153582777280295,-1.0,-1.0,-1.327682400782886
198.09999999999303,40.30853156519297,18.019545941339672,-1.0,-1.0,-1.3403696376823322
198.19999999999303,40.01117210185638,17.88661421937854,-1.0,-0.8084181967444996,-1.3293184873482187
198.29999999999302,39.72149692740743,17.75711768573265,-1.0,-0.8624791272656969,-1.2949665714352752
198.399999999993,39.47291323934243,17.645990710538573,-1.0,-0.8873582957122457,-1.111270811731185
198.499999999993,39.224177043611704,17.53479555824197,-1.0,-0.9077759582299181,-1.1119525834066435
198.599999999993,38.97677558574233,17.424197087820858,-1.0,-0.9242934416242036,-1.1059857589613442
198.699999999993,38.72591312928993,17.31205141087675,-1.0,-0.9394599337259263,-1.1214578389465983
198.799999999993,38.487283889649355,17.205374477243094,-1.0,-0.9485535351517934,-1.0667703536880648
198.89999999999299,38.28856138684534,17.116537471036025,-1.0,-0.9445413600941541,-0.8883709092872043
198.99999999999298,38.08973373131452,17.027653457301813,-1.0,-0.9410600866512032,-0.8888409850069405
199.09999999999297,37.88290408921918,16.93519223152533,-1.0,-0.9400926191743456,-0.9246131395446247
199.19999999999297,37.64791511338015,16.830142643226853,-1.0,-0.9462261894878083,-1.0504968848166751
199.29999999999296,37.44388094097462,16.738931105606877,-1.0,-0.9444309293074816,-0.9121162460616021
199.39999999999296,37.245185659407596,16.65010626839509,-1.0,-0.941621843803025,-0.8882492192183526
199.49999999999295,37.05274984292783,16.5640796655602,-1.0,-0.9846351862411892,-0.8602668487632806
199.59999999999295,36.887980632783794,16.490421156142492,-1.0,-1.0193550847572206,-0.7365857966400363
199.69999999999294,36.68719119090242,16.40066014446521,-1.0,-1.0468232211646566,-0.8976109728013554
199.79999999999293,36.454909254766406,16.29682071253809,-1.0,-1.052238205422613,-1.0383953095621423
199.89999999999293,36.28940564434066,16.22283389645423,-1.0,-1.0317594811058648,-0.7398688664325325
199.99999999999292,36.09124586211564,16.134248449133864,-1.0,-1.0096681269677765,-0.8858553180211226
200.09999999999292,35.84426319926101,16.023837197043832,-1.0,-0.9978553237769135,-1.1041135738650734
200.1999999999929,35.61101550297029,15.919566031218196,-1.0,-0.9835250320427347,-1.0427126526646417
200.2999999999929,35.444970171752175,15.84533704400266,-1.0,-0.9558912324739118,-0.7422905800588188
200.3999999999929,35.24633263203442,15.756538019735807,-1.0,-0.944727246363494,-0.8879910895228279
200.4999999999929,34.99824545771085,15.645633006290936,-1.0,-0.944582176799279,-1.1090511921223456
200.5999999999929,34.76633366088232,15.541959041623393,-1.0,-0.9411199206206293,-1.0367406353883453
200.69999999999288,34.60002608695103,15.467612821295306,-1.0,-0.9222201742884168,-0.7434629123023515
200.79999999999288,34.40177741559997,15.378987636935953,-1.0,-0.9131942910435116,-0.8862526887899579
200.89999999999287,34.154077080330886,15.268255556213846,-1.0,-0.9241418387414259,-1.1073218632454893
200.99999999999287,33.95298719882967,15.17836023585991,-1.0,-0.9246474925335166,-0.8989540608487561
201.09999999999286,33.70472169016333,15.067375499742008,-1.0,-0.9339092565369335,-1.1098484196129612
201.19999999999285,33.50566623685833,14.978389651177853,-1.0,-0.9258773790099768,-0.8898593342775427
201.29999999999285,33.30712718175357,14.889634653521238,-1.0,-0.9246491078569254,-0.8875508230005732
201.39999999999284,33.02626935935263,14.764079833307727,-1.0,-0.9430141168720239,-1.2555493995203213
201.49999999999284,32.85987418701043,14.68969445294258,-1.0,-0.9371935000861804,-0.7438545130464128
201.59999999999283,32.612122737982205,14.578939522300239,-1.0,-0.9557417283874662,-1.1075503626657537
201.69999999999283,32.412766004017676,14.489818989080634,-1.0,-0.9554214888532233,-0.8912061821164943
201.79999999999282,32.16469838197482,14.378922716297032,-1.0,-0.9589499126464311,-1.1089637854263026
201.89999999999281,31.965398280919032,14.289827500281037,-1.0,-0.966504119816752,-0.8909530098389505
201.9999999999928,31.766679130606086,14.200991992773236,-1.0,-0.9666291500297074,-0.8883559222802336
202.0999999999928,31.51845554639326,14.09002599858382,-1.0,-0.9669065213439214,-1.10966100014935
202.1999999999928,31.319124435239008,14.00091691979803,-1.0,-0.9593254705941453,-0.8910916376691173
202.2999999999928,31.071409571865836,13.890178344425069,-1.0,-0.977580282082003,-1.1073868098159716
202.3999999999928,30.871936353992297,13.80100573818101,-1.0,-0.9777670732487437,-0.8917269128576438
202.49999999999278,30.62429319758832,13.690299218727118,-1.0,-0.9776678261586049,-1.1070662503195683
202.59999999999278,30.42467176715304,13.601060355465957,-1.0,-0.9704502685722142,-0.8923894836605334
202.69999999999277,30.17607968651117,13.489929628450154,-1.0,-0.988842539456309,-1.1113083299842448
202.79999999999276,29.97687687910157,13.400877906634003,-1.0,-0.9890558083880971,-0.890518067425722
202.89999999999276,29.728726635825257,13.289944698813219,-1.0,-0.9891563720333403,-1.109333136150359
202.99999999999275,29.529472230158024,13.200869910486386,-1.0,-0.9887461056285287,-0.8907487327525212
203.09999999999275,29.330470507185066,13.111908081556516,-1.0,-0.9777346415331618,-0.8896191377056223
203.19999999999274,29.082899286250008,13.001233720170326,-1.0,-0.9885789082860779,-1.106744669335864
203.29999999999274,28.83502550331295,12.89042410131671,-1.0,-0.9996062294010517,-1.1080972453000524
203.39999999999273,28.635462433411387,12.801211327577484,-1.0,-0.9814351888346545,-0.8921285881923757
203.49999999999272,28.435780439785837,12.711945390117709,-1.0,-0.9888754744775777,-0.8926602259048791
203.59999999999272,28.188593228837547,12.601442696746448,-1.0,-0.9887493557217614,-1.1050279875494224
203.6999999999927,27.98811089916612,12.51181897666381,-1.0,-0.9890009493932167,-0.8962380555455991
203.7999999999927,27.739701453637522,12.400769894939616,-1.0,-0.9890773539363773,-1.1104918762895124
203.8999999999927,27.49915253300276,12.293234786162278,-1.0,-0.9982973091098831,-1.0753521133090689
203.9999999999927,27.292570649403302,12.200884318466667,-1.0,-1.0000547908798538,-0.9235055576796487
204.0999999999927,27.094069095963825,12.112146085573096,-1.0,-0.9889408996328989,-0.8873831752102471
204.19999999999268,26.84580918818126,12.00116385327705,-1.0,-0.9998774868179682,-1.1098233813705087
204.29999999999268,26.646749555486576,11.91217613635646,-1.0,-0.9890020472201553,-0.8898780178597097
204.39999999999267,26.398861462460086,11.80136012031337,-1.0,-0.9998237624400629,-1.1081612172557935
204.49999999999267,26.199409744868355,11.712197125565956,-1.0,-0.9890519898140615,-0.8916307977995422
204.59999999999266,25.951589680775147,11.601411521210935,-1.0,-0.9998253706352885,-1.1078571000850732
204.69999999999266,25.75189903333493,11.512141715145559,-1.0,-0.9888948997359656,-0.8926989119977851
204.79999999999265,25.50411404604725,11.401371791543077,-1.0,-0.9997540109851858,-1.1077002924101298
204.89999999999264,25.31200504102673,11.31549128666501,-1.0,-0.9872276475677566,-0.8588058678017765
204.99999999999264,25.057084808835313,11.201531619642141,-1.0,-0.9996700987818204,-1.139597757033796
205.09999999999263,24.858509501944617,11.11276041596916,-1.0,-0.9995747860624793,-0.8877128833187968
205.19999999999263,24.60962273472538,11.001497952119664,-1.0,-0.9998688375745616,-1.1126256995775101
205.29999999999262,24.360580082143045,10.890165801200137,-1.0,-1.0001301038566792,-1.1133225709424082
205.39999999999262,24.161390544081605,10.80112001131997,-1.0,-1.0000466118475257,-0.8904587480093087
205.4999999999926,23.91228766756952,10.689760937865023,-1.0,-1.0110931903799503,-1.1135917965533675
205.5999999999926,23.713857294502613,10.601054525480507,-1.0,-1.0001950394932912,-0.8870649698162392
205.6999999999926,23.46645037121018,10.490453611793955,-1.0,-1.0106836462979627,-1.1060101916390335
205.7999999999926,23.266922492524323,10.401256569953253,-1.0,-0.9997576159363426,-0.8919712690571101
205.8999999999926,23.018863997436647,10.290364377288219,-1.0,-1.0014361594809746,-1.108922984201708
205.99999999999258,22.81911930018606,10.201070408768809,-1.0,-0.9999079084354199,-0.8929405367685567
206.09999999999258,22.57016532416357,10.089777899862575,-1.0,-1.0111850571964784,-1.112926150431419
206.19999999999257,22.37130821956472,10.000880721202389,-1.0,-1.0001425198475649,-0.8889726343922337
206.29999999999256,22.12249453974588,9.889650930380613,-1.0,-1.0112635674040154,-1.1122989689887175
206.39999999999256,21.92391047605828,9.8008758120648,-1.0,-1.0002431080304475,-0.8877520297844332
206.49999999999255,21.67602135719908,9.690059337432945,-1.0,-1.0110698582978612,-1.1081658031478188
206.59999999999255,21.476909374804272,9.60104821807645,-1.0,-1.0001826054157048,-0.8901120424419489
206.69999999999254,21.229207431680308,9.490315418578101,-1.0,-1.0109141123665537,-1.1073290510147649
206.79999999999254,21.029799290554234,9.401171904275504,-1.0,-1.0001008974043264,-0.8914359931655806
206.89999999999253,20.782312951850603,9.290535488684146,-1.0,-1.012478864565521,-1.106365211025668
206.99999999999253,20.583118738529183,9.201487608773437,-1.0,-1.000022959130564,-0.8904796483346561
207.09999999999252,20.332969614659778,9.089660820381004,-1.0,-1.0115507624840592,-1.1182689503887056
207.1999999999925,20.08447376031563,8.978573110417054,-0.007093348078797135,-1.1108781590554713,-1.1108781590554713
207.2999999999925,19.88541735901561,8.889586838060737,0.0,-1.000370865629339,-0.8898635722032068
207.3999999999925,19.83457149119388,8.866856676093436,0.0,-0.7426811892345374,-0.22730183644493393
207.4999999999925,19.78483589052423,8.844622848504422,0.0,-0.6125955139080648,-0.22233848792864702
207.5999999999925,19.83370974890535,8.8664714423934,0.0,-0.44637918167556795,0.2184861472544191
207.69999999999249,19.883460162564102,8.888711891988411,0.0,-0.3349152000543467,0.22240470805175938
207.79999999999248,19.93315820241944,8.91092892837237,0.0,-0.25533151780116053,0.22217057571795637
207.89999999999247,19.98287483088366,8.933154274617259,0.0,-0.19563336877520116,0.22225367440651467
207.99999999999247,19.98329136,8.93334048,0.0,-0.17368943273315576,0.001862055603207384
208.09999999999246,20.03254101728963,8.955357071219417,0.0,-0.13430387724374535,0.2201661221609484
208.19999999999246,20.033001040000002,8.955562720000001,0.0,-0.12190748024276278,0.002056489767063029
208.29999999999245,20.033001040000002,8.955562720000001,0.0,-0.11174852355586588,0.0
208.39999999999245,20.033001040000002,8.955562720000001,0.0,-0.10315248328233774,0.0
208.49999999999244,20.033001040000002,8.955562720000001,0.0,-0.09578444876217075,0.0
208.59999999999243,20.033001040000002,8.955562720000001,0.0,-0.08939881884469271,0.0
208.69999999999243,20.033001040000002,8.955562720000001,0.0,-0.08381139266689941,0.0
208.79999999999242,19.983682799324896,8.933515469229931,0.0,-0.09185029415472123,-0.2204727179598705
208.89999999999242,19.98329136,8.93334048,0.0,-0.08684471636657788,-0.0017498939681409285
208.9999999999924,19.9339054160327,8.911262963116611,0.0,-0.09389369863053156,-0.22077537938169783
209.0999999999924,19.93358168,8.91111824,0.0,-0.08927137532631976,-0.0014472325462958526
209.1999999999924,19.93358168,8.91111824,0.0,-0.03372746737354622,0.0
209.2999999999924,19.93358168,8.91111824,0.0,0.01076571123661412,0.0
209.3999999999924,19.88446132020035,8.889159449994631,0.0,0.01115139758539917,-0.21958810946923285
209.49999999999238,19.883872,8.888896,0.0,0.02213659685889347,-0.002634502458760824
209.59999999999238,19.835531297795256,8.867285748512518,0.0,0.0004071534478506389,-0.2161027209664377
209.69999999999237,19.83416232,8.866673760000001,0.0,-0.011019076502815122,-0.0061198909615559705
209.79999999999237,19.785088377251252,8.844735720296086,0.0,-0.03309663560155307,-0.2193806062568025
209.89999999999236,19.78445264,8.844451520000002,0.0,-0.04435141960543836,-0.002842005671191175
209.99999999999235,19.735447020165864,8.822544023405717,0.0,-0.055398281129059354,-0.21907517486921244
210.09999999999235,19.734742960000002,8.822229280000002,0.0,-0.06656395909004584,-0.0031474370587812293
210.19999999999234,19.685687154943103,8.800299348578847,0.0,-0.07763175974599283,-0.21929952335187705
210.29999999999234,19.68503328,8.80000704,0.0,-0.07777791417479955,-0.0029230885761344
210.39999999999233,19.68503328,8.80000704,0.0,-0.07777791417479955,0.0
210.49999999999233,19.68503328,8.80000704,0.0,-0.07777791417479955,0.0
210.59999999999232,19.63567816026134,8.77794330279507,0.0,-0.08880979329808486,-0.22063758246570608
210.69999999999231,19.635323600000007,8.777784800000003,0.0,-0.08888904477119836,-0.001585029462269839
210.7999999999923,19.635323600000007,8.777784800000003,0.0,-0.07786540887320484,0.0
210.8999999999923,19.635323600000007,8.777784800000003,0.0,-0.07777791417479779,0.0
210.9999999999923,19.635323600000007,8.777784800000003,0.0,-0.0667391452057129,0.0
211.0999999999923,19.635323600000007,8.777784800000003,0.0,-0.0666667835783981,0.0
211.1999999999923,19.635323600000007,8.777784800000003,0.0,-0.0666667835783981,0.0
211.29999999999228,19.635323600000007,8.777784800000003,0.0,-0.0666667835783981,0.0
211.39999999999227,19.58619922835503,8.75582421653731,0.0,-0.06666768030791528,-0.21960604405957646
211.49999999999227,19.58561392,8.755562560000001,0.0,-0.06666678357839899,-0.0026165678684349873
211.59999999999226,19.58561392,8.755562560000001,0.0,-0.055861647530077094,0.0
211.69999999999226,19.58561392,8.755562560000001,0.0,-0.055555652981999305,0.0
211.79999999999225,19.58561392,8.755562560000001,0.0,-0.044586622669159186,0.0
211.89999999999225,19.58561392,8.755562560000001,0.0,-0.04444452238559962,0.0
211.99999999999224,19.58561392,8.755562560000001,0.0,-0.033490763642139,0.0
212.09999999999224,19.58561392,8.755562560000001,0.0,-0.033333391789199945,0.0
212.19999999999223,19.58561392,8.755562560000001,0.0,-0.022368415621606092,0.0
212.29999999999222,19.542303640814424,8.736201111313772,0.0,-0.03190299476818108,-0.19361467150763415
212.39999999999222,19.53590424,8.733340320000002,0.0,-0.03333339178919905,-0.028607940420359527
212.4999999999922,19.53590424,8.733340320000002,0.0,-0.03333339178919905,0.0
212.5999999999922,19.53590424,8.733340320000002,0.0,-0.022301512665913747,0.0
212.6999999999922,19.53590424,8.733340320000002,0.0,-0.022222261192800255,0.0
212.7999999999922,19.53590424,8.733340320000002,0.0,-0.022222261192800255,0.0
212.8999999999922,19.53590424,8.733340320000002,0.0,-0.022222261192800255,0.0
212.99999999999218,19.53590424,8.733340320000002,0.0,-0.022222261192800255,0.0
213.09999999999218,19.53590424,8.733340320000002,0.0,-0.022222261192800255,0.0
213.19999999999217,19.53590424,8.733340320000002,0.0,-0.022222261192800255,0.0
213.29999999999217,19.486745198012716,8.711364237490287,0.0,-0.03321031292668051,-0.21976103467760508
213.39999999999216,19.535336721094083,8.733086616066847,0.0,-0.011368811077374147,0.2172239929265508
213.49999999999216,19.48654738107336,8.711275805307613,0.0,-0.022143398463784485,-0.2181083155966418
213.59999999999215,19.48619456,8.71111808,0.0,-0.022222261192800255,-0.0015772545803153992
213.69999999999214,19.48619456,8.71111808,0.0,-0.022222261192800255,0.0
213.79999999999214,19.48619456,8.71111808,0.0,-0.022222261192800255,0.0
213.89999999999213,19.48619456,8.71111808,0.0,-0.022222261192800255,0.0
213.99999999999213,19.48619456,8.71111808,0.0,-0.022222261192800255,0.0
214.09999999999212,19.48619456,8.71111808,0.0,-0.022222261192800255,0.0
214.19999999999212,19.48619456,8.71111808,0.0,-0.022222261192800255,0.0
214.2999999999921,19.48619456,8.71111808,0.0,-0.012541527617418549,0.0
214.3999999999921,19.48619456,8.71111808,0.0,-0.011111130596400573,0.0
214.4999999999921,19.48619456,8.71111808,0.0,-0.011111130596400573,0.0
214.5999999999921,19.48619456,8.71111808,0.0,-0.011111130596400573,0.0
214.6999999999921,19.437230739759148,8.689229269516629,0.0,-0.022055546275494543,-0.21888831358187938
214.79999999999208,19.485435778303014,8.710778873853874,0.0,-0.011280733831209951,0.21549624888569183
214.89999999999208,19.43718076093176,8.689206926956848,0.0,-0.022066717566038792,-0.2157196746965768
214.99999999999207,19.436484880000002,8.68889584,0.0,-0.022222261192800255,-0.0031108725352293034
215.09999999999206,19.436484880000002,8.68889584,0.0,-0.022222261192800255,0.0
215.19999999999206,19.436484880000002,8.68889584,0.0,-0.022222261192800255,0.0
215.29999999999205,19.436484880000002,8.68889584,0.0,-0.011234209458920001,0.0
215.39999999999205,19.436484880000002,8.68889584,0.0,-0.02209540910524754,0.0
215.49999999999204,19.436484880000002,8.68889584,0.0,-0.011189993325415452,0.0
215.59999999999204,19.436484880000002,8.68889584,0.0,-0.011111130596399682,0.0
215.69999999999203,19.436484880000002,8.68889584,0.0,-0.011111130596399682,0.0
215.79999999999202,19.436484880000002,8.68889584,0.0,-0.011111130596399682,0.0
215.89999999999202,19.436484880000002,8.68889584,0.0,-0.011111130596399682,0.0
215.999999999992,19.436484880000002,8.68889584,0.0,-0.011111130596399682,0.0
216.099999999992,19.436484880000002,8.68889584,0.0,-0.011111130596399682,0.0
216.199999999992,19.436484880000002,8.68889584,1.6852796897350344,0.0,0.0
216.299999999992,19.436484880000002,8.68889584,1.7,0.0,0.0
216.399999999992,19.534532915662393,8.732727282488028,1.7,0.14610494762996107,0.4383148428898832
216.49999999999199,19.66373919788249,8.790487722969695,1.7,0.25397994963839154,0.577604955663683
216.59999999999198,19.962963366510408,8.924253043709037,1.7,0.4707148563267406,1.337654483080137
216.69999999999197,20.31535225368846,9.081785146595308,1.7,0.6548161354735097,1.5753225312073553
216.79999999999197,20.775507622984822,9.287493231092983,1.7,0.8551399456578342,2.0570828067637814
216.89999999999196,21.268335404109177,9.507807206777658,1.7,1.0236401846914247,2.203141857926558
216.99999999999196,21.638961645656206,9.673492145605588,1.7,1.093996938434101,1.6568509683755126
217.09999999999195,22.07616772471294,9.868940968013169,1.7,1.1800462533929719,1.9544900880228084
217.19999999999195,22.565573212362327,10.087725039925557,1.7,1.271664121776645,2.1878428056133754
217.29999999999194,23.02165672036675,10.291612837531902,1.7,1.3355987716694966,2.0388799204908676
217.39999999999193,23.430494862124693,10.474380043180762,1.7,1.3734506968867786,1.8276737994941599
217.49999999999193,23.861416318936097,10.667019384943025,1.7,1.4129467367360304,1.9263952547763048
217.59999999999192,24.27397377804213,10.851449276063716,1.7,1.4417036656249016,1.8443006700690971
217.69999999999192,24.66562047815772,11.02653121111493,1.7,1.4610235002874188,1.750821020225178
217.7999999999919,25.025401805604336,11.187368034165035,1.7,1.4696909275859222,1.6083697643619783
217.8999999999919,25.415880028348987,11.361927612512856,1.7,1.4850190676205748,1.7455974482096686
217.9999999999919,25.8102939965784,11.538246628474061,1.7,1.499659739910167,1.7631918411228251
218.0999999999919,26.172523668430994,11.700177960621634,1.7,1.5056424962033947,1.6193148657747236
218.1999999999919,26.5153807417391,11.853448956708318,1.7,1.5822780673321128,1.5327114225743608
218.29999999999188,26.861017499859006,12.007962584471814,1.7,1.6595349548917704,1.5451377511931483
218.39999999999188,27.215234586783314,12.166311966679322,1.7,1.7167939793579712,1.5834953322139056
218.49999999999187,27.60397114232788,12.34009294925826,1.7,1.774804305729565,1.7378114830955587
218.59999999999187,27.956424032811785,12.497653664214122,1.7,1.7867020141843644,1.575608652176122
218.69999999999186,28.30822300641287,12.654922051842385,1.7,1.7865701564296113,1.5726853761122899
218.79999999999185,28.657530812648936,12.811076786776333,1.7,1.7617934580188472,1.561548838548495
218.89999999999185,29.00524806503708,12.966520479729294,1.7,1.729358285720399,1.5544384119575978
218.99999999999184,29.392329838381645,13.139561707652879,1.7,1.733036433775982,1.7304139294871748
219.09999999999184,29.742984989948983,13.296318760511914,1.7,1.713690530552018,1.5675720235435298
219.19999999999183,30.1403996499593,13.473979207215004,1.7,1.693128698338078,1.7766061613345665
219.29999999999183,30.498269597888772,13.633961566217845,1.7,1.6711759581005612,1.5998251157405343
219.39999999999182,30.84724973382865,13.789969819260081,1.7,1.657796469037574,1.5600840182344193
219.49999999999181,31.225415328417142,13.9590251542107,1.7,1.6460044543860104,1.6905549617450328
219.5999999999918,31.59000026942123,14.12200938704782,1.7,1.635281615018128,1.6298438827114512
219.6999999999918,31.93979901263027,14.27838359068964,1.7,1.625927740392881,1.563743527720234
219.7999999999918,32.31495112999833,14.446091779289146,1.7,1.6293634264441077,1.677083485386515
219.8999999999918,32.682823616100265,14.61054567791722,1.7,1.624310581765465,1.6445405546368217
219.9999999999918,33.072819376955,14.784889576262504,1.7,1.6233230220156947,1.743440646127414
220.09999999999178,33.43106175065892,14.945038424668248,1.7,1.6224317792948248,1.6014900113573258
220.19999999999177,33.81847295047801,15.11822691956638,1.7,1.6323905381979618,1.731886600637098
220.29999999999177,34.176711666084884,15.27837413265461,1.7,1.635207333546634,1.601473658166596
220.39999999999176,34.56416335937898,15.451580729775891,1.7,1.642635948088,1.7320676230412146
220.49999999999176,34.951520166098575,15.624744908755847,1.7,1.6423275459943933,1.7316434412234356
220.59999999999175,35.3175539807836,15.788376846801842,1.7,1.6453631604344476,1.6363209409772066
220.69999999999175,35.7069382211052,15.962447370704718,1.7,1.653764236583644,1.7407068990962147
220.79999999999174,36.05720665594798,16.11903154552742,1.7,1.6539789567327947,1.565843241531509
220.89999999999173,36.449113196625866,16.29422963983247,1.7,1.6638561668284801,1.7519826138713124
220.99999999999173,36.838139629109826,16.468140209142152,1.7,1.6642908379360641,1.7391073516388467
221.09999999999172,37.18413257336206,16.622813066530888,1.7,1.6632487392070914,1.5467300489640792
221.19999999999172,37.58928613586075,16.803933116040383,1.7,1.6649785422599628,1.8112022223919926
221.2999999999917,37.993043829234104,16.98442915552382,1.7,1.6752353922819547,1.8049621161803797
221.3999999999917,38.350911795465244,17.144410628627256,1.7,1.6772220042071357,1.5998162567380318
221.4999999999917,38.740035214741525,17.318364554960677,1.7,1.67967130223437,1.7395409222897154
221.5999999999917,39.138023872084105,17.49628160171585,1.7,1.6871377163139236,1.7791721643025271
221.6999999999917,39.48910708683919,17.653230016154627,1.7,1.6874248219862076,1.5694856411659108
221.79999999999168,39.88028756810081,17.82810353249815,1.7,1.6910074892749136,1.7487368311606442
221.89999999999168,40.26840261108251,18.001606673792754,0.4097738940376985,1.7350330676025034,1.7350330676025034
221.99999999999167,40.63660278824924,18.166207063596946,0.0,1.6460054677950648,1.6460054677950648
222.09999999999167,40.94710396563299,18.305013663923166,0.0,1.5170363974107102,1.3880673270263553
222.19999999999166,41.0885048645571,18.36822559190394,0.0,1.2220642258218855,0.632119882644236
222.29999999999166,41.10990536,18.37779248,0.0,0.940465412415825,0.09566897219764377
222.39999999999165,41.03145423270482,18.342721649147258,0.0,0.6822306013348103,-0.35070864298924853
222.49999999999164,40.93230623054546,18.298398477090913,0.0,0.49465347723524905,-0.4432321432625574
222.59999999999164,40.8334967677413,18.25422664583581,0.0,0.3608860185149511,-0.4417187338068364
222.69999999999163,40.772556591238875,18.226983919109763,0.0,0.2817218253171308,-0.27242752706761114
222.79999999999163,40.722703680841256,18.20469764932178,0.0,0.22565685467984217,-0.2228629104184669
222.89999999999162,40.67538553667227,18.183544522685725,0.0,0.1819380224025906,-0.2115314680926733
222.99999999999162,40.62381483889338,18.160490332374902,0.0,0.1444398273686884,-0.23054212297033383
223.0999999999916,40.57362025904096,18.1380513225044,0.0,0.11370398236293872,-0.22439031270030765
223.1999999999916,40.523790288516125,18.11577530776852,0.0,0.08782210988889481,-0.22276035979963196
223.2999999999916,40.5133892,18.1111256,0.0,0.07822787903766716,-0.046497122028292474
223.3999999999916,40.5133892,18.1111256,0.0,0.07301268710182268,0.0
223.4999999999916,40.552727208884896,18.128711283001024,0.0,0.07944045651549218,0.17585699772053465
223.59999999999158,40.602474744744484,18.150950446103266,0.0,0.08784936160939306,0.22239184311180726
223.69999999999158,40.61280856,18.15557008,0.0,0.0855353072435182,0.04619638302364543
223.79999999999157,40.652090186712975,18.173130557886928,0.0,0.09027581456434385,0.17560494633920543
223.89999999999156,40.66251824,18.177792320000002,0.0,0.08809290711556696,0.046617665588806007
223.99999999999156,40.66251824,18.177792320000002,0.0,0.005792633725813688,0.0
224.09999999999155,40.69913424042377,18.19416115498862,0.0,-0.05542630732591852,0.16368850599171036
224.19999999999155,40.750736060306565,18.217229258140208,0.0,-0.0754982388825975,0.23068125151065622
224.29999999999154,40.7619376,18.222236800000005,0.0,-0.07777791417479687,0.0500754663536563
224.39999999999154,40.8011624265585,18.2397718859177,0.0,-0.051474930705097656,0.17535102640473615
224.49999999999153,40.81164728,18.244459040000002,0.0,-0.026969744265807793,0.046871585523239764
224.59999999999152,40.84962828821284,18.261438088747603,0.0,0.003605724894583443,0.1697906494009885
224.69999999999152,40.86135696,18.266681280000004,0.0,0.019848699374315146,0.05243196252702294
224.7999999999915,40.898754350547726,18.28339942801715,0.0,0.03935092687565423,0.1671816396083147
224.8999999999915,40.91106664,18.28890352,0.0,0.05267954889627095,0.05504097231966122
224.9999999999915,40.91106664,18.28890352,0.0,0.06420665504478765,0.0
225.0999999999915,40.9486333327852,18.305697352973358,0.0,0.08382309517441221,0.1679384898921836
225.1999999999915,40.96077632,18.311125760000003,0.0,0.0976753192661852,0.05428412203582785
225.29999999999148,40.96077632,18.311125760000003,0.0,0.10000017536759982,0.0
225.39999999999148,40.99930531831694,18.32834978251551,0.0,0.10861219483841485,0.1722403894163004
225.49999999999147,41.010486,18.333348,0.0,0.1023184560779719,0.049982222511675514
225.59999999999147,41.010486,18.333348,0.0,0.09119886392238152,0.0
225.69999999999146,41.010486,18.333348,0.0,0.08888904477119926,0.0
225.79999999999146,41.04917893883857,18.350645310567604,0.0,0.08875746098604871,0.17297327063619428
225.89999999999145,41.06019568,18.355570240000002,0.0,0.08888904477119926,0.04924934129181717
225.99999999999145,41.06019568,18.355570240000002,0.0,0.08888904477119926,0.0
226.09999999999144,41.06019568,18.355570240000002,0.0,0.08070461947161374,0.0
226.19999999999143,41.06019568,18.355570240000002,0.0,0.06917055689608091,0.0
226.29999999999143,41.09933890003586,18.37306884449735,0.0,0.07541609417106489,0.17498621185333565
226.39999999999142,41.10990536,18.37779248,0.0,0.06901036285456008,0.04723640007464025
226.49999999999142,41.10990536,18.37779248,0.0,0.0666667835783981,0.0
226.5999999999914,41.10990536,18.37779248,0.0,0.05817725110834868,0.0
226.6999999999914,41.159216564316985,18.39983658523305,0.0,0.06657771610998106,0.22044126255967042
226.7999999999914,41.159615040000006,18.400014720000005,0.0,0.05830770159798414,0.0017813493683765458
226.8999999999914,41.159615040000006,18.400014720000005,0.0,0.05555565298200108,0.0
226.9999999999914,41.159615040000006,18.400014720000005,0.0,0.05555565298200108,0.0
227.09999999999138,41.159615040000006,18.400014720000005,0.0,0.04715872848739191,0.0
227.19999999999138,41.198459809988215,18.417379905240036,0.0,0.05312712328598958,0.17365201800778124
227.29999999999137,41.209324720000005,18.422236960000003,0.0,0.055555652981999305,0.04857059392019468
227.39999999999137,41.209324720000005,18.422236960000003,0.0,0.046943633511184295,0.0
227.49999999999136,41.209324720000005,18.422236960000003,0.0,0.044444522385600524,0.0
227.59999999999135,41.209324720000005,18.422236960000003,0.0,0.044444522385600524,0.0
227.69999999999135,41.209324720000005,18.422236960000003,0.0,0.044444522385600524,0.0
227.79999999999134,41.209324720000005,18.422236960000003,0.0,0.035795858853790795,0.0
227.89999999999134,41.209324720000005,18.422236960000003,0.0,0.03333339178919994,0.0
227.99999999999133,41.209324720000005,18.422236960000003,0.0,0.03333339178919994,0.0
228.09999999999133,41.209324720000005,18.422236960000003,0.0,0.03333339178919994,0.0
228.19999999999132,41.248461925876995,18.439732875924786,0.0,0.042081358094302426,0.17495932610204962
228.29999999999131,41.259034400000004,18.444459200000004,0.0,0.03569521179293374,0.04726328582596183
228.3999999999913,41.259034400000004,18.444459200000004,0.0,0.033333391789201715,0.0
228.4999999999913,41.259034400000004,18.444459200000004,0.0,0.033333391789201715,0.0
228.5999999999913,41.259034400000004,18.444459200000004,0.0,0.033333391789201715,0.0
228.6999999999913,41.259034400000004,18.444459200000004,0.0,0.022311328661218197,0.0
228.7999999999913,41.259034400000004,18.444459200000004,0.0,0.02222226119279937,0.0
228.89999999999128,41.259034400000004,18.444459200000004,0.0,0.02222226119279937,0.0
228.99999999999127,41.259034400000004,18.444459200000004,-0.7889218340424122,0.0,0.0
229.09999999999127,41.259034400000004,18.444459200000004,-1.0,-1.0,0.0
229.19999999999126,41.259034400000004,18.444459200000004,-1.0,-1.0,0.0
229.29999999999126,41.141592910660286,18.39195809836216,-1.0,-1.0,-0.5250115170684424
229.39999999999125,40.99281834117621,18.325449841037393,-1.0,-1.0,-0.6650832075204395
229.49999999999125,40.68769971191655,18.18904945769396,-1.0,-1.0,-1.3640051342509814
229.59999999999124,40.41628944356788,18.067718076729356,-1.0,-1.0,-1.2133149667533742
229.69999999999123,40.127979779652,17.938831981589377,-1.0,-1.0,-1.2888621805545497
229.79999999999123,39.83524417656311,17.807967312406515,-1.0,-0.795615618250043,-1.3086479398525572
229.89999999999122,39.57251093247643,17.690514912671237,-1.0,-0.8377166737186179,-1.1745251174672173
229.99999999999122,39.322932101172654,17.578943068150167,-1.0,-0.8655169572711298,-1.1157195092437364
230.0999999999912,39.120320809500726,17.488367615838996,-1.0,-0.8691749963289689,-0.9057553869073598
230.1999999999912,38.83909156291728,17.36264675397474,-1.0,-0.9015112314358275,-1.2572098176112714
230.2999999999912,38.58753453806499,17.250190576828686,-1.0,-0.918669047781321,-1.124562843927243
230.3999999999912,38.33190946665337,17.135915818131263,-1.0,-0.9346747355672476,-1.142748676784294
230.4999999999912,38.122844611107055,17.042455361425134,-1.0,-0.9346701170874654,-0.934605458370514
230.59999999999118,37.92189965137534,16.952624826970908,-1.0,-0.9323973723466119,-0.8983062012338108
230.69999999999118,37.722344973883395,16.86341580497864,-1.0,-0.9300264134254596,-0.8920910706870208
230.79999999999117,37.523657073172835,16.77459426730859,-1.0,-0.9277036251112397,-0.8882162237695008
230.89999999999117,37.324887390704006,16.685736169880762,-1.0,-0.9256445828262237,-0.8885818216959382
230.99999999999116,37.1258494605154,16.59675815485925,-1.0,-0.9238514036237337,-0.8897809987764239
231.09999999999116,36.92721161420433,16.50795899353277,-1.0,-0.9682510266297525,-0.887992460120376
231.19999999999115,36.72836426589251,16.419066176327977,-1.0,-1.0126974776195883,-0.8889290197967156
231.29999999999114,36.52942275513639,16.330131264697382,-1.0,-1.0309143999889747,-0.8893499644561702
231.39999999999114,36.344249626174424,16.247351377292276,-1.0,-1.0390502227880698,-0.8277996635023405
231.49999999999113,36.1426977678617,16.157249534595415,-1.0,-1.0159009303878985,-0.9010192862475569
231.59999999999113,35.896063971101945,16.046994239777455,-1.0,-1.0103628820330819,-1.102553999657039
231.69999999999112,35.68610435069621,15.953133786944827,-1.0,-0.9928500441778624,-0.9386054234501623
231.79999999999112,35.484851589982405,15.863165652986916,-1.0,-0.97240175706438,-0.8996821975829085
231.8999999999911,35.28544925603139,15.774024734726737,-1.0,-0.9582460028268516,-0.8914100327166481
231.9999999999911,35.09896830429147,15.69066019757838,-1.0,-0.9441423356901902,-0.8336461665105114
232.0999999999911,34.855094210642996,15.581638601807922,-1.0,-0.9533654162156484,-1.090216997416522
232.1999999999911,34.64006939141843,15.485513799983309,-1.0,-0.9385673720833125,-0.9612489349645557
232.2999999999911,34.44171117089686,15.396839642708445,-1.0,-0.9266763508075562,-0.8867424184121135
232.39999999999108,34.24275154524919,15.307896632987749,-1.0,-0.9140104642400615,-0.8894309454344068
232.49999999999108,34.003359193662206,15.200878557411112,-1.0,-0.9207892801400979,-1.0701817763712396
232.59999999999107,33.79723276958998,15.108731698568436,-1.0,-0.9219474434388341,-0.9214694672085302
232.69999999999106,33.59654423384243,15.01901579601926,-1.0,-0.9222008839589874,-0.8971598810900857
232.79999999999106,33.35943666655829,14.913019111550472,-1.0,-0.9307884655481127,-1.0599678555520051
232.89999999999105,33.14855784058475,14.818747736604946,-1.0,-0.933495106888216,-0.9427146484980098
232.99999999999105,32.90952740608938,14.711891452624434,-1.0,-0.9424342498927466,-1.0685638588670328
233.09999999999104,32.70154941783945,14.618916869613495,-1.0,-0.9445219627259756,-0.9297467167849542
233.19999999999104,32.50316123210012,14.53022931667282,-1.0,-0.9444193304960381,-0.8868763751979685
233.29999999999103,32.27192556311413,14.426857608531325,-1.0,-0.9516377356354955,-1.03371806724532
233.39999999999102,32.05652007390758,14.330562631809176,-1.0,-0.9583952867385197,-0.9629506855628249
233.49999999999102,31.8158727672376,14.222983540489864,-1.0,-0.9671339193835552,-1.0757919391482664
233.599999999991,31.607564864873222,14.129861472509587,-1.0,-0.9585672977949462,-0.9312215678848589
233.699999999991,31.40890003613753,14.041050248946622,-1.0,-0.9560426807524525,-0.8881130826002892
233.799999999991,31.171088421954977,13.934738827003208,-1.0,-0.9642143325382984,-1.063115233299827
233.899999999991,30.9227257947615,13.823710674970767,-1.0,-0.9751579598610853,-1.1102825791723896
233.999999999991,30.712806734997976,13.729868354387747,-1.0,-0.9803968565746178,-0.9384241007811639
234.09999999999098,30.51391128216108,13.640954032512205,-1.0,-0.9703432100392559,-0.8891440667092816
234.19999999999098,30.274782189914447,13.53405364452164,-1.0,-0.9757310082604368,-1.0690048993881711
234.29999999999097,30.065893850098025,13.440672097494941,-1.0,-0.9780847053810146,-0.9338163608236649
234.39999999999097,29.82881134671647,13.3346866176056,-1.0,-0.9866059485918284,-1.0598558096506763
234.49999999999096,29.629304741564322,13.245499085895954,-1.0,-0.977690668156059,-0.8918761676558544
234.59999999999096,29.422575891472988,13.153082918226929,-1.0,-0.9778253226976499,-0.9241625580403496
234.69999999999095,29.188158372389136,13.048288794239689,-1.0,-0.9853644406065456,-1.0479422392679996
234.79999999999094,28.97395092429369,12.952529390410001,-1.0,-0.9802457954054743,-0.9575949515305825
234.89999999999094,28.734369030093916,12.845426581609743,-1.0,-0.9866615184513504,-1.071029109415535
234.99999999999093,28.524907419598936,12.751788759374598,-1.0,-0.9800522812756067,-0.9363791153521632
235.09999999999093,28.28677343148779,12.645333223230269,-1.0,-0.9867927642705275,-1.0645563766833683
235.19999999999092,28.077367583275876,12.5517203289938,-1.0,-0.9892554372670123,-0.9361298351276629
235.29999999999092,27.839200374338937,12.445249941795034,-1.0,-0.9908047782732152,-1.0647048873693767
235.3999999999909,27.630046931809023,12.351749883119822,-1.0,-0.9894073179170244,-0.9350014784390063
235.4999999999909,27.433742359838423,12.263993789911659,-1.0,-0.9794958094090989,-0.8775617689897559
235.5999999999909,27.194509050721088,12.157046812759532,-1.0,-0.9864082705872608,-1.0694707914480956
235.6999999999909,26.95281719977737,12.049000767850059,-1.0,-0.9960256904324012,-1.0804614795030962
235.7999999999909,26.737461855002046,11.952728207719316,-1.0,-0.9910062547391588,-0.9627265194349812
235.89999999999088,26.53725299762351,11.863226740826116,-1.0,-0.980242901904805,-0.8950155224853159
235.99999999999088,26.316433500120215,11.764511483149992,-1.0,-0.9826793727749568,-0.9871535181841998
236.09999999999087,26.094567459255316,11.665328378210479,-1.0,-0.9878137692034844,-0.9918319952798311
236.19999999999087,25.852176704036566,11.556969894787285,-1.0,-0.9885428176150732,-1.0835858676199503
236.29999999999086,25.642810550864244,11.463374745841001,-1.0,-0.9886496186767191,-0.9359523820565822
236.39999999999085,25.4049503500169,11.357041603690861,-1.0,-0.9888234499728968,-1.0633324355742326
236.49999999999085,25.195878890218683,11.263578194616688,-1.0,-0.99096139069406,-0.9346349820791126
236.59999999999084,24.978793019988096,11.166532019528194,-1.0,-0.9932763966115559,-0.9704626763902662
236.69999999999084,24.753058523049454,11.06561955806697,-1.0,-0.9913355634976251,-1.009125576989385
236.79999999999083,24.52083345926679,10.961805550384893,-1.0,-0.9953628692645582,-1.0381410668692428
236.89999999999083,24.303919409305653,10.864836185914866,-1.0,-0.9902961422674352,-0.969694569473077
236.99999999999082,24.06213968381312,10.75675085752351,-1.0,-0.9975199022346549,-1.0808543146965583
237.0999999999908,23.813154121741604,10.645444228374256,-1.0,-0.9999454510503011,-1.1130673529962907
237.1999999999908,23.603862926940106,10.551882588855241,-1.0,-0.9999198236671338,-0.9356172874643256
237.2999999999908,23.365315557735336,10.445242254621807,-1.0,-1.0000047972655046,-1.0664043593367918
237.3999999999908,23.162377612619096,10.354520774992892,-1.0,-0.9986155064174256,-0.9072156614774222
237.4999999999908,22.92061364785236,10.246442492284212,-1.0,-1.0087766108580687,-1.0807838578026103
237.59999999999079,22.71901947182928,10.156321731857126,-1.0,-1.0003634944721749,-0.9012084637302206
237.69999999999078,22.475314301848154,10.047375651806693,-1.0,-1.0008135124718254,-1.0894618394961089
237.79999999999077,22.267770374631258,9.95459511165523,-1.0,-0.9990675008170589,-0.9278062863396512
237.89999999999077,22.026699610656703,9.84682671777247,-1.0,-1.0082009730221964,-1.0776849665880677
237.99999999999076,21.814167995108896,9.751816478955984,-1.0,-1.0063484618256853,-0.9501032942539781
238.09999999999076,21.575861573508696,9.645283858059193,-1.0,-1.01002322330885,-1.065327224943127
238.19999999999075,21.366713205597517,9.55178606794406,-1.0,-1.0025928695686823,-0.9349787928165959
238.29999999999075,21.13847389369133,9.449753852757517,-1.0,-1.006811406711922,-1.020323124921377
238.39999999999074,20.92239709094752,9.353158771698745,-1.0,-1.0019423715227647,-0.9659517317910854
238.49999999999073,20.682389256580183,9.245865550394742,-1.0,-1.008857284232254,-1.0729332362689006
238.59999999999073,20.472151397563263,9.151880713635377,-1.0,-1.0073266136079284,-0.9398492639037518
238.69999999999072,20.234144771112877,9.045482113311039,-1.0,-1.010069685655483,-1.0639870179404742
238.79999999999072,20.02486646129768,8.951926233902688,-0.20908956413359192,-0.9355596863027529,-0.9355596863027529
238.8999999999907,19.826572354607194,8.863280738106667,0.0,-0.8864558033503399,-0.8864558033503399
238.9999999999907,19.745266072332278,8.826933537355808,0.0,-0.624964078746588,-0.3634723541428362
239.0999999999907,19.69581142060499,8.80482530532132,0.0,-0.4903368962262651,-0.2210825311856193
239.1999999999907,19.724068196612002,8.817457228481036,0.0,-0.3361728341535271,0.1263193520646868
239.2999999999907,19.773886487179983,8.839728021803209,0.0,-0.22439663820026784,0.2227081456127693
239.39999999999068,19.823568931194764,8.86193808621487,0.0,-0.14998038917880757,0.22210085592849374
239.49999999999068,19.87346738241857,8.884244714596377,0.0,-0.09668797693214068,0.2230664965478607
239.59999999999067,19.92319021436835,8.906472834050529,0.0,-0.056816803999925045,0.22228140652558437
239.69999999999067,19.93358168,8.91111824,0.0,-0.04534225868917788,0.0464541037967995
239.79999999999066,19.93358168,8.91111824,0.0,-0.04080803282026009,0.0
239.89999999999065,19.972836993941,8.928666955012293,0.0,-0.021144819156538843,0.1754873174806736
239.99999999999065,19.98329136,8.93334048,0.0,-0.015488143022883932,0.0467352944473201
240.09999999999064,19.98329136,8.93334048,0.0,-0.014296747405739014,0.0
240.19999999999064,19.944015335505455,8.91578250653158,0.0,-0.025816972743204013,-0.175579902130249
240.29999999999063,19.93358168,8.91111824,0.0,-0.027205355213506723,-0.046642709797744694
240.39999999999063,19.93358168,8.91111824,0.0,-0.025505020512662555,0.0
240.49999999999062,19.93358168,8.91111824,0.0,-0.024004725188388285,0.0
240.59999999999062,19.894254089822905,8.893537214583281,0.0,-0.032438375001982066,-0.1758104218330763
240.6999999999906,19.883872,8.888896,0.0,-0.033173838954241815,-0.04641219009491739
240.7999999999906,19.844773619296756,8.871417440500142,0.0,-0.04025443509089359,-0.17478576168727727
240.8999999999906,19.83416232,8.866673760000001,0.0,0.0016965125645875749,-0.0474368502407164
240.9999999999906,19.83416232,8.866673760000001,0.0,0.019870130271729382,0.0
241.0999999999906,19.794885845184325,8.8491155852198,0.0,0.022145161068511186,-0.1755819152499835
241.19999999999058,19.78445264,8.844451520000002,0.0,0.013497158631376335,-0.046640696678010164
241.29999999999058,19.745167960606715,8.826889677441354,0.0,-0.006419178302732949,-0.17561859306941624
241.39999999999057,19.734742960000002,8.822229280000002,0.0,-0.01985442204208651,-0.04660401885857743
241.49999999999056,19.734742960000002,8.822229280000002,0.0,-0.031007746869479547,0.0
241.59999999999056,19.696821455406475,8.805276831779887,0.0,-0.05059804938938126,-0.16952464387244986
241.69999999999055,19.645908490443837,8.782516674673436,0.0,-0.06430084398534541,-0.22760178812248377
241.79999999999055,19.635323600000007,8.777784800000003,0.0,-0.0666667835783981,-0.047318791861053706
241.89999999999054,19.635323600000007,8.777784800000003,0.0,-0.07544114945243179,0.0
241.99999999999054,19.635323600000007,8.777784800000003,0.0,-0.0777779141747978,0.0
242.09999999999053,19.59821694784463,8.761196623817954,0.0,-0.08607201017568863,-0.16588192001781665
242.19999999999052,19.58561392,8.755562560000001,0.0,-0.08011004966468592,-0.05634069191019479
242.29999999999052,19.58561392,8.755562560000001,0.0,-0.07777791417479868,0.0
242.3999999999905,19.58561392,8.755562560000001,0.0,-0.07777791417479868,0.0
242.4999999999905,19.58561392,8.755562560000001,0.0,-0.07777791417479868,0.0
242.5999999999905,19.58561392,8.755562560000001,0.0,-0.06898739308314486,0.0
242.6999999999905,19.58561392,8.755562560000001,0.0,-0.066666783578399,0.0
242.7999999999905,19.54839852303761,8.738925770485492,0.0,-0.0662458981843366,-0.16636805380602976
242.89999999999048,19.53590424,8.733340320000002,0.0,-0.06666678357839897,-0.05585455812196393
242.99999999999048,19.53590424,8.733340320000002,0.0,-0.06666678357839897,0.0
243.09999999999047,19.53590424,8.733340320000002,0.0,-0.0578876878158998,0.0
243.19999999999047,19.53590424,8.733340320000002,0.0,-0.055555652981999305,0.0
243.29999999999046,19.53590424,8.733340320000002,0.0,-0.04677472332852849,0.0
243.39999999999046,19.53590424,8.733340320000002,0.0,-0.04444452238559962,0.0
243.49999999999045,19.53590424,8.733340320000002,0.0,-0.04444452238559962,0.0
243.59999999999044,19.53590424,8.733340320000002,0.0,-0.03596829019197713,0.0
243.69999999999044,19.53590424,8.733340320000002,0.0,-0.024588200785852943,0.0
243.79999999999043,19.496889650948148,8.715899218761537,0.0,-0.030942820128605608,-0.17441117871610703
243.89999999999043,19.48619456,8.71111808,0.0,-0.03333339178920083,-0.047811433211904404
243.99999999999042,19.48619456,8.71111808,0.0,-0.03333339178920083,0.0
244.09999999999042,19.48619456,8.71111808,0.0,-0.025039295788309997,0.0
244.1999999999904,19.48619456,8.71111808,0.0,-0.02222226119280026,0.0
244.2999999999904,19.48619456,8.71111808,0.0,-0.02222226119280026,0.0
244.3999999999904,19.48619456,8.71111808,0.0,-0.02222226119280026,0.0
244.4999999999904,19.4470056177635,8.693599035827406,0.0,-0.03098179163283673,-0.17519060880072942
244.5999999999904,19.436484880000002,8.68889584,0.0,-0.033333391789199945,-0.04703200312726426
244.69999999999038,19.436484880000002,8.68889584,0.0,-0.033333391789199945,0.0
244.79999999999038,19.436484880000002,8.68889584,0.0,-0.025014989098898453,0.0
244.89999999999037,19.436484880000002,8.68889584,0.0,-0.022222261192800255,0.0
244.99999999999037,19.436484880000002,8.68889584,0.0,-0.022222261192800255,0.0
245.09999999999036,19.436484880000002,8.68889584,0.0,-0.022222261192800255,0.0
245.19999999999035,19.436484880000002,8.68889584,0.0,-0.022222261192800255,0.0
245.29999999999035,19.436484880000002,8.68889584,0.0,-0.022222261192800255,0.0
245.39999999999034,19.436484880000002,8.68889584,0.0,-0.022222261192800255,0.0
245.49999999999034,19.39739408237643,8.671420670443842,0.0,-0.03095985430369768,-0.1747518622179485
245.59999999999033,19.3867752,8.666673600000001,0.0,-0.03333339178919994,-0.047470749710045175
245.69999999999033,19.3867752,8.666673600000001,0.0,-0.03333339178919994,0.0
245.79999999999032,19.425929950781008,8.684177359207377,0.0,-0.015860944903255993,0.17503775900277196
245.8999999999903,19.397103279109768,8.671290669607293,0.0,-0.01991372418756091,-0.12886701889800273
245.9999999999903,19.426090418868714,8.684249094940888,0.0,-0.013434505341698677,0.12958437691724464
246.0999999999903,19.397102722172335,8.671290420633708,0.0,-0.01991384867447206,-0.12958686665546765
246.1999999999903,19.3867752,8.666673600000001,0.0,-0.022222261192799374,-0.046168250366546246
246.2999999999903,19.3867752,8.666673600000001,0.0,-0.022222261192799374,0.0
246.39999999999029,19.3867752,8.666673600000001,0.0,-0.022222261192799374,0.0
246.49999999999028,19.3867752,8.666673600000001,0.0,-0.013462730752762896,0.0
246.59999999999027,19.3867752,8.666673600000001,0.0,-0.011111130596399685,0.0
246.69999999999027,19.3867752,8.666673600000001,0.0,-0.011111130596399685,0.0
246.79999999999026,19.3867752,8.666673600000001,0.0,-0.011111130596399685,0.0
246.89999999999026,19.3867752,8.666673600000001,0.0,-0.011111130596399685,0.0
246.99999999999025,19.3867752,8.666673600000001,0.0,-0.011111130596399685,0.0
247.09999999999025,19.3867752,8.666673600000001,0.0,-0.011111130596399685,0.0
247.19999999999024,19.3867752,8.666673600000001,0.0,-0.011111130596399685,0.0
247.29999999999023,19.3867752,8.666673600000001,0.0,-0.011111130596399685,0.0
247.39999999999023,19.3867752,8.666673600000001,0.0,-0.011111130596399685,0.0
247.49999999999022,19.3867752,8.666673600000001,0.0,-0.0023735374855022593,0.0
247.59999999999022,19.3867752,8.666673600000001,0.0,-6.938893903907229e-19,0.0
247.6999999999902,19.3867752,8.666673600000001,0.0,-6.938893903907229e-19,0.0
247.7999999999902,19.3867752,8.666673600000001,0.0,-0.008751887950138598,0.0
247.8999999999902,19.3867752,8.666673600000001,0.0,-0.0023085370052384627,0.0
247.9999999999902,19.3867752,8.666673600000001,0.0,-0.008787755851100695,0.0
248.0999999999902,19.3867752,8.666673600000001,0.0,-0.002308412518327312,0.0
248.19999999999018,19.3867752,8.666673600000001,0.0,0.0,0.0
248.29999999999018,19.3867752,8.666673600000001,0.0,0.0,0.0
248.39999999999017,19.3867752,8.666673600000001,0.0,0.0,0.0
248.49999999999017,19.3867752,8.666673600000001,0.0,0.0,0.0
248.59999999999016,19.3867752,8.666673600000001,0.0,0.0,0.0
248.69999999999015,19.3867752,8.666673600000001,0.0,0.0,0.0
248.79999999999015,19.3867752,8.666673600000001,0.0,0.0,0.0
248.89999999999014,19.3867752,8.666673600000001,0.0,0.0,0.0
248.99999999999014,19.3867752,8.666673600000001,0.0,0.0,0.0
249.09999999999013,19.3867752,8.666673600000001,0.0,0.0,0.0
249.19999999999013,19.3867752,8.666673600000001,0.0,0.0,0.0
249.29999999999012,19.3867752,8.666673600000001,0.0,0.0,0.0
249.39999999999011,19.3867752,8.666673600000001,0.0,0.0,0.0
249.4999999999901,19.3867752,8.666673600000001,0.0,0.0,0.0
249.5999999999901,19.3867752,8.666673600000001,0.0,0.0,0.0
249.6999999999901,19.3867752,8.666673600000001,0.0,0.0,0.0
249.7999999999901,19.3867752,8.666673600000001,0.0,0.0,0.0
249.8999999999901,19.3867752,8.666673600000001,0.0,0.0,0.0
249.99999999999008,19.3867752,8.666673600000001,0.0,0.0,0.0
250.09999999999008,19.3867752,8.666673600000001,0.0,0.0,0.0
250.19999999999007,19.3867752,8.666673600000001,0.0,0.0,0.0
250.29999999999006,19.3867752,8.666673600000001,0.0,0.0,0.0
250.39999999999006,19.3867752,8.666673600000001,0.0,0.0,0.0
250.49999999999005,19.3867752,8.666673600000001,0.0,0.0,0.0
250.59999999999005,19.3867752,8.666673600000001,0.0,0.0,0.0
250.69999999999004,19.3867752,8.666673600000001,0.0,0.0,0.0
250.79999999999004,19.3867752,8.666673600000001,0.0,0.0,0.0
250.89999999999003,19.3867752,8.666673600000001,0.0,0.0,0.0
250.99999999999002,19.3867752,8.666673600000001,0.0,0.0,0.0
251.09999999999002,19.3867752,8.666673600000001,0.0,0.0,0.0
251.19999999999,19.3867752,8.666673600000001,0.0,0.0,0.0
251.29999999999,19.3867752,8.666673600000001,0.0,0.0,0.0
251.39999999999,19.3867752,8.666673600000001,0.0,0.0,0.0
251.49999999999,19.3867752,8.666673600000001,0.0,0.0,0.0
251.59999999999,19.3867752,8.666673600000001,0.0,0.0,0.0
251.69999999998998,19.3867752,8.666673600000001,0.0,0.0,0.0
251.79999999998998,19.3867752,8.666673600000001,0.0,0.0,0.0
251.89999999998997,19.3867752,8.666673600000001,0.0,0.0,0.0
251.99999999998997,19.3867752,8.666673600000001,0.0,0.0,0.0
252.09999999998996,19.3867752,8.666673600000001,0.0,0.0,0.0
252.19999999998996,19.3867752,8.666673600000001,0.0,0.0,0.0
252.29999999998995,19.3867752,8.666673600000001,0.0,0.0,0.0
252.39999999998994,19.3867752,8.666673600000001,0.0,0.0,0.0
252.49999999998994,19.3867752,8.666673600000001,0.0,0.0,0.0
252.59999999998993,19.3867752,8.666673600000001,0.0,0.0,0.0
252.69999999998993,19.3867752,8.666673600000001,0.0,0.0,0.0
252.79999999998992,19.3867752,8.666673600000001,0.0,0.0,0.0
252.89999999998992,19.3867752,8.666673600000001,0.0,0.0,0.0
252.9999999999899,19.3867752,8.666673600000001,0.0,0.0,0.0
253.0999999999899,19.3867752,8.666673600000001,0.0,0.0,0.0
253.1999999999899,19.3867752,8.666673600000001,0.0,0.0,0.0
253.2999999999899,19.3867752,8.666673600000001,0.0,0.0,0.0
253.3999999999899,19.3867752,8.666673600000001,0.0,0.0,0.0
253.49999999998988,19.3867752,8.666673600000001,0.0,0.0,0.0
253.59999999998988,19.3867752,8.666673600000001,0.0,0.0,0.0
253.69999999998987,19.3867752,8.666673600000001,0.0,0.0,0.0
253.79999999998986,19.3867752,8.666673600000001,0.0,0.0,0.0
253.89999999998986,19.3867752,8.666673600000001,0.0,0.0,0.0
253.99999999998985,19.3867752,8.666673600000001,0.0,0.0,0.0
254.09999999998985,19.3867752,8.666673600000001,0.0,0.0,0.0
254.19999999998984,19.3867752,8.666673600000001,0.0,0.0,0.0
254.29999999998984,19.3867752,8.666673600000001,0.0,0.0,0.0
254.39999999998983,19.3867752,8.666673600000001,0.0,0.0,0.0
254.49999999998983,19.3867752,8.666673600000001,0.0,0.0,0.0
254.59999999998982,19.3867752,8.666673600000001,0.0,0.0,0.0
254.6999999999898,19.3867752,8.666673600000001,0.0,0.0,0.0
254.7999999999898,19.3867752,8.666673600000001,0.0,0.0,0.0
254.8999999999898,19.3867752,8.666673600000001,0.0,0.0,0.0
254.9999999999898,19.3867752,8.666673600000001,0.0,0.0,0.0
255.0999999999898,19.3867752,8.666673600000001,0.0,0.0,0.0
255.19999999998979,19.3867752,8.666673600000001,0.0,0.0,0.0
255.29999999998978,19.3867752,8.666673600000001,0.0,0.0,0.0
255.39999999998977,19.3867752,8.666673600000001,0.0,0.0,0.0
255.49999999998977,19.3867752,8.666673600000001,0.0,0.0,0.0
255.59999999998976,19.3867752,8.666673600000001,0.0,0.0,0.0
255.69999999998976,19.3867752,8.666673600000001,0.0,0.0,0.0
255.79999999998975,19.3867752,8.666673600000001,0.0,0.0,0.0
255.89999999998975,19.3867752,8.666673600000001,0.0,0.0,0.0
255.99999999998974,19.3867752,8.666673600000001,0.0,0.0,0.0
256.09999999998973,19.3867752,8.666673600000001,0.0,0.0,0.0
256.19999999998976,19.3867752,8.666673600000001,0.0,0.0,0.0
256.2999999999898,19.3867752,8.666673600000001,0.0,0.0,0.0
256.3999999999898,19.3867752,8.666673600000001,0.0,0.0,0.0
256.4999999999898,19.3867752,8.666673600000001,0.0,0.0,0.0
256.59999999998985,19.3867752,8.666673600000001,0.0,0.0,0.0
256.69999999998987,19.3867752,8.666673600000001,0.0,0.0,0.0
256.7999999999899,19.3867752,8.666673600000001,0.0,0.0,0.0
256.8999999999899,19.3867752,8.666673600000001,0.0,0.0,0.0
256.99999999998994,19.3867752,8.666673600000001,0.0,0.0,0.0
257.09999999998996,19.3867752,8.666673600000001,0.0,0.0,0.0
257.19999999999,19.3867752,8.666673600000001,0.0,0.0,0.0
257.29999999999,19.3867752,8.666673600000001,0.0,0.0,0.0
257.39999999999003,19.3867752,8.666673600000001,0.0,0.0,0.0
257.49999999999005,19.3867752,8.666673600000001,0.0,0.0,0.0
257.5999999999901,19.3867752,8.666673600000001,0.0,0.0,0.0
257.6999999999901,19.3867752,8.666673600000001,0.0,0.0,0.0
257.7999999999901,19.3867752,8.666673600000001,0.0,0.0,0.0
257.89999999999014,19.3867752,8.666673600000001,0.0,0.0,0.0
257.99999999999017,19.3867752,8.666673600000001,0.0,0.0,0.0
258.0999999999902,19.3867752,8.666673600000001,0.0,0.0,0.0
258.1999999999902,19.3867752,8.666673600000001,0.0,0.0,0.0
258.29999999999023,19.3867752,8.666673600000001,0.0,0.0,0.0
258.39999999999026,19.3867752,8.666673600000001,0.0,0.0,0.0
258.4999999999903,19.3867752,8.666673600000001,0.0,0.0,0.0
258.5999999999903,19.3867752,8.666673600000001,0.0,0.0,0.0
258.6999999999903,19.3867752,8.666673600000001,0.0,0.0,0.0
258.79999999999035,19.3867752,8.666673600000001,0.0,0.0,0.0
258.89999999999037,19.3867752,8.666673600000001,0.0,0.0,0.0
258.9999999999904,19.3867752,8.666673600000001,0.0,0.0,0.0
259.0999999999904,19.3867752,8.666673600000001,0.0,0.0,0.0
259.19999999999044,19.3867752,8.666673600000001,0.0,0.0,0.0
259.29999999999046,19.3867752,8.666673600000001,0.0,0.0,0.0
259.3999999999905,19.3867752,8.666673600000001,0.0,0.0,0.0
259.4999999999905,19.3867752,8.666673600000001,0.0,0.0,0.0
259.59999999999053,19.3867752,8.666673600000001,0.0,0.0,0.0
259.69999999999055,19.3867752,8.666673600000001,0.0,0.0,0.0
259.7999999999906,19.3867752,8.666673600000001,0.9835489754625542,0.0,0.0
259.8999999999906,19.3867752,8.666673600000001,1.75,0.0,0.0
259.9999999999906,19.443904043073022,8.692212506339592,1.75,0.12769465347706632,0.25538930695413264
260.09999999999064,19.601431225846127,8.762633536249819,1.75,0.31986675921477226,0.7042109706901841
260.19999999999067,19.86050021811586,8.878447867035616,1.75,0.5294361724987175,1.1581444123505535
260.2999999999907,20.20922725519931,9.034342974639554,1.75,0.7353394505534527,1.558952562772394
260.3999999999907,20.63730963533117,9.225713134154994,1.75,0.9317334454952442,1.9137034202042011
260.49999999999073,21.120248938767723,9.441606559870063,1.75,1.1070481412920397,2.158936316072813
260.59999999999076,21.582425221562232,9.648218074540193,1.75,1.2269317632685501,2.066117117104122
260.6999999999908,22.13293216447904,9.894316971317714,1.75,1.3640494912119807,2.4609913147594247
260.7999999999908,22.564528150095033,10.087257854771302,1.75,1.4205856095473108,1.9294106745652835
260.8999999999908,23.010448038279755,10.286602102732948,1.75,1.4726636796532977,1.9934443807131657
260.99999999999085,23.473045971329064,10.493402112142094,1.75,1.5222752118731833,2.0680020662919234
261.09999999999087,23.923260796746057,10.694666370974065,1.75,1.559995926938868,2.012644507727086
261.1999999999909,24.404313810195667,10.909716548677896,1.75,1.6021750627231324,2.1505038279185684
261.2999999999909,24.783078470583852,11.079039690300709,1.75,1.6082455939429894,1.693233031020987
261.39999999999094,25.168899411216294,11.251517274943376,1.75,1.6155288375279693,1.7247774913026688
261.49999999999096,25.551230193633167,11.422434617526461,1.75,1.6210374386043946,1.7091750558272008
261.599999999991,25.928200472059935,11.590955597747344,1.75,1.6246026592014653,1.6852114093516701
261.699999999991,26.354874660718167,11.78169623864804,1.75,1.6394871628252408,1.9074082280531979
261.79999999999103,26.718730326459777,11.944354455910148,1.75,1.6388419908765883,1.6265837238521947
261.89999999999105,27.04923183998424,12.09210201642359,1.75,1.7127158415849038,1.4774770141663076
261.9999999999911,27.39659425234325,12.247387081513947,1.75,1.7775889828281357,1.5528521318187676
262.0999999999911,27.83271578321607,12.442351066963528,1.75,1.8398605199845786,1.9496417138190392
262.1999999999911,28.179588981734835,12.597417433656124,1.75,1.8594865566548247,1.5506651457554828
262.29999999999114,28.55478930842183,12.76514717377348,1.75,1.8654038785547318,1.6772990007705322
262.39999999999117,28.93705720417216,12.936036403469965,1.75,1.8551634038791764,1.7088939266930951
262.4999999999912,29.255550866755247,13.078415968343453,1.75,1.8184064384042116,1.4237970065735215
262.5999999999912,29.61229064510639,13.237893095777505,1.75,1.7948392223107241,1.5947727952343715
262.69999999999123,30.010848135043506,13.41606443373784,1.75,1.7608754105117168,1.78171507877927
262.79999999999126,30.40884326379659,13.593984373475573,1.75,1.753364931491238,1.7792010941557095
262.8999999999913,30.799953372563177,13.768826430464014,1.75,1.741113824321069,1.7484222373097877
262.9999999999913,31.165217285882363,13.9321141914216,1.75,1.7193576793470124,1.6328791668107945
263.0999999999913,31.489962758425158,14.077288568519972,1.75,1.6913127117344473,1.4517451554757799
263.19999999999135,31.873632414151746,14.248804441691428,1.75,1.6695455387094669,1.7151603674189542
263.29999999999137,32.293014774579675,14.436285340083774,1.75,1.6786244257525342,1.8748107718823428
263.3999999999914,32.69533676386713,14.616139561700637,1.75,1.68231274775709,1.798543931393778
263.4999999999914,33.06333731982657,14.780650712741322,1.75,1.679109648931177,1.6451130793089406
263.59999999999144,33.43935107993219,14.948744090537543,1.75,1.6788958475149491,1.6809353810271173
263.69999999999146,33.80886374915312,15.113931217440557,1.75,1.6661190783312314,1.6518728443788442
263.7999999999915,34.18008545315014,15.279882352097443,1.75,1.667765538598808,1.659512929203721
263.8999999999915,34.58020478499211,15.4587518966375,1.75,1.6833265454522472,1.7886971512350962
263.99999999999153,34.94733436688739,15.622873687000595,1.75,1.6877449123022994,1.641219468819811
264.09999999999155,35.32382918462203,15.791182117037872,1.75,1.6744171218857755,1.683085905488566
264.1999999999916,35.719158684828635,15.967910412868205,1.75,1.685248096783867,1.7672846437173078
264.2999999999916,36.11243708755978,16.1437217850659,1.75,1.6892889166776626,1.7581153986464448
264.3999999999916,36.51615451764029,16.324199825226934,1.75,1.6940833264822426,1.8047821227847014
264.49999999999164,36.9134202600672,16.501793699739686,1.75,1.711690498093382,1.7759404387963027
264.59999999999167,37.314279299924074,16.68099392371757,1.75,1.7215520557700121,1.7920039487669723
264.6999999999917,37.68552285010745,16.84695482450444,1.75,1.7154468313608842,1.6596105905967053
264.7999999999917,38.06375790629092,17.016041211600925,1.75,1.7110300508280898,1.6908654834998313
264.89999999999173,38.460922625889054,17.193589924818202,1.75,1.7123833802331436,1.7754888254108625
264.99999999999176,38.84859383999856,17.366894656633672,1.75,1.7173918704385536,1.733048970918996
265.0999999999918,39.25000058753506,17.546339728124288,1.75,1.7345272339762317,1.794452426229346
265.1999999999918,39.64666925657793,17.723666686655324,1.75,1.7374327794269664,1.7732712764336387
265.2999999999918,40.01660721654913,17.889043935746255,1.75,1.726380944236407,1.6537740680711581
265.39999999999185,40.39836808520669,18.059706503799735,1.75,1.7217851130717896,1.7066273081014305
265.49999999999187,40.79515059714727,18.237084354716224,1.75,1.7282184691450184,1.7737802007735122
265.5999999999919,41.19442045442007,18.415574149723593,0.721836986188805,1.7848996522866474,1.7848996522866474
265.6999999999919,41.58707893279436,18.591108390629355,0.0,1.755344083084187,1.755344083084187
265.79999999999194,41.900355123319635,18.73115553420659,0.0,1.5779084272257229,1.4004727713672587
265.89999999999196,42.063543934635454,18.804107541348355,0.0,1.2951125405314392,0.729520767142872
265.999999999992,42.07473440927102,18.80911013667919,0.0,0.9838409056527984,0.05002600101687589
266.099999999992,41.995821992785146,18.773833090877872,0.0,0.7165185656339116,-0.35277079444163584
266.19999999999203,41.89909838073024,18.73059371937616,0.0,0.5250331167982094,-0.43239412738030136
266.29999999999205,41.82728902957566,18.698492031423207,0.0,0.4041687878734126,-0.3210171856753683
266.3999999999921,41.776863015815984,18.675949561224023,0.0,0.3254695747675117,-0.22542491697379455
266.4999999999921,41.69792886203076,18.640662797969622,0.0,0.2500987365638847,-0.35286796906513085
266.5999999999921,41.62734735096216,18.60911000425763,0.0,0.19353603910438688,-0.3155282380310938
266.69999999999214,41.578816657510934,18.587414818989096,0.0,0.15621893922335642,-0.21695205958694802
266.79999999999217,41.50049065560841,18.552399924253937,0.0,0.11402158751474605,-0.3501492812799682
266.8999999999922,41.45787312,18.533348160000003,0.0,0.09059547891889662,-0.19051782423129646
266.9999999999922,41.45787312,18.533348160000003,0.0,0.08412437328183257,0.0
267.09999999999224,41.48722298680067,18.546468739010216,0.0,0.08726314274503312,0.1312059152298406
267.19999999999226,41.5075828,18.5555704,0.0,0.087497739867102,0.09101669669813532
267.2999999999923,41.5075828,18.5555704,0.0,0.0823508139925666,0.0
267.3999999999923,41.5355928974432,18.568092047852215,0.0,0.08473224643397925,0.12521659793799444
267.4999999999923,41.55729248,18.577792640000002,0.0,0.0853782342000865,0.09700601399001699
267.59999999999235,41.58678473240811,18.590976871142782,0.0,0.08770144434820966,0.13184243716254948
267.6999999999924,41.63500100005273,18.612531495342797,0.0,0.010711562572063052,0.21554644756125518
267.7999999999924,41.65671184000001,18.622237120000005,0.0,-0.054459259039688956,0.09705633913221821
267.8999999999924,41.68544281682906,18.63508103013038,0.0,-0.08451333620718574,0.12843922379293676
267.99999999999244,41.706421520000006,18.644459360000003,0.0,-0.08232546685127755,0.09378338813503916
268.09999999999246,41.7356241637429,18.657514124341457,0.0,-0.05815953873346587,0.13054776791459805
268.1999999999925,41.785298412609116,18.67972052518984,0.0,-0.025436621351412288,0.22206422026077002
268.2999999999925,41.80584088,18.688903840000002,0.0,-0.004794100283612908,0.09183323568061928
268.39999999999253,41.80584088,18.688903840000002,0.0,0.006477145565076814,0.0
268.49999999999255,41.80584088,18.688903840000002,0.0,0.02412054401833335,0.0
268.5999999999926,41.83519972918806,18.702028434501134,0.0,0.046459259428754465,0.13124607017732862
268.6999999999926,41.883522925487085,18.72363086013984,0.0,0.06810808552830314,0.21602446240402554
268.7999999999926,41.90526024,18.73334832,0.0,0.09047428415603323,0.09717469127463318
268.89999999999264,41.90526024,18.73334832,0.0,0.10000017536759805,0.0
268.99999999999267,41.90526024,18.73334832,0.0,0.10000017536759805,0.0
269.0999999999927,41.93443807562597,18.746391994108563,0.0,0.09996172288010166,0.13043686547991293
269.1999999999927,41.954969919999996,18.75557056,0.0,0.10000017536759805,0.09178574644806298
269.29999999999274,41.98352591074669,18.768336244265335,0.0,0.1063830235874244,0.1276569643965269
269.39999999999276,42.0046796,18.777792800000004,0.0,0.10485047606710067,0.09456564753152008
269.4999999999928,42.0046796,18.777792800000004,0.0,0.10000017536759982,0.0
269.5999999999928,42.0046796,18.777792800000004,0.0,0.09340805350947234,0.0
269.6999999999928,42.033435310680986,18.79064776716381,0.0,0.08905822084304524,0.12854979423271343
269.79999999999285,42.05438928,18.800015040000005,0.0,0.08888904477119923,0.093672817695298
269.8999999999929,42.05438928,18.800015040000005,0.0,0.08246708358155239,0.0
269.9999999999929,42.05438928,18.800015040000005,0.0,0.07777791417480044,0.0
270.0999999999929,42.08256756487736,18.81261187444619,0.0,0.07754894900880767,0.12596846459474248
270.19999999999294,42.074686204569495,18.809088587225517,0.0,0.06468409270539661,-0.03523290580745146
270.29999999999296,42.08210527994104,18.812405214358996,0.0,0.06175074606959784,0.03316630296464375
270.399999999993,42.10409896,18.822237280000003,0.0,0.0666667835783999,0.09832075017604114
270.499999999993,42.13337988146818,18.835327037654586,0.0,0.0732116686473804,0.1308977013796101
270.59999999999303,42.126214151224815,18.832123666052855,0.0,0.06504767781016005,-0.03203374656707811
270.69999999999305,42.10409896,18.822237280000003,0.0,0.04930325694933217,-0.098863954812532
270.7999999999931,42.10409896,18.822237280000003,0.0,0.044444522385600524,0.0
270.8999999999931,42.133517326746336,18.835388481259898,0.0,0.051020129286535265,0.13151213801869496
270.9999999999931,42.15380864,18.84445952,0.0,0.05555565298199931,0.09071047390928097
271.09999999999314,42.18307248166277,18.857541642289906,0.0,0.05557487709100419,0.1308213476600106
271.19999999999317,42.20351832,18.866681760000002,0.0,0.05555565298200109,0.09140126426800085
271.2999999999932,42.20351832,18.866681760000002,0.0,0.04917280476217474,0.0
271.3999999999932,42.17515717405683,18.854003179252263,0.0,0.03810522596610507,-0.12678592838987335
271.49999999999324,42.182246536429425,18.857172411323177,0.0,0.03968984351277081,0.031692350933314635
271.59999999999326,42.20351832,18.866681760000002,0.0,0.04444452238559874,0.09509357745655872
271.6999999999933,42.20351832,18.866681760000002,0.0,0.03801703267396307,0.0
271.7999999999933,42.20351832,18.866681760000002,0.0,0.03333339178919816,0.0
271.8999999999933,42.23295959317735,18.879843201362178,0.0,0.03991411874615617,0.13161453913916016
271.99999999999335,42.253228,18.888904,0.0,0.04444452238559696,0.09060807278881575
272.0999999999934,42.2240167942657,18.875845408101664,0.0,0.031616796979864206,-0.1305860435199127
272.1999999999934,42.20351832,18.866681760000002,0.0,0.028796613849833612,-0.09163656840806321
272.2999999999934,42.20351832,18.866681760000002,0.0,0.02713829870160142,0.0
272.39999999999344,42.231437336847705,18.879162691137633,0.0,0.028462732712992305,0.12480943040385868
272.49999999999346,42.253228,18.888904,0.0,0.02678850672021766,0.09741318152411724
272.5999999999935,42.253228,18.888904,0.0,0.028390194048571564,0.0
272.6999999999935,42.253228,18.888904,0.0,0.03333339178919817,0.0
272.79999999999353,42.253228,18.888904,0.0,0.03333339178919817,0.0
272.89999999999355,42.253228,18.888904,0.0,0.026757784888263414,0.0
272.9999999999936,42.253228,18.888904,0.0,0.02222226119279937,0.0
273.0999999999936,42.253228,18.888904,0.0,0.01568119380979884,0.0
273.1999999999936,42.282647850311925,18.902055864473798,0.0,0.017687069104601463,0.13151877016405336
273.29999999999364,42.30293768,18.91112624,0.0,0.022222261192799367,0.09070384176395807
273.39999999999367,42.30293768,18.91112624,0.0,0.02856155761229303,0.0
273.4999999999937,42.274898116703724,18.89859141971822,0.0,0.02070952394766225,-0.12534832235930107
273.5999999999937,42.28157362583858,18.901575642632487,0.0,0.01744695795495806,0.029842257602474928
273.69999999999374,42.30293768,18.91112624,0.0,0.022222261192799367,0.09550606475682615
273.79999999999376,42.30293768,18.91112624,0.0,0.022222261192799367,0.0
273.8999999999938,42.30293768,18.91112624,0.0,0.01564153423584136,0.0
273.9999999999938,42.27376486275402,18.898084809310518,0.0,0.004590409033014145,-0.1304144312677285
274.0999999999938,42.28254295772181,18.90200897323829,0.0,0.013081795044083997,0.03924167670148428
274.19999999999385,42.30293768,18.91112624,0.0,0.02222226119279937,0.09117275456624421
274.2999999999939,42.30293768,18.91112624,0.0,0.02222226119279937,0.0
274.3999999999939,42.30293768,18.91112624,0.0,0.015981789672606432,0.0
274.4999999999939,42.27379790633994,18.898099581131554,0.0,0.004597794950575761,-0.13026671291649622
274.59999999999394,42.28250458008236,18.901991816879317,0.0,0.006543914680421712,0.03892239459691901
274.69999999999396,42.30293768,18.91112624,0.0,0.011111130596400572,0.0913443183195772
274.799999999994,42.30293768,18.91112624,0.0,0.011111130596400572,0.0
274.899999999994,42.30293768,18.91112624,0.0,0.011111130596400572,0.0
274.99999999999403,42.30293768,18.91112624,0.0,0.011111130596400572,0.0
275.09999999999405,42.30293768,18.91112624,0.0,0.011111130596400572,0.0
275.1999999999941,42.30293768,18.91112624,0.0,0.0045351920881979025,0.0
275.2999999999941,42.30293768,18.91112624,0.0,0.0,0.0
275.3999999999941,42.30293768,18.91112624,0.0,0.0,0.0
275.49999999999415,42.30293768,18.91112624,0.0,0.006267416117965052,0.0
275.59999999999417,42.30293768,18.91112624,0.0,0.004775303237841306,0.0
275.6999999999942,42.30293768,18.91112624,0.0,0.0,0.0
275.7999999999942,42.30293768,18.91112624,0.0,0.0,0.0
275.89999999999424,42.30293768,18.91112624,0.0,0.0,0.0
275.99999999999426,42.30293768,18.91112624,0.0,0.006520721563386425,0.0
276.0999999999943,42.30293768,18.91112624,0.0,0.004558637728312211,0.0
276.1999999999943,42.30293768,18.91112624,0.0,0.0,0.0
276.2999999999943,42.30293768,18.91112624,0.0,0.0,0.0
276.39999999999435,42.30293768,18.91112624,0.0,0.0,0.0
276.4999999999944,42.30293768,18.91112624,0.0,0.006513335645824811,0.0
276.5999999999944,42.30293768,18.91112624,0.0,0.00456721591597886,0.0
276.6999999999944,42.30293768,18.91112624,0.0,0.0,0.0
276.79999999999444,42.30293768,18.91112624,0.0,0.0,0.0
276.89999999999446,42.30293768,18.91112624,0.0,0.0,0.0
276.9999999999945,42.30293768,18.91112624,0.0,0.0,0.0
277.0999999999945,42.30293768,18.91112624,0.0,0.0,0.0
277.19999999999453,42.30293768,18.91112624,0.0,0.0,0.0
277.29999999999455,42.30293768,18.91112624,0.0,0.0,0.0
277.3999999999946,42.30293768,18.91112624,0.0,0.0,0.0
277.4999999999946,42.30293768,18.91112624,0.0,0.0,0.0
277.5999999999946,42.30293768,18.91112624,0.0,0.0,0.0
277.69999999999465,42.30293768,18.91112624,0.0,0.0,0.0
277.79999999999467,42.30293768,18.91112624,0.0,0.0,0.0
277.8999999999947,42.32245232339876,18.91985007586299,0.0,0.004361922091346833,0.08723844182693666
277.9999999999947,42.3332289332036,18.92466765685465,0.0,0.006770714884380302,0.048175855860669387
278.09999999999474,42.30293768,18.91112624,0.0,0.0,-0.13541429768760604
278.19999999999476,42.30293768,18.91112624,0.0,0.0,0.0
278.2999999999948,42.322186753249696,18.919731355251848,0.0,0.004302561729165858,0.08605123458331716
278.3999999999948,42.33337955410468,18.92473499049697,0.0,0.006804381737647754,0.05003640016963792
278.4999999999948,42.30293768,18.91112624,0.0,0.0,-0.13608763475295507
278.59999999999485,42.30293768,18.91112624,0.0,0.0,0.0
278.6999999999949,42.32215996240037,18.919719378657277,0.0,0.00429657342616937,0.0859314685233874
278.7999999999949,42.33347756984492,18.924778807502094,0.0,0.00682629026110369,0.0505943366986864
278.8999999999949,42.30293768,18.91112624,0.0,0.0,-0.1365258052220738
278.99999999999494,42.30293768,18.91112624,0.0,0.0,0.0
279.09999999999496,42.30293768,18.91112624,0.0,0.0,0.0
279.199999999995,42.30293768,18.91112624,0.0,0.0,0.0
279.299999999995,42.30293768,18.91112624,0.0,0.0,0.0
279.39999999999503,42.30293768,18.91112624,0.0,0.0,0.0
279.49999999999505,42.30293768,18.91112624,0.0,0.0,0.0
279.5999999999951,42.30293768,18.91112624,0.0,0.0,0.0
279.6999999999951,42.30293768,18.91112624,0.0,0.0,0.0
279.7999999999951,42.30293768,18.91112624,0.0,0.0,0.0
279.89999999999515,42.30293768,18.91112624,0.0,-0.004361922091346833,0.0
279.99999999999517,42.30293768,18.91112624,0.0,-0.006770714884380302,0.0
280.0999999999952,42.30293768,18.91112624,0.0,0.0,0.0
280.1999999999952,42.30293768,18.91112624,0.0,0.0,0.0
280.29999999999524,42.30293768,18.91112624,0.0,-0.004302561729165858,0.0
280.39999999999526,42.30293768,18.91112624,0.0,-0.006804381737647754,0.0
280.4999999999953,42.30293768,18.91112624,0.0,0.0,0.0
280.5999999999953,42.30293768,18.91112624,0.0,0.0,0.0
280.6999999999953,42.30293768,18.91112624,0.0,-0.00429657342616937,0.0
280.79999999999535,42.30293768,18.91112624,0.0,-0.00682629026110369,0.0
280.8999999999954,42.30293768,18.91112624,0.0,0.0,0.0
280.9999999999954,42.30293768,18.91112624,0.0,0.0,0.0
281.0999999999954,42.30293768,18.91112624,0.0,0.0,0.0
281.19999999999544,42.30293768,18.91112624,0.0,0.0,0.0
281.29999999999546,42.30293768,18.91112624,0.0,0.0,0.0
281.3999999999955,42.30293768,18.91112624,0.0,0.0,0.0
281.4999999999955,42.30293768,18.91112624,0.0,0.0,0.0
281.59999999999553,42.30293768,18.91112624,0.0,0.0,0.0
281.69999999999555,42.30293768,18.91112624,0.0,0.0,0.0
281.7999999999956,42.30293768,18.91112624,0.0,0.0,0.0
281.8999999999956,42.30293768,18.91112624,0.0,0.0,0.0
281.9999999999956,42.30293768,18.91112624,0.0,0.0,0.0
282.09999999999565,42.30293768,18.91112624,0.0,0.0,0.0
282.19999999999567,42.30293768,18.91112624,0.0,0.0,0.0
282.2999999999957,42.30293768,18.91112624,0.0,0.0,0.0
282.3999999999957,42.30293768,18.91112624,0.0,0.0,0.0
282.49999999999574,42.30293768,18.91112624,0.0,0.0,0.0
282.59999999999576,42.30293768,18.91112624,0.0,0.0,0.0
282.6999999999958,42.30293768,18.91112624,0.0,0.0,0.0
282.7999999999958,42.30293768,18.91112624,0.0,0.0,0.0
282.8999999999958,42.30293768,18.91112624,0.0,0.0,0.0
282.99999999999585,42.30293768,18.91112624,0.0,0.0,0.0
283.0999999999959,42.30293768,18.91112624,0.0,0.0,0.0
283.1999999999959,42.30293768,18.91112624,0.0,0.0,0.0
283.2999999999959,42.30293768,18.91112624,0.0,0.0,0.0
283.39999999999594,42.30293768,18.91112624,0.0,0.0,0.0
283.49999999999596,42.30293768,18.91112624,0.0,0.0,0.0
283.599999999996,42.30293768,18.91112624,0.0,0.0,0.0
283.699999999996,42.30293768,18.91112624,0.0,0.0,0.0
283.79999999999603,42.30293768,18.91112624,0.0,0.0,0.0
283.89999999999606,42.30293768,18.91112624,0.0,0.0,0.0
283.9999999999961,42.30293768,18.91112624,0.0,0.0,0.0
284.0999999999961,42.30293768,18.91112624,0.0,0.0,0.0
284.1999999999961,42.30293768,18.91112624,0.0,0.0,0.0
284.29999999999615,42.30293768,18.91112624,0.0,0.0,0.0
284.39999999999617,42.30293768,18.91112624,0.0,0.0,0.0
284.4999999999962,42.30293768,18.91112624,0.0,0.0,0.0
284.5999999999962,42.30293768,18.91112624,0.0,0.0,0.0
284.69999999999624,42.30293768,18.91112624,0.0,0.0,0.0
284.79999999999626,42.30293768,18.91112624,0.0,0.0,0.0
284.8999999999963,42.30293768,18.91112624,0.0,0.0,0.0
284.9999999999963,42.30293768,18.91112624,0.0,0.0,0.0
285.0999999999963,42.30293768,18.91112624,0.0,0.0,0.0
285.19999999999635,42.30293768,18.91112624,0.0,0.0,0.0
285.2999999999964,42.30293768,18.91112624,0.0,0.0,0.0
285.3999999999964,42.30293768,18.91112624,0.0,0.0,0.0
285.4999999999964,42.30293768,18.91112624,0.0,0.0,0.0
285.59999999999644,42.30293768,18.91112624,0.0,0.0,0.0
285.69999999999646,42.30293768,18.91112624,0.0,0.0,0.0
285.7999999999965,42.30293768,18.91112624,0.0,0.0,0.0
285.8999999999965,42.30293768,18.91112624,0.0,0.0,0.0
285.99999999999653,42.30293768,18.91112624,0.0,0.0,0.0
286.09999999999656,42.30293768,18.91112624,0.0,0.0,0.0
286.1999999999966,42.30293768,18.91112624,0.0,0.0,0.0
286.2999999999966,42.30293768,18.91112624,0.0,0.0,0.0
286.3999999999966,42.30293768,18.91112624,0.0,0.0,0.0
286.49999999999665,42.30293768,18.91112624,0.0,0.0,0.0
286.59999999999667,42.30293768,18.91112624,0.0,0.0,0.0
286.6999999999967,42.30293768,18.91112624,0.0,0.0,0.0
286.7999999999967,42.28519883707162,18.903196258859975,0.0,-0.003964994351326705,-0.0792998870265341
286.89999999999674,42.253228,18.888904,0.0,-0.011111130596400572,-0.14292272490147734
286.99999999999676,42.253228,18.888904,0.0,-0.011111130596400572,0.0
287.0999999999968,42.253228,18.888904,0.0,-0.011111130596400572,0.0
287.1999999999968,42.253228,18.888904,0.0,-0.011111130596400572,0.0
287.2999999999968,42.253228,18.888904,0.0,-0.011111130596400572,0.0
287.39999999999685,42.253228,18.888904,0.0,-0.011111130596400572,0.0
287.4999999999969,42.253228,18.888904,0.0,-0.011111130596400572,0.0
287.5999999999969,42.253228,18.888904,0.0,-0.011111130596400572,0.0
287.6999999999969,42.253228,18.888904,0.0,-0.011111130596400572,0.0
287.79999999999694,42.253228,18.888904,0.0,-0.011111130596400572,0.0
287.89999999999696,42.253228,18.888904,0.0,-0.011111130596400572,0.0
287.999999999997,42.253228,18.888904,0.0,-0.011111130596400572,0.0
288.099999999997,42.253228,18.888904,0.0,-0.011111130596400572,0.0
288.19999999999703,42.253228,18.888904,0.0,-0.011111130596400572,0.0
288.29999999999706,42.253228,18.888904,0.0,-0.011111130596400572,0.0
288.3999999999971,42.253228,18.888904,0.0,-0.011111130596400572,0.0
288.4999999999971,42.253228,18.888904,0.0,-0.011111130596400572,0.0
288.5999999999971,42.253228,18.888904,0.0,-0.011111130596400572,0.0
288.69999999999715,42.253228,18.888904,0.0,-0.011111130596400572,0.0
288.79999999999717,42.253228,18.888904,0.0,-0.0071461362450738666,0.0
288.8999999999972,42.253228,18.888904,0.0,0.0,0.0
288.9999999999972,42.253228,18.888904,0.0,0.0,0.0
289.09999999999724,42.253228,18.888904,0.0,0.0,0.0
289.19999999999726,42.253228,18.888904,0.0,0.0,0.0
289.2999999999973,42.253228,18.888904,0.0,0.0,0.0
289.3999999999973,42.253228,18.888904,0.0,0.0,0.0
289.4999999999973,42.253228,18.888904,0.0,0.0,0.0
289.59999999999735,42.253228,18.888904,0.0,0.0,0.0
289.6999999999974,42.253228,18.888904,0.0,0.0,0.0
289.7999999999974,42.253228,18.888904,0.0,0.0,0.0
289.8999999999974,42.253228,18.888904,0.0,0.0,0.0
289.99999999999744,42.253228,18.888904,0.0,0.0,0.0
290.09999999999746,42.253228,18.888904,0.0,0.0,0.0
290.1999999999975,42.253228,18.888904,0.0,0.0,0.0
290.2999999999975,42.253228,18.888904,0.0,0.0,0.0
290.39999999999753,42.253228,18.888904,0.0,0.0,0.0
290.49999999999756,42.253228,18.888904,0.0,0.0,0.0
290.5999999999976,42.253228,18.888904,0.0,0.0,0.0
290.6999999999976,42.253228,18.888904,0.0,0.0,0.0
290.7999999999976,42.253228,18.888904,0.0,0.0,0.0
290.89999999999765,42.253228,18.888904,0.0,0.0,0.0
290.99999999999767,42.253228,18.888904,0.0,0.0,0.0
291.0999999999977,42.253228,18.888904,0.0,0.0,0.0
291.1999999999977,42.253228,18.888904,0.0,0.0,0.0
291.29999999999774,42.253228,18.888904,0.0,0.0,0.0
291.39999999999776,42.253228,18.888904,0.0,0.0,0.0
291.4999999999978,42.253228,18.888904,0.0,0.0,0.0
291.5999999999978,42.253228,18.888904,0.0,0.0,0.0
291.69999999999783,42.253228,18.888904,0.0,0.0,0.0
291.79999999999785,42.253228,18.888904,0.0,0.0,0.0
291.8999999999979,42.253228,18.888904,0.0,0.0,0.0
291.9999999999979,42.253228,18.888904,0.0,0.0,0.0
292.0999999999979,42.253228,18.888904,0.0,0.0,0.0
292.19999999999794,42.253228,18.888904,0.0,0.0,0.0
292.29999999999797,42.253228,18.888904,0.0,0.0,0.0
292.399999999998,42.253228,18.888904,0.0,0.0,0.0
292.499999999998,42.253228,18.888904,0.0,0.0,0.0
292.59999999999803,42.253228,18.888904,0.0,0.0,0.0
292.69999999999806,42.253228,18.888904,0.0,0.0,0.0
292.7999999999981,42.253228,18.888904,0.0,0.0,0.0
292.8999999999981,42.253228,18.888904,0.0,0.0,0.0
292.9999999999981,42.253228,18.888904,0.0,0.0,0.0
293.09999999999815,42.253228,18.888904,0.0,0.0,0.0
293.19999999999817,42.253228,18.888904,0.0,0.0,0.0
293.2999999999982,42.253228,18.888904,0.0,0.0,0.0
293.3999999999982,42.253228,18.888904,0.0,0.0,0.0
293.49999999999824,42.253228,18.888904,0.0,0.0,0.0
293.59999999999826,42.253228,18.888904,0.0,0.0,0.0
293.6999999999983,42.253228,18.888904,0.0,0.0,0.0
293.7999999999983,42.253228,18.888904,0.0,0.0,0.0
293.89999999999833,42.253228,18.888904,0.0,0.0,0.0
293.99999999999835,42.253228,18.888904,0.0,0.0,0.0
294.0999999999984,42.253228,18.888904,0.0,0.0,0.0
294.1999999999984,42.253228,18.888904,0.0,0.0,0.0
294.2999999999984,42.253228,18.888904,0.0,0.0,0.0
294.39999999999844,42.253228,18.888904,0.0,0.0,0.0
294.49999999999847,42.253228,18.888904,0.0,0.0,0.0
294.5999999999985,42.253228,18.888904,0.0,0.0,0.0
294.6999999999985,42.253228,18.888904,0.0,0.0,0.0
294.79999999999853,42.253228,18.888904,0.0,0.0,0.0
294.89999999999856,42.253228,18.888904,0.0,0.0,0.0
294.9999999999986,42.253228,18.888904,0.0,0.0,0.0
295.0999999999986,42.253228,18.888904,0.0,0.0,0.0
295.1999999999986,42.233818212133784,18.880227038806286,0.0,-0.004338484734358616,-0.08676969468717231
295.29999999999865,42.20351832,18.866681760000002,0.0,-0.011111130596398797,-0.1354529172408036
295.39999999999867,42.20351832,18.866681760000002,0.0,-0.011111130596398797,0.0
295.4999999999987,42.20351832,18.866681760000002,0.0,-0.011111130596398797,0.0
295.5999999999987,42.20351832,18.866681760000002,0.0,-0.011111130596398797,0.0
295.69999999999874,42.20351832,18.866681760000002,0.0,-0.011111130596398797,0.0
295.79999999999876,42.20351832,18.866681760000002,0.0,-0.011111130596398797,0.0
295.8999999999988,42.20351832,18.866681760000002,0.0,-0.011111130596398797,0.0
295.9999999999988,42.20351832,18.866681760000002,0.0,-0.011111130596398797,0.0
296.09999999999883,42.20351832,18.866681760000002,0.0,-0.011111130596398797,0.0
296.19999999999885,42.20351832,18.866681760000002,0.0,-0.011111130596398797,0.0
296.2999999999989,42.222880073047634,18.875337247684598,0.0,-0.006783382626838762,0.0865549593912007
296.3999999999989,42.253228,18.888904,0.0,-1.3877787807814458e-18,0.1356676525367752
296.4999999999989,42.253228,18.888904,0.0,-1.3877787807814458e-18,0.0
296.59999999999894,42.253228,18.888904,0.0,-1.3877787807814458e-18,0.0
296.69999999999897,42.253228,18.888904,0.0,-1.3877787807814458e-18,0.0
296.799999999999,42.253228,18.888904,0.0,-1.3877787807814458e-18,0.0
296.899999999999,42.253228,18.888904,0.0,-1.3877787807814458e-18,0.0
296.99999999999903,42.253228,18.888904,0.0,-1.3877787807814458e-18,0.0
297.09999999999906,42.233835334764166,18.88023469331546,0.0,-0.004334657476120741,-0.0866931495224148
297.1999999999991,42.20351832,18.866681760000002,0.0,-0.0067726458620401804,-0.1355294624055611
297.2999999999991,42.20351832,18.866681760000002,0.0,0.0,0.0
297.3999999999991,42.20351832,18.866681760000002,0.0,0.0,0.0
297.49999999999915,42.20351832,18.866681760000002,0.0,0.0,0.0
297.59999999999917,42.20351832,18.866681760000002,0.0,0.0,0.0
297.6999999999992,42.20351832,18.866681760000002,0.0,0.0,0.0
297.7999999999992,42.20351832,18.866681760000002,0.0,0.0,0.0
297.89999999999924,42.20351832,18.866681760000002,0.0,0.0,0.0
297.99999999999926,42.20351832,18.866681760000002,0.0,0.0,0.0
298.0999999999993,42.20351832,18.866681760000002,0.0,0.0,0.0
298.1999999999993,42.20351832,18.866681760000002,0.0,0.0,0.0
298.29999999999933,42.20351832,18.866681760000002,0.0,-0.0043277479695600345,0.0
298.39999999999935,42.20351832,18.866681760000002,0.0,-0.011111130596398795,0.0
298.4999999999994,42.20351832,18.866681760000002,0.0,-0.011111130596398795,0.0
298.5999999999994,42.20351832,18.866681760000002,0.0,-0.011111130596398795,0.0
298.6999999999994,42.20351832,18.866681760000002,0.0,-0.011111130596398795,0.0
298.79999999999944,42.20351832,18.866681760000002,0.0,-0.011111130596398795,0.0
298.89999999999947,42.20351832,18.866681760000002,0.0,-0.011111130596398795,0.0
298.9999999999995,42.20351832,18.866681760000002,0.0,-0.011111130596398795,0.0
299.0999999999995,42.20351832,18.866681760000002,0.0,-0.006776473120278055,0.0
299.19999999999953,42.20351832,18.866681760000002,0.0,0.0,0.0
299.29999999999956,42.20351832,18.866681760000002,0.0,0.0,0.0
299.3999999999996,42.20351832,18.866681760000002,0.0,0.0,0.0
299.4999999999996,42.20351832,18.866681760000002,0.0,0.0,0.0
299.5999999999996,42.20351832,18.866681760000002,0.0,0.0,0.0
299.69999999999965,42.20351832,18.866681760000002,0.0,0.0,0.0
299.79999999999967,42.20351832,18.866681760000002,0.0,0.0,0.0
299.8999999999997,42.20351832,18.866681760000002,0.0,0.0,0.0
299.9999999999997,42.20351832,18.866681760000002,0.0,0.0,0.0
300.09999999999974,42.20351832,18.866681760000002,0.0,0.0,0.0
300.19999999999976,42.20351832,18.866681760000002,0.0,0.0,0.0
300.2999999999998,42.20351832,18.866681760000002,0.0,0.0,0.0
300.3999999999998,42.20351832,18.866681760000002,0.0,0.0,0.0
300.49999999999983,42.20351832,18.866681760000002,0.0,0.0,0.0
300.59999999999985,42.20351832,18.866681760000002,0.0,0.0,0.0
300.6999999999999,42.20351832,18.866681760000002,0.0,0.0,0.0
300.7999999999999,42.20351832,18.866681760000002,0.0,0.0,0.0
300.8999999999999,42.20351832,18.866681760000002,0.0,0.0,0.0
300.99999999999994,42.20351832,18.866681760000002,0.0,0.0,0.0
301.09999999999997,42.20351832,18.866681760000002,0.0,0.0,0.0
301.2,42.20351832,18.866681760000002,0.0,0.0,0.0
301.3,42.20351832,18.866681760000002,0.0,0.0,0.0
301.40000000000003,42.20351832,18.866681760000002,0.0,0.0,0.0
301.50000000000006,42.20351832,18.866681760000002,0.0,0.0,0.0
301.6000000000001,42.20351832,18.866681760000002,0.0,0.0,0.0
301.7000000000001,42.20351832,18.866681760000002,0.0,0.0,0.0
301.8000000000001,42.20351832,18.866681760000002,0.0,0.0,0.0
301.90000000000015,42.20351832,18.866681760000002,0.0,0.0,0.0
302.00000000000017,42.20351832,18.866681760000002,0.0,0.0,0.0
302.1000000000002,42.20351832,18.866681760000002,0.0,0.0,0.0
302.2000000000002,42.20351832,18.866681760000002,0.0,0.0,0.0
302.30000000000024,42.20351832,18.866681760000002,0.0,0.0,0.0
302.40000000000026,42.20351832,18.866681760000002,0.0,0.0,0.0
302.5000000000003,42.20351832,18.866681760000002,0.0,0.0,0.0
302.6000000000003,42.20351832,18.866681760000002,0.0,0.0,0.0
302.70000000000033,42.20351832,18.866681760000002,0.0,0.0,0.0
302.80000000000035,42.20351832,18.866681760000002,0.0,0.0,0.0
302.9000000000004,42.20351832,18.866681760000002,0.0,0.0,0.0
303.0000000000004,42.20351832,18.866681760000002,0.0,0.0,0.0
303.1000000000004,42.20351832,18.866681760000002,0.0,0.0,0.0
303.20000000000044,42.20351832,18.866681760000002,0.0,0.0,0.0
303.30000000000047,42.20351832,18.866681760000002,0.0,0.0,0.0
303.4000000000005,42.20351832,18.866681760000002,0.0,0.0,0.0
303.5000000000005,42.20351832,18.866681760000002,0.0,0.0,0.0
303.60000000000053,42.20351832,18.866681760000002,0.0,0.0,0.0
303.70000000000056,42.20351832,18.866681760000002,0.0,0.0,0.0
303.8000000000006,42.20351832,18.866681760000002,0.0,0.0,0.0
303.9000000000006,42.20351832,18.866681760000002,0.0,0.0,0.0
304.0000000000006,42.20351832,18.866681760000002,0.0,0.0,0.0
304.10000000000065,42.20351832,18.866681760000002,0.0,0.0,0.0
304.20000000000067,42.20351832,18.866681760000002,0.0,0.0,0.0
304.3000000000007,42.20351832,18.866681760000002,0.0,0.0,0.0
304.4000000000007,42.20351832,18.866681760000002,0.0,0.0,0.0
304.50000000000074,42.20351832,18.866681760000002,0.0,0.0,0.0
304.60000000000076,42.20351832,18.866681760000002,0.0,0.0,0.0
304.7000000000008,42.20351832,18.866681760000002,0.0,0.0,0.0
304.8000000000008,42.20351832,18.866681760000002,0.0,0.0,0.0
304.90000000000083,42.20351832,18.866681760000002,0.0,0.0,0.0
305.00000000000085,42.20351832,18.866681760000002,0.0,0.0,0.0
305.1000000000009,42.20351832,18.866681760000002,0.0,0.0,0.0
305.2000000000009,42.20351832,18.866681760000002,0.0,0.0,0.0
305.3000000000009,42.20351832,18.866681760000002,0.0,0.0,0.0
305.40000000000094,42.20351832,18.866681760000002,0.0,0.0,0.0
305.50000000000097,42.20351832,18.866681760000002,0.0,0.0,0.0
305.600000000001,42.20351832,18.866681760000002,0.0,0.0,0.0
305.700000000001,42.20351832,18.866681760000002,0.0,0.0,0.0
305.80000000000103,42.20351832,18.866681760000002,0.0,0.0,0.0
305.90000000000106,42.20351832,18.866681760000002,0.0,0.0,0.0
306.0000000000011,42.20351832,18.866681760000002,0.0,0.0,0.0
306.1000000000011,42.20351832,18.866681760000002,0.0,0.0,0.0
306.2000000000011,42.20351832,18.866681760000002,0.0,0.0,0.0
306.30000000000115,42.20351832,18.866681760000002,0.0,0.0,0.0
306.40000000000117,42.20351832,18.866681760000002,0.0,0.0,0.0
306.5000000000012,42.20351832,18.866681760000002,0.0,0.0,0.0
306.6000000000012,42.20351832,18.866681760000002,0.0,0.0,0.0
306.70000000000124,42.20351832,18.866681760000002,0.0,0.0,0.0
306.80000000000126,42.20351832,18.866681760000002,0.0,0.0,0.0
306.9000000000013,42.20351832,18.866681760000002,0.0,0.0,0.0
307.0000000000013,42.20351832,18.866681760000002,0.0,0.0,0.0
307.10000000000133,42.20351832,18.866681760000002,0.0,0.0,0.0
307.20000000000135,42.20351832,18.866681760000002,0.0,0.0,0.0
307.3000000000014,42.20351832,18.866681760000002,0.0,0.0,0.0
307.4000000000014,42.20351832,18.866681760000002,0.0,0.0,0.0
307.5000000000014,42.20351832,18.866681760000002,0.0,0.0,0.0
307.60000000000144,42.20351832,18.866681760000002,0.0,0.0,0.0
307.70000000000147,42.20351832,18.866681760000002,0.0,0.0,0.0
307.8000000000015,42.20351832,18.866681760000002,0.0,0.0,0.0
307.9000000000015,42.20351832,18.866681760000002,0.0,0.0,0.0
308.00000000000153,42.19394492499985,18.862402064751347,0.0,-0.0021398496650473953,-0.042796993300947904
308.10000000000156,42.163342408363114,18.848721500537184,0.0,-0.008980138295536188,-0.13680577260977583
308.2000000000016,42.20351832,18.866681760000002,0.0,0.0,0.17960276591072374
308.3000000000016,42.20351832,18.866681760000002,0.0,0.0,0.0
308.4000000000016,42.19412276742597,18.862481567517715,0.0,-0.0021000982439532473,-0.04200196487906494
308.50000000000165,42.16328619974164,18.848696373007165,0.0,-0.008992702072527625,-0.13785207657148757
308.60000000000167,42.20351832,18.866681760000002,0.0,1.3877787807814458e-18,0.17985404145055253
308.7000000000017,42.20351832,18.866681760000002,0.0,1.3877787807814458e-18,0.0
308.8000000000017,42.194620175775015,18.862703929192758,0.0,-0.0019889173004014613,-0.03977834600802925
308.90000000000174,42.15380864,18.84445952,0.0,-0.01111113059640057,-0.1824442659199822
309.00000000000176,42.15380864,18.84445952,0.0,-0.01111113059640057,0.0
309.1000000000018,42.15380864,18.84445952,0.0,-0.01111113059640057,0.0
309.2000000000018,42.15380864,18.84445952,0.0,-0.01111113059640057,0.0
309.30000000000183,42.15380864,18.84445952,0.0,-0.01111113059640057,0.0
309.40000000000185,42.15380864,18.84445952,0.0,-0.01111113059640057,0.0
309.5000000000019,42.15380864,18.84445952,0.0,-0.01111113059640057,0.0
309.6000000000019,42.15380864,18.84445952,0.0,-0.01111113059640057,0.0
309.7000000000019,42.15380864,18.84445952,0.0,-0.01111113059640057,0.0
309.80000000000194,42.15380864,18.84445952,0.0,-0.01111113059640057,0.0
309.90000000000197,42.15380864,18.84445952,0.0,-0.01111113059640057,0.0
310.000000000002,42.15380864,18.84445952,0.0,-0.008971280931353177,0.0
310.100000000002,42.15380864,18.84445952,0.0,-0.0021309923008643846,0.0
310.20000000000203,42.15380864,18.84445952,0.0,-0.01111113059640057,0.0
310.30000000000206,42.15380864,18.84445952,0.0,-0.01111113059640057,0.0
310.4000000000021,42.15380864,18.84445952,0.0,-0.009011032352447323,0.0
310.5000000000021,42.15380864,18.84445952,0.0,-0.002118428523872945,0.0
310.6000000000021,42.15380864,18.84445952,0.0,-0.011111130596400573,0.0
310.70000000000215,42.15380864,18.84445952,0.0,-0.011111130596400573,0.0
310.80000000000217,42.15380864,18.84445952,0.0,-0.00912221329599911,0.0
310.9000000000022,42.15380864,18.84445952,0.0,0.0,0.0
311.0000000000022,42.15380864,18.84445952,0.0,0.0,0.0
311.10000000000224,42.15380864,18.84445952,0.0,0.0,0.0
311.20000000000226,42.15380864,18.84445952,0.0,0.0,0.0
311.3000000000023,42.15380864,18.84445952,0.0,0.0,0.0
311.4000000000023,42.15380864,18.84445952,0.0,0.0,0.0
311.50000000000233,42.15380864,18.84445952,0.0,0.0,0.0
311.60000000000235,42.15380864,18.84445952,0.0,0.0,0.0
311.7000000000024,42.15380864,18.84445952,0.0,0.0,0.0
311.8000000000024,42.15380864,18.84445952,0.0,0.0,0.0
311.9000000000024,42.15380864,18.84445952,0.0,0.0,0.0
312.00000000000244,42.15380864,18.84445952,0.0,0.0,0.0
312.10000000000247,42.15380864,18.84445952,0.0,0.0,0.0
312.2000000000025,42.15380864,18.84445952,0.0,0.0,0.0
312.3000000000025,42.15380864,18.84445952,0.0,0.0,0.0
312.40000000000254,42.15380864,18.84445952,0.0,0.0,0.0
312.50000000000256,42.15380864,18.84445952,0.0,0.0,0.0
312.6000000000026,42.15380864,18.84445952,0.0,0.0,0.0
312.7000000000026,42.15380864,18.84445952,0.0,0.0,0.0
312.8000000000026,42.15380864,18.84445952,0.0,0.0,0.0
312.90000000000265,42.15380864,18.84445952,0.0,0.0,0.0
313.0000000000027,42.15380864,18.84445952,0.0,0.0,0.0
313.1000000000027,42.15380864,18.84445952,0.0,0.0,0.0
313.2000000000027,42.15380864,18.84445952,0.0,0.0,0.0
313.30000000000274,42.15380864,18.84445952,0.0,0.0,0.0
313.40000000000276,42.15380864,18.84445952,0.0,0.0,0.0
313.5000000000028,42.15380864,18.84445952,0.0,0.0,0.0
313.6000000000028,42.15380864,18.84445952,0.0,0.0,0.0
313.70000000000283,42.15380864,18.84445952,0.0,0.0,0.0
313.80000000000285,42.15380864,18.84445952,0.0,0.0,0.0
313.9000000000029,42.15380864,18.84445952,0.0,0.0,0.0
314.0000000000029,42.15380864,18.84445952,0.0,0.0,0.0
314.1000000000029,42.15380864,18.84445952,0.0,0.0,0.0
314.20000000000294,42.15380864,18.84445952,0.0,0.0,0.0
314.30000000000297,42.15380864,18.84445952,0.0,0.0,0.0
314.400000000003,42.15380864,18.84445952,0.0,0.0,0.0
314.500000000003,42.15380864,18.84445952,0.0,0.0,0.0
314.60000000000304,42.15380864,18.84445952,0.0,0.0,0.0
314.70000000000306,42.15380864,18.84445952,0.0,0.0,0.0
314.8000000000031,42.15380864,18.84445952,0.0,0.0,0.0
314.9000000000031,42.15380864,18.84445952,0.0,0.0,0.0
315.0000000000031,42.15380864,18.84445952,0.0,0.0,0.0
315.10000000000315,42.15380864,18.84445952,0.0,0.0,0.0
315.2000000000032,42.15380864,18.84445952,0.0,0.0,0.0
315.3000000000032,42.15380864,18.84445952,0.0,0.0,0.0
315.4000000000032,42.15380864,18.84445952,0.0,0.0,0.0
315.50000000000324,42.15380864,18.84445952,0.0,0.0,0.0
315.60000000000326,42.15380864,18.84445952,0.0,0.0,0.0
315.7000000000033,42.15380864,18.84445952,0.0,0.0,0.0
315.8000000000033,42.15380864,18.84445952,0.0,0.0,0.0
315.90000000000333,42.15380864,18.84445952,0.0,0.0,0.0
316.00000000000335,42.15380864,18.84445952,0.0,0.0,0.0
316.1000000000034,42.15380864,18.84445952,0.0,0.0,0.0
316.2000000000034,42.15380864,18.84445952,0.0,0.0,0.0
316.3000000000034,42.15380864,18.84445952,0.0,0.0,0.0
316.40000000000344,42.15380864,18.84445952,0.0,0.0,0.0
316.50000000000347,42.15380864,18.84445952,0.0,0.0,0.0
316.6000000000035,42.15380864,18.84445952,0.0,0.0,0.0
316.7000000000035,42.15380864,18.84445952,0.0,0.0,0.0
316.80000000000354,42.15380864,18.84445952,0.0,0.0,0.0
316.90000000000356,42.15380864,18.84445952,0.0,0.0,0.0
317.0000000000036,42.15380864,18.84445952,0.0,0.0,0.0
317.1000000000036,42.15380864,18.84445952,0.0,0.0,0.0
317.2000000000036,42.15380864,18.84445952,0.0,0.0,0.0
317.30000000000365,42.15380864,18.84445952,0.0,0.0,0.0
317.4000000000037,42.15380864,18.84445952,0.0,0.0,0.0
317.5000000000037,42.15380864,18.84445952,0.0,0.0,0.0
317.6000000000037,42.15380864,18.84445952,0.0,0.0,0.0
317.70000000000374,42.15380864,18.84445952,0.0,0.0,0.0
317.80000000000376,42.15380864,18.84445952,0.0,0.0,0.0
317.9000000000038,42.15380864,18.84445952,0.0,0.0,0.0
318.0000000000038,42.15380864,18.84445952,0.0,0.0,0.0
318.10000000000383,42.15380864,18.84445952,0.0,0.0,0.0
318.20000000000385,42.15380864,18.84445952,0.0,0.0,0.0
318.3000000000039,42.15380864,18.84445952,0.0,0.0,0.0
318.4000000000039,42.15380864,18.84445952,0.0,0.0,0.0
318.5000000000039,42.15380864,18.84445952,0.0,0.0,0.0
318.60000000000394,42.15380864,18.84445952,0.0,0.0,0.0
318.70000000000397,42.15380864,18.84445952,0.0,0.0,0.0
318.800000000004,42.15380864,18.84445952,0.0,0.0,0.0
318.900000000004,42.15380864,18.84445952,0.0,0.0,0.0
319.00000000000404,42.15380864,18.84445952,0.0,0.0,0.0
319.10000000000406,42.15380864,18.84445952,0.0,0.0,0.0
319.2000000000041,42.15380864,18.84445952,0.0,0.0,0.0
319.3000000000041,42.15380864,18.84445952,0.0,0.0,0.0
319.4000000000041,42.15380864,18.84445952,0.0,0.0,0.0
319.50000000000415,42.15380864,18.84445952,0.0,0.0,0.0
319.6000000000042,42.15380864,18.84445952,0.0,0.0,0.0
319.7000000000042,42.15380864,18.84445952,0.0,0.0,0.0
319.8000000000042,42.15380864,18.84445952,0.0,0.0,0.0
319.90000000000424,42.15380864,18.84445952,0.0,0.0,0.0
320.00000000000426,42.15380864,18.84445952,0.0,0.0,0.0
320.1000000000043,42.15380864,18.84445952,0.0,0.0,0.0
320.2000000000043,42.15380864,18.84445952,0.0,0.0,0.0
320.30000000000433,42.15380864,18.84445952,0.0,0.0,0.0
320.40000000000435,42.15380864,18.84445952,0.0,0.0,0.0
320.5000000000044,42.15380864,18.84445952,0.0,0.0,0.0
320.6000000000044,42.15380864,18.84445952,0.0,0.0,0.0
320.7000000000044,42.15380864,18.84445952,0.0,0.0,0.0
320.80000000000445,42.15380864,18.84445952,0.0,0.0,0.0
320.90000000000447,42.15380864,18.84445952,0.0,0.0,0.0
321.0000000000045,42.15380864,18.84445952,0.0,0.0,0.0
321.1000000000045,42.15380864,18.84445952,0.0,0.0,0.0
321.20000000000454,42.15380864,18.84445952,0.0,0.0,0.0
321.30000000000456,42.15380864,18.84445952,0.0,0.0,0.0
321.4000000000046,42.15380864,18.84445952,0.0,0.0,0.0
321.5000000000046,42.15380864,18.84445952,0.0,0.0,0.0
321.6000000000046,42.15380864,18.84445952,0.0,0.0,0.0
321.70000000000465,42.15380864,18.84445952,0.0,0.0,0.0
321.8000000000047,42.15380864,18.84445952,0.0,0.0,0.0
321.9000000000047,42.15380864,18.84445952,0.0,0.0,0.0
322.0000000000047,42.15380864,18.84445952,0.0,0.0,0.0
322.10000000000474,42.15380864,18.84445952,0.0,0.0,0.0
322.20000000000476,42.15380864,18.84445952,0.0,0.0,0.0
322.3000000000048,42.15380864,18.84445952,0.0,0.0,0.0
322.4000000000048,42.15380864,18.84445952,0.0,0.0,0.0
322.50000000000483,42.15380864,18.84445952,0.0,0.0,0.0
322.60000000000485,42.15380864,18.84445952,0.0,0.0,0.0
322.7000000000049,42.15380864,18.84445952,0.0,0.0,0.0
322.8000000000049,42.15380864,18.84445952,0.0,0.0,0.0
322.9000000000049,42.15380864,18.84445952,0.0,0.0,0.0
323.00000000000495,42.15380864,18.84445952,0.0,0.0,0.0
323.10000000000497,42.15380864,18.84445952,0.0,0.0,0.0
323.200000000005,42.15380864,18.84445952,0.0,0.0,0.0
323.300000000005,42.15380864,18.84445952,0.0,0.0,0.0
323.40000000000504,42.15380864,18.84445952,0.0,0.0,0.0
323.50000000000506,42.15380864,18.84445952,0.0,0.0,0.0
323.6000000000051,42.15380864,18.84445952,0.0,0.0,0.0
323.7000000000051,42.15380864,18.84445952,0.0,0.0,0.0
323.8000000000051,42.15380864,18.84445952,0.0,0.0,0.0
323.90000000000515,42.15380864,18.84445952,0.0,0.0,0.0
324.0000000000052,42.15380864,18.84445952,0.0,0.0,0.0
324.1000000000052,42.15380864,18.84445952,0.0,0.0,0.0
324.2000000000052,42.15380864,18.84445952,0.0,0.0,0.0
324.30000000000524,42.15380864,18.84445952,0.0,0.0,0.0
324.40000000000526,42.15380864,18.84445952,0.0,0.0,0.0
324.5000000000053,42.15380864,18.84445952,0.0,0.0,0.0
324.6000000000053,42.15380864,18.84445952,0.0,0.0,0.0
324.70000000000533,42.15380864,18.84445952,0.0,0.0,0.0
324.80000000000535,42.15380864,18.84445952,0.0,0.0,0.0
324.9000000000054,42.15380864,18.84445952,0.0,0.0,0.0
325.0000000000054,42.15380864,18.84445952,0.0,0.0,0.0
325.1000000000054,42.15380864,18.84445952,0.0,0.0,0.0
325.20000000000545,42.15380864,18.84445952,0.0,0.0,0.0
325.30000000000547,42.15380864,18.84445952,0.0,0.0,0.0
325.4000000000055,42.15380864,18.84445952,0.0,0.0,0.0
325.5000000000055,42.15380864,18.84445952,0.0,0.0,0.0
325.60000000000554,42.15380864,18.84445952,0.0,0.0,0.0
325.70000000000556,42.15380864,18.84445952,0.0,0.0,0.0
325.8000000000056,42.15380864,18.84445952,0.0,0.0,0.0
325.9000000000056,42.15380864,18.84445952,0.0,0.0,0.0
326.0000000000056,42.15380864,18.84445952,0.0,0.0,0.0
326.10000000000565,42.15380864,18.84445952,0.0,0.0,0.0
326.2000000000057,42.15380864,18.84445952,0.0,0.0,0.0
326.3000000000057,42.15380864,18.84445952,0.0,0.0,0.0
326.4000000000057,42.15380864,18.84445952,0.0,0.0,0.0
326.50000000000574,42.15380864,18.84445952,0.0,0.0,0.0
326.60000000000576,42.15380864,18.84445952,0.0,0.0,0.0
326.7000000000058,42.15380864,18.84445952,0.0,0.0,0.0
326.8000000000058,42.15380864,18.84445952,0.0,0.0,0.0
326.90000000000583,42.15380864,18.84445952,0.0,0.0,0.0
327.00000000000585,42.15380864,18.84445952,0.0,0.0,0.0
327.1000000000059,42.15380864,18.84445952,0.0,0.0,0.0
327.2000000000059,42.15380864,18.84445952,0.0,0.0,0.0
327.3000000000059,42.15380864,18.84445952,0.0,0.0,0.0
327.40000000000595,42.15380864,18.84445952,0.0,0.0,0.0
327.50000000000597,42.15380864,18.84445952,0.0,0.0,0.0
327.600000000006,42.15380864,18.84445952,0.0,0.0,0.0
327.700000000006,42.15380864,18.84445952,0.0,0.0,0.0
327.80000000000604,42.15380864,18.84445952,0.0,0.0,0.0
327.90000000000606,42.15380864,18.84445952,0.0,0.0,0.0
328.0000000000061,42.15380864,18.84445952,0.0,0.0,0.0
328.1000000000061,42.15380864,18.84445952,0.0,0.0,0.0
328.2000000000061,42.15380864,18.84445952,0.0,0.0,0.0
328.30000000000615,42.15380864,18.84445952,0.0,0.0,0.0
328.4000000000062,42.15380864,18.84445952,0.0,0.0,0.0
328.5000000000062,42.15380864,18.84445952,0.0,0.0,0.0
328.6000000000062,42.15380864,18.84445952,0.0,0.0,0.0
328.70000000000624,42.15380864,18.84445952,0.0,0.0,0.0
328.80000000000626,42.15380864,18.84445952,0.0,0.0,0.0
328.9000000000063,42.15380864,18.84445952,0.0,0.0,0.0
329.0000000000063,42.15380864,18.84445952,0.0,0.0,0.0
329.10000000000633,42.15380864,18.84445952,0.0,0.0,0.0
329.20000000000636,42.15380864,18.84445952,0.0,0.0,0.0
329.3000000000064,42.15380864,18.84445952,0.0,0.0,0.0
329.4000000000064,42.15380864,18.84445952,0.0,0.0,0.0
329.5000000000064,42.15380864,18.84445952,0.0,0.0,0.0
329.60000000000645,42.15380864,18.84445952,0.0,0.0,0.0
329.70000000000647,42.15380864,18.84445952,0.0,0.0,0.0
329.8000000000065,42.15380864,18.84445952,0.0,0.0,0.0
329.9000000000065,42.15380864,18.84445952,0.0,0.0,0.0
330.00000000000654,42.15380864,18.84445952,0.0,0.0,0.0
330.10000000000656,42.15380864,18.84445952,0.0,0.0,0.0
330.2000000000066,42.15380864,18.84445952,0.0,0.0,0.0
330.3000000000066,42.15380864,18.84445952,0.0,0.0,0.0
330.4000000000066,42.15380864,18.84445952,0.0,0.0,0.0
330.50000000000665,42.15380864,18.84445952,0.0,0.0,0.0
330.6000000000067,42.15380864,18.84445952,0.0,0.0,0.0
330.7000000000067,42.15380864,18.84445952,0.0,0.0,0.0
330.8000000000067,42.15380864,18.84445952,0.0,0.0,0.0
330.90000000000674,42.15380864,18.84445952,0.0,0.0,0.0
331.00000000000676,42.15380864,18.84445952,0.0,0.0,0.0
331.1000000000068,42.15380864,18.84445952,0.0,0.0,0.0
331.2000000000068,42.15380864,18.84445952,0.0,0.0,0.0
331.30000000000683,42.15380864,18.84445952,0.0,0.0,0.0
331.40000000000686,42.15380864,18.84445952,0.0,0.0,0.0
331.5000000000069,42.15380864,18.84445952,0.0,0.0,0.0
331.6000000000069,42.15380864,18.84445952,0.0,0.0,0.0
331.7000000000069,42.15380864,18.84445952,0.0,0.0,0.0
331.80000000000695,42.15380864,18.84445952,0.0,0.0,0.0
331.90000000000697,42.15380864,18.84445952,0.0,0.0,0.0
332.000000000007,42.15380864,18.84445952,0.0,0.0,0.0
332.100000000007,42.15380864,18.84445952,0.0,0.0,0.0
332.20000000000704,42.15380864,18.84445952,0.0,0.0,0.0
332.30000000000706,42.15380864,18.84445952,0.0,0.0,0.0
332.4000000000071,42.15380864,18.84445952,0.0,0.0,0.0
332.5000000000071,42.15380864,18.84445952,0.0,0.0,0.0
332.6000000000071,42.15380864,18.84445952,0.0,0.0,0.0
332.70000000000715,42.15380864,18.84445952,0.0,0.0,0.0
332.8000000000072,42.15380864,18.84445952,0.0,0.0,0.0
332.9000000000072,42.15380864,18.84445952,0.0,0.0,0.0
333.0000000000072,42.15380864,18.84445952,0.0,0.0,0.0
333.10000000000724,42.15380864,18.84445952,0.0,0.0,0.0
333.20000000000726,42.15380864,18.84445952,0.0,0.0,0.0
333.3000000000073,42.15380864,18.84445952,0.0,0.0,0.0
333.4000000000073,42.15380864,18.84445952,0.0,0.0,0.0
333.50000000000733,42.15380864,18.84445952,0.0,0.0,0.0
333.60000000000736,42.15380864,18.84445952,0.0,0.0,0.0
333.7000000000074,42.15380864,18.84445952,0.0,0.0,0.0
333.8000000000074,42.15380864,18.84445952,0.0,0.0,0.0
333.9000000000074,42.15380864,18.84445952,0.0,0.0,0.0
334.00000000000745,42.15380864,18.84445952,0.0,0.0,0.0
334.10000000000747,42.15380864,18.84445952,0.0,0.0,0.0
334.2000000000075,42.15380864,18.84445952,0.0,0.0,0.0
334.3000000000075,42.15380864,18.84445952,0.0,0.0,0.0
334.40000000000754,42.15380864,18.84445952,0.0,0.0,0.0
334.50000000000756,42.15380864,18.84445952,0.0,0.0,0.0
334.6000000000076,42.15380864,18.84445952,0.0,0.0,0.0
334.7000000000076,42.15380864,18.84445952,0.0,0.0,0.0
334.8000000000076,42.15380864,18.84445952,0.0,0.0,0.0
334.90000000000765,42.15380864,18.84445952,0.0,0.0,0.0
335.0000000000077,42.15380864,18.84445952,0.0,0.0,0.0
335.1000000000077,42.15380864,18.84445952,0.0,0.0,0.0
335.2000000000077,42.15380864,18.84445952,0.0,0.0,0.0
335.30000000000774,42.15380864,18.84445952,0.0,0.0,0.0
335.40000000000776,42.15380864,18.84445952,0.0,0.0,0.0
335.5000000000078,42.15380864,18.84445952,0.0,0.0,0.0
335.6000000000078,42.15380864,18.84445952,0.0,0.0,0.0
335.70000000000783,42.15380864,18.84445952,0.0,0.0,0.0
335.80000000000786,42.15380864,18.84445952,0.0,0.0,0.0
335.9000000000079,42.15380864,18.84445952,0.0,0.0,0.0
336.0000000000079,42.15380864,18.84445952,0.0,0.0,0.0
336.1000000000079,42.15380864,18.84445952,0.0,0.0,0.0
336.20000000000795,42.15380864,18.84445952,0.0,0.0,0.0
336.30000000000797,42.15380864,18.84445952,0.0,0.0,0.0
336.400000000008,42.15380864,18.84445952,0.0,0.0,0.0
336.500000000008,42.15380864,18.84445952,0.0,0.0,0.0
336.60000000000804,42.15380864,18.84445952,0.0,0.0,0.0
336.70000000000806,42.15380864,18.84445952,0.0,0.0,0.0
336.8000000000081,42.15380864,18.84445952,0.0,0.0,0.0
336.9000000000081,42.15380864,18.84445952,0.0,0.0,0.0
337.00000000000813,42.15380864,18.84445952,0.0,0.0,0.0
337.10000000000815,42.15380864,18.84445952,0.0,0.0,0.0
337.2000000000082,42.15380864,18.84445952,0.0,0.0,0.0
337.3000000000082,42.15380864,18.84445952,0.0,0.0,0.0
337.4000000000082,42.15380864,18.84445952,0.0,0.0,0.0
337.50000000000824,42.15380864,18.84445952,0.0,0.0,0.0
337.60000000000827,42.15380864,18.84445952,0.0,0.0,0.0
337.7000000000083,42.15380864,18.84445952,0.0,0.0,0.0
337.8000000000083,42.15380864,18.84445952,0.0,0.0,0.0
337.90000000000833,42.15380864,18.84445952,0.0,0.0,0.0
338.00000000000836,42.15380864,18.84445952,0.0,0.0,0.0
338.1000000000084,42.15380864,18.84445952,0.0,0.0,0.0
338.2000000000084,42.15380864,18.84445952,0.0,0.0,0.0
338.3000000000084,42.15380864,18.84445952,0.0,0.0,0.0
338.40000000000845,42.15380864,18.84445952,0.0,0.0,0.0
338.50000000000847,42.15380864,18.84445952,0.0,0.0,0.0
338.6000000000085,42.15380864,18.84445952,0.0,0.0,0.0
338.7000000000085,42.15380864,18.84445952,0.0,0.0,0.0
338.80000000000854,42.15380864,18.84445952,0.0,0.0,0.0
338.90000000000856,42.15380864,18.84445952,0.0,0.0,0.0
339.0000000000086,42.15380864,18.84445952,0.0,0.0,0.0
339.1000000000086,42.15380864,18.84445952,0.0,0.0,0.0
339.20000000000863,42.15380864,18.84445952,0.0,0.0,0.0
339.30000000000865,42.15380864,18.84445952,0.0,0.0,0.0
339.4000000000087,42.15380864,18.84445952,0.0,0.0,0.0
339.5000000000087,42.15380864,18.84445952,0.0,0.0,0.0
339.6000000000087,42.15380864,18.84445952,0.0,0.0,0.0
339.70000000000874,42.15380864,18.84445952,0.0,0.0,0.0
339.80000000000877,42.15380864,18.84445952,0.0,0.0,0.0
339.9000000000088,42.15380864,18.84445952,0.0,0.0,0.0
340.0000000000088,42.15380864,18.84445952,0.0,0.0,0.0
340.10000000000883,42.15380864,18.84445952,0.0,0.0,0.0
340.20000000000886,42.15380864,18.84445952,0.0,0.0,0.0
340.3000000000089,42.15380864,18.84445952,0.0,0.0,0.0
340.4000000000089,42.15380864,18.84445952,0.0,0.0,0.0
340.5000000000089,42.15380864,18.84445952,0.0,0.0,0.0
340.60000000000895,42.15380864,18.84445952,0.0,0.0,0.0
340.70000000000897,42.15380864,18.84445952,0.0,0.0,0.0
340.800000000009,42.15380864,18.84445952,0.0,0.0,0.0
340.900000000009,42.15380864,18.84445952,0.0,0.0,0.0
341.00000000000904,42.15380864,18.84445952,0.0,0.0,0.0
341.10000000000906,42.15380864,18.84445952,0.0,0.0,0.0
341.2000000000091,42.15380864,18.84445952,0.0,0.0,0.0
341.3000000000091,42.15380864,18.84445952,0.0,0.0,0.0
341.40000000000913,42.15380864,18.84445952,0.0,0.0,0.0
341.50000000000915,42.15380864,18.84445952,0.0,0.0,0.0
341.6000000000092,42.15380864,18.84445952,0.0,0.0,0.0
341.7000000000092,42.15380864,18.84445952,0.0,0.0,0.0
341.8000000000092,42.15380864,18.84445952,0.0,0.0,0.0
341.90000000000924,42.15380864,18.84445952,0.0,0.0,0.0
342.00000000000927,42.15380864,18.84445952,0.0,0.0,0.0
342.1000000000093,42.15380864,18.84445952,0.0,0.0,0.0
342.2000000000093,42.15380864,18.84445952,0.0,0.0,0.0
342.30000000000933,42.15380864,18.84445952,0.0,0.0,0.0
342.40000000000936,42.15380864,18.84445952,0.0,0.0,0.0
342.5000000000094,42.15380864,18.84445952,0.0,0.0,0.0
342.6000000000094,42.15380864,18.84445952,0.0,0.0,0.0
342.7000000000094,42.15380864,18.84445952,0.0,0.0,0.0
342.80000000000945,42.15380864,18.84445952,0.0,0.0,0.0
342.90000000000947,42.15380864,18.84445952,0.0,0.0,0.0
343.0000000000095,42.15380864,18.84445952,0.0,0.0,0.0
343.1000000000095,42.15380864,18.84445952,0.0,0.0,0.0
343.20000000000954,42.15380864,18.84445952,0.0,0.0,0.0
343.30000000000956,42.15380864,18.84445952,0.0,0.0,0.0
343.4000000000096,42.15380864,18.84445952,0.0,0.0,0.0
343.5000000000096,42.15380864,18.84445952,0.0,0.0,0.0
343.60000000000963,42.15380864,18.84445952,0.0,0.0,0.0
343.70000000000965,42.15380864,18.84445952,0.0,0.0,0.0
343.8000000000097,42.15380864,18.84445952,0.0,0.0,0.0
343.9000000000097,42.15380864,18.84445952,0.0,0.0,0.0
344.0000000000097,42.15380864,18.84445952,0.0,0.0,0.0
344.10000000000974,42.15380864,18.84445952,0.0,0.0,0.0
344.20000000000977,42.15380864,18.84445952,0.0,0.0,0.0
344.3000000000098,42.15380864,18.84445952,0.0,0.0,0.0
344.4000000000098,42.15380864,18.84445952,0.0,0.0,0.0
344.50000000000983,42.15380864,18.84445952,0.0,0.0,0.0
344.60000000000986,42.15380864,18.84445952,0.0,0.0,0.0
344.7000000000099,42.15380864,18.84445952,0.0,0.0,0.0
344.8000000000099,42.15380864,18.84445952,0.0,0.0,0.0
344.9000000000099,42.15380864,18.84445952,0.0,0.0,0.0
345.00000000000995,42.15380864,18.84445952,0.0,0.0,0.0
345.10000000000997,42.15380864,18.84445952,0.0,0.0,0.0
345.20000000001,42.15380864,18.84445952,0.0,0.0,0.0
345.30000000001,42.15380864,18.84445952,0.0,0.0,0.0
345.40000000001004,42.15380864,18.84445952,0.0,0.0,0.0
345.50000000001006,42.15380864,18.84445952,0.0,0.0,0.0
345.6000000000101,42.15380864,18.84445952,0.0,0.0,0.0
345.7000000000101,42.15380864,18.84445952,0.0,0.0,0.0
345.80000000001013,42.15380864,18.84445952,0.0,0.0,0.0
345.90000000001015,42.15380864,18.84445952,0.0,0.0,0.0
346.0000000000102,42.15380864,18.84445952,0.0,0.0,0.0
346.1000000000102,42.15380864,18.84445952,0.0,0.0,0.0
346.2000000000102,42.15380864,18.84445952,0.0,0.0,0.0
346.30000000001024,42.15380864,18.84445952,0.0,0.0,0.0
346.40000000001027,42.15380864,18.84445952,0.0,0.0,0.0
346.5000000000103,42.15380864,18.84445952,0.0,0.0,0.0
346.6000000000103,42.15380864,18.84445952,0.0,0.0,0.0
346.70000000001033,42.15380864,18.84445952,0.0,0.0,0.0
346.80000000001036,42.15380864,18.84445952,0.0,0.0,0.0
346.9000000000104,42.15380864,18.84445952,0.0,0.0,0.0
347.0000000000104,42.15380864,18.84445952,-0.7754411385240019,0.0,0.0
347.1000000000104,42.15380864,18.84445952,-1.0,-1.0,0.0
347.20000000001045,42.11451606557451,18.826894148042246,-1.0,-1.0,-0.1756538870941472
347.30000000001047,42.02539934836222,18.78705536658351,-1.0,-1.0,-0.3983881945199622
347.4000000000105,41.84731862826958,18.707446073156728,-1.0,-1.0,-0.7960936934819203
347.5000000000105,41.569988188411315,18.58346813578445,-1.0,-1.0,-1.2397805560696502
347.60000000001054,41.311427067259906,18.46788084395526,-1.0,-1.0,-1.1558740206192646
347.70000000001056,41.023519540120816,18.33917452023941,-1.0,-1.0,-1.2870644645988223
347.8000000000106,40.725468145213725,18.205933476845843,-1.0,-0.7981583151257833,-1.3324117046224995
347.9000000000106,40.466515482081824,18.090171149895514,-1.0,-0.8380989882784646,-1.1576243734999159
348.00000000001063,40.17908885014858,17.961679805810977,-1.0,-0.8827805560741669,-1.2849146662354882
348.10000000001065,39.92014696428762,17.845922296737193,-1.0,-0.9077619777663817,-1.1575761946885297
348.2000000000107,39.671882968536195,17.734938236953525,-1.0,-0.9246019509745301,-1.1098416562641626
348.3000000000107,39.45244299432909,17.636839682055886,-1.0,-0.9289392227855668,-0.980986484518007
348.4000000000107,39.22463374126736,17.53499972058845,-1.0,-0.9353293201506588,-1.018400585896855
348.50000000001074,38.97512344264994,17.423458512953477,-1.0,-0.9473349081466533,-1.1154131400905771
348.60000000001077,38.75528803811341,17.325183184685265,-1.0,-0.9495486151318361,-0.9827542199095772
348.7000000000108,38.55691683942864,17.236503225645887,-1.0,-0.9458575457777625,-0.886800436112585
348.8000000000108,38.35872321610971,17.14790264998612,-1.0,-0.942532493321188,-0.8860066015594231
348.90000000001083,38.16012211529243,17.059119915383402,-1.0,-0.9396533196056577,-0.8878281927261105
349.00000000001086,37.96134150456917,16.970256932583297,-1.0,-0.93710218739864,-0.8886306754653027
349.1000000000109,37.762362009198135,16.881305040291615,-1.0,-0.981578175960089,-0.8895197712289807
349.2000000000109,37.56268485481377,16.792041266168617,-1.0,-1.0174274112312056,-0.8926385925164753
349.3000000000109,37.3678045043072,16.704921857630058,-1.0,-1.0410677473162977,-0.8711949162218054
349.40000000001095,37.16786039742685,16.615538744930863,-1.0,-1.0459546616130295,-0.8938319794165571
349.50000000001097,36.937496327948466,16.512556677065504,-1.0,-1.0354567168479498,-1.0298216607680541
349.600000000011,36.72027140077337,16.415448337891572,-1.0,-1.0262172317088614,-0.9710843178374933
349.700000000011,36.519927490561265,16.325886496912677,-1.0,-1.006644971674822,-0.8956192639180411
349.80000000001104,36.32022468380612,16.236611255141124,-1.0,-0.9846620498992665,-0.8927532691113913
349.90000000001106,36.12211164118087,16.148046702314623,-1.0,-0.9710631498684312,-0.8856463728832081
350.0000000000111,35.89378974565039,16.04597756890372,-1.0,-0.9578520319325106,-1.020692307517077
350.1000000000111,35.67713118114474,15.949122416778419,-1.0,-0.9484008444449138,-0.9685524449365958
350.20000000001113,35.482502171917595,15.862115367970064,-1.0,-0.9364123275241164,-0.8700713178482146
350.30000000001115,35.21458481736404,15.742345460920689,-1.0,-0.9472480139337007,-1.19770021270969
350.4000000000112,35.01769190873605,15.654326357401427,-1.0,-0.9403375783693079,-0.8801918746090011
350.5000000000112,34.83192320005838,15.571280221744846,-1.0,-0.9260900287925905,-0.8304621485562277
350.6000000000112,34.60134863112135,15.4682040520971,-1.0,-0.9284904517715795,-1.030762679489356
350.70000000001124,34.381472432718795,15.369910487318785,-1.0,-0.9332972592251764,-0.9829365851845234
350.80000000001127,34.153954922932265,15.268200946909783,-1.0,-0.9398517478506407,-1.0170963740687142
350.9000000000113,33.934854949251665,15.170254386016131,-1.0,-0.9444336653657656,-0.9794665430286043
351.0000000000113,33.735734787868836,15.081239610320774,-1.0,-0.9445095618857724,-0.8901486058654375
351.10000000001133,33.507911477413444,14.979393364629107,-1.0,-0.9509567447342772,-1.0184634281990759
351.20000000001136,33.288038459273956,14.881101221557172,-1.0,-0.9554709335138121,-0.982922368107172
351.3000000000114,33.05912287414487,14.778766684853677,-1.0,-0.9630785048514253,-1.0233463429740732
351.4000000000114,32.811524266931535,14.668080080692064,-1.0,-0.9737302607409399,-1.1068670972068482
351.5000000000114,32.62796191678009,14.58602027664526,-1.0,-0.9632691188551409,-0.820598823052074
351.60000000001145,32.44301024133203,14.503339387928838,-1.0,-0.9560553867468343,-0.8268096756713643
351.70000000001147,32.214724088926076,14.40128623314205,-1.0,-0.9623010496071089,-1.02053252112353
351.8000000000115,31.9951841993441,14.303143012025675,-1.0,-0.9667350435081061,-0.9814331471313387
351.9000000000115,31.76708918760044,14.201175304855354,-1.0,-0.9734366270711442,-1.0196780441439683
352.00000000001154,31.548019925113184,14.103242473108805,-1.0,-0.9713684742666227,-0.9793292514266454
352.10000000001156,31.320929455692546,14.001723837036755,-1.0,-0.9737002184637223,-1.0151873288785878
352.2000000000116,31.100842800559793,13.9033361895774,-1.0,-0.9793905232159197,-0.9838774128921627
352.3000000000116,30.90578340592569,13.816136741063271,-1.0,-0.9631052784174765,-0.8719953167408273
352.40000000001163,30.677039499242476,13.713878951577362,-1.0,-0.9702246281903413,-1.0225788700662986
352.50000000001165,30.45400199450549,13.6141721548475,-1.0,-0.9785549666714118,-0.9970689181776383
352.6000000000117,30.226607286836384,13.512517511957972,-1.0,-0.9778442026144655,-1.0165473983504272
352.7000000000117,30.00755231648953,13.414591069376957,-1.0,-0.9776606413407576,-0.9792653597103693
352.8000000000117,29.784022821718366,13.314664333178222,-1.0,-0.9767692383855161,-0.9992683149638842
352.90000000001174,29.56272347150995,13.215734561910827,-1.0,-0.9772608440412194,-0.9892986561426684
353.00000000001177,29.362250705356644,13.126115117108071,-1.0,-0.9775631788832475,-0.8961953027059968
353.1000000000118,29.133341968084117,13.023783641673768,-1.0,-0.9778057939859419,-1.0233157302529594
353.2000000000118,28.88452652421141,12.912553062248476,-1.0,-0.9842750183321536,-1.1123068550314053
353.30000000001183,28.66582179785988,12.814783192916828,-1.0,-0.981992682469625,-0.9776996257235022
353.40000000001186,28.46609474334294,12.72549711141382,-1.0,-0.9712924109357488,-0.8928616665293226
353.5000000000119,28.237703083100776,12.623396790351606,-1.0,-0.981312678999525,-1.021004184327601
353.6000000000119,28.018864469554526,12.525567068022033,-1.0,-0.9888871030296347,-0.9782981562735553
353.7000000000119,27.79110826307816,12.423750820526427,-1.0,-0.9887686492710774,-1.0181634459523852
353.80000000001195,27.57154248083402,12.325596024341516,-1.0,-0.9887744368108647,-0.9815488979270839
353.90000000001197,27.343875231093524,12.223819544109231,-1.0,-0.9886788232506627,-1.0177657729399292
354.000000000012,27.124548081559347,12.125771426409333,-1.0,-0.9887364662823096,-0.9804821120595898
354.100000000012,26.896588350999956,12.023864195406716,-1.0,-0.9889307639328895,-1.0190732818901833
354.20000000001204,26.67689157566087,11.92565084000368,-1.0,-0.9888436178216216,-0.9821344906668011
354.30000000001206,26.44783084470415,11.823251417237415,-1.0,-0.9964436121956088,-1.0239952042205742
354.4000000000121,26.230129564057982,11.725930128771537,-1.0,-0.9939753593316839,-0.9732138127877961
354.5000000000121,26.001815427987143,11.623864464153321,-1.0,-0.9951547944006578,-1.0206576195571184
354.60000000001213,25.782774204496146,11.525944166973565,-1.0,-0.9932876197650955,-0.9792039056391812
354.70000000001215,25.55462140240245,11.423950625176502,-1.0,-0.995321171312465,-1.0199363906577656
354.8000000000122,25.33467107195594,11.325623920372493,-1.0,-0.9945211548521466,-0.9832679857575148
354.9000000000122,25.106245574249016,11.223508472593254,-1.0,-0.996113994627119,-1.021155451642117
355.0000000000122,24.856908626562056,11.112044759844208,-1.0,-1.0070361390164329,-1.1146381904922753
355.10000000001224,24.645058671223687,11.01733925074581,-1.0,-1.0032231522121333,-0.9470559941669615
355.20000000001227,24.41651837311685,10.915172482538859,-1.0,-0.9986912422809964,-1.0216686564086668
355.3000000000123,24.19122925894965,10.814459125212663,-1.0,-1.000162987681836,-1.0071345337402982
355.4000000000123,23.96333102004889,10.712579383471615,-1.0,-1.0064598238059865,-1.0187983890123324
355.50000000001234,23.743727525877887,10.614407728528219,-1.0,-1.0044954888732422,-0.981717485672714
355.60000000001236,23.515328699905652,10.512304204094484,-1.0,-1.0066323919632327,-1.021036218073369
355.7000000000124,23.296412418586538,10.414439761125209,-1.0,-1.0046564878156983,-0.9786453630016975
355.8000000000124,23.068337835430683,10.312481186360909,-1.0,-1.0065583789191777,-1.0195867199966675
355.9000000000124,22.8482133922071,10.214076646094691,-1.0,-1.0048724073282762,-0.9840463411219009
356.00000000001245,22.62072080447006,10.112378246851053,-1.0,-1.0066975498407376,-1.0169849623088187
356.10000000001247,22.401232150538405,10.014257930145208,-1.0,-1.0048040908866087,-0.9812041028076052
356.2000000000125,22.17328295885059,9.912355410444967,-1.0,-1.0066486747943435,-1.019026168821495
356.3000000000125,21.954611621189983,9.814600467210267,-1.0,-1.004326432813898,-0.9775503646116692
356.40000000001254,21.725877557473147,9.712347077928928,-1.0,-1.00679248557344,-1.02253486797863
356.50000000001256,21.50697836071095,9.614490272448451,-1.0,-1.0046880539976284,-0.9785689880408822
356.6000000000126,21.278992613141636,9.512571410788816,-1.0,-1.0066873381442338,-1.01918958857129
356.7000000000126,21.05998353924077,9.414665485777777,-1.0,-1.0046435278020929,-0.9790601838149439
356.80000000001263,20.83253973222431,9.312988893491656,-1.0,-1.0063184731405006,-1.0167668925256714
356.90000000001265,20.61192920169813,9.214367052516618,-1.0,-1.004571668072517,-0.9862193502824503
357.0000000000127,20.346168674470874,9.095561334624838,-1.0,-1.008242674144828,-1.188058311938497
357.1000000000127,20.15157468732593,9.008569942105476,-1.0,-1.004385612176929,-0.8699147548089807
357.2000000000127,19.900048260683857,8.896127443598495,-1.0,-1.0095234822267989,-1.1244260574060634
357.30000000001274,19.703474492112534,8.808251008608442,-1.0,-1.0031050149375997,-0.8787651879563148
357.40000000001277,19.489790005562476,8.71272538976736,-1.0,-0.999927950457732,-0.9552570994149793
357.5000000000128,19.269741041481623,8.61435459173454,-1.0,-1.0000275220974033,-0.9837089184661426
357.6000000000128,19.040655659663734,8.511944149035074,-1.0,-1.0001809813766187,-1.0241054036576749
357.70000000001284,18.821975799110877,8.414185395722397,-1.0,-1.0001281364979229,-0.9775884654277807
357.80000000001286,18.594561098601705,8.31252181522373,-1.0,-0.9999806392244419,-1.0166367745270442
357.9000000000129,18.346149356209484,8.201471706708487,-1.0,-1.0063034293788369,-1.1105021442098089
358.0000000000129,18.126769969010738,8.103400236657109,-1.0,-1.004489963053251,-0.9807156357970964
358.1000000000129,17.898823727400185,8.001499035760872,-1.0,-1.0063804069513143,-1.0190129807688713
358.20000000001295,17.679415173866033,7.903414527176452,-1.0,-1.0044713995728323,-0.9808460212518585
358.300000000013,17.45346936292921,7.8024075998006825,-1.0,-1.006097393194036,-1.0100702370357417
358.400000000013,17.23348776799808,7.704066918505967,-0.42068349664532434,-0.9834077507978664,-0.9834077507978664
358.500000000013,17.033723077860024,7.614764012356229,0.0,-0.8930299131570755,-0.8930299131570755
358.60000000001304,16.83393808158769,7.525452028542151,0.0,-0.8930753015220578,-0.8931206898870402
358.70000000001306,16.697701114404676,7.464548587167895,0.0,-0.7983951992025692,-0.6090349945635918
358.8000000000131,16.652742800000002,7.444450400000001,0.0,-0.649041915239521,-0.20098206335037652
358.9000000000131,16.679892241544692,7.456587299812513,0.0,-0.4949597094172707,0.12136911387173095
359.00000000001313,16.729959949503904,7.4789695928089595,0.0,-0.37516256727791814,0.2238231434188445
359.10000000001315,16.78131594470095,7.501927802371112,0.0,-0.2887704412998895,0.22958231456828243
359.2000000000132,16.80187184,7.511117120000001,0.0,-0.2411874781467618,0.09189326392513203
359.3000000000132,16.834635855625198,7.525763961793931,0.0,-0.19811458528349865,0.14646855762260655
359.4000000000132,16.85158152,7.533339360000001,0.0,-0.17072772132460917,0.075754054305396
359.50000000001324,16.884248222091074,7.547942698703375,0.0,-0.1419312442676299,0.14603352630216274
359.60000000001327,16.9012912,7.555561600000001,0.0,-0.1237545501098415,0.07618908562583095
359.7000000000133,16.9012912,7.555561600000001,0.0,-0.11423496933216139,0.0
359.8000000000133,16.9012912,7.555561600000001,0.0,-0.10607532866557844,0.0
359.90000000001334,16.9012912,7.555561600000001,0.0,-0.0990036400878732,0.0
360.00000000001336,16.9012912,7.555561600000001,0.0,-0.09281591258238113,0.0
360.1000000000134,16.872185789897742,7.542550303033479,0.0,-0.09500986441581384,-0.1301130937507372
360.2000000000134,16.85158152,7.533339360000001,0.0,-0.09484873406922732,-0.09210951817725649
360.3000000000134,16.822139083485485,7.5201773985789995,0.0,-0.0967840501567618,-0.13161973973238209
360.40000000001345,16.831161408903334,7.524210743408286,0.0,-0.08992817331102985,0.04033348675787675
360.5000000000135,16.822312912531928,7.520255107202129,0.0,-0.04725449764245092,-0.03955639978549717
360.6000000000135,16.80187184,7.511117120000001,0.0,-0.007167461106498919,-0.09137995916800004
360.7000000000135,16.77266549329272,7.498060700283511,0.0,0.016756072537643784,-0.13056432168073764
360.80000000001354,16.752162160000008,7.488894880000004,0.0,0.02222226119280115,-0.09165829024722938
360.90000000001356,16.722924868299213,7.475824626618267,0.0,0.009618672575957759,-0.13070265846513687
361.0000000000136,16.702452479999998,7.4666726400000005,0.0,-0.006148482268129083,-0.09151995346289234
361.1000000000136,16.6731059673509,7.453553560431366,0.0,-0.024187144036531244,-0.13119092079976066
361.20000000001363,16.652742800000002,7.444450400000001,0.0,-0.0333333917891995,-0.09103169112823302
361.30000000001365,16.616104142799006,7.428071436514454,0.0,-0.04884630922320913,-0.16378979105758606
361.4000000000137,16.57025704146301,7.407575925596,0.0,-0.06288177717073629,-0.20495530464514702
361.5000000000137,16.524024322699816,7.386908028071651,0.0,-0.08051741210325009,-0.2066791723481134
361.6000000000137,16.50361376,7.37778368,0.0,-0.08888904477119924,-0.09124356773315231
361.70000000001374,16.50361376,7.37778368,0.0,-0.08888904477119924,0.0
361.80000000001377,16.50361376,7.37778368,0.0,-0.08888904477119924,0.0
361.9000000000138,16.50361376,7.37778368,0.0,-0.08888904477119924,0.0
362.0000000000138,16.50361376,7.37778368,0.0,-0.08888904477119924,0.0
362.10000000001384,16.50361376,7.37778368,0.0,-0.08238339008366238,0.0
362.20000000001386,16.474184426280324,7.364627576058903,0.0,-0.08435597241867328,-0.13156116487747407
362.3000000000139,16.45390408,7.355561440000001,0.0,-0.08230805778458014,-0.09066144705051961
362.4000000000139,16.45390408,7.355561440000001,0.0,-0.08432473212247397,0.0
362.5000000000139,16.45390408,7.355561440000001,0.0,-0.08234691213319913,0.0
362.60000000001395,16.45390408,7.355561440000001,0.0,-0.07777791417479912,0.0
362.700000000014,16.45390408,7.355561440000001,0.0,-0.07124969809076223,0.0
362.800000000014,16.45390408,7.355561440000001,0.0,-0.06666678357840077,0.0
362.900000000014,16.45390408,7.355561440000001,0.0,-0.060131650655143934,0.0
363.00000000001404,16.45390408,7.355561440000001,0.0,-0.05555565298199931,0.0
363.10000000001406,16.42487120573721,7.342582569491128,0.0,-0.05548554838526114,-0.1297888288649974
363.2000000000141,16.404194399999998,7.3333392,0.0,-0.05555565298199975,-0.09243378306300516
363.3000000000141,16.404194399999998,7.3333392,0.0,-0.04736616342912045,0.0
363.40000000001413,16.404194399999998,7.3333392,0.0,-0.0371183981968631,0.0
363.50000000001415,16.404194399999998,7.3333392,0.0,-0.02678443957945743,0.0
363.6000000000142,16.404194399999998,7.3333392,0.0,-0.02222226119279981,0.0
363.7000000000142,16.404194399999998,7.3333392,0.0,-0.02222226119279981,0.0
363.8000000000142,16.404194399999998,7.3333392,0.0,-0.02222226119279981,0.0
363.90000000001424,16.404194399999998,7.3333392,0.0,-0.02222226119279981,0.0
364.00000000001427,16.404194399999998,7.3333392,0.0,-0.02222226119279981,0.0
364.1000000000143,16.404194399999998,7.3333392,0.0,-0.02222226119279981,0.0
364.2000000000143,16.404194399999998,7.3333392,0.0,-0.015644202948926107,0.0
364.30000000001434,16.404194399999998,7.3333392,0.0,-0.01111113059640013,0.0
364.40000000001436,16.375115653345762,7.320339822674504,0.0,-0.017610825457740155,-0.1299938972268005
364.5000000000144,16.354484720000002,7.3111169600000006,0.0,-0.022222261192799814,-0.09222871470119318
364.6000000000144,16.354484720000002,7.3111169600000006,0.0,-0.022222261192799814,0.0
364.7000000000144,16.354484720000002,7.3111169600000006,0.0,-0.022222261192799814,0.0
364.80000000001445,16.354484720000002,7.3111169600000006,0.0,-0.022222261192799814,0.0
364.9000000000145,16.354484720000002,7.3111169600000006,0.0,-0.022222261192799814,0.0
365.0000000000145,16.354484720000002,7.3111169600000006,0.0,-0.022222261192799814,0.0
365.1000000000145,16.354484720000002,7.3111169600000006,0.0,-0.01573281974954994,0.0
365.20000000001454,16.354484720000002,7.3111169600000006,0.0,-0.011111130596399683,0.0
365.30000000001456,16.354484720000002,7.3111169600000006,0.0,-0.011111130596399683,0.0
365.4000000000146,16.354484720000002,7.3111169600000006,0.0,-0.011111130596399683,0.0
365.5000000000146,16.354484720000002,7.3111169600000006,0.0,-0.011111130596399683,0.0
365.60000000001463,16.354484720000002,7.3111169600000006,0.0,-0.011111130596399683,0.0
365.70000000001465,16.354484720000002,7.3111169600000006,0.0,-0.011111130596399683,0.0
365.8000000000147,16.354484720000002,7.3111169600000006,0.0,-0.011111130596399683,0.0
365.9000000000147,16.354484720000002,7.3111169600000006,0.0,-0.011111130596399683,0.0
366.0000000000147,16.354484720000002,7.3111169600000006,0.0,-0.011111130596399683,0.0
366.10000000001475,16.354484720000002,7.3111169600000006,0.0,-0.011111130596399683,0.0
366.20000000001477,16.354484720000002,7.3111169600000006,0.0,-0.011111130596399683,0.0
366.3000000000148,16.354484720000002,7.3111169600000006,0.0,-0.011111130596399683,0.0
366.4000000000148,16.354484720000002,7.3111169600000006,0.0,-0.004611435735059659,0.0
366.50000000001484,16.354484720000002,7.3111169600000006,0.0,0.0,0.0
366.60000000001486,16.354484720000002,7.3111169600000006,0.0,0.0,0.0
366.7000000000149,16.354484720000002,7.3111169600000006,0.0,0.0,0.0
366.8000000000149,16.354484720000002,7.3111169600000006,0.0,0.0,0.0
366.9000000000149,16.354484720000002,7.3111169600000006,0.0,0.0,0.0
367.00000000001495,16.354484720000002,7.3111169600000006,0.0,0.0,0.0
367.100000000015,16.354484720000002,7.3111169600000006,0.0,0.0,0.0
367.200000000015,16.354484720000002,7.3111169600000006,0.0,0.0,0.0
367.300000000015,16.354484720000002,7.3111169600000006,0.0,0.0,0.0
367.40000000001504,16.354484720000002,7.3111169600000006,0.0,0.0,0.0
367.50000000001506,16.354484720000002,7.3111169600000006,0.0,0.0,0.0
367.6000000000151,16.354484720000002,7.3111169600000006,0.0,0.0,0.0
367.7000000000151,16.354484720000002,7.3111169600000006,0.0,0.0,0.0
367.80000000001513,16.354484720000002,7.3111169600000006,0.0,0.0,0.0
367.90000000001515,16.354484720000002,7.3111169600000006,0.0,0.0,0.0
368.0000000000152,16.354484720000002,7.3111169600000006,0.0,0.0,0.0
368.1000000000152,16.354484720000002,7.3111169600000006,0.0,0.0,0.0
368.2000000000152,16.354484720000002,7.3111169600000006,0.0,0.0,0.0
368.30000000001525,16.354484720000002,7.3111169600000006,0.0,0.0,0.0
368.40000000001527,16.354484720000002,7.3111169600000006,0.0,0.0,0.0
368.5000000000153,16.354484720000002,7.3111169600000006,0.0,0.0,0.0
368.6000000000153,16.354484720000002,7.3111169600000006,0.0,0.0,0.0
368.70000000001534,16.354484720000002,7.3111169600000006,0.0,0.0,0.0
368.80000000001536,16.354484720000002,7.3111169600000006,0.0,0.0,0.0
368.9000000000154,16.354484720000002,7.3111169600000006,0.0,0.0,0.0
369.0000000000154,16.354484720000002,7.3111169600000006,0.0,0.0,0.0
369.1000000000154,16.354484720000002,7.3111169600000006,0.0,0.0,0.0
369.20000000001545,16.354484720000002,7.3111169600000006,0.0,0.0,0.0
369.3000000000155,16.354484720000002,7.3111169600000006,0.0,0.0,0.0
369.4000000000155,16.354484720000002,7.3111169600000006,0.0,0.0,0.0
369.5000000000155,16.354484720000002,7.3111169600000006,0.0,0.0,0.0
369.60000000001554,16.354484720000002,7.3111169600000006,0.0,0.0,0.0
369.70000000001556,16.354484720000002,7.3111169600000006,0.0,0.0,0.0
369.8000000000156,16.354484720000002,7.3111169600000006,0.0,0.0,0.0
369.9000000000156,16.354484720000002,7.3111169600000006,0.0,0.0,0.0
370.00000000001563,16.354484720000002,7.3111169600000006,0.0,0.0,0.0
370.10000000001565,16.354484720000002,7.3111169600000006,0.0,0.0,0.0
370.2000000000157,16.354484720000002,7.3111169600000006,0.0,0.0,0.0
370.3000000000157,16.354484720000002,7.3111169600000006,0.0,0.0,0.0
370.4000000000157,16.354484720000002,7.3111169600000006,0.0,0.0,0.0
370.50000000001575,16.354484720000002,7.3111169600000006,0.0,0.0,0.0
370.60000000001577,16.354484720000002,7.3111169600000006,0.0,0.0,0.0
370.7000000000158,16.354484720000002,7.3111169600000006,0.0,0.0,0.0
370.8000000000158,16.354484720000002,7.3111169600000006,0.0,0.0,0.0
370.90000000001584,16.354484720000002,7.3111169600000006,0.0,0.0,0.0
371.00000000001586,16.354484720000002,7.3111169600000006,0.0,0.0,0.0
371.1000000000159,16.354484720000002,7.3111169600000006,0.0,0.0,0.0
371.2000000000159,16.354484720000002,7.3111169600000006,0.0,0.0,0.0
371.3000000000159,16.354484720000002,7.3111169600000006,0.0,0.0,0.0
371.40000000001595,16.354484720000002,7.3111169600000006,0.0,0.0,0.0
371.500000000016,16.354484720000002,7.3111169600000006,0.0,0.0,0.0
371.600000000016,16.354484720000002,7.3111169600000006,0.0,0.0,0.0
371.700000000016,16.354484720000002,7.3111169600000006,0.0,0.0,0.0
371.80000000001604,16.354484720000002,7.3111169600000006,0.0,0.0,0.0
371.90000000001606,16.354484720000002,7.3111169600000006,0.0,0.0,0.0
372.0000000000161,16.354484720000002,7.3111169600000006,0.0,0.0,0.0
372.1000000000161,16.354484720000002,7.3111169600000006,0.0,0.0,0.0
372.20000000001613,16.354484720000002,7.3111169600000006,0.0,0.0,0.0
372.30000000001615,16.354484720000002,7.3111169600000006,0.0,0.0,0.0
372.4000000000162,16.354484720000002,7.3111169600000006,0.0,0.0,0.0
372.5000000000162,16.354484720000002,7.3111169600000006,0.0,0.0,0.0
372.6000000000162,16.354484720000002,7.3111169600000006,0.0,0.0,0.0
372.70000000001625,16.354484720000002,7.3111169600000006,0.0,0.0,0.0
372.80000000001627,16.354484720000002,7.3111169600000006,0.0,0.0,0.0
372.9000000000163,16.354484720000002,7.3111169600000006,0.0,0.0,0.0
373.0000000000163,16.354484720000002,7.3111169600000006,0.0,0.0,0.0
373.10000000001634,16.354484720000002,7.3111169600000006,0.0,0.0,0.0
373.20000000001636,16.354484720000002,7.3111169600000006,0.0,0.0,0.0
373.3000000000164,16.354484720000002,7.3111169600000006,0.0,0.0,0.0
373.4000000000164,16.354484720000002,7.3111169600000006,0.0,0.0,0.0
373.5000000000164,16.354484720000002,7.3111169600000006,0.0,0.0,0.0
373.60000000001645,16.354484720000002,7.3111169600000006,0.0,0.0,0.0
373.7000000000165,16.354484720000002,7.3111169600000006,0.0,0.0,0.0
373.8000000000165,16.354484720000002,7.3111169600000006,0.0,0.0,0.0
373.9000000000165,16.354484720000002,7.3111169600000006,0.0,0.0,0.0
374.00000000001654,16.354484720000002,7.3111169600000006,0.0,0.0,0.0
374.10000000001656,16.354484720000002,7.3111169600000006,0.0,0.0,0.0
374.2000000000166,16.37370480078656,7.319709114446747,0.0,0.004296081320435524,0.08592162640871047
374.3000000000166,16.384840840210487,7.3246873750335775,0.0,0.006785213987672773,0.04978265334474497
374.40000000001663,16.354484720000002,7.3111169600000006,0.0,0.0,-0.13570427975345545
374.50000000001666,16.354484720000002,7.3111169600000006,0.0,0.0,0.0
374.6000000000167,16.37357390252986,7.319650597625154,0.0,0.0042668228817361285,0.08533645763472257
374.7000000000167,16.404194399999998,7.3333392,0.0,0.011111130596399685,0.1368861542932711
374.8000000000167,16.404194399999998,7.3333392,0.1933742998476191,0.0,0.0
374.90000000001675,16.404194399999998,7.3333392,0.5,0.0,0.0
375.00000000001677,16.423518266579162,7.341977750898942,0.5,0.04319279568656962,0.08638559137313924
375.1000000000168,16.51189231998404,7.381484531560898,0.5,0.16048459158635894,0.3950681833859376
375.2000000000168,16.660393591610386,7.447870613675808,0.5,0.28632880725394894,0.6638614542567189
375.30000000001684,16.809406795589624,7.514485550283639,0.5,0.3622930460768502,0.6661500013684551
375.40000000001686,16.959105729370616,7.581407035882124,0.5,0.4134467874304561,0.6692154941984855
375.5000000000169,17.088805837304967,7.639388236455997,0.5,0.437213326181973,0.5798125586910746
375.6000000000169,17.207889296591226,7.692623365153054,0.5,0.44910563474182624,0.5323517946607987
375.7000000000169,17.357109605979556,7.759330886265677,0.5,0.47332454724821615,0.6670758472993361
375.80000000001695,17.50622374645509,7.825990945574869,0.5,0.4926522154046336,0.6666012288123906
375.900000000017,17.63572088486232,7.8838814105506785,0.5,0.500493395990132,0.5789052018451167
376.000000000017,17.754785633078157,7.937108174641534,0.5,0.5031412920342062,0.5322681485190218
376.100000000017,17.884421365840442,7.995060596906561,0.5,0.5090169445952797,0.5795247753281613
376.20000000001704,17.98348899347225,8.039347838294248,0.5,0.5042923654265679,0.4428728362333141
376.30000000001706,18.102452583817147,8.092529380720311,0.5,0.5061272698274519,0.5318159314398303
376.4000000000171,18.232044540639986,8.150462233367657,0.5,0.5107023828985313,0.5793290789647205
376.5000000000171,18.331041108344994,8.194717708090426,0.5,0.5066937232739819,0.44255516928119104
376.60000000001713,18.4308104790881,8.239318657066608,0.5,0.5033224005982063,0.4460099151100214
376.70000000001716,18.529616441749724,8.283488923616254,0.5,0.5000792788160557,0.4417030867373466
376.8000000000172,18.649267345472932,8.336977722955819,0.5,0.5018197400505069,0.5348885035050776
376.9000000000172,18.779130113334496,8.395031639104223,0.5,0.5308467258069999,0.5805397151298598
377.0000000000172,18.878178599015524,8.43931032326474,0.5,0.5486668094323434,0.44278726388001066
377.10000000001725,18.977409334429975,8.48367048043647,0.5,0.5510935000015026,0.44360199476912054
377.20000000001727,19.077500968957622,8.528415494374714,0.5,0.5402729555938949,0.44745056610456313
377.3000000000173,19.176901088102134,8.572851372933135,0.5,0.5291834159933806,0.444359209358172
377.4000000000173,19.295688465724034,8.62595414113612,0.5,0.5222740507063459,0.5310281884577922
377.50000000001734,19.425220780190756,8.683860331235008,0.5,0.522236545433086,0.5790624532258757
377.60000000001736,19.524325584857174,8.728164192262684,0.5,0.517770907339631,0.44303903279169815
377.7000000000174,19.643039695322276,8.781234207079558,0.5,0.5109521476888808,0.5307006542843316
377.8000000000174,19.77338138780791,8.83950222192942,0.5,0.5067561214575733,0.58268070418624
377.9000000000174,19.872756627948835,8.88392697856574,0.30590144641428196,0.44424799003108995,0.44424799003108995
378.00000000001745,19.952789632540252,8.919704972629503,0.0,0.35778028184350713,0.35778028184350713
378.1000000000175,20.002486415678888,8.941921447210202,0.0,0.28997261976175326,0.22216495767999944
378.2000000000175,20.033001040000002,8.955562720000001,0.0,0.23878603250497998,0.1364128579914334
378.3000000000175,20.013690179135622,8.946929983182246,0.0,0.15750766175227773,-0.08632745050582906
378.40000000001754,19.96398608132762,8.924710238648125,0.0,0.08156659795273995,-0.2221976572454112
378.50000000001756,19.93358168,8.91111824,0.0,0.04531881227648915,-0.13592011610476484
378.6000000000176,19.914115870436024,8.902416234838734,0.0,0.02641324843677177,-0.0870201346015325
378.7000000000176,19.883872,8.888896,0.0,0.006211282716367651,-0.13520247732646118
378.80000000001763,19.883872,8.888896,0.0,0.005521140192326801,0.0
378.90000000001766,19.86466714326029,8.880310651318709,0.0,-0.0036163306958321264,-0.08585356868926247
379.0000000000177,19.83416232,8.866673760000001,0.0,-0.01568475910882295,-0.1363690432387312
379.1000000000177,19.83416232,8.866673760000001,0.0,-0.014377695849754372,0.0
379.2000000000177,19.83416232,8.866673760000001,0.0,-0.013271719245927112,0.0
379.30000000001775,19.83416232,8.866673760000001,0.0,-0.01232373929978946,0.0
379.40000000001777,19.85279901131219,8.8750051157268,0.0,-0.005947914231665649,0.08331363672206772
379.5000000000178,19.883872,8.888896,0.0,0.0031056413581838265,0.13890897520592596
379.6000000000178,19.883872,8.888896,0.0,0.0029229565724083074,0.0
379.70000000001784,19.883872,8.888896,0.0,0.0027605700961634014,0.0
379.80000000001786,19.883872,8.888896,0.0,0.002615276933207433,0.0
379.9000000000179,19.883872,8.888896,0.0,0.002484513086547061,0.0
380.0000000000179,19.883872,8.888896,0.0,-0.015404501005628296,0.0
380.1000000000179,19.883872,8.888896,0.0,-0.026512748889628273,0.0
380.20000000001795,19.90329526847859,8.89757898757336,0.0,-0.028991893862145623,0.08682995854108638
380.300000000018,19.93358168,8.91111824,0.0,-0.017905888667508807,0.13539265338690729
380.400000000018,19.93358168,8.91111824,0.0,-0.006796005805238247,0.0
380.500000000018,19.93358168,8.91111824,0.0,-2.7755575615628915e-18,0.0
380.60000000001804,19.93358168,8.91111824,0.0,0.004351006730076626,0.0
380.70000000001806,19.93358168,8.91111824,0.0,0.011111130596399685,0.0
380.8000000000181,19.93358168,8.91111824,0.0,0.011111130596399685,0.0
380.9000000000181,19.93358168,8.91111824,0.0,0.015403809030862808,0.0
381.00000000001813,19.93358168,8.91111824,0.0,0.02222226119279937,0.0
381.10000000001816,19.93358168,8.91111824,0.0,0.02222226119279937,0.0
381.2000000000182,19.95241691041705,8.9195383507467,0.0,0.02643232058117483,0.08420118776750923
381.3000000000182,19.96513585206117,8.925224232727063,0.0,0.02927526428259834,0.056858874028470216
381.4000000000182,19.95207942741859,8.919387482179697,0.0,0.022191204389630206,-0.05836756113729496
381.50000000001825,19.98329136,8.93334048,0.0,0.02222226119279937,0.1395301112693092
381.60000000001827,19.98329136,8.93334048,0.0,0.02222226119279937,0.0
381.7000000000183,19.98329136,8.93334048,0.0,0.02222226119279937,0.0
381.8000000000183,19.98329136,8.93334048,0.0,0.02222226119279937,0.0
381.90000000001834,19.98329136,8.93334048,0.0,0.02222226119279937,0.0
382.00000000001836,19.98329136,8.93334048,0.0,0.02222226119279937,0.0
382.1000000000184,19.98329136,8.93334048,0.0,0.02222226119279937,0.0
382.2000000000184,19.98329136,8.93334048,0.0,0.01788076326574505,0.0
382.30000000001843,19.98329136,8.93334048,0.0,0.011111130596399685,0.0
382.40000000001845,19.98329136,8.93334048,0.0,0.011111130596399685,0.0
382.5000000000185,19.98329136,8.93334048,0.0,0.011111130596399685,0.0
382.6000000000185,19.98329136,8.93334048,0.0,0.011111130596399685,0.0
382.7000000000185,19.98329136,8.93334048,0.0,0.011111130596399685,0.0
382.80000000001854,19.98329136,8.93334048,0.0,0.011111130596399685,0.0
382.90000000001857,20.002043524292915,8.941723456825372,0.0,0.01530262300640425,0.0838298482000913
383.0000000000186,20.013797321420483,8.946977880122406,0.0,0.017929837160427783,0.05254428308047064
383.1000000000186,20.002582348519933,8.94196433307504,0.0,0.015423061246097195,-0.05013551828661176
383.20000000001863,20.033001040000002,8.955562720000001,0.0,0.0180122018044248,0.13598399893406127
383.30000000001866,20.033001040000002,8.955562720000001,0.0,0.015169258103001288,0.0
383.4000000000187,20.033001040000002,8.955562720000001,0.0,0.018087636159866034,0.0
383.5000000000187,20.033001040000002,8.955562720000001,0.0,0.011111130596400573,0.0
383.6000000000187,20.033001040000002,8.955562720000001,0.0,0.011111130596400573,0.0
383.70000000001875,20.033001040000002,8.955562720000001,0.0,0.011111130596400573,0.0
383.80000000001877,20.033001040000002,8.955562720000001,0.0,0.011111130596400573,0.0
383.9000000000188,20.033001040000002,8.955562720000001,0.0,0.011111130596400573,0.0
384.0000000000188,20.033001040000002,8.955562720000001,0.0,0.011111130596400573,0.0
384.10000000001884,20.033001040000002,8.955562720000001,0.0,0.011111130596400573,0.0
384.20000000001886,20.033001040000002,8.955562720000001,0.0,0.011111130596400573,0.0
384.3000000000189,20.033001040000002,8.955562720000001,0.0,0.011111130596400573,0.0
384.4000000000189,20.033001040000002,8.955562720000001,0.0,0.011111130596400573,0.0
384.50000000001893,20.033001040000002,8.955562720000001,0.0,0.011111130596400573,0.0
384.60000000001895,20.033001040000002,8.955562720000001,0.0,0.011111130596400573,0.0
384.700000000019,20.033001040000002,8.955562720000001,0.0,0.011111130596400573,0.0
384.800000000019,20.033001040000002,8.955562720000001,0.0,0.011111130596400573,0.0
384.900000000019,20.033001040000002,8.955562720000001,0.0,0.006919638186396007,0.0
385.00000000001904,20.033001040000002,8.955562720000001,0.0,0.004292424032372476,0.0
385.10000000001907,20.033001040000002,8.955562720000001,0.0,0.006799199946703064,0.0
385.2000000000191,20.033001040000002,8.955562720000001,0.0,0.0,0.0
385.3000000000191,20.033001040000002,8.955562720000001,0.0,0.0,0.0
385.40000000001913,20.033001040000002,8.955562720000001,0.0,0.0,0.0
385.50000000001916,20.033001040000002,8.955562720000001,0.0,0.0,0.0
385.6000000000192,20.033001040000002,8.955562720000001,0.0,0.0,0.0
385.7000000000192,20.033001040000002,8.955562720000001,0.0,0.0,0.0
385.8000000000192,20.033001040000002,8.955562720000001,0.0,0.0,0.0
385.90000000001925,20.033001040000002,8.955562720000001,0.0,0.0,0.0
386.00000000001927,20.033001040000002,8.955562720000001,0.0,0.0,0.0
386.1000000000193,20.033001040000002,8.955562720000001,0.0,0.0,0.0
386.2000000000193,20.033001040000002,8.955562720000001,0.0,0.0,0.0
386.30000000001934,20.033001040000002,8.955562720000001,0.0,0.0,0.0
386.40000000001936,20.033001040000002,8.955562720000001,0.0,0.0,0.0
386.5000000000194,20.033001040000002,8.955562720000001,0.0,0.0,0.0
386.6000000000194,20.033001040000002,8.955562720000001,0.0,0.0,0.0
386.70000000001943,20.033001040000002,8.955562720000001,0.0,0.0,0.0
386.80000000001945,20.033001040000002,8.955562720000001,0.0,0.0,0.0
386.9000000000195,20.033001040000002,8.955562720000001,0.0,0.0,0.0
387.0000000000195,20.033001040000002,8.955562720000001,0.0,0.0,0.0
387.1000000000195,20.033001040000002,8.955562720000001,0.0,0.0,0.0
387.20000000001954,20.033001040000002,8.955562720000001,0.0,0.0,0.0
387.30000000001957,20.052039848862186,8.964073838555775,0.0,0.004255563336308245,0.0851112667261649
387.4000000000196,20.08271072,8.977784960000001,0.0,0.011111130596399683,0.13711134520182877
387.5000000000196,20.08271072,8.977784960000001,0.0,0.011111130596399683,0.0
387.60000000001963,20.08271072,8.977784960000001,0.0,0.011111130596399683,0.0
387.70000000001966,20.08271072,8.977784960000001,0.0,0.011111130596399683,0.0
387.8000000000197,20.08271072,8.977784960000001,0.0,0.011111130596399683,0.0
387.9000000000197,20.08271072,8.977784960000001,0.0,0.011111130596399683,0.0
388.0000000000197,20.08271072,8.977784960000001,0.0,0.011111130596399683,0.0
388.10000000001975,20.08271072,8.977784960000001,0.0,0.011111130596399683,0.0
388.20000000001977,20.08271072,8.977784960000001,0.0,0.011111130596399683,0.0
388.3000000000198,20.08271072,8.977784960000001,0.0,0.011111130596399683,0.0
388.4000000000198,20.08271072,8.977784960000001,0.0,0.011111130596399683,0.0
388.50000000001984,20.08271072,8.977784960000001,0.0,0.011111130596399683,0.0
388.60000000001986,20.08271072,8.977784960000001,0.0,0.011111130596399683,0.0
388.7000000000199,20.08271072,8.977784960000001,0.0,0.011111130596399683,0.0
388.8000000000199,20.08271072,8.977784960000001,0.0,0.011111130596399683,0.0
388.90000000001993,20.08271072,8.977784960000001,0.0,0.011111130596399683,0.0
389.00000000001995,20.08271072,8.977784960000001,0.0,0.011111130596399683,0.0
389.10000000002,20.08271072,8.977784960000001,0.0,0.011111130596399683,0.0
389.20000000002,20.08271072,8.977784960000001,0.0,0.011111130596399683,0.0
389.30000000002,20.08271072,8.977784960000001,0.0,0.006855567260091439,0.0
389.40000000002004,20.08271072,8.977784960000001,0.0,0.0,0.0
389.50000000002007,20.08271072,8.977784960000001,0.0,0.0,0.0
389.6000000000201,20.08271072,8.977784960000001,0.0,0.0,0.0
389.7000000000201,20.08271072,8.977784960000001,0.0,0.0,0.0
389.80000000002013,20.08271072,8.977784960000001,0.0,0.0,0.0
389.90000000002016,20.08271072,8.977784960000001,0.0,0.0,0.0
390.0000000000202,20.08271072,8.977784960000001,0.0,0.0,0.0
390.1000000000202,20.08271072,8.977784960000001,0.0,0.0,0.0
390.2000000000202,20.08271072,8.977784960000001,0.0,0.0,0.0
390.30000000002025,20.08271072,8.977784960000001,0.0,0.0,0.0
390.40000000002027,20.08271072,8.977784960000001,0.0,0.0,0.0
390.5000000000203,20.08271072,8.977784960000001,0.0,0.0,0.0
390.6000000000203,20.08271072,8.977784960000001,0.0,0.0,0.0
390.70000000002034,20.08271072,8.977784960000001,0.0,0.0,0.0
390.80000000002036,20.08271072,8.977784960000001,0.0,0.0,0.0
390.9000000000204,20.08271072,8.977784960000001,0.0,0.0,0.0
391.0000000000204,20.08271072,8.977784960000001,0.0,0.0,0.0
391.10000000002043,20.08271072,8.977784960000001,0.0,0.0,0.0
391.20000000002045,20.08271072,8.977784960000001,0.0,0.0,0.0
391.3000000000205,20.08271072,8.977784960000001,0.0,0.0,0.0
391.4000000000205,20.08271072,8.977784960000001,0.0,0.0,0.0
391.5000000000205,20.08271072,8.977784960000001,0.0,0.0,0.0
391.60000000002054,20.08271072,8.977784960000001,0.0,0.0,0.0
391.70000000002057,20.08271072,8.977784960000001,0.0,0.0,0.0
391.8000000000206,20.08271072,8.977784960000001,0.0,0.0,0.0
391.9000000000206,20.08271072,8.977784960000001,0.0,0.0,0.0
392.00000000002063,20.08271072,8.977784960000001,0.6720029535899812,0.0,0.0
392.10000000002066,20.101743906500488,8.986293565132414,2.0,0.08508613246858505,0.08508613246858505
392.2000000000207,20.151475256029066,9.008525492289214,2.0,0.15370280802848718,0.22231948358838932
392.3000000000207,20.239333946360336,9.047801884787159,2.0,0.23338997186854793,0.3927642995486694
392.4000000000207,20.422876126939517,9.129852672218378,2.0,0.38016964310396784,0.8205086568102276
392.50000000002075,20.721773898239462,9.26347208013435,2.0,0.5713747851741573,1.3361953534549151
392.60000000002077,21.168919600575418,9.463364316662089,2.0,0.8092996995784842,1.9989242716001185
392.7000000000208,21.629179659879576,9.669119201832768,2.0,0.987621287344437,2.0575508139401535
392.8000000000208,22.086818883960408,9.873702467525447,2.0,1.1198979524247223,2.0458346079867193
392.90000000002084,22.613345399833165,10.109081142304449,2.0,1.2569969568817667,2.3537889925381226
393.00000000002086,23.129582235229076,10.339859913220062,2.0,1.3620762521971996,2.3077899100360955
393.1000000000209,23.65684720522106,10.575568706894746,2.0,1.4525320642377462,2.3570901846432104
393.2000000000209,24.172547293720225,10.806107530211447,2.0,1.5236035948644886,2.3053904317586555
393.30000000002093,24.71857048086297,11.050202006584076,2.0,1.5941684792283617,2.4409470915948384
393.40000000002095,25.26584674820605,11.294856660550911,2.0,1.6550527930605625,2.4465488728791747
393.500000000021,25.80973525081156,11.537996846489351,2.0,1.7068095520666662,2.4314041781521185
393.600000000021,26.39826896699352,11.801095250846156,2.0,1.7645706146045217,2.630986552672354
393.700000000021,27.08914182340367,12.109943395204194,2.0,1.842447895450645,3.0884843889886158
393.80000000002104,27.585631407580603,12.33189434514151,2.0,1.8633958799291857,2.2195116160643833
393.90000000002107,28.054102266161724,12.541319790092992,2.0,1.8755464360778284,2.0942564467533993
394.0000000000211,28.495528966742214,12.738655401239708,2.0,1.973357993407997,1.973357993407997
394.1000000000211,28.956749063780183,12.944839462155029,2.0,1.9792748360948835,2.0618425754795204
394.20000000002113,29.36377698607167,13.126797426395852,2.0,2.0591379308002766,1.8195813776962555
394.30000000002116,29.80864146258355,13.325669862599854,2.0,2.1389360287547023,1.9887262586371794
394.4000000000212,30.182591045678556,13.492840469681557,2.0,2.1814959791682753,1.671707665081692
394.5000000000212,30.479006305389884,13.625350094385789,2.0,2.180941087033219,1.325097510753784
394.6000000000212,30.88577741901896,13.807193254754809,2.0,2.1719165403473815,1.8184333378833708
394.70000000002125,31.261723278529644,13.975256278235399,2.0,2.1530705915294397,1.6806318375813187
394.80000000002127,31.678284847069175,14.161476168423022,2.0,2.1438888950205635,1.8622006778091849
394.9000000000213,31.98762456808774,14.299763550719742,2.0,2.095343202482643,1.382875141779711
395.0000000000213,32.38513023021425,14.47746467905399,2.0,2.0688043558825435,1.7770129780341082
395.10000000002134,32.784779287269245,14.656123991720047,2.0,2.0402795881748923,1.7865948304901842
395.20000000002136,33.1785526010392,14.832156609193975,2.0,2.0130264592628966,1.7603278535187352
395.3000000000214,33.557381934466115,15.001508662284092,2.0,1.975655211981642,1.6935221459697463
395.4000000000214,33.98495671254071,15.192651903124116,2.0,1.9488994799019816,1.9114342312859716
395.50000000002143,34.4261061515348,15.389863567113746,2.0,1.9259351970271301,1.9721185206550884
395.60000000002145,34.832976793814055,15.5717512208199,2.0,1.885329782977464,1.8188782716790302
395.7000000000215,35.268814152718015,15.76658816989159,2.0,1.9483713488286067,1.9483713488286067
395.8000000000215,35.677366010465974,15.949227394994647,2.0,1.8086682498070257,1.8263939928156223
395.9000000000215,36.123384753294836,16.14861583498543,2.0,1.993886301425997,1.993886301425997
396.00000000002154,36.56949165030999,16.348043683467377,2.0,1.994280386713445,1.994280386713445
396.10000000002157,37.01516800276284,16.547279061094674,2.0,1.9923556763314014,1.9923556763314014
396.2000000000216,37.44296834480019,16.73852313816047,2.0,1.91244259450535,1.91244259450535
396.3000000000216,37.83691710030634,16.914634185195148,2.0,1.7944838726508272,1.7611121498741973
396.40000000002163,38.31009528921925,17.126163997432684,2.0,1.8166634963808814,2.115300139682779
396.50000000002166,38.75202488567792,17.32372442340219,2.0,1.9756061437798993,1.9756061437798993
396.6000000000217,39.177865622034915,17.514092477372802,2.0,1.9036823551990918,1.9036823551990918
396.7000000000217,39.65195028209922,17.72602751892341,2.0,1.8753874088528106,2.1193524366780556
396.8000000000217,40.09854855004055,17.925675030107882,2.0,1.9964770158335843,1.9964770158335843
396.90000000002175,40.54587152084052,18.12564651281769,2.0,1.9129433053738727,1.9997167341765498
397.00000000002177,41.013817007631886,18.334837095303726,2.0,1.928688047465124,2.091907819859136
397.1000000000218,41.50215538368443,18.55314412511864,1.357596062736775,2.1830723800891856,2.1830723800891856
397.2000000000218,41.8814382328359,18.72269891810318,0.0,1.6955495468474728,1.6955495468474728
397.30000000002184,42.2880013713248,18.904449105162396,0.0,1.7565265753730666,1.81750360389866
397.40000000002186,42.70733487414434,19.09190816222525,0.0,1.795881836375082,1.874592358379113
397.5000000000219,42.958580725846744,19.20422523237206,0.0,1.6277043204333594,1.1231717726081916
397.6000000000219,42.98000837715067,19.213804260237698,0.0,1.3213215303485255,0.0957903700091892
397.70000000002193,42.88086929882069,19.169485077494468,0.0,1.0272359002748768,-0.44319225009336716
397.80000000002195,42.791159932852835,19.12938135804213,0.0,0.8231968320952374,-0.40103757698259856
397.900000000022,42.74138879643938,19.10713164453658,0.0,0.6924850596776422,-0.22249734724552492
398.000000000022,42.68545199178192,19.082125627641457,0.0,0.5877577855548578,-0.25006040742741753
398.100000000022,42.582634786447144,19.036162173177885,0.0,0.48301850870159296,-0.45963498297779015
398.20000000002204,42.49248929366645,18.995863487378845,0.0,0.40247253133699457,-0.40298724230898897
398.30000000002207,42.44343672309634,18.973935001904266,0.0,0.350659398402885,-0.21928506387232047
398.4000000000221,42.39049736623265,18.95026896555741,0.0,0.30548093782068686,-0.2366605891656916
398.5000000000221,42.29355787875967,18.90693308900175,0.0,0.2527066437734871,-0.4333591788401093
398.60000000002213,42.253228,18.888904,0.0,0.22384013005815748,-0.18029106195645792
398.70000000002216,42.262591742732475,18.89308997219494,0.0,0.21246635704639594,0.04185976186997303
398.8000000000222,42.30293768,18.91112624,0.0,0.2105779154588455,0.1803628500580384
398.9000000000222,42.311669727439075,18.915029818817697,0.0,0.2010477993447106,0.039035825404417294
399.0000000000222,42.35264736,18.93334848,0.0,0.20010774603833417,0.1831867865235586
399.10000000002225,42.35849492026448,18.935962576240644,0.0,0.19140940810323945,0.026140987336439478
399.20000000002227,42.41153981651204,18.95967579296601,0.0,0.11848855043090219,0.23713239340072845
399.3000000000223,42.4598025649212,18.981251195950055,0.0,0.03840108201595512,0.21575423559972015
399.4000000000223,42.501776400000004,19.000015200000004,0.0,-0.04594652493064322,0.18764021944714626
399.50000000002234,42.501776400000004,19.000015200000004,0.0,-0.10210511356105276,0.0
399.60000000002236,42.51133864368598,19.00428991015964,0.0,-0.10475727494335225,0.04274714236319942
399.7000000000224,42.56106088724026,19.02651776657717,0.0,-0.07148372363083924,0.22227877615689323
399.8000000000224,42.60119576,19.044459680000003,0.0,-0.04246087951491458,0.17941930533589473
399.90000000002243,42.60690666126163,19.04701268413224,0.0,-0.030059508869150785,0.02553006566975149
400.00000000002245,42.65963728103555,19.070585406546964,0.0,-0.005770116050057564,0.23572744895444675
400.1000000000225,42.70061512,19.088904160000002,0.0,0.02637101856042139,0.1831877092317891
400.2000000000225,42.70976033158009,19.092992439920202,0.0,0.048564522585416596,0.04088283819091498
400.3000000000225,42.7503248,19.1111264,0.0,0.06859576446588568,0.18133977373706092
400.40000000002254,42.7503248,19.1111264,0.0,0.08042879392417027,0.0
400.50000000002257,42.759631497031805,19.11528687045662,0.0,0.10417699007835543,0.041604744243594255
400.6000000000226,42.80003448,19.13334864,0.0,0.12222243656039918,0.18061786768441718
400.7000000000226,42.80954065184217,19.137598283774775,0.0,0.12225427238067735,0.04249647827553646
400.80000000002264,42.84974416000001,19.155570880000003,0.0,0.12222243656039918,0.17972613365247497
400.90000000002266,42.84974416000001,19.155570880000003,0.0,0.12027064529017831,0.0
401.0000000000227,42.84974416000001,19.155570880000003,0.0,0.11111130596400039,0.0
401.1000000000227,42.85818559136152,19.15934454166226,0.0,0.1116910892277313,0.03773665261105759
401.2000000000227,42.89945384000001,19.177793120000004,0.0,0.10905876752354257,0.18448595931695386
401.30000000002275,42.908985938504905,19.182054354042943,0.0,0.10040167479694291,0.0426123810677266
401.40000000002277,42.949163520000006,19.200015360000002,0.0,0.10000017536759805,0.17961023086024933
401.5000000000228,42.93973704151142,19.19580134238154,0.0,0.09789316454896474,-0.04214021637266611
401.6000000000228,42.90892429024558,19.18202679477452,0.0,0.08886852705907197,-0.13774560743465594
401.70000000002284,42.949163520000006,19.200015360000002,0.0,0.0867488794415934,0.17988582380732204
401.80000000002286,42.949163520000006,19.200015360000002,0.0,0.07777791417479868,0.0
401.9000000000229,42.949163520000006,19.200015360000002,0.0,0.0765014108913111,0.0
402.0000000000229,42.95845297187576,19.20416812117351,0.0,0.06679142101053534,0.04152765133893163
402.10000000002293,42.998873200000006,19.222237600000003,0.0,0.06666678357839988,0.1806949605890798
402.20000000002295,43.008087894171545,19.226356941452345,0.0,0.06668231435928171,0.04119345380855164
402.300000000023,43.03937506298661,19.240343572915847,0.0,0.06460864807353207,0.13986644802206794
402.400000000023,42.998873200000006,19.222237600000003,0.0,0.05555565298200109,-0.1810599018306196
402.500000000023,42.998873200000006,19.222237600000003,0.0,0.05347541576982138,0.0
402.60000000002304,43.007514222961035,19.226100487189896,0.0,0.04637596782251688,0.0386289087383273
402.70000000002307,43.04858288,19.24445984,0.0,0.053430829068222496,0.18359370318964863
402.8000000000231,43.04858288,19.24445984,0.0,0.044444522385598734,0.0
402.9000000000231,43.05801179145628,19.24867494525355,0.0,0.04655207702229455,0.042151092733916325
403.00000000002314,43.09829256,19.266682080000002,0.0,0.055555652981999305,0.18007151919409511
403.10000000002316,43.09829256,19.266682080000002,0.0,0.05366882035144642,0.0
403.2000000000232,43.088996027754085,19.262526153614306,0.0,0.04236655721104869,-0.041559303491000975
403.3000000000232,43.04858288,19.24445984,0.0,0.031202772735811835,-0.18066330843701048
403.4000000000232,43.04858288,19.24445984,0.0,0.022222261192799363,0.0
403.50000000002325,43.04858288,19.24445984,0.0,0.024329272011432673,0.0
403.6000000000233,43.05776982352252,19.248566775788444,0.0,0.033270022235728156,0.04106939705125372
403.7000000000233,43.09829256,19.266682080000002,0.0,0.03333339178919994,0.18115321487675773
403.8000000000233,43.09829256,19.266682080000002,0.0,0.03333339178919994,0.0
403.90000000002334,43.09829256,19.266682080000002,0.0,0.03333339178919994,0.0
404.00000000002336,43.09829256,19.266682080000002,0.0,0.03125700922225335,0.0
404.1000000000234,43.09829256,19.266682080000002,0.0,0.02222226119279937,0.0
404.2000000000234,43.09829256,19.266682080000002,0.0,0.020162588502371785,0.0
404.30000000002343,43.10783512134778,19.27094799135741,0.0,0.015302223814119132,0.04265915425701481
404.40000000002345,43.14800224,19.28890432,0.0,0.03333339178919816,0.1795634576709611
404.5000000000235,43.14800224,19.28890432,0.0,0.03333339178919816,0.0
404.6000000000235,43.14800224,19.28890432,0.0,0.031401946352281794,0.0
404.7000000000235,43.14800224,19.28890432,0.0,0.022222261192799367,0.0
404.80000000002354,43.14800224,19.28890432,0.0,0.022222261192799367,0.0
404.90000000002357,43.14800224,19.28890432,0.0,0.02011470655610355,0.0
405.0000000000236,43.14800224,19.28890432,0.0,0.011111130596398795,0.0
405.1000000000236,43.14800224,19.28890432,0.0,0.011111130596398795,0.0
405.20000000002364,43.152642091896794,19.290978521693013,0.0,0.01422619760651266,0.020742036711276352
405.30000000002366,43.18846322783002,19.30699202006558,0.0,0.031266119850484275,0.16013513644242172
405.4000000000237,43.14800224,19.28890432,0.0,0.022222261192799374,-0.18087717315369806
405.5000000000237,43.14800224,19.28890432,0.0,0.022222261192799374,0.0
405.6000000000237,43.15631318927469,19.292619650885452,0.0,0.02202645855457222,0.037153344286710833
405.70000000002375,43.19319905858675,19.309109128195733,0.0,0.02121354432867742,0.16489493035886163
405.8000000000238,43.14800224,19.28890432,0.0,0.011111130596398795,-0.20204827464557248
405.9000000000238,43.14800224,19.28890432,0.0,0.011111130596398795,0.0
406.0000000000238,43.15722920451966,19.29302914679485,0.0,0.013173545960696548,0.041248307285955035
406.10000000002384,43.197711919999996,19.31112656,0.0,0.02222226119279937,0.1809743046420564
406.20000000002386,43.188547951057494,19.307029894779205,0.0,0.02017392662895714,-0.04096669127684455
406.3000000000239,43.14800224,19.28890432,0.0,0.008978172883548057,-0.18125592065116689
406.4000000000239,43.14800224,19.28890432,0.0,1.3877787807814458e-18,0.0
406.50000000002393,43.15242206414731,19.290880160378762,0.0,0.0009879211315359975,0.019758422630719922
406.60000000002395,43.197711919999996,19.31112656,0.0,0.011111130596400573,0.2024641892972915
406.700000000024,43.197711919999996,19.31112656,0.0,0.011111130596400573,0.0
406.800000000024,43.197711919999996,19.31112656,0.0,0.011111130596400573,0.0
406.900000000024,43.197711919999996,19.31112656,0.0,0.011111130596400573,0.0
407.00000000002404,43.197711919999996,19.31112656,0.0,0.011111130596400573,0.0
407.10000000002407,43.197711919999996,19.31112656,0.0,0.011111130596400573,0.0
407.2000000000241,43.197711919999996,19.31112656,0.0,0.010074028760836753,0.0
407.3000000000241,43.197711919999996,19.31112656,0.0,0.002067271938715669,0.0
407.40000000002414,43.197711919999996,19.31112656,0.0,0.01111113059640057,0.0
407.50000000002416,43.197711919999996,19.31112656,0.0,0.01111113059640057,0.0
407.6000000000242,43.197711919999996,19.31112656,0.0,0.00925346338206503,0.0
407.7000000000242,43.197711919999996,19.31112656,0.0,0.0010087168641219487,0.0
407.8000000000242,43.197711919999996,19.31112656,0.0,0.011111130596400573,0.0
407.90000000002425,43.197711919999996,19.31112656,0.0,0.011111130596400573,0.0
408.0000000000243,43.197711919999996,19.31112656,0.0,0.00904871523210282,0.0
408.1000000000243,43.197711919999996,19.31112656,0.0,0.0,0.0
408.2000000000243,43.197711919999996,19.31112656,0.0,0.0020483345638422274,0.0
408.30000000002434,43.197711919999996,19.31112656,0.0,0.011111130596400572,0.0
408.40000000002436,43.197711919999996,19.31112656,0.0,0.011111130596400572,0.0
408.5000000000244,43.197711919999996,19.31112656,0.0,0.010123209464864575,0.0
408.6000000000244,43.197711919999996,19.31112656,0.0,0.0,0.0
408.70000000002443,43.197711919999996,19.31112656,0.0,0.0,0.0
408.80000000002445,43.197711919999996,19.31112656,0.0,0.0,0.0
408.9000000000245,43.197711919999996,19.31112656,0.0,0.0,0.0
409.0000000000245,43.197711919999996,19.31112656,0.0,0.0,0.0
409.1000000000245,43.197711919999996,19.31112656,0.0,0.0,0.0
409.20000000002454,43.197711919999996,19.31112656,0.0,0.0,0.0
409.30000000002457,43.197711919999996,19.31112656,0.0,0.0,0.0
409.4000000000246,43.197711919999996,19.31112656,0.0,0.0,0.0
409.5000000000246,43.197711919999996,19.31112656,0.0,0.0,0.0
409.60000000002464,43.197711919999996,19.31112656,0.0,0.0,0.0
409.70000000002466,43.197711919999996,19.31112656,0.0,0.0,0.0
409.8000000000247,43.197711919999996,19.31112656,0.0,0.0,0.0
409.9000000000247,43.197711919999996,19.31112656,0.0,0.0,0.0
410.0000000000247,43.197711919999996,19.31112656,0.0,0.0,0.0
410.10000000002475,43.197711919999996,19.31112656,0.0,0.0,0.0
410.2000000000248,43.197711919999996,19.31112656,0.0,0.0,0.0
410.3000000000248,43.197711919999996,19.31112656,0.0,0.0,0.0
410.4000000000248,43.197711919999996,19.31112656,0.0,0.0,0.0
410.50000000002484,43.197711919999996,19.31112656,0.0,0.0,0.0
410.60000000002486,43.197711919999996,19.31112656,0.0,0.0,0.0
410.7000000000249,43.197711919999996,19.31112656,0.0,0.0,0.0
410.8000000000249,43.197711919999996,19.31112656,0.0,0.0,0.0
410.90000000002493,43.197711919999996,19.31112656,0.0,0.0,0.0
411.00000000002495,43.197711919999996,19.31112656,0.0,0.0,0.0
411.100000000025,43.197711919999996,19.31112656,0.0,0.0,0.0
411.200000000025,43.197711919999996,19.31112656,0.0,0.0,0.0
411.300000000025,43.197711919999996,19.31112656,0.0,0.0,0.0
411.40000000002505,43.197711919999996,19.31112656,0.0,0.0,0.0
411.50000000002507,43.197711919999996,19.31112656,0.0,0.0,0.0
411.6000000000251,43.197711919999996,19.31112656,0.0,0.0,0.0
411.7000000000251,43.197711919999996,19.31112656,0.0,0.0,0.0
411.80000000002514,43.197711919999996,19.31112656,0.0,0.0,0.0
411.90000000002516,43.197711919999996,19.31112656,0.0,0.0,0.0
412.0000000000252,43.197711919999996,19.31112656,0.0,0.0,0.0
412.1000000000252,43.197711919999996,19.31112656,0.0,0.0,0.0
412.2000000000252,43.197711919999996,19.31112656,0.0,0.0,0.0
412.30000000002525,43.197711919999996,19.31112656,-1.0,-1.0,0.0
412.4000000000253,43.197711919999996,19.31112656,-1.0,-1.0,0.0
412.5000000000253,43.0995809543265,19.26725804443868,-1.0,-1.0,-0.4386855739763792
412.6000000000253,42.86120966076592,19.16069642314855,-1.0,-1.0,-1.0656172291530794
412.70000000002534,42.65275820926105,19.06751018288932,-1.0,-1.0,-0.9318632912864101
412.80000000002536,42.357344871443445,18.935448457845343,-1.0,-1.0,-1.3206185098797074
412.9000000000254,42.00930690562191,18.77986139300007,-1.0,-0.7589509623633734,-1.5558721322480384
413.0000000000254,41.76018434909683,18.668493521782352,-1.0,-0.8032920638510717,-1.1136797742649593
413.10000000002543,41.51062216479797,18.556929119146616,-1.0,-0.837997955680889,-1.1156450903194275
413.20000000002545,41.21319707579318,18.423968059854225,-1.0,-0.8871593462068595,-1.3296118609405958
413.3000000000255,40.96465575163522,18.31286002304216,-1.0,-0.9075158990726433,-1.1110814277304815
413.4000000000255,40.71575429626984,18.201590992996525,-1.0,-0.9246138542833822,-1.1126913616015097
413.5000000000255,40.46558353865407,18.08975453344339,-1.0,-0.939517839499119,-1.118365662087962
413.60000000002555,40.22708741931015,17.983137109973164,-1.0,-0.9485647974981973,-1.0661752514862137
413.70000000002557,40.01827187359448,17.88978810485737,-1.0,-0.9475598737586025,-0.9334909414042746
413.8000000000256,39.81995367246286,17.801131837870432,-1.0,-0.9437476013588293,-0.8865635153622319
413.9000000000256,39.62109844081048,17.712235496493165,-1.0,-0.9405250519586078,-0.8889642615550631
414.00000000002564,39.42187665904917,17.623175292373414,-1.0,-0.9377515985466077,-0.8906028905426063
414.10000000002566,39.18274341515633,17.51627304842887,-1.0,-0.9446606438307675,-1.0690234589456427
414.2000000000257,38.97513745395202,17.42346477657291,-1.0,-0.9438317918216846,-0.9280836036491115
414.3000000000257,38.74357178335815,17.319945544348965,-1.0,-0.9955914572955209,-1.035193309476725
414.4000000000257,38.57696786166377,17.24546684456989,-1.0,-1.0328308426993036,-0.7447877080756556
414.50000000002575,38.378582505287405,17.156780556469045,-1.0,-1.0552397503398654,-0.8868637267876128
414.6000000000258,38.18013416074884,17.068066110108926,-1.0,-1.0463161543646553,-0.8871453096488783
414.7000000000258,37.98103900275071,16.979062511939066,-1.0,-1.0442248313255282,-0.8900368305038684
414.8000000000258,37.78192975006065,16.89005261287113,-1.0,-1.0226988978087785,-0.8900998395447115
414.90000000002584,37.58361116457993,16.801396174064582,-1.0,-0.9892335528743755,-0.8865652335599803
415.00000000002586,37.33583821137501,16.69063163018443,-1.0,-0.988931888917904,-1.1076464951355263
415.1000000000259,37.13639727335346,16.601473454341413,-1.0,-0.9777287648374131,-0.8915826087096126
415.2000000000259,36.9360133529761,16.511893727198398,-1.0,-0.9560380780768739,-0.8957981257298129
415.30000000002593,36.65524806766403,16.386380274810993,-1.0,-0.9632407927335878,-1.2551357208647558
415.40000000002595,36.48967940078781,16.312364375859246,-1.0,-0.9446142094229499,-0.7401596953887525
415.500000000026,36.29149785621107,16.22376919988638,-1.0,-0.932993556550497,-0.8859526046389071
415.600000000026,36.09236413511711,16.13474836245103,-1.0,-0.9241952551423445,-0.8902092233231642
415.700000000026,35.84453789886714,16.023959998891993,-1.0,-0.9329149426797091,-1.1078846921515597
415.80000000002605,35.64527615690413,15.93488193094386,-1.0,-0.9331258433614373,-0.8907815289967969
415.90000000002607,35.39537429969577,15.823165680762205,-1.0,-0.9445358086450216,-1.1171635672267457
416.0000000000261,35.19631360464905,15.734177488927234,-1.0,-0.9444998024682937,-0.8898827670080548
416.1000000000261,34.9976101470972,15.645348996719134,-1.0,-0.9354629179818277,-0.888285769216319
416.20000000002614,34.75025724706453,15.534772233617424,-1.0,-0.9443471720773868,-1.1057686855602935
416.30000000002616,34.55049324909397,15.445469636894586,-1.0,-0.9372388475478065,-0.8930268188851235
416.4000000000262,34.30263232770442,15.334665767673547,-1.0,-0.9554014495899956,-1.1080397489194391
416.5000000000262,34.10327723598854,15.245545968605592,-1.0,-0.9556182052802649,-0.8911988405929959
416.6000000000262,33.85544330087273,15.134754163341746,-1.0,-0.9666568952594436,-1.107919109232456
416.70000000002625,33.6560764545939,15.045629109508143,-1.0,-0.96671762314923,-0.8912513882995933
416.8000000000263,33.45747737967978,14.956847280566185,-1.0,-0.9666035879774888,-0.8878191361098852
416.9000000000263,33.20991505062188,14.846176894209169,-1.0,-0.977610572249801,-1.1067049190062213
417.0000000000263,32.96188663771218,14.735298149495899,-1.0,-0.9776676727208157,-1.108788504555821
417.10000000002634,32.711035611933376,14.623157582525785,-1.0,-0.9891588792432321,-1.1214067391579419
417.20000000002636,32.51248675884267,14.534398204772671,-1.0,-0.9887487041571081,-0.8875946240073334
417.3000000000264,32.31354698161922,14.445464068101384,-1.0,-0.9704590288566554,-0.8893422148557057
417.4000000000264,32.0652968300195,14.334486197214156,-1.0,-0.9889400324492547,-1.1097797672407341
417.50000000002643,31.866217035207015,14.245489467010424,-1.0,-0.9891408097561636,-0.8899681507770878
417.60000000002645,31.618007957146514,14.13452995765854,-1.0,-1.0001101561756154,-1.1095961517121962
417.7000000000265,31.41900667453816,14.045568325589482,-1.0,-0.9891967800228183,-0.8896171690956238
417.8000000000265,31.171414779876493,13.934884722210295,-1.0,-0.999999558040677,-1.1068370893539694
417.9000000000265,30.97138541800438,13.845463497077304,-1.0,-0.9888520348852389,-0.8942131041179819
418.00000000002655,30.72242176159466,13.734166660645961,-1.0,-1.0000063678210256,-1.1129694257237877
418.10000000002657,30.52479179724104,13.645818063369584,-1.0,-0.9997664201263324,-0.8834868153224603
418.2000000000266,30.325553930522233,13.556750668622458,-1.0,-0.9890117256925646,-0.8906747968849347
418.3000000000266,30.076499807992345,13.445413390171892,-1.0,-1.0000290770633937,-1.1133738463017058
418.40000000002664,29.900495338668154,13.366732264918323,-1.0,-0.9839676897623262,-0.7868120028980875
418.50000000002666,29.63007813091496,13.245844822254814,-1.0,-0.9998515267081105,-1.2088755795086834
418.6000000000267,29.430760088732715,13.156741585828751,-1.0,-0.9890072319472936,-0.8910332140161157
418.7000000000267,29.182294335803306,13.045667332416176,-1.0,-0.9999818422029831,-1.1107435934133854
418.8000000000267,28.960194865703652,12.946379875155792,-1.0,-1.0052346613716754,-0.992875519483728
418.90000000002675,28.761738104560052,12.857661666232383,-1.0,-0.9942585621872475,-0.8871829353176637
419.0000000000268,28.487237098669,12.734948600424026,-1.0,-1.0001757283778405,-1.2271318283676782
419.1000000000268,28.28726193467543,12.64555160393754,-1.0,-0.9888039322910369,-0.8939708174218773
419.2000000000268,28.089990143642886,12.557363124640245,-1.0,-0.9885184827909013,-0.8818856340046193
419.30000000002684,27.83949276651389,12.445380652937931,-1.0,-1.0000426612967275,-1.119825784972229
419.40000000002686,27.64099970981928,12.3566462184334,-1.0,-0.9889209324988721,-0.8873451912836254
419.5000000000269,27.393502452026894,12.246004921567192,-1.0,-0.9997432261510542,-1.1064140238207294
419.6000000000269,27.14415708909348,12.134537446862195,-1.0,-0.999997209069827,-1.1146758100876553
419.70000000002693,26.9557226824597,12.0502996362693,-1.0,-0.9976352960792504,-0.8423789092840885
419.80000000002696,26.697076053700943,11.934674119076915,-1.0,-1.0001062553423397,-1.1562562746157579
419.900000000027,26.49817352007522,11.845756631802024,-1.0,-0.9998543861730885,-0.8891757207329578
420.000000000027,26.250182638158016,11.73489466496225,-1.0,-0.9996369511699419,-1.108620725660856
420.100000000027,26.049643930329786,11.645245741560434,-1.0,-1.0002871148527055,-0.8964900889777313
420.20000000002705,25.802869492441072,11.534927574462433,-1.0,-1.0109125111613104,-1.1031827230570361
420.30000000002707,25.603411933083958,11.445761968209325,-1.0,-0.9998266644902941,-0.8916569128813734
420.4000000000271,25.35571682814058,11.335032225654615,-1.0,-1.015850988422851,-1.1072984815492248
420.5000000000271,25.178861876773055,11.255970900486613,-1.0,-0.9949379097308311,-0.7906140056682927
420.60000000002714,24.90908173161726,11.135368250602586,-1.0,-1.010687631479919,-1.2060276489978674
420.70000000002716,24.708887760787274,11.045873438599433,-1.0,-0.9998979004853187,-0.8949489735213796
420.8000000000272,24.461188872979466,10.935142004951134,-1.0,-1.0056198941361942,-1.1073153925012396
420.9000000000272,24.216374076191254,10.825699876782558,-1.0,-1.015981863640722,-1.094422325408221
421.0000000000272,24.011758863793386,10.734228590756247,-1.0,-1.000360958852443,-0.9147137326020985
421.10000000002725,23.7637867935738,10.623375033507106,-1.0,-1.0110892494650658,-1.1085366296743284
421.2000000000273,23.564679047206333,10.534365807826374,-1.0,-1.0114996230481474,-0.8900931056662518
421.3000000000273,23.316994703440784,10.42364087595394,-1.0,-1.0108708525335655,-1.1072503746805902
421.4000000000273,23.117219530021632,10.33433328335302,-1.0,-1.0111574318550631,-0.893076777713578
421.50000000002734,22.869311571017,10.223508386413208,-1.0,-1.0112492319794117,-1.1082500263077086
421.60000000002736,22.66970210390431,10.13427487124171,-1.0,-1.0001322416106748,-0.892336002712912
421.7000000000274,22.42147118223685,10.023305596912936,-1.0,-1.0134979862251812,-1.1096938015742155
421.8000000000274,22.222761960152358,9.934474527725309,-1.0,-1.0001007494462018,-0.8883115390361704
421.90000000002743,21.975108487665462,9.823763396564592,-1.0,-1.0109975817811434,-1.107112367431793
422.00000000002746,21.77610417281705,9.734800408961434,-1.0,-1.0000480817205786,-0.8896307244495609
422.1000000000275,21.528513139293317,9.624117190545775,-1.0,-1.010565239257443,-1.106833239715021
422.2000000000275,21.327170053460566,9.534108677601898,-1.0,-1.0004104024959741,-0.9000859878276571
422.3000000000275,21.11155663932393,9.437720750015888,-1.0,-1.0040215666062997,-0.9638801950878839
422.40000000002755,20.830958850223663,9.312282175218073,-1.0,-1.0113759897415768,-1.2543869442547666
422.50000000002757,20.63136905771091,9.223057455389487,-0.0093133656810096,-0.8922480491999065,-0.8922480491999065
422.6000000000276,20.481602032481447,9.15610553015611,0.0,-0.7808839700188026,-0.6695198908376987
422.7000000000276,20.431553701675067,9.133731899531677,0.0,-0.5951681532179014,-0.2237365196160989
422.80000000002764,20.43067848,9.133340640000002,0.0,-0.4473542646754495,-0.003912599048093702
422.90000000002766,20.43067848,9.133340640000002,0.0,-0.3578834117403596,0.0
423.0000000000277,20.479915380547187,9.155351528438947,0.0,-0.2615513273999923,0.22010909430184392
423.1000000000277,20.529372927760758,9.17746105487306,0.0,-0.19260178417225013,0.22109547519420297
423.2000000000277,20.579084695109586,9.199684228002514,0.0,-0.14074756824678905,0.22223194323143863
423.30000000002775,20.57980752,9.20000736,0.0,-0.12474991365753521,0.0032313230564955052
423.4000000000278,20.628749639030932,9.221886469163728,0.0,-0.09039579226249016,0.21879130029291524
423.5000000000278,20.629517200000002,9.222229600000002,0.0,-0.08186605554452776,0.0034313116350961916
423.6000000000278,20.629517200000002,9.222229600000002,0.0,-0.07504388424915044,0.0
423.70000000002784,20.629517200000002,9.222229600000002,0.0,-0.06927127776844656,0.0
423.80000000002786,20.629517200000002,9.222229600000002,0.0,-0.06432332935641467,0.0
423.9000000000279,20.629517200000002,9.222229600000002,0.0,-0.06003510739932036,0.0
424.0000000000279,20.629517200000002,9.222229600000002,0.0,-0.056282913186862835,0.0
424.10000000002793,20.59051786235251,9.204795316756906,0.0,-0.06322762409924754,-0.17434299869740272
424.20000000002796,20.57980752,9.20000736,0.0,-0.062374956828767605,-0.047879613230608735
424.300000000028,20.540807478973218,9.182572762317879,0.0,-0.06826817715834092,-0.1743461430906607
424.400000000028,20.53009784,9.177785120000001,0.0,-0.06724859174229053,-0.047876468837332965
424.500000000028,20.53009784,9.177785120000001,0.0,-0.0226361892822952,0.0
424.60000000002805,20.53009784,9.177785120000001,0.0,0.010839805259589736,0.0
424.70000000002807,20.491438571493617,9.1605028614344,0.0,0.013385493716763397,-0.17282275047262569
424.8000000000281,20.480388160000004,9.155562880000003,0.0,0.011111130596400572,-0.04939986145535022
424.9000000000281,20.480388160000004,9.155562880000003,0.0,0.011111130596400572,0.0
425.00000000002814,20.44144678260604,9.13815450733739,0.0,-0.00859851875096514,-0.17408389264547033
425.10000000002816,20.43067848,9.133340640000002,0.0,-0.022060228474802344,-0.0481387192825411
425.2000000000282,20.391337283330877,9.115753531930336,0.0,-0.04196538805740185,-0.17587124842055163
425.3000000000282,20.380968799999998,9.1111184,0.0,-0.04444452238559962,-0.0463513635074598
425.40000000002823,20.341635961087555,9.093535028186027,0.0,-0.06417578169164519,-0.175833885827996
425.50000000002825,20.33125912,9.088896160000001,0.0,-0.06666678357839988,-0.04638872609999767
425.6000000000283,20.33125912,9.088896160000001,0.0,-0.06666678357839988,0.0
425.7000000000283,20.29189690096273,9.071299654080454,0.0,-0.07546504492884941,-0.1759652270089907
425.8000000000283,20.28154944,9.066673920000001,0.0,-0.07777791417479955,-0.04625738491900298
425.90000000002834,20.242251818591782,9.049106291836582,0.0,-0.08656173663341524,-0.1756764491723137
426.00000000002836,20.231839760000003,9.044451680000002,0.0,-0.08888904477119924,-0.04654616275567997
426.1000000000284,20.231839760000003,9.044451680000002,0.0,-0.08017189483632911,0.0
426.2000000000284,20.231839760000003,9.044451680000002,0.0,-0.07777791417479868,0.0
426.30000000002843,20.231839760000003,9.044451680000002,0.0,-0.06906060702026563,0.0
426.40000000002846,20.231839760000003,9.044451680000002,0.0,-0.06666678357839899,0.0
426.5000000000285,20.231839760000003,9.044451680000002,0.0,-0.06666678357839899,0.0
426.6000000000285,20.19276816376886,9.026985094243836,0.0,-0.07540008478520704,-0.17466602413616114
426.7000000000285,20.182130079999997,9.02222944,0.0,-0.06913677665116827,-0.0475565877918503
426.80000000002855,20.182130079999997,9.02222944,0.0,-0.06666678357840075,0.0
426.90000000002857,20.182130079999997,9.02222944,0.0,-0.06666678357840075,0.0
427.0000000000286,20.182130079999997,9.02222944,0.0,-0.05796258894612725,0.0
427.1000000000286,20.182130079999997,9.02222944,0.0,-0.055555652982000193,0.0
427.20000000002864,20.182130079999997,9.02222944,0.0,-0.04676209056097262,0.0
427.30000000002866,20.182130079999997,9.02222944,0.0,-0.044444522385599636,0.0
427.4000000000287,20.182130079999997,9.02222944,0.0,-0.035652828094199826,0.0
427.5000000000287,20.182130079999997,9.02222944,0.0,-0.03333339178919994,0.0
427.60000000002873,20.182130079999997,9.02222944,0.0,-0.03333339178919994,0.0
427.70000000002875,20.182130079999997,9.02222944,0.0,-0.024535130438750406,0.0
427.8000000000288,20.14279960750914,9.004647126072305,0.0,-0.031013426540556548,-0.17582330695512588
427.9000000000288,20.1324204,9.0000072,0.0,-0.024549569330584255,-0.046399304972867796
428.0000000000288,20.1324204,9.0000072,0.0,-0.02222226119280026,0.0
428.10000000002884,20.1324204,9.0000072,0.0,-0.02222226119280026,0.0
428.20000000002887,20.1324204,9.0000072,0.0,-0.02222226119280026,0.0
428.3000000000289,20.1324204,9.0000072,0.0,-0.02222226119280026,0.0
428.4000000000289,20.1324204,9.0000072,0.0,-0.02222226119280026,0.0
428.50000000002893,20.1324204,9.0000072,0.0,-0.02222226119280026,0.0
428.60000000002896,20.1324204,9.0000072,0.0,-0.0134889599859922,0.0
428.700000000029,20.1324204,9.0000072,0.0,-0.011111130596399683,0.0
428.800000000029,20.1324204,9.0000072,0.0,-0.011111130596399683,0.0
428.900000000029,20.1324204,9.0000072,0.0,-0.011111130596399683,0.0
429.00000000002905,20.1324204,9.0000072,0.0,-0.011111130596399683,0.0
429.10000000002907,20.093148594177585,8.982451112448862,0.0,-0.019889182743371907,-0.1755610429394445
429.2000000000291,20.08271072,8.977784960000001,0.0,-0.022222261192799367,-0.04666156898854918
429.3000000000291,20.08271072,8.977784960000001,0.0,-0.022222261192799367,0.0
429.40000000002914,20.08271072,8.977784960000001,0.0,-0.022222261192799367,0.0
429.50000000002916,20.08271072,8.977784960000001,0.0,-0.022222261192799367,0.0
429.6000000000292,20.08271072,8.977784960000001,0.0,-0.022222261192799367,0.0
429.7000000000292,20.08271072,8.977784960000001,0.0,-0.022222261192799367,0.0
429.80000000002923,20.08271072,8.977784960000001,0.0,-0.013431095845043073,0.0
429.90000000002925,20.08271072,8.977784960000001,0.0,-0.011111130596399683,0.0
430.0000000000293,20.08271072,8.977784960000001,0.0,-0.011111130596399683,0.0
430.1000000000293,20.08271072,8.977784960000001,0.0,-0.011111130596399683,0.0
430.2000000000293,20.08271072,8.977784960000001,0.0,-0.011111130596399683,0.0
430.30000000002934,20.08271072,8.977784960000001,0.0,-0.011111130596399683,0.0
430.40000000002937,20.08271072,8.977784960000001,0.0,-0.011111130596399683,0.0
430.5000000000294,20.08271072,8.977784960000001,0.0,-0.011111130596399683,0.0
430.6000000000294,20.08271072,8.977784960000001,0.0,-0.011111130596399683,0.0
430.70000000002943,20.08271072,8.977784960000001,0.0,-0.011111130596399683,0.0
430.80000000002946,20.043356482219018,8.960192022025224,0.0,-0.019907607972762958,-0.17592954752726553
430.9000000000295,20.072321611657237,8.973140607854123,0.0,-0.013433308883940304,0.1294859817764531
431.0000000000295,20.043418813633085,8.96021988669148,0.0,-0.019893675626347963,-0.1292073348481532
431.1000000000295,20.072265610743305,8.973115573177786,0.0,-0.004667774087074206,0.12895698784603069
431.20000000002955,20.045997531708455,8.961372678098773,0.0,-0.008206148776607552,-0.11742906277921611
431.30000000002957,20.033001040000002,8.955562720000001,0.0,-0.011111130596399685,-0.05809963639584264
431.4000000000296,20.033001040000002,8.955562720000001,0.0,-0.011111130596399685,0.0
431.5000000000296,20.033001040000002,8.955562720000001,0.0,-0.011111130596399685,0.0
431.60000000002964,20.033001040000002,8.955562720000001,0.0,-0.011111130596399685,0.0
431.70000000002966,20.033001040000002,8.955562720000001,0.0,-0.011111130596399685,0.0
431.8000000000297,20.033001040000002,8.955562720000001,0.0,-0.011111130596399685,0.0
431.9000000000297,20.033001040000002,8.955562720000001,0.0,-0.011111130596399685,0.0
432.00000000002973,20.033001040000002,8.955562720000001,0.0,-0.011111130596399685,0.0
432.10000000002975,20.033001040000002,8.955562720000001,0.0,-0.011111130596399685,0.0
432.2000000000298,20.033001040000002,8.955562720000001,0.0,-0.011111130596399685,0.0
432.3000000000298,20.033001040000002,8.955562720000001,0.0,-0.011111130596399685,0.0
432.4000000000298,20.033001040000002,8.955562720000001,0.0,-0.011111130596399685,0.0
432.50000000002984,20.033001040000002,8.955562720000001,0.0,-0.011111130596399685,0.0
432.60000000002987,20.033001040000002,8.955562720000001,0.0,-0.011111130596399685,0.0
432.7000000000299,20.033001040000002,8.955562720000001,0.0,-0.011111130596399685,0.0
432.8000000000299,20.033001040000002,8.955562720000001,0.0,-0.002314653220036408,0.0
432.90000000002993,20.033001040000002,8.955562720000001,0.0,-0.008788952308859063,0.0
433.00000000002996,20.033001040000002,8.955562720000001,0.0,-0.0023285855664514033,0.0
433.10000000003,20.033001040000002,8.955562720000001,0.0,-0.008776434958752938,0.0
433.20000000003,20.033001040000002,8.955562720000001,0.0,-0.002904981819792132,0.0
433.30000000003,20.033001040000002,8.955562720000001,0.0,0.0,0.0
433.40000000003005,20.033001040000002,8.955562720000001,0.0,0.0,0.0
433.50000000003007,20.033001040000002,8.955562720000001,0.0,0.0,0.0
433.6000000000301,20.033001040000002,8.955562720000001,0.0,0.0,0.0
433.7000000000301,20.033001040000002,8.955562720000001,0.0,0.0,0.0
433.80000000003014,20.033001040000002,8.955562720000001,0.0,0.0,0.0
433.90000000003016,20.033001040000002,8.955562720000001,0.0,0.0,0.0
434.0000000000302,20.033001040000002,8.955562720000001,0.0,0.0,0.0
434.1000000000302,20.033001040000002,8.955562720000001,0.0,0.0,0.0
434.20000000003023,20.033001040000002,8.955562720000001,0.0,0.0,0.0
434.30000000003025,20.033001040000002,8.955562720000001,0.0,0.0,0.0
434.4000000000303,20.033001040000002,8.955562720000001,0.0,0.0,0.0
434.5000000000303,20.033001040000002,8.955562720000001,0.0,0.0,0.0
434.6000000000303,20.033001040000002,8.955562720000001,0.0,0.0,0.0
434.70000000003034,20.033001040000002,8.955562720000001,0.0,0.0,0.0
434.80000000003037,20.033001040000002,8.955562720000001,0.0,0.0,0.0
434.9000000000304,20.033001040000002,8.955562720000001,0.0,0.0,0.0
435.0000000000304,20.033001040000002,8.955562720000001,0.0,0.0,0.0
435.10000000003043,20.033001040000002,8.955562720000001,0.0,0.0,0.0
435.20000000003046,20.033001040000002,8.955562720000001,0.0,0.0,0.0
435.3000000000305,20.033001040000002,8.955562720000001,0.0,0.0,0.0
435.4000000000305,20.033001040000002,8.955562720000001,0.0,0.0,0.0
435.5000000000305,20.033001040000002,8.955562720000001,0.0,0.0,0.0
435.60000000003055,20.033001040000002,8.955562720000001,0.0,0.0,0.0
435.70000000003057,20.033001040000002,8.955562720000001,0.0,0.0,0.0
435.8000000000306,20.033001040000002,8.955562720000001,0.0,0.0,0.0
435.9000000000306,20.033001040000002,8.955562720000001,0.0,0.0,0.0
436.00000000003064,20.033001040000002,8.955562720000001,0.0,0.0,0.0
436.10000000003066,20.033001040000002,8.955562720000001,0.0,0.0,0.0
436.2000000000307,20.033001040000002,8.955562720000001,0.0,0.0,0.0
436.3000000000307,20.033001040000002,8.955562720000001,0.0,0.0,0.0
436.40000000003073,20.033001040000002,8.955562720000001,0.0,0.0,0.0
436.50000000003075,20.033001040000002,8.955562720000001,0.0,0.0,0.0
436.6000000000308,20.033001040000002,8.955562720000001,0.0,0.0,0.0
436.7000000000308,20.033001040000002,8.955562720000001,0.0,0.0,0.0
436.8000000000308,20.033001040000002,8.955562720000001,0.0,0.0,0.0
436.90000000003084,20.033001040000002,8.955562720000001,0.0,0.0,0.0
437.00000000003087,20.033001040000002,8.955562720000001,0.0,0.0,0.0
437.1000000000309,20.033001040000002,8.955562720000001,0.0,0.0,0.0
437.2000000000309,20.033001040000002,8.955562720000001,0.0,0.0,0.0
437.30000000003093,20.033001040000002,8.955562720000001,0.0,0.0,0.0
437.40000000003096,20.033001040000002,8.955562720000001,0.0,0.0,0.0
437.500000000031,20.033001040000002,8.955562720000001,0.0,0.0,0.0
437.600000000031,20.033001040000002,8.955562720000001,0.0,0.0,0.0
437.700000000031,20.033001040000002,8.955562720000001,0.0,0.0,0.0
437.80000000003105,20.033001040000002,8.955562720000001,0.0,0.0,0.0
437.90000000003107,20.033001040000002,8.955562720000001,0.0,0.0,0.0
438.0000000000311,20.033001040000002,8.955562720000001,0.0,0.0,0.0
438.1000000000311,20.033001040000002,8.955562720000001,0.0,0.0,0.0
438.20000000003114,20.033001040000002,8.955562720000001,0.0,0.0,0.0
438.30000000003116,20.033001040000002,8.955562720000001,0.0,0.0,0.0
438.4000000000312,20.033001040000002,8.955562720000001,0.0,0.0,0.0
438.5000000000312,20.033001040000002,8.955562720000001,0.0,0.0,0.0
438.60000000003123,20.033001040000002,8.955562720000001,0.0,0.0,0.0
438.70000000003125,20.033001040000002,8.955562720000001,0.0,0.0,0.0
438.8000000000313,20.033001040000002,8.955562720000001,0.0,0.0,0.0
438.9000000000313,20.033001040000002,8.955562720000001,0.0,0.0,0.0
439.0000000000313,20.033001040000002,8.955562720000001,0.0,0.0,0.0
439.10000000003134,20.033001040000002,8.955562720000001,0.0,0.0,0.0
439.20000000003137,20.033001040000002,8.955562720000001,0.0,0.0,0.0
439.3000000000314,20.033001040000002,8.955562720000001,0.0,0.0,0.0
439.4000000000314,20.033001040000002,8.955562720000001,0.0,0.0,0.0
439.50000000003143,20.033001040000002,8.955562720000001,0.0,0.0,0.0
439.60000000003146,20.033001040000002,8.955562720000001,0.0,0.0,0.0
439.7000000000315,20.033001040000002,8.955562720000001,0.0,0.0,0.0
439.8000000000315,20.033001040000002,8.955562720000001,0.0,0.0,0.0
439.9000000000315,20.033001040000002,8.955562720000001,0.0,0.0,0.0
440.00000000003155,20.033001040000002,8.955562720000001,0.0,0.0,0.0
440.10000000003157,20.033001040000002,8.955562720000001,0.0,0.0,0.0
440.2000000000316,20.033001040000002,8.955562720000001,0.0,0.0,0.0
440.3000000000316,20.033001040000002,8.955562720000001,1.7003373181084953,0.0,0.0
440.40000000003164,20.070885646223164,8.97249867315433,2.25,0.16935969305727894,0.16935969305727894
440.50000000003166,20.121633373970845,8.995184962534257,2.25,0.19811140160503246,0.22686311015278599
440.6000000000317,20.288950429573266,9.069982462049248,2.25,0.38139950389506705,0.7479757084751362
440.7000000000317,20.564703392283622,9.193255203254997,2.25,0.5942317748410717,1.2327285876790859
440.80000000003173,20.983223597568788,9.380350683384746,2.25,0.8495767369890033,1.870956585580729
440.90000000003175,21.457439070814075,9.592344203724656,2.25,1.061303485012299,2.119937225128779
441.0000000000318,21.870396148733718,9.776952740637968,2.25,1.1734154342532577,1.8460871296990096
441.1000000000318,22.27916815162018,9.95969037953292,2.25,1.2551607714307398,1.8273781316731148
441.2000000000318,22.755476047623986,10.172619297580505,2.25,1.3522863758413446,2.1292912111261844
441.30000000003184,23.322609740285895,10.426151024809872,2.25,1.4705897072735046,2.5353196901629436
441.40000000003187,23.888705716726903,10.67921885086521,2.25,1.5669616133394166,2.530680673998538
441.5000000000319,24.371969742489977,10.89525744061017,2.25,1.6164138087074742,2.160387957756106
441.6000000000319,24.92532746818303,11.142630752733787,2.25,1.6823616296049122,2.473735480374166
441.70000000003193,25.46887105182898,11.385616745929486,2.25,1.7357545310084335,2.4298622492542097
441.80000000003196,26.06588982530509,11.65250831450711,2.25,1.7979654443448714,2.6689182310550037
441.900000000032,26.745590060467332,11.956361844721584,2.25,1.8755012415683538,3.038538199920592
442.000000000032,27.36295222010853,12.232347730739457,2.25,1.9275224327812595,2.7598614921877496
442.100000000032,27.919774854913687,12.481269997550923,2.25,1.9587281332947812,2.489225042024647
442.20000000003205,28.42724622020607,12.708130248364347,2.25,1.9750374247868583,2.268604671644246
442.30000000003207,28.884531980311237,12.912555501346048,2.25,1.978498277516016,2.044254479370012
442.4000000000321,29.28403590166868,13.091149932477897,2.25,2.059327593589619,1.7859460145293327
442.5000000000321,29.68721300373824,13.271386424136951,2.25,2.1381027698550445,1.8023666354613066
442.60000000003214,30.08814228628352,13.450618049441099,2.25,2.1903198825477417,1.7923179623290846
442.70000000003216,30.441583995218444,13.608620806287693,2.25,2.207684906928742,1.5800290752990886
442.8000000000322,30.82045826923638,13.777992949641911,2.25,2.1988232300898227,1.6937230488023542
442.9000000000322,31.18921245952312,13.942841005746025,2.25,2.1752504754911945,1.648482133156215
443.00000000003223,31.540633774482743,14.099940564667916,2.25,2.1614959733781682,1.57099708743848
443.10000000003225,31.929883807264503,14.273951092365623,2.25,2.157132413618131,1.7401069364723618
443.2000000000323,32.284122008499274,14.43230991352495,2.25,2.1298473391529273,1.5835897218221153
443.3000000000323,32.67451214415346,14.606830113376164,2.25,2.0903415377881833,1.7452036628680505
443.4000000000323,33.06991944743514,14.783593190331764,2.25,2.0521891268533397,1.767632455301677
443.50000000003234,33.46934818164088,14.96215400976203,2.25,2.033450223825182,1.7856098971929484
443.60000000003237,33.8686252469899,15.140647027071365,2.25,1.999010043573326,1.7849318753370436
443.7000000000324,34.27692539745876,15.323173728827545,2.25,1.9687803690243022,1.825268758273731
443.8000000000324,34.70571034249018,15.51485796330411,2.25,1.9311766661120875,1.9168441728107042
443.90000000003243,35.15103618760769,15.71393664995838,2.25,1.878789194371399,1.9907887651068277
444.00000000003246,35.55910051902046,15.896357931046776,2.25,1.832006847291537,1.824214550590514
444.1000000000325,35.98475517472593,16.08664279943065,2.25,1.8026881201172238,1.902850498538382
444.2000000000325,36.43722265647671,16.28891408686725,2.25,1.7903936267038705,2.022714803377179
444.3000000000325,36.88824027876764,16.49053722841188,2.25,1.7889925696491822,2.01623333827625
444.40000000003255,37.29497876404857,16.67236580258796,2.25,1.7906096427134592,1.8182874758148688
444.50000000003257,37.71685579836426,16.86096192123229,2.25,1.79478946019228,1.8859629850377284
444.6000000000326,38.17704397436923,17.066684671657246,2.25,1.8080350353846502,2.0572294661764796
444.7000000000326,38.628957981684856,17.26870853360787,2.25,1.8300456089275845,2.0202405461577735
444.80000000003264,39.06473874241644,17.46352018100451,2.25,1.8427653730793079,1.9481183318368265
444.90000000003266,39.51920122409694,17.666683314199084,2.25,1.8619229298946067,2.0316332694621875
445.0000000000327,39.96988531286928,17.86815735275416,2.25,1.8841101908706208,2.0147423069587584
445.1000000000327,40.40705976718802,18.06359203762318,2.25,1.8948222796721215,1.9543487125023795
445.20000000003273,40.82553074956578,18.250665513119994,0.4839493874155778,1.8707365390415231,1.8707365390415231
445.30000000003275,41.26225689287212,18.445899784811704,0.0,1.9523445788179832,1.9523445788179832
445.4000000000328,41.65377629891849,18.620924814259084,0.0,1.851298271231061,1.7502519636441392
445.5000000000328,41.94935895618095,18.753062231951656,0.0,1.6746573265165539,1.3213754370875392
445.6000000000328,42.04162228989441,18.794307678411595,0.0,1.3591067093741644,0.4124548579469969
445.70000000003284,42.01607077815687,18.78288511793254,0.0,1.0644402247543963,-0.11422571372467712
445.80000000003287,41.88768157533661,18.725489945030994,0.0,0.7913748078988277,-0.5739522763790142
445.9000000000329,41.81647858959072,18.693659326971055,0.0,0.632848909033266,-0.31830648416010454
446.0000000000329,41.72793316215975,18.654075935179485,0.0,0.5042635084775199,-0.3958342954127033
446.10000000003294,41.62790146494489,18.609357715647274,0.0,0.3985472717812746,-0.44718262178868784
446.20000000003296,41.56768064845799,18.582436571979322,0.0,0.3317713752611674,-0.2692116934197972
446.300000000033,41.518280808241585,18.56035284290984,0.0,0.28153420466452694,-0.22083750130187726
446.400000000033,41.4686262427558,18.538155241329612,0.0,0.23957500198454107,-0.22197622749530357
446.500000000033,41.382708451397704,18.499746509271198,0.0,0.19160094899506055,-0.38408768687870554
446.60000000003305,41.35845376,18.488903680000004,0.0,0.17017028148703348,-0.10842839611731832
446.70000000003307,41.35845376,18.488903680000004,0.0,0.1588255960545646,0.0
446.8000000000331,41.39757074148481,18.506390554802476,0.0,0.15982830347569893,0.17486891479271408
446.9000000000331,41.40816344,18.51112592,0.0,0.15321215016155557,0.04735369713526184
447.00000000003314,41.445316532973266,18.527734857108314,0.0,0.15392756012360487,0.1660895294784431
447.10000000003316,41.45787312,18.533348160000003,0.0,0.14878048235128719,0.05613308244956835
447.2000000000332,41.49721382320429,18.550935047470904,0.0,0.15013491035526313,0.1758690424308064
447.3000000000332,41.5075828,18.5555704,0.0,0.05483535988922249,0.04635356949716952
447.40000000003323,41.540213573580104,18.570157677204012,0.0,-0.025383592735216332,0.1458729111553631
447.50000000003325,41.585771461770946,18.590523898134627,0.0,-0.08126924441290548,0.2036624035337559
447.6000000000333,41.60700216000001,18.600014880000003,0.0,-0.09714649185191013,0.09490990916690388
447.7000000000333,41.636312659631635,18.613117860291446,0.0,-0.08488370977196111,0.13102992787430323
447.8000000000333,41.65671184000001,18.622237120000005,0.0,-0.051626461750325016,0.0911926840537082
447.90000000003334,41.69581094383532,18.63971600276918,0.0,-0.02697168782314322,0.17478899438353115
448.00000000003337,41.739161735433775,18.659095562144557,0.0,0.002509815876083252,0.1937957785718261
448.1000000000334,41.7561312,18.666681600000004,0.0,0.028661969510549157,0.07586045090063014
448.2000000000334,41.78470659569175,18.6794559590616,0.0,0.048509739803631366,0.1277437124418473
448.30000000003344,41.80584088,18.688903840000002,0.0,0.06427555984303165,0.09447889948612863
448.40000000003346,41.80584088,18.688903840000002,0.0,0.07537437121779685,0.0
448.5000000000335,41.837470325697716,18.703043483090877,0.0,0.10164858384948323,0.14139656575502216
448.6000000000335,41.85555056,18.711126080000003,0.0,0.11111130596399862,0.08082604617298927
448.7000000000335,41.88463645083838,18.724128651065122,0.0,0.11761259769667305,0.13002583465348827
448.80000000003355,41.90526024,18.73334832,0.0,0.11347899082076171,0.09219677727448765
448.9000000000336,41.90526024,18.73334832,0.0,0.11111130596399862,0.0
449.0000000000336,41.90526024,18.73334832,0.0,0.10280682949007647,0.0
449.1000000000336,41.93462579655687,18.74647591296661,0.0,0.1065639781106322,0.13127605486068336
449.20000000003364,41.954969919999996,18.75557056,0.0,0.10231785384245654,0.09094655706729256
449.30000000003366,41.954969919999996,18.75557056,0.0,0.10000017536759805,0.0
449.4000000000337,41.98417544369906,18.76862661179849,0.0,0.09923456193469128,0.13056064249722824
449.5000000000337,42.0046796,18.777792800000004,0.0,0.09363454022954443,0.09166196943081872
449.60000000003373,42.0046796,18.777792800000004,0.0,0.08888904477119923,0.0
449.70000000003375,42.0046796,18.777792800000004,0.0,0.08233754837748408,0.0
449.8000000000338,42.0046796,18.777792800000004,0.0,0.07777791417479867,0.0
449.9000000000338,42.033995273643704,18.79089809328437,0.0,0.07559111734690147,0.13105305782558693
450.0000000000338,42.05438928,18.800015040000005,0.0,0.07045980612343138,0.0911695541024245
450.10000000003384,42.05438928,18.800015040000005,0.0,0.06666678357839988,0.0
450.20000000003387,42.05438928,18.800015040000005,0.0,0.06027959795630751,0.0
450.3000000000339,42.05438928,18.800015040000005,0.0,0.05555565298200108,0.0
450.4000000000339,42.082327073354755,18.812504364996656,0.0,0.061800321435706226,0.12489336907410291
450.50000000003394,42.10409896,18.822237280000003,0.0,0.059596955290648776,0.09732924285387301
450.60000000003396,42.10409896,18.822237280000003,0.0,0.05555565298199931,0.0
450.700000000034,42.10409896,18.822237280000003,0.0,0.04905436124932489,0.0
450.800000000034,42.10409896,18.822237280000003,0.0,0.04444452238560051,0.0
450.900000000034,42.10409896,18.822237280000003,0.0,0.04444452238560051,0.0
451.00000000003405,42.13334197326369,18.835310091152053,0.0,0.05098093419523344,0.13072823619265853
451.1000000000341,42.15380864,18.84445952,0.0,0.04899185023896514,0.0914943757353174
451.2000000000341,42.15380864,18.84445952,0.0,0.04444452238560051,0.0
451.3000000000341,42.15380864,18.84445952,0.0,0.04444452238560051,0.0
451.40000000003414,42.15380864,18.84445952,0.0,0.037916490260739094,0.0
451.50000000003416,42.15380864,18.84445952,0.0,0.03333339178919816,0.0
451.6000000000342,42.182942724168385,18.857483635435266,0.0,0.03984545571721858,0.13024127856040835
451.7000000000342,42.20351832,18.866681760000002,0.0,0.044444522385598734,0.0919813333676031
451.80000000003423,42.20351832,18.866681760000002,0.0,0.044444522385598734,0.0
451.90000000003425,42.17546523458798,18.85414089478489,0.0,0.03162143090680738,-0.12540877175024018
452.0000000000343,42.18279989849864,18.85741978657703,0.0,0.02870240066125444,0.03278894919136564
452.1000000000343,42.20351832,18.866681760000002,0.0,0.03333339178919817,0.09261982255887455
452.2000000000343,42.20351832,18.866681760000002,0.0,0.03333339178919817,0.0
452.30000000003434,42.20351832,18.866681760000002,0.0,0.03333339178919817,0.0
452.40000000003437,42.20351832,18.866681760000002,0.0,0.02708872333549302,0.0
452.5000000000344,42.20351832,18.866681760000002,0.0,0.02222226119279937,0.0
452.6000000000344,42.20351832,18.866681760000002,0.0,0.02222226119279937,0.0
452.70000000003444,42.20351832,18.866681760000002,0.0,0.02222226119279937,0.0
452.80000000003446,42.20351832,18.866681760000002,0.0,0.02222226119279937,0.0
452.9000000000345,42.23256671631391,18.87966756949431,0.0,0.02871517213207513,0.12985821878551523
453.0000000000345,42.253228,18.888904,0.0,0.02679697997956524,0.09236439314246067
453.1000000000345,42.253228,18.888904,0.0,0.02222226119279937,0.0
453.20000000003455,42.253228,18.888904,0.0,0.02222226119279937,0.0
453.3000000000346,42.253228,18.888904,0.0,0.02222226119279937,0.0
453.4000000000346,42.253228,18.888904,0.0,0.02222226119279937,0.0
453.5000000000346,42.253228,18.888904,0.0,0.02222226119279937,0.0
453.60000000003464,42.253228,18.888904,0.0,0.01571019726477895,0.0
453.70000000003466,42.253228,18.888904,0.0,0.011111130596398795,0.0
453.8000000000347,42.253228,18.888904,0.0,0.011111130596398795,0.0
453.9000000000347,42.253228,18.888904,0.0,0.017381569183910806,0.0
454.00000000003473,42.253228,18.888904,0.0,0.01574212172434252,0.0
454.10000000003475,42.253228,18.888904,0.0,0.011111130596398795,0.0
454.2000000000348,42.253228,18.888904,0.0,0.011111130596398795,0.0
454.3000000000348,42.253228,18.888904,0.0,0.011111130596398795,0.0
454.4000000000348,42.253228,18.888904,0.0,0.011111130596398795,0.0
454.50000000003485,42.253228,18.888904,0.0,0.011111130596398795,0.0
454.60000000003487,42.253228,18.888904,0.0,0.011111130596398795,0.0
454.7000000000349,42.253228,18.888904,0.0,0.011111130596398795,0.0
454.8000000000349,42.253228,18.888904,0.0,0.011111130596398795,0.0
454.90000000003494,42.253228,18.888904,-0.5885552162726526,0.0,0.0
455.00000000003496,42.253228,18.888904,-1.0,-1.0,0.0
455.100000000035,42.253228,18.888904,-1.0,-1.0,0.0
455.200000000035,42.19488144377901,18.86282072657084,-1.0,-1.0,-0.2608329830413352
455.300000000035,42.036799519518695,18.79215170475105,-1.0,-1.0,-0.7066908921508452
455.40000000003505,41.77995022892722,18.67732967050433,-1.0,-1.0,-1.1482214374964712
455.5000000000351,41.48234359524634,18.544287453389906,-1.0,-1.0,-1.330423439934921
455.6000000000351,41.18352161710156,18.410701928083604,-1.0,-1.0,-1.3358565270350766
455.7000000000351,40.913555684865386,18.29001622385103,-1.0,-1.0,-1.2068581932754066
455.80000000003514,40.63681942960201,18.166303911054733,-1.0,-0.8028897534123002,-1.2371243077766454
455.90000000003516,40.36797269904775,18.046118535297087,-1.0,-0.8427862684465321,-1.2018549037546191
456.0000000000352,40.12028037663666,17.935390036646993,-1.0,-0.8668317024505925,-1.1072860424911957
456.1000000000352,39.87777413958441,17.826979928167678,-1.0,-0.8849375704691682,-1.0841021186735011
456.20000000003523,39.654386888819694,17.72711678080013,-1.0,-0.8936833285904293,-0.9986324260455627
456.30000000003525,39.423132286626654,17.623736608748363,-1.0,-0.9036918555788821,-1.0338027064287691
456.4000000000353,39.204469136948674,17.525985325873478,-1.0,-0.9086133159388645,-0.9775137609786178
456.5000000000353,38.975346549499726,17.423558250750254,-1.0,-0.9158419666960528,-1.024271728053877
456.6000000000353,38.755855280232026,17.325436764883285,-1.0,-0.9196874859745197,-0.9812157944299899
456.70000000003535,38.55820956874269,17.23708112799955,-1.0,-0.9176802485016677,-0.8835572114631879
456.80000000003537,38.362118124138476,17.14942031135495,-1.0,-0.9155186039723936,-0.8766090024454603
456.9000000000354,38.16137083878459,17.059678145352628,-1.0,-0.9146137995673762,-0.8974225158720454
457.0000000000354,37.95987824402176,16.9696027958625,-1.0,-0.9596515172637549,-0.9007543539275735
457.10000000003544,37.761109032703935,16.88074490905825,-1.0,-1.0040805030366617,-0.8885797154581394
457.20000000003546,37.56215795058402,16.791805718640443,-1.0,-1.0355084915030501,-0.8893927523691013
457.3000000000355,37.3645210241905,16.703454009050294,-1.0,-1.0443498438200012,-0.8835179384898619
457.4000000000355,37.16621936715247,16.61480513794316,-1.0,-1.0312632497698597,-0.8864895564936445
457.5000000000355,36.96717471473872,16.52582411781479,-1.0,-1.0092326302667973,-0.8898110498736675
457.60000000003555,36.738542781748585,16.42361638510416,-1.0,-0.9935437190068488,-1.0220783018361068
457.7000000000356,36.519454942315285,16.325675248710443,-1.0,-0.9821714242419551,-0.9794122979775353
457.8000000000356,36.292078910964776,16.22402895489164,-1.0,-0.9711384042313005,-1.0164639075635498
457.9000000000356,36.109224784284905,16.1422857554168,-1.0,-0.9519172977592214,-0.8174327743130388
458.00000000003564,35.89592816274846,16.04693352794376,-1.0,-0.9442291548387102,-0.9535231840809669
458.10000000003566,35.67463648936825,15.948007188529452,-1.0,-0.9394872657839889,-0.9892643375790782
458.2000000000357,35.474961209043684,15.858744252187078,-1.0,-0.9341871552168233,-0.8926302147022501
458.3000000000357,35.27580783876059,15.76971463076848,-1.0,-0.9270118730573559,-0.890297063239427
458.40000000003573,35.048118961195726,15.667928482022859,-1.0,-0.9290293079166997,-1.0178624581654927
458.50000000003575,34.829038476420784,15.56999063345926,-1.0,-0.9267846924962546,-0.9793794196449785
458.6000000000358,34.62971255244569,15.480883873552612,-1.0,-0.9222773252175342,-0.8910684488555823
458.7000000000358,34.40171458529281,15.378959549244279,-1.0,-0.929061675399893,-1.0192442151103644
458.8000000000358,34.18272885335425,15.281064059035643,-1.0,-0.9341790170621899,-0.9789558356913949
458.90000000003585,33.9552783512524,15.179384473775233,-1.0,-0.9401477323834431,-1.016796822297112
459.00000000003587,33.70560520587681,15.067770467044726,-1.0,-0.9509170712740748,-1.1161411317402024
459.1000000000359,33.52853701853308,14.98861381676017,-1.0,-0.9460664483883139,-0.7915672577429255
459.2000000000359,33.31395010050457,14.89268477450341,-1.0,-0.9495613776408144,-0.9592913374191084
459.30000000003594,33.08911916760957,14.792176242760366,-1.0,-0.9556397945140915,-1.0050862759554058
459.40000000003596,32.86170180665072,14.69051147293296,-1.0,-0.962147750080699,-1.0166486678257902
459.500000000036,32.64292171060491,14.5927079102958,-1.0,-0.9665590255420125,-0.9780365590999364
459.600000000036,32.41498395236089,14.490810501807946,-1.0,-0.9664038632826513,-1.018975056648884
459.700000000036,32.19434206149846,14.392174641492634,-1.0,-0.9667512255747187,-0.986359543818885
459.80000000003605,31.965367513743878,14.289813746107797,-1.0,-0.9671085266984848,-1.0236099300388741
459.9000000000361,31.74606304785363,14.191775768915328,-1.0,-0.9752559233272624,-0.9803807068885891
460.0000000000361,31.54789676095018,14.103187413740294,-1.0,-0.9718739839529906,-0.8858843965955358
460.1000000000361,31.32343121125569,14.002842223084413,-1.0,-0.9725834102503388,-1.0034528635260358
460.20000000003614,31.10280999275227,13.904215604150725,-1.0,-0.9772652560109517,-0.9862671299145083
460.30000000003616,30.874880704874094,13.802321982259418,-1.0,-0.9836972623813451,-1.018937190647298
460.4000000000362,30.654326361695276,13.703725259304008,-1.0,-0.9821025479654015,-0.9859681698466193
460.5000000000362,30.424728250695704,13.601085605896882,-1.0,-0.9844534526291625,-1.0263975129202032
460.60000000003623,30.17631730354407,13.490035852886384,-1.0,-0.9954249596443315,-1.110498589158962
460.70000000003625,29.960288127423468,13.393462062856871,-1.0,-0.9927496899535855,-0.9657388212954419
460.8000000000363,29.728662219303857,13.289915902019546,-1.0,-0.9955750279623826,-1.035462595867337
460.9000000000363,29.50958216605936,13.191978246367528,-1.0,-0.9937040613738942,-0.9793774905273384
461.0000000000363,29.31074456556377,13.103089786831335,-1.0,-0.9823412769403411,-0.8888854430691469
461.10000000003635,29.08483687817056,13.00209990222341,-1.0,-0.993257904512933,-1.0098998091947593
461.20000000003637,28.835833342671503,12.890785238224193,-1.0,-1.0009507227206045,-1.1131477015725397
461.3000000000364,28.587218350382095,12.779644268774112,-1.0,-1.0062669466440697,-1.1114107544247094
461.4000000000364,28.396604116242273,12.69443198701186,-1.0,-0.998040694766327,-0.8521236302709321
461.50000000003644,28.151485700489502,12.584854128870793,-1.0,-1.003927848132708,-1.0957796264275597
461.60000000003646,27.92292310311162,12.482677391986657,-1.0,-1.0040675124640432,-1.021768343275586
461.7000000000365,27.72084809637683,12.392341680759746,-1.0,-0.9999174339620197,-0.9033579737784145
461.8000000000365,27.492464610551554,12.290245013992912,-1.0,-0.9997853195270234,-1.0209676413389501
461.9000000000365,27.273069114107397,12.19216634245648,-1.0,-0.99980566671841,-0.9807876507163202
462.00000000003655,27.052251605593934,12.093451973939358,-1.0,-1.004868678217918,-0.9871446265856959
462.1000000000366,26.858678972301846,12.006917167952901,-1.0,-0.9979634792978948,-0.8653488851255722
462.2000000000366,26.618083642992907,11.899361312618845,-1.0,-1.0024281017558745,-1.0755595790741028
462.3000000000366,26.377865311178915,11.791973990431895,-1.0,-1.005174954523299,-1.0738742459957888
462.40000000003664,26.150258109921943,11.690224354303464,-1.0,-1.0067514126132373,-1.017497331645388
462.50000000003666,25.932634966776597,11.592937996464704,-1.0,-1.0040747622764017,-0.9728645061834923
462.6000000000367,25.70469940077532,11.491041567998131,-1.0,-0.9994980956397894,-1.0189652564267186
462.7000000000367,25.45455276726802,11.379215892898408,-1.0,-1.007124045447567,-1.1182578174509925
462.80000000003673,25.271381808213253,11.297331056521564,-1.0,-0.9962933728883921,-0.8188491446838368
462.90000000003675,25.05743568998255,11.201688477724216,-1.0,-0.9951458333666781,-0.9564267000930555
463.0000000000368,24.812485782697507,11.09218594969213,-1.0,-1.005452877444188,-1.0950263246193463
463.1000000000368,24.591657702941077,10.993466855401309,-1.0,-1.0043174812028381,-0.9871918843677592
463.2000000000368,24.36054253018822,10.89014901395563,-1.0,-1.0003190661128831,-1.033179399773439
463.30000000003685,24.111326588065786,10.77873939559416,-1.0,-1.0004533906966793,-1.1140972461006353
463.40000000003687,23.892518906035736,10.680923500904928,-1.0,-1.0067552031700462,-0.9781598797382726
463.5000000000369,23.664614473618986,10.579040990411421,-1.0,-1.0029075256768347,-1.0188260765633304
463.6000000000369,23.445497503995064,10.481086831642836,-1.0,-1.0007962346055757,-0.9795425218503998
463.70000000003694,23.21766409198495,10.379236070147137,-1.0,-1.0065537652307783,-1.0185085862824714
463.80000000003696,22.998267858667074,10.28115706919831,-1.0,-1.0045449304060012,-0.9807909448434043
463.900000000037,22.80564348818477,10.195046175088619,-1.0,-0.9985610359859439,-0.8611097623151726
464.000000000037,22.606247139285827,10.105907932389087,-1.0,-0.9937729685108918,-0.8913832770846549
464.100000000037,22.374325642320173,10.002229631367433,-1.0,-1.002344724203154,-1.0367839989708136
464.20000000003705,22.125039847374396,9.890788785965173,-1.0,-1.0042872210897658,-1.114409516806336
464.3000000000371,21.90864233662231,9.794050335439332,-1.0,-0.9989627801814283,-0.967385427829045
464.4000000000371,21.70552917398507,9.70325052648293,-1.0,-0.9934878613741237,-0.9079989554992937
464.5000000000371,21.476906874539196,9.601047100356709,-1.0,-0.9959463978624974,-1.022035235950972
464.60000000003714,21.257724247749817,9.503063590176318,-1.0,-0.9939899368535803,-0.9798360362483762
464.70000000003716,21.0294822833693,9.401030189226338,-1.0,-0.9890937951093838,-1.0203349825670618
464.8000000000372,20.81121533242164,9.303456023228343,-1.0,-0.996938467401222,-0.9757425905206042
464.9000000000372,20.55333197755055,9.188171720373234,-1.0,-1.0067593387960154,-1.152844127988925
465.00000000003723,20.343026150242228,9.094156499035176,-1.0,-0.9990156780640709,-0.9401531099804529
465.10000000003726,20.09976121976411,8.985407223870498,-1.0,-1.0040307732837668,-1.087493788761677
465.2000000000373,19.90215872966414,8.8970709086981,-1.0,-0.9965400030033719,-0.883363994165537
465.3000000000373,19.658942439181,8.788343377580897,-1.0,-0.9951989581023172,-1.087276348079546
465.4000000000373,19.419263801397754,8.681197320481107,-1.0,-0.9998640437565687,-1.0714615928233018
465.50000000003735,19.22030753872406,8.592255814145965,-0.41280057890162425,-0.88941591156454,-0.88941591156454
465.60000000003737,18.992144462401413,8.490257679352498,0.0,-1.0199823206656133,-1.0199823206656133
465.7000000000374,18.831427604358556,8.418410735427805,0.0,-0.8692262225495193,-0.7184701244334252
465.8000000000374,18.761983091155443,8.387366225805481,0.0,-0.68296594579536,-0.3104453922870414
465.90000000003744,18.769190461755514,8.390588212332927,0.0,-0.5041694853460823,0.03221989600175048
466.00000000003746,18.819216823571352,8.412952021928934,0.0,-0.35860792642923034,0.22363830923817757
466.1000000000375,18.869008919805598,8.435211105323164,0.0,-0.26174143098741426,0.222591046221666
466.2000000000375,18.918606435723113,8.457383203436104,0.0,-0.19267534190646926,0.22172119257920087
466.3000000000375,18.93938808,8.466673440000001,0.0,-0.1569781173884533,0.09290245423765835
466.40000000003755,18.968589958700566,8.479727862336553,0.0,-0.12503117680503512,0.13054434786231023
466.5000000000376,18.98909776,8.48889568,0.0,-0.10336023271796327,0.09167826406568345
466.6000000000376,19.018226202924303,8.501917273570713,0.0,-0.0821260242989812,0.13021605989083943
466.7000000000376,19.03880744,8.51111792,0.0,-0.06761497627096992,0.09200655203715424
466.80000000003764,19.03880744,8.51111792,0.0,-0.06241382425012608,0.0
466.90000000003766,19.03880744,8.51111792,0.0,-0.05795569394654564,0.0
467.0000000000377,19.009615574260817,8.498067973862671,0.0,-0.06279195340526883,-0.13049958582739346
467.1000000000377,18.98909776,8.48889568,0.0,-0.06460014544872704,-0.09172302610060021
467.20000000003773,18.98909776,8.48889568,0.0,-0.06080013689291957,0.0
467.30000000003776,18.961807647238814,8.476695894457102,0.0,-0.06420001660860862,-0.12199797177532255
467.4000000000378,18.93938808,8.466673440000001,0.0,-0.06609604942671718,-0.10022464015267112
467.5000000000378,18.93938808,8.466673440000001,0.0,-0.06279124695538132,0.0
467.6000000000378,18.910703598351187,8.453850315098059,0.0,-0.01820369948762,-0.1282313713103869
467.70000000003785,18.8896784,8.4444512,0.0,0.013020244703170014,-0.09399124061762455
467.80000000003787,18.860654834751053,8.431476490997293,0.0,0.022055153629339318,-0.1297472137636557
467.9000000000379,18.83996872,8.42222896,0.0,0.015820388921034885,-0.09247539816433799
468.0000000000379,18.83996872,8.42222896,0.0,0.004638473459126,0.0
468.10000000003794,18.813870167503403,8.41056185014872,0.0,-0.012324639340913745,-0.11667120977912901
468.20000000003796,18.79025904,8.40000672,0.0,-0.02868826907731702,-0.10555140214886466
468.300000000038,18.761048328855868,8.386948349203497,0.0,-0.03986258341417417,-0.13058383249948458
468.400000000038,18.74054936,8.37778448,0.0,-0.05097173977871514,-0.0916387794285091
468.500000000038,18.74054936,8.37778448,0.0,-0.05555565298199931,0.0
468.60000000003805,18.71143849169977,8.364770742997951,0.0,-0.06857333068300535,-0.13013749412928127
468.7000000000381,18.69083968,8.355562240000001,0.0,-0.07777791417479867,-0.0920851177987124
468.8000000000381,18.661711508459376,8.342540767748782,0.0,-0.08428865650953624,-0.13021484669475125
468.9000000000381,18.64113,8.333340000000002,0.0,-0.08888904477119836,-0.09200776523324242
469.00000000003814,18.64113,8.333340000000002,0.0,-0.08236406547982869,0.0
469.10000000003816,18.64113,8.333340000000002,0.0,-0.07777791417479868,0.0
469.2000000000382,18.64113,8.333340000000002,0.0,-0.07777791417479868,0.0
469.3000000000382,18.615265195538324,8.321777384986175,0.0,-0.07745932860643537,-0.11562626040805646
469.40000000003823,18.59142032,8.311117760000002,0.0,-0.07777791417479868,-0.10659635151993721
469.50000000003826,18.59142032,8.311117760000002,0.0,-0.07777791417479868,0.0
469.6000000000383,18.59142032,8.311117760000002,0.0,-0.07136634560927935,0.0
469.7000000000383,18.59142032,8.311117760000002,0.0,-0.0666667835783981,0.0
469.8000000000383,18.59142032,8.311117760000002,0.0,-0.060179422890215314,0.0
469.90000000003835,18.59142032,8.311117760000002,0.0,-0.055555652981998424,0.0
470.00000000003837,18.59142032,8.311117760000002,0.0,-0.055555652981998424,0.0
470.1000000000384,18.59142032,8.311117760000002,0.0,-0.049722092493041964,0.0
470.2000000000384,18.59142032,8.311117760000002,0.0,-0.044444522385598734,0.0
470.30000000003844,18.564270373826602,8.29898063459802,0.0,-0.04398389924905306,-0.12137136976857117
470.40000000003846,18.54171064,8.28889552,0.0,-0.04444452238559962,-0.10085124215944026
470.5000000000385,18.54171064,8.28889552,0.0,-0.04444452238559962,0.0
470.6000000000385,18.54171064,8.28889552,0.0,-0.03793764767913556,0.0
470.70000000003853,18.54171064,8.28889552,0.0,-0.03333339178919994,0.0
470.80000000003855,18.54171064,8.28889552,0.0,-0.026822649454462378,0.0
470.9000000000386,18.54171064,8.28889552,0.0,-0.022222261192800255,0.0
471.0000000000386,18.54171064,8.28889552,0.0,-0.022222261192800255,0.0
471.1000000000386,18.512678764066077,8.275917095784559,0.0,-0.028711479489121988,-0.12978436592643464
471.20000000003864,18.492000960000002,8.266673280000001,0.0,-0.03333339178919994,-0.09243824600155903
471.30000000003866,18.492000960000002,8.266673280000001,0.0,-0.027552078768797117,0.0
471.4000000000387,18.492000960000002,8.266673280000001,0.0,-0.022222261192800255,0.0
471.5000000000387,18.492000960000002,8.266673280000001,0.0,-0.022222261192800255,0.0
471.60000000003873,18.492000960000002,8.266673280000001,0.0,-0.022222261192800255,0.0
471.70000000003876,18.492000960000002,8.266673280000001,0.0,-0.022222261192800255,0.0
471.8000000000388,18.492000960000002,8.266673280000001,0.0,-0.022222261192800255,0.0
471.9000000000388,18.492000960000002,8.266673280000001,0.0,-0.022222261192800255,0.0
472.0000000000388,18.492000960000002,8.266673280000001,0.0,-0.022222261192800255,0.0
472.10000000003885,18.492000960000002,8.266673280000001,0.0,-0.022222261192800255,0.0
472.20000000003887,18.492000960000002,8.266673280000001,0.0,-0.022222261192800255,0.0
472.3000000000389,18.492000960000002,8.266673280000001,0.0,-0.016153692704371697,0.0
472.4000000000389,18.492000960000002,8.266673280000001,0.0,-0.011111130596399683,0.0
472.50000000003894,18.492000960000002,8.266673280000001,0.0,-0.011111130596399683,0.0
472.60000000003896,18.492000960000002,8.266673280000001,0.0,-0.011111130596399683,0.0
472.700000000039,18.492000960000002,8.266673280000001,0.0,-0.011111130596399683,0.0
472.800000000039,18.462792130146894,8.25361575021677,0.0,-0.017639901714336263,-0.1305754223587316
472.90000000003903,18.44229128,8.244451040000001,0.0,-0.02222226119279937,-0.0916471895692621
473.00000000003905,18.44229128,8.244451040000001,0.0,-0.02222226119279937,0.0
473.1000000000391,18.44229128,8.244451040000001,0.0,-0.015733042896477638,0.0
473.2000000000391,18.44229128,8.244451040000001,0.0,-0.011111130596399685,0.0
473.3000000000391,18.44229128,8.244451040000001,0.0,-0.011111130596399685,0.0
473.40000000003914,18.44229128,8.244451040000001,0.0,-0.011111130596399685,0.0
473.50000000003917,18.44229128,8.244451040000001,0.0,-0.011111130596399685,0.0
473.6000000000392,18.44229128,8.244451040000001,0.0,-0.011111130596399685,0.0
473.7000000000392,18.44229128,8.244451040000001,0.0,-0.011111130596399685,0.0
473.80000000003923,18.44229128,8.244451040000001,0.0,-0.011111130596399685,0.0
473.90000000003926,18.44229128,8.244451040000001,0.0,-0.011111130596399685,0.0
474.0000000000393,18.44229128,8.244451040000001,0.0,-0.011111130596399685,0.0
474.1000000000393,18.44229128,8.244451040000001,0.0,-0.011111130596399685,0.0
474.2000000000393,18.44229128,8.244451040000001,0.0,-0.011111130596399685,0.0
474.30000000003935,18.44229128,8.244451040000001,0.0,-0.011111130596399685,0.0
474.40000000003937,18.44229128,8.244451040000001,0.0,-0.011111130596399685,0.0
474.5000000000394,18.44229128,8.244451040000001,0.0,-0.011111130596399685,0.0
474.6000000000394,18.44229128,8.244451040000001,0.0,-0.011111130596399685,0.0
474.70000000003944,18.44229128,8.244451040000001,0.0,-0.011111130596399685,0.0
474.80000000003946,18.44229128,8.244451040000001,0.0,-0.004582359478463105,0.0
474.9000000000395,18.44229128,8.244451040000001,0.0,0.0,0.0
475.0000000000395,18.44229128,8.244451040000001,0.0,0.0,0.0
475.10000000003953,18.44229128,8.244451040000001,0.0,0.0,0.0
475.20000000003955,18.44229128,8.244451040000001,0.0,0.0,0.0
475.3000000000396,18.44229128,8.244451040000001,0.0,0.0,0.0
475.4000000000396,18.44229128,8.244451040000001,0.0,0.0,0.0
475.5000000000396,18.44229128,8.244451040000001,0.0,0.0,0.0
475.60000000003964,18.44229128,8.244451040000001,0.0,0.0,0.0
475.70000000003967,18.44229128,8.244451040000001,0.0,0.0,0.0
475.8000000000397,18.44229128,8.244451040000001,0.0,0.0,0.0
475.9000000000397,18.44229128,8.244451040000001,0.0,0.0,0.0
476.00000000003973,18.44229128,8.244451040000001,0.0,0.0,0.0
476.10000000003976,18.412988664377735,8.231351584180013,0.0,-0.006549734156307441,-0.13099468312614881
476.2000000000398,18.392581600000007,8.222228800000003,0.0,-0.011111130596398797,-0.0912279288018271
476.3000000000398,18.392581600000007,8.222228800000003,0.0,-0.011111130596398797,0.0
476.4000000000398,18.392581600000007,8.222228800000003,0.0,-0.011111130596398797,0.0
476.50000000003985,18.392581600000007,8.222228800000003,0.0,-0.011111130596398797,0.0
476.60000000003987,18.392581600000007,8.222228800000003,0.0,-0.011111130596398797,0.0
476.7000000000399,18.392581600000007,8.222228800000003,0.0,-0.011111130596398797,0.0
476.8000000000399,18.392581600000007,8.222228800000003,0.0,-0.011111130596398797,0.0
476.90000000003994,18.392581600000007,8.222228800000003,0.0,-0.011111130596398797,0.0
477.00000000003996,18.392581600000007,8.222228800000003,0.0,-0.011111130596398797,0.0
477.10000000004,18.392581600000007,8.222228800000003,0.0,-0.011111130596398797,0.0
477.20000000004,18.392581600000007,8.222228800000003,0.0,-0.011111130596398797,0.0
477.30000000004003,18.392581600000007,8.222228800000003,0.0,-0.011111130596398797,0.0
477.40000000004005,18.392581600000007,8.222228800000003,0.0,-0.011111130596398797,0.0
477.5000000000401,18.392581600000007,8.222228800000003,0.0,-0.011111130596398797,0.0
477.6000000000401,18.392581600000007,8.222228800000003,0.0,-0.011111130596398797,0.0
477.7000000000401,18.392581600000007,8.222228800000003,0.0,-0.011111130596398797,0.0
477.80000000004014,18.392581600000007,8.222228800000003,0.0,-0.011111130596398797,0.0
477.90000000004017,18.392581600000007,8.222228800000003,0.0,-0.011111130596398797,0.0
478.0000000000402,18.392581600000007,8.222228800000003,0.0,-0.011111130596398797,0.0
478.1000000000402,18.392581600000007,8.222228800000003,0.0,-0.004561396440091355,0.0
478.20000000004023,18.392581600000007,8.222228800000003,0.0,0.0,0.0
478.30000000004026,18.392581600000007,8.222228800000003,0.0,0.0,0.0
478.4000000000403,18.392581600000007,8.222228800000003,0.0,0.0,0.0
478.5000000000403,18.392581600000007,8.222228800000003,0.0,0.0,0.0
478.6000000000403,18.392581600000007,8.222228800000003,0.0,0.0,0.0
478.70000000004035,18.392581600000007,8.222228800000003,0.0,0.0,0.0
478.80000000004037,18.392581600000007,8.222228800000003,0.0,0.0,0.0
478.9000000000404,18.392581600000007,8.222228800000003,0.0,0.0,0.0
479.0000000000404,18.392581600000007,8.222228800000003,0.0,0.0,0.0
479.10000000004044,18.392581600000007,8.222228800000003,0.0,0.0,0.0
479.20000000004046,18.392581600000007,8.222228800000003,0.0,0.0,0.0
479.3000000000405,18.392581600000007,8.222228800000003,0.0,0.0,0.0
479.4000000000405,18.392581600000007,8.222228800000003,0.0,0.0,0.0
479.50000000004053,18.392581600000007,8.222228800000003,0.0,0.0,0.0
479.60000000004055,18.392581600000007,8.222228800000003,0.0,0.0,0.0
479.7000000000406,18.392581600000007,8.222228800000003,0.0,0.0,0.0
479.8000000000406,18.392581600000007,8.222228800000003,0.0,0.0,0.0
479.9000000000406,18.392581600000007,8.222228800000003,0.0,0.0,0.0
480.00000000004064,18.392581600000007,8.222228800000003,0.0,0.0,0.0
480.10000000004067,18.392581600000007,8.222228800000003,0.0,0.0,0.0
480.2000000000407,18.392581600000007,8.222228800000003,0.0,0.0,0.0
480.3000000000407,18.392581600000007,8.222228800000003,0.0,0.0,0.0
480.40000000004073,18.392581600000007,8.222228800000003,0.0,0.0,0.0
480.50000000004076,18.392581600000007,8.222228800000003,0.0,0.0,0.0
480.6000000000408,18.392581600000007,8.222228800000003,0.0,0.0,0.0
480.7000000000408,18.411712786657827,8.230781215171351,0.0,0.004276211663787165,0.08552423327574331
480.8000000000408,18.44229128,8.244451040000001,0.0,0.011111130596398797,0.1366983786522326
480.90000000004085,18.42339345598621,8.236002947380774,0.0,0.006887080258416773,-0.08448100675964047
481.00000000004087,18.41160657881939,8.230733735966584,0.0,0.004252472038763852,-0.05269216439305842
481.1000000000409,18.423132276071673,8.23588618938225,0.0,0.0068287012034798575,0.05152458329432012
481.2000000000409,18.41201575829214,8.23091665576101,0.0,0.0043439320231999316,-0.04969538360559852
481.30000000004094,18.423030542599562,8.235840710400424,0.0,0.006805961690881298,0.049240593353627314
481.40000000004096,18.392581600000007,8.222228800000003,0.0,0.0,-0.13611923381762595
481.500000000041,18.411875242359894,8.230853839448972,0.0,0.004312523837227654,0.08625047674455308
481.600000000041,18.423043924971978,8.235846692862825,0.0,0.006808952924934471,0.04992858175413634
481.70000000004103,18.411906833990834,8.230867962187334,0.0,0.004319585213142845,-0.04978735423583251
481.80000000004105,18.422893709208186,8.235779540333281,0.0,0.006775376628141547,0.04911582829997402
481.9000000000411,18.392581600000007,8.222228800000003,0.0,0.0,-0.13550753256283093
482.0000000000411,18.392581600000007,8.222228800000003,0.0,0.0,0.0
482.1000000000411,18.392581600000007,8.222228800000003,0.0,0.0,0.0
482.20000000004114,18.411943819174287,8.230884496062089,0.0,0.00432785215840414,0.0865570431680828
482.30000000004117,18.42292071744934,8.235791614110802,0.0,0.006781413522659219,0.049071227285101576
482.4000000000412,18.392581600000007,8.222228800000003,0.0,0.0,-0.13562827045318437
482.5000000000412,18.411478512260693,8.230676485028672,0.0,0.00422384654250835,0.084476930850167
482.60000000004123,18.423150598595,8.235894380292164,0.0,0.0068327966623429786,0.05217900239669256
482.70000000004126,18.411393050231094,8.230638280040576,0.0,-7.146763354429833e-05,-0.052561052642002205
482.8000000000413,18.44229128,8.244451040000001,0.0,0.0,0.13812773132311856
482.9000000000413,18.423336388726646,8.235977436004754,0.0,-1.2755700174629792e-05,-0.08473612076313307
483.0000000000413,18.411574292132677,8.230719302510145,0.0,-7.216735101875718e-06,-0.05258138509160334
483.10000000004135,18.44229128,8.244451040000001,0.0,0.0042824293929189395,0.13731750585473643
483.20000000004137,18.44229128,8.244451040000001,0.0,0.006767198573198867,0.0
483.3000000000414,18.44229128,8.244451040000001,0.0,0.004305168905517499,0.0
483.4000000000414,18.423160002783085,8.23589858434507,0.0,0.006834898690800973,-0.08552463811195647
483.50000000004144,18.411763385507157,8.23080383490605,0.0,-2.500229530522889e-05,-0.05094754297757096
483.60000000004146,18.44229128,8.244451040000001,0.0,0.004302177671464324,0.13647218108952744
483.7000000000415,18.44229128,8.244451040000001,0.0,0.0067915453832559525,0.0
483.8000000000415,18.44229128,8.244451040000001,0.0,0.00433575396825725,0.0
483.90000000004153,18.44229128,8.244451040000001,0.0,0.011111130596398797,0.0
484.00000000004155,18.44229128,8.244451040000001,0.0,0.011111130596398797,0.0
484.1000000000416,18.44229128,8.244451040000001,0.0,0.011111130596398797,0.0
484.2000000000416,18.44229128,8.244451040000001,0.0,0.006783278437994656,0.0
484.3000000000416,18.44229128,8.244451040000001,0.0,0.004329717073739578,0.0
484.40000000004164,18.44229128,8.244451040000001,0.0,0.011111130596398797,0.0
484.50000000004167,18.44229128,8.244451040000001,0.0,0.006887284053890448,0.0
484.6000000000417,18.44229128,8.244451040000001,0.0,0.004278333934055819,0.0
484.7000000000417,18.44229128,8.244451040000001,0.0,0.00690638656615593,0.0
484.80000000004173,18.44229128,8.244451040000001,0.0,1.3877787807814458e-18,0.0
484.90000000004176,18.44229128,8.244451040000001,0.0,0.004236806038156654,0.0
485.0000000000418,18.44229128,8.244451040000001,0.0,0.006865875292736821,0.0
485.1000000000418,18.44229128,8.244451040000001,0.0,0.0,0.0
485.2000000000418,18.44229128,8.244451040000001,0.0,0.0,0.0
485.30000000004185,18.44229128,8.244451040000001,0.0,0.0,0.0
485.40000000004187,18.44229128,8.244451040000001,0.0,0.004276231905597824,0.0
485.5000000000419,18.44229128,8.244451040000001,0.0,0.006823609054476372,0.0
485.6000000000419,18.44229128,8.244451040000001,0.0,0.0,0.0
485.70000000004194,18.44229128,8.244451040000001,0.0,0.0,0.0
485.80000000004196,18.44229128,8.244451040000001,0.0,0.0,0.0
485.900000000042,18.44229128,8.244451040000001,0.0,0.0,0.0
486.000000000042,18.44229128,8.244451040000001,0.0,0.0,0.0
486.10000000004203,18.44229128,8.244451040000001,0.0,0.0,0.0
486.20000000004205,18.44229128,8.244451040000001,0.0,0.0,0.0
486.3000000000421,18.44229128,8.244451040000001,0.0,0.0,0.0
486.4000000000421,18.44229128,8.244451040000001,0.0,0.0,0.0
486.5000000000421,18.44229128,8.244451040000001,0.0,0.0,0.0
486.60000000004214,18.44229128,8.244451040000001,0.0,0.0,0.0
486.70000000004217,18.44229128,8.244451040000001,0.0,0.0,0.0
486.8000000000422,18.44229128,8.244451040000001,0.0,0.0,0.0
486.9000000000422,18.44229128,8.244451040000001,0.0,0.0,0.0
487.00000000004223,18.44229128,8.244451040000001,0.0,0.0,0.0
487.10000000004226,18.44229128,8.244451040000001,0.0,0.0,0.0
487.2000000000423,18.44229128,8.244451040000001,0.0,0.0,0.0
487.3000000000423,18.44229128,8.244451040000001,0.0,0.0,0.0
487.4000000000423,18.44229128,8.244451040000001,0.0,0.0,0.0
487.50000000004235,18.44229128,8.244451040000001,0.0,0.0,0.0
487.60000000004237,18.44229128,8.244451040000001,0.0,0.0,0.0
487.7000000000424,18.44229128,8.244451040000001,0.0,0.0,0.0
487.8000000000424,18.44229128,8.244451040000001,0.0,0.0,0.0
487.90000000004244,18.44229128,8.244451040000001,0.0,0.0,0.0
488.00000000004246,18.44229128,8.244451040000001,0.0,0.0,0.0
488.1000000000425,18.44229128,8.244451040000001,0.0,0.0,0.0
488.2000000000425,18.44229128,8.244451040000001,0.0,0.0,0.0
488.30000000004253,18.44229128,8.244451040000001,0.0,0.0,0.0
488.40000000004255,18.44229128,8.244451040000001,0.0,0.0,0.0
488.5000000000426,18.44229128,8.244451040000001,0.0,0.0,0.0
488.6000000000426,18.44229128,8.244451040000001,0.0,0.0,0.0
488.7000000000426,18.44229128,8.244451040000001,0.0,0.0,0.0
488.80000000004264,18.44229128,8.244451040000001,0.0,0.0,0.0
488.90000000004267,18.44229128,8.244451040000001,0.0,0.0,0.0
489.0000000000427,18.44229128,8.244451040000001,0.0,0.0,0.0
489.1000000000427,18.44229128,8.244451040000001,0.0,0.0,0.0
489.20000000004273,18.44229128,8.244451040000001,0.0,0.0,0.0
489.30000000004276,18.44229128,8.244451040000001,0.0,0.0,0.0
489.4000000000428,18.44229128,8.244451040000001,0.0,0.0,0.0
489.5000000000428,18.44229128,8.244451040000001,0.0,0.0,0.0
489.6000000000428,18.44229128,8.244451040000001,0.0,0.0,0.0
489.70000000004285,18.44229128,8.244451040000001,0.0,0.0,0.0
489.80000000004287,18.44229128,8.244451040000001,0.0,0.0,0.0
489.9000000000429,18.44229128,8.244451040000001,0.0,0.0,0.0
490.0000000000429,18.44229128,8.244451040000001,0.0,0.0,0.0
490.10000000004294,18.461590482870744,8.253078565222498,0.0,0.004313766725177139,0.08627533450354277
490.20000000004296,18.472840636533014,8.258107839495034,0.0,0.00682840625959215,0.05029279068830022
490.300000000043,18.46134190062407,8.252967438891666,0.0,0.004258203506771707,-0.05140405505640885
490.400000000043,18.47288623248402,8.258128222731582,0.0,0.006838597887585401,0.05160788761627389
490.50000000004303,18.4608442305771,8.252744960227055,0.0,0.00414696406838001,-0.05383267638410783
490.60000000004305,18.492000960000002,8.266673280000001,0.0,0.011111130596399683,0.13928333056039346
490.7000000000431,18.492000960000002,8.266673280000001,0.0,0.011111130596399683,0.0
490.8000000000431,18.492000960000002,8.266673280000001,0.0,0.011111130596399683,0.0
490.9000000000431,18.492000960000002,8.266673280000001,0.0,0.011111130596399683,0.0
491.00000000004314,18.492000960000002,8.266673280000001,0.0,0.011111130596399683,0.0
491.10000000004317,18.492000960000002,8.266673280000001,0.0,0.011111130596399683,0.0
491.2000000000432,18.492000960000002,8.266673280000001,0.0,0.011111130596399683,0.0
491.3000000000432,18.492000960000002,8.266673280000001,0.0,0.011111130596399683,0.0
491.40000000004324,18.492000960000002,8.266673280000001,0.0,0.011111130596399683,0.0
491.50000000004326,18.492000960000002,8.266673280000001,0.0,0.011111130596399683,0.0
491.6000000000433,18.492000960000002,8.266673280000001,0.0,0.011111130596399683,0.0
491.7000000000433,18.472747380659005,8.258066150342868,0.0,0.006807561663630215,-0.08607137865538937
491.8000000000433,18.46123903983171,8.252921455952036,0.0,0.00423521201503021,-0.05144699297200012
491.90000000004335,18.492000960000002,8.266673280000001,0.0,0.011111130596399685,0.1375183716273895
492.00000000004337,18.492000960000002,8.266673280000001,0.0,0.011111130596399685,0.0
492.1000000000434,18.492000960000002,8.266673280000001,0.0,0.0067973638712225445,0.0
492.2000000000434,18.492000960000002,8.266673280000001,0.0,0.004282724336807533,0.0
492.30000000004344,18.492000960000002,8.266673280000001,0.0,0.006852927089627976,0.0
492.40000000004346,18.492000960000002,8.266673280000001,0.0,0.004272532708814282,0.0
492.5000000000435,18.492000960000002,8.266673280000001,0.0,0.006964166528019673,0.0
492.6000000000435,18.492000960000002,8.266673280000001,0.0,0.0,0.0
492.70000000004353,18.492000960000002,8.266673280000001,0.0,0.0,0.0
492.80000000004355,18.492000960000002,8.266673280000001,0.0,0.0,0.0
492.9000000000436,18.492000960000002,8.266673280000001,0.0,0.0,0.0
493.0000000000436,18.492000960000002,8.266673280000001,0.0,0.0,0.0
493.1000000000436,18.492000960000002,8.266673280000001,0.0,0.0,0.0
493.20000000004364,18.492000960000002,8.266673280000001,0.0,0.0,0.0
493.30000000004367,18.492000960000002,8.266673280000001,0.0,0.0,0.0
493.4000000000437,18.492000960000002,8.266673280000001,0.0,0.0,0.0
493.5000000000437,18.492000960000002,8.266673280000001,0.0,0.0,0.0
493.60000000004374,18.492000960000002,8.266673280000001,0.0,0.0,0.0
493.70000000004376,18.492000960000002,8.266673280000001,0.0,0.004303568932769469,0.0
493.8000000000438,18.492000960000002,8.266673280000001,0.0,0.006875918581369475,0.0
493.9000000000438,18.492000960000002,8.266673280000001,0.0,0.0,0.0
494.0000000000438,18.492000960000002,8.266673280000001,0.0,0.0,0.0
494.10000000004385,18.492000960000002,8.266673280000001,0.0,0.0,0.0
494.2000000000439,18.492000960000002,8.266673280000001,0.0,0.0,0.0
494.3000000000439,18.492000960000002,8.266673280000001,0.0,0.0,0.0
494.4000000000439,18.492000960000002,8.266673280000001,0.0,0.0,0.0
494.50000000004394,18.492000960000002,8.266673280000001,0.0,0.0,0.0
494.60000000004396,18.492000960000002,8.266673280000001,0.0,0.0,0.0
494.700000000044,18.492000960000002,8.266673280000001,0.0,0.0,0.0
494.800000000044,18.492000960000002,8.266673280000001,0.0,0.0,0.0
494.90000000004403,18.492000960000002,8.266673280000001,0.0,0.0,0.0
495.00000000004405,18.492000960000002,8.266673280000001,0.0,0.0,0.0
495.1000000000441,18.492000960000002,8.266673280000001,0.0,0.0,0.0
495.2000000000441,18.492000960000002,8.266673280000001,0.0,0.0,0.0
495.3000000000441,18.492000960000002,8.266673280000001,0.0,0.0,0.0
495.40000000004414,18.492000960000002,8.266673280000001,0.0,0.0,0.0
495.50000000004417,18.492000960000002,8.266673280000001,0.0,0.0,0.0
495.6000000000442,18.492000960000002,8.266673280000001,0.0,0.0,0.0
495.7000000000442,18.492000960000002,8.266673280000001,0.0,0.0,0.0
495.80000000004424,18.492000960000002,8.266673280000001,0.0,0.0,0.0
495.90000000004426,18.492000960000002,8.266673280000001,0.0,0.0,0.0
496.0000000000443,18.492000960000002,8.266673280000001,0.0,0.0,0.0
496.1000000000443,18.492000960000002,8.266673280000001,0.0,0.0,0.0
496.2000000000443,18.492000960000002,8.266673280000001,0.0,0.0,0.0
496.30000000004435,18.492000960000002,8.266673280000001,0.0,0.0,0.0
496.4000000000444,18.492000960000002,8.266673280000001,0.0,0.0,0.0
496.5000000000444,18.492000960000002,8.266673280000001,0.0,0.0,0.0
496.6000000000444,18.492000960000002,8.266673280000001,0.0,0.0,0.0
496.70000000004444,18.492000960000002,8.266673280000001,0.0,0.0,0.0
496.80000000004446,18.492000960000002,8.266673280000001,0.0,0.0,0.0
496.9000000000445,18.492000960000002,8.266673280000001,0.0,0.0,0.0
497.0000000000445,18.492000960000002,8.266673280000001,0.0,0.0,0.0
497.10000000004453,18.492000960000002,8.266673280000001,0.0,0.0,0.0
497.20000000004455,18.492000960000002,8.266673280000001,0.0,0.0,0.0
497.3000000000446,18.492000960000002,8.266673280000001,0.0,0.0,0.0
497.4000000000446,18.492000960000002,8.266673280000001,0.0,0.0,0.0
497.5000000000446,18.492000960000002,8.266673280000001,0.0,0.0,0.0
497.60000000004464,18.492000960000002,8.266673280000001,0.0,0.0,0.0
497.70000000004467,18.492000960000002,8.266673280000001,0.0,0.0,0.0
497.8000000000447,18.492000960000002,8.266673280000001,0.0,0.0,0.0
497.9000000000447,18.492000960000002,8.266673280000001,0.0,0.0,0.0
498.00000000004474,18.492000960000002,8.266673280000001,0.0,0.0,0.0
498.10000000004476,18.492000960000002,8.266673280000001,0.0,0.0,0.0
498.2000000000448,18.492000960000002,8.266673280000001,0.0,0.0,0.0
498.3000000000448,18.492000960000002,8.266673280000001,0.0,0.0,0.0
498.4000000000448,18.492000960000002,8.266673280000001,0.0,0.0,0.0
498.50000000004485,18.492000960000002,8.266673280000001,0.0,0.0,0.0
498.6000000000449,18.492000960000002,8.266673280000001,0.0,0.0,0.0
498.7000000000449,18.492000960000002,8.266673280000001,0.0,0.0,0.0
498.8000000000449,18.492000960000002,8.266673280000001,0.0,0.0,0.0
498.90000000004494,18.492000960000002,8.266673280000001,0.0,0.0,0.0
499.00000000004496,18.492000960000002,8.266673280000001,0.0,0.0,0.0
499.100000000045,18.492000960000002,8.266673280000001,0.0,0.0,0.0
499.200000000045,18.492000960000002,8.266673280000001,0.0,0.0,0.0
499.30000000004503,18.492000960000002,8.266673280000001,0.0,0.0,0.0
499.40000000004505,18.492000960000002,8.266673280000001,0.0,0.0,0.0
499.5000000000451,18.492000960000002,8.266673280000001,0.0,0.0,0.0
499.6000000000451,18.492000960000002,8.266673280000001,0.0,0.0,0.0
499.7000000000451,18.492000960000002,8.266673280000001,0.0,0.0,0.0
499.80000000004515,18.492000960000002,8.266673280000001,0.0,0.0,0.0
499.90000000004517,18.506491056668164,8.273150940000692,0.0,0.003238833089137348,0.06477666178274696
500.0000000000452,18.529094040188603,8.283255388963292,0.0,0.008291062388618943,0.1010445859896319
500.1000000000452,18.492000960000002,8.266673280000001,0.0,0.0,-0.16582124777237886
500.20000000004524,18.511171068262716,8.275243094704905,0.0,0.004284911438862004,0.08569822877724008
500.30000000004526,18.522559201021863,8.280334051221335,0.0,0.006830392124636385,0.05090961371548763
500.4000000000453,18.492000960000002,8.266673280000001,0.0,0.0,-0.1366078424927277
500.5000000000453,18.492000960000002,8.266673280000001,0.0,0.0,0.0
500.6000000000453,18.492000960000002,8.266673280000001,0.0,0.0,0.0
500.70000000004535,18.492000960000002,8.266673280000001,0.0,0.0,0.0
500.8000000000454,18.492000960000002,8.266673280000001,0.0,0.0,0.0
500.9000000000454,18.510928866740237,8.275134820816179,0.0,0.004230774442869982,0.08461548885739964
501.0000000000454,18.522968289315138,8.28051693025484,0.0,0.006921831728593042,0.05382114571446121
501.10000000004544,18.492000960000002,8.266673280000001,0.0,0.0,-0.13843663457186084
501.20000000004546,18.492000960000002,8.266673280000001,0.0,0.0,0.0
501.3000000000455,18.492000960000002,8.266673280000001,0.0,0.0,0.0
501.4000000000455,18.492000960000002,8.266673280000001,0.0,0.0,0.0
501.50000000004553,18.492000960000002,8.266673280000001,0.0,0.0,0.0
501.60000000004555,18.492000960000002,8.266673280000001,0.0,0.0,0.0
501.7000000000456,18.492000960000002,8.266673280000001,0.0,0.0,0.0
501.8000000000456,18.492000960000002,8.266673280000001,0.0,0.0,0.0
501.9000000000456,18.492000960000002,8.266673280000001,0.0,-0.0032388330891373477,0.0
502.00000000004565,18.492000960000002,8.266673280000001,0.0,-0.008291062388618941,0.0
502.10000000004567,18.492000960000002,8.266673280000001,0.0,0.0,0.0
502.2000000000457,18.492000960000002,8.266673280000001,0.0,-0.004284911438862003,0.0
502.3000000000457,18.492000960000002,8.266673280000001,0.0,-0.006830392124636384,0.0
502.40000000004574,18.492000960000002,8.266673280000001,0.0,0.0,0.0
502.50000000004576,18.492000960000002,8.266673280000001,0.0,0.0,0.0
502.6000000000458,18.492000960000002,8.266673280000001,0.0,0.0,0.0
502.7000000000458,18.492000960000002,8.266673280000001,0.0,0.0,0.0
502.8000000000458,18.492000960000002,8.266673280000001,0.0,0.0,0.0
502.90000000004585,18.492000960000002,8.266673280000001,0.0,-0.004230774442869982,0.0
503.0000000000459,18.492000960000002,8.266673280000001,0.0,-0.006921831728593042,0.0
503.1000000000459,18.492000960000002,8.266673280000001,0.0,0.0,0.0
503.2000000000459,18.51048808317811,8.274937772713965,0.0,0.00413225029780315,0.082645005956063
503.30000000004594,18.522533511960027,8.28032256717039,0.0,0.0068246500936883685,0.053847995917704373
503.40000000004596,18.492000960000002,8.266673280000001,0.0,0.0,-0.13649300187376737
503.500000000046,18.492000960000002,8.266673280000001,0.0,0.0,0.0
503.600000000046,18.492000960000002,8.266673280000001,0.0,0.0,0.0
503.70000000004603,18.511348735183287,8.275322519013187,0.0,0.004324623630875615,0.0864924726175123
503.80000000004605,18.52250658683922,8.280310530551032,0.0,0.0068186317782698,0.04988016294788369
503.9000000000461,18.51119151627348,8.275252235793777,0.0,0.0042894819876570746,-0.050582995812254505
504.0000000000461,18.52255185603199,8.280330767713417,0.0,0.006828750369112127,0.05078536762910104
504.1000000000461,18.492000960000002,8.266673280000001,0.0,1.3877787807814458e-18,-0.1365750073822425
504.20000000004615,18.511334624934666,8.275316211160646,0.0,0.004321469701597423,0.08642939403194844
504.30000000004617,18.522446465289256,8.28028365378352,0.0,0.006805193381697943,0.0496744736020104
504.4000000000462,18.492000960000002,8.266673280000001,0.0,1.3877787807814458e-18,-0.13610386763395885
504.5000000000462,18.492000960000002,8.266673280000001,0.0,1.3877787807814458e-18,0.0
504.60000000004624,18.492000960000002,8.266673280000001,0.0,1.3877787807814458e-18,0.0
504.70000000004626,18.492000960000002,8.266673280000001,0.0,1.3877787807814458e-18,0.0
504.8000000000463,18.492000960000002,8.266673280000001,0.0,1.3877787807814458e-18,0.0
504.9000000000463,18.492000960000002,8.266673280000001,0.0,1.3877787807814458e-18,0.0
505.0000000000463,18.492000960000002,8.266673280000001,0.0,1.3877787807814458e-18,0.0
505.10000000004635,18.492000960000002,8.266673280000001,0.0,1.3877787807814458e-18,0.0
505.2000000000464,18.492000960000002,8.266673280000001,0.0,-0.00413225029780315,0.0
505.3000000000464,18.492000960000002,8.266673280000001,0.0,-0.006824650093688367,0.0
505.4000000000464,18.492000960000002,8.266673280000001,0.0,1.3877787807814458e-18,0.0
505.50000000004644,18.492000960000002,8.266673280000001,0.0,1.3877787807814458e-18,0.0
505.60000000004646,18.507922050148498,8.273790652035819,0.0,0.0035586894117397897,0.07117378823479577
505.7000000000465,18.54171064,8.28889552,0.0,0.00678650696552407,0.15104882369319791
505.8000000000465,18.532325827306263,8.284700128679129,0.0,0.0021948011571735642,-0.04195395321912643
505.90000000004653,18.503708669280186,8.271907100162885,0.0,-0.0016725694105328246,-0.12793040716638227
506.00000000004655,18.54171064,8.28889552,0.0,0.004282380227287557,0.1698843603855087
506.1000000000466,18.54171064,8.28889552,0.0,0.011111130596399682,0.0
506.2000000000466,18.54171064,8.28889552,0.0,0.006789660894802261,0.0
506.3000000000466,18.532860646789295,8.28493921464606,0.0,0.00232778265121655,-0.03956309126970384
506.40000000004665,18.492000960000002,8.266673280000001,0.0,1.3877787807814458e-18,-0.18265952065828983
506.50000000004667,18.507251649446008,8.273490955773305,0.0,0.0034088411375761594,0.06817682275152316
506.6000000000467,18.533357847289295,8.28516148340416,0.0,0.009244110517950235,0.11670538760748152
506.7000000000467,18.511235670287242,8.275271974425987,0.0,0.004299351313174002,-0.09889518409552465
506.80000000004674,18.54171064,8.28889552,0.0,0.011111130596399685,0.13623558566451366
506.90000000004676,18.54171064,8.28889552,0.0,0.011111130596399685,0.0
507.0000000000468,18.54171064,8.28889552,0.0,0.011111130596399685,0.0
507.1000000000468,18.54171064,8.28889552,0.0,0.011111130596399685,0.0
507.2000000000468,18.54171064,8.28889552,0.0,0.011111130596399685,0.0
507.30000000004685,18.54171064,8.28889552,0.0,0.011111130596399685,0.0
507.4000000000469,18.54171064,8.28889552,0.0,0.011111130596399685,0.0
507.5000000000469,18.54171064,8.28889552,0.0,0.011111130596399685,0.0
507.6000000000469,18.54171064,8.28889552,0.0,0.007552441184659897,0.0
507.70000000004694,18.54171064,8.28889552,0.0,1.3877787807814458e-18,0.0
507.80000000004696,18.54171064,8.28889552,0.0,0.002097697660956322,0.0
507.900000000047,18.54171064,8.28889552,0.0,0.008494218019275435,0.0
508.000000000047,18.54171064,8.28889552,0.0,1.3877787807814458e-18,0.0
508.10000000004703,18.54171064,8.28889552,0.0,1.3877787807814458e-18,0.0
508.20000000004705,18.54171064,8.28889552,0.0,1.3877787807814458e-18,0.0
508.3000000000471,18.54171064,8.28889552,0.0,0.0019781545634851927,0.0
508.4000000000471,18.54171064,8.28889552,0.0,0.011111130596399685,0.0
508.5000000000471,18.54171064,8.28889552,0.0,0.007702289458823526,0.0
508.60000000004715,18.54171064,8.28889552,0.0,0.0018670200784494501,0.0
508.70000000004717,18.54171064,8.28889552,0.0,0.006811779283225683,0.0
508.8000000000472,18.54171064,8.28889552,0.0,0.0,0.0
508.9000000000472,18.54171064,8.28889552,0.0,0.0,0.0
509.00000000004724,18.54171064,8.28889552,0.0,0.0,0.0
509.10000000004726,18.54171064,8.28889552,0.0,0.0,0.0
509.2000000000473,18.54171064,8.28889552,0.0,0.0,0.0
509.3000000000473,18.54171064,8.28889552,0.0,0.0,0.0
509.4000000000473,18.54171064,8.28889552,0.0,0.0,0.0
509.50000000004735,18.54171064,8.28889552,0.0,0.0,0.0
509.6000000000474,18.54171064,8.28889552,0.0,0.0,0.0
509.7000000000474,18.54171064,8.28889552,0.0,0.0,0.0
509.8000000000474,18.54171064,8.28889552,0.0,0.0,0.0
509.90000000004744,18.54171064,8.28889552,0.0,0.0,0.0
510.00000000004746,18.54171064,8.28889552,0.0,0.0,0.0
510.1000000000475,18.54171064,8.28889552,0.0,0.0,0.0
510.2000000000475,18.54171064,8.28889552,0.0,0.0,0.0
510.30000000004753,18.54171064,8.28889552,0.0,0.0,0.0
510.40000000004756,18.54171064,8.28889552,0.0,0.0,0.0
510.5000000000476,18.54171064,8.28889552,0.0,0.0,0.0
510.6000000000476,18.54171064,8.28889552,0.0,0.0,0.0
510.7000000000476,18.54171064,8.28889552,0.0,0.0,0.0
510.80000000004765,18.54171064,8.28889552,0.0,0.0,0.0
510.90000000004767,18.54171064,8.28889552,0.0,0.0,0.0
511.0000000000477,18.54171064,8.28889552,0.0,0.0,0.0
511.1000000000477,18.54171064,8.28889552,0.0,0.0,0.0
511.20000000004774,18.54171064,8.28889552,0.0,0.0,0.0
511.30000000004776,18.54171064,8.28889552,0.0,0.0,0.0
511.4000000000478,18.54171064,8.28889552,0.0,0.0,0.0
511.5000000000478,18.54171064,8.28889552,0.0,0.0,0.0
511.6000000000478,18.54171064,8.28889552,0.0,0.0,0.0
511.70000000004785,18.54171064,8.28889552,0.0,0.0,0.0
511.8000000000479,18.54171064,8.28889552,0.0,0.0,0.0
511.9000000000479,18.54171064,8.28889552,0.0,0.0,0.0
512.0000000000479,18.54171064,8.28889552,0.0,0.0,0.0
512.1000000000479,18.54171064,8.28889552,0.0,0.0,0.0
512.2000000000479,18.54171064,8.28889552,0.0,0.0,0.0
512.3000000000479,18.54171064,8.28889552,0.0,0.0,0.0
512.400000000048,18.54171064,8.28889552,0.0,0.0,0.0
512.500000000048,18.54171064,8.28889552,0.0,0.0,0.0
512.600000000048,18.54171064,8.28889552,0.0,0.0,0.0
512.700000000048,18.54171064,8.28889552,0.0,0.0,0.0
512.800000000048,18.54171064,8.28889552,0.0,0.0,0.0
512.9000000000481,18.54171064,8.28889552,0.0,0.0,0.0
513.0000000000481,18.54171064,8.28889552,0.0,0.0,0.0
513.1000000000481,18.54171064,8.28889552,0.0,0.0,0.0
513.2000000000481,18.54171064,8.28889552,0.0,0.0,0.0
513.3000000000482,18.54171064,8.28889552,0.0,0.0,0.0
513.4000000000482,18.54171064,8.28889552,0.0,0.0,0.0
513.5000000000482,18.54171064,8.28889552,0.0,0.0,0.0
513.6000000000482,18.54171064,8.28889552,0.0,0.0,0.0
513.7000000000482,18.54171064,8.28889552,0.0,0.0,0.0
513.8000000000483,18.54171064,8.28889552,0.0,0.0,0.0
513.9000000000483,18.54171064,8.28889552,0.0,0.0,0.0
514.0000000000483,18.54171064,8.28889552,0.0,0.0,0.0
514.1000000000483,18.54171064,8.28889552,0.0,0.0,0.0
514.2000000000484,18.54171064,8.28889552,0.0,0.0,0.0
514.3000000000484,18.54171064,8.28889552,0.0,0.0,0.0
514.4000000000484,18.54171064,8.28889552,0.0,0.0,0.0
514.5000000000484,18.54171064,8.28889552,0.0,0.0,0.0
514.6000000000485,18.54171064,8.28889552,0.0,0.0,0.0
514.7000000000485,18.54171064,8.28889552,0.0,0.0,0.0
514.8000000000485,18.54171064,8.28889552,0.0,0.0,0.0
514.9000000000485,18.54171064,8.28889552,0.0,0.0,0.0
515.0000000000485,18.54171064,8.28889552,0.0,0.0,0.0
515.1000000000486,18.54171064,8.28889552,0.0,0.0,0.0
515.2000000000486,18.54171064,8.28889552,0.0,0.0,0.0
515.3000000000486,18.54171064,8.28889552,0.0,0.0,0.0
515.4000000000486,18.54171064,8.28889552,0.0,0.0,0.0
515.5000000000487,18.54171064,8.28889552,0.0,0.0,0.0
515.6000000000487,18.54171064,8.28889552,0.0,0.0,0.0
515.7000000000487,18.54171064,8.28889552,0.0,0.0,0.0
515.8000000000487,18.54171064,8.28889552,0.0,0.0,0.0
515.9000000000487,18.54171064,8.28889552,0.0,0.0,0.0
516.0000000000488,18.54171064,8.28889552,0.0,0.0,0.0
516.1000000000488,18.54171064,8.28889552,0.0,0.0,0.0
516.2000000000488,18.54171064,8.28889552,0.0,0.0,0.0
516.3000000000488,18.54171064,8.28889552,0.0,0.0,0.0
516.4000000000489,18.54171064,8.28889552,0.0,0.0,0.0
516.5000000000489,18.54171064,8.28889552,0.0,0.0,0.0
516.6000000000489,18.54171064,8.28889552,0.0,0.0,0.0
516.7000000000489,18.54171064,8.28889552,0.0,0.0,0.0
516.800000000049,18.54171064,8.28889552,0.0,0.0,0.0
516.900000000049,18.54171064,8.28889552,0.0,0.0,0.0
517.000000000049,18.54171064,8.28889552,0.0,0.0,0.0
517.100000000049,18.54171064,8.28889552,0.0,0.0,0.0
517.200000000049,18.54171064,8.28889552,0.0,0.0,0.0
517.3000000000491,18.54171064,8.28889552,0.0,0.0,0.0
517.4000000000491,18.54171064,8.28889552,0.0,0.0,0.0
517.5000000000491,18.54171064,8.28889552,0.0,0.0,0.0
517.6000000000491,18.54171064,8.28889552,0.0,0.0,0.0
517.7000000000492,18.54171064,8.28889552,0.0,0.0,0.0
517.8000000000492,18.54171064,8.28889552,0.0,0.0,0.0
517.9000000000492,18.54171064,8.28889552,0.0,0.0,0.0
518.0000000000492,18.54171064,8.28889552,0.0,0.0,0.0
518.1000000000492,18.54171064,8.28889552,0.0,0.0,0.0
518.2000000000493,18.54171064,8.28889552,0.0,0.0,0.0
518.3000000000493,18.54171064,8.28889552,0.0,0.0,0.0
518.4000000000493,18.54171064,8.28889552,0.0,0.0,0.0
518.5000000000493,18.54171064,8.28889552,0.0,0.0,0.0
518.6000000000494,18.54171064,8.28889552,0.0,0.0,0.0
518.7000000000494,18.54171064,8.28889552,0.0,0.0,0.0
518.8000000000494,18.54171064,8.28889552,0.0,0.0,0.0
518.9000000000494,18.54171064,8.28889552,0.0,0.0,0.0
519.0000000000495,18.54171064,8.28889552,0.0,0.0,0.0
519.1000000000495,18.54171064,8.28889552,0.0,0.0,0.0
519.2000000000495,18.54171064,8.28889552,0.0,0.0,0.0
519.3000000000495,18.54171064,8.28889552,0.0,0.0,0.0
519.4000000000495,18.54171064,8.28889552,0.0,0.0,0.0
519.5000000000496,18.54171064,8.28889552,0.0,0.0,0.0
519.6000000000496,18.54171064,8.28889552,0.0,0.0,0.0
519.7000000000496,18.54171064,8.28889552,0.0,0.0,0.0
519.8000000000496,18.54171064,8.28889552,0.0,0.0,0.0
519.9000000000497,18.54171064,8.28889552,0.0,0.0,0.0
520.0000000000497,18.54171064,8.28889552,0.0,0.0,0.0
520.1000000000497,18.54171064,8.28889552,0.0,0.0,0.0
520.2000000000497,18.54171064,8.28889552,0.0,0.0,0.0
520.3000000000497,18.54171064,8.28889552,0.0,0.0,0.0
520.4000000000498,18.54171064,8.28889552,0.0,0.0,0.0
520.5000000000498,18.54171064,8.28889552,0.0,0.0,0.0
520.6000000000498,18.54171064,8.28889552,0.0,0.0,0.0
520.7000000000498,18.54171064,8.28889552,0.0,0.0,0.0
520.8000000000499,18.54171064,8.28889552,0.0,0.0,0.0
520.9000000000499,18.54171064,8.28889552,0.0,0.0,0.0
521.0000000000499,18.54171064,8.28889552,0.0,0.0,0.0
521.1000000000499,18.54171064,8.28889552,0.0,0.0,0.0
521.20000000005,18.54171064,8.28889552,0.0,0.0,0.0
521.30000000005,18.54171064,8.28889552,0.0,0.0,0.0
521.40000000005,18.54171064,8.28889552,0.0,0.0,0.0
521.50000000005,18.54171064,8.28889552,0.0,0.0,0.0
521.60000000005,18.54171064,8.28889552,0.0,0.0,0.0
521.7000000000501,18.54171064,8.28889552,0.0,0.0,0.0
521.8000000000501,18.54171064,8.28889552,0.0,0.0,0.0
521.9000000000501,18.54171064,8.28889552,0.0,0.0,0.0
522.0000000000501,18.54171064,8.28889552,0.0,0.0,0.0
522.1000000000502,18.54171064,8.28889552,0.0,0.0,0.0
522.2000000000502,18.54171064,8.28889552,0.0,0.0,0.0
522.3000000000502,18.54171064,8.28889552,0.0,0.0,0.0
522.4000000000502,18.54171064,8.28889552,0.0,0.0,0.0
522.5000000000502,18.54171064,8.28889552,0.0,0.0,0.0
522.6000000000503,18.54171064,8.28889552,0.0,0.0,0.0
522.7000000000503,18.54171064,8.28889552,0.0,0.0,0.0
522.8000000000503,18.54171064,8.28889552,0.0,0.0,0.0
522.9000000000503,18.54171064,8.28889552,0.0,0.0,0.0
523.0000000000504,18.54171064,8.28889552,0.0,0.0,0.0
523.1000000000504,18.54171064,8.28889552,0.0,0.0,0.0
523.2000000000504,18.54171064,8.28889552,0.0,0.0,0.0
523.3000000000504,18.54171064,8.28889552,0.0,0.0,0.0
523.4000000000505,18.54171064,8.28889552,0.0,0.0,0.0
523.5000000000505,18.54171064,8.28889552,0.0,0.0,0.0
523.6000000000505,18.54171064,8.28889552,0.0,0.0,0.0
523.7000000000505,18.54171064,8.28889552,0.0,0.0,0.0
523.8000000000505,18.54171064,8.28889552,0.0,0.0,0.0
523.9000000000506,18.54171064,8.28889552,0.0,0.0,0.0
524.0000000000506,18.54171064,8.28889552,0.0,0.0,0.0
524.1000000000506,18.54171064,8.28889552,0.0,0.0,0.0
524.2000000000506,18.54171064,8.28889552,0.0,0.0,0.0
524.3000000000507,18.54171064,8.28889552,0.0,0.0,0.0
524.4000000000507,18.54171064,8.28889552,0.0,0.0,0.0
524.5000000000507,18.54171064,8.28889552,0.0,0.0,0.0
524.6000000000507,18.54171064,8.28889552,0.0,0.0,0.0
524.7000000000507,18.54171064,8.28889552,0.0,0.0,0.0
524.8000000000508,18.54171064,8.28889552,0.0,0.0,0.0
524.9000000000508,18.54171064,8.28889552,0.0,0.0,0.0
525.0000000000508,18.54171064,8.28889552,0.0,0.0,0.0
525.1000000000508,18.54171064,8.28889552,0.0,0.0,0.0
525.2000000000509,18.54171064,8.28889552,0.0,0.0,0.0
525.3000000000509,18.54171064,8.28889552,0.0,0.0,0.0
525.4000000000509,18.54171064,8.28889552,0.0,0.0,0.0
525.5000000000509,18.54171064,8.28889552,0.0,0.0,0.0
525.600000000051,18.54171064,8.28889552,0.0,0.0,0.0
525.700000000051,18.54171064,8.28889552,0.0,0.0,0.0
525.800000000051,18.54171064,8.28889552,0.0,0.0,0.0
525.900000000051,18.54171064,8.28889552,0.0,0.0,0.0
526.000000000051,18.54171064,8.28889552,0.0,0.0,0.0
526.1000000000511,18.54171064,8.28889552,0.0,0.0,0.0
526.2000000000511,18.54171064,8.28889552,0.0,0.0,0.0
526.3000000000511,18.54171064,8.28889552,0.0,0.0,0.0
526.4000000000511,18.54171064,8.28889552,0.0,0.0,0.0
526.5000000000512,18.54171064,8.28889552,0.0,0.0,0.0
526.6000000000512,18.54171064,8.28889552,0.0,0.0,0.0
526.7000000000512,18.54171064,8.28889552,0.0,0.0,0.0
526.8000000000512,18.54171064,8.28889552,0.0,0.0,0.0
526.9000000000513,18.54171064,8.28889552,0.0,0.0,0.0
527.0000000000513,18.54171064,8.28889552,0.0,0.0,0.0
527.1000000000513,18.54171064,8.28889552,0.0,0.0,0.0
527.2000000000513,18.54171064,8.28889552,0.0,0.0,0.0
527.3000000000513,18.54171064,8.28889552,0.0,0.0,0.0
527.4000000000514,18.54171064,8.28889552,0.0,0.0,0.0
527.5000000000514,18.54171064,8.28889552,0.0,0.0,0.0
527.6000000000514,18.54171064,8.28889552,0.0,0.0,0.0
527.7000000000514,18.54171064,8.28889552,0.0,0.0,0.0
527.8000000000515,18.54171064,8.28889552,0.0,0.0,0.0
527.9000000000515,18.54171064,8.28889552,0.0,0.0,0.0
528.0000000000515,18.54171064,8.28889552,0.0,0.0,0.0
528.1000000000515,18.54171064,8.28889552,0.0,0.0,0.0
528.2000000000515,18.54171064,8.28889552,0.0,0.0,0.0
528.3000000000516,18.54171064,8.28889552,0.0,0.0,0.0
528.4000000000516,18.54171064,8.28889552,0.0,0.0,0.0
528.5000000000516,18.54171064,8.28889552,0.0,0.0,0.0
528.6000000000516,18.54171064,8.28889552,0.0,0.0,0.0
528.7000000000517,18.54171064,8.28889552,0.0,0.0,0.0
528.8000000000517,18.54171064,8.28889552,0.0,0.0,0.0
528.9000000000517,18.54171064,8.28889552,0.0,0.0,0.0
529.0000000000517,18.54171064,8.28889552,0.0,0.0,0.0
529.1000000000518,18.54171064,8.28889552,0.0,0.0,0.0
529.2000000000518,18.54171064,8.28889552,0.0,0.0,0.0
529.3000000000518,18.54171064,8.28889552,0.0,0.0,0.0
529.4000000000518,18.54171064,8.28889552,0.0,0.0,0.0
529.5000000000518,18.54171064,8.28889552,0.0,0.0,0.0
529.6000000000519,18.54171064,8.28889552,0.0,0.0,0.0
529.7000000000519,18.54171064,8.28889552,0.0,0.0,0.0
529.8000000000519,18.54171064,8.28889552,0.0,0.0,0.0
529.9000000000519,18.54171064,8.28889552,0.0,0.0,0.0
530.000000000052,18.54171064,8.28889552,0.0,0.0,0.0
530.100000000052,18.54171064,8.28889552,0.0,0.0,0.0
530.200000000052,18.54171064,8.28889552,0.0,0.0,0.0
530.300000000052,18.54171064,8.28889552,0.0,0.0,0.0
530.400000000052,18.54171064,8.28889552,0.0,0.0,0.0
530.5000000000521,18.54171064,8.28889552,0.0,0.0,0.0
530.6000000000521,18.54171064,8.28889552,0.0,0.0,0.0
530.7000000000521,18.54171064,8.28889552,0.0,0.0,0.0
530.8000000000521,18.54171064,8.28889552,0.0,0.0,0.0
530.9000000000522,18.54171064,8.28889552,0.0,0.0,0.0
531.0000000000522,18.54171064,8.28889552,0.0,0.0,0.0
531.1000000000522,18.54171064,8.28889552,0.0,0.0,0.0
531.2000000000522,18.54171064,8.28889552,0.0,0.0,0.0
531.3000000000523,18.54171064,8.28889552,0.0,0.0,0.0
531.4000000000523,18.54171064,8.28889552,0.0,0.0,0.0
531.5000000000523,18.54171064,8.28889552,0.0,0.0,0.0
531.6000000000523,18.54171064,8.28889552,0.0,0.0,0.0
531.7000000000523,18.54171064,8.28889552,0.0,0.0,0.0
531.8000000000524,18.54171064,8.28889552,0.0,0.0,0.0
531.9000000000524,18.54171064,8.28889552,0.0,0.0,0.0
532.0000000000524,18.54171064,8.28889552,0.0,0.0,0.0
532.1000000000524,18.54171064,8.28889552,0.0,0.0,0.0
532.2000000000525,18.54171064,8.28889552,0.0,0.0,0.0
532.3000000000525,18.54171064,8.28889552,0.0,0.0,0.0
532.4000000000525,18.54171064,8.28889552,0.0,0.0,0.0
532.5000000000525,18.54171064,8.28889552,0.0,0.0,0.0
532.6000000000525,18.54171064,8.28889552,0.0,0.0,0.0
532.7000000000526,18.54171064,8.28889552,0.0,0.0,0.0
532.8000000000526,18.54171064,8.28889552,0.0,0.0,0.0
532.9000000000526,18.54171064,8.28889552,0.0,0.0,0.0
533.0000000000526,18.54171064,8.28889552,0.0,0.0,0.0
533.1000000000527,18.54171064,8.28889552,0.0,0.0,0.0
533.2000000000527,18.54171064,8.28889552,0.0,0.0,0.0
533.3000000000527,18.54171064,8.28889552,0.0,0.0,0.0
533.4000000000527,18.54171064,8.28889552,0.0,0.0,0.0
533.5000000000528,18.54171064,8.28889552,0.0,0.0,0.0
533.6000000000528,18.54171064,8.28889552,0.0,0.0,0.0
533.7000000000528,18.54171064,8.28889552,0.0,0.0,0.0
533.8000000000528,18.54171064,8.28889552,0.0,0.0,0.0
533.9000000000528,18.54171064,8.28889552,0.0,0.0,0.0
534.0000000000529,18.54171064,8.28889552,0.0,0.0,0.0
534.1000000000529,18.54171064,8.28889552,0.0,0.0,0.0
534.2000000000529,18.54171064,8.28889552,0.0,0.0,0.0
534.3000000000529,18.54171064,8.28889552,0.0,0.0,0.0
534.400000000053,18.54171064,8.28889552,0.0,0.0,0.0
534.500000000053,18.54171064,8.28889552,0.0,0.0,0.0
534.600000000053,18.54171064,8.28889552,0.0,0.0,0.0
534.700000000053,18.54171064,8.28889552,0.0,0.0,0.0
534.800000000053,18.54171064,8.28889552,0.0,0.0,0.0
534.9000000000531,18.54171064,8.28889552,0.0,0.0,0.0
535.0000000000531,18.54171064,8.28889552,0.0,0.0,0.0
535.1000000000531,18.54171064,8.28889552,0.0,0.0,0.0
535.2000000000531,18.54171064,8.28889552,0.0,0.0,0.0
535.3000000000532,18.54171064,8.28889552,0.0,0.0,0.0
535.4000000000532,18.54171064,8.28889552,0.0,0.0,0.0
535.5000000000532,18.54171064,8.28889552,0.0,0.0,0.0
535.6000000000532,18.54171064,8.28889552,0.0,0.0,0.0
535.7000000000533,18.54171064,8.28889552,0.0,0.0,0.0
535.8000000000533,18.54171064,8.28889552,0.0,0.0,0.0
535.9000000000533,18.54171064,8.28889552,0.0,0.0,0.0
536.0000000000533,18.54171064,8.28889552,0.0,0.0,0.0
536.1000000000533,18.54171064,8.28889552,0.0,0.0,0.0
536.2000000000534,18.54171064,8.28889552,0.0,0.0,0.0
536.3000000000534,18.54171064,8.28889552,0.0,0.0,0.0
536.4000000000534,18.54171064,8.28889552,0.0,0.0,0.0
536.5000000000534,18.54171064,8.28889552,0.0,0.0,0.0
536.6000000000535,18.54171064,8.28889552,0.0,0.0,0.0
536.7000000000535,18.54171064,8.28889552,0.0,0.0,0.0
536.8000000000535,18.54171064,8.28889552,0.0,0.0,0.0
536.9000000000535,18.54171064,8.28889552,0.0,0.0,0.0
537.0000000000535,18.54171064,8.28889552,0.0,0.0,0.0
537.1000000000536,18.54171064,8.28889552,0.0,0.0,0.0
537.2000000000536,18.54171064,8.28889552,0.0,0.0,0.0
537.3000000000536,18.54171064,8.28889552,0.0,0.0,0.0
537.4000000000536,18.580765335893904,8.306354550621025,0.0,0.008729523635634734,0.17459047271269468
537.5000000000537,18.552392160661906,8.293670592294045,0.0,0.0023875384239565476,-0.12683970423356372
537.6000000000537,18.54171064,8.28889552,0.0,3.4694469519536144e-19,-0.04775076847913095
537.7000000000537,18.54171064,8.28889552,0.0,3.4694469519536144e-19,0.0
537.8000000000537,18.54171064,8.28889552,0.0,3.4694469519536144e-19,0.0
537.9000000000538,18.5809072718263,8.306418001730636,0.0,0.008761249220696071,0.17522498441392143
538.0000000000538,18.55218983075814,8.293580142633523,0.0,0.0023423135505655987,-0.12837871340260945
538.1000000000538,18.54171064,8.28889552,0.0,-6.938893903907229e-19,-0.04684627101131199
538.2000000000538,18.54171064,8.28889552,0.0,-6.938893903907229e-19,0.0
538.3000000000538,18.54171064,8.28889552,0.0,-6.938893903907229e-19,0.0
538.4000000000539,18.54171064,8.28889552,0.0,-6.938893903907229e-19,0.0
538.5000000000539,18.54171064,8.28889552,0.0,-6.938893903907229e-19,0.0
538.6000000000539,18.54171064,8.28889552,0.0,-6.938893903907229e-19,0.0
538.7000000000539,18.54171064,8.28889552,0.0,-6.938893903907229e-19,0.0
538.800000000054,18.54171064,8.28889552,0.0,-6.938893903907229e-19,0.0
538.900000000054,18.54171064,8.28889552,0.0,-6.938893903907229e-19,0.0
539.000000000054,18.54171064,8.28889552,0.0,-6.938893903907229e-19,0.0
539.100000000054,18.54171064,8.28889552,0.0,-6.938893903907229e-19,0.0
539.200000000054,18.54171064,8.28889552,1.967498770700331,0.0,0.0
539.3000000000541,18.580880788809132,8.306406162749505,2.5,0.17510659448971047,0.17510659448971047
539.4000000000541,18.63064679315822,8.328653582014457,2.5,0.19879049965367707,0.22247440481764366
539.5000000000541,18.798215264756028,8.403563474660709,2.5,0.3822268800556537,0.7490996408596071
539.6000000000541,19.035242608024056,8.509524295745548,2.5,0.5515724653843623,1.0596092213704882
539.7000000000542,19.439886209777136,8.690416372150413,2.5,0.803042470141803,1.8089224891715654
539.8000000000542,19.8870958074248,8.890337172469984,2.5,1.0024037100833116,1.9992099097908556
539.9000000000542,20.29460164158621,9.072508782670152,2.5,1.1194485856895808,1.8217178393271953
540.0000000000542,20.73407184862676,9.268969761974478,2.5,1.2250939708087525,1.9646116666429543
540.1000000000543,21.219311867950395,9.485891700860718,2.5,1.3299970248959112,2.169221457593182
540.2000000000543,21.715787675794605,9.707836492219421,2.5,1.4189423254282727,2.219450030219526
540.3000000000543,22.251686374743382,9.947404912368725,2.5,1.5077372491345855,2.3956864861977123
540.4000000000543,22.79836138339014,10.191790779349772,2.5,1.5857475617448644,2.4438610004579324
540.5000000000543,23.345042983327165,10.436179592904487,2.5,1.651758554397008,2.4438904662227285
540.6000000000544,23.852636787704665,10.663094578947243,2.5,1.6958580879729046,2.269152024459563
540.7000000000544,24.42648773177737,10.919629189578616,2.5,1.7538241189627617,2.5653485528207605
540.8000000000544,25.104101269206456,11.222549881403593,2.5,1.8335357244731738,3.0292098071293547
540.9000000000544,25.72228155380568,11.498901502408438,2.5,1.888240613948011,2.763518845545404
541.0000000000545,26.239920965555783,11.730307281753019,2.5,1.9118972465234212,2.314060000305394
541.1000000000545,26.736338890042074,11.952226196906691,2.5,2.21919126792244,2.21919126792244
541.2000000000545,27.19447975106465,12.157033714626587,2.5,2.0480771303975174,2.0480771303975174
541.3000000000545,27.641389525611757,12.356820481878593,2.5,1.9978695778369588,1.9978695778369588
541.4000000000545,28.050025511191453,12.539497315529273,2.5,2.1054238746460823,1.8267700786505048
541.5000000000546,28.408791508833858,12.699880245040164,2.5,2.148160433835161,1.6038308246411814
541.6000000000546,28.79560930455799,12.872803464277395,2.5,2.1816416648415466,1.7292338414982025
541.7000000000546,29.154299160240374,13.033152355248717,2.5,2.1713700623290118,1.6034904389208726
541.8000000000546,29.540608982132735,13.205848489612272,2.5,2.157757716369259,1.7269629905958008
541.9000000000547,29.899444440222112,13.366262470755826,2.5,2.146878891466096,1.604141341263938
542.0000000000547,30.286238012133193,13.539174860967659,2.5,2.1351045856909963,1.729125551140956
542.1000000000547,30.644723219286018,13.699432265758833,2.5,2.106772291623683,1.6025755762469116
542.2000000000547,31.031603683507623,13.872383500352255,2.5,2.082275489879071,1.7295139953272916
542.3000000000548,31.42953896686343,14.050276686773909,2.5,2.0514378436061746,1.7789335607397894
542.4000000000548,31.827283481504384,14.228084591854666,2.5,2.0181488309091535,1.7780807465175066
542.5000000000548,32.22499185176251,14.405876338932597,2.5,1.984850265914775,1.7779191663351566
542.6000000000548,32.62150745583004,14.583134871221151,2.5,1.9600220153596102,1.7725870133562553
542.7000000000548,33.059079860672774,14.77874745608978,2.5,1.9561277141950482,1.9561277141950482
542.8000000000549,33.46757151228292,14.961359766611135,2.5,1.8694067254089521,1.8261248467419156
542.9000000000549,33.90398258225062,15.156453187761281,2.5,1.828777586734636,1.9509360720590831
543.0000000000549,34.35378732038199,15.35753412096971,2.5,1.8136151492065333,2.010811249743333
543.1000000000549,34.76132128961418,15.53971830868587,2.5,1.7937477665407648,1.8218436146070667
543.200000000055,35.197252574835495,15.734597246625052,2.5,1.788783471916087,1.9487912379039671
543.300000000055,35.64410245839744,15.934357240181349,2.5,1.7887700850554658,1.9976018406245402
543.400000000055,36.09226446137092,16.1347038042501,2.5,1.7976049586900946,2.0034675513430704
543.500000000055,36.53959532036873,16.334678813303785,2.5,1.8174010173404838,1.999751997648962
543.600000000055,36.98628672626659,16.534367960926534,2.5,1.8307839942962445,1.9968933806134188
543.7000000000551,37.43421644149119,16.73461068296483,2.5,1.8507309288526106,2.0024291300482013
543.8000000000551,37.842464872655306,16.917114264097368,2.5,1.8556346569136608,1.8250375518168036
543.9000000000551,38.27894996248078,17.112240775121446,2.5,1.9512669711139778,1.9512669711139778
544.0000000000551,38.72624942131353,17.312201747029764,2.5,1.9996116260614325,1.9996116260614325
544.1000000000552,39.172779072777494,17.511818583870166,2.5,1.9961702721003407,1.9961702721003407
544.2000000000552,39.6194479284102,17.711497650611197,2.5,1.9967925717000927,1.9967925717000927
544.3000000000552,40.06559448997034,17.910943230751002,2.5,1.994457703461141,1.994457703461141
544.4000000000552,40.51769551264257,18.11305069613939,2.5,2.021076581332699,2.021076581332699
544.5000000000553,40.96486463641443,18.31295340299745,0.5327100363638237,1.9990289750032078,1.9990289750032078
544.6000000000553,41.37407057264439,18.495885027669484,0.0,1.8293179912939166,1.8293179912939166
544.7000000000553,41.73328983971618,18.65647058697088,0.0,1.7175875578862843,1.6058571244786517
544.8000000000553,41.922848821803385,18.74121112833219,0.0,1.427527112511738,0.8474062217626452
544.9000000000553,41.954969919999996,18.75557056,0.0,1.1065439477889134,0.14359445362043968
545.0000000000554,41.84929510067009,18.708329636358854,0.0,0.7907532208438448,-0.4724096869364293
545.1000000000554,41.69344994822582,18.638660542121006,0.0,0.5428457495706407,-0.6966916067953802
545.2000000000554,41.62009764115143,18.605869090388452,0.0,0.4184513810534802,-0.32791483004948296
545.3000000000554,41.56877105310119,18.58292402701179,0.0,0.33746360184829216,-0.22945085258802408
545.4000000000555,41.518039166077656,18.56024481907704,0.0,0.2747685021280979,-0.2267922956334562
545.5000000000555,41.46842878604443,18.538066970183433,0.0,0.2251137818712142,-0.22177870044073908
545.6000000000555,41.37941201170835,18.49827286723764,0.0,0.16847240088615725,-0.39794140896441227
545.7000000000555,41.280022431769154,18.4538417001308,0.0,0.11740702624585525,-0.44431209479746686
545.8000000000555,41.2199091701145,18.426968637828395,0.0,0.08770411043419166,-0.26873087930577144
545.9000000000556,41.209324720000005,18.422236960000003,0.0,0.07805975801683794,-0.04731682340876044
546.0000000000556,41.209324720000005,18.422236960000003,0.0,0.07285577414904874,0.0
546.1000000000556,41.24836258191683,18.439688465151566,0.0,0.07920948938637745,0.17451521794630803
546.2000000000556,41.259034400000004,18.444459200000004,0.0,0.0773564249508084,0.047707393981703414
546.3000000000557,41.297923957306764,18.461844406985133,0.0,0.08271730332296892,0.17385223564969776
546.4000000000557,41.34775099932971,18.484119112562073,0.0,0.0900873014742733,0.22274726819775206
546.5000000000557,41.397474827675566,18.506347677445625,0.0,0.09669722944175127,0.22228586082383264
546.6000000000557,41.40816344,18.51112592,0.0,0.007620453432689411,0.0477824711126808
546.7000000000558,41.446771935728314,18.528385481077716,0.0,-0.06404261402237774,0.172595775377309
546.8000000000558,41.45787312,18.533348160000003,0.0,-0.10393158328297492,0.049626836550702436
546.9000000000558,41.49681203337434,18.550755431146058,0.0,-0.10240766209052761,0.1740728774693858
547.0000000000558,41.54615604291179,18.57281420164113,0.0,-0.06775778197771883,0.22058791531974592
547.1000000000558,41.59611969623027,18.59514997799938,0.0,-0.021755302808286196,0.22335797659327133
547.2000000000559,41.60700216000001,18.600014880000003,0.0,-0.0029271079857322614,0.04864906640159576
547.3000000000559,41.60700216000001,18.600014880000003,0.0,0.008545434643668946,0.0
547.4000000000559,41.64631867840626,18.617590955886797,0.0,0.028673095749672705,0.17576092648661915
547.5000000000559,41.695279707200996,18.639478518480715,0.0,0.05070582250548158,0.21887583467543867
547.600000000056,41.706421520000006,18.644459360000003,0.0,0.07309331608839868,0.049808462693929544
547.700000000056,41.706421520000006,18.644459360000003,0.0,0.09530892082827203,0.0
547.800000000056,41.706421520000006,18.644459360000003,0.0,0.10874546479356058,0.0
547.900000000056,41.7456544290448,18.661998059116385,0.0,0.11988066388530134,0.1753871584260546
548.000000000056,41.7561312,18.666681600000004,0.0,0.12222243656039919,0.04683545350195686
548.1000000000561,41.79538204594033,18.684228317635057,0.0,0.12227004284754524,0.17546734368922903
548.2000000000561,41.80584088,18.688903840000002,0.0,0.12222243656039741,0.04675526823874687
548.3000000000561,41.80584088,18.688903840000002,0.0,0.11352982477791251,0.0
548.4000000000561,41.80584088,18.688903840000002,0.0,0.1023924613680249,0.0
548.5000000000562,41.84512174506098,18.70646397739764,0.0,0.10005824539898615,0.1756015414430573
548.6000000000562,41.85555056,18.711126080000003,0.0,0.10000017536759984,0.046621070484954126
548.7000000000562,41.89482507146297,18.728683377082035,0.0,0.10014904351172996,0.1755731382599117
548.8000000000562,41.86600940881802,18.715801608962526,0.0,0.09122681148192854,-0.12881780404532595
548.9000000000563,41.85555056,18.711126080000003,0.0,0.08018540089772998,-0.04675533421458575
549.0000000000563,41.85555056,18.711126080000003,0.0,0.06915600513174268,0.0
549.1000000000563,41.894675617172894,18.72861656496208,0.0,0.06673335712323922,0.17490501642320255
549.2000000000563,41.90526024,18.73334832,0.0,0.06666678357839809,0.04731759550477337
549.3000000000563,41.90526024,18.73334832,0.0,0.06666678357839809,0.0
549.4000000000564,41.94413487998542,18.750726858338403,0.0,0.06656801471000898,0.1737855491188367
549.5000000000564,41.954969919999996,18.75557056,0.0,0.058046076116694004,0.04843706280913922
549.6000000000564,41.954969919999996,18.75557056,0.0,0.05555565298199753,0.0
549.7000000000564,41.954969919999996,18.75557056,0.0,0.05555565298199753,0.0
549.8000000000565,41.954969919999996,18.75557056,0.0,0.05555565298199753,0.0
549.9000000000565,41.954969919999996,18.75557056,0.0,0.0467862950606948,0.0
550.0000000000565,41.954969919999996,18.75557056,0.0,0.04444452238559695,0.0
550.1000000000565,41.99421901691132,18.773116495748265,0.0,0.04444413144183091,0.1754595248139081
550.2000000000565,42.0046796,18.777792800000004,0.0,0.04444452238560051,0.04676308711413886
550.3000000000566,42.04377184372291,18.795268616021126,0.0,0.053182438729287865,0.17475832687374707
550.4000000000566,42.05438928,18.800015040000005,0.0,0.05555565298200108,0.04746428505426437
550.5000000000566,42.05438928,18.800015040000005,0.0,0.046775575909848224,0.0
550.6000000000566,42.05438928,18.800015040000005,0.0,0.04444452238560052,0.0
550.7000000000567,42.05438928,18.800015040000005,0.0,0.03566586547260493,0.0
550.8000000000567,42.05438928,18.800015040000005,0.0,0.042106755674871224,0.0
550.9000000000567,42.05438928,18.800015040000005,0.0,0.04444452238560052,0.0
551.0000000000567,42.05438928,18.800015040000005,0.0,0.04444452238560052,0.0
551.1000000000568,42.05438928,18.800015040000005,0.0,0.03569927156444039,0.0
551.2000000000568,42.05438928,18.800015040000005,0.0,0.033333391789201715,0.0
551.3000000000568,42.05438928,18.800015040000005,0.0,0.033333391789201715,0.0
551.4000000000568,42.05438928,18.800015040000005,0.0,0.02464411433325988,0.0
551.5000000000568,42.05438928,18.800015040000005,0.0,0.022222261192802923,0.0
551.6000000000569,42.0932170379444,18.817372620167532,0.0,0.030901059553313504,0.17357596721021162
551.7000000000569,42.10409896,18.822237280000003,0.0,0.033333391789201715,0.04864664471776428
551.8000000000569,42.06641216062286,18.80538975451622,0.0,0.024909621013776386,-0.1684754155085066
551.9000000000569,42.05438928,18.800015040000005,0.0,0.022222261192802923,-0.05374719641946932
552.000000000057,42.093405106901734,18.81745669460749,0.0,0.030943096813382108,0.17441671241158377
552.100000000057,42.10409896,18.822237280000003,0.0,0.02456041554850631,0.04780589951639213
552.200000000057,42.10409896,18.822237280000003,0.0,0.022222261192799363,0.0
552.300000000057,42.10409896,18.822237280000003,0.0,0.013484344849112012,0.0
552.400000000057,42.10409896,18.822237280000003,0.0,0.011111130596398795,0.0
552.5000000000571,42.10409896,18.822237280000003,0.0,0.011111130596398795,0.0
552.6000000000571,42.10409896,18.822237280000003,0.0,0.011111130596398795,0.0
552.7000000000571,42.10409896,18.822237280000003,0.0,0.011111130596398795,0.0
552.8000000000571,42.10409896,18.822237280000003,0.0,0.011111130596398795,0.0
552.9000000000572,42.14266852920432,18.839479439345123,0.0,0.019732218490668772,0.17242175788539954
553.0000000000572,42.15380864,18.84445952,0.0,0.022222261192797594,0.04980085404257638
553.1000000000572,42.15380864,18.84445952,0.0,0.022222261192797594,0.0
553.2000000000572,42.1150084741993,18.82711427463807,0.0,0.013549630240966953,-0.17345261903661283
553.3000000000573,42.14268737887183,18.839487865909835,0.0,0.01973643177704277,0.12373603072151636
553.4000000000573,42.15380864,18.84445952,0.0,0.022222261192797594,0.04971658831509648
553.5000000000573,42.15380864,18.84445952,0.0,0.022222261192797594,0.0
553.6000000000573,42.15380864,18.84445952,0.0,0.013543462832287013,0.0
553.7000000000573,42.15380864,18.84445952,0.0,0.011111130596398799,0.0
553.8000000000574,42.15380864,18.84445952,0.0,0.019534901371824127,0.0
553.9000000000574,42.15380864,18.84445952,0.0,0.022222261192797594,0.0
554.0000000000574,42.15380864,18.84445952,0.0,0.013501425572218406,0.0
554.1000000000574,42.15380864,18.84445952,0.0,0.011111130596398799,0.0
554.2000000000575,42.15380864,18.84445952,0.0,0.011111130596398799,0.0
554.3000000000575,42.15380864,18.84445952,0.0,0.011111130596398799,0.0
554.4000000000575,42.15380864,18.84445952,0.0,0.011111130596398799,0.0
554.5000000000575,42.15380864,18.84445952,0.0,0.011111130596398799,0.0
554.6000000000575,42.15380864,18.84445952,0.0,0.011111130596398799,0.0
554.7000000000576,42.15380864,18.84445952,0.0,0.011111130596398799,0.0
554.8000000000576,42.15380864,18.84445952,0.0,0.011111130596398799,0.0
554.9000000000576,42.15380864,18.84445952,0.0,0.0024900427021288195,0.0
555.0000000000576,42.15380864,18.84445952,0.0,6.938893903907229e-19,0.0
555.1000000000577,42.15380864,18.84445952,0.0,6.938893903907229e-19,0.0
555.2000000000577,42.15380864,18.84445952,0.0,0.008672630951830643,0.0
555.3000000000577,42.15380864,18.84445952,0.0,0.002485829415754824,0.0
555.4000000000577,42.15380864,18.84445952,0.0,0.0,0.0
555.5000000000578,42.15380864,18.84445952,0.0,0.0,0.0
555.6000000000578,42.15380864,18.84445952,0.0,0.0,0.0
555.7000000000578,42.15380864,18.84445952,0.0,0.0,0.0
555.8000000000578,42.15380864,18.84445952,0.0,0.0,0.0
555.9000000000578,42.15380864,18.84445952,0.0,0.0,0.0
556.0000000000579,42.15380864,18.84445952,0.0,0.0,0.0
556.1000000000579,42.15380864,18.84445952,0.0,0.0,0.0
556.2000000000579,42.15380864,18.84445952,0.0,0.0,0.0
556.3000000000579,42.15380864,18.84445952,0.0,0.0,0.0
556.400000000058,42.15380864,18.84445952,0.0,0.0,0.0
556.500000000058,42.15380864,18.84445952,0.0,0.0,0.0
556.600000000058,42.15380864,18.84445952,0.0,0.0,0.0
556.700000000058,42.15380864,18.84445952,0.0,0.0,0.0
556.800000000058,42.15380864,18.84445952,0.0,0.0,0.0
556.9000000000581,42.15380864,18.84445952,0.0,0.0,0.0
557.0000000000581,42.15380864,18.84445952,0.0,0.0,0.0
557.1000000000581,42.15380864,18.84445952,0.0,0.0,0.0
557.2000000000581,42.15380864,18.84445952,0.0,0.0,0.0
557.3000000000582,42.15380864,18.84445952,0.0,0.0,0.0
557.4000000000582,42.15380864,18.84445952,0.0,0.0,0.0
557.5000000000582,42.15380864,18.84445952,0.0,0.0,0.0
557.6000000000582,42.15380864,18.84445952,0.0,0.0,0.0
557.7000000000583,42.15380864,18.84445952,0.0,0.0,0.0
557.8000000000583,42.15380864,18.84445952,0.0,0.0,0.0
557.9000000000583,42.15380864,18.84445952,0.0,0.0,0.0
558.0000000000583,42.15380864,18.84445952,0.0,0.0,0.0
558.1000000000583,42.15380864,18.84445952,0.0,0.0,0.0
558.2000000000584,42.15380864,18.84445952,0.0,0.0,0.0
558.3000000000584,42.15380864,18.84445952,0.0,0.0,0.0
558.4000000000584,42.15380864,18.84445952,0.0,0.0,0.0
558.5000000000584,42.15380864,18.84445952,0.0,0.0,0.0
558.6000000000585,42.15380864,18.84445952,0.0,0.0,0.0
558.7000000000585,42.15380864,18.84445952,0.0,0.0,0.0
558.8000000000585,42.15380864,18.84445952,0.0,0.0,0.0
558.9000000000585,42.15380864,18.84445952,0.0,0.0,0.0
559.0000000000585,42.15380864,18.84445952,0.0,0.0,0.0
559.1000000000586,42.15380864,18.84445952,0.0,0.0,0.0
559.2000000000586,42.15380864,18.84445952,0.0,0.0,0.0
559.3000000000586,42.15380864,18.84445952,0.0,0.0,0.0
559.4000000000586,42.15380864,18.84445952,0.0,0.0,0.0
559.5000000000587,42.15380864,18.84445952,0.0,0.0,0.0
559.6000000000587,42.15380864,18.84445952,0.0,0.0,0.0
559.7000000000587,42.15380864,18.84445952,0.0,0.0,0.0
559.8000000000587,42.15380864,18.84445952,0.0,0.0,0.0
559.9000000000588,42.15380864,18.84445952,0.0,0.0,0.0
560.0000000000588,42.15380864,18.84445952,0.0,0.0,0.0
560.1000000000588,42.15380864,18.84445952,0.0,0.0,0.0
560.2000000000588,42.15380864,18.84445952,0.0,0.0,0.0
560.3000000000588,42.15380864,18.84445952,0.0,0.0,0.0
560.4000000000589,42.15380864,18.84445952,0.0,0.0,0.0
560.5000000000589,42.15380864,18.84445952,0.0,0.0,0.0
560.6000000000589,42.15380864,18.84445952,0.0,0.0,0.0
560.7000000000589,42.15380864,18.84445952,0.0,0.0,0.0
560.800000000059,42.15380864,18.84445952,0.0,0.0,0.0
560.900000000059,42.15380864,18.84445952,0.0,0.0,0.0
561.000000000059,42.15380864,18.84445952,0.0,0.0,0.0
561.100000000059,42.15380864,18.84445952,0.0,0.0,0.0
561.200000000059,42.117658527230084,18.828298955659207,0.0,-0.008080289876361838,-0.16160579752723675
561.3000000000591,42.10409896,18.822237280000003,0.0,-0.011111130596398797,-0.06061681440073917
561.4000000000591,42.10409896,18.822237280000003,0.0,-0.011111130596398797,0.0
561.5000000000591,42.10409896,18.822237280000003,0.0,-0.011111130596398797,0.0
561.6000000000591,42.10409896,18.822237280000003,0.0,-0.011111130596398797,0.0
561.7000000000592,42.10409896,18.822237280000003,0.0,-0.011111130596398797,0.0
561.8000000000592,42.10409896,18.822237280000003,0.0,-0.011111130596398797,0.0
561.9000000000592,42.10409896,18.822237280000003,-0.7847536624185523,0.0,0.0
562.0000000000592,42.10409896,18.822237280000003,-1.0,-1.0,0.0
562.1000000000593,42.06500971540322,18.804762804709707,-1.0,-1.0,-0.1747449195527017
562.2000000000593,41.956637897588074,18.756316213528184,-1.0,-1.0,-0.48446637383837293
562.3000000000593,41.722746587298474,18.651757326181293,-1.0,-1.0,-1.0455898706211062
562.4000000000593,41.42203984489372,18.51732923492549,-1.0,-1.0,-1.3442821945654297
562.5000000000593,41.17163259058485,18.405387051773385,-1.0,-1.0,-1.1194228990859272
562.6000000000594,40.925943655668824,18.295554148462635,-1.0,-0.7524051911743176,-1.0983300805566856
562.7000000000594,40.64148987876257,18.16839179096371,-1.0,-0.8173076407406715,-1.2716247877051492
562.8000000000594,40.3673990426003,18.04586208763432,-1.0,-0.8626399253060789,-1.225298201829338
562.9000000000594,40.08912197670265,17.921460970087935,-1.0,-0.9007771689601188,-1.2440123618464782
563.0000000000595,39.82010854439579,17.801201071896134,-1.0,-0.9282156198552776,-1.202600128806864
563.1000000000595,39.57215335635334,17.690355061663833,-1.0,-0.9432360814868334,-1.1084611594339464
563.2000000000595,39.352916816475016,17.592347450149422,-1.0,-0.9460700021277251,-0.9800770498184256
563.3000000000595,39.12547121794054,17.490670056982204,-1.0,-0.9511203520717657,-1.0167749013442926
563.4000000000595,38.9137211059197,17.396009181889987,-1.0,-0.9508196388456134,-0.9466096536794809
563.5000000000596,38.68609126567313,17.294249425216417,-1.0,-0.9549933199923428,-1.0175985371932845
563.6000000000596,38.45885997516596,17.192667836416007,-1.0,-0.9585711750964727,-1.0158168567625523
563.7000000000596,38.259090385746816,17.10336274008922,-1.0,-0.9549312106438043,-0.8930518149484399
563.8000000000596,38.059667583883105,17.0142126718432,-1.0,-0.9515928065395155,-0.8915015326623192
563.9000000000597,37.86166291813731,16.92569656787064,-1.0,-0.9482712604066268,-0.8851618838817428
564.0000000000597,37.666968978352585,16.83866049247362,-1.0,-0.9917893396072129,-0.8703615840117205
564.1000000000597,37.46742707248297,16.74945717991373,-1.0,-1.0276537924450166,-0.8920339763087781
564.2000000000597,37.26657044635391,16.659666134157046,-1.0,-1.0483260394471878,-0.8979113138817958
564.3000000000598,37.06683316112698,16.570375479112368,-1.0,-1.0406919160156145,-0.8929074019896377
564.4000000000598,36.8733460025082,16.48387888376626,-1.0,-1.0167261452052276,-0.8649667783576886
564.5000000000598,36.645570870387225,16.3820541757411,-1.0,-1.0116674028173613,-1.0182480513286052
564.6000000000598,36.41972646052673,16.281092578752784,-1.0,-1.007231745425972,-1.0096169327289024
564.7000000000598,36.22063792578247,16.192091941445618,-1.0,-0.9881508671331488,-0.8900072218486856
564.8000000000599,36.02257719926972,16.10355077603999,-1.0,-0.971156581964253,-0.8854124984514221
564.9000000000599,35.83055791968144,16.01771038206365,-1.0,-0.9518762017920279,-0.8584047584019769
565.0000000000599,35.60185534374695,15.915471069096144,-1.0,-0.9428659005869884,-1.0223941047060687
565.1000000000599,35.37561143406321,15.814330879508717,-1.0,-0.9380129856364514,-1.011402860423207
565.20000000006,35.177411966733914,15.725727691339658,-1.0,-0.9333107694793918,-0.886032726677236
565.30000000006,34.94949202747595,15.623838248660164,-1.0,-0.9334167943366433,-1.01889539848932
565.40000000006,34.73150929629071,15.526391140405718,-1.0,-0.9348099122463388,-0.9744720118733912
565.50000000006,34.5045842604468,15.424946459841852,-1.0,-0.9346523740412467,-1.0144477730914423
565.60000000006,34.282952510409345,15.325868092390033,-1.0,-0.9334007621733205,-0.9907846194040321
565.7000000000601,34.083593806078525,15.236746678336907,-1.0,-0.933308920948904,-0.8912149904601113
565.8000000000601,33.85576118450374,15.134896270197807,-1.0,-0.9396590969514437,-1.0185050527131105
565.9000000000601,33.636067808931145,15.036684434628066,-1.0,-0.944506967373324,-0.9821192923193504
566.0000000000601,33.43711364435105,14.947743866225728,-1.0,-0.9454592147841151,-0.8894065322275433
566.1000000000602,33.2085801117944,14.845580122493686,-1.0,-0.9519394365502132,-1.0216384116307355
566.2000000000602,32.98973960418487,14.747749553441126,-1.0,-0.9559592020316984,-0.9783066235114987
566.3000000000602,32.77323407292696,14.65096281337479,-1.0,-0.9597072481169431,-0.9678683236945311
566.4000000000602,32.559146166441366,14.555256849485653,-1.0,-0.9643119367798303,-0.9570605516154295
566.5000000000603,32.32462270801271,14.450415366321176,-1.0,-0.9658203257880015,-1.0484158314920287
566.6000000000603,32.09575369484225,14.348101649169163,-1.0,-0.9664963865145912,-1.023138147260703
566.7000000000603,31.8971421042192,14.259314225198475,-1.0,-0.9663897797446841,-0.8878750864505445
566.8000000000603,31.66900574219028,14.157328032776123,-1.0,-0.9731122996641417,-1.0198628968405705
566.9000000000603,31.449344264607067,14.059130456899377,-1.0,-0.9792908965067136,-0.9819766952534151
567.0000000000604,31.221885414824477,13.957447139887627,-1.0,-0.9790128982637152,-1.0168341398461003
567.1000000000604,31.006184027416374,13.86101988468671,-1.0,-0.9766564288231552,-0.9642734716120105
567.2000000000604,30.77822078856585,13.759111085335887,-1.0,-0.9833092407586538,-1.0190889653872088
567.3000000000604,30.555085577916405,13.659360610106464,-1.0,-0.9822397560136773,-0.9975057035897926
567.4000000000605,30.326115114743185,13.557001540694905,-1.0,-0.9846957389344416,-1.0235916702886767
567.5000000000605,30.10620625802584,13.45869337632735,-1.0,-0.9831274793406777,-0.9830825812161627
567.6000000000605,29.87814500944362,13.356740762657463,-1.0,-0.9845646038202605,-1.0195271089956905
567.7000000000605,29.658974817310984,13.25876281127219,-1.0,-0.9889928767094638,-0.9797804482441791
567.8000000000605,29.441879640004245,13.161712475543757,-1.0,-0.9865928382152752,-0.9705042828293377
567.9000000000606,29.218740838973574,13.06196039526853,-1.0,-0.987362961302465,-0.9975217540631466
568.0000000000606,28.984419669411253,12.95720934341918,-1.0,-0.9952682105650048,-1.04751151747833
568.1000000000606,28.765460186594343,12.859325587630908,-1.0,-0.9931282145522606,-0.9788384913758527
568.2000000000606,28.537647334525325,12.757484017261469,-1.0,-0.9951337171232965,-1.0184166749322172
568.3000000000607,28.317322868987073,12.658990058920503,-1.0,-0.9959873270746764,-0.9849405227221316
568.4000000000607,28.127051260446738,12.573930944676167,-1.0,-0.990663897175458,-0.8505919536310598
568.5000000000607,27.899066225357988,12.472012401524196,-1.0,-0.9892024257754368,-1.0191864034916058
568.6000000000607,27.679036393536904,12.373650156386274,-1.0,-0.987226687884181,-0.9836233894355859
568.7000000000608,27.451335045081994,12.271858432647786,-1.0,-0.9937288439690203,-1.0179182081473335
568.8000000000608,27.194585851493517,12.157081145814926,-1.0,-1.0001243972735492,-1.1477739629311476
568.9000000000608,26.983741530158706,12.062825195840208,-1.0,-0.9981535824430197,-0.9425603986428236
569.0000000000608,26.756483252752936,11.961231542803262,-1.0,-0.998108750412863,-1.0159374992429657
569.1000000000608,26.528555284765197,11.859338510956428,-1.0,-1.000841641342109,-1.0189312901969334
569.2000000000609,26.3024294871578,11.758251122250186,-1.0,-1.0004309356281387,-1.0108748511078027
569.3000000000609,26.081167080024553,11.659337866033434,-1.0,-1.0000123257225866,-0.9891335054787426
569.4000000000609,25.85153991872078,11.55668522596391,-1.0,-1.0001591111915542,-1.0265273796680328
569.5000000000609,25.63252961314959,11.458778750346358,-1.0,-0.9999582666250124,-0.9790656898853275
569.600000000061,25.404498639785743,11.356839670925108,-1.0,-0.99995149949424,-1.0193917663802439
569.700000000061,25.15563361910059,11.245586928656992,-1.0,-1.006588901265581,-1.1125284836709988
569.800000000061,24.94416913584876,11.15105374119133,-1.0,-1.005330325933925,-0.9453327761962166
569.900000000061,24.71607248568645,11.04908530158152,-1.0,-1.0064385066580597,-1.0196853685458396
570.000000000061,24.489265511784122,10.947693399486571,-1.0,-1.0047589301790905,-1.0139199878989456
570.1000000000611,24.265843119326952,10.8478145423594,-1.0,-1.005756481799879,-0.9987895237916301
570.2000000000611,24.014862607636893,10.735616089943306,-1.0,-1.0109349277617572,-1.1219855941697774
570.3000000000611,23.79716319200088,10.638295635212492,-1.0,-1.0103481753971113,-0.9732054754292129
570.4000000000611,23.59756513318169,10.549067220010178,-1.0,-1.0124328278641799,-0.8922850029724275
570.5000000000612,23.369742971265598,10.447221487762086,-1.0,-1.0123964223775217,-1.0184582937584405
570.6000000000612,23.148087082071015,10.348132329129493,-1.0,-1.0127598794714767,-0.9908925313146835
570.7000000000612,22.920278992172843,10.246292887643273,-1.0,-1.0127837383680962,-1.0183953860797241
570.8000000000612,22.70087070950425,10.148208500146728,-1.0,-1.0044372807401367,-0.9808448103719554
570.9000000000613,22.47673402209424,10.048010324249594,-1.0,-1.0074083965348213,-1.00198271453652
571.0000000000613,22.25576776944359,9.949229461079616,-1.0,-1.0060020002600925,-0.9878095737483981
571.1000000000613,22.025781141028162,9.846416124654226,-1.0,-1.006462152988207,-1.0281343447592188
571.2000000000613,21.80605544567897,9.74818984083553,-1.0,-1.005031599180152,-0.9822637749467032
571.3000000000613,21.578219025920525,9.646337734754521,-1.0,-1.0065010255136337,-1.018522032148383
571.4000000000614,21.35762112767583,9.547721540920863,-1.0,-1.0044828004709718,-0.986162878814792
571.5000000000614,21.130067342169454,9.445995783796068,-1.0,-1.0063924430457702,-1.0172585413812933
571.6000000000614,20.91141992306389,9.348251533124078,-1.0,-1.004295026670888,-0.9774434388826067
571.7000000000614,20.683597091990194,9.246405501735442,-1.0,-0.9995916667456747,-1.0184612851667278
571.8000000000615,20.463060661565756,9.147816786506633,-1.0,-1.001619432561076,-0.9858880925042424
571.9000000000615,20.234122738190038,9.045472263702285,-1.0,-1.0018074743376761,-1.0234462040778372
572.0000000000615,20.016612945929595,8.948236578299326,-1.0,-0.9997293640098404,-0.9723577813422304
572.1000000000615,19.788786723468625,8.846389030823241,-1.0,-1.0007137101230428,-1.01847644605568
572.2000000000616,19.568275666111372,8.747811658382972,-1.0,-0.9939031636400874,-0.9857746645106736
572.3000000000616,19.34119582759456,8.646297774755439,-1.0,-0.995999880088031,-1.0151398043880857
572.4000000000616,19.092979887152982,8.535335197641315,-1.0,-1.0068669714076022,-1.1096268293638507
572.5000000000616,18.873246751620723,8.43710558775949,-1.0,-1.0050589085001653,-0.9822970356097034
572.6000000000616,18.64546681880967,8.335278733631458,-0.4174485887242554,-1.018269512377795,-1.018269512377795
572.7000000000617,18.42600220556924,8.237169164088142,0.0,-0.981096631079824,-0.981096631079824
572.8000000000617,18.313951226885784,8.18707783900742,0.0,-0.7410051797977986,-0.5009137285157732
572.9000000000617,18.26397190176815,8.164735056720307,0.0,-0.5684794651814368,-0.22342803594871338
573.0000000000617,18.272788772117664,8.168676554813953,0.0,-0.4165058442546908,0.03941501852554719
573.1000000000618,18.320507782446185,8.190008884856772,0.0,-0.2905399746298853,0.21332350386933654
573.2000000000618,18.370592377447796,8.212398727045025,0.0,-0.20480020629008508,0.22389863540891602
573.3000000000618,18.42178569731579,8.235284214147402,0.0,-0.14284944978050323,0.22885508927698783
573.4000000000618,18.44229128,8.244451040000001,0.0,-0.11353472531447292,0.09166834594773919
573.5000000000618,18.471434242538276,8.257479124426144,0.0,-0.086444092667638,0.1302809685070414
573.6000000000619,18.492000960000002,8.266673280000001,0.0,-0.06860551905877897,0.09194164342095226
573.7000000000619,18.492000960000002,8.266673280000001,0.0,-0.06236865368979907,0.0
573.8000000000619,18.521203738812595,8.27972810472308,0.0,-0.04629223490469713,0.13054837173142422
573.9000000000619,18.51250852093942,8.275840990212789,0.0,-0.045721384694594636,-0.03887118217336476
574.000000000062,18.492000960000002,8.266673280000001,0.0,-0.04900394218484212,-0.09167718955805947
574.100000000062,18.492000960000002,8.266673280000001,0.0,-0.04573701270585265,0.0
574.200000000062,18.462996435524595,8.25370708299414,0.0,-0.050982330268863014,-0.1296620937140185
574.300000000062,18.44229128,8.244451040000001,0.0,-0.0534281060303402,-0.09256051821397518
574.400000000062,18.44229128,8.244451040000001,0.0,-0.05045987791754352,0.0
574.5000000000621,18.44229128,8.244451040000001,0.0,-0.04780409486925176,0.0
574.6000000000621,18.413159737125667,8.23142806062609,0.0,-0.051925386022591155,-0.13022991793603966
574.7000000000621,18.392581600000007,8.222228800000003,0.0,-0.007470189168196789,-0.09199269399193626
574.8000000000621,18.392581600000007,8.222228800000003,0.0,0.017575497257591874,0.0
574.9000000000622,18.363362497166854,8.209166677778677,0.0,0.022215831715853333,-0.1306213467834844
575.0000000000622,18.34287192,8.20000656,0.0,0.01566501753234873,-0.09160126514454482
575.1000000000622,18.313654110469383,8.186945015937281,0.0,-0.0015319359207130324,-0.13061556519189851
575.2000000000622,18.29316224,8.17778432,0.0,-0.017307220027963588,-0.09160704673609517
575.3000000000623,18.26398344680749,8.164740217820418,0.0,-0.035272031801522954,-0.13044114619419944
575.4000000000623,18.24345256,8.155562080000001,0.0,-0.04444452238559963,-0.09178146573379424
575.5000000000623,18.24345256,8.155562080000001,0.0,-0.050958570810951696,0.0
575.6000000000623,18.214367968718093,8.142560089889253,0.0,-0.062056654237211295,-0.13002002510423952
575.7000000000623,18.164642748986694,8.12033090300002,0.0,-0.07317125828153989,-0.22229208088657196
575.8000000000624,18.1440332,8.1111176,0.0,-0.08430533276137078,-0.09213311786519365
575.9000000000624,18.1440332,8.1111176,0.0,-0.08236177365270254,0.0
576.0000000000624,18.1440332,8.1111176,0.0,-0.07777791417479958,0.0
576.1000000000624,18.114974393312878,8.098127136647292,0.0,-0.08427315204549492,-0.12990475741390667
576.2000000000625,18.09432352,8.08889536,0.0,-0.08240594008549833,-0.09231785451408703
576.3000000000625,18.09432352,8.08889536,0.0,-0.07777791417479958,0.0
576.4000000000625,18.09432352,8.08889536,0.0,-0.07777791417479958,0.0
576.5000000000625,18.09432352,8.08889536,0.0,-0.07777791417479958,0.0
576.6000000000626,18.09432352,8.08889536,0.0,-0.07126641827799758,0.0
576.7000000000626,18.065365362721874,8.075949891009005,0.0,-0.07313952424678509,-0.12945481336768644
576.8000000000626,18.04461384,8.06667312,0.0,-0.07777791417480046,-0.09276779856030724
576.9000000000626,18.04461384,8.06667312,0.0,-0.07124684683562624,0.0
577.0000000000626,18.04461384,8.06667312,0.0,-0.06666678357839899,0.0
577.1000000000627,18.04461384,8.06667312,0.0,-0.060136005318804066,0.0
577.2000000000627,18.04461384,8.06667312,0.0,-0.05555565298199931,0.0
577.3000000000627,18.04461384,8.06667312,0.0,-0.04903359567228934,0.0
577.4000000000627,18.04461384,8.06667312,0.0,-0.04444452238559963,0.0
577.5000000000628,18.04461384,8.06667312,0.0,-0.04444452238559963,0.0
577.6000000000628,18.04461384,8.06667312,0.0,-0.037943521130387646,0.0
577.7000000000628,18.04461384,8.06667312,0.0,-0.02682891708605905,0.0
577.8000000000628,18.04461384,8.06667312,0.0,-0.02222226119279937,0.0
577.9000000000628,18.04461384,8.06667312,0.0,-0.02222226119279937,0.0
578.0000000000629,18.015325779377527,8.053580170854339,0.0,-0.02876874200884096,-0.1309296163208318
578.1000000000629,17.994904160000008,8.044450880000005,0.0,-0.026838153918501945,-0.09129299560712634
578.2000000000629,17.994904160000008,8.044450880000005,0.0,-0.022222261192797594,0.0
578.3000000000629,17.994904160000008,8.044450880000005,0.0,-0.022222261192797594,0.0
578.400000000063,17.994904160000008,8.044450880000005,0.0,-0.022222261192797594,0.0
578.500000000063,17.994904160000008,8.044450880000005,0.0,-0.022222261192797594,0.0
578.600000000063,17.994904160000008,8.044450880000005,0.0,-0.022222261192797594,0.0
578.700000000063,17.994904160000008,8.044450880000005,0.0,-0.01574952052441327,0.0
578.800000000063,17.994904160000008,8.044450880000005,0.0,-0.011111130596397907,0.0
578.9000000000631,17.994904160000008,8.044450880000005,0.0,-0.011111130596397907,0.0
579.0000000000631,17.966728973408564,8.031855430613088,0.0,-0.017408861295840055,-0.12595461398884297
579.1000000000631,17.973570340980764,8.034913798965441,0.0,-0.01587967566131879,0.030583712690425324
579.2000000000631,17.965777708809885,8.031430176815128,0.0,-0.017621488397597224,-0.03483625472556867
579.3000000000632,17.945194479999998,8.02222864,0.0,-0.022222261192800255,-0.09201545590406064
579.4000000000632,17.945194479999998,8.02222864,0.0,-0.022222261192800255,0.0
579.5000000000632,17.945194479999998,8.02222864,0.0,-0.022222261192800255,0.0
579.6000000000632,17.945194479999998,8.02222864,0.0,-0.022222261192800255,0.0
579.7000000000633,17.945194479999998,8.02222864,0.0,-0.022222261192800255,0.0
579.8000000000633,17.945194479999998,8.02222864,0.0,-0.022222261192800255,0.0
579.9000000000633,17.945194479999998,8.02222864,0.0,-0.022222261192800255,0.0
580.0000000000633,17.945194479999998,8.02222864,0.0,-0.015675780376758666,0.0
580.1000000000633,17.945194479999998,8.02222864,0.0,-0.011111130596402346,0.0
580.2000000000634,17.945194479999998,8.02222864,0.0,-0.011111130596402346,0.0
580.3000000000634,17.945194479999998,8.02222864,0.0,-0.011111130596402346,0.0
580.4000000000634,17.945194479999998,8.02222864,0.0,-0.011111130596402346,0.0
580.5000000000634,17.945194479999998,8.02222864,0.0,-0.011111130596402346,0.0
580.6000000000635,17.945194479999998,8.02222864,0.0,-0.011111130596402346,0.0
580.7000000000635,17.945194479999998,8.02222864,0.0,-0.011111130596402346,0.0
580.8000000000635,17.945194479999998,8.02222864,0.0,-0.011111130596402346,0.0
580.9000000000635,17.945194479999998,8.02222864,0.0,-0.011111130596402346,0.0
581.0000000000636,17.945194479999998,8.02222864,0.0,-0.004813399896960199,0.0
581.1000000000636,17.916328116883758,8.009324206716657,0.0,-0.012794808326471802,-0.1290444558998067
581.2000000000636,17.924526221160104,8.012989091318088,0.0,-0.0092205515419231,0.03664888096540535
581.3000000000636,17.915965481439457,8.009162093987793,0.0,-0.006533279236723791,-0.038270009800074445
581.4000000000636,17.895484800000002,8.0000064,0.0,-0.011111130596399685,-0.09155702719351788
581.5000000000637,17.895484800000002,8.0000064,0.0,-0.011111130596399685,0.0
581.6000000000637,17.895484800000002,8.0000064,0.0,-0.011111130596399685,0.0
581.7000000000637,17.924177679911786,8.012833279265585,0.0,-0.004697684847268577,0.12826891498262216
581.8000000000637,17.917768449655167,8.009968093793102,0.0,-0.0061302789497385225,-0.02865188204939892
581.9000000000638,17.895484800000002,8.0000064,0.0,-0.011111130596399685,-0.09961703293322323
582.0000000000638,17.895484800000002,8.0000064,0.0,-0.011111130596399685,0.0
582.1000000000638,17.895484800000002,8.0000064,0.0,-0.011111130596399685,0.0
582.2000000000638,17.895484800000002,8.0000064,0.0,-0.011111130596399685,0.0
582.3000000000638,17.895484800000002,8.0000064,0.0,-0.011111130596399685,0.0
582.4000000000639,17.895484800000002,8.0000064,0.0,-0.011111130596399685,0.0
582.5000000000639,17.895484800000002,8.0000064,0.0,-0.011111130596399685,0.0
582.6000000000639,17.895484800000002,8.0000064,0.0,-0.011111130596399685,0.0
582.7000000000639,17.914705598387414,8.008598875243388,0.0,-0.006814888877490347,0.08592483437818678
582.800000000064,17.925936042851998,8.013619338706414,0.0,-0.004304654752031431,0.050204682509178304
582.900000000064,17.895484800000002,8.0000064,0.0,-0.011111130596399685,-0.13612951688736508
583.000000000064,17.895484800000002,8.0000064,0.0,-0.011111130596399685,0.0
583.100000000064,17.895484800000002,8.0000064,0.0,-0.004658907801409348,0.0
583.200000000064,17.895484800000002,8.0000064,0.0,-0.006491351849679616,0.0
583.3000000000641,17.895484800000002,8.0000064,0.0,-0.004577851359675892,0.0
583.4000000000641,17.895484800000002,8.0000064,0.0,1.3877787807814458e-18,0.0
583.5000000000641,17.895484800000002,8.0000064,0.0,1.3877787807814458e-18,0.0
583.6000000000641,17.895484800000002,8.0000064,0.0,1.3877787807814458e-18,0.0
583.7000000000642,17.895484800000002,8.0000064,0.0,-0.006413445749131108,0.0
583.8000000000642,17.895484800000002,8.0000064,0.0,-0.004980851646661161,0.0
583.9000000000642,17.895484800000002,8.0000064,0.0,0.0,0.0
584.0000000000642,17.895484800000002,8.0000064,0.0,0.0,0.0
584.1000000000643,17.895484800000002,8.0000064,0.0,0.0,0.0
584.2000000000643,17.895484800000002,8.0000064,0.0,0.0,0.0
584.3000000000643,17.895484800000002,8.0000064,0.0,0.0,0.0
584.4000000000643,17.895484800000002,8.0000064,0.0,0.0,0.0
584.5000000000643,17.895484800000002,8.0000064,0.0,0.0,0.0
584.6000000000644,17.895484800000002,8.0000064,0.0,0.0,0.0
584.7000000000644,17.895484800000002,8.0000064,0.0,-0.004296241718909338,0.0
584.8000000000644,17.895484800000002,8.0000064,0.0,-0.0068064758443682535,0.0
584.9000000000644,17.895484800000002,8.0000064,0.0,0.0,0.0
585.0000000000645,17.895484800000002,8.0000064,0.0,0.0,0.0
585.1000000000645,17.895484800000002,8.0000064,0.0,0.0,0.0
585.2000000000645,17.895484800000002,8.0000064,0.0,0.0,0.0
585.3000000000645,17.895484800000002,8.0000064,0.0,0.0,0.0
585.4000000000646,17.895484800000002,8.0000064,0.0,0.0,0.0
585.5000000000646,17.895484800000002,8.0000064,0.0,0.0,0.0
585.6000000000646,17.895484800000002,8.0000064,0.0,0.0,0.0
585.7000000000646,17.895484800000002,8.0000064,0.0,0.0,0.0
585.8000000000646,17.895484800000002,8.0000064,0.0,0.0,0.0
585.9000000000647,17.895484800000002,8.0000064,0.0,0.0,0.0
586.0000000000647,17.895484800000002,8.0000064,0.0,0.0,0.0
586.1000000000647,17.895484800000002,8.0000064,0.0,0.0,0.0
586.2000000000647,17.895484800000002,8.0000064,0.0,0.0,0.0
586.3000000000648,17.895484800000002,8.0000064,0.1923752584821159,0.0,0.0
586.4000000000648,17.895484800000002,8.0000064,0.5,0.0,0.0
586.5000000000648,17.914858988340942,8.008667446764285,0.5,0.04330527512055324,0.08661055024110648
586.6000000000648,17.983715722507718,8.039449195354706,0.5,0.13147610990107542,0.30781777946211974
586.7000000000648,18.08291886588065,8.083797017766512,0.5,0.2094767441888713,0.44347864705225903
586.8000000000649,18.20150901509847,8.136811616885923,0.5,0.2736106947073388,0.5301464967812088
586.9000000000649,18.350049248417488,8.203215116455247,0.5,0.33868151708394295,0.6640356289669636
587.0000000000649,18.499291328442904,8.26993236992427,0.5,0.3856088962085427,0.6671731709561413
587.1000000000649,18.64920388569506,8.336949353865247,0.5,0.42117909399924314,0.6701704785341462
587.200000000065,18.779266385671736,8.395092558357444,0.5,0.4389850390459167,0.5814325994193047
587.300000000065,18.897784455974683,8.448074935283005,0.5,0.44806896259486634,0.5298242745354136
587.400000000065,19.02739375772204,8.50601554181401,0.5,0.4600087494385388,0.5794066178752633
587.500000000065,19.14602061289463,8.559046549981646,0.5,0.4658672359369896,0.5303105874199486
587.600000000065,19.276485340114647,8.617369566340185,0.5,0.4748951962339557,0.5832307197975489
587.7000000000651,19.375958857043965,8.661838256680726,0.5,0.4727374913238366,0.4446873274922877
587.8000000000651,19.494328088962213,8.714754096820974,0.5,0.4764989189720964,0.5291589060477344
587.9000000000651,19.643035823011033,8.781232475999618,0.5,0.4882667631472325,0.6647844257742735
588.0000000000651,19.75410851872619,8.830886468977027,0.5,0.4887534478628028,0.49654040331192767
588.1000000000652,19.839111216914564,8.868886117331021,0.5,0.48271141442226756,0.37999684593316946
588.2000000000652,19.967928674530995,8.926472737469034,0.5,0.48761432685106704,0.575866750569456
588.3000000000652,20.071411870396958,8.972733916669956,0.30682419200365985,0.4626122331906251,0.4626122331906251
588.4000000000652,20.17077067009831,9.017151323764015,0.0,0.444174494538398,0.444174494538398
588.5000000000653,20.25104043977487,9.053035161408859,0.0,0.4015066066010552,0.35883871866371236
588.6000000000653,20.28154944,9.066673920000001,0.0,0.31313364306099795,0.13638771598088345
588.7000000000653,20.262304810047123,9.05807079108177,0.0,0.21334238948869227,-0.08603137122822477
588.8000000000653,20.231839760000003,9.044451680000002,0.0,0.14343566345100003,-0.1361912406997689
588.9000000000653,20.212741204682736,9.035913852359316,0.0,0.10529999323749996,-0.0853783578300004
589.0000000000654,20.182130079999997,9.02222944,0.0,0.07070795790385553,-0.13684425409801104
589.1000000000654,20.162921668619973,9.013642502250539,0.0,0.0511357807426096,-0.08586945938611197
589.2000000000654,20.1324204,9.0000072,0.0,0.03030367704433279,-0.1363531525418817
589.3000000000654,20.1324204,9.0000072,0.0,0.02727330933989951,0.0
589.4000000000655,20.114171592058952,8.9918492438478,0.0,0.017377586734235454,-0.08157963932240507
589.5000000000655,20.08271072,8.977784960000001,0.0,0.004209206789250117,-0.1406429726055886
589.6000000000655,20.08271072,8.977784960000001,0.0,0.0038854216516154925,0.0
589.7000000000655,20.08271072,8.977784960000001,0.0,0.0036078915336429573,0.0
589.8000000000656,20.08271072,8.977784960000001,0.0,0.0033673654314000934,0.0
589.9000000000656,20.08271072,8.977784960000001,0.0,0.0031569050919375875,0.0
590.0000000000656,20.08271072,8.977784960000001,0.0,0.002971204792411847,0.0
590.1000000000656,20.08271072,8.977784960000001,0.0,0.0028061378595000777,0.0
590.2000000000656,20.08271072,8.977784960000001,0.0,0.0026584463932106,0.0
590.3000000000657,20.08271072,8.977784960000001,0.0,0.00252552407355007,0.0
590.4000000000657,20.08271072,8.977784960000001,0.0,-0.019683200653369835,0.0
590.5000000000657,20.10202797774054,8.986420556480448,0.0,-0.033307334228554634,0.0863560471600163
590.6000000000657,20.1324204,9.0000072,0.0,-0.03333339178919994,0.13586656476797737
590.7000000000658,20.1324204,9.0000072,0.0,-0.0290318232277887,0.0
590.8000000000658,20.1324204,9.0000072,0.0,-0.022222261192800255,0.0
590.9000000000658,20.1324204,9.0000072,0.0,-0.01795334330130023,0.0
591.0000000000658,20.1324204,9.0000072,0.0,-0.011111130596399685,0.0
591.1000000000658,20.1324204,9.0000072,0.0,-0.0068176576270940845,0.0
591.2000000000659,20.1324204,9.0000072,0.0,-1.3877787807814458e-18,0.0
591.3000000000659,20.1324204,9.0000072,0.0,-1.3877787807814458e-18,0.0
591.4000000000659,20.1324204,9.0000072,0.0,0.004078981966120253,0.0
591.5000000000659,20.1324204,9.0000072,0.0,0.011111130596399683,0.0
591.600000000066,20.1324204,9.0000072,0.0,0.011111130596399683,0.0
591.700000000066,20.1324204,9.0000072,0.0,0.011111130596399683,0.0
591.800000000066,20.151712953927348,9.008631752875546,0.0,0.015423411146683655,0.08624561100567944
591.900000000066,20.182130079999997,9.02222944,0.0,0.022222261192799367,0.13597700092231424
592.000000000066,20.182130079999997,9.02222944,0.0,0.022222261192799367,0.0
592.1000000000661,20.182130079999997,9.02222944,0.0,0.022222261192799367,0.0
592.2000000000661,20.182130079999997,9.02222944,0.0,0.022222261192799367,0.0
592.3000000000661,20.182130079999997,9.02222944,0.0,0.022222261192799367,0.0
592.4000000000661,20.182130079999997,9.02222944,0.0,0.022222261192799367,0.0
592.5000000000662,20.182130079999997,9.02222944,0.0,0.017904458834798555,0.0
592.6000000000662,20.182130079999997,9.02222944,0.0,0.011111130596399685,0.0
592.7000000000662,20.182130079999997,9.02222944,0.0,0.011111130596399685,0.0
592.8000000000662,20.182130079999997,9.02222944,0.0,0.011111130596399685,0.0
592.9000000000663,20.182130079999997,9.02222944,0.0,0.011111130596399685,0.0
593.0000000000663,20.182130079999997,9.02222944,0.0,0.011111130596399685,0.0
593.1000000000663,20.182130079999997,9.02222944,0.0,0.011111130596399685,0.0
593.2000000000663,20.182130079999997,9.02222944,0.0,0.011111130596399685,0.0
593.3000000000663,20.182130079999997,9.02222944,0.0,0.011111130596399685,0.0
593.4000000000664,20.199445366094334,9.029970074082879,0.0,0.01498145132886453,0.07740641464929686
593.5000000000664,20.231839760000003,9.044451680000002,0.0,0.02222226119280026,0.1448161972787146
593.6000000000664,20.231839760000003,9.044451680000002,0.0,0.02222226119280026,0.0
593.7000000000664,20.231839760000003,9.044451680000002,0.0,0.02222226119280026,0.0
593.8000000000665,20.231839760000003,9.044451680000002,0.0,0.017909980642516286,0.0
593.9000000000665,20.231839760000003,9.044451680000002,0.0,0.011111130596400573,0.0
594.0000000000665,20.231839760000003,9.044451680000002,0.0,0.011111130596400573,0.0
594.1000000000665,20.231839760000003,9.044451680000002,0.0,0.011111130596400573,0.0
594.2000000000666,20.231839760000003,9.044451680000002,0.0,0.011111130596400573,0.0
594.3000000000666,20.231839760000003,9.044451680000002,0.0,0.011111130596400573,0.0
594.4000000000666,20.231839760000003,9.044451680000002,0.0,0.011111130596400573,0.0
594.5000000000666,20.231839760000003,9.044451680000002,0.0,0.011111130596400573,0.0
594.6000000000666,20.231839760000003,9.044451680000002,0.0,0.011111130596400573,0.0
594.7000000000667,20.231839760000003,9.044451680000002,0.0,0.011111130596400573,0.0
594.8000000000667,20.231839760000003,9.044451680000002,0.0,0.011111130596400573,0.0
594.9000000000667,20.231839760000003,9.044451680000002,0.0,0.011111130596400573,0.0
595.0000000000667,20.231839760000003,9.044451680000002,0.0,0.011111130596400573,0.0
595.1000000000668,20.231839760000003,9.044451680000002,0.0,0.011111130596400573,0.0
595.2000000000668,20.231839760000003,9.044451680000002,0.0,0.011111130596400573,0.0
595.3000000000668,20.231839760000003,9.044451680000002,0.0,0.011111130596400573,0.0
595.4000000000668,20.231839760000003,9.044451680000002,0.0,0.007240809863935729,0.0
595.5000000000668,20.231839760000003,9.044451680000002,0.0,0.0,0.0
595.6000000000669,20.231839760000003,9.044451680000002,0.0,0.0,0.0
595.7000000000669,20.231839760000003,9.044451680000002,0.0,0.0,0.0
595.8000000000669,20.231839760000003,9.044451680000002,0.0,0.0,0.0
595.9000000000669,20.231839760000003,9.044451680000002,0.0,0.0,0.0
596.000000000067,20.231839760000003,9.044451680000002,0.0,0.0,0.0
596.100000000067,20.231839760000003,9.044451680000002,0.0,0.0,0.0
596.200000000067,20.231839760000003,9.044451680000002,0.0,0.0,0.0
596.300000000067,20.231839760000003,9.044451680000002,0.0,0.0,0.0
596.400000000067,20.231839760000003,9.044451680000002,0.0,0.0,0.0
596.5000000000671,20.231839760000003,9.044451680000002,0.0,0.0,0.0
596.6000000000671,20.231839760000003,9.044451680000002,0.0,0.0,0.0
596.7000000000671,20.231839760000003,9.044451680000002,0.0,0.0,0.0
596.8000000000671,20.231839760000003,9.044451680000002,0.0,0.0,0.0
596.9000000000672,20.231839760000003,9.044451680000002,0.5042517249580669,0.0,0.0
597.0000000000672,20.24086756525836,9.048487474539908,2.75,0.04035798388743149,0.04035798388743149
597.1000000000672,20.29969021401411,9.074783580611923,2.75,0.1516596476935177,0.2629613114996039
597.2000000000672,20.418348909022743,9.127828822475655,2.75,0.2779240733012276,0.5304529245166474
597.3000000000673,20.645474247805527,9.229363046564652,2.75,0.4622788572750988,1.0153432091967125
597.4000000000673,21.009960843104782,9.39230331488911,2.75,0.6957039332531905,1.6294042371655573
597.5000000000673,21.467231863909955,9.596721978806832,2.75,0.92045137582222,2.0441885886673674
597.6000000000673,21.942717272318514,9.809283211591936,2.75,1.0926175157040254,2.1256143549948576
597.7000000000673,22.351151223793163,9.9918697278161,2.75,1.1842736891815242,1.8258669035240154
597.8000000000674,22.799066384178595,10.192105943251876,2.75,1.2751726197125706,2.002364063960942
597.9000000000674,23.268374981496127,10.401905891343548,2.75,1.3574555059139977,2.098001481726841
598.0000000000674,23.805890573458566,10.642197128147554,2.75,1.45249724716164,2.402914659638062
598.1000000000674,24.321142385402307,10.8725355536906,2.75,1.5234046809074167,2.3033864521109586
598.2000000000675,24.89858496342199,11.130675770142851,2.75,1.604789292094677,2.5814046263418007
598.3000000000675,25.404173165092658,11.356694170556896,2.75,1.6516033540609099,2.2601861596219393
598.4000000000675,25.977466185168375,11.612979366567961,2.75,1.7123534240727876,2.5628544042390744
598.5000000000675,26.66435307149993,11.920045620885281,2.75,1.797247927042488,3.070665471587994
598.6000000000676,27.291390470548944,12.200356730726321,2.75,1.856416506138107,2.8031137716680146
598.7000000000676,27.82001300423564,12.436672410348356,2.75,2.363159049904436,2.363159049904436
598.8000000000676,28.275787876140875,12.640422235119857,2.75,2.0375001908266124,2.0375001908266124
598.9000000000676,28.75511475684626,12.854700761585658,2.75,2.1427873081792304,2.1427873081792304
599.0000000000676,29.16535886868728,13.038096492797727,2.75,1.9948064115245507,1.8339590611203493
599.1000000000677,29.60329286141029,13.233870722091678,2.75,1.957744159989834,1.957744159989834
599.2000000000677,29.991031743764687,13.407205704352902,2.75,2.1396904815064817,1.7333514756650237
599.3000000000677,30.347249320588364,13.566449386557139,2.75,2.1685452380821415,1.5924383407099083
599.4000000000677,30.735167784341535,13.739864648975932,2.75,2.173782740124179,1.7341542780063235
599.5000000000678,31.091591727826696,13.89920058543486,2.75,2.151241354897643,1.5933608841366382
599.6000000000678,31.48865762266371,14.076705119981911,2.75,2.133712989062264,1.7750470382872803
599.7000000000678,31.873970754743024,14.248955693637148,2.75,2.1285450128492345,1.7225073792634185
599.8000000000678,32.25310357427442,14.418443417305927,2.75,2.1131707523036978,1.6948788530502157
599.9000000000678,32.686266439931764,14.612084759590271,2.75,1.9364152695529522,1.9364152695529522
600.0000000000679,33.030418195123914,14.765934530908478,2.75,2.061870667733561,1.5384991804092218
600.1000000000679,33.42807941575901,14.943705200195547,2.75,2.0355867645392896,1.7777083882255227
600.2000000000679,33.82541437280964,15.12133001644801,2.75,1.9953290260466243,1.776249856488495
600.3000000000679,34.23220818135846,15.303183322365207,2.75,1.9732464577386224,1.8185347934619023
600.400000000068,34.670849202113814,15.499273621821377,2.75,1.9609048646263059,1.9609048646263059
600.500000000068,35.07740799130571,15.681021864568702,2.75,1.8804899152166452,1.817484160761216
600.600000000068,35.51584817345494,15.87702238103479,2.75,1.8383345783267064,1.9600070338692421
600.700000000068,35.92514382961108,16.059994114147116,2.75,1.8116625796354526,1.8297190760793554
600.800000000068,36.37166347566313,16.25960647816321,2.75,1.809593847284852,1.9961255438146017
600.9000000000681,36.818842275087235,16.45951351042965,2.75,1.8024080933323035,1.9990722291282572
601.0000000000681,37.25665189694804,16.655232140911682,2.75,1.8085695488433058,1.9571881713403956
601.1000000000681,37.66310901380837,16.83693493200948,2.75,1.8015338230354387,1.8170296438324876
601.2000000000681,38.11061119344214,17.03698652832522,2.75,1.8148921428021823,2.0005178709998965
601.3000000000682,38.55783650134453,17.23691435176486,2.75,1.8352342328196127,1.9992801410585284
601.4000000000682,39.00468796026947,17.43667504957221,2.75,1.8484069630763855,1.9976088831417778
601.5000000000682,39.45233915528168,17.636793261796633,2.75,2.0011840307220576,2.0011840307220576
601.6000000000682,39.919491144728504,17.845629118836243,2.75,2.0883605620119274,2.0883605620119274
601.7000000000683,40.40565106750733,18.062962291819304,2.75,2.173333802483236,2.173333802483236
601.8000000000683,40.78502874736168,18.232559477968287,2.75,1.907059849045178,1.695973478896186
601.9000000000683,41.19525704100083,18.41594813780355,2.75,1.9019335029317723,1.8338883472848435
602.0000000000683,41.64199379462903,18.61565755769816,2.75,1.9970961035253625,1.9970961035253625
602.1000000000683,42.0892209125299,18.815586190280417,2.75,1.9992882324924053,1.9992882324924053
602.2000000000684,42.536049801131334,19.01533679823915,2.75,1.9975079845594006,1.9975079845594006
602.3000000000684,42.980264140112816,19.21391859663914,2.25327509359181,1.9858198778253013,1.9858198778253013
602.4000000000684,43.42718355298676,19.413709672613557,0.0,1.9979126651021677,1.9979126651021677
602.5000000000684,43.867474353231835,19.610537490310993,0.0,1.9830963595873308,1.9682800540724936
602.6000000000685,44.24713886574353,19.78026290227337,0.0,1.8878161524758843,1.6972557382529916
602.7000000000685,44.50852797129935,19.897114417653206,0.0,1.7079911814024897,1.1685162681823063
602.8000000000685,44.57066644178115,19.92489283031407,0.0,1.42194982342689,0.27778439152449086
602.9000000000685,44.46183316994517,19.87623995049822,0.0,1.1038699758309132,-0.4865292621489713
603.0000000000686,44.33197505935217,19.818188116337467,0.0,0.8632429942502832,-0.5805188952334971
603.1000000000686,44.28256342827343,19.79609911627504,0.0,0.7277263435588003,-0.22089021128157993
603.2000000000686,44.22315958115533,19.76954319099888,0.0,0.6173612491612804,-0.26555950601887834
603.3000000000686,44.13324132143665,19.729346087580577,0.0,0.5154279824918666,-0.40197141753285864
603.4000000000686,44.083712975649426,19.707204911316985,0.0,0.4484425319207123,-0.22141197379082964
603.5000000000687,44.02429096410082,19.680640865804808,0.0,0.3889355952226115,-0.2656407084564972
603.6000000000687,43.933974332923874,19.64026567421223,0.0,0.32795960320748957,-0.4037523009739737
603.7000000000687,43.88447703217879,19.618138376339676,0.0,0.28872868942494734,-0.22127318974810206
603.8000000000687,43.852435029964596,19.603814303779075,0.0,0.2599307193158746,-0.14324086221114443
603.9000000000688,43.90272378129104,19.62629541211203,0.0,0.2577357554665263,0.22481129772630204
604.0000000000688,43.94335712,19.64446016,0.0,0.2532599846809909,0.18164765211242556
604.1000000000688,43.952429383384995,19.648515829122886,0.0,0.24144313719353339,0.040556729906755205
604.2000000000688,43.9930668,19.666682400000003,0.0,0.2382969658686767,0.18166588202125625
604.3000000000688,43.9930668,19.666682400000003,0.0,0.22638211757524287,0.0
604.4000000000689,44.0021408813135,19.67073888181055,0.0,0.1285147271596912,0.040564856791135036
604.5000000000689,44.04277648,19.68890464,0.0,0.03918361221290856,0.18165775513684088
604.6000000000689,44.05193594549848,19.692999291998948,0.0,-0.04363184674778317,0.04094655903915711
604.7000000000689,44.10172605830198,19.715257488719313,0.0,-0.09092855118317045,0.22258217947456005
604.800000000069,44.150680741806234,19.737142214711422,0.0,-0.09387539732787992,0.21884746863030116
604.900000000069,44.20128388839708,19.7597638704593,0.0,-0.05823809555963681,0.226216773215891
605.000000000069,44.241615200000005,19.777793600000003,0.0,-0.02019727743035692,0.18029746735210092
605.100000000069,44.25059043263813,19.78180589244969,0.0,-0.007146618728222492,0.040122962761109465
605.200000000069,44.29132488,19.80001584,0.0,0.015236339031064763,0.18209964916686644
605.3000000000691,44.29132488,19.80001584,0.0,0.03533490990770769,0.0
605.4000000000691,44.30027969575945,19.804019005278118,0.0,0.04840709314516766,0.04003169095836944
605.5000000000691,44.35018097386916,19.826326897392104,0.0,0.07284308526222746,0.22307913388469924
605.6000000000691,44.39074424,19.84446032,0.0,0.10209742026157212,0.18133439901291867
605.7000000000692,44.39074424,19.84446032,0.0,0.11316107974897723,0.0
605.8000000000692,44.39074424,19.84446032,0.0,0.12032312285953443,0.0
605.9000000000692,44.39074424,19.84446032,0.0,0.10908255797321934,0.0
606.0000000000692,44.399853752575005,19.848532641019265,0.0,0.10203633781906649,0.04072324902936914
606.1000000000693,44.44950767739465,19.870729956195785,0.0,0.11110716949650341,0.2219733634554936
606.2000000000693,44.4901636,19.888904800000002,0.0,0.11111130596399861,0.18174861137116013
606.3000000000693,44.4901636,19.888904800000002,0.0,0.11111130596399861,0.0
606.4000000000693,44.481599817728686,19.885076442526348,0.0,0.1071688825621097,-0.038283611246642986
606.5000000000693,44.44977263270905,19.870848401950937,0.0,0.09097196773309742,-0.14228054144340527
606.6000000000694,44.4901636,19.888904800000002,0.0,0.09795284741564199,0.18056415269004825
606.7000000000694,44.49882495152887,19.89277677488294,0.0,0.08875972772968585,0.03871978575543745
606.8000000000694,44.53987328,19.911127040000004,0.0,0.08699249560679949,0.183502826172574
606.9000000000694,44.54912629536558,19.915263512577933,0.0,0.07774989520739546,0.04136476522781016
607.0000000000695,44.58958296,19.93334928,0.0,0.07777791417479868,0.18085784670016575
607.1000000000695,44.58958296,19.93334928,0.0,0.07577176603674321,0.0
607.2000000000695,44.58958296,19.93334928,0.0,0.06666678357839988,0.0
607.3000000000695,44.58958296,19.93334928,0.0,0.06666678357839988,0.0
607.4000000000696,44.58958296,19.93334928,0.0,0.06466519903048142,0.0
607.5000000000696,44.58958296,19.93334928,0.0,0.053511242336246434,0.0
607.6000000000696,44.63846436899945,19.955201249321146,0.0,0.055370517466013444,0.2185199016082586
607.7000000000696,44.63929264,19.955571520000003,0.0,0.05555565298200109,0.003702710319752829
607.8000000000696,44.68824282269935,19.977454233950056,0.0,0.06649702039152847,0.2188273481905476
607.9000000000697,44.64020100665677,19.955977596680732,0.0,0.05575869151599834,-0.2147665775106026
608.0000000000697,44.63929264,19.955571520000003,0.0,0.053519490530532635,-0.004060770679944984
608.1000000000697,44.63929264,19.955571520000003,0.0,0.042420822357757945,0.0
608.2000000000697,44.68823908852688,19.977452564623746,0.0,0.04427392453477673,0.2188106549115358
608.3000000000698,44.68900232,19.97779376,0.0,0.044444522385598734,0.003411957016440104
608.4000000000698,44.695533526249264,19.98071347368073,0.0,0.04781856118052473,0.029197164651876786
608.5000000000698,44.73815393010048,19.999766520155354,0.0,0.06445912057521647,0.1905306464504298
608.6000000000698,44.738712,20.000016000000002,0.0,0.055555652981999305,0.0024948008257048475
608.7000000000698,44.68994259920372,19.978214102881548,0.0,0.04271870473903579,-0.2180191791038331
608.8000000000699,44.68900232,19.97779376,0.0,0.03333339178919817,-0.004203432824178346
608.9000000000699,44.7377923239809,19.999604867576323,0.0,0.0421707177163254,0.21811128377035485
609.0000000000699,44.738712,20.000016000000002,0.0,0.03333339178919994,0.004111328157656575
609.1000000000699,44.738712,20.000016000000002,0.0,0.03333339178919994,0.0
609.20000000007,44.738712,20.000016000000002,0.0,0.03333339178919994,0.0
609.30000000007,44.738712,20.000016000000002,0.0,0.03333339178919994,0.0
609.40000000007,44.738712,20.000016000000002,0.0,0.03333339178919994,0.0
609.50000000007,44.744953811159064,20.002806342356084,0.0,0.03472856429778124,0.027903450171625974
609.60000000007,44.787581186019835,20.021862505154278,0.0,0.033330659703160265,0.19056180971583916
609.7000000000701,44.78842168,20.02223824,0.0,0.03333339178919816,0.0037573520405107825
609.8000000000701,44.78842168,20.02223824,0.0,0.022392024379670784,0.0
609.9000000000701,44.78842168,20.02223824,0.0,0.03313035325520091,0.0
610.0000000000701,44.73966279957684,20.000441045914368,0.0,0.02243478435266002,-0.21797214873076293
610.1000000000702,44.78770793760787,20.021919168247056,0.0,0.03317385576058064,0.21478142815841256
610.2000000000702,44.78842168,20.02223824,0.0,0.022392859043621375,0.0031907205723503717
610.3000000000702,44.78842168,20.02223824,0.0,0.022222261192799374,0.0
610.4000000000702,44.78842168,20.02223824,0.0,0.020762402960205532,0.0
610.5000000000703,44.78842168,20.02223824,0.0,0.011235870637684038,0.0
610.6000000000703,44.78842168,20.02223824,0.0,0.011111130596398795,0.0
610.7000000000703,44.78842168,20.02223824,0.0,0.02201208955159045,0.0
610.8000000000703,44.78842168,20.02223824,0.0,0.022222261192799367,0.0
610.9000000000703,44.78842168,20.02223824,0.0,0.011316697004281624,0.0
611.0000000000704,44.78842168,20.02223824,0.0,0.011111130596398795,0.0
611.1000000000704,44.78842168,20.02223824,0.0,0.011111130596398795,0.0
611.2000000000704,44.78842168,20.02223824,0.0,0.011111130596398795,0.0
611.3000000000704,44.78842168,20.02223824,0.0,0.011111130596398795,0.0
611.4000000000705,44.83725931549016,20.044070640789844,0.0,0.02202734140183059,0.21832421610863587
611.5000000000705,44.79046649502935,20.02315235512482,0.0,0.01017301608611274,-0.20918305614273103
611.6000000000705,44.78842168,20.02223824,0.0,0.0001878676020255393,-0.009141159965904833
611.7000000000705,44.837267038822404,20.04407409343212,0.0,0.01091793712821574,0.21835874256431478
611.8000000000706,44.83813136,20.04446048,0.0,0.011111130596400572,0.00386386936369666
611.9000000000706,44.83813136,20.04446048,0.0,0.011111130596400572,0.0
612.0000000000706,44.83813136,20.04446048,0.0,0.02200973803293872,0.0
612.1000000000706,44.83813136,20.04446048,0.0,0.01127066662501809,0.0
612.2000000000706,44.83813136,20.04446048,0.0,0.011111130596400572,0.0
612.3000000000707,44.83813136,20.04446048,0.0,0.011111130596400572,0.0
612.4000000000707,44.83813136,20.04446048,0.0,0.011111130596400572,0.0
612.5000000000707,44.83813136,20.04446048,0.0,0.011111130596400572,0.0
612.6000000000707,44.83813136,20.04446048,0.0,0.011111130596400572,0.0
612.7000000000708,44.83813136,20.04446048,0.0,0.011111130596400572,0.0
612.8000000000708,44.83813136,20.04446048,0.0,0.011111130596400572,0.0
612.9000000000708,44.83813136,20.04446048,0.0,0.011111130596400572,0.0
613.0000000000708,44.83813136,20.04446048,0.0,0.011111130596400572,0.0
613.1000000000708,44.83813136,20.04446048,0.0,0.011111130596400572,0.0
613.2000000000709,44.83813136,20.04446048,0.0,0.011111130596400572,0.0
613.3000000000709,44.83813136,20.04446048,0.0,0.011111130596400572,0.0
613.4000000000709,44.83813136,20.04446048,0.0,0.0001949197909687789,0.0
613.5000000000709,44.83813136,20.04446048,0.0,0.01065407259810533,0.0
613.600000000071,44.83813136,20.04446048,0.0,0.011111130596400572,0.0
613.700000000071,44.83813136,20.04446048,0.0,0.000193193468184833,0.0
613.800000000071,44.83813136,20.04446048,0.0,0.0,0.0
613.900000000071,44.83813136,20.04446048,0.0,0.0,0.0
614.000000000071,44.83813136,20.04446048,0.0,0.0,0.0
614.1000000000711,44.83813136,20.04446048,0.0,0.0,0.0
614.2000000000711,44.83813136,20.04446048,0.0,0.0,0.0
614.3000000000711,44.83813136,20.04446048,0.0,0.0,0.0
614.4000000000711,44.83813136,20.04446048,0.0,0.0,0.0
614.5000000000712,44.83813136,20.04446048,0.0,0.0,0.0
614.6000000000712,44.83813136,20.04446048,0.0,0.0,0.0
614.7000000000712,44.83813136,20.04446048,0.0,0.0,0.0
614.8000000000712,44.83813136,20.04446048,0.0,0.0,0.0
614.9000000000713,44.83813136,20.04446048,0.0,0.0,0.0
615.0000000000713,44.83813136,20.04446048,0.0,0.0,0.0
615.1000000000713,44.83813136,20.04446048,0.0,0.0,0.0
615.2000000000713,44.83813136,20.04446048,0.0,0.0,0.0
615.3000000000713,44.83813136,20.04446048,0.0,0.0,0.0
615.4000000000714,44.83813136,20.04446048,0.0,0.0,0.0
615.5000000000714,44.83813136,20.04446048,0.0,0.0,0.0
615.6000000000714,44.83813136,20.04446048,0.0,0.0,0.0
615.7000000000714,44.83813136,20.04446048,0.0,0.0,0.0
615.8000000000715,44.83813136,20.04446048,0.0,0.0,0.0
615.9000000000715,44.83813136,20.04446048,0.0,0.0,0.0
616.0000000000715,44.83813136,20.04446048,0.0,0.0,0.0
616.1000000000715,44.83813136,20.04446048,0.0,0.0,0.0
616.2000000000716,44.83813136,20.04446048,0.0,0.0,0.0
616.3000000000716,44.83813136,20.04446048,0.0,0.0,0.0
616.4000000000716,44.83813136,20.04446048,0.0,0.0,0.0
616.5000000000716,44.83813136,20.04446048,0.0,0.0,0.0
616.6000000000716,44.83813136,20.04446048,0.0,0.0,0.0
616.7000000000717,44.83813136,20.04446048,0.0,0.0,0.0
616.8000000000717,44.83813136,20.04446048,0.0,0.0,0.0
616.9000000000717,44.83813136,20.04446048,0.0,0.0,0.0
617.0000000000717,44.83813136,20.04446048,0.0,0.0,0.0
617.1000000000718,44.83813136,20.04446048,0.0,0.0,0.0
617.2000000000718,44.83813136,20.04446048,0.0,0.0,0.0
617.3000000000718,44.83813136,20.04446048,0.0,0.0,0.0
617.4000000000718,44.83813136,20.04446048,0.0,0.0,0.0
617.5000000000719,44.83813136,20.04446048,0.0,0.0,0.0
617.6000000000719,44.83813136,20.04446048,0.0,0.0,0.0
617.7000000000719,44.83813136,20.04446048,0.0,0.0,0.0
617.8000000000719,44.83813136,20.04446048,0.0,0.0,0.0
617.9000000000719,44.83813136,20.04446048,0.0,0.0,0.0
618.000000000072,44.83813136,20.04446048,0.0,0.0,0.0
618.100000000072,44.83813136,20.04446048,0.0,0.0,0.0
618.200000000072,44.83813136,20.04446048,0.0,0.0,0.0
618.300000000072,44.83813136,20.04446048,0.0,0.0,0.0
618.400000000072,44.83813136,20.04446048,0.0,0.0,0.0
618.5000000000721,44.83813136,20.04446048,0.0,0.0,0.0
618.6000000000721,44.83813136,20.04446048,0.0,0.0,0.0
618.7000000000721,44.83813136,20.04446048,0.0,0.0,0.0
618.8000000000721,44.83813136,20.04446048,0.0,0.0,0.0
618.9000000000722,44.83813136,20.04446048,0.0,0.0,0.0
619.0000000000722,44.83813136,20.04446048,0.0,0.0,0.0
619.1000000000722,44.83813136,20.04446048,0.0,0.0,0.0
619.2000000000722,44.83813136,20.04446048,0.0,0.0,0.0
619.3000000000723,44.83813136,20.04446048,0.0,0.0,0.0
619.4000000000723,44.83813136,20.04446048,0.0,0.0,0.0
619.5000000000723,44.83813136,20.04446048,0.0,0.0,0.0
619.6000000000723,44.83813136,20.04446048,0.0,0.0,0.0
619.7000000000724,44.83813136,20.04446048,0.0,0.0,0.0
619.8000000000724,44.83813136,20.04446048,0.0,0.0,0.0
619.9000000000724,44.83813136,20.04446048,0.0,0.0,0.0
620.0000000000724,44.83813136,20.04446048,0.0,0.0,0.0
620.1000000000724,44.83813136,20.04446048,0.0,0.0,0.0
620.2000000000725,44.83813136,20.04446048,0.0,0.0,0.0
620.3000000000725,44.83813136,20.04446048,0.0,0.0,0.0
620.4000000000725,44.83813136,20.04446048,0.0,0.0,0.0
620.5000000000725,44.83813136,20.04446048,0.0,0.0,0.0
620.6000000000726,44.83813136,20.04446048,0.0,0.0,0.0
620.7000000000726,44.83813136,20.04446048,0.0,0.0,0.0
620.8000000000726,44.83813136,20.04446048,0.0,0.0,0.0
620.9000000000726,44.78903080171378,20.02251054207301,0.0,-0.010974979430051263,-0.21949958860102525
621.0000000000726,44.78842168,20.02223824,0.0,-0.011111130596400572,-0.0027230233269861814
621.1000000000727,44.78842168,20.02223824,0.0,-0.011111130596400572,0.0
621.2000000000727,44.78842168,20.02223824,0.0,-0.011111130596400572,0.0
621.3000000000727,44.78842168,20.02223824,0.0,-0.011111130596400572,0.0
621.4000000000727,44.78842168,20.02223824,0.0,-0.011111130596400572,0.0
621.5000000000728,44.78842168,20.02223824,0.0,-0.011111130596400572,0.0
621.6000000000728,44.78842168,20.02223824,0.0,-0.011111130596400572,0.0
621.7000000000728,44.78842168,20.02223824,0.0,-0.011111130596400572,0.0
621.8000000000728,44.78842168,20.02223824,0.0,-0.011111130596400572,0.0
621.9000000000729,44.78842168,20.02223824,0.0,-0.011111130596400572,0.0
622.0000000000729,44.78842168,20.02223824,0.0,-0.011111130596400572,0.0
622.1000000000729,44.78842168,20.02223824,0.0,-0.011111130596400572,0.0
622.2000000000729,44.78842168,20.02223824,0.0,-0.011111130596400572,0.0
622.3000000000729,44.78842168,20.02223824,0.0,-0.011111130596400572,0.0
622.400000000073,44.78842168,20.02223824,0.0,-0.011111130596400572,0.0
622.500000000073,44.78842168,20.02223824,0.0,-0.011111130596400572,0.0
622.600000000073,44.78842168,20.02223824,0.0,-0.011111130596400572,0.0
622.700000000073,44.78842168,20.02223824,0.0,-0.011111130596400572,0.0
622.800000000073,44.78842168,20.02223824,0.0,-0.011111130596400572,0.0
622.9000000000731,44.78842168,20.02223824,-0.989416070585321,0.0,0.0
623.0000000000731,44.78842168,20.02223824,-1.0,-1.0,0.0
623.1000000000731,44.69004063610527,19.97825792934664,-1.0,-1.0,-0.43980352596292976
623.2000000000731,44.49212829887028,19.889783099957334,-1.0,-1.0,-0.884749137655583
623.3000000000732,44.194774849762744,19.75685406660014,-1.0,-1.0,-1.3292916012831921
623.4000000000732,43.946217202445766,19.645738732674975,-1.0,-1.0,-1.1111543989310766
623.5000000000732,43.66369350181043,19.51943919742939,-1.0,-1.0,-1.2629965569432382
623.6000000000732,43.40627867369773,19.404364345008712,-1.0,-0.7723431053028925,-1.1507496216471205
623.7000000000733,43.114541823632095,19.27394615887268,-1.0,-0.8314364386166005,-1.3041831051262653
623.8000000000733,42.81528307431578,19.14016537916525,-1.0,-0.8820737020457848,-1.3378090729084438
623.9000000000733,42.55625702719892,19.024370246601887,-1.0,-0.9071535864000885,-1.1579524299431248
624.0000000000733,42.31151601739715,18.91496110420433,-1.0,-0.9227318264820351,-1.0940924673834487
624.1000000000734,42.09752624892607,18.819299011981872,-1.0,-0.925338750178052,-0.9566218345302544
624.2000000000734,41.858138338564146,18.71228292181269,-1.0,-0.9356832624708884,-1.070161922277761
624.3000000000734,41.64904706411101,18.618810654785353,-1.0,-0.9356192824191776,-0.9347235616952273
624.4000000000734,41.417206698981445,18.51516862297994,-1.0,-0.9419194089218866,-1.0364213064625218
624.5000000000734,41.20321960160221,18.419507724843708,-1.0,-0.9427835550827519,-0.9566098936565944
624.6000000000735,41.00309249113698,18.330042802131175,-1.0,-0.9401094731520511,-0.8946500803301386
624.7000000000735,40.804177782707434,18.241119872225944,-1.0,-0.9374316138855355,-0.8892301470882559
624.8000000000735,40.56627952443477,18.134769716865517,-1.0,-0.9437351615832268,-1.0635025678393601
624.9000000000735,40.396140833352284,18.05871083202617,-1.0,-0.981764640270638,-0.7605895737482238
625.0000000000736,40.208571687356354,17.97485982797793,-1.0,-1.0236901822780697,-0.8385108401486354
625.1000000000736,40.00918843187776,17.885727438567525,-1.0,-1.046266243186802,-0.8913247441375707
625.2000000000736,39.80952627189363,17.796470367548647,-1.0,-1.0466573643745902,-0.8925715614113517
625.3000000000736,39.57239791124725,17.69046438760489,-1.0,-1.033195824829947,-1.060060810390329
625.4000000000736,39.36239910836384,17.59658641861801,-1.0,-1.0245771341413803,-0.9387805851597423
625.5000000000737,39.163736511066254,17.507776192598243,-1.0,-1.0058324616521581,-0.8881031071587931
625.6000000000737,38.96571172142921,17.419251092431356,-1.0,-0.9925575728653431,-0.8852518459108187
625.7000000000737,38.72713720826333,17.312598623748084,-1.0,-0.9806747028065745,-1.0665257039508933
625.8000000000737,38.52432653514507,17.221934039856265,-1.0,-0.9591165843393454,-0.9066467035638628
625.9000000000738,38.32169423733014,17.131349196948513,-1.0,-0.9465114274903256,-0.9058492929627279
626.0000000000738,38.12082000155138,17.04155027896529,-1.0,-0.9367063059322666,-0.8979900362222709
626.1000000000738,37.88228029278341,16.934913369257323,-1.0,-0.9421937199082263,-1.0663701140494475
626.2000000000738,37.679457718372674,16.84424346500581,-1.0,-0.9340206191549154,-0.9066999072115431
626.3000000000739,37.47651919814544,16.75352172827899,-1.0,-0.9326453526931007,-0.9072182324589303
626.4000000000739,37.24050312424254,16.648012985552665,-1.0,-0.9335787090436742,-1.0550884334739932
626.5000000000739,37.02711730250351,16.552620881976825,-1.0,-0.9334443116353073,-0.9539219454892576
626.6000000000739,36.78803327663983,16.445740640484445,-1.0,-0.9421519793295096,-1.0688034342141863
626.7000000000739,36.57892421397772,16.352260421407344,-1.0,-0.9444306260885318,-0.9348030822686996
626.800000000074,36.380255381681934,16.26344740809089,-1.0,-0.9356620467041763,-0.8881309801522429
626.900000000074,36.143547062640245,16.15762920375441,-1.0,-0.9505417206431048,-1.0581830525267941
627.000000000074,35.933685246793274,16.063812473520237,-1.0,-0.9555245884881056,-0.9381681970486532
627.100000000074,35.69437390742401,15.956830613685588,-1.0,-0.9644493322115262,-1.0698196186059838
627.200000000074,35.48896398435506,15.86500405980675,-1.0,-0.9657340748667318,-0.9182664145154672
627.3000000000741,35.287177111004524,15.774797155870832,-1.0,-0.9578345293292193,-0.9020698996400783
627.4000000000741,35.04833459912871,15.668024880911364,-1.0,-0.9642816884640031,-1.067723767855414
627.5000000000741,34.838869779349416,15.574385623996166,-1.0,-0.9666962062143819,-0.9363934621663752
627.6000000000741,34.60107690102226,15.468082577738842,-1.0,-0.9755851877367935,-1.0630314763590545
627.7000000000742,34.398512833186366,15.377528236394753,-1.0,-0.96753611639101,-0.9055442770352184
627.8000000000742,34.1590588918697,15.270482627714816,-1.0,-0.9757266365961575,-1.070457107666811
627.9000000000742,33.94545786800086,15.174994320072134,-1.0,-0.9781783713017791,-0.9548839870751582
628.0000000000742,33.75034676677411,15.087771756617189,-1.0,-0.976890192809137,-0.8722264663694341
628.1000000000743,33.510037877541656,14.980343951596979,-1.0,-0.9772856408423877,-1.0742790747144622
628.2000000000743,33.30505684646748,14.88870912980819,-1.0,-0.9777681000711349,-0.9163490917864838
628.3000000000743,33.063632050685655,14.780782469370731,-1.0,-0.9863705701304086,-1.0792676336444074
628.4000000000743,32.85056103774368,14.685531098075652,-1.0,-0.9812418795236851,-0.9525146213395236
628.5000000000744,32.62185638163752,14.583290855187172,-1.0,-0.9846659524454555,-1.0224034039246594
628.6000000000744,32.40491383384872,14.486308751034132,-1.0,-0.9797168790559814,-0.9698219664247062
628.7000000000744,32.16619382374807,14.379591239328986,-1.0,-0.9863355316820428,-1.0671761347899262
628.8000000000744,31.96368899178625,14.289063378819419,-1.0,-0.9871929560963032,-0.9052794684374522
628.9000000000744,31.720358889966494,14.180284969425857,-1.0,-0.9886730600363816,-1.087785131328359
629.0000000000745,31.51540086676657,14.088660433088581,-1.0,-0.9875769620426121,-0.9162462371732668
629.1000000000745,31.24700752540095,13.968677740658682,-1.0,-0.994077384539523,-1.1998280685441987
629.2000000000745,31.05643813537941,13.883485506033306,-1.0,-0.9907602217492995,-0.8519231587109978
629.3000000000745,30.861953598107068,13.796543042039275,-1.0,-0.9891280002217482,-0.8694254690890526
629.4000000000746,30.624710113954023,13.690485597226008,-1.0,-0.9887705848077897,-1.060575459576246
629.5000000000746,30.42069527282468,13.599282701469322,-1.0,-0.9875524030667849,-0.9120298273462794
629.6000000000746,30.179327334465906,13.491381458602463,-1.0,-0.9883515021336329,-1.0790134576960126
629.7000000000746,29.929442399162895,13.37967277319777,-1.0,-0.9989286842511215,-1.1170879193849894
629.8000000000746,29.719989303745677,13.28603875754721,-1.0,-0.9922228813412813,-0.9363410494700076
629.9000000000747,29.51994483488157,13.196610778977025,-1.0,-0.9891927139152399,-0.8942806385543314
630.0000000000747,29.28146938822431,13.0900025970349,-1.0,-0.9988855324026217,-1.0660828361170696
630.1000000000747,29.072370973447327,12.996527137993649,-1.0,-0.9919093527601387,-0.9347554818648051
630.2000000000747,28.8341074671584,12.890013701978893,-1.0,-0.9993486669678051,-1.0651353759398152
630.3000000000748,28.585629377808292,12.778933933686691,-1.0,-1.000925222398697,-1.1107987422622467
630.4000000000748,28.37680003255822,12.68557875962019,-1.0,-0.9999771228802297,-0.9335526309701734
630.5000000000748,28.178050302942548,12.596729581925734,-1.0,-0.9932815838978547,-0.8884926242771582
630.6000000000748,27.939852652136718,12.490245585978801,-1.0,-0.9980325343256602,-1.064840974980817
630.7000000000749,27.73088729549782,12.396829609313588,-1.0,-0.9913817604630216,-0.934160657537156
630.8000000000749,27.49282752981636,12.290407253601037,-1.0,-0.999329015643607,-1.0642245720491534
630.9000000000749,27.282948128078175,12.196582661761331,-1.0,-0.9918520997361361,-0.9382468131789463
631.0000000000749,27.044406719058244,12.089944991971883,-1.0,-0.9993586736210487,-1.0663777148715183
631.1000000000749,26.83518796249761,11.996415735279989,-1.0,-0.9861319431380535,-0.935293458884296
631.200000000075,26.60500796007331,11.89351595284177,-1.0,-0.9949857254880994,-1.0289988057119133
631.300000000075,26.35151741305883,11.780195412989432,-1.0,-1.0081747759953117,-1.1332064792333014
631.400000000075,26.143063960710275,11.687008278272046,-1.0,-1.0017396148103235,-0.9318722358764779
631.500000000075,25.90321114745784,11.579784357684128,-1.0,-1.0097501348653668,-1.0722402284471488
631.600000000075,25.693337847918137,11.485962493774258,-1.0,-1.002710438673295,-0.9382195338545728
631.7000000000751,25.45433923276454,11.379120434328073,-1.0,-1.0002771233734504,-1.0684216133881037
631.8000000000751,25.244715281041675,11.285410038989903,-1.0,-1.000315313253676,-0.9371048470745149
631.9000000000751,25.006840299118885,11.179070289100467,-1.0,-1.0087712069774697,-1.0633985130302106
632.0000000000751,24.798568728886583,11.085964463054532,-1.0,-1.0020200225909437,-0.9310591483865489
632.1000000000752,24.56184262728206,10.980138309192345,-1.0,-1.0081953758906879,-1.058262547859686
632.2000000000752,24.35178925343231,10.886235944773608,-1.0,-1.001889834079245,-0.9390245397109549
632.3000000000752,24.11387773175482,10.779879860134107,-1.0,-0.9995279900004646,-1.0635618606866368
632.4000000000752,23.902695077855302,10.685472661801871,-1.0,-1.000054002634977,-0.9440728836604252
632.5000000000753,23.67626087151333,10.58424740190197,-1.0,-1.0062420496390805,-1.0122535643592276
632.6000000000753,23.43097486877414,10.474594625591383,-1.0,-1.0078264413319018,-1.0965288088372411
632.7000000000753,23.209433060102345,10.375556465572274,-1.0,-1.0106375356897184,-0.9903825446934889
632.8000000000753,22.973905557921587,10.270266134190916,-1.0,-1.01007152298433,-1.0529043179413857
632.9000000000754,22.7609746969484,10.175077416501466,-1.0,-1.0107535865596684,-0.9518880846857132
633.0000000000754,22.521890033540057,10.068196890000804,-1.0,-1.0108750150310786,-1.068806284299723
633.1000000000754,22.312675010738985,9.974669302450637,-1.0,-1.0108741804594188,-0.9352767674510984
633.2000000000754,22.08677239812232,9.873681686473335,-1.0,-1.0099180963171681,-1.0098771228669037
633.3000000000754,21.868028583532904,9.775894343116438,-1.0,-1.002151490662635,-0.9778743661426375
633.4000000000755,21.627723916395908,9.668468425543875,-1.0,-1.0092708888798108,-1.0742602002199912
633.5000000000755,21.418092516378014,9.5747547005162,-1.0,-1.0025157846575194,-0.9371381440013239
633.6000000000755,21.179152773368987,9.467938959302721,-1.0,-1.0090127295052933,-1.0681584308100527
633.7000000000755,20.93122662345754,9.357105930290903,-1.0,-1.0110082161911544,-1.1083313471053222
633.8000000000756,20.721790364911012,9.263479441403367,-1.0,-1.0109662629258278,-0.9362657817679827
633.9000000000756,20.4848581572652,9.157561149794267,-1.0,-1.0107555335846927,-1.0591839262075107
634.0000000000756,20.27446359269545,9.063506259306852,-1.0,-1.0112300662579823,-0.9405498018523415
634.1000000000756,20.03565131311796,8.956747499409017,-0.21066300615075306,-1.0675886171101903,-1.0675886171101903
634.2000000000756,19.82610693861756,8.863072678311845,0.0,-0.9367491043252868,-0.9367491043252868
634.3000000000757,19.6664953610777,8.79171983953136,0.0,-0.8251390863022379,-0.713529068279189
634.4000000000757,19.59620789059252,8.760298493867609,0.0,-0.6548306429665275,-0.3142137562951069
634.5000000000757,19.58561392,8.755562560000001,0.0,-0.5029628281852712,-0.04735938384150201
634.6000000000757,19.624707139059243,8.773038812035963,0.0,-0.36741772514295545,0.17476268702630757
634.7000000000758,19.67428590378822,8.79520252760828,0.0,-0.2692418764369573,0.22163736709303344
634.8000000000758,19.72391462105385,8.817388573987355,0.0,-0.19908436903545312,0.2218606753735719
634.9000000000758,19.77354378844349,8.839574821590091,0.0,-0.14646598695450797,0.22186268761210826
635.0000000000758,19.78445264,8.844451520000002,0.0,-0.12477342944767693,0.048767030606971316
635.1000000000759,19.78445264,8.844451520000002,0.0,-0.11229608650290923,0.0
635.2000000000759,19.822760676019826,8.861576763420622,0.0,-0.08651893340942567,0.17125259752540994
635.3000000000759,19.83416232,8.866673760000001,0.0,-0.07506152109175822,0.05097001440258374
635.4000000000759,19.83416232,8.866673760000001,0.0,-0.06928755793085374,0.0
635.5000000000759,19.83416232,8.866673760000001,0.0,-0.06433844665007847,0.0
635.600000000076,19.79503054934233,8.849180273838357,0.0,-0.07171155210323898,-0.17493502844748623
635.700000000076,19.78445264,8.844451520000002,0.0,-0.07018505406431827,-0.04728758348050745
635.800000000076,19.78445264,8.844451520000002,0.0,-0.06605652147229955,0.0
635.900000000076,19.743475384256485,8.82613302727034,0.0,-0.07256366483470231,-0.1831851019955493
636.000000000076,19.734742960000002,8.822229280000002,0.0,-0.07079913036616241,-0.03903750993244436
636.1000000000761,19.734742960000002,8.822229280000002,0.0,-0.06725917384785429,0.0
636.2000000000761,19.734742960000002,8.822229280000002,0.0,-0.020421718631589952,0.0
636.3000000000761,19.695813841572775,8.804826387591957,0.0,0.006553280279993354,-0.17402909004752282
636.4000000000761,19.68503328,8.80000704,0.0,0.019854292000724277,-0.04819352188048861
636.5000000000762,19.64592265259659,8.782523005729228,0.0,0.013480235720367956,-0.1748405094486283
636.6000000000762,19.635323600000007,8.777784800000003,0.0,0.0023729962450851996,-0.04738210247934761
636.7000000000762,19.635323600000007,8.777784800000003,0.0,-0.00870887210956647,0.0
636.8000000000762,19.596340190472226,8.760357637271444,0.0,-0.028515495552451326,-0.17427179348412505
636.9000000000763,19.58561392,8.755562560000001,0.0,-0.04200617085525105,-0.047950818443886385
637.0000000000763,19.546828728231205,8.738224008636722,0.0,-0.05311380633491262,-0.17338567898625998
637.1000000000763,19.53590424,8.733340320000002,0.0,-0.055555652981999305,-0.048836932941733704
637.2000000000763,19.498529024809454,8.71663208526552,0.0,-0.0724724081926256,-0.16708250668711555
637.3000000000764,19.48619456,8.71111808,0.0,-0.07777791417479958,-0.0551401052408959
637.4000000000764,19.48619456,8.71111808,0.0,-0.07777791417479958,0.0
637.5000000000764,19.447229864168122,8.693699283051338,0.0,-0.08648732095506853,-0.17418813560537888
637.6000000000764,19.436484880000002,8.68889584,0.0,-0.08014229334882494,-0.04803447632261479
637.7000000000764,19.436484880000002,8.68889584,0.0,-0.07777791417479957,0.0
637.8000000000765,19.436484880000002,8.68889584,0.0,-0.07777791417479957,0.0
637.9000000000765,19.436484880000002,8.68889584,0.0,-0.0686186590750221,0.0
638.0000000000765,19.436484880000002,8.68889584,0.0,-0.06666678357839989,0.0
638.1000000000765,19.436484880000002,8.68889584,0.0,-0.06666678357839989,0.0
638.2000000000766,19.400109951468487,8.672634773909651,0.0,-0.07479732437746248,-0.16261081598125152
638.3000000000766,19.3867752,8.666673600000001,0.0,-0.06907645967242343,-0.059611795946742166
638.4000000000766,19.3867752,8.666673600000001,0.0,-0.066666783578399,0.0
638.5000000000766,19.3867752,8.666673600000001,0.0,-0.057924758105967575,0.0
638.6000000000766,19.3867752,8.666673600000001,0.0,-0.055555652982000193,0.0
638.7000000000767,19.3867752,8.666673600000001,0.0,-0.055555652982000193,0.0
638.8000000000767,19.3867752,8.666673600000001,0.0,-0.04684206330779394,0.0
638.9000000000767,19.34976836860946,8.650130047742168,0.0,-0.05271630640310397,-0.1654356803500871
639.0000000000767,19.375342480278764,8.661562711305926,0.0,-0.03833068522038806,0.11432674466805835
639.1000000000768,19.34796248880335,8.649322746338045,0.0,-0.04200882689371747,-0.12239976640832179
639.2000000000768,19.33706552,8.644451360000001,0.0,-0.036090397051243846,-0.04871390983764315
639.3000000000768,19.33706552,8.644451360000001,0.0,-0.03333339178919904,0.0
639.4000000000768,19.33706552,8.644451360000001,0.0,-0.03333339178919904,0.0
639.5000000000769,19.33706552,8.644451360000001,0.0,-0.024623985008930104,0.0
639.6000000000769,19.33706552,8.644451360000001,0.0,-0.02222226119279937,0.0
639.7000000000769,19.33706552,8.644451360000001,0.0,-0.02222226119279937,0.0
639.8000000000769,19.33706552,8.644451360000001,0.0,-0.02222226119279937,0.0
639.900000000077,19.33706552,8.644451360000001,0.0,-0.02222226119279937,0.0
640.000000000077,19.33706552,8.644451360000001,0.0,-0.02222226119279937,0.0
640.100000000077,19.33706552,8.644451360000001,0.0,-0.02222226119279937,0.0
640.200000000077,19.33706552,8.644451360000001,0.0,-0.01409172039373679,0.0
640.300000000077,19.33706552,8.644451360000001,0.0,-0.011111130596399683,0.0
640.4000000000771,19.33706552,8.644451360000001,0.0,-0.011111130596399683,0.0
640.5000000000771,19.33706552,8.644451360000001,0.0,-0.011111130596399683,0.0
640.6000000000771,19.29796562276829,8.626972122550507,0.0,-0.01985075765590481,-0.17479254119010257
640.7000000000771,19.28735584,8.62222912,0.0,-0.022222261192800255,-0.04743007073790887
640.8000000000771,19.28735584,8.62222912,0.0,-0.022222261192800255,0.0
640.9000000000772,19.28735584,8.62222912,0.0,-0.013950477175295902,0.0
641.0000000000772,19.28735584,8.62222912,0.0,-0.019666814408698823,0.0
641.1000000000772,19.28735584,8.62222912,0.0,-0.01354682608828273,0.0
641.2000000000772,19.28735584,8.62222912,0.0,-0.011111130596400572,0.0
641.3000000000773,19.28735584,8.62222912,0.0,-0.011111130596400572,0.0
641.4000000000773,19.28735584,8.62222912,0.0,-0.011111130596400572,0.0
641.5000000000773,19.28735584,8.62222912,0.0,-0.011111130596400572,0.0
641.6000000000773,19.28735584,8.62222912,0.0,-0.011111130596400572,0.0
641.7000000000774,19.28735584,8.62222912,0.0,-0.011111130596400572,0.0
641.8000000000774,19.28735584,8.62222912,0.0,-0.011111130596400572,0.0
641.9000000000774,19.28735584,8.62222912,0.0,-0.011111130596400572,0.0
642.0000000000774,19.28735584,8.62222912,0.0,-0.011111130596400572,0.0
642.1000000000774,19.28735584,8.62222912,0.0,-0.011111130596400572,0.0
642.2000000000775,19.248162516652393,8.604708117293322,0.0,-0.019871640304412623,-0.17521019416024106
642.3000000000775,19.237646160000008,8.600006880000004,0.0,-0.02222226119279848,-0.0470124177677171
642.4000000000775,19.27681208776188,8.617515635770449,0.0,-0.013467874958742798,0.17508772468111364
642.5000000000775,19.24833101436319,8.60478344259352,0.0,-0.019833977618395608,-0.12732205319305623
642.6000000000776,19.237646160000008,8.600006880000004,0.0,-0.01348263413329335,-0.047765671488057417
642.7000000000776,19.237646160000008,8.600006880000004,0.0,-0.011111130596397909,0.0
642.8000000000776,19.237646160000008,8.600006880000004,0.0,-0.011111130596397909,0.0
642.9000000000776,19.237646160000008,8.600006880000004,0.0,-0.011111130596397909,0.0
643.0000000000776,19.237646160000008,8.600006880000004,0.0,-0.011111130596397909,0.0
643.1000000000777,19.237646160000008,8.600006880000004,0.0,-0.011111130596397909,0.0
643.2000000000777,19.237646160000008,8.600006880000004,0.0,-0.011111130596397909,0.0
643.3000000000777,19.237646160000008,8.600006880000004,0.0,-0.011111130596397909,0.0
643.4000000000777,19.237646160000008,8.600006880000004,0.0,-0.011111130596397909,0.0
643.5000000000778,19.237646160000008,8.600006880000004,0.0,-0.011111130596397909,0.0
643.6000000000778,19.237646160000008,8.600006880000004,0.0,-0.011111130596397909,0.0
643.7000000000778,19.237646160000008,8.600006880000004,0.0,-0.011111130596397909,0.0
643.8000000000778,19.237646160000008,8.600006880000004,0.0,-0.011111130596397909,0.0
643.9000000000779,19.237646160000008,8.600006880000004,0.0,-0.011111130596397909,0.0
644.0000000000779,19.237646160000008,8.600006880000004,0.0,-0.011111130596397909,0.0
644.1000000000779,19.237646160000008,8.600006880000004,0.0,-0.011111130596397909,0.0
644.2000000000779,19.237646160000008,8.600006880000004,0.0,-0.002350620888385856,0.0
644.300000000078,19.237646160000008,8.600006880000004,0.0,-3.4694469519536144e-19,0.0
644.400000000078,19.237646160000008,8.600006880000004,0.0,-0.008754386234055682,0.0
644.500000000078,19.237646160000008,8.600006880000004,0.0,-0.002388283574402871,0.0
644.600000000078,19.237646160000008,8.600006880000004,0.0,0.0,0.0
644.700000000078,19.237646160000008,8.600006880000004,0.0,0.0,0.0
644.8000000000781,19.237646160000008,8.600006880000004,0.0,0.0,0.0
644.9000000000781,19.237646160000008,8.600006880000004,0.0,0.0,0.0
645.0000000000781,19.237646160000008,8.600006880000004,0.0,0.0,0.0
645.1000000000781,19.237646160000008,8.600006880000004,0.0,0.0,0.0
645.2000000000781,19.237646160000008,8.600006880000004,0.0,0.0,0.0
645.3000000000782,19.237646160000008,8.600006880000004,0.0,0.0,0.0
645.4000000000782,19.237646160000008,8.600006880000004,0.0,0.0,0.0
645.5000000000782,19.237646160000008,8.600006880000004,0.0,0.0,0.0
645.6000000000782,19.237646160000008,8.600006880000004,0.0,0.0,0.0
645.7000000000783,19.237646160000008,8.600006880000004,0.0,0.0,0.0
645.8000000000783,19.237646160000008,8.600006880000004,0.0,0.0,0.0
645.9000000000783,19.237646160000008,8.600006880000004,0.0,0.0,0.0
646.0000000000783,19.237646160000008,8.600006880000004,0.0,0.0,0.0
646.1000000000784,19.237646160000008,8.600006880000004,0.0,0.0,0.0
646.2000000000784,19.237646160000008,8.600006880000004,0.0,0.0,0.0
646.3000000000784,19.237646160000008,8.600006880000004,0.0,0.0,0.0
646.4000000000784,19.237646160000008,8.600006880000004,0.0,0.0,0.0
646.5000000000784,19.237646160000008,8.600006880000004,0.0,0.0,0.0
646.6000000000785,19.237646160000008,8.600006880000004,0.0,0.0,0.0
646.7000000000785,19.237646160000008,8.600006880000004,0.0,0.0,0.0
646.8000000000785,19.237646160000008,8.600006880000004,0.0,0.0,0.0
646.9000000000785,19.237646160000008,8.600006880000004,0.0,0.0,0.0
647.0000000000786,19.237646160000008,8.600006880000004,2.3557676344598804,0.0,0.0
647.1000000000786,19.276754558312877,8.617489917777036,3.0,0.17483054450171642,0.17483054450171642
647.2000000000786,19.326394297511527,8.639680891406513,3.0,0.19837024621315535,0.2219099479245943
647.3000000000786,19.492879228850043,8.71410639767789,3.0,0.3803320883058971,0.7442557724913806
647.4000000000786,19.769313413696036,8.837683672764996,3.0,0.5941925485786522,1.2357739293969177
647.5000000000787,20.177701474286977,9.020249673905747,3.0,0.8404863893617687,1.8256617524942345
647.6000000000787,20.668346968990555,9.239588079186603,3.0,1.0659696818989068,2.1933861445845966
647.7000000000787,21.050774256105523,9.410548563277786,3.0,1.1579177946732921,1.7096064713196053
647.8000000000787,21.476215662778355,9.600738100708346,3.0,1.250915218851144,1.9018971880961073
647.9000000000788,21.923020716312966,9.800478053426993,3.0,1.3338581314295626,1.9974014320569085
648.0000000000788,22.41312177980802,10.019573075910385,3.0,1.4195675497154936,2.1909523142888734
648.1000000000788,22.948875343452077,10.259076614701092,3.0,1.50824665174072,2.3950376719929864
648.2000000000788,23.495370274753345,10.5033819798163,3.0,1.5861474291816453,2.443055981031823
648.3000000000789,24.003834433774156,10.730686049630444,3.0,1.6389855396972142,2.273042865884041
648.4000000000789,24.53789267743339,10.969431711734362,3.0,1.6924479224257998,2.387458897897414
648.5000000000789,25.075680264156727,11.209844541211172,3.0,1.7398934334324594,2.404130587525694
648.6000000000789,25.783804337447613,11.526404678119068,3.0,1.8290003680950904,3.165604388034557
648.700000000079,26.418609084150972,11.81018810690761,3.0,1.8883436990458307,2.837836994257677
648.800000000079,26.997801321749616,12.069110492045759,3.0,1.9272816224688474,2.589226320660132
648.900000000079,27.445596519514197,12.269293079332018,3.0,2.0018277819543275,2.0018277819543275
649.000000000079,27.954586250421034,12.496832101062738,3.0,1.9484144686842029,2.275392387290484
649.100000000079,28.437030465545895,12.712504202253418,3.0,2.1567230687182017,2.1567230687182017
649.2000000000791,28.80758735304651,12.878158137014045,3.0,2.119240643869138,1.6565409274068061
649.3000000000791,29.142658805745747,13.027948645402573,3.0,2.156923180864582,1.4979065124002406
649.4000000000791,29.51291381664021,13.193467629095476,3.0,2.177894055166864,1.655191415442578
649.5000000000791,29.881074154450694,13.358050209094094,3.0,2.1689023360206265,1.6458273695694652
649.6000000000791,30.274865428436396,13.534090855511772,3.0,2.1472534359430377,1.7604081430328216
649.7000000000792,30.646032461611213,13.700017550097188,3.0,2.1447365387898545,1.6592685282559358
649.8000000000792,30.981809496320256,13.850123482217306,3.0,2.124694717021262,1.5010607527242663
649.9000000000792,31.351933966489177,14.015584108919521,3.0,2.1075550376673737,1.654607844979155
650.0000000000792,31.771724718949347,14.203247575088493,3.0,2.0918392445224154,1.8766364513897094
650.1000000000793,32.12437930127574,14.360898454465646,3.0,2.0509128757852113,1.5765102972489071
650.2000000000793,32.552581784856855,14.552322305086603,3.0,2.024472093322191,1.9142403317714112
650.3000000000793,32.919158642757054,14.716197005440824,3.0,1.9927573783467203,1.6387485663746257
650.4000000000793,33.38432070800076,14.924143285777797,3.0,2.0794647865018883,2.0794647865018883
650.5000000000794,33.76451111468343,15.094103793731177,3.0,1.9421314784209123,1.6996067004050617
650.6000000000794,34.163158644569705,15.272315383195037,3.0,1.8729571387291042,1.7821175941983791
650.7000000000794,34.64019779070724,15.485571199665056,3.0,1.8376932989396237,2.1325601984680786
650.8000000000794,35.03939706265405,15.664029440173287,3.0,1.797461188256334,1.7845841069943396
650.9000000000794,35.52107364848445,15.879358379983481,3.0,1.8050343717406523,2.1532914516406896
651.0000000000795,35.93368589315496,16.063812762470086,3.0,1.7834920315742178,1.8445455839617961
651.1000000000795,36.36942380909761,16.258605256511032,3.0,1.7730522180431687,1.9479267980972221
651.2000000000795,36.77672737173785,16.44068644315006,3.0,1.7812658518155011,1.8208136028534474
651.3000000000795,37.19827878722605,16.629136996992262,3.0,1.8005958929769021,1.884507335628264
651.4000000000796,37.63225918463891,16.823143809078037,3.0,1.8148398207574057,1.9400699710526488
651.5000000000796,38.08013944108858,17.023364421041062,3.0,1.832658853733164,2.002208029084632
651.6000000000796,38.53258423468115,17.225625565952164,3.0,1.8457691154827955,2.022613378025449
651.7000000000796,38.98102485452682,17.42609668304564,3.0,2.0047130827781263,2.0047130827781263
651.8000000000796,39.40450866669837,17.615411096459507,3.0,1.8826456025518585,1.8931459395833399
651.9000000000797,39.85799291274214,17.818136918709897,3.0,2.0272601558498393,2.0272601558498393
652.0000000000797,40.297938125849306,18.01481024496182,3.0,1.9057831524331075,1.9667351381440086
652.1000000000797,40.72559916113061,18.205992046266303,3.0,1.9225486293855785,1.9118198362983192
652.2000000000797,41.16791064690025,18.403723192222778,3.0,1.9257022800608925,1.9773133452776985
652.3000000000798,41.616422080902296,18.604225966111837,3.0,2.0050296510358785,2.0050296510358785
652.4000000000798,42.0661412395556,18.80526864182795,1.2545293689572645,2.0104286744553264,2.0104286744553264
652.5000000000798,42.57893350350412,19.034507549815437,0.0,2.2923912660695396,2.2923912660695396
652.6000000000798,42.929074697329774,19.191034842750742,0.0,1.928832844092302,1.5652744221150643
652.7000000000799,43.193778452731635,19.309368140841606,0.0,1.68033326586953,1.1833341094239858
652.8000000000799,43.2474216,19.333348800000003,0.0,1.3202016544725417,0.2398068202815763
652.9000000000799,43.15958710796677,19.294083225121216,0.0,0.977630098927248,-0.39265612325392674
653.0000000000799,43.03995047078034,19.240600803501327,0.0,0.7255542947314559,-0.5348247262475044
653.10000000008,42.94058895356384,19.196182181567945,0.0,0.5584484464922183,-0.44418664294320837
653.20000000008,42.87040525590199,19.1648072265586,0.0,0.4494236595171142,-0.3137498493086137
653.30000000008,42.79187623717525,19.129701575081665,0.0,0.3604813807304057,-0.3510568495632622
653.40000000008,42.7214081214899,19.098199473698035,0.0,0.29293111123096144,-0.3150213142640373
653.50000000008,42.64279918919084,19.063058097618097,0.0,0.2343542742159668,-0.35141409593397943
653.6000000000801,42.5720119138102,19.031413318926003,0.0,0.1884540773055234,-0.3164480887093539
653.7000000000801,42.52241502323376,19.00924150036585,0.0,0.1569023485090468,-0.2217183970486723
653.8000000000801,42.501776400000004,19.000015200000004,0.0,0.1391048170693006,-0.09226309164740015
653.9000000000801,42.501776400000004,19.000015200000004,0.0,0.1298311625980139,0.0
654.0000000000801,42.53107265796358,19.013111813689097,0.0,0.12990210629751886,0.13096626179009335
654.1000000000802,42.58060043321554,19.03525273490032,0.0,0.13528488964853125,0.22140942326472945
654.2000000000802,42.60119576,19.044459680000003,0.0,0.13288403682367755,0.09206953880116456
654.3000000000802,42.63359904256149,19.05894525950623,0.0,0.1335141366333612,0.14485593320766726
654.4000000000802,42.68009146397168,19.07972925463069,0.0,0.1372304372745124,0.20784014945638524
654.5000000000803,42.70061512,19.088904160000002,0.0,0.027198331030632128,0.09174914119193486
654.6000000000803,42.72961571288851,19.101868599427306,0.0,-0.04458316417953691,0.1296445179116833
654.7000000000803,42.7503248,19.1111264,0.0,-0.09912096494992162,0.0925780940162926
654.8000000000803,42.77948166435603,19.124160699101648,0.0,-0.10459415019793253,0.13034311532135803
654.9000000000804,42.82935591578008,19.14645650919267,0.0,-0.07381342835824364,0.22295831353985052
655.0000000000804,42.84974416000001,19.155570880000003,0.0,-0.04251500229612768,0.09114379499481434
655.1000000000804,42.88629371702644,19.171910012099328,0.0,-0.012136096308191733,0.16339147681551078
655.2000000000804,42.89945384000001,19.177793120000004,0.0,0.006492952912863985,0.05883113511250066
655.3000000000804,42.928508518464064,19.190781737869827,0.0,0.030540110519400067,0.12988630256745942
655.4000000000805,42.949163520000006,19.200015360000002,0.0,0.05090799170062775,0.0923363093605165
655.5000000000805,42.97819269166746,19.212992575298824,0.0,0.07496731033476194,0.1297722767487041
655.6000000000805,42.998873200000006,19.222237600000003,0.0,0.095412231529195,0.09245033517930737
655.7000000000805,43.02785152358031,19.235192084144728,0.0,0.11297539963117635,0.1295449649909548
655.8000000000806,43.04858288,19.24445984,0.0,0.1222224365603974,0.09267764693702112
655.9000000000806,43.077574885177015,19.257420440372503,0.0,0.12870274292674994,0.12960612732705062
656.0000000000806,43.09829256,19.266682080000002,0.0,0.1267852540672933,0.09261648460096082
656.1000000000806,43.09829256,19.266682080000002,0.0,0.11571478290405683,0.0
656.2000000000806,43.09829256,19.266682080000002,0.0,0.11111130596399861,0.0
656.3000000000807,43.127413981855916,19.27970053486882,0.0,0.1103777429457127,0.13018467284194918
656.4000000000807,43.14800224,19.28890432,0.0,0.1045876324271948,0.09203793908602673
656.5000000000807,43.14800224,19.28890432,0.0,0.10000017536759805,0.0
656.6000000000807,43.17719388076654,19.301954165565448,0.0,0.10004287847739483,0.13049858010761944
656.7000000000808,43.197711919999996,19.31112656,0.0,0.10000017536759982,0.091724031820392
656.8000000000808,43.197711919999996,19.31112656,0.0,0.09348301960153191,0.0
656.9000000000808,43.197711919999996,19.31112656,0.0,0.08233510392453938,0.0
657.0000000000808,43.22692334107961,19.324185248166412,0.0,0.08430726448487741,0.1305870062015748
657.1000000000809,43.2474216,19.333348800000003,0.0,0.08071947093042371,0.09163560572643664
657.2000000000809,43.2474216,19.333348800000003,0.0,0.07777791417479868,0.0
657.3000000000809,43.2474216,19.333348800000003,0.0,0.0712835990464257,0.0
657.4000000000809,43.2474216,19.333348800000003,0.0,0.06666678357839989,0.0
657.500000000081,43.2474216,19.333348800000003,0.0,0.06017816974096468,0.0
657.600000000081,43.27634597850101,19.346279168509724,0.0,0.06202084340254601,0.129303808410934
657.700000000081,43.29713128,19.355571040000005,0.0,0.06018953532885214,0.09291880351707744
657.800000000081,43.29713128,19.355571040000005,0.0,0.05555565298200108,0.0
657.900000000081,43.29713128,19.355571040000005,0.0,0.04907534661564855,0.0
658.0000000000811,43.29713128,19.355571040000005,0.0,0.04444452238560052,0.0
658.1000000000811,43.32622051565228,19.368575106332386,0.0,0.05094656175261938,0.13004078734037722
658.2000000000811,43.34684096,19.377793280000002,0.0,0.05555565298199931,0.09218182458759869
658.3000000000811,43.34684096,19.377793280000002,0.0,0.04904641933990186,0.0
658.4000000000811,43.34684096,19.377793280000002,0.0,0.04444452238560052,0.0
658.5000000000812,43.34684096,19.377793280000002,0.0,0.04444452238560052,0.0
658.6000000000812,43.37584842591861,19.39076079195009,0.0,0.04440335553866068,0.12967524316882273
658.7000000000812,43.39655064,19.400015520000004,0.0,0.04444452238560051,0.0925473687591887
658.8000000000812,43.39655064,19.400015520000004,0.0,0.04444452238560051,0.0
658.9000000000813,43.367651046795466,19.38709623152151,0.0,0.03798487198595144,-0.12919300799298133
659.0000000000813,43.37558811661553,19.39064442315015,0.0,0.03322961918210324,0.03548195012461072
659.1000000000813,43.39655064,19.400015520000004,0.0,0.033333391789199945,0.0937110578683706
659.2000000000813,43.39655064,19.400015520000004,0.0,0.033333391789199945,0.0
659.3000000000814,43.39655064,19.400015520000004,0.0,0.033333391789199945,0.0
659.4000000000814,43.39655064,19.400015520000004,0.0,0.033333391789199945,0.0
659.5000000000814,43.39655064,19.400015520000004,0.0,0.033333391789199945,0.0
659.6000000000814,43.39655064,19.400015520000004,0.0,0.026868201368653238,0.0
659.7000000000814,43.39655064,19.400015520000004,0.0,0.02222226119279936,0.0
659.8000000000815,43.39655064,19.400015520000004,0.0,0.02222226119279936,0.0
659.9000000000815,43.39655064,19.400015520000004,0.0,0.02222226119279936,0.0
660.0000000000815,43.39655064,19.400015520000004,0.0,0.02222226119279936,0.0
660.1000000000815,43.42559130013701,19.412997871109948,0.0,0.022211403571225734,0.1298236349089046
660.2000000000816,43.44626032,19.42223776,0.0,0.022222261192799363,0.0923989770190713
660.3000000000816,43.417095760508204,19.409200020861043,0.0,0.01570338540643562,-0.13037751572727488
660.4000000000816,43.4257771986715,19.413080975283,0.0,0.01764386446799834,0.038809581231254366
660.5000000000816,43.44626032,19.42223776,0.0,0.022222261192799367,0.09156793449602052
660.6000000000816,43.44626032,19.42223776,0.0,0.01573849903435823,0.0
660.7000000000817,43.44626032,19.42223776,0.0,0.011111130596398794,0.0
660.8000000000817,43.44626032,19.42223776,0.0,0.011111130596398794,0.0
660.9000000000817,43.44626032,19.42223776,0.0,0.017570780996047863,0.0
661.0000000000817,43.44626032,19.42223776,0.0,0.015796683489817324,0.0
661.1000000000818,43.44626032,19.42223776,0.0,0.011111130596398795,0.0
661.2000000000818,43.44626032,19.42223776,0.0,0.011111130596398795,0.0
661.3000000000818,43.44626032,19.42223776,0.0,0.011111130596398795,0.0
661.4000000000818,43.44626032,19.42223776,0.0,0.011111130596398795,0.0
661.5000000000819,43.44626032,19.42223776,0.0,0.011111130596398795,0.0
661.6000000000819,43.44626032,19.42223776,0.0,0.011111130596398795,0.0
661.7000000000819,43.44626032,19.42223776,0.0,0.011111130596398795,0.0
661.8000000000819,43.47508492642667,19.435123526352125,0.0,0.01755401991687876,0.12885778640959933
661.900000000082,43.46715699610223,19.43157942044815,0.0,0.015781965274927305,-0.03544109283902912
662.000000000082,43.47517113716406,19.435162066042928,0.0,0.01757328978065706,0.03582649011459513
662.100000000082,43.4667770025403,19.43140954793777,0.0,0.009205847193290456,-0.03752521683842749
662.200000000082,43.47526341248642,19.435203316848796,0.0,0.006482784606862219,0.03793772529050652
662.300000000082,43.49597,19.444460000000003,0.0,0.017630006382764313,0.09256691979076707
662.4000000000821,43.49597,19.444460000000003,0.0,0.015689527321201595,0.0
662.5000000000821,43.49597,19.444460000000003,0.0,0.011111130596400573,0.0
662.6000000000821,43.49597,19.444460000000003,0.0,0.011111130596400573,0.0
662.7000000000821,43.49597,19.444460000000003,0.0,0.011111130596400573,0.0
662.8000000000822,43.49597,19.444460000000003,0.0,0.011111130596400573,0.0
662.9000000000822,43.49597,19.444460000000003,0.0,0.011111130596400573,0.0
663.0000000000822,43.49597,19.444460000000003,0.0,0.011111130596400573,0.0
663.1000000000822,43.467170778908994,19.431585581920917,0.0,0.004673915417850753,-0.1287443035709964
663.2000000000822,43.47510099915273,19.435130711511558,0.0,0.0064464819036225045,0.035451329715435013
663.3000000000823,43.49597,19.444460000000003,0.0,0.011111130596400573,0.09329297385556137
663.4000000000823,43.49597,19.444460000000003,0.0,0.011111130596400573,0.0
663.5000000000823,43.49597,19.444460000000003,0.0,0.011111130596400573,0.0
663.6000000000823,43.49597,19.444460000000003,0.0,0.011111130596400573,0.0
663.7000000000824,43.49597,19.444460000000003,0.0,0.011111130596400573,0.0
663.8000000000824,43.49597,19.444460000000003,0.0,0.004668241275920605,0.0
663.9000000000824,43.49597,19.444460000000003,0.0,0.006440295917872062,0.0
664.0000000000824,43.49597,19.444460000000003,0.0,0.0046489714121423055,0.0
664.1000000000824,43.49597,19.444460000000003,0.0,0.00652523225406368,0.0
664.2000000000825,43.49597,19.444460000000003,0.0,0.004628345989538353,0.0
664.3000000000825,43.49597,19.444460000000003,0.0,0.0,0.0
664.4000000000825,43.49597,19.444460000000003,0.0,0.0,0.0
664.5000000000825,43.49597,19.444460000000003,0.0,0.0,0.0
664.6000000000826,43.49597,19.444460000000003,0.0,0.0,0.0
664.7000000000826,43.49597,19.444460000000003,0.0,0.0,0.0
664.8000000000826,43.49597,19.444460000000003,0.0,0.0,0.0
664.9000000000826,43.49597,19.444460000000003,0.0,0.0,0.0
665.0000000000827,43.49597,19.444460000000003,0.0,0.0,0.0
665.1000000000827,43.49597,19.444460000000003,0.0,0.0064372151785498195,0.0
665.2000000000827,43.49597,19.444460000000003,0.0,0.004664648692778069,0.0
665.3000000000827,43.49597,19.444460000000003,0.0,0.0,0.0
665.4000000000827,43.49597,19.444460000000003,0.0,0.0,0.0
665.5000000000828,43.49597,19.444460000000003,0.0,0.0,0.0
665.6000000000828,43.49597,19.444460000000003,0.0,0.0,0.0
665.7000000000828,43.49597,19.444460000000003,0.0,0.0,0.0
665.8000000000828,43.49597,19.444460000000003,0.0,0.0,0.0
665.9000000000829,43.49597,19.444460000000003,0.0,0.0,0.0
666.0000000000829,43.49597,19.444460000000003,0.0,0.0,0.0
666.1000000000829,43.49597,19.444460000000003,0.0,0.0,0.0
666.2000000000829,43.49597,19.444460000000003,0.0,0.0,0.0
666.300000000083,43.49597,19.444460000000003,0.0,0.0,0.0
666.400000000083,43.49597,19.444460000000003,0.0,0.0,0.0
666.500000000083,43.49597,19.444460000000003,0.0,0.0,0.0
666.600000000083,43.49597,19.444460000000003,0.0,0.0,0.0
666.700000000083,43.49597,19.444460000000003,0.0,0.0,0.0
666.8000000000831,43.49597,19.444460000000003,0.0,0.0,0.0
666.9000000000831,43.49597,19.444460000000003,0.0,0.0,0.0
667.0000000000831,43.49597,19.444460000000003,0.0,0.0,0.0
667.1000000000831,43.49597,19.444460000000003,0.0,0.0,0.0
667.2000000000832,43.49597,19.444460000000003,0.0,0.0,0.0
667.3000000000832,43.49597,19.444460000000003,-0.5874203617395324,0.0,0.0
667.4000000000832,43.49597,19.444460000000003,-1.0,-1.0,0.0
667.5000000000832,43.4668742826918,19.43145303610494,-1.0,-1.0,-0.13006976299481515
667.6000000000832,43.358961023992556,19.383211439418005,-1.0,-1.0,-0.48241642693751013
667.7000000000833,43.15223610111412,19.29079702737218,-1.0,-1.0,-0.9241450017916185
667.8000000000833,42.87368331235807,19.16627265054243,-1.0,-1.0,-1.2452449558556025
667.9000000000833,42.57996612916429,19.034969175302678,-1.0,-1.0,-1.3130360046062557
668.0000000000833,42.28307266485336,18.90224577377708,-1.0,-0.7745924904559988,-1.3272352810061885
668.1000000000834,41.97894036956931,18.766286321663266,-1.0,-0.8477179063677164,-1.3595958177497398
668.2000000000834,41.710464885477585,18.64626690810835,-1.0,-0.886882059009591,-1.2001952801445885
668.3000000000834,41.48810153048016,18.546861483612396,-1.0,-0.8975993724050747,-0.9940551929644279
668.4000000000834,41.26524281674207,18.44723461369935,-1.0,-0.9065693975725434,-0.9962696492472304
668.5000000000834,41.01400867751913,18.334922779505174,-1.0,-0.9246152321941571,-1.1231194130319073
668.6000000000835,40.76564152117892,18.22389260276073,-1.0,-0.9388988932801231,-1.110302826311715
668.7000000000835,40.53547248781897,18.120997723938483,-1.0,-0.945331098724789,-1.028949769505447
668.8000000000835,40.31789558320986,18.023732036597895,-1.0,-0.9471528788767796,-0.972657801004645
668.9000000000835,40.0895359806605,17.92164604662257,-1.0,-0.9517596285296089,-1.0208608733220503
669.0000000000836,39.89068213849124,17.832750326400525,-1.0,-0.9480654180276853,-0.8889580499969069
669.1000000000836,39.69277968799606,17.74427991678429,-1.0,-0.9445453914640767,-0.8847049398827308
669.2000000000836,39.49489432691895,17.655817146829982,-1.0,-0.9413918731338938,-0.8846285431906025
669.3000000000836,39.29516688418522,17.566530891778346,-1.0,-0.9389654495780618,-0.8928634020172569
669.4000000000837,39.097189753444866,17.47802709706827,-1.0,-0.9832173891350374,-0.8850387911395127
669.5000000000837,38.89567824766465,17.387943293587554,-1.0,-1.0217558456810005,-0.9008388939140818
669.6000000000837,38.69782800020894,17.299496220843974,-1.0,-1.0418586028808063,-0.8844715709336252
669.7000000000837,38.47968820038799,17.20197889654872,-1.0,-1.0444100614387803,-0.9751741729510989
669.8000000000837,38.24985059926964,17.099232181360126,-1.0,-1.033521220233796,-1.0274681317559118
669.9000000000838,38.05076136248456,17.01023123021228,-1.0,-1.012369938016407,-0.8900103602584754
670.0000000000838,37.851569489196436,16.92118439639122,-1.0,-0.9905316333375082,-0.8904691874282107
670.1000000000838,37.65358335432188,16.832676576468526,-1.0,-0.9668057946152256,-0.8850790433040835
670.2000000000838,37.45479299529882,16.743809235783637,-1.0,-0.9512297433257311,-0.8886742543546998
670.3000000000839,37.21331007400811,16.635856590889865,-1.0,-0.9555033576002769,-1.0795274784553432
670.4000000000839,36.986073462863004,16.53427262354883,-1.0,-0.9564819072474897,-1.0158406421914847
670.5000000000839,36.807874830761776,16.45461061867925,-1.0,-0.940156977016524,-0.796620808412598
670.6000000000839,36.5914751502189,16.357871198169057,-1.0,-0.9330115920850293,-0.9673951276818195
670.700000000084,36.360972280752996,16.254827081088443,-1.0,-0.9330862112853747,-1.0304421535123587
670.800000000084,36.16143707056043,16.165626761767346,-1.0,-0.9290535234297586,-0.8920040438923219
670.900000000084,35.943170659584254,16.06805283715847,-1.0,-0.9267974885950119,-0.9757401766271174
671.000000000084,35.71487859037944,15.965997037322987,-1.0,-0.9333775346769514,-1.0205589716356938
671.100000000084,35.51680551820891,15.877450352908385,-1.0,-0.9334156721125056,-0.885467688593816
671.2000000000841,35.2990266290964,15.780094370315226,-1.0,-0.9378622826725496,-0.9735607543914784
671.3000000000841,35.069621690029884,15.677541072584852,-1.0,-0.9444958103381433,-1.025533955329134
671.4000000000841,34.85012373724233,15.579416598913854,-1.0,-0.9493061544061066,-0.9812456724987745
671.5000000000841,34.61988890133476,15.476492303688083,-1.0,-0.955726406401463,-1.0292439338212123
671.6000000000842,34.402099200517355,15.379131487825004,-1.0,-0.9601832822116201,-0.9736090871367661
671.7000000000842,34.173113848607436,15.276765762545205,-1.0,-0.9626074850157931,-1.0236582290345577
671.8000000000842,33.97488069247419,15.188147514116517,-1.0,-0.9555432448988551,-0.8861833294171579
671.9000000000842,33.75775642979335,15.091084176048028,-1.0,-0.9595744422036265,-0.9706343063538996
672.0000000000842,33.52853976552325,14.988615044776017,-1.0,-0.9662855973293574,-1.024692289942831
672.1000000000843,33.31136625090555,14.891529689097244,-1.0,-0.9705743692974892,-0.9708544826667191
672.2000000000843,33.080627886403335,14.788380296198802,-1.0,-0.977715402214485,-1.0314949126946162
672.3000000000843,32.862056116488844,14.690669863778709,-1.0,-0.9725942910937742,-0.9771052560411241
672.4000000000843,32.632523247725025,14.588059376293009,-1.0,-0.9731075516555897,-1.0261058534277996
672.5000000000844,32.43430010356612,14.499445603622299,-1.0,-0.9775834398246948,-0.886138571794698
672.6000000000844,32.21723554358135,14.402408955076663,-1.0,-0.9777320539841456,-0.9703674108708371
672.7000000000844,31.987132814920006,14.29954371713976,-1.0,-0.9776426143269932,-1.0286533603693075
672.8000000000844,31.768500022782327,14.201806005314747,-1.0,-0.9819113146499008,-0.9773780503504796
672.9000000000844,31.537849656529083,14.09869595119717,-1.0,-0.9846793820440857,-1.0311015245108128
673.0000000000845,31.321851610862026,14.002136077741048,-1.0,-0.9819314162337418,-0.9655996554288173
673.1000000000845,31.094179792017243,13.900357554934116,-1.0,-0.9885473417393446,-1.0177861987058718
673.2000000000845,30.877063608296123,13.80329782848778,-1.0,-0.9883992135246669,-0.970598190097923
673.3000000000845,30.628562806077127,13.692207906623407,-1.0,-0.9926675296622498,-1.1109002780807937
673.4000000000846,30.426896295235547,13.602054809603185,-1.0,-0.98868183753581,-0.9015318299699717
673.5000000000846,30.232064881083613,13.51495727759687,-1.0,-0.9807684483792858,-0.8709761506907305
673.6000000000846,29.99776879506537,13.410217439107504,-1.0,-0.9844579632110257,-1.0473993837715632
673.7000000000846,29.78243316643591,13.313953692892387,-1.0,-0.9814069707690309,-0.9626383801946672
673.8000000000847,29.55434294288777,13.211988126239364,-1.0,-0.9880806362457022,-1.0196566389505783
673.9000000000847,29.33289963821038,13.112994001494766,-1.0,-0.9890460305044284,-0.9899421915284229
674.0000000000847,29.103333596039143,13.010368684152562,-1.0,-0.9891241236139999,-1.0262541521342652
674.1000000000847,28.885566864098962,12.913018136307748,-1.0,-0.9892567198234736,-0.9735064068561927
674.2000000000847,28.656320827662505,12.810535874487924,-1.0,-0.9889231539660521,-1.0248235955461886
674.3000000000848,28.438023539385753,12.712948146475288,-1.0,-0.988861801703813,-0.9758782107963437
674.4000000000848,28.207418884050316,12.609858526989077,-1.0,-0.9891013679325367,-1.0308971780022669
674.5000000000848,27.989294040186625,12.512347888612377,-1.0,-0.9935498050278918,-0.9751073137018068
674.6000000000848,27.740751040671658,12.401239102847885,-1.0,-1.000585880347444,-1.1110889172618783
674.7000000000849,27.511660786995733,12.298826482230586,-1.0,-1.0003595714718176,-1.0241271828567815
674.8000000000849,27.293785856721613,12.201427565348908,-1.0,-1.0001901738385999,-0.9739900976861229
674.9000000000849,27.064455837781967,12.098907759949208,-1.0,-0.9998950491982086,-1.0251990317029842
675.0000000000849,26.865469484326592,12.009952801816102,-1.0,-0.9960925879103908,-0.8895504296724618
675.100000000085,26.64705275057825,11.91231167684061,-1.0,-0.9940238870218042,-0.9764121809341441
675.200000000085,26.417598500274263,11.809736334990182,-1.0,-0.9967816973539027,-1.0257543967398925
675.300000000085,26.199942942639492,11.712435486561995,-1.0,-0.9898871540606609,-0.9730094122159558
675.400000000085,25.952401418011558,11.601774400627669,-1.0,-1.0001411582966937,-1.106611914690628
675.500000000085,25.723301895639015,11.499357636527638,-1.0,-1.007800781648338,-1.0241686177236173
675.6000000000851,25.50536753883639,11.401932153581186,-1.0,-1.0041436003891206,-0.9742557585872149
675.7000000000851,25.275377817521537,11.299117434504504,-1.0,-1.007419089943653,-1.028148171285317
675.8000000000851,25.05663495147086,11.201330515182834,-1.0,-1.0053297642854406,-0.9778701257863287
675.9000000000851,24.807980274062345,11.090171804877427,-1.0,-1.011412062866377,-1.1115881631471518
676.0000000000852,24.57880850730304,10.987722744610908,-1.0,-1.0113239342444884,-1.024491579696496
676.1000000000852,24.3606764424256,10.890208878148641,-1.0,-1.0114055936310915,-0.975139594588252
676.2000000000852,24.13151813071191,10.787765832832386,-1.0,-1.0113859853606066,-1.0244314301364918
676.3000000000852,23.913842945332924,10.690456210007692,-1.0,-1.0112469326340248,-0.9730971562647066
676.4000000000852,23.685039589684,10.588171844426668,-1.0,-1.0108443052974565,-1.022844631270896
676.5000000000853,23.46736996490154,10.4908647074138,-1.0,-1.0107425545185027,-0.973072298122734
676.6000000000853,23.23782733829195,10.38824985777589,-1.0,-1.0064955824049844,-1.0261494749915103
676.7000000000853,23.02010422047465,10.290918807210197,-1.0,-1.0039547949560974,-0.9733114338790422
676.8000000000853,22.790640472925816,10.188339219706727,-1.0,-1.006545132737332,-1.0257968533108157
676.9000000000854,22.575551593832078,10.092185780526428,-1.0,-1.0033619465919086,-0.9615353087945133
677.0000000000854,22.346742153169693,9.989898694697969,-1.0,-1.010028016796845,-1.0228718337711915
677.1000000000854,22.12525296891728,9.890884059925398,-1.0,-1.0107147723503254,-0.9901472920037507
677.2000000000854,21.895110936510573,9.788001251622678,-1.0,-1.0108685057230835,-1.0288290641950546
677.3000000000854,21.677059281122975,9.690523331458627,-1.0,-1.01095704167545,-0.9747801312632874
677.4000000000855,21.448523166310437,9.588358433353635,-1.0,-1.0067089437094805,-1.0216499553712368
677.5000000000855,21.233512105493958,9.492239782094595,-1.0,-1.0035598842858078,-0.9611874292501663
677.6000000000855,21.00524849910661,9.390196706291146,-1.0,-1.0058686829161485,-1.0204317311940232
677.7000000000855,20.78272816935501,9.290721107723238,-0.6164230763706655,-0.9947569343532204,-0.9947569343532204
677.8000000000856,20.55295288159453,9.188002249129047,0.0,-1.027189565546214,-1.027189565546214
677.9000000000856,20.373535105416174,9.107795237486613,0.0,-0.9146302234424781,-0.8020708813387422
678.0000000000856,20.262515132557226,9.058164813760992,0.0,-0.775188385818072,-0.4963047105692599
678.1000000000856,20.231839760000003,9.044451680000002,0.0,-0.6156741564607209,-0.13713146838866752
678.2000000000857,20.26808422697898,9.060654424493206,0.0,-0.4601338052778553,0.16202759945360706
678.3000000000857,20.33125912,9.088896160000001,0.0,-0.33637523366448274,0.2824176244023803
678.4000000000857,20.350175853184435,9.097352705784253,0.0,-0.2762408376423417,0.08456553849050467
678.5000000000857,20.399584621045054,9.11944042587223,0.0,-0.2141010564964376,0.22087741152489102
678.6000000000857,20.43067848,9.133340640000002,0.0,-0.1748673531256546,0.13900227384060942
678.7000000000858,20.43067848,9.133340640000002,0.0,-0.15738061781308915,0.0
678.8000000000858,20.44966581960294,9.141828749712596,0.0,-0.13535681818690437,0.08488117807494341
678.9000000000858,20.480388160000004,9.155562880000003,0.0,-0.11263196385023999,0.13734143385306802
679.0000000000858,20.480388160000004,9.155562880000003,0.0,-0.10396796663099075,0.0
679.1000000000859,20.480388160000004,9.155562880000003,0.0,-0.09654168330020571,0.0
679.2000000000859,20.461266644544832,9.147014788247882,0.0,-0.09580430434967532,-0.08548099904225011
679.3000000000859,20.43067848,9.133340640000002,0.0,-0.0983628861331807,-0.13674161288576134
679.4000000000859,20.43067848,9.133340640000002,0.0,-0.09257683400769948,0.0
679.500000000086,20.4115021176745,9.12476802947577,0.0,-0.09219624250711478,-0.08572618699717473
679.600000000086,20.380968799999998,9.1111184,0.0,-0.09452783105573172,-0.13649642493083672
679.700000000086,20.380968799999998,9.1111184,0.0,-0.08980143950294514,0.0
679.800000000086,20.380968799999998,9.1111184,0.0,-0.03844196122563442,0.0
679.900000000086,20.36194851751149,9.102615563483502,0.0,-0.0025898394714189642,-0.08502844625443282
680.0000000000861,20.33125912,9.088896160000001,0.0,0.015365687773365996,-0.13719416567356085
680.1000000000861,20.31344653267566,9.080933212128631,0.0,0.018240783460081393,-0.07962955465435974
680.2000000000861,20.28154944,9.066673920000001,0.0,0.003009750623719333,-0.14259305727363394
680.3000000000861,20.257388428141304,9.055872969276384,0.0,-0.016511611108507677,-0.10800961024215985
680.4000000000862,20.231839760000003,9.044451680000002,0.0,-0.026450538117324597,-0.11421300168583381
680.5000000000862,20.21341354252673,9.036214414602533,0.0,-0.04161304532014148,-0.08237273253144657
680.6000000000862,20.182130079999997,9.02222944,0.0,-0.055555652982000193,-0.13984987939656487
680.7000000000862,20.163206935706214,9.013770028190246,0.0,-0.05978536292064318,-0.08459419877285983
680.8000000000862,20.1324204,9.0000072,0.0,-0.07091084248214703,-0.13762841315513386
680.9000000000863,20.1324204,9.0000072,0.0,-0.07777791417480044,0.0
681.0000000000863,20.113486815089406,8.991543120811729,0.0,-0.08200995780492774,-0.08464087260254599
681.1000000000863,20.08271072,8.977784960000001,0.0,-0.08888904477120013,-0.13758173932544768
681.2000000000863,20.08271072,8.977784960000001,0.0,-0.08461499481908762,0.0
681.3000000000864,20.08271072,8.977784960000001,0.0,-0.07777791417479957,0.0
681.4000000000864,20.08271072,8.977784960000001,0.0,-0.07777791417479957,0.0
681.5000000000864,20.08271072,8.977784960000001,0.0,-0.07349160482494083,0.0
681.6000000000864,20.08271072,8.977784960000001,0.0,-0.066666783578399,0.0
681.7000000000864,20.08271072,8.977784960000001,0.0,-0.066666783578399,0.0
681.8000000000865,20.08271072,8.977784960000001,0.0,-0.066666783578399,0.0
681.9000000000865,20.0636699199264,8.969272951292087,0.0,-0.06667136967848028,-0.08512016825605848
682.0000000000865,20.033001040000002,8.955562720000001,0.0,-0.066666783578399,-0.1371024436719352
682.1000000000865,20.033001040000002,8.955562720000001,0.0,-0.06268530584568101,0.0
682.2000000000866,20.033001040000002,8.955562720000001,0.0,-0.05555565298199931,0.0
682.3000000000866,20.033001040000002,8.955562720000001,0.0,-0.05015517246989132,0.0
682.4000000000866,20.033001040000002,8.955562720000001,0.0,-0.04444452238559963,0.0
682.5000000000866,20.033001040000002,8.955562720000001,0.0,-0.04032588575902729,0.0
682.6000000000867,20.033001040000002,8.955562720000001,0.0,-0.03333339178919905,0.0
682.7000000000867,20.033001040000002,8.955562720000001,0.0,-0.029103681850556062,0.0
682.8000000000867,20.033001040000002,8.955562720000001,0.0,-0.022222261192799367,0.0
682.9000000000867,20.013872728356905,8.94701159007666,0.0,-0.026497830231970776,-0.08551138078342821
683.0000000000867,20.002566473966116,8.941957236506628,0.0,-0.024792965796965057,-0.050543583902431494
683.1000000000868,20.013617163668275,8.946897342311512,0.0,-0.015443823572622233,0.049401105161408734
683.2000000000868,19.98329136,8.93334048,0.0,-0.02222226119280026,-0.13556875240356045
683.3000000000868,19.98329136,8.93334048,0.0,-0.02222226119280026,0.0
683.4000000000868,19.98329136,8.93334048,0.0,-0.02222226119280026,0.0
683.5000000000869,19.98329136,8.93334048,0.0,-0.02222226119280026,0.0
683.6000000000869,19.98329136,8.93334048,0.0,-0.02222226119280026,0.0
683.7000000000869,19.96426076610349,8.924833033866555,0.0,-0.0264759883161929,-0.08507454246785287
683.8000000000869,19.93358168,8.91111824,0.0,-0.03333339178919994,-0.1371480694601408
683.900000000087,19.93358168,8.91111824,0.0,-0.029077383376397016,0.0
684.000000000087,19.93358168,8.91111824,0.0,-0.02222226119280025,0.0
684.100000000087,19.93358168,8.91111824,0.0,-0.02222226119280025,0.0
684.200000000087,19.93358168,8.91111824,0.0,-0.02222226119280025,0.0
684.300000000087,19.93358168,8.91111824,0.0,-0.02222226119280025,0.0
684.4000000000871,19.93358168,8.91111824,0.0,-0.02222226119280025,0.0
684.5000000000871,19.93358168,8.91111824,0.0,-0.02222226119280025,0.0
684.6000000000871,19.93358168,8.91111824,0.0,-0.02222226119280025,0.0
684.7000000000871,19.93358168,8.91111824,0.0,-0.02222226119280025,0.0
684.8000000000872,19.93358168,8.91111824,0.0,-0.02222226119280025,0.0
684.9000000000872,19.93358168,8.91111824,0.0,-0.017946692153628846,0.0
685.0000000000872,19.93358168,8.91111824,0.0,-0.01541951295850727,0.0
685.1000000000872,19.93358168,8.91111824,0.0,-0.017889568216577705,0.0
685.2000000000872,19.93358168,8.91111824,0.0,-0.011111130596399683,0.0
685.3000000000873,19.93358168,8.91111824,0.0,-0.011111130596399683,0.0
685.4000000000873,19.93358168,8.91111824,0.0,-0.011111130596399683,0.0
685.5000000000873,19.93358168,8.91111824,0.0,-0.011111130596399683,0.0
685.6000000000873,19.93358168,8.91111824,0.0,-0.011111130596399683,0.0
685.7000000000874,19.91446095137292,8.902570499991901,0.0,-0.011131277552940643,-0.08547748159867208
685.8000000000874,19.90291751003089,8.897410114249556,0.0,-0.006854069411772017,-0.05160390663676825
685.9000000000874,19.91461061037113,8.902637403624682,0.0,-0.00424042223164074,0.05227294360262552
686.0000000000874,19.901527811551595,8.896788862752171,0.0,-0.0071646954567007705,-0.05848546450120058
686.1000000000874,19.91778357067386,8.904055845371998,0.0,-0.003531200681616708,0.07266989550168125
686.2000000000875,19.883872,8.888896,0.0,-0.011111130596399685,-0.15159859829565953
686.3000000000875,19.883872,8.888896,0.0,-0.011111130596399685,0.0
686.4000000000875,19.883872,8.888896,0.0,-0.011111130596399685,0.0
686.5000000000875,19.883872,8.888896,0.0,-0.011111130596399685,0.0
686.6000000000876,19.883872,8.888896,0.0,-0.011111130596399685,0.0
686.7000000000876,19.883872,8.888896,0.0,-0.011111130596399685,0.0
686.8000000000876,19.883872,8.888896,0.0,-0.011111130596399685,0.0
686.9000000000876,19.883872,8.888896,0.0,-0.011111130596399685,0.0
687.0000000000877,19.883872,8.888896,0.0,-0.011111130596399685,0.0
687.1000000000877,19.883872,8.888896,0.0,-0.011111130596399685,0.0
687.2000000000877,19.883872,8.888896,0.0,-0.011111130596399685,0.0
687.3000000000877,19.883872,8.888896,0.0,-0.011111130596399685,0.0
687.4000000000877,19.883872,8.888896,0.0,-0.011111130596399685,0.0
687.5000000000878,19.883872,8.888896,0.0,-0.011111130596399685,0.0
687.6000000000878,19.883872,8.888896,0.0,-0.011111130596399685,0.0
687.7000000000878,19.883872,8.888896,0.0,-0.00683725651646608,0.0
687.8000000000878,19.883872,8.888896,0.0,-0.004257061184627667,0.0
687.9000000000879,19.883872,8.888896,0.0,-0.006870708364758943,0.0
688.0000000000879,19.883872,8.888896,0.0,-0.003946435139698914,0.0
688.1000000000879,19.883872,8.888896,0.0,-0.007579929914782976,0.0
688.2000000000879,19.883872,8.888896,0.0,0.0,0.0
688.300000000088,19.883872,8.888896,0.0,0.0,0.0
688.400000000088,19.883872,8.888896,0.0,0.0,0.0
688.500000000088,19.883872,8.888896,0.0,0.0,0.0
688.600000000088,19.883872,8.888896,0.0,0.0,0.0
688.700000000088,19.883872,8.888896,0.0,0.0,0.0
688.8000000000881,19.883872,8.888896,0.0,0.0,0.0
688.9000000000881,19.883872,8.888896,0.0,0.0,0.0
689.0000000000881,19.883872,8.888896,0.0,0.0,0.0
689.1000000000881,19.883872,8.888896,0.0,0.0,0.0
689.2000000000882,19.883872,8.888896,0.0,0.0,0.0
689.3000000000882,19.883872,8.888896,0.0,0.0,0.0
689.4000000000882,19.883872,8.888896,0.0,0.0,0.0
689.5000000000882,19.883872,8.888896,0.0,0.0,0.0
689.6000000000882,19.883872,8.888896,0.0,0.0,0.0
689.7000000000883,19.883872,8.888896,0.0,0.0,0.0
689.8000000000883,19.883872,8.888896,0.0,0.0,0.0
689.9000000000883,19.883872,8.888896,0.0,0.0,0.0
690.0000000000883,19.883872,8.888896,0.0,0.0,0.0
690.1000000000884,19.883872,8.888896,0.0,0.0,0.0
690.2000000000884,19.883872,8.888896,0.0,0.0,0.0
690.3000000000884,19.883872,8.888896,0.0,0.0,0.0
690.4000000000884,19.883872,8.888896,0.0,0.0,0.0
690.5000000000884,19.883872,8.888896,0.0,0.0,0.0
690.6000000000885,19.87598534281163,8.885370344859238,0.0,-0.0017628292515463571,-0.03525658503092714
690.7000000000885,19.84084158242989,8.869659660789141,0.0,-0.009618178778039898,-0.15710699052987082
690.8000000000885,19.883872,8.888896,0.0,0.0,0.19236357556079797
690.9000000000885,19.883872,8.888896,0.0,0.0,0.0
691.0000000000886,19.883872,8.888896,0.0,0.0,0.0
691.1000000000886,19.883872,8.888896,0.0,0.0,0.0
691.2000000000886,19.883872,8.888896,0.0,0.0,0.0
691.3000000000886,19.883872,8.888896,0.5150072927285692,0.0,0.0
691.4000000000887,19.883872,8.888896,2.75,0.0,0.0
691.5000000000887,19.883872,8.888896,2.75,0.0,0.0
691.6000000000887,19.91161773101407,8.901299465352626,2.75,0.04134492393834147,0.12403477181502442
691.7000000000887,20.069945615135723,8.972078441190803,2.75,0.20795630129958845,0.7077904333833294
691.8000000000887,20.29318078277634,9.071873601243132,2.75,0.3659555514886724,0.9979525522450083
691.9000000000888,20.641928934534736,9.22777814796183,2.75,0.564804118575564,1.5590469540100216
692.0000000000888,21.129055272584367,9.44554334770683,2.75,0.7952112550965909,2.1776540742227524
692.1000000000888,21.592627508036912,9.65277890974551,2.75,0.9548545478021453,2.0723575967410266
692.2000000000888,21.967280211993987,9.820263840326096,2.75,1.0348541428317004,1.67485090306814
692.3000000000889,22.40629856836373,10.01652282408246,2.75,1.1276278994722246,1.9625917092369443
692.4000000000889,22.877110182346783,10.226994681489682,2.75,1.2164545069102213,2.104720581290188
692.5000000000889,23.409990974931077,10.46521397528112,2.75,1.3135995654804338,2.3821952097527705
692.6000000000889,23.9322977236704,10.698706243268058,2.75,1.392163053260961,2.3349249066272897
692.700000000089,24.468847982244874,10.938565936955566,2.75,1.4640513511964326,2.398599224357559
692.800000000089,25.04440042056565,11.195861184419432,2.75,1.5379782563433162,2.572954928399687
692.900000000089,25.568988735779495,11.430373405014649,2.75,1.588424892974179,2.3451244424371223
693.000000000089,26.20997041843025,11.716918174312477,2.75,1.6635440419571543,2.865450425684758
693.100000000089,26.904168110051195,12.027252654652054,2.75,1.7435331375694696,3.1033477629788275
693.2000000000891,27.477598126357204,12.28359909352585,2.75,1.7866875426158368,2.563466833450446
693.3000000000891,27.95082356822737,12.495150029748835,2.75,1.8031287344719806,2.1155113797387126
693.4000000000891,28.425714434245528,12.707445478008879,2.75,2.12295650720953,2.12295650720953
693.5000000000891,28.903848135352693,12.921190604875349,2.75,2.1374533070990265,2.1374533070990265
693.6000000000892,29.28733584077817,13.09262513889396,2.75,2.095664835352397,1.7143469751147826
693.7000000000892,29.62614076360803,13.244084659621246,2.75,2.1360051462684697,1.5145966517047884
693.8000000000892,30.09058178771711,13.451708605371804,2.75,2.07624143756372,2.07624143756372
693.9000000000892,30.437629845252328,13.606853141125836,2.75,2.1895395846896695,1.551446837115315
694.0000000000892,30.79488231788421,13.766559463665413,2.75,2.1605101184023017,1.597064748475404
694.1000000000893,31.199084849222785,13.947254363733434,2.75,2.1472397747613856,1.8069507239227056
694.2000000000893,31.595021893653133,14.124254256434853,2.75,2.1519972603588946,1.7700006150183156
694.3000000000893,31.928918478380606,14.273519551262625,2.75,2.1285003934862408,1.4926543717838638
694.4000000000893,32.28585079811433,14.433082752491833,2.75,2.103046041122071,1.5956335340067984
694.5000000000894,32.68403923979977,14.611089110938718,2.75,2.072939544738002,1.780065282071386
694.6000000000894,33.08228057824204,14.789119116378007,2.75,2.045208387017685,1.7803017522209525
694.7000000000894,33.478521957781616,14.966255059197586,2.75,2.0138464816746766,1.7713611174973896
694.8000000000894,33.87676315806074,15.144285002872353,2.75,1.974213791983449,1.7803011345751396
694.9000000000894,34.282664104290376,15.32573916317558,2.75,1.9476847365373753,1.8145433335156447
695.0000000000895,34.72728789608443,15.524504003563958,2.75,1.9876502994548222,1.9876502994548222
695.1000000000895,35.14801618722661,15.712586587490296,2.75,1.8426687237249566,1.8808276329603875
695.2000000000895,35.574860133728606,15.903403117021659,2.75,1.8099037378066138,1.9081671150835955
695.3000000000895,36.02456912435595,16.104441247218407,2.75,1.8046473297805945,2.010383219218323
695.4000000000896,36.47185943779548,16.304398130765602,2.75,1.7984780415406785,1.9995707424112086
695.5000000000896,36.917682298586215,16.50369900355292,2.75,1.791255907613539,1.9930106285562377
695.6000000000896,37.367147284340476,16.704628053690193,2.75,1.8060031797369647,2.0092924175832976
695.7000000000896,37.81093512498283,16.90301919006114,2.75,1.829469009937555,1.983913255716592
695.8000000000897,38.252721156186524,17.10051543654786,2.75,1.824405155476367,1.9749643483399575
695.9000000000897,38.7187143534314,17.308833266546827,2.75,2.0831802866652187,2.0831802866652187
696.0000000000897,39.10035856558968,17.479443684421017,2.75,1.8564438808206511,1.7061058058111909
696.1000000000897,39.53385850919907,17.67323571420021,2.75,1.937922145938504,1.937922145938504
696.2000000000897,40.05991099621796,17.908402478885293,2.75,2.351669889578002,2.351669889578002
696.3000000000898,40.44577442863609,18.080899059076906,2.75,1.903691569408896,1.724967446973278
696.4000000000898,40.89461009318559,18.2815467771507,2.75,2.0064790942655386,2.0064790942655386
696.5000000000898,41.336292929090575,18.478996891159905,2.75,1.9745030231248584,1.9745030231248584
696.6000000000898,41.78585888397923,18.679971078589094,2.75,2.0097437909329265,2.0097437909329265
696.7000000000899,42.29243398469244,18.906430662840553,2.75,2.2645980022035324,2.2645980022035324
696.8000000000899,42.66366480052143,19.07238587085532,2.75,1.9640523070577252,1.6595536628213887
696.9000000000899,43.12943746472263,19.28060511365307,2.75,2.08219441371283,2.08219441371283
697.0000000000899,43.57681224916256,19.48059975915818,2.75,1.9999483623504966,1.9999483623504966
697.10000000009,44.02406262361944,19.68053878836277,2.75,1.9993921988148835,1.9993921988148835
697.20000000009,44.46238633276141,19.876487236677928,2.75,1.9594863518633772,1.9594863518633772
697.30000000009,44.87032008818608,20.058850145011842,2.75,1.977206334507617,1.8236308224890203
697.40000000009,45.33941141640968,20.26855296502001,2.75,2.0970301999655234,2.0970301999655234
697.50000000009,45.823926973105536,20.48515103977384,2.75,2.1659828131804706,2.1659828131804706
697.6000000000901,46.21724395429231,20.660979658103468,2.75,1.9781776887438922,1.7582878601302578
697.7000000000901,46.76025383282604,20.90372706350112,2.2406494843401106,2.427476368998377,2.427476368998377
697.8000000000901,47.189106716465254,21.095441669286604,0.0,1.9171478861895503,1.9171478861895503
697.9000000000901,47.54564014343491,21.254826549296737,0.0,1.7554991031524994,1.5938503201154486
698.0000000000902,47.88793009124766,21.407844017320723,0.0,1.6803914486115141,1.5301761395295435
698.1000000000902,47.969841200000005,21.444461600000004,0.0,1.3518376304600404,0.36617617600561936
698.2000000000902,47.92183931593368,21.423002813941153,0.0,1.0385524913209052,-0.21458806523563517
698.3000000000902,47.793136964629554,21.365467650986076,0.0,0.7695683797258607,-0.5753521782493619
698.4000000000902,47.662404283551325,21.307024848401873,0.0,0.576140242165515,-0.5844285831965593
698.5000000000903,47.61276452070784,21.2848338642022,0.0,0.47638395519149224,-0.22191005362666671
698.6000000000903,47.56317334584413,21.262664600797095,0.0,0.3988198662286807,-0.2216928454738112
698.7000000000903,47.50448617790402,21.236429060136093,0.0,0.3327023139246255,-0.26235565681187145
698.8000000000903,47.40496843240371,21.19194059783324,0.0,0.26201255381293614,-0.44488504730395756
698.9000000000904,47.3142126005604,21.15136906575696,0.0,0.20636853202156927,-0.4057157076834663
699.0000000000904,47.26452157704932,21.12915516596302,0.0,0.17340639803622893,-0.22213920978785523
699.1000000000904,47.23349885253666,21.115286751811606,0.0,0.15111420719265753,-0.13868427377377043
699.2000000000904,47.27390568,21.133350240000002,0.0,0.15308226365654523,0.18063505415097272
699.3000000000904,47.28320838253144,21.1375089247532,0.0,0.1461138026275307,0.04158688719231317
699.4000000000905,47.32361536,21.15557248,0.0,0.14814450392800907,0.18063572473566275
699.5000000000905,47.33276251017906,21.159661626552445,0.0,0.14218600396098802,0.040891504521630616
699.6000000000905,47.38248345218736,21.18188890112622,0.0,0.14640110679008195,0.22227295771377256
699.7000000000905,47.43126492368768,21.203696194338193,0.0,0.149984708455101,0.21807314009046339
699.8000000000906,47.4727444,21.222239200000004,0.0,0.06339882581853193,0.18543023345816775
699.9000000000906,47.4727444,21.222239200000004,0.0,-0.016293690187240483,0.0
700.0000000000906,47.48177040922937,21.22627419164222,0.0,-0.09078499941857468,0.040349954902860016
700.1000000000906,47.53147987540165,21.24849633605257,0.0,-0.09798272541732654,0.22222165603058233
700.2000000000907,47.58113763228837,21.270695364318257,0.0,-0.07615379743736864,0.22199049436352278
700.3000000000907,47.62187344,21.28890592,0.0,-0.038280902000550635,0.18210573048699816
700.4000000000907,47.63100376021624,21.29298754287752,0.0,-0.00701865945569243,0.04081626770060407
700.5000000000907,47.67158312,21.311128160000003,0.0,0.013147160437011274,0.18140634422740737
700.6000000000907,47.67891622164014,21.314406353393956,0.0,0.02587090097084434,0.032781965202850136
700.7000000000908,47.7212928,21.3333504,0.0,0.04846071614769422,0.18944064672512578
700.8000000000908,47.7305562949352,21.33749155736993,0.0,0.0727755491725163,0.04141161319248451
700.9000000000908,47.77100248,21.355572640000002,0.0,0.10210188449346595,0.18081099873552695
701.0000000000908,47.78024893664043,21.35970618056219,0.0,0.11527561723497959,0.0413354450424174
701.1000000000909,47.82071216000001,21.377794880000003,0.0,0.1312541892679478,0.18088716688559403
701.2000000000909,47.82071216000001,21.377794880000003,0.0,0.12222243656039918,0.0
701.3000000000909,47.829703221742506,21.38181424870036,0.0,0.12215277846754727,0.040193725335274835
701.4000000000909,47.870421840000006,21.400017120000005,0.0,0.12222243656040095,0.1820288865927366
701.500000000091,47.870421840000006,21.400017120000005,0.0,0.1201778613343194,0.0
701.600000000091,47.87976134508098,21.404192256983194,0.0,0.11115178393108778,0.041751409649139815
701.700000000091,47.920131520000005,21.422239360000003,0.0,0.10927168704050642,0.1804712022788361
701.800000000091,47.920131520000005,21.422239360000003,0.0,0.10000017536759805,0.0
701.900000000091,47.920131520000005,21.422239360000003,0.0,0.10000017536759805,0.0
702.0000000000911,47.92920920199083,21.426297451459128,0.0,0.10001172528706834,0.04058095329226568
702.1000000000911,47.969841200000005,21.444461600000004,0.0,0.09798272541732651,0.18164165863574575
702.2000000000911,47.969841200000005,21.444461600000004,0.0,0.08688320069915037,0.0
702.3000000000911,47.969841200000005,21.444461600000004,0.0,0.07777791417480044,0.0
702.4000000000912,47.97902446204845,21.448566890020448,0.0,0.077789747757549,0.04105293935557518
702.5000000000912,48.019550880000004,21.46668384,0.0,0.07777791417479868,0.18116967257240074
702.6000000000912,48.019550880000004,21.46668384,0.0,0.07613881591465617,0.0
702.7000000000912,48.019550880000004,21.46668384,0.0,0.06666678357839988,0.0
702.8000000000912,48.019550880000004,21.46668384,0.0,0.06459620291877564,0.0
702.9000000000913,48.028751043767954,21.470796685773514,0.0,0.0576120778299152,0.04112849695831797
703.0000000000913,48.069260560000004,21.488906080000003,0.0,0.06460001132627899,0.18109411496969346
703.1000000000913,48.069260560000004,21.488906080000003,0.0,0.05555565298199931,0.0
703.2000000000913,48.069260560000004,21.488906080000003,0.0,0.05555565298199931,0.0
703.3000000000914,48.069260560000004,21.488906080000003,0.0,0.05354596671523557,0.0
703.4000000000914,48.069260560000004,21.488906080000003,0.0,0.04444452238559874,0.0
703.5000000000914,48.069260560000004,21.488906080000003,0.0,0.04444452238559874,0.0
703.6000000000914,48.069260560000004,21.488906080000003,0.0,0.042356951903141746,0.0
703.7000000000914,48.07803195025185,21.492827246648233,0.0,0.03529397698307444,0.03921170387748991
703.8000000000915,48.118970239999996,21.51112832,0.0,0.04444452238559874,0.183010908050486
703.9000000000915,48.118970239999996,21.51112832,0.0,0.04444452238559874,0.0
704.0000000000915,48.12833255448449,21.51531365371025,0.0,0.04450814357183509,0.041853377016992765
704.1000000000915,48.15933530156659,21.5291731371412,0.0,0.04235580896424514,0.13859496648394665
704.2000000000916,48.118970239999996,21.51112832,0.0,0.03333339178919816,-0.1804483435009394
704.3000000000916,48.127704386866895,21.515032837346954,0.0,0.03528565232449549,0.03904521070594648
704.4000000000916,48.168679919999995,21.533350560000002,0.0,0.042391875417819976,0.18317740122206497
704.5000000000916,48.168679919999995,21.533350560000002,0.0,0.03333339178919994,0.0
704.6000000000917,48.168679919999995,21.533350560000002,0.0,0.03333339178919994,0.0
704.7000000000917,48.168679919999995,21.533350560000002,0.0,0.03333339178919994,0.0
704.8000000000917,48.168679919999995,21.533350560000002,0.0,0.03333339178919994,0.0
704.9000000000917,48.17770534450336,21.53738529024601,0.0,0.03329433398819939,0.04034734093830701
705.0000000000917,48.20940104843692,21.5515545534515,0.0,0.031324266598896554,0.1416927671836368
705.1000000000918,48.168679919999995,21.533350560000002,0.0,0.022222261192799363,-0.18204010812194382
705.2000000000918,48.178117584450554,21.53756957819645,0.0,0.02433177230280987,0.042190222200210084
705.3000000000918,48.21838960000001,21.555572800000004,0.0,0.03333339178919993,0.18003238972780136
705.4000000000918,48.21838960000001,21.555572800000004,0.0,0.03333339178919993,0.0
705.5000000000919,48.2090858606471,21.551413651745627,0.0,0.031253815678772986,-0.04159152220853894
705.6000000000919,48.17793265051377,21.537486905237635,0.0,0.024290435783980886,-0.13926759789584206
705.7000000000919,48.21838960000001,21.555572800000004,0.0,0.031372806595325445,0.180859120104381
705.8000000000919,48.21838960000001,21.555572800000004,0.0,0.02222226119280114,0.0
705.900000000092,48.21838960000001,21.555572800000004,0.0,0.02222226119280114,0.0
706.000000000092,48.21838960000001,21.555572800000004,0.0,0.020129592341951504,0.0
706.100000000092,48.21838960000001,21.555572800000004,0.0,0.01319984401775417,0.0
706.200000000092,48.21838960000001,21.555572800000004,0.0,0.02222226119280114,0.0
706.300000000092,48.21838960000001,21.555572800000004,0.0,0.02027000065750382,0.0
706.4000000000921,48.21838960000001,21.555572800000004,0.0,0.011111130596400572,0.0
706.5000000000921,48.21838960000001,21.555572800000004,0.0,0.011111130596400572,0.0
706.6000000000921,48.21838960000001,21.555572800000004,0.0,0.011111130596400572,0.0
706.7000000000921,48.21838960000001,21.555572800000004,0.0,0.011111130596400572,0.0
706.8000000000922,48.21838960000001,21.555572800000004,0.0,0.011111130596400572,0.0
706.9000000000922,48.21838960000001,21.555572800000004,0.0,0.009093763549485219,0.0
707.0000000000922,48.21838960000001,21.555572800000004,0.0,0.002009125190303379,0.0
707.1000000000922,48.21838960000001,21.555572800000004,0.0,0.011111130596400572,0.0
707.2000000000922,48.22772414932139,21.55974572155797,0.0,0.011088082255179247,0.041729255375783564
707.3000000000923,48.26809928,21.577795040000005,0.0,0.011111130596400572,0.18049335655222787
707.4000000000923,48.26809928,21.577795040000005,0.0,0.011111130596400572,0.0
707.5000000000923,48.26809928,21.577795040000005,0.0,0.013190706706827518,0.0
707.6000000000923,48.26809928,21.577795040000005,0.0,0.02015408660161962,0.0
707.7000000000924,48.26809928,21.577795040000005,0.0,0.011111130596400572,0.0
707.8000000000924,48.26809928,21.577795040000005,0.0,0.011111130596400572,0.0
707.9000000000924,48.26809928,21.577795040000005,0.0,0.011111130596400572,0.0
708.0000000000924,48.26809928,21.577795040000005,0.0,0.011111130596400572,0.0
708.1000000000925,48.26809928,21.577795040000005,0.0,0.011111130596400572,0.0
708.2000000000925,48.26809928,21.577795040000005,0.0,0.011111130596400572,0.0
708.3000000000925,48.26809928,21.577795040000005,0.0,0.011111130596400572,0.0
708.4000000000925,48.26809928,21.577795040000005,0.0,0.011111130596400572,0.0
708.5000000000925,48.26809928,21.577795040000005,0.0,0.011111130596400572,0.0
708.6000000000926,48.26809928,21.577795040000005,0.0,0.011111130596400572,0.0
708.7000000000926,48.26809928,21.577795040000005,0.0,0.011111130596400572,0.0
708.8000000000926,48.26809928,21.577795040000005,0.0,0.011111130596400572,0.0
708.9000000000926,48.26809928,21.577795040000005,0.0,0.011111130596400572,0.0
709.0000000000927,48.26809928,21.577795040000005,0.0,0.011111130596400572,0.0
709.1000000000927,48.26809928,21.577795040000005,0.0,0.011111130596400572,0.0
709.2000000000927,48.26809928,21.577795040000005,0.0,0.009024667827611393,0.0
709.3000000000927,48.26809928,21.577795040000005,0.0,0.0,0.0
709.4000000000927,48.26809928,21.577795040000005,0.0,0.0,0.0
709.5000000000928,48.26809928,21.577795040000005,0.0,0.0,0.0
709.6000000000928,48.26809928,21.577795040000005,0.0,0.0,0.0
709.7000000000928,48.26809928,21.577795040000005,0.0,0.0,0.0
709.8000000000928,48.26809928,21.577795040000005,0.0,0.0,0.0
709.9000000000929,48.26809928,21.577795040000005,0.0,0.0,0.0
710.0000000000929,48.26809928,21.577795040000005,0.0,0.0,0.0
710.1000000000929,48.26809928,21.577795040000005,0.0,0.0,0.0
710.2000000000929,48.26809928,21.577795040000005,0.0,0.0,0.0
710.300000000093,48.26809928,21.577795040000005,0.0,0.0,0.0
710.400000000093,48.26809928,21.577795040000005,0.0,0.0,0.0
710.500000000093,48.26809928,21.577795040000005,0.0,0.0,0.0
710.600000000093,48.26809928,21.577795040000005,0.0,0.0,0.0
710.700000000093,48.26809928,21.577795040000005,0.0,0.0,0.0
710.8000000000931,48.26809928,21.577795040000005,0.0,0.0,0.0
710.9000000000931,48.26809928,21.577795040000005,0.0,0.0,0.0
711.0000000000931,48.26809928,21.577795040000005,0.0,0.0,0.0
711.1000000000931,48.26809928,21.577795040000005,0.0,0.0,0.0
711.2000000000932,48.26809928,21.577795040000005,0.0,0.0,0.0
711.3000000000932,48.26809928,21.577795040000005,0.0,0.0,0.0
711.4000000000932,48.26809928,21.577795040000005,0.0,0.0,0.0
711.5000000000932,48.26809928,21.577795040000005,0.0,0.0,0.0
711.6000000000932,48.26809928,21.577795040000005,0.0,0.0,0.0
711.7000000000933,48.26809928,21.577795040000005,0.0,0.0,0.0
711.8000000000933,48.26809928,21.577795040000005,0.0,0.0,0.0
711.9000000000933,48.26809928,21.577795040000005,0.0,0.0,0.0
712.0000000000933,48.26809928,21.577795040000005,0.0,0.0,0.0
712.1000000000934,48.26809928,21.577795040000005,0.0,0.0,0.0
712.2000000000934,48.26809928,21.577795040000005,0.0,0.0,0.0
712.3000000000934,48.26809928,21.577795040000005,0.0,0.0,0.0
712.4000000000934,48.26809928,21.577795040000005,0.0,0.0,0.0
712.5000000000935,48.26809928,21.577795040000005,0.0,0.0,0.0
712.6000000000935,48.26809928,21.577795040000005,0.0,0.0,0.0
712.7000000000935,48.26809928,21.577795040000005,0.0,0.0,0.0
712.8000000000935,48.26809928,21.577795040000005,0.0,0.0,0.0
712.9000000000935,48.26809928,21.577795040000005,0.0,0.0,0.0
713.0000000000936,48.26809928,21.577795040000005,0.0,0.0,0.0
713.1000000000936,48.26809928,21.577795040000005,0.0,0.0,0.0
713.2000000000936,48.26809928,21.577795040000005,0.0,0.0,0.0
713.3000000000936,48.26809928,21.577795040000005,0.0,0.0,0.0
713.4000000000937,48.26809928,21.577795040000005,0.0,0.0,0.0
713.5000000000937,48.26809928,21.577795040000005,0.0,0.0,0.0
713.6000000000937,48.26809928,21.577795040000005,0.0,0.0,0.0
713.7000000000937,48.26809928,21.577795040000005,0.0,0.0,0.0
713.8000000000937,48.26809928,21.577795040000005,0.0,0.0,0.0
713.9000000000938,48.26809928,21.577795040000005,0.0,0.0,0.0
714.0000000000938,48.26809928,21.577795040000005,0.0,0.0,0.0
714.1000000000938,48.26809928,21.577795040000005,0.0,0.0,0.0
714.2000000000938,48.26809928,21.577795040000005,0.0,0.0,0.0
714.3000000000939,48.26809928,21.577795040000005,0.0,0.0,0.0
714.4000000000939,48.26809928,21.577795040000005,0.0,0.0,0.0
714.5000000000939,48.26809928,21.577795040000005,0.0,0.0,0.0
714.6000000000939,48.26809928,21.577795040000005,0.0,0.0,0.0
714.700000000094,48.26809928,21.577795040000005,0.0,0.0,0.0
714.800000000094,48.26809928,21.577795040000005,0.0,0.0,0.0
714.900000000094,48.26809928,21.577795040000005,0.0,0.0,0.0
715.000000000094,48.26809928,21.577795040000005,0.0,0.0,0.0
715.100000000094,48.26809928,21.577795040000005,0.0,0.0,0.0
715.2000000000941,48.26809928,21.577795040000005,0.0,0.0,0.0
715.3000000000941,48.26809928,21.577795040000005,0.0,0.0,0.0
715.4000000000941,48.26809928,21.577795040000005,0.0,0.0,0.0
715.5000000000941,48.26809928,21.577795040000005,0.0,0.0,0.0
715.6000000000942,48.26809928,21.577795040000005,0.0,0.0,0.0
715.7000000000942,48.219402264718234,21.55602550213786,0.0,-0.010884779311606956,-0.2176955862321391
715.8000000000942,48.267543480964385,21.57754657532348,0.0,-0.00012423245673927886,0.21521093709735353
715.9000000000942,48.21891912517803,21.5558095191982,0.0,-0.010992770884426281,-0.21737076855374005
716.0000000000942,48.2673166156487,21.577445157340247,0.0,-0.00017494149671648667,0.2163565877541959
716.1000000000943,48.26809928,21.577795040000005,0.0,1.951563910473908e-19,0.0034988299343297375
716.2000000000943,48.219323025457214,21.555990078979313,0.0,-0.010902490907771487,-0.21804981815542976
716.3000000000943,48.21838960000001,21.555572800000004,0.0,-0.011111130596400572,-0.004172793772581681
716.4000000000943,48.21838960000001,21.555572800000004,0.0,-0.011111130596400572,0.0
716.5000000000944,48.21838960000001,21.555572800000004,0.0,-0.011111130596400572,0.0
716.6000000000944,48.21838960000001,21.555572800000004,0.0,-0.011111130596400572,0.0
716.7000000000944,48.21838960000001,21.555572800000004,0.0,-0.011111130596400572,0.0
716.8000000000944,48.21838960000001,21.555572800000004,0.0,-0.011111130596400572,0.0
716.9000000000945,48.21838960000001,21.555572800000004,0.0,-0.011111130596400572,0.0
717.0000000000945,48.21838960000001,21.555572800000004,0.0,-0.011111130596400572,0.0
717.1000000000945,48.21838960000001,21.555572800000004,0.0,-0.011111130596400572,0.0
717.2000000000945,48.21838960000001,21.555572800000004,0.0,-0.011111130596400572,0.0
717.3000000000945,48.21838960000001,21.555572800000004,0.0,-0.011111130596400572,0.0
717.4000000000946,48.21838960000001,21.555572800000004,0.0,-0.011111130596400572,0.0
717.5000000000946,48.21838960000001,21.555572800000004,0.0,-0.011111130596400572,0.0
717.6000000000946,48.21838960000001,21.555572800000004,0.0,-0.011111130596400572,0.0
717.7000000000946,48.21838960000001,21.555572800000004,0.0,-0.0002263512847936165,0.0
717.8000000000947,48.21838960000001,21.555572800000004,0.0,-0.010986898139661293,0.0
717.9000000000947,48.21838960000001,21.555572800000004,0.0,-0.00011835971197429085,0.0
718.0000000000947,48.21838960000001,21.555572800000004,0.0,-0.010936189099684085,0.0
718.1000000000947,48.21838960000001,21.555572800000004,0.0,-0.011111130596400572,0.0
718.2000000000947,48.21838960000001,21.555572800000004,0.0,-0.00020863968862908406,0.0
718.3000000000948,48.21838960000001,21.555572800000004,0.0,0.0,0.0
718.4000000000948,48.21838960000001,21.555572800000004,0.0,0.0,0.0
718.5000000000948,48.21838960000001,21.555572800000004,0.0,0.0,0.0
718.6000000000948,48.21838960000001,21.555572800000004,0.0,0.0,0.0
718.7000000000949,48.21838960000001,21.555572800000004,0.0,0.0,0.0
718.8000000000949,48.21838960000001,21.555572800000004,0.0,0.0,0.0
718.9000000000949,48.21838960000001,21.555572800000004,0.0,0.0,0.0
719.0000000000949,48.21838960000001,21.555572800000004,0.0,0.0,0.0
719.100000000095,48.21838960000001,21.555572800000004,0.0,0.0,0.0
719.200000000095,48.21838960000001,21.555572800000004,0.0,0.0,0.0
719.300000000095,48.21838960000001,21.555572800000004,0.0,0.0,0.0
719.400000000095,48.21838960000001,21.555572800000004,0.0,0.0,0.0
719.500000000095,48.21838960000001,21.555572800000004,0.0,0.0,0.0
719.6000000000951,48.21838960000001,21.555572800000004,0.0,0.0,0.0
719.7000000000951,48.21838960000001,21.555572800000004,0.0,0.0,0.0
719.8000000000951,48.21838960000001,21.555572800000004,0.0,0.0,0.0
719.9000000000951,48.21838960000001,21.555572800000004,0.0,0.0,0.0
720.0000000000952,48.21838960000001,21.555572800000004,0.0,0.0,0.0
720.1000000000952,48.21838960000001,21.555572800000004,0.0,0.0,0.0
720.2000000000952,48.21838960000001,21.555572800000004,0.0,0.0,0.0
720.3000000000952,48.21838960000001,21.555572800000004,0.0,0.0,0.0
720.4000000000952,48.21838960000001,21.555572800000004,0.0,0.0,0.0
720.5000000000953,48.21838960000001,21.555572800000004,0.0,0.0,0.0
720.6000000000953,48.21838960000001,21.555572800000004,0.0,0.0,0.0
720.7000000000953,48.21838960000001,21.555572800000004,0.0,0.0,0.0
720.8000000000953,48.21838960000001,21.555572800000004,0.0,0.0,0.0
720.9000000000954,48.21838960000001,21.555572800000004,0.0,0.0,0.0
721.0000000000954,48.21838960000001,21.555572800000004,0.0,0.0,0.0
721.1000000000954,48.21838960000001,21.555572800000004,0.0,0.0,0.0
721.2000000000954,48.21838960000001,21.555572800000004,0.0,0.0,0.0
721.3000000000955,48.21838960000001,21.555572800000004,0.0,0.0,0.0
721.4000000000955,48.21838960000001,21.555572800000004,0.0,0.0,0.0
721.5000000000955,48.21838960000001,21.555572800000004,0.0,0.0,0.0
721.6000000000955,48.21838960000001,21.555572800000004,0.0,0.0,0.0
721.7000000000955,48.21838960000001,21.555572800000004,0.0,0.0,0.0
721.8000000000956,48.21838960000001,21.555572800000004,0.0,0.0,0.0
721.9000000000956,48.21838960000001,21.555572800000004,0.0,0.0,0.0
722.0000000000956,48.21838960000001,21.555572800000004,0.0,0.0,0.0
722.1000000000956,48.21838960000001,21.555572800000004,0.0,0.0,0.0
722.2000000000957,48.21838960000001,21.555572800000004,0.0,0.0,0.0
722.3000000000957,48.21838960000001,21.555572800000004,0.0,0.0,0.0
722.4000000000957,48.21838960000001,21.555572800000004,0.0,0.0,0.0
722.5000000000957,48.21838960000001,21.555572800000004,0.0,0.0,0.0
722.6000000000957,48.21838960000001,21.555572800000004,0.0,0.0,0.0
722.7000000000958,48.21838960000001,21.555572800000004,0.0,0.0,0.0
722.8000000000958,48.21838960000001,21.555572800000004,0.0,0.0,0.0
722.9000000000958,48.21838960000001,21.555572800000004,0.0,0.0,0.0
723.0000000000958,48.21838960000001,21.555572800000004,0.0,0.0,0.0
723.1000000000959,48.21838960000001,21.555572800000004,0.0,0.0,0.0
723.2000000000959,48.21838960000001,21.555572800000004,0.0,0.0,0.0
723.3000000000959,48.21838960000001,21.555572800000004,0.0,0.0,0.0
723.4000000000959,48.21838960000001,21.555572800000004,0.0,0.0,0.0
723.500000000096,48.21838960000001,21.555572800000004,0.0,0.0,0.0
723.600000000096,48.21838960000001,21.555572800000004,0.0,0.0,0.0
723.700000000096,48.21838960000001,21.555572800000004,0.0,0.0,0.0
723.800000000096,48.21838960000001,21.555572800000004,0.0,0.0,0.0
723.900000000096,48.21838960000001,21.555572800000004,0.0,0.0,0.0
724.0000000000961,48.21838960000001,21.555572800000004,0.0,0.0,0.0
724.1000000000961,48.21838960000001,21.555572800000004,0.0,0.0,0.0
724.2000000000961,48.21838960000001,21.555572800000004,0.0,0.0,0.0
724.3000000000961,48.21838960000001,21.555572800000004,0.0,0.0,0.0
724.4000000000962,48.21838960000001,21.555572800000004,0.0,0.0,0.0
724.5000000000962,48.21838960000001,21.555572800000004,0.0,0.0,0.0
724.6000000000962,48.21838960000001,21.555572800000004,0.0,0.0,0.0
724.7000000000962,48.169534221442525,21.533732467340545,0.0,-0.010920176744021234,-0.21840353488042466
724.8000000000962,48.168679919999995,21.533350560000002,0.0,-0.011111130596400572,-0.0038190770475867762
724.9000000000963,48.168679919999995,21.533350560000002,0.0,-0.011111130596400572,0.0
725.0000000000963,48.168679919999995,21.533350560000002,0.0,-0.011111130596400572,0.0
725.1000000000963,48.168679919999995,21.533350560000002,0.0,-0.011111130596400572,0.0
725.2000000000963,48.168679919999995,21.533350560000002,0.0,-0.011111130596400572,0.0
725.3000000000964,48.168679919999995,21.533350560000002,0.0,-0.011111130596400572,0.0
725.4000000000964,48.168679919999995,21.533350560000002,0.0,-0.011111130596400572,0.0
725.5000000000964,48.168679919999995,21.533350560000002,0.0,-0.011111130596400572,0.0
725.6000000000964,48.168679919999995,21.533350560000002,0.0,-0.011111130596400572,0.0
725.7000000000965,48.168679919999995,21.533350560000002,0.0,-0.011111130596400572,0.0
725.8000000000965,48.168679919999995,21.533350560000002,0.0,-0.011111130596400572,0.0
725.9000000000965,48.168679919999995,21.533350560000002,0.0,-0.011111130596400572,0.0
726.0000000000965,48.168679919999995,21.533350560000002,0.0,-0.011111130596400572,0.0
726.1000000000965,48.168679919999995,21.533350560000002,0.0,-0.011111130596400572,0.0
726.2000000000966,48.168679919999995,21.533350560000002,0.0,-0.011111130596400572,0.0
726.3000000000966,48.168679919999995,21.533350560000002,0.0,-0.011111130596400572,0.0
726.4000000000966,48.168679919999995,21.533350560000002,0.0,-0.011111130596400572,0.0
726.5000000000966,48.168679919999995,21.533350560000002,0.0,-0.011111130596400572,0.0
726.6000000000967,48.168679919999995,21.533350560000002,0.0,-0.011111130596400572,0.0
726.7000000000967,48.168679919999995,21.533350560000002,0.0,-0.00019095385237933882,0.0
726.8000000000967,48.168679919999995,21.533350560000002,0.0,0.0,0.0
726.9000000000967,48.168679919999995,21.533350560000002,0.0,0.0,0.0
727.0000000000967,48.168679919999995,21.533350560000002,0.0,0.0,0.0
727.1000000000968,48.168679919999995,21.533350560000002,0.0,0.0,0.0
727.2000000000968,48.168679919999995,21.533350560000002,0.0,0.0,0.0
727.3000000000968,48.168679919999995,21.533350560000002,0.0,0.0,0.0
727.4000000000968,48.168679919999995,21.533350560000002,0.0,0.0,0.0
727.5000000000969,48.168679919999995,21.533350560000002,0.0,0.0,0.0
727.6000000000969,48.168679919999995,21.533350560000002,0.0,0.0,0.0
727.7000000000969,48.168679919999995,21.533350560000002,0.0,0.0,0.0
727.8000000000969,48.168679919999995,21.533350560000002,0.0,0.0,0.0
727.900000000097,48.168679919999995,21.533350560000002,0.0,0.0,0.0
728.000000000097,48.168679919999995,21.533350560000002,0.0,0.0,0.0
728.100000000097,48.168679919999995,21.533350560000002,0.0,0.0,0.0
728.200000000097,48.168679919999995,21.533350560000002,-0.9521929277671006,0.0,0.0
728.300000000097,48.168679919999995,21.533350560000002,-1.0,-1.0,0.0
728.4000000000971,48.119458962436454,21.511346798720368,-1.0,-1.0,-0.22003782264076668
728.5000000000971,47.929682545769005,21.42650905529647,-1.0,-1.0,-0.8483782433155106
728.6000000000971,47.674748368916106,21.312543154445216,-1.0,-1.0,-1.1396600953771148
728.7000000000971,47.37966660894801,21.18062965812753,-1.0,-1.0,-1.3191362212031985
728.8000000000972,47.080208971292286,21.046759967278213,-1.0,-1.0,-1.3386981851752389
728.9000000000972,46.831526086011934,20.935588646911786,-1.0,-1.0,-1.1117142638776136
729.0000000000972,46.53152231210416,20.801474811041505,-1.0,-0.8131960521447419,-1.341139637713234
729.1000000000972,46.2356059810789,20.669188227664527,-1.0,-0.8641631564656826,-1.3228670953541481
729.2000000000972,45.98519495166091,20.557244356885764,-1.0,-0.8873701218204926,-1.1194397753685925
729.3000000000973,45.73807777626028,20.446772972240463,-1.0,-0.9054821866680546,-1.1047148999912364
729.4000000000973,45.49237923599518,20.3369357749497,-1.0,-0.9203199431088012,-1.0983730203977606
729.5000000000973,45.28756433346828,20.245375219349075,-1.0,-0.9199832635436439,-0.9156064291965981
729.6000000000973,45.04057219652565,20.134959731958045,-1.0,-0.9322614411017643,-1.1041559269154524
729.7000000000974,44.84136553336467,20.045906286464888,-1.0,-0.9296535575461676,-0.890535304212216
729.8000000000974,44.60303584172098,19.939363262916313,-1.0,-0.937640480723462,-1.0654312515601698
729.9000000000974,44.39474708308791,19.84624975295917,-1.0,-0.9372791199928194,-0.9311359875718971
730.0000000000974,44.19455195829759,19.756754425089017,-1.0,-0.9350514890561609,-0.8949541321963059
730.1000000000975,44.005767379145276,19.672360073199776,-1.0,-0.9304961307903745,-0.8439443237404354
730.2000000000975,43.79764014084524,19.579318769372417,-1.0,-0.9770168270696473,-0.9304139255854564
730.3000000000975,43.59861325913215,19.490345693466885,-1.0,-1.0215034074481224,-0.8897316075695009
730.4000000000975,43.39978456843016,19.40146121696924,-1.0,-1.0549437969483688,-0.8888456126457006
730.5000000000975,43.20097959008432,19.312587340855053,-1.0,-1.056961865218093,-0.8887396087099906
730.6000000000976,43.011756003202734,19.22799673473279,-1.0,-1.042274203846351,-0.8459068679422751
730.7000000000976,42.77085544085875,19.120304427871375,-1.0,-1.030163597568642,-1.0769240956490147
730.8000000000976,42.565136240529064,19.028339614532516,-1.0,-1.0092111388315914,-0.9196490104342255
730.9000000000976,42.389635856058256,18.949883835621794,-1.0,-0.9928533525037382,-0.784558537320552
731.0000000000977,42.175732207853315,18.854260242645825,-1.0,-0.9736082127029867,-0.956236841698202
731.1000000000977,41.96949294320225,18.762062939494818,-1.0,-0.9535635534739247,-0.9219739107729096
731.2000000000977,41.75397058248726,18.66571571647558,-1.0,-0.9457652221570931,-0.9634731490319627
731.3000000000977,41.55142586726385,18.575170026532973,-1.0,-0.9358023653044262,-0.9054577629378978
731.4000000000977,41.31582744393521,18.469847990526493,-1.0,-0.9335447825092865,-1.0532213644949708
731.5000000000978,41.11355841894584,18.37942554528283,-1.0,-0.9329757267881099,-0.9042253147730672
731.6000000000978,40.90546205592809,18.286398043956982,-1.0,-0.9242817254642739,-0.9302759004387281
731.7000000000978,40.70477787391714,18.196684087704377,-1.0,-0.9246119811589546,-0.8971404181058319
731.8000000000978,40.41787720932626,18.068427872321415,-1.0,-0.9354685874298145,-1.2825633769773679
731.9000000000979,40.250573895381265,17.99363651588378,-1.0,-0.9263075019333694,-0.7479142776429987
732.0000000000979,40.019046909770694,17.890134577413953,-1.0,-0.9333108139120844,-1.0350203717706046
732.1000000000979,39.8116941504922,17.797439497072478,-1.0,-0.9374611820963009,-0.9269516874247646
732.2000000000979,39.585503677750125,17.696323195961956,-1.0,-0.9414986845883451,-1.011163975426338
732.300000000098,39.38356404638225,17.606048003006205,-1.0,-0.9421497437343531,-0.9027527904896607
732.400000000098,39.16779306563024,17.509589636762318,-1.0,-0.9459366922189887,-0.9645845823384115
732.500000000098,38.964917955377494,17.41889624686194,-1.0,-0.9468464499796971,-0.9069347639241588
732.600000000098,38.69408542061416,17.297823136205842,-1.0,-0.9650877196428457,-1.2107322612052465
732.700000000098,38.5126715687002,17.21672379787664,-1.0,-0.9517912226962114,-0.8109941567163271
732.8000000000981,38.2802972443847,17.112843064691937,-1.0,-0.9577491883010921,-1.0388083225318416
732.9000000000981,38.07337317249205,17.02033962497203,-1.0,-0.9647730254041367,-0.9250352793814437
733.0000000000981,37.87284294794712,16.93069449394139,-1.0,-0.9617837915807168,-0.8964521652298023
733.1000000000981,37.63763068968552,16.825545089357995,-1.0,-0.968259848472961,-1.0514950486177912
733.2000000000982,37.42889179747143,16.732230351461556,-1.0,-0.966743604465559,-0.9331482688839225
733.3000000000982,37.18729712981863,16.624227751418655,-1.0,-0.9754720678398167,-1.080027030423055
733.4000000000982,36.97636226914393,16.529931326692527,-1.0,-0.9699592569422142,-0.9429651465429213
733.5000000000982,36.73837048276176,16.423539360479644,-1.0,-0.9779440250416933,-1.063920676762649
733.6000000000982,36.53323109739117,16.331833747907652,-1.0,-0.9772830800344383,-0.9170570002936318
733.7000000000983,36.293674093832216,16.22474206623181,-1.0,-0.9859719510324105,-1.0709178380652709
733.8000000000983,36.0818508632764,16.130048504193457,-1.0,-0.9691906083561695,-0.946936523452555
733.9000000000983,35.84388972246886,16.023670237793453,-1.0,-0.9849840783991803,-1.0637836785032093
734.0000000000983,35.60951344442243,15.918894550220037,-1.0,-0.9856209535583472,-1.0477578749539445
734.1000000000984,35.39131245549663,15.821349871917008,-1.0,-0.9880457548515951,-0.9754477132897205
734.2000000000984,35.187551695095785,15.730260560535198,-1.0,-0.9830322552059927,-0.9108939825142903
734.3000000000984,34.98853066766078,15.641290101729043,-1.0,-0.9823798875090487,-0.889705436550779
734.4000000000984,34.718604810089964,15.520622312494744,-1.0,-0.9944846105482179,-1.206679043121796
734.5000000000985,34.49282660655282,15.419690312414048,-1.0,-0.9996039205205323,-1.0093209633704456
734.6000000000985,34.25938003438727,15.315330241018694,-1.0,-0.9912473929207538,-1.0436017092096808
734.7000000000985,34.04634693783736,15.22009581988633,-1.0,-0.9983149410624735,-0.9523451195507222
734.8000000000985,33.812516017548454,15.115563929315295,-1.0,-0.9986405200661362,-1.0453199026050966
734.9000000000985,33.5976247346015,15.019498823614455,-1.0,-1.0004213547549397,-0.9606519731575086
735.0000000000986,33.359157268257746,14.912894209195636,-1.0,-1.0089011045359486,-1.066047160849986
735.1000000000986,33.18860313957321,14.836649606924638,-1.0,-0.9944486895968524,-0.7624467498358668
735.2000000000986,32.96093447867894,14.734872495849467,-1.0,-0.9986798802213963,-1.0177720813748001
735.3000000000986,32.71238741126947,14.623761891571398,-1.0,-1.0002338838209937,-1.1111071024150003
735.4000000000987,32.46488526398615,14.513118408904738,-1.0,-1.008407420586152,-1.1064358818460835
735.5000000000987,32.25530239092254,14.419426377390772,-1.0,-1.002057447180887,-0.9369212086573486
735.6000000000987,32.01601075213805,14.312453324515314,-1.0,-1.0096911746127097,-1.0697315489300903
735.7000000000987,31.80711443327827,14.219068210533115,-1.0,-1.002837884230081,-0.9338520304126896
735.8000000000987,31.57745949642672,14.116403153668939,-1.0,-1.0068236354441014,-1.026651547732969
735.9000000000988,31.362216853301273,14.020180975739649,-1.0,-1.0017455863659395,-0.9622226969399728
736.0000000000988,31.12306792100071,13.913271718441537,-1.0,-1.002812372245653,-1.0690935925482172
736.1000000000988,30.913211581517274,13.819457436363631,-1.0,-1.0009471723542984,-0.9381437154626264
736.2000000000988,30.675471177681942,13.713177848329154,-1.0,-1.0085423179239275,-1.0627968939068704
736.3000000000989,30.464478343403265,13.618855507054356,-1.0,-1.0112182617102277,-0.9432243122767878
736.4000000000989,30.22799982995017,13.513140035122174,-1.0,-1.0037420959293424,-1.057155727504088
736.5000000000989,30.01852796278105,13.419497627738332,-1.0,-1.000097296104963,-0.9364249668828535
736.6000000000989,29.78096031989855,13.313295270845888,-1.0,-1.0010184397319795,-1.0620245817500087
736.700000000099,29.53253721297936,13.20224008192687,-1.0,-1.0089288311692433,-1.1105529482960004
736.800000000099,29.322782218130953,13.108471105004869,-1.0,-1.0035473692125645,-0.9376906634715206
736.900000000099,29.083609972479266,13.001551425694709,-1.0,-1.0089746611930934,-1.06919781276809
737.000000000099,28.873642470841343,12.907687449632132,-1.0,-1.0026043359397572,-0.9386406557832582
737.100000000099,28.63742682870444,12.802089491823505,-1.0,-1.0172810277053552,-1.0559805851478283
737.2000000000991,28.432837162893662,12.710629626156155,-1.0,-1.012122400081794,-0.9145995289035781
737.3000000000991,28.190347487926815,12.602226921599714,-1.0,-1.0107684489297517,-1.0840280793741528
737.4000000000991,27.980152429711147,12.50826121853177,-1.0,-1.0024295511778014,-0.9396579268070726
737.5000000000991,27.742984895071416,12.402237726226598,-1.0,-1.0085952874535085,-1.0602359341714924
737.6000000000992,27.538015548800633,12.310608128018114,-1.0,-1.0009235528036853,-0.9162968559336248
737.7000000000992,27.29659947720343,12.202685367644476,-1.0,-1.008192382931501,-1.0792286329690102
737.8000000000992,27.085341669816273,12.108244572659853,-1.0,-1.004080248070087,-0.9444088505046915
737.9000000000992,26.853595231450385,12.004644529921457,-1.0,-1.0077691839926834,-1.0360014153919024
738.0000000000992,26.600946693287064,11.891700402123522,-1.0,-1.0107866221202484,-1.129442355099512
738.1000000000993,26.389637147205065,11.797236477847097,-1.0,-1.0111114435292818,-0.9446401436432968
738.2000000000993,26.15316264972865,11.691522801219119,-1.0,-1.0108284875561848,-1.057137774444927
738.3000000000993,25.942402330574303,11.597304403620816,-1.0,-1.0107765156683726,-0.9421848745205403
738.4000000000993,25.712392492357324,11.494480691474228,-1.0,-1.0093306343966755,-1.0282381020701472
738.5000000000994,25.496855695832217,11.398127015063274,-1.0,-1.010686270203067,-0.9635376830106861
738.6000000000994,25.257320454197295,11.291045061848745,-1.0,-1.011126068783534,-1.0708205533593456
738.7000000000994,25.051179239371535,11.19889159094027,-1.0,-1.0016752007652123,-0.9215355879295678
738.8000000000994,24.81009833244905,11.09111866274904,-1.0,-1.0086771830774377,-1.0777303097160282
738.9000000000995,24.566279932199176,10.98212196418311,-1.0,-1.0097156936957237,-1.08996802513381
739.0000000000995,24.33093646754828,10.87691390503037,-1.0,-1.01538774065009,-1.0520815948705848
739.1000000000995,24.147388527276043,10.794860542783113,-1.0,-1.003615431642457,-0.8205344049951689
739.2000000000995,23.91382697718339,10.690449071598206,-1.0,-1.0100912405770484,-1.0441157075954026
739.3000000000995,23.666107636700843,10.579708494776046,-1.0,-1.0112601778246928,-1.1074068243270427
739.4000000000996,23.462728198205543,10.488789649728005,-1.0,-1.0097367473618846,-0.909189317550908
739.5000000000996,23.221111486884176,10.380777195272572,-1.0,-1.0107312293854276,-1.0801255746423564
739.6000000000996,23.00967400883277,10.2862560802251,-1.0,-1.0121769891837054,-0.9452120518991803
739.7000000000996,22.77193198644585,10.179975768632518,-1.0,-1.0113557640099953,-1.0628041294948116
739.8000000000997,22.56859534077648,10.0890760537106,-1.0,-1.0095852222901227,-0.9089980161072367
739.9000000000997,22.325251024156845,9.98029128972585,-1.0,-1.0121775853855703,-1.0878486773008538
740.0000000000997,22.113329948227882,9.885553986843359,-1.0,-1.0030741642461496,-0.9473739323110967
740.1000000000997,21.878329085337516,9.780499084551556,-1.0,-1.0083696583040151,-1.050550024800607
740.2000000000997,21.66671034200056,9.685896936580933,-1.0,-1.0028138886769422,-0.9460223819034733
740.3000000000998,21.432439216878592,9.58116825662302,-1.0,-1.008069034868446,-1.047287798350612
740.4000000000998,21.24080960292583,9.495502058965629,-1.0,-0.9994902694424992,-0.856662793551211
740.5000000000998,20.99162337941804,9.384105726028388,-0.2568839687482978,-1.1139643917316435,-1.1139643917316435
740.6000000000998,20.78133781594072,9.29009956344339,0.0,-0.940062522363465,-0.940062522363465
740.7000000000999,20.690441513029278,9.249465235111144,0.0,-0.6732030966027222,-0.40634367084197925
740.8000000000999,20.67922688,9.244451840000002,0.0,-0.4655133973761237,-0.050133998922926755
740.9000000000999,20.71760907843731,9.261610237024515,0.0,-0.3062390145619648,0.17158413388051208
741.0000000000999,20.72893656,9.266674080000001,0.0,-0.23486351604007552,0.05063847804748159
741.1000000001,20.768063149412345,9.284165249935164,0.0,-0.16656761900663297,0.17491186616057972
741.2000000001,20.815590217953943,9.305411774226366,0.0,-0.11242003835784832,0.2124654455348596
741.3000000001,20.828355920000003,9.311118560000002,0.0,-0.09123404454304655,0.05706791216056581
741.4000000001,20.828355920000003,9.311118560000002,0.0,-0.08109692848270805,0.0
741.5000000001,20.86721630527545,9.328490725905786,0.0,-0.05561505316124972,0.17372182473187522
741.6000000001001,20.878065600000006,9.333340800000004,0.0,-0.04614997676512372,0.04850078719613623
741.7000000001001,20.878065600000006,9.333340800000004,0.0,-0.04230414536803007,0.0
741.8000000001001,20.878065600000006,9.333340800000004,0.0,-0.03904998033972007,0.0
741.9000000001001,20.878065600000006,9.333340800000004,0.0,-0.03626069602974007,0.0
742.0000000001002,20.841237829016652,9.316877294995402,0.0,-0.04481899676471635,-0.16463520705438442
742.1000000001002,20.828355920000003,9.311118560000002,0.0,-0.04561702227152327,-0.057587404873627034
742.2000000001002,20.828355920000003,9.311118560000002,0.0,-0.04293366802025719,0.0
742.3000000001002,20.789194661802735,9.293611891714033,0.0,-0.0502744003422682,-0.1750668498164553
742.4000000001002,20.77864624,9.288896320000001,0.0,-0.0501102614880202,-0.047155762111556164
742.5000000001003,20.77864624,9.288896320000001,0.0,-0.04760474841361918,0.0
742.6000000001003,20.77864624,9.288896320000001,0.0,-0.0006016222954459343,0.0
742.7000000001003,20.77864624,9.288896320000001,0.0,0.01971556124665304,0.0
742.8000000001003,20.739652597052892,9.27146458251859,0.0,0.013506384139985662,-0.17431754105627428
742.9000000001004,20.72893656,9.266674080000001,0.0,0.0025319239023740866,-0.047905070871719406
743.0000000001004,20.689912854223987,9.249228903216649,0.0,-0.008722596710192838,-0.17445193420385688
743.1000000001004,20.67922688,9.244451840000002,0.0,-0.01985672390442867,-0.0477706777241368
743.2000000001004,20.641305026577676,9.227499235839288,0.0,-0.03895630634516806,-0.16952620327992804
743.3000000001005,20.629517200000002,9.222229600000002,0.0,-0.04444452238559963,-0.05269640864806563
743.4000000001005,20.59075355396771,9.204900680453454,0.0,-0.05310899042195438,-0.17328936072709514
743.5000000001005,20.57980752,9.20000736,0.0,-0.06424174421859395,-0.048933251200916315
743.6000000001005,20.54140121442694,9.182838186109565,0.0,-0.07525137871052635,-0.17169190264251163
743.7000000001005,20.491313982354697,9.16044716504395,0.0,-0.08644689992021526,-0.22391042419377818
743.8000000001006,20.480388160000004,9.155562880000003,0.0,-0.08888904477119924,-0.048842897019679775
743.9000000001006,20.480388160000004,9.155562880000003,0.0,-0.08888904477119924,0.0
744.0000000001006,20.480388160000004,9.155562880000003,0.0,-0.08065728441848002,0.0
744.1000000001006,20.480388160000004,9.155562880000003,0.0,-0.07777791417479868,0.0
744.2000000001007,20.480388160000004,9.155562880000003,0.0,-0.07777791417479868,0.0
744.3000000001007,20.480388160000004,9.155562880000003,0.0,-0.0690245716839759,0.0
744.4000000001007,20.480388160000004,9.155562880000003,0.0,-0.06666678357839809,0.0
744.5000000001007,20.480388160000004,9.155562880000003,0.0,-0.06666678357839809,0.0
744.6000000001007,20.480388160000004,9.155562880000003,0.0,-0.06666678357839809,0.0
744.7000000001008,20.480388160000004,9.155562880000003,0.0,-0.06666678357839809,0.0
744.8000000001008,20.44163702782563,9.138239554654705,0.0,-0.06661257745864672,-0.1732334186612467
744.9000000001008,20.43067848,9.133340640000002,0.0,-0.06666678357839899,-0.04898919326676475
745.0000000001008,20.43067848,9.133340640000002,0.0,-0.05794418686820615,0.0
745.1000000001009,20.43067848,9.133340640000002,0.0,-0.055555652981999305,0.0
745.2000000001009,20.43067848,9.133340640000002,0.0,-0.04707934281800291,0.0
745.3000000001009,20.43067848,9.133340640000002,0.0,-0.04444452238559963,0.0
745.4000000001009,20.43067848,9.133340640000002,0.0,-0.03578005434924487,0.0
745.500000000101,20.43067848,9.133340640000002,0.0,-0.03333339178919905,0.0
745.600000000101,20.43067848,9.133340640000002,0.0,-0.024748796657073472,0.0
745.700000000101,20.43067848,9.133340640000002,0.0,-0.01355327544738456,0.0
745.800000000101,20.43067848,9.133340640000002,0.0,-0.011111130596400573,0.0
745.900000000101,20.43067848,9.133340640000002,0.0,-0.011111130596400573,0.0
746.0000000001011,20.43067848,9.133340640000002,0.0,-0.011111130596400573,0.0
746.1000000001011,20.401761297891273,9.120413488569056,0.0,-0.01757471247602534,-0.12927163759249533
746.2000000001011,20.380968799999998,9.1111184,0.0,-0.022222261192801147,-0.0929509743355161
746.3000000001011,20.380968799999998,9.1111184,0.0,-0.022222261192801147,0.0
746.4000000001012,20.380968799999998,9.1111184,0.0,-0.022222261192801147,0.0
746.5000000001012,20.380968799999998,9.1111184,0.0,-0.022222261192801147,0.0
746.6000000001012,20.380968799999998,9.1111184,0.0,-0.022222261192801147,0.0
746.7000000001012,20.380968799999998,9.1111184,0.0,-0.022222261192801147,0.0
746.8000000001012,20.380968799999998,9.1111184,0.0,-0.013560590259738808,0.0
746.9000000001013,20.380968799999998,9.1111184,0.0,-0.011111130596400572,0.0
747.0000000001013,20.351856880655248,9.098104193138484,0.0,-0.017618240232822126,-0.1301421927284311
747.1000000001013,20.33125912,9.088896160000001,0.0,-0.022222261192800255,-0.09208041919956257
747.2000000001013,20.33125912,9.088896160000001,0.0,-0.022222261192800255,0.0
747.3000000001014,20.33125912,9.088896160000001,0.0,-0.022222261192800255,0.0
747.4000000001014,20.33125912,9.088896160000001,0.0,-0.022222261192800255,0.0
747.5000000001014,20.33125912,9.088896160000001,0.0,-0.022222261192800255,0.0
747.6000000001014,20.33125912,9.088896160000001,0.0,-0.022222261192800255,0.0
747.7000000001015,20.33125912,9.088896160000001,0.0,-0.022222261192800255,0.0
747.8000000001015,20.33125912,9.088896160000001,-0.5616484297570423,0.0,0.0
747.9000000001015,20.33125912,9.088896160000001,-1.0,-1.0,0.0
748.0000000001015,20.273376992275384,9.063020504916182,-1.0,-1.0,-0.2587567976079049
748.1000000001015,20.176899341374014,9.01989108801053,-1.0,-1.0,-0.43129458037108165
748.2000000001016,19.969027893907285,8.926964133044152,-1.0,-1.0,-0.9292704358851304
748.3000000001016,19.66160200143244,8.789532309608752,-1.0,-1.0,-1.3743195450072454
748.4000000001016,19.33077524093535,8.641639350527365,-1.0,-1.0,-1.4789310012323849
748.5000000001016,19.041691738883422,8.512407318403271,-1.0,-0.823556273399794,-1.2923215536948105
748.6000000001017,18.764032638412104,8.388282456427541,-1.0,-0.8757679646629895,-1.241249803505358
748.7000000001017,18.46976160851731,8.256731389283892,-1.0,-0.9246284048122599,-1.3155119260064252
748.8000000001017,18.227785159243634,8.148558117395854,-1.0,-0.9403389393812416,-1.0817337505020765
748.9000000001017,17.969311325760348,8.033009846689108,-1.0,-0.959897563894101,-1.155483809022695
749.0000000001017,17.729677295889104,7.925883731132422,-1.0,-0.969177948336433,-1.0712621772020852
749.1000000001018,17.53117886204306,7.837146892823447,-1.0,-0.9628849699529376,-0.8873692293509937
749.2000000001018,17.311163527974188,7.738791128767861,-1.0,-0.9643616562813285,-0.9835585785504116
749.3000000001018,17.08882569251388,7.639397112538436,-1.0,-0.966333619875264,-0.99394111019036
749.4000000001018,16.88452132464735,7.548064786605574,-1.0,-0.9630205267794594,-0.9133241303423901
749.5000000001019,16.68506528023144,7.458899857592532,-1.0,-0.9588222687615063,-0.8916501404742567
749.6000000001019,16.493269901647306,7.373159556432125,-1.0,-0.9531879110129827,-0.8574038292880829
749.7000000001019,16.266199061908253,7.271649695622665,-1.0,-0.9564464197054041,-1.0150995761689878
749.8000000001019,16.068922712887513,7.183459178720068,-1.0,-0.952719399223988,-0.8819060100770829
749.900000000102,15.870292641433231,7.094663493069423,-1.0,-0.9971172843904332,-0.8879577033289046
750.000000000102,15.6467634956739,6.994736912893111,-1.0,-1.034142782246946,-0.9992667547381621
750.100000000102,15.442410190799222,6.903382710135856,-1.0,-1.0582551981681398,-0.9135428987949532
750.200000000102,15.179341960166619,6.785780557848955,-1.0,-1.070592808594463,-1.1760226444115933
750.300000000102,14.981804385814847,6.697473262644825,-1.0,-1.0460305210544059,-0.8830737942061053
750.4000000001021,14.797138858403509,6.61492029368865,-1.0,-1.0133604948352346,-0.8255304768489591
750.5000000001021,14.578433998808121,6.517150364791602,-1.0,-0.9976294282193974,-0.9777002213780674
750.6000000001021,14.362812603847816,6.420758869454222,-1.0,-0.9837627316759106,-0.9639158726356165
750.7000000001021,14.129157114741195,6.316305403725922,-1.0,-0.9702139180470803,-1.0445356534298236
750.8000000001022,13.902589477022884,6.215020494597371,-1.0,-0.9667697333827062,-1.012850057214594
750.9000000001022,13.703363180205184,6.125958272064573,-1.0,-0.9535266966661877,-0.8906230746923292
751.0000000001022,13.504464404376376,6.037042464677079,-1.0,-0.9444215338982322,-0.8891589218429742
751.1000000001022,13.277027200244152,5.935368824147603,-1.0,-0.9508899411772365,-1.0167373749310769
751.2000000001022,13.064648106240917,5.840426768638043,-1.0,-0.9491830852764391,-0.9494214605344637
751.3000000001023,12.872694756033377,5.754615847764765,-1.0,-0.9423915311214346,-0.8581100270902692
751.4000000001023,12.66613309454633,5.662274420172314,-1.0,-0.9428960824324066,-0.9234151565618327
751.5000000001023,12.440150107181802,5.561250873427867,-1.0,-0.9488253969527444,-1.0102364308810046
751.6000000001023,12.217327168792618,5.461639996544538,-1.0,-0.9557606914282172,-0.9961097187975433
751.7000000001024,11.985382297288002,5.357951246157395,-1.0,-0.9568501372560358,-1.0368884927253599
751.8000000001024,11.765013529486023,5.2594374829104815,-1.0,-0.9620117653507061,-0.9851385719704872
751.9000000001024,11.564703204318803,5.169890655806706,-1.0,-0.9623873364354436,-0.8954691250236572
752.0000000001024,11.348297938818389,5.073148738594325,-1.0,-0.9607950034349111,-0.967420094727511
752.1000000001025,11.12544743813343,4.973525540248624,-1.0,-0.9649295051721019,-0.9962329335387717
752.2000000001025,10.899653455760372,4.872586486389299,-1.0,-0.9565979480127224,-1.0093915012240033
752.3000000001025,10.67714141025011,4.773114591212746,-1.0,-0.9621802533226346,-0.9947199004043485
752.4000000001025,10.443541939679422,4.668686168038532,-1.0,-0.9731179908626938,-1.0442852276501435
752.5000000001025,10.224310984406259,4.570681053068782,-1.0,-0.9732355840111906,-0.980052084348
752.6000000001026,9.99641912451919,4.46880416300518,-1.0,-0.975978283989944,-1.0187698722106837
752.7000000001026,9.776142155923838,4.370331437721123,-1.0,-0.9729879109159805,-0.9847281919505546
752.8000000001026,9.576861639210707,4.281244976699382,-1.0,-0.9668886810458966,-0.8908654598129162
752.9000000001026,9.349298704077524,4.179515129320883,-1.0,-0.973222499509147,-1.0172994439573384
753.0000000001027,9.130773626998362,4.081825570489049,-1.0,-0.9776093794149713,-0.9768965199594615
753.1000000001027,8.902722519629178,3.979877490352066,-1.0,-0.9777465993495881,-1.0194817736234134
753.2000000001027,8.68511381456769,3.8825975869214746,-1.0,-0.9789155244248778,-0.9727999620402544
753.3000000001027,8.486107093267968,3.7936335235371295,-1.0,-0.9804920971839486,-0.8896414822716839
753.4000000001028,8.256616843257842,3.691042088360218,-1.0,-0.9856171058637677,-1.0259153301582138
753.5000000001028,8.008143828969832,3.579964588826292,-1.0,-0.9906440870526099,-1.1107760546578556
753.6000000001028,7.787691181567086,3.481413328001053,-1.0,-0.9901142785183005,-0.9855135481113517
753.7000000001028,7.566278357062326,3.382432829127943,-1.0,-0.9877601505162122,-0.9898059326835963
753.8000000001028,7.353279604101646,3.2872137609707357,-1.0,-0.9861128014003245,-0.9521915896527349
753.9000000001029,7.1212458168054535,3.1834852616240306,-1.0,-0.9932036442841443,-1.0372859827000518
754.0000000001029,6.892713871707273,3.0813222275502126,-1.0,-0.9959142052998551,-1.021631315041726
754.1000000001029,6.6650179361782005,2.979532923608775,-1.0,-0.9969972591306041,-1.017894010153749
754.2000000001029,6.445559028437808,2.881425904655025,-1.0,-0.9955812403273956,-0.9810711251598375
754.300000000103,6.221938667332746,2.7814585475253204,-1.0,-0.9958289715402264,-0.9996745246609628
754.400000000103,6.000850225279074,2.6826230607440174,-1.0,-0.9930325006768482,-0.9883558103825824
754.500000000103,5.771756700264997,2.5802089777060893,-1.0,-0.9952369868132992,-1.0241418070770187
754.600000000103,5.551745011649213,2.48185484331566,-1.0,-0.9934756072969302,-0.983542281883304
754.700000000103,5.323392922760499,2.3797722122509195,-1.0,-0.995280561908611,-1.0208272841841692
754.8000000001031,5.10400334971274,2.2816961887125498,-1.0,-0.999775347453487,-0.9807611707104366
754.9000000001031,4.876359062950198,2.1799299738613165,-1.0,-0.9997935312071956,-1.0176631190315122
755.0000000001031,4.627851507551261,2.0688370330520325,-1.0,-1.0064952285871576,-1.1109304675586942
755.1000000001031,4.3779311920244215,1.957112531254532,-1.0,-1.0113834440791816,-1.1172460834638986
755.2000000001032,4.140611887268402,1.8510211915613088,-1.0,-1.015789166412122,-1.060914408699056
755.3000000001032,3.9813419620311525,1.779821085195623,-1.0,-1.0069071794322695,-0.7120017426746327
755.4000000001032,3.819425631997076,1.7074379287171173,-1.0,-0.9918030256786231,-0.723832255085289
755.5000000001032,3.5930667083123535,1.6062463232136501,-1.0,-0.9868600739494273,-1.011917020073944
755.6000000001033,3.3351706308373616,1.4909563328393838,-1.0,-0.9952294467055969,-1.1529010032347395
755.7000000001033,3.098598727890975,1.3851991120218023,-1.0,-0.9986178109092283,-1.0575732167562288
755.8000000001033,2.8743783722281036,1.2849635330274154,-1.0,-1.0011260687198793,-1.0023567458657539
755.9000000001033,2.637555020709268,1.1790939045153042,-1.0,-1.0021966343235533,-1.0586972947735311
756.0000000001033,2.418383743700671,1.0811154681465422,-1.0,-1.0001043334756516,-0.9797852980836935
756.1000000001034,2.1930987111708036,0.9804039354775224,-1.0,-0.9995654473255209,-1.0071162871511357
756.2000000001034,2.001546347358419,0.8947722717611974,-1.0,-0.9933277637580897,-0.8563174538112115
756.3000000001034,1.7945623050148183,0.8022420228211588,-1.0,-0.9896092061169639,-0.9253033718384476
756.4000000001034,1.5456193626840353,0.6909544464219379,-1.0,-0.9958352568635472,-1.1128768253142538
756.5000000001035,1.2961126585819058,0.5794148456808648,-1.0,-1.0003980200665101,-1.115397071136271
756.6000000001035,1.0476864526430312,0.46835827137455066,-1.0,-1.0067492460814538,-1.1105668021821768
756.7000000001035,0.7704644399886026,0.3444288053532496,-1.0,-1.0176726739771267,-1.2392958420976257
756.8000000001035,0.5308820116258772,0.2373257577605214,-1.0,-1.0221861903087306,-1.0710314973425132
756.9000000001035,0.41857240385939976,0.18711881500626254,-1.0,-0.996406529674843,-0.5020699063537633
757.0000000001036,0.29271581958951626,0.1308558251574931,-1.0,-0.9689915280496029,-0.5626304350538899
757.1000000001036,0.1184259867110417,0.052941211830966915,-1.0,-0.9520865676922894,-0.7791468763176266
757.2000000001036,0.020480073100182673,0.009155422035503014,-1.0,-1.0,-0.4378583155288688
757.3000000001036,0.0868446480538843,0.038823074535361116,-1.0,-1.0,0.29667680793163304
757.4000000001037,0.12013238347236044,0.053704040285409746,-1.0,-1.0,0.14880979941657005
757.5000000001037,-0.046327396798521096,-0.02071022244021622,-1.0,-1.0,0.0
757.6000000001037,-0.0031630475862396987,-0.001414010361620499,-1.0,-1.0,0.0
