TimeStampNs,PandaNum,MessageID,Bus,MessageLength,Message
697999875.0,0,0x7DA,0,8,0x04618A8031000000
796305400.0,0,0x7DA,0,8,0x04618A8031000000
894795125.0,0,0x7DA,0,8,0x04618A8031000000
997019025.0,0,0x7DA,0,8,0x04618A8031000000
1095323675.0,0,0x7DA,0,8,0x04618A8031000000
1197737550.0,0,0x7DA,0,8,0x04618A8031000000
1296043275.0,0,0x7DA,0,8,0x04618A8031000000
1398435475.0,0,0x7DA,0,8,0x04618A8031000000
1496739875.0,0,0x7DA,0,8,0x04618A8031000000
1595223025.0,0,0x7DA,0,8,0x04618A8031000000
1697474525.0,0,0x7DA,0,8,0x04618A8031000000
1795791025.0,0,0x7DA,0,8,0x04618A8031000000
1898171000.0,0,0x7DA,0,8,0x04618A8031000000
1996592125.0,0,0x7DA,0,8,0x04618A8031000000
2094804500.0,0,0x7DA,0,8,0x04618A8031000000
2197162925.0,0,0x7DA,0,8,0x04618A8031000000
2295469450.0,0,0x7DA,0,8,0x04618A8031000000
2397872125.0,0,0x7DA,0,8,0x04618A8031000000
2496362950.0,0,0x7DA,0,8,0x04618A8031000000
2598595875.0,0,0x7DA,0,8,0x04618A8031000000
2696902525.0,0,0x7DA,0,8,0x04618A8031000000
2795207875.0,0,0x7DA,0,8,0x04618A8031000000
2897606875.0,0,0x7DA,0,8,0x04618A8031000000
2995927925.0,0,0x7DA,0,8,0x04618A8031000000
3098545400.0,0,0x7DA,0,8,0x04618A8031000000
3196786425.0,0,0x7DA,0,8,0x04618A8031000000
3294942875.0,0,0x7DA,0,8,0x04618A8031000000
3397334025.0,0,0x7DA,0,8,0x04618A8031000000
3495861725.0,0,0x7DA,0,8,0x04618A8031000000
3598021450.0,0,0x7DA,0,8,0x04618A8031000000
3696343100.0,0,0x7DA,0,8,0x04618A8031000000
3794633750.0,0,0x7DA,0,8,0x04618A8031000000
3897034525.0,0,0x7DA,0,8,0x04618A8031000000
3995343875.0,0,0x7DA,0,8,0x04618A8031000000
4097925900.0,0,0x7DA,0,8,0x04618A8031000000
4196063725.0,0,0x7DA,0,8,0x04618A8031000000
4298449550.0,0,0x7DA,0,8,0x04618A8031000000
4396759525.0,0,0x7DA,0,8,0x04618A8031000000
4495061925.0,0,0x7DA,0,8,0x04618A8031000000
4597513700.0,0,0x7DA,0,8,0x04618A8031000000
4695786925.0,0,0x7DA,0,8,0x04618A8031000000
4798604675.0,0,0x7DA,0,8,0x04618A8031000000
4896518975.0,0,0x7DA,0,8,0x04618A8031000000
4994834400.0,0,0x7DA,0,8,0x04618A8031000000
5097183700.0,0,0x7DA,0,8,0x04618A8031000000
5195507275.0,0,0x7DA,0,8,0x04618A8031000000
5297896400.0,0,0x7DA,0,8,0x04618A8031000000
5396198175.0,0,0x7DA,0,8,0x04618A8031000000
5498616625.0,0,0x7DA,0,8,0x04618A8031000000
5596923125.0,0,0x7DA,0,8,0x04618A8031000000
5699494875.0,0,0x7DA,0,8,0x04618A8031000000
5797613025.0,0,0x7DA,0,8,0x04618A8031000000
5900028425.0,0,0x7DA,0,8,0x04618A8031000000
5998328425.0,0,0x7DA,0,8,0x04618A8031000000
6096625850.0,0,0x7DA,0,8,0x04618A8031000000
6199975325.0,0,0x7DA,0,8,0x04618A8031000000
6297410050.0,0,0x7DA,0,8,0x04618A8031000000
6399917725.0,0,0x7DA,0,8,0x04618A8031000000
6498041650.0,0,0x7DA,0,8,0x04618A8031000000
6600447375.0,0,0x7DA,0,8,0x04618A8031000000
6698753925.0,0,0x7DA,0,8,0x04618A8031000000
6797061800.0,0,0x7DA,0,8,0x04618A8031000000
6899474725.0,0,0x7DA,0,8,0x04618A8031000000
6997788550.0,0,0x7DA,0,8,0x04618A8031000000
7100181275.0,0,0x7DA,0,8,0x04618A8031000000
7198474325.0,0,0x7DA,0,8,0x04618A8031000000
7296775875.0,0,0x7DA,0,8,0x04618A8031000000
7399219550.0,0,0x7DA,0,8,0x04618A8031000000
7497508025.0,0,0x7DA,0,8,0x04618A8031000000
7600456075.0,0,0x7DA,0,8,0x04618A8031000000
7698238375.0,0,0x7DA,0,8,0x04618A8031000000
7796838375.0,0,0x7DA,0,8,0x04618A8031000000
7898898775.0,0,0x7DA,0,8,0x04618A8031000000
7997205275.0,0,0x7DA,0,8,0x04618A8031000000
8099606475.0,0,0x7DA,0,8,0x04618A8031000000
8197917425.0,0,0x7DA,0,8,0x04618A8031000000
8300549525.0,0,0x7DA,0,8,0x04618A8031000000
8398636575.0,0,0x7DA,0,8,0x04618A8031000000
8496951425.0,0,0x7DA,0,8,0x04618A8031000000
8599496625.0,0,0x7DA,0,8,0x04618A8031000000
8697638325.0,0,0x7DA,0,8,0x04618A8031000000
8800275125.0,0,0x7DA,0,8,0x04618A8031000000
8898342725.0,0,0x7DA,0,8,0x04618A8031000000
8996835550.0,0,0x7DA,0,8,0x04618A8062000000
9099123300.0,0,0x7DA,0,8,0x04618A8062000000
9197373475.0,0,0x7DA,0,8,0x04618A8092000000
9299995575.0,0,0x7DA,0,8,0x04618A8092000000
9398335325.0,0,0x7DA,0,8,0x04618A8092000000
9500502050.0,0,0x7DA,0,8,0x04618A80C3000000
9598807950.0,0,0x7DA,0,8,0x04618A80C3000000
9701191250.0,0,0x7DA,0,8,0x04618A8156000000
9799716200.0,0,0x7DA,0,8,0x04618A8156000000
9897810175.0,0,0x7DA,0,8,0x04618A81B8000000
10000897650.0,0,0x7DA,0,8,0x04618A824A000000
10098497550.0,0,0x7DA,0,8,0x04618A8219000000
10200895375.0,0,0x7DA,0,8,0x04618A8219000000
10299435900.0,0,0x7DA,0,8,0x04618A82DD000000
10397506025.0,0,0x7DA,0,8,0x04618A82AC000000
10499931700.0,0,0x7DA,0,8,0x04618A8370000000
10598400450.0,0,0x7DA,0,8,0x04618A8370000000
10700640825.0,0,0x7DA,0,8,0x04618A83A0000000
10799159175.0,0,0x7DA,0,8,0x04618A83D1000000
10901319575.0,0,0x7DA,0,8,0x04618A8433000000
10999630875.0,0,0x7DA,0,8,0x04618A8433000000
11098158975.0,0,0x7DA,0,8,0x04618A8464000000
11204618075.0,0,0x7DA,0,8,0x04618A8495000000
11302778975.0,0,0x7DA,0,8,0x04618A8464000000
11401050750.0,0,0x7DA,0,8,0x04618A84C6000000
11503447525.0,0,0x7DA,0,8,0x04618A8495000000
11601755400.0,0,0x7DA,0,8,0x04618A84C6000000
11704172250.0,0,0x7DA,0,8,0x04618A84C6000000
11802509300.0,0,0x7DA,0,8,0x04618A84F7000000
11900783925.0,0,0x7DA,0,8,0x04618A84C6000000
12003165975.0,0,0x7DA,0,8,0x04618A84F7000000
12101472850.0,0,0x7DA,0,8,0x04618A84F7000000
12203894225.0,0,0x7DA,0,8,0x04618A8527000000
12306301000.0,0,0x7DA,0,8,0x04618A84F7000000
12404597900.0,0,0x7DA,0,8,0x04618A84F7000000
12502906150.0,0,0x7DA,0,8,0x04618A8495000000
12605334400.0,0,0x7DA,0,8,0x04618A83D1000000
12703600800.0,0,0x7DA,0,8,0x04618A830E000000
12801903325.0,0,0x7DA,0,8,0x04618A824A000000
12904306650.0,0,0x7DA,0,8,0x04618A8125000000
13002751750.0,0,0x7DA,0,8,0x04618A8062000000
13105053025.0,0,0x7DA,0,8,0x04618A8031000000
13203334750.0,0,0x7DA,0,8,0x04618A7F0B000000
13301643700.0,0,0x7DA,0,8,0x04618A7F0B000000
13404026350.0,0,0x7DA,0,8,0x04618A7F0B000000
13502369000.0,0,0x7DA,0,8,0x04618A7EDB000000
13604807550.0,0,0x7DA,0,8,0x04618A7F0B000000
13703061675.0,0,0x7DA,0,8,0x04618A7F0B000000
13805458775.0,0,0x7DA,0,8,0x04618A7F3C000000
13903766750.0,0,0x7DA,0,8,0x04618A7F3C000000
14003168950.0,0,0x7DA,0,8,0x04618A7F3C000000
14104694775.0,0,0x7DA,0,8,0x04618A7F3C000000
14202767775.0,0,0x7DA,0,8,0x04618A7F3C000000
14305181825.0,0,0x7DA,0,8,0x04618A7F3C000000
14403470925.0,0,0x7DA,0,8,0x04618A7F3C000000
14501954950.0,0,0x7DA,0,8,0x04618A7F0B000000
14604199875.0,0,0x7DA,0,8,0x04618A7F3C000000
14702552975.0,0,0x7DA,0,8,0x04618A7F3C000000
14804906100.0,0,0x7DA,0,8,0x04618A7F6D000000
14903190325.0,0,0x7DA,0,8,0x04618A7F3C000000
15005761925.0,0,0x7DA,0,8,0x04618A7F3C000000
15103898650.0,0,0x7DA,0,8,0x04618A7F3C000000
15202221000.0,0,0x7DA,0,8,0x04618A7F3C000000
15305136300.0,0,0x7DA,0,8,0x04618A7F3C000000
15403099575.0,0,0x7DA,0,8,0x04618A7F6D000000
15505335375.0,0,0x7DA,0,8,0x04618A7F6D000000
15603644025.0,0,0x7DA,0,8,0x04618A7F3C000000
15701941800.0,0,0x7DA,0,8,0x04618A7EDB000000
15804322125.0,0,0x7DA,0,8,0x04618A7E79000000
15902647175.0,0,0x7DA,0,8,0x04618A7E79000000
16005057675.0,0,0x7DA,0,8,0x04618A7E48000000
16103527100.0,0,0x7DA,0,8,0x04618A7E48000000
16205743200.0,0,0x7DA,0,8,0x04618A7E48000000
16304048250.0,0,0x7DA,0,8,0x04618A7E17000000
16406688250.0,0,0x7DA,0,8,0x04618A7E17000000
16505034950.0,0,0x7DA,0,8,0x04618A7E48000000
16603076225.0,0,0x7DA,0,8,0x04618A7E17000000
16705501850.0,0,0x7DA,0,8,0x04618A7DE6000000
16804012450.0,0,0x7DA,0,8,0x04618A7E79000000
16906175875.0,0,0x7DA,0,8,0x04618A7E17000000
17004661700.0,0,0x7DA,0,8,0x04618A7E48000000
17102788375.0,0,0x7DA,0,8,0x04618A7E48000000
17205180100.0,0,0x7DA,0,8,0x04618A7E79000000
17303489675.0,0,0x7DA,0,8,0x04618A7EAA000000
17405905775.0,0,0x7DA,0,8,0x04618A7EDB000000
17504226900.0,0,0x7DA,0,8,0x04618A7F0B000000
17606600100.0,0,0x7DA,0,8,0x04618A7F3C000000
17705088900.0,0,0x7DA,0,8,0x04618A7F3C000000
17807332100.0,0,0x7DA,0,8,0x04618A7F3C000000
17905624625.0,0,0x7DA,0,8,0x04618A7F3C000000
18003944700.0,0,0x7DA,0,8,0x04618A7F3C000000
18106338750.0,0,0x7DA,0,8,0x04618A7F3C000000
18204884425.0,0,0x7DA,0,8,0x04618A7F3C000000
18303410125.0,0,0x7DA,0,8,0x04618A7F3C000000
18405338600.0,0,0x7DA,0,8,0x04618A7F3C000000
18503640775.0,0,0x7DA,0,8,0x04618A7F3C000000
18606223150.0,0,0x7DA,0,8,0x04618A7F6D000000
18704347950.0,0,0x7DA,0,8,0x04618A7FCF000000
18806987375.0,0,0x7DA,0,8,0x04618A7FCF000000
18905070375.0,0,0x7DA,0,8,0x04618A7F9E000000
19003381050.0,0,0x7DA,0,8,0x04618A7F9E000000
19105781075.0,0,0x7DA,0,8,0x04618A7FCF000000
19204069850.0,0,0x7DA,0,8,0x04618A7FCF000000
19306651400.0,0,0x7DA,0,8,0x04618A7FCF000000
19404782675.0,0,0x7DA,0,8,0x04618A7FCF000000
19503080150.0,0,0x7DA,0,8,0x04618A8062000000
19605498725.0,0,0x7DA,0,8,0x04618A8062000000
19703806000.0,0,0x7DA,0,8,0x04618A8092000000
19806195150.0,0,0x7DA,0,8,0x04618A8092000000
19904578650.0,0,0x7DA,0,8,0x04618A80F4000000
20006918300.0,0,0x7DA,0,8,0x04618A8219000000
20105203800.0,0,0x7DA,0,8,0x04618A82AC000000
20203527375.0,0,0x7DA,0,8,0x04618A82DD000000
20305941175.0,0,0x7DA,0,8,0x04618A833F000000
20404243825.0,0,0x7DA,0,8,0x04618A8370000000
20507553925.0,0,0x7DA,0,8,0x04618A8370000000
20604936525.0,0,0x7DA,0,8,0x04618A83D1000000
20703232350.0,0,0x7DA,0,8,0x04618A84C6000000
20805630375.0,0,0x7DA,0,8,0x04618A85EB000000
20903938800.0,0,0x7DA,0,8,0x04618A8589000000
21006355875.0,0,0x7DA,0,8,0x04618A861C000000
21104662425.0,0,0x7DA,0,8,0x04618A867E000000
21202971425.0,0,0x7DA,0,8,0x04618A8710000000
21305359325.0,0,0x7DA,0,8,0x04618A8772000000
21403661275.0,0,0x7DA,0,8,0x04618A8866000000
21506060950.0,0,0x7DA,0,8,0x04618A88C8000000
21604408800.0,0,0x7DA,0,8,0x04618A89BC000000
21706793700.0,0,0x7DA,0,8,0x04618A8AE2000000
21805091975.0,0,0x7DA,0,8,0x04618A8A4F000000
21903569100.0,0,0x7DA,0,8,0x04618A8AE2000000
22005778025.0,0,0x7DA,0,8,0x04618A8A4F000000
22104118075.0,0,0x7DA,0,8,0x04618A8AE2000000
22206546450.0,0,0x7DA,0,8,0x04618A8BA5000000
22304794550.0,0,0x7DA,0,8,0x04618A8BA5000000
22403121100.0,0,0x7DA,0,8,0x04618A8D8E000000
22505519250.0,0,0x7DA,0,8,0x04618A8CCA000000
22604316025.0,0,0x7DA,0,8,0x04618A8DF0000000
22706222800.0,0,0x7DA,0,8,0x04618A8F77000000
22804523950.0,0,0x7DA,0,8,0x04618A903A000000
22902820900.0,0,0x7DA,0,8,0x04618A9009000000
23005381925.0,0,0x7DA,0,8,0x04618A8F46000000
23103759300.0,0,0x7DA,0,8,0x04618A912F000000
23205956625.0,0,0x7DA,0,8,0x04618A8FD8000000
23304265200.0,0,0x7DA,0,8,0x04618A903A000000
23406638875.0,0,0x7DA,0,8,0x04618A9009000000
23505384050.0,0,0x7DA,0,8,0x04618A9009000000
23603253900.0,0,0x7DA,0,8,0x04618A903A000000
23705661125.0,0,0x7DA,0,8,0x04618A903A000000
23808132000.0,0,0x7DA,0,8,0x04618A91C1000000
23906425900.0,0,0x7DA,0,8,0x04618A8F77000000
24004689650.0,0,0x7DA,0,8,0x04618A9009000000
24107072100.0,0,0x7DA,0,8,0x04618A90FE000000
24205559125.0,0,0x7DA,0,8,0x04618A915F000000
24307774200.0,0,0x7DA,0,8,0x04618A909C000000
24406108900.0,0,0x7DA,0,8,0x04618A8FD8000000
24504393350.0,0,0x7DA,0,8,0x04618A909C000000
24606814175.0,0,0x7DA,0,8,0x04618A9190000000
24709193750.0,0,0x7DA,0,8,0x04618A903A000000
24807496500.0,0,0x7DA,0,8,0x04618A912F000000
24906006475.0,0,0x7DA,0,8,0x04618A91C1000000
25008204175.0,0,0x7DA,0,8,0x04618A90FE000000
25106694750.0,0,0x7DA,0,8,0x04618A909C000000
25209312000.0,0,0x7DA,0,8,0x04618A9190000000
25307241775.0,0,0x7DA,0,8,0x04618A9223000000
25405540450.0,0,0x7DA,0,8,0x04618A91C1000000
25507932075.0,0,0x7DA,0,8,0x04618A8FD8000000
25606251700.0,0,0x7DA,0,8,0x04618A8F77000000
25708631825.0,0,0x7DA,0,8,0x04618A8F77000000
25807121375.0,0,0x7DA,0,8,0x04618A8E82000000
25905245900.0,0,0x7DA,0,8,0x04618A8C69000000
26007669775.0,0,0x7DA,0,8,0x04618A8A80000000
26105969000.0,0,0x7DA,0,8,0x04618A88C8000000
26208351825.0,0,0x7DA,0,8,0x04618A8589000000
26307156825.0,0,0x7DA,0,8,0x04618A8125000000
26404975750.0,0,0x7DA,0,8,0x04618A8092000000
26507370575.0,0,0x7DA,0,8,0x04618A7E17000000
26605676525.0,0,0x7DA,0,8,0x04618A79E4000000
26708259700.0,0,0x7DA,0,8,0x04618A79B3000000
26806406300.0,0,0x7DA,0,8,0x04618A79E4000000
26908798125.0,0,0x7DA,0,8,0x04618A7A15000000
27007282050.0,0,0x7DA,0,8,0x04618A7A15000000
27109515950.0,0,0x7DA,0,8,0x04618A7982000000
27207811950.0,0,0x7DA,0,8,0x04618A79E4000000
27306100250.0,0,0x7DA,0,8,0x04618A79E4000000
27408690225.0,0,0x7DA,0,8,0x04618A79B3000000
27507191700.0,0,0x7DA,0,8,0x04618A77FB000000
27606325975.0,0,0x7DA,0,8,0x04618A7768000000
27707528950.0,0,0x7DA,0,8,0x04618A754F000000
27805821550.0,0,0x7DA,0,8,0x04618A748B000000
27908392175.0,0,0x7DA,0,8,0x04618A7397000000
28006544825.0,0,0x7DA,0,8,0x04618A7397000000
28108950225.0,0,0x7DA,0,8,0x04618A748B000000
28207254400.0,0,0x7DA,0,8,0x04618A7429000000
28309827550.0,0,0x7DA,0,8,0x04618A7429000000
28407947175.0,0,0x7DA,0,8,0x04618A74BC000000
28510364175.0,0,0x7DA,0,8,0x04618A7580000000
28608664600.0,0,0x7DA,0,8,0x04618A75E1000000
28706969425.0,0,0x7DA,0,8,0x04618A74ED000000
28809391075.0,0,0x7DA,0,8,0x04618A7580000000
28907692075.0,0,0x7DA,0,8,0x04618A7580000000
29010251475.0,0,0x7DA,0,8,0x04618A754F000000
29108375525.0,0,0x7DA,0,8,0x04618A754F000000
29210804725.0,0,0x7DA,0,8,0x04618A751E000000
29309107975.0,0,0x7DA,0,8,0x04618A75B0000000
29407410500.0,0,0x7DA,0,8,0x04618A75E1000000
29509807400.0,0,0x7DA,0,8,0x04618A76D6000000
29608111875.0,0,0x7DA,0,8,0x04618A7737000000
29706418425.0,0,0x7DA,0,8,0x04618A7674000000
29808806650.0,0,0x7DA,0,8,0x04618A7674000000
29907107900.0,0,0x7DA,0,8,0x04618A76A5000000
30009530550.0,0,0x7DA,0,8,0x04618A7737000000
30107854575.0,0,0x7DA,0,8,0x04618A7737000000
30206153100.0,0,0x7DA,0,8,0x04618A7737000000
30308543625.0,0,0x7DA,0,8,0x04618A7768000000
30406854125.0,0,0x7DA,0,8,0x04618A782C000000
30509695125.0,0,0x7DA,0,8,0x04618A78BE000000
30607712900.0,0,0x7DA,0,8,0x04618A78EF000000
30709939575.0,0,0x7DA,0,8,0x04618A7951000000
30808250125.0,0,0x7DA,0,8,0x04618A79E4000000
30906551525.0,0,0x7DA,0,8,0x04618A7951000000
31008971625.0,0,0x7DA,0,8,0x04618A7920000000
31107275950.0,0,0x7DA,0,8,0x04618A7B6B000000
31209707975.0,0,0x7DA,0,8,0x04618A7A76000000
31308357200.0,0,0x7DA,0,8,0x04618A7A45000000
31406484625.0,0,0x7DA,0,8,0x04618A7AD8000000
31508676075.0,0,0x7DA,0,8,0x04618A7BFD000000
31607165000.0,0,0x7DA,0,8,0x04618A7B3A000000
31709416750.0,0,0x7DA,0,8,0x04618A7C5F000000
31807707400.0,0,0x7DA,0,8,0x04618A7CF2000000
31910091375.0,0,0x7DA,0,8,0x04618A7D53000000
32008399350.0,0,0x7DA,0,8,0x04618A7D84000000
32106716925.0,0,0x7DA,0,8,0x04618A7E79000000
32210043675.0,0,0x7DA,0,8,0x04618A7EDB000000
32307599225.0,0,0x7DA,0,8,0x04618A7F6D000000
32409829850.0,0,0x7DA,0,8,0x04618A7F9E000000
32508138925.0,0,0x7DA,0,8,0x04618A7FCF000000
32606444950.0,0,0x7DA,0,8,0x04618A8000000000
32708828525.0,0,0x7DA,0,8,0x04618A8031000000
32807218625.0,0,0x7DA,0,8,0x04618A8062000000
32909534475.0,0,0x7DA,0,8,0x04618A8092000000
33008769900.0,0,0x7DA,0,8,0x04618A8092000000
33106145325.0,0,0x7DA,0,8,0x04618A80C3000000
33208736800.0,0,0x7DA,0,8,0x04618A80C3000000
33310948800.0,0,0x7DA,0,8,0x04618A80F4000000
33409271000.0,0,0x7DA,0,8,0x04618A8187000000
33507562900.0,0,0x7DA,0,8,0x04618A81B8000000
33609967700.0,0,0x7DA,0,8,0x04618A8219000000
33708297375.0,0,0x7DA,0,8,0x04618A82AC000000
33811013750.0,0,0x7DA,0,8,0x04618A830E000000
33909157700.0,0,0x7DA,0,8,0x04618A83A0000000
34011383925.0,0,0x7DA,0,8,0x04618A83D1000000
34109685125.0,0,0x7DA,0,8,0x04618A8464000000
34208859250.0,0,0x7DA,0,8,0x04618A8464000000
34310424675.0,0,0x7DA,0,8,0x04618A8495000000
34413717150.0,0,0x7DA,0,8,0x04618A84C6000000
34511124250.0,0,0x7DA,0,8,0x04618A84F7000000
34609424900.0,0,0x7DA,0,8,0x04618A84F7000000
34711804975.0,0,0x7DA,0,8,0x04618A8527000000
34810291825.0,0,0x7DA,0,8,0x04618A8558000000
34912516275.0,0,0x7DA,0,8,0x04618A85BA000000
35010822625.0,0,0x7DA,0,8,0x04618A85BA000000
35109128200.0,0,0x7DA,0,8,0x04618A861C000000
35211540225.0,0,0x7DA,0,8,0x04618A864D000000
35313950300.0,0,0x7DA,0,8,0x04618A867E000000
35412235050.0,0,0x7DA,0,8,0x04618A86AE000000
35511439625.0,0,0x7DA,0,8,0x04618A8710000000
35612964350.0,0,0x7DA,0,8,0x04618A8772000000
35711250350.0,0,0x7DA,0,8,0x04618A8866000000
35813666500.0,0,0x7DA,0,8,0x04618A8897000000
35911978550.0,0,0x7DA,0,8,0x04618A892A000000
36010938850.0,0,0x7DA,0,8,0x04618A892A000000
36113019400.0,0,0x7DA,0,8,0x04618A89ED000000
36210969150.0,0,0x7DA,0,8,0x04618A8AE2000000
36313374700.0,0,0x7DA,0,8,0x04618A8BA5000000
36411856625.0,0,0x7DA,0,8,0x04618A8CCA000000
36514095725.0,0,0x7DA,0,8,0x04618A8C69000000
36612401125.0,0,0x7DA,0,8,0x04618A8D2C000000
36710714075.0,0,0x7DA,0,8,0x04618A8CFB000000
36813127300.0,0,0x7DA,0,8,0x04618A8D5D000000
36911415150.0,0,0x7DA,0,8,0x04618A8D5D000000
37013796325.0,0,0x7DA,0,8,0x04618A8E51000000
37112285025.0,0,0x7DA,0,8,0x04618A8D8E000000
37210452250.0,0,0x7DA,0,8,0x04618A8D8E000000
37312862725.0,0,0x7DA,0,8,0x04618A8DF0000000
37411143875.0,0,0x7DA,0,8,0x04618A8DF0000000
37513517225.0,0,0x7DA,0,8,0x04618A8D5D000000
37611823825.0,0,0x7DA,0,8,0x04618A8E51000000
37710146675.0,0,0x7DA,0,8,0x04618A8DF0000000
37813261600.0,0,0x7DA,0,8,0x04618A8CCA000000
37910839950.0,0,0x7DA,0,8,0x04618A8DBF000000
38013421900.0,0,0x7DA,0,8,0x04618A8D8E000000
38111565525.0,0,0x7DA,0,8,0x04618A8C69000000
38213953925.0,0,0x7DA,0,8,0x04618A8C9A000000
38316351325.0,0,0x7DA,0,8,0x04618A8B74000000
38414882275.0,0,0x7DA,0,8,0x04618A898C000000
38513769900.0,0,0x7DA,0,8,0x04618A8A1E000000
38615433725.0,0,0x7DA,0,8,0x04618A8A80000000
38713855725.0,0,0x7DA,0,8,0x04618A89BC000000
38816076700.0,0,0x7DA,0,8,0x04618A895B000000
38914378375.0,0,0x7DA,0,8,0x04618A89ED000000
39012689675.0,0,0x7DA,0,8,0x04618A892A000000
39115095000.0,0,0x7DA,0,8,0x04618A88F9000000
39213403425.0,0,0x7DA,0,8,0x04618A8866000000
39315822850.0,0,0x7DA,0,8,0x04618A88C8000000
39418232350.0,0,0x7DA,0,8,0x04618A8866000000
39516509675.0,0,0x7DA,0,8,0x04618A8866000000
39618903775.0,0,0x7DA,0,8,0x04618A8772000000
39717210550.0,0,0x7DA,0,8,0x04618A87D4000000
39816419125.0,0,0x7DA,0,8,0x04618A8772000000
39917973850.0,0,0x7DA,0,8,0x04618A87A3000000
40016241775.0,0,0x7DA,0,8,0x04618A86DF000000
40118632875.0,0,0x7DA,0,8,0x04618A8741000000
40216929150.0,0,0x7DA,0,8,0x04618A8741000000
40315417725.0,0,0x7DA,0,8,0x04618A8772000000
40417643475.0,0,0x7DA,0,8,0x04618A8772000000
40517302100.0,0,0x7DA,0,8,0x04618A8741000000
40618382875.0,0,0x7DA,0,8,0x04618A8772000000
40716667150.0,0,0x7DA,0,8,0x04618A8741000000
40819058425.0,0,0x7DA,0,8,0x04618A86AE000000
40917361300.0,0,0x7DA,0,8,0x04618A8710000000
41015667600.0,0,0x7DA,0,8,0x04618A8741000000
41118067725.0,0,0x7DA,0,8,0x04618A867E000000
41216553750.0,0,0x7DA,0,8,0x04618A85EB000000
41318795800.0,0,0x7DA,0,8,0x04618A8558000000
41417104750.0,0,0x7DA,0,8,0x04618A84C6000000
41515406700.0,0,0x7DA,0,8,0x04618A8464000000
41617788500.0,0,0x7DA,0,8,0x04618A8402000000
41716125825.0,0,0x7DA,0,8,0x04618A83D1000000
41818762400.0,0,0x7DA,0,8,0x04618A83D1000000
41916982725.0,0,0x7DA,0,8,0x04618A83A0000000
42019231300.0,0,0x7DA,0,8,0x04618A8370000000
42117527925.0,0,0x7DA,0,8,0x04618A83D1000000
42215834350.0,0,0x7DA,0,8,0x04618A83D1000000
42318222475.0,0,0x7DA,0,8,0x04618A833F000000
42416534175.0,0,0x7DA,0,8,0x04618A833F000000
42519838950.0,0,0x7DA,0,8,0x04618A833F000000
42617390100.0,0,0x7DA,0,8,0x04618A830E000000
42719655775.0,0,0x7DA,0,8,0x04618A830E000000
42818123850.0,0,0x7DA,0,8,0x04618A82DD000000
42917044300.0,0,0x7DA,0,8,0x04618A82DD000000
43018646300.0,0,0x7DA,0,8,0x04618A82DD000000
43116951625.0,0,0x7DA,0,8,0x04618A82DD000000
43219400700.0,0,0x7DA,0,8,0x04618A82AC000000
43317681900.0,0,0x7DA,0,8,0x04618A82AC000000
43415982000.0,0,0x7DA,0,8,0x04618A82DD000000
43518548825.0,0,0x7DA,0,8,0x04618A82AC000000
43617312575.0,0,0x7DA,0,8,0x04618A82AC000000
43719288750.0,0,0x7DA,0,8,0x04618A82AC000000
43817381875.0,0,0x7DA,0,8,0x04618A82AC000000
43915934675.0,0,0x7DA,0,8,0x04618A827B000000
44018086725.0,0,0x7DA,0,8,0x04618A827B000000
44116392825.0,0,0x7DA,0,8,0x04618A827B000000
44218818450.0,0,0x7DA,0,8,0x04618A824A000000
44317378925.0,0,0x7DA,0,8,0x04618A827B000000
44419686575.0,0,0x7DA,0,8,0x04618A827B000000
44518048125.0,0,0x7DA,0,8,0x04618A8219000000
44616118775.0,0,0x7DA,0,8,0x04618A8125000000
44718518425.0,0,0x7DA,0,8,0x04618A8092000000
44816931975.0,0,0x7DA,0,8,0x04618A8031000000
44919251600.0,0,0x7DA,0,8,0x04618A7F3C000000
45017579700.0,0,0x7DA,0,8,0x04618A8000000000
45115858025.0,0,0x7DA,0,8,0x04618A8000000000
45218257900.0,0,0x7DA,0,8,0x04618A8031000000
45316544725.0,0,0x7DA,0,8,0x04618A8062000000
45418947400.0,0,0x7DA,0,8,0x04618A8092000000
45517267800.0,0,0x7DA,0,8,0x04618A8125000000
45615558525.0,0,0x7DA,0,8,0x04618A833F000000
45717976125.0,0,0x7DA,0,8,0x04618A82AC000000
45816287750.0,0,0x7DA,0,8,0x04618A82AC000000
45918666025.0,0,0x7DA,0,8,0x04618A827B000000
46016974000.0,0,0x7DA,0,8,0x04618A82AC000000
46119377825.0,0,0x7DA,0,8,0x04618A827B000000
46217703625.0,0,0x7DA,0,8,0x04618A827B000000
46315990375.0,0,0x7DA,0,8,0x04618A827B000000
46418403325.0,0,0x7DA,0,8,0x04618A827B000000
46516710375.0,0,0x7DA,0,8,0x04618A824A000000
46619093975.0,0,0x7DA,0,8,0x04618A827B000000
46718922475.0,0,0x7DA,0,8,0x04618A824A000000
46815889650.0,0,0x7DA,0,8,0x04618A824A000000
46918115575.0,0,0x7DA,0,8,0x04618A8187000000
47016415750.0,0,0x7DA,0,8,0x04618A8156000000
47118838525.0,0,0x7DA,0,8,0x04618A8156000000
47217139100.0,0,0x7DA,0,8,0x04618A8156000000
47319526050.0,0,0x7DA,0,8,0x04618A8187000000
47418702175.0,0,0x7DA,0,8,0x04618A81B8000000
47520416100.0,0,0x7DA,0,8,0x04618A8187000000
47618537750.0,0,0x7DA,0,8,0x04618A81E9000000
47720976325.0,0,0x7DA,0,8,0x04618A81E9000000
47819265325.0,0,0x7DA,0,8,0x04618A81B8000000
47921655225.0,0,0x7DA,0,8,0x04618A81B8000000
48019957350.0,0,0x7DA,0,8,0x04618A81E9000000
48118539675.0,0,0x7DA,0,8,0x04618A81B8000000
48220692775.0,0,0x7DA,0,8,0x04618A8187000000
48318969550.0,0,0x7DA,0,8,0x04618A81B8000000
48421393400.0,0,0x7DA,0,8,0x04618A81B8000000
48519702975.0,0,0x7DA,0,8,0x04618A81B8000000
48618004925.0,0,0x7DA,0,8,0x04618A81B8000000
48720382825.0,0,0x7DA,0,8,0x04618A81E9000000
48818714700.0,0,0x7DA,0,8,0x04618A8219000000
48921111275.0,0,0x7DA,0,8,0x04618A824A000000
49019402675.0,0,0x7DA,0,8,0x04618A824A000000
49117701400.0,0,0x7DA,0,8,0x04618A824A000000
49220119450.0,0,0x7DA,0,8,0x04618A827B000000
49318641475.0,0,0x7DA,0,8,0x04618A824A000000
49421599375.0,0,0x7DA,0,8,0x04618A824A000000
49519127825.0,0,0x7DA,0,8,0x04618A824A000000
49621532150.0,0,0x7DA,0,8,0x04618A824A000000
49719825100.0,0,0x7DA,0,8,0x04618A824A000000
49818148000.0,0,0x7DA,0,8,0x04618A824A000000
49920553325.0,0,0x7DA,0,8,0x04618A824A000000
50019019175.0,0,0x7DA,0,8,0x04618A827B000000
50121903625.0,0,0x7DA,0,8,0x04618A827B000000
50219554575.0,0,0x7DA,0,8,0x04618A827B000000
50317851175.0,0,0x7DA,0,8,0x04618A827B000000
50420253425.0,0,0x7DA,0,8,0x04618A82AC000000
50522672200.0,0,0x7DA,0,8,0x04618A82DD000000
50620977475.0,0,0x7DA,0,8,0x04618A82DD000000
50719304975.0,0,0x7DA,0,8,0x04618A830E000000
50821952600.0,0,0x7DA,0,8,0x04618A833F000000
50920161300.0,0,0x7DA,0,8,0x04618A8370000000
51022377875.0,0,0x7DA,0,8,0x04618A8402000000
51120683675.0,0,0x7DA,0,8,0x04618A8402000000
51218984075.0,0,0x7DA,0,8,0x04618A8433000000
51321411875.0,0,0x7DA,0,8,0x04618A8495000000
51419722075.0,0,0x7DA,0,8,0x04618A8495000000
51522282600.0,0,0x7DA,0,8,0x04618A8495000000
51620583350.0,0,0x7DA,0,8,0x04618A84C6000000
51722811500.0,0,0x7DA,0,8,0x04618A8495000000
51821135025.0,0,0x7DA,0,8,0x04618A84C6000000
51919835850.0,0,0x7DA,0,8,0x04618A84C6000000
52021867350.0,0,0x7DA,0,8,0x04618A84F7000000
52120143225.0,0,0x7DA,0,8,0x04618A84C6000000
52222541950.0,0,0x7DA,0,8,0x04618A84C6000000
52320835225.0,0,0x7DA,0,8,0x04618A84C6000000
52419142400.0,0,0x7DA,0,8,0x04618A8495000000
52521721975.0,0,0x7DA,0,8,0x04618A84C6000000
52619901400.0,0,0x7DA,0,8,0x04618A8464000000
52722279275.0,0,0x7DA,0,8,0x04618A8464000000
52820577825.0,0,0x7DA,0,8,0x04618A8464000000
52918871650.0,0,0x7DA,0,8,0x04618A8433000000
53021279950.0,0,0x7DA,0,8,0x04618A83D1000000
53119568950.0,0,0x7DA,0,8,0x04618A83D1000000
53222152450.0,0,0x7DA,0,8,0x04618A83D1000000
53320341825.0,0,0x7DA,0,8,0x04618A83A0000000
53422715550.0,0,0x7DA,0,8,0x04618A83A0000000
53521000050.0,0,0x7DA,0,8,0x04618A83A0000000
53619306950.0,0,0x7DA,0,8,0x04618A8370000000
53721697750.0,0,0x7DA,0,8,0x04618A8370000000
53820037275.0,0,0x7DA,0,8,0x04618A8370000000
53922733375.0,0,0x7DA,0,8,0x04618A83A0000000
54020714325.0,0,0x7DA,0,8,0x04618A83D1000000
54119011675.0,0,0x7DA,0,8,0x04618A83D1000000
54221429100.0,0,0x7DA,0,8,0x04618A83D1000000
54319738050.0,0,0x7DA,0,8,0x04618A8402000000
54422121350.0,0,0x7DA,0,8,0x04618A83D1000000
54520446825.0,0,0x7DA,0,8,0x04618A83D1000000
54622992775.0,0,0x7DA,0,8,0x04618A83D1000000
54721139175.0,0,0x7DA,0,8,0x04618A83D1000000
54819436475.0,0,0x7DA,0,8,0x04618A8402000000
54921858325.0,0,0x7DA,0,8,0x04618A8402000000
55020721300.0,0,0x7DA,0,8,0x04618A8402000000
55122663725.0,0,0x7DA,0,8,0x04618A8402000000
55220856250.0,0,0x7DA,0,8,0x04618A8464000000
55319166475.0,0,0x7DA,0,8,0x04618A8464000000
55421562200.0,0,0x7DA,0,8,0x04618A8464000000
55520026250.0,0,0x7DA,0,8,0x04618A84C6000000
55622287850.0,0,0x7DA,0,8,0x04618A84F7000000
55720783975.0,0,0x7DA,0,8,0x04618A8527000000
55822994200.0,0,0x7DA,0,8,0x04618A8589000000
55921279050.0,0,0x7DA,0,8,0x04618A8589000000
56019584350.0,0,0x7DA,0,8,0x04618A8589000000
56121986800.0,0,0x7DA,0,8,0x04618A8589000000
56220523900.0,0,0x7DA,0,8,0x04618A85EB000000
56318617025.0,0,0x7DA,0,8,0x04618A85EB000000
56421024475.0,0,0x7DA,0,8,0x04618A864D000000
56523414825.0,0,0x7DA,0,8,0x04618A864D000000
56621733175.0,0,0x7DA,0,8,0x04618A86AE000000
56720017975.0,0,0x7DA,0,8,0x04618A867E000000
56822418200.0,0,0x7DA,0,8,0x04618A867E000000
56920738450.0,0,0x7DA,0,8,0x04618A867E000000
57019031100.0,0,0x7DA,0,8,0x04618A87A3000000
57121449725.0,0,0x7DA,0,8,0x04618A8772000000
57219760750.0,0,0x7DA,0,8,0x04618A8772000000
57322139575.0,0,0x7DA,0,8,0x04618A8772000000
57420629575.0,0,0x7DA,0,8,0x04618A8866000000
57518801900.0,0,0x7DA,0,8,0x04618A88C8000000
57621162450.0,0,0x7DA,0,8,0x04618A895B000000
57719465425.0,0,0x7DA,0,8,0x04618A88C8000000
57821877900.0,0,0x7DA,0,8,0x04618A88C8000000
57920189325.0,0,0x7DA,0,8,0x04618A898C000000
58022565975.0,0,0x7DA,0,8,0x04618A895B000000
58121836000.0,0,0x7DA,0,8,0x04618A88F9000000
58219200350.0,0,0x7DA,0,8,0x04618A892A000000
58321582425.0,0,0x7DA,0,8,0x04618A88C8000000
58419887650.0,0,0x7DA,0,8,0x04618A88F9000000
58522308525.0,0,0x7DA,0,8,0x04618A898C000000
58620609850.0,0,0x7DA,0,8,0x04618A898C000000
58722999675.0,0,0x7DA,0,8,0x04618A8835000000
58821353250.0,0,0x7DA,0,8,0x04618A8805000000
58923742175.0,0,0x7DA,0,8,0x04618A8772000000
59022194850.0,0,0x7DA,0,8,0x04618A87A3000000
59120322675.0,0,0x7DA,0,8,0x04618A87A3000000
59222734700.0,0,0x7DA,0,8,0x04618A8805000000
59321042550.0,0,0x7DA,0,8,0x04618A87D4000000
59423430725.0,0,0x7DA,0,8,0x04618A87D4000000
59521937550.0,0,0x7DA,0,8,0x04618A87D4000000
59620044275.0,0,0x7DA,0,8,0x04618A87A3000000
59722616950.0,0,0x7DA,0,8,0x04618A8741000000
59820891650.0,0,0x7DA,0,8,0x04618A867E000000
59923172875.0,0,0x7DA,0,8,0x04618A867E000000
60021506300.0,0,0x7DA,0,8,0x04618A85EB000000
60124570150.0,0,0x7DA,0,8,0x04618A85BA000000
60226260925.0,0,0x7DA,0,8,0x04618A85EB000000
60324557925.0,0,0x7DA,0,8,0x04618A8589000000
60423033275.0,0,0x7DA,0,8,0x04618A85EB000000
60525284825.0,0,0x7DA,0,8,0x04618A85EB000000
60623756775.0,0,0x7DA,0,8,0x04618A85EB000000
60725977375.0,0,0x7DA,0,8,0x04618A8558000000
60824337525.0,0,0x7DA,0,8,0x04618A8558000000
60926697600.0,0,0x7DA,0,8,0x04618A8527000000
61024989275.0,0,0x7DA,0,8,0x04618A8527000000
61123313100.0,0,0x7DA,0,8,0x04618A84F7000000
61225722950.0,0,0x7DA,0,8,0x04618A84C6000000
61324321225.0,0,0x7DA,0,8,0x04618A8464000000
61426407450.0,0,0x7DA,0,8,0x04618A8495000000
61524742375.0,0,0x7DA,0,8,0x04618A8495000000
61627122450.0,0,0x7DA,0,8,0x04618A8464000000
61725443575.0,0,0x7DA,0,8,0x04618A83D1000000
61823729125.0,0,0x7DA,0,8,0x04618A83D1000000
61926145450.0,0,0x7DA,0,8,0x04618A83A0000000
62024501300.0,0,0x7DA,0,8,0x04618A833F000000
62122756650.0,0,0x7DA,0,8,0x04618A83A0000000
62225327300.0,0,0x7DA,0,8,0x04618A8370000000
62323452675.0,0,0x7DA,0,8,0x04618A833F000000
62425849100.0,0,0x7DA,0,8,0x04618A830E000000
62524155525.0,0,0x7DA,0,8,0x04618A82AC000000
62626575250.0,0,0x7DA,0,8,0x04618A830E000000
62724913100.0,0,0x7DA,0,8,0x04618A833F000000
62823184725.0,0,0x7DA,0,8,0x04618A830E000000
62925749350.0,0,0x7DA,0,8,0x04618A830E000000
63023878500.0,0,0x7DA,0,8,0x04618A8370000000
63126283600.0,0,0x7DA,0,8,0x04618A830E000000
63224606425.0,0,0x7DA,0,8,0x04618A82DD000000
63322918925.0,0,0x7DA,0,8,0x04618A830E000000
63425321725.0,0,0x7DA,0,8,0x04618A82DD000000
63523614625.0,0,0x7DA,0,8,0x04618A833F000000
63626005650.0,0,0x7DA,0,8,0x04618A830E000000
63724304875.0,0,0x7DA,0,8,0x04618A82AC000000
63826888500.0,0,0x7DA,0,8,0x04618A82AC000000
63925966950.0,0,0x7DA,0,8,0x04618A82AC000000
64023329125.0,0,0x7DA,0,8,0x04618A830E000000
64125736900.0,0,0x7DA,0,8,0x04618A82DD000000
64224047575.0,0,0x7DA,0,8,0x04618A82AC000000
64326444300.0,0,0x7DA,0,8,0x04618A82AC000000
64523062600.0,0,0x7DA,0,8,0x04618A82DD000000
64625588125.0,0,0x7DA,0,8,0x04618A82DD000000
64723746700.0,0,0x7DA,0,8,0x04618A830E000000
64826165725.0,0,0x7DA,0,8,0x04618A82AC000000
64924472600.0,0,0x7DA,0,8,0x04618A82DD000000
65023171200.0,0,0x7DA,0,8,0x04618A830E000000
65125168250.0,0,0x7DA,0,8,0x04618A833F000000
65223472825.0,0,0x7DA,0,8,0x04618A830E000000
65326032875.0,0,0x7DA,0,8,0x04618A830E000000
65424176500.0,0,0x7DA,0,8,0x04618A830E000000
65526600675.0,0,0x7DA,0,8,0x04618A830E000000
65624899200.0,0,0x7DA,0,8,0x04618A833F000000
65723378300.0,0,0x7DA,0,8,0x04618A833F000000
65825624250.0,0,0x7DA,0,8,0x04618A8370000000
65923897700.0,0,0x7DA,0,8,0x04618A833F000000
66026299675.0,0,0x7DA,0,8,0x04618A830E000000
66124610025.0,0,0x7DA,0,8,0x04618A82AC000000
66223090325.0,0,0x7DA,0,8,0x04618A833F000000
66325330525.0,0,0x7DA,0,8,0x04618A82DD000000
66423682950.0,0,0x7DA,0,8,0x04618A830E000000
66526055025.0,0,0x7DA,0,8,0x04618A830E000000
66624326850.0,0,0x7DA,0,8,0x04618A833F000000
66726728500.0,0,0x7DA,0,8,0x04618A833F000000
66825034650.0,0,0x7DA,0,8,0x04618A82AC000000
66923686275.0,0,0x7DA,0,8,0x04618A830E000000
67025762125.0,0,0x7DA,0,8,0x04618A82DD000000
67124642650.0,0,0x7DA,0,8,0x04618A824A000000
67226480275.0,0,0x7DA,0,8,0x04618A82AC000000
67324756550.0,0,0x7DA,0,8,0x04618A82DD000000
67423058675.0,0,0x7DA,0,8,0x04618A827B000000
67525460075.0,0,0x7DA,0,8,0x04618A827B000000
67623787625.0,0,0x7DA,0,8,0x04618A827B000000
67726184750.0,0,0x7DA,0,8,0x04618A827B000000
67825164600.0,0,0x7DA,0,8,0x04618A827B000000
67926880550.0,0,0x7DA,0,8,0x04618A827B000000
68025187550.0,0,0x7DA,0,8,0x04618A827B000000
68123488175.0,0,0x7DA,0,8,0x04618A827B000000
68225892250.0,0,0x7DA,0,8,0x04618A82AC000000
68324196475.0,0,0x7DA,0,8,0x04618A827B000000
68426618050.0,0,0x7DA,0,8,0x04618A827B000000
68525457550.0,0,0x7DA,0,8,0x04618A827B000000
68623241775.0,0,0x7DA,0,8,0x04618A82AC000000
68725796525.0,0,0x7DA,0,8,0x04618A824A000000
68823917450.0,0,0x7DA,0,8,0x04618A8219000000
68926325025.0,0,0x7DA,0,8,0x04618A824A000000
69024630875.0,0,0x7DA,0,8,0x04618A824A000000
69122981450.0,0,0x7DA,0,8,0x04618A824A000000
69225677375.0,0,0x7DA,0,8,0x04618A824A000000
69323673175.0,0,0x7DA,0,8,0x04618A827B000000
69426221325.0,0,0x7DA,0,8,0x04618A827B000000
69528489050.0,0,0x7DA,0,8,0x04618A827B000000
69626748200.0,0,0x7DA,0,8,0x04618A824A000000
69729172000.0,0,0x7DA,0,8,0x04618A824A000000
69827479625.0,0,0x7DA,0,8,0x04618A827B000000
69929856800.0,0,0x7DA,0,8,0x04618A827B000000
70028164250.0,0,0x7DA,0,8,0x04618A82DD000000
70126490175.0,0,0x7DA,0,8,0x04618A827B000000
70229211275.0,0,0x7DA,0,8,0x04618A82AC000000
70327364300.0,0,0x7DA,0,8,0x04618A82AC000000
70429597450.0,0,0x7DA,0,8,0x04618A82DD000000
70527902500.0,0,0x7DA,0,8,0x04618A82DD000000
70626210225.0,0,0x7DA,0,8,0x04618A82DD000000
70728599550.0,0,0x7DA,0,8,0x04618A830E000000
70826934075.0,0,0x7DA,0,8,0x04618A82DD000000
70929356150.0,0,0x7DA,0,8,0x04618A830E000000
71027788250.0,0,0x7DA,0,8,0x04618A833F000000
71130026950.0,0,0x7DA,0,8,0x04618A833F000000
71228337350.0,0,0x7DA,0,8,0x04618A8370000000
71327895550.0,0,0x7DA,0,8,0x04618A8402000000
71429022425.0,0,0x7DA,0,8,0x04618A8402000000
71527349150.0,0,0x7DA,0,8,0x04618A8402000000
71629802050.0,0,0x7DA,0,8,0x04618A8464000000
71728036750.0,0,0x7DA,0,8,0x04618A8464000000
71826347575.0,0,0x7DA,0,8,0x04618A8464000000
71928926925.0,0,0x7DA,0,8,0x04618A8495000000
72027068975.0,0,0x7DA,0,8,0x04618A84C6000000
72129449350.0,0,0x7DA,0,8,0x04618A84F7000000
72227764650.0,0,0x7DA,0,8,0x04618A84F7000000
72326061800.0,0,0x7DA,0,8,0x04618A84F7000000
72428478750.0,0,0x7DA,0,8,0x04618A8558000000
72526768900.0,0,0x7DA,0,8,0x04618A8527000000
72629350275.0,0,0x7DA,0,8,0x04618A8589000000
72727498550.0,0,0x7DA,0,8,0x04618A85BA000000
72829876275.0,0,0x7DA,0,8,0x04618A8589000000
72928205075.0,0,0x7DA,0,8,0x04618A85BA000000
73026504550.0,0,0x7DA,0,8,0x04618A8589000000
73128913725.0,0,0x7DA,0,8,0x04618A85BA000000
73227194625.0,0,0x7DA,0,8,0x04618A8589000000
73329621150.0,0,0x7DA,0,8,0x04618A85BA000000
73427922075.0,0,0x7DA,0,8,0x04618A85EB000000
73526392175.0,0,0x7DA,0,8,0x04618A85EB000000
73628624525.0,0,0x7DA,0,8,0x04618A85EB000000
73726924875.0,0,0x7DA,0,8,0x04618A867E000000
73829330150.0,0,0x7DA,0,8,0x04618A85EB000000
73927627175.0,0,0x7DA,0,8,0x04618A8772000000
74030137800.0,0,0x7DA,0,8,0x04618A86DF000000
74128355950.0,0,0x7DA,0,8,0x04618A87D4000000
74226893225.0,0,0x7DA,0,8,0x04618A8835000000
74329277075.0,0,0x7DA,0,8,0x04618A8897000000
74427346750.0,0,0x7DA,0,8,0x04618A895B000000
74529763650.0,0,0x7DA,0,8,0x04618A89BC000000
74628060400.0,0,0x7DA,0,8,0x04618A8897000000
74726367500.0,0,0x7DA,0,8,0x04618A8897000000
74828783600.0,0,0x7DA,0,8,0x04618A8835000000
74927136725.0,0,0x7DA,0,8,0x04618A895B000000
75029489800.0,0,0x7DA,0,8,0x04618A8897000000
75127777250.0,0,0x7DA,0,8,0x04618A892A000000
75226272700.0,0,0x7DA,0,8,0x04618A8866000000
75328488500.0,0,0x7DA,0,8,0x04618A898C000000
75426791550.0,0,0x7DA,0,8,0x04618A8897000000
75529207475.0,0,0x7DA,0,8,0x04618A898C000000
75627772500.0,0,0x7DA,0,8,0x04618A88C8000000
75729929950.0,0,0x7DA,0,8,0x04618A88C8000000
75828209200.0,0,0x7DA,0,8,0x04618A8866000000
75926690325.0,0,0x7DA,0,8,0x04618A88F9000000
76028921450.0,0,0x7DA,0,8,0x04618A8866000000
76127218475.0,0,0x7DA,0,8,0x04618A88F9000000
76229636825.0,0,0x7DA,0,8,0x04618A895B000000
76328700700.0,0,0x7DA,0,8,0x04618A89BC000000
76426248350.0,0,0x7DA,0,8,0x04618A89BC000000
76528639950.0,0,0x7DA,0,8,0x04618A88C8000000
76626946550.0,0,0x7DA,0,8,0x04618A88C8000000
76729343325.0,0,0x7DA,0,8,0x04618A88C8000000
76828077250.0,0,0x7DA,0,8,0x04618A87A3000000
76930072450.0,0,0x7DA,0,8,0x04618A8897000000
77029159100.0,0,0x7DA,0,8,0x04618A8866000000
77126683600.0,0,0x7DA,0,8,0x04618A8897000000
77229063775.0,0,0x7DA,0,8,0x04618A8897000000
77327624500.0,0,0x7DA,0,8,0x04618A88F9000000
77429773450.0,0,0x7DA,0,8,0x04618A8866000000
77528329950.0,0,0x7DA,0,8,0x04618A8772000000
77626414000.0,0,0x7DA,0,8,0x04618A87A3000000
77729084825.0,0,0x7DA,0,8,0x04618A86AE000000
77827247275.0,0,0x7DA,0,8,0x04618A86AE000000
77929496100.0,0,0x7DA,0,8,0x04618A861C000000
78027795000.0,0,0x7DA,0,8,0x04618A864D000000
78126106950.0,0,0x7DA,0,8,0x04618A861C000000
78228661150.0,0,0x7DA,0,8,0x04618A864D000000
78326866100.0,0,0x7DA,0,8,0x04618A85BA000000
78429981175.0,0,0x7DA,0,8,0x04618A8589000000
78527558800.0,0,0x7DA,0,8,0x04618A85BA000000
78629919100.0,0,0x7DA,0,8,0x04618A864D000000
78728226050.0,0,0x7DA,0,8,0x04618A85BA000000
78830632275.0,0,0x7DA,0,8,0x04618A85EB000000
78928995600.0,0,0x7DA,0,8,0x04618A86AE000000
79027555200.0,0,0x7DA,0,8,0x04618A85BA000000
79130757150.0,0,0x7DA,0,8,0x04618A867E000000
79227984075.0,0,0x7DA,0,8,0x04618A85EB000000
79330356400.0,0,0x7DA,0,8,0x04618A867E000000
79428660075.0,0,0x7DA,0,8,0x04618A861C000000
79526958025.0,0,0x7DA,0,8,0x04618A864D000000
79629379900.0,0,0x7DA,0,8,0x04618A861C000000
79727682025.0,0,0x7DA,0,8,0x04618A861C000000
79831028975.0,0,0x7DA,0,8,0x04618A861C000000
79928409600.0,0,0x7DA,0,8,0x04618A8589000000
80026703525.0,0,0x7DA,0,8,0x04618A85BA000000
80129083900.0,0,0x7DA,0,8,0x04618A85EB000000
80227388850.0,0,0x7DA,0,8,0x04618A861C000000
80329797025.0,0,0x7DA,0,8,0x04618A85BA000000
80428166525.0,0,0x7DA,0,8,0x04618A85EB000000
80530530800.0,0,0x7DA,0,8,0x04618A861C000000
80628838750.0,0,0x7DA,0,8,0x04618A8589000000
80731390575.0,0,0x7DA,0,8,0x04618A861C000000
80833785675.0,0,0x7DA,0,8,0x04618A861C000000
80931913050.0,0,0x7DA,0,8,0x04618A8589000000
81034330075.0,0,0x7DA,0,8,0x04618A864D000000
81132656975.0,0,0x7DA,0,8,0x04618A8558000000
81231931050.0,0,0x7DA,0,8,0x04618A85EB000000
81333329075.0,0,0x7DA,0,8,0x04618A8558000000
81431642375.0,0,0x7DA,0,8,0x04618A85BA000000
81534149450.0,0,0x7DA,0,8,0x04618A8558000000
81632522900.0,0,0x7DA,0,8,0x04618A8527000000
81730654575.0,0,0x7DA,0,8,0x04618A8527000000
81833068050.0,0,0x7DA,0,8,0x04618A8527000000
81931378650.0,0,0x7DA,0,8,0x04618A84C6000000
82033762925.0,0,0x7DA,0,8,0x04618A8558000000
82132095850.0,0,0x7DA,0,8,0x04618A84C6000000
82230379350.0,0,0x7DA,0,8,0x04618A84C6000000
82332949950.0,0,0x7DA,0,8,0x04618A8433000000
82431081800.0,0,0x7DA,0,8,0x04618A8464000000
82533499725.0,0,0x7DA,0,8,0x04618A84C6000000
82631807525.0,0,0x7DA,0,8,0x04618A8402000000
82734189100.0,0,0x7DA,0,8,0x04618A8402000000
82832518475.0,0,0x7DA,0,8,0x04618A8402000000
82930814050.0,0,0x7DA,0,8,0x04618A8433000000
83033234800.0,0,0x7DA,0,8,0x04618A83D1000000
83131667750.0,0,0x7DA,0,8,0x04618A8402000000
83234090900.0,0,0x7DA,0,8,0x04618A8433000000
83332233250.0,0,0x7DA,0,8,0x04618A8402000000
83430618175.0,0,0x7DA,0,8,0x04618A8495000000
83532937125.0,0,0x7DA,0,8,0x04618A8402000000
83631229975.0,0,0x7DA,0,8,0x04618A8433000000
83733663550.0,0,0x7DA,0,8,0x04618A8402000000
83831933625.0,0,0x7DA,0,8,0x04618A8433000000
83930238850.0,0,0x7DA,0,8,0x04618A8433000000
84032674400.0,0,0x7DA,0,8,0x04618A8464000000
84131455400.0,0,0x7DA,0,8,0x04618A83D1000000
84233368650.0,0,0x7DA,0,8,0x04618A83D1000000
84331659050.0,0,0x7DA,0,8,0x04618A8402000000
84434073375.0,0,0x7DA,0,8,0x04618A83D1000000
84532376775.0,0,0x7DA,0,8,0x04618A83A0000000
84630672650.0,0,0x7DA,0,8,0x04618A8402000000
84733092200.0,0,0x7DA,0,8,0x04618A83D1000000
84831803750.0,0,0x7DA,0,8,0x04618A8402000000
84933800725.0,0,0x7DA,0,8,0x04618A8464000000
85032090525.0,0,0x7DA,0,8,0x04618A8464000000
85130398200.0,0,0x7DA,0,8,0x04618A8402000000
85232795425.0,0,0x7DA,0,8,0x04618A833F000000
85331101400.0,0,0x7DA,0,8,0x04618A83A0000000
85433519575.0,0,0x7DA,0,8,0x04618A833F000000
85533243625.0,0,0x7DA,0,8,0x04618A82DD000000
85634210250.0,0,0x7DA,0,8,0x04618A830E000000
85732522300.0,0,0x7DA,0,8,0x04618A81E9000000
85830821150.0,0,0x7DA,0,8,0x04618A80F4000000
85933227500.0,0,0x7DA,0,8,0x04618A8031000000
86031534850.0,0,0x7DA,0,8,0x04618A7B6B000000
86133943975.0,0,0x7DA,0,8,0x04618A78EF000000
86232259975.0,0,0x7DA,0,8,0x04618A78EF000000
86330599125.0,0,0x7DA,0,8,0x04618A788E000000
86432962125.0,0,0x7DA,0,8,0x04618A7920000000
86531435675.0,0,0x7DA,0,8,0x04618A78BE000000
86633647900.0,0,0x7DA,0,8,0x04618A78EF000000
86731955925.0,0,0x7DA,0,8,0x04618A7A45000000
86830261425.0,0,0x7DA,0,8,0x04618A7EDB000000
86932682825.0,0,0x7DA,0,8,0x04618A80F4000000
87031039200.0,0,0x7DA,0,8,0x04618A827B000000
87133395125.0,0,0x7DA,0,8,0x04618A82AC000000
87231856800.0,0,0x7DA,0,8,0x04618A827B000000
87334081125.0,0,0x7DA,0,8,0x04618A82DD000000
87432391800.0,0,0x7DA,0,8,0x04618A82AC000000
87530692125.0,0,0x7DA,0,8,0x04618A82AC000000
87633110525.0,0,0x7DA,0,8,0x04618A827B000000
87731632600.0,0,0x7DA,0,8,0x04618A82AC000000
87833827950.0,0,0x7DA,0,8,0x04618A82AC000000
87936767075.0,0,0x7DA,0,8,0x04618A827B000000
88034677175.0,0,0x7DA,0,8,0x04618A827B000000
88132999950.0,0,0x7DA,0,8,0x04618A827B000000
88235232200.0,0,0x7DA,0,8,0x04618A827B000000
88333545775.0,0,0x7DA,0,8,0x04618A824A000000
88435924675.0,0,0x7DA,0,8,0x04618A824A000000
88534263200.0,0,0x7DA,0,8,0x04618A827B000000
88632553925.0,0,0x7DA,0,8,0x04618A8219000000
88734954150.0,0,0x7DA,0,8,0x04618A8219000000
88833427050.0,0,0x7DA,0,8,0x04618A81E9000000
88935663300.0,0,0x7DA,0,8,0x04618A81E9000000
89033969000.0,0,0x7DA,0,8,0x04618A8219000000
89136359525.0,0,0x7DA,0,8,0x04618A81E9000000
89234673000.0,0,0x7DA,0,8,0x04618A81E9000000
89332973725.0,0,0x7DA,0,8,0x04618A81B8000000
89435380025.0,0,0x7DA,0,8,0x04618A81B8000000
89533691725.0,0,0x7DA,0,8,0x04618A8187000000
89636106625.0,0,0x7DA,0,8,0x04618A80F4000000
89734569650.0,0,0x7DA,0,8,0x04618A8092000000
89833014800.0,0,0x7DA,0,8,0x04618A7FCF000000
89935112775.0,0,0x7DA,0,8,0x04618A7D84000000
90033393625.0,0,0x7DA,0,8,0x04618A7E79000000
90135803625.0,0,0x7DA,0,8,0x04618A7DE6000000
90234124975.0,0,0x7DA,0,8,0x04618A7C90000000
90332410850.0,0,0x7DA,0,8,0x04618A7CF2000000
90434993300.0,0,0x7DA,0,8,0x04618A7C90000000
90533180600.0,0,0x7DA,0,8,0x04618A7C5F000000
90635544500.0,0,0x7DA,0,8,0x04618A7C90000000
90733825525.0,0,0x7DA,0,8,0x04618A7C90000000
90836241750.0,0,0x7DA,0,8,0x04618A7C5F000000
90934532625.0,0,0x7DA,0,8,0x04618A7C90000000
91032859775.0,0,0x7DA,0,8,0x04618A7C5F000000
91135263150.0,0,0x7DA,0,8,0x04618A7C5F000000
91233613725.0,0,0x7DA,0,8,0x04618A7C5F000000
91336135450.0,0,0x7DA,0,8,0x04618A7C5F000000
91434252350.0,0,0x7DA,0,8,0x04618A7BFD000000
91532556025.0,0,0x7DA,0,8,0x04618A7B3A000000
91634963275.0,0,0x7DA,0,8,0x04618A7A15000000
91733273850.0,0,0x7DA,0,8,0x04618A7982000000
91835693850.0,0,0x7DA,0,8,0x04618A79B3000000
91934033925.0,0,0x7DA,0,8,0x04618A7982000000
92036877100.0,0,0x7DA,0,8,0x04618A7982000000
92134686800.0,0,0x7DA,0,8,0x04618A79B3000000
92232984500.0,0,0x7DA,0,8,0x04618A79E4000000
92335390100.0,0,0x7DA,0,8,0x04618A79B3000000
92433692350.0,0,0x7DA,0,8,0x04618A79E4000000
92536116600.0,0,0x7DA,0,8,0x04618A7A15000000
92635030900.0,0,0x7DA,0,8,0x04618A7A15000000
92732737025.0,0,0x7DA,0,8,0x04618A79E4000000
92835125175.0,0,0x7DA,0,8,0x04618A7A45000000
92933413825.0,0,0x7DA,0,8,0x04618A7A76000000
93035815475.0,0,0x7DA,0,8,0x04618A7AD8000000
93134128725.0,0,0x7DA,0,8,0x04618A7BFD000000
93232461600.0,0,0x7DA,0,8,0x04618A7E17000000
93335180750.0,0,0x7DA,0,8,0x04618A7EDB000000
93433162850.0,0,0x7DA,0,8,0x04618A7EDB000000
93535542425.0,0,0x7DA,0,8,0x04618A7F0B000000
93633849025.0,0,0x7DA,0,8,0x04618A7EDB000000
93736244525.0,0,0x7DA,0,8,0x04618A7E79000000
93834552225.0,0,0x7DA,0,8,0x04618A7DE6000000
93932879800.0,0,0x7DA,0,8,0x04618A7D23000000
94035760750.0,0,0x7DA,0,8,0x04618A7BFD000000
94133582200.0,0,0x7DA,0,8,0x04618A7B6B000000
94235966775.0,0,0x7DA,0,8,0x04618A7AD8000000
94334285700.0,0,0x7DA,0,8,0x04618A7B09000000
94436738500.0,0,0x7DA,0,8,0x04618A7B09000000
94534979475.0,0,0x7DA,0,8,0x04618A7B3A000000
94633473225.0,0,0x7DA,0,8,0x04618A7B3A000000
94736080725.0,0,0x7DA,0,8,0x04618A7B3A000000
94834009175.0,0,0x7DA,0,8,0x04618A7B3A000000
94936473475.0,0,0x7DA,0,8,0x04618A7B6B000000
95034707450.0,0,0x7DA,0,8,0x04618A7B6B000000
95133023575.0,0,0x7DA,0,8,0x04618A7B9C000000
95235410950.0,0,0x7DA,0,8,0x04618A7B6B000000
95334122150.0,0,0x7DA,0,8,0x04618A7B6B000000
95436890750.0,0,0x7DA,0,8,0x04618A7B9C000000
95534454225.0,0,0x7DA,0,8,0x04618A7B9C000000
95636823950.0,0,0x7DA,0,8,0x04618A7BCC000000
95735130900.0,0,0x7DA,0,8,0x04618A7BFD000000
95833545700.0,0,0x7DA,0,8,0x04618A7BFD000000
95935845050.0,0,0x7DA,0,8,0x04618A7BFD000000
96034306725.0,0,0x7DA,0,8,0x04618A7BCC000000
96136630950.0,0,0x7DA,0,8,0x04618A7C2E000000
96235040075.0,0,0x7DA,0,8,0x04618A7C2E000000
96333183750.0,0,0x7DA,0,8,0x04618A7C2E000000
96435563200.0,0,0x7DA,0,8,0x04618A7C2E000000
96533874675.0,0,0x7DA,0,8,0x04618A7C2E000000
96636269725.0,0,0x7DA,0,8,0x04618A7C90000000
96734588675.0,0,0x7DA,0,8,0x04618A7BCC000000
96837009975.0,0,0x7DA,0,8,0x04618A7B09000000
96935713075.0,0,0x7DA,0,8,0x04618A79E4000000
97033599725.0,0,0x7DA,0,8,0x04618A78EF000000
97135990025.0,0,0x7DA,0,8,0x04618A782C000000
97234296100.0,0,0x7DA,0,8,0x04618A77FB000000
97337339250.0,0,0x7DA,0,8,0x04618A7737000000
97435009075.0,0,0x7DA,0,8,0x04618A77CA000000
97537419900.0,0,0x7DA,0,8,0x04618A788E000000
97635735850.0,0,0x7DA,0,8,0x04618A782C000000
97734044725.0,0,0x7DA,0,8,0x04618A785D000000
97836625900.0,0,0x7DA,0,8,0x04618A785D000000
97934737200.0,0,0x7DA,0,8,0x04618A78BE000000
98037123275.0,0,0x7DA,0,8,0x04618A78EF000000
98135432175.0,0,0x7DA,0,8,0x04618A78BE000000
98237872625.0,0,0x7DA,0,8,0x04618A7799000000
98336505000.0,0,0x7DA,0,8,0x04618A78BE000000
98435317575.0,0,0x7DA,0,8,0x04618A785D000000
98537027725.0,0,0x7DA,0,8,0x04618A7951000000
98635160775.0,0,0x7DA,0,8,0x04618A79E4000000
98737552450.0,0,0x7DA,0,8,0x04618A7A45000000
98835864875.0,0,0x7DA,0,8,0x04618A7920000000
98934162300.0,0,0x7DA,0,8,0x04618A7B09000000
99036614725.0,0,0x7DA,0,8,0x04618A7A15000000
99134927050.0,0,0x7DA,0,8,0x04618A7A45000000
99237278125.0,0,0x7DA,0,8,0x04618A7BCC000000
99335593550.0,0,0x7DA,0,8,0x04618A7C5F000000
99433896525.0,0,0x7DA,0,8,0x04618A7C2E000000
99536672475.0,0,0x7DA,0,8,0x04618A7CF2000000
99634594000.0,0,0x7DA,0,8,0x04618A7D53000000
99737017225.0,0,0x7DA,0,8,0x04618A7DB5000000
99835362625.0,0,0x7DA,0,8,0x04618A7E17000000
99933630075.0,0,0x7DA,0,8,0x04618A7F0B000000
100036000000.0,0,0x7DA,0,8,0x04618A7F6D000000
100134000000.0,0,0x7DA,0,8,0x04618A7F9E000000
100237000000.0,0,0x7DA,0,8,0x04618A7FCF000000
100335000000.0,0,0x7DA,0,8,0x04618A8000000000
100437000000.0,0,0x7DA,0,8,0x04618A8031000000
100537000000.0,0,0x7DA,0,8,0x04618A8092000000
100634000000.0,0,0x7DA,0,8,0x04618A8062000000
100736000000.0,0,0x7DA,0,8,0x04618A80C3000000
100835000000.0,0,0x7DA,0,8,0x04618A8125000000
100937000000.0,0,0x7DA,0,8,0x04618A81B8000000
101035000000.0,0,0x7DA,0,8,0x04618A8219000000
101134000000.0,0,0x7DA,0,8,0x04618A827B000000
101237000000.0,0,0x7DA,0,8,0x04618A8370000000
101334000000.0,0,0x7DA,0,8,0x04618A8402000000
101437000000.0,0,0x7DA,0,8,0x04618A8464000000
101535000000.0,0,0x7DA,0,8,0x04618A84F7000000
101638000000.0,0,0x7DA,0,8,0x04618A85EB000000
101736000000.0,0,0x7DA,0,8,0x04618A867E000000
101834000000.0,0,0x7DA,0,8,0x04618A8741000000
101937000000.0,0,0x7DA,0,8,0x04618A8772000000
102035000000.0,0,0x7DA,0,8,0x04618A8897000000
102137000000.0,0,0x7DA,0,8,0x04618A88F9000000
102236000000.0,0,0x7DA,0,8,0x04618A895B000000
102334000000.0,0,0x7DA,0,8,0x04618A8A1E000000
102436000000.0,0,0x7DA,0,8,0x04618A8B74000000
102535000000.0,0,0x7DA,0,8,0x04618A8AB1000000
102637000000.0,0,0x7DA,0,8,0x04618A8B74000000
102736000000.0,0,0x7DA,0,8,0x04618A8C07000000
102838000000.0,0,0x7DA,0,8,0x04618A8D2C000000
102936000000.0,0,0x7DA,0,8,0x04618A8BD6000000
103034000000.0,0,0x7DA,0,8,0x04618A8D8E000000
103141000000.0,0,0x7DA,0,8,0x04618A8D2C000000
103239000000.0,0,0x7DA,0,8,0x04618A8CFB000000
103337000000.0,0,0x7DA,0,8,0x04618A8EE4000000
103440000000.0,0,0x7DA,0,8,0x04618A8EB3000000
103538000000.0,0,0x7DA,0,8,0x04618A8FD8000000
103641000000.0,0,0x7DA,0,8,0x04618A8E51000000
103739000000.0,0,0x7DA,0,8,0x04618A8EB3000000
103837000000.0,0,0x7DA,0,8,0x04618A8F46000000
103940000000.0,0,0x7DA,0,8,0x04618A8EB3000000
104042000000.0,0,0x7DA,0,8,0x04618A8F77000000
104140000000.0,0,0x7DA,0,8,0x04618A8F77000000
104239000000.0,0,0x7DA,0,8,0x04618A903A000000
104341000000.0,0,0x7DA,0,8,0x04618A903A000000
104439000000.0,0,0x7DA,0,8,0x04618A9379000000
104542000000.0,0,0x7DA,0,8,0x04618A92B6000000
104640000000.0,0,0x7DA,0,8,0x04618A915F000000
104742000000.0,0,0x7DA,0,8,0x04618A9223000000
104841000000.0,0,0x7DA,0,8,0x04618A9190000000
104943000000.0,0,0x7DA,0,8,0x04618A91F2000000
105041000000.0,0,0x7DA,0,8,0x04618A91F2000000
105144000000.0,0,0x7DA,0,8,0x04618A9285000000
105242000000.0,0,0x7DA,0,8,0x04618A9223000000
105340000000.0,0,0x7DA,0,8,0x04618A92B6000000
105443000000.0,0,0x7DA,0,8,0x04618A9379000000
105541000000.0,0,0x7DA,0,8,0x04618A9348000000
105644000000.0,0,0x7DA,0,8,0x04618A9379000000
105742000000.0,0,0x7DA,0,8,0x04618A9348000000
105840000000.0,0,0x7DA,0,8,0x04618A9285000000
105943000000.0,0,0x7DA,0,8,0x04618A9317000000
106041000000.0,0,0x7DA,0,8,0x04618A9317000000
106143000000.0,0,0x7DA,0,8,0x04618A92B6000000
106242000000.0,0,0x7DA,0,8,0x04618A94CF000000
106340000000.0,0,0x7DA,0,8,0x04618A912F000000
106442000000.0,0,0x7DA,0,8,0x04618A92B6000000
106541000000.0,0,0x7DA,0,8,0x04618A9593000000
106643000000.0,0,0x7DA,0,8,0x04618A9500000000
106746000000.0,0,0x7DA,0,8,0x04618A9254000000
106844000000.0,0,0x7DA,0,8,0x04618A946D000000
106942000000.0,0,0x7DA,0,8,0x04618A91C1000000
107040000000.0,0,0x7DA,0,8,0x04618A946D000000
107143000000.0,0,0x7DA,0,8,0x04618A9223000000
107241000000.0,0,0x7DA,0,8,0x04618A946D000000
107343000000.0,0,0x7DA,0,8,0x04618A949E000000
107442000000.0,0,0x7DA,0,8,0x04618A94CF000000
107540000000.0,0,0x7DA,0,8,0x04618A92E6000000
107642000000.0,0,0x7DA,0,8,0x04618A949E000000
107742000000.0,0,0x7DA,0,8,0x04618A92B6000000
107843000000.0,0,0x7DA,0,8,0x04618A912F000000
107941000000.0,0,0x7DA,0,8,0x04618A903A000000
108044000000.0,0,0x7DA,0,8,0x04618A8CFB000000
108142000000.0,0,0x7DA,0,8,0x04618A8CFB000000
108241000000.0,0,0x7DA,0,8,0x04618A89ED000000
108343000000.0,0,0x7DA,0,8,0x04618A8A1E000000
108442000000.0,0,0x7DA,0,8,0x04618A89ED000000
108544000000.0,0,0x7DA,0,8,0x04618A88F9000000
108642000000.0,0,0x7DA,0,8,0x04618A8897000000
108740000000.0,0,0x7DA,0,8,0x04618A8710000000
108843000000.0,0,0x7DA,0,8,0x04618A861C000000
108941000000.0,0,0x7DA,0,8,0x04618A864D000000
109044000000.0,0,0x7DA,0,8,0x04618A85EB000000
109142000000.0,0,0x7DA,0,8,0x04618A85BA000000
109240000000.0,0,0x7DA,0,8,0x04618A8558000000
109342000000.0,0,0x7DA,0,8,0x04618A85EB000000
109441000000.0,0,0x7DA,0,8,0x04618A85BA000000
109543000000.0,0,0x7DA,0,8,0x04618A85BA000000
109641000000.0,0,0x7DA,0,8,0x04618A8558000000
109744000000.0,0,0x7DA,0,8,0x04618A8527000000
109842000000.0,0,0x7DA,0,8,0x04618A84C6000000
109941000000.0,0,0x7DA,0,8,0x04618A8527000000
110043000000.0,0,0x7DA,0,8,0x04618A8495000000
110141000000.0,0,0x7DA,0,8,0x04618A8464000000
110244000000.0,0,0x7DA,0,8,0x04618A83A0000000
110342000000.0,0,0x7DA,0,8,0x04618A8370000000
110440000000.0,0,0x7DA,0,8,0x04618A83A0000000
110542000000.0,0,0x7DA,0,8,0x04618A83A0000000
110642000000.0,0,0x7DA,0,8,0x04618A83D1000000
110743000000.0,0,0x7DA,0,8,0x04618A8370000000
110841000000.0,0,0x7DA,0,8,0x04618A8370000000
110944000000.0,0,0x7DA,0,8,0x04618A8370000000
111042000000.0,0,0x7DA,0,8,0x04618A83A0000000
111140000000.0,0,0x7DA,0,8,0x04618A8402000000
111243000000.0,0,0x7DA,0,8,0x04618A8370000000
111342000000.0,0,0x7DA,0,8,0x04618A83D1000000
111444000000.0,0,0x7DA,0,8,0x04618A833F000000
111542000000.0,0,0x7DA,0,8,0x04618A83D1000000
111640000000.0,0,0x7DA,0,8,0x04618A8402000000
111743000000.0,0,0x7DA,0,8,0x04618A83D1000000
111841000000.0,0,0x7DA,0,8,0x04618A83A0000000
111943000000.0,0,0x7DA,0,8,0x04618A833F000000
112042000000.0,0,0x7DA,0,8,0x04618A83D1000000
112140000000.0,0,0x7DA,0,8,0x04618A8402000000
112243000000.0,0,0x7DA,0,8,0x04618A83A0000000
112341000000.0,0,0x7DA,0,8,0x04618A8370000000
112443000000.0,0,0x7DA,0,8,0x04618A8370000000
112541000000.0,0,0x7DA,0,8,0x04618A83A0000000
112644000000.0,0,0x7DA,0,8,0x04618A83A0000000
112742000000.0,0,0x7DA,0,8,0x04618A83A0000000
112841000000.0,0,0x7DA,0,8,0x04618A83D1000000
112943000000.0,0,0x7DA,0,8,0x04618A83D1000000
113041000000.0,0,0x7DA,0,8,0x04618A8370000000
113143000000.0,0,0x7DA,0,8,0x04618A83D1000000
113242000000.0,0,0x7DA,0,8,0x04618A8433000000
113340000000.0,0,0x7DA,0,8,0x04618A83A0000000
113442000000.0,0,0x7DA,0,8,0x04618A83D1000000
113541000000.0,0,0x7DA,0,8,0x04618A8433000000
113643000000.0,0,0x7DA,0,8,0x04618A84C6000000
113742000000.0,0,0x7DA,0,8,0x04618A8527000000
113844000000.0,0,0x7DA,0,8,0x04618A8558000000
113942000000.0,0,0x7DA,0,8,0x04618A861C000000
114041000000.0,0,0x7DA,0,8,0x04618A864D000000
114143000000.0,0,0x7DA,0,8,0x04618A867E000000
114241000000.0,0,0x7DA,0,8,0x04618A86AE000000
114344000000.0,0,0x7DA,0,8,0x04618A86AE000000
114442000000.0,0,0x7DA,0,8,0x04618A86DF000000
114540000000.0,0,0x7DA,0,8,0x04618A8741000000
114643000000.0,0,0x7DA,0,8,0x04618A8710000000
114741000000.0,0,0x7DA,0,8,0x04618A87D4000000
114843000000.0,0,0x7DA,0,8,0x04618A87A3000000
114942000000.0,0,0x7DA,0,8,0x04618A87D4000000
115044000000.0,0,0x7DA,0,8,0x04618A87D4000000
115142000000.0,0,0x7DA,0,8,0x04618A8835000000
115241000000.0,0,0x7DA,0,8,0x04618A87A3000000
115343000000.0,0,0x7DA,0,8,0x04618A8835000000
115441000000.0,0,0x7DA,0,8,0x04618A87A3000000
115544000000.0,0,0x7DA,0,8,0x04618A87A3000000
115642000000.0,0,0x7DA,0,8,0x04618A87D4000000
115741000000.0,0,0x7DA,0,8,0x04618A87A3000000
115843000000.0,0,0x7DA,0,8,0x04618A87A3000000
115941000000.0,0,0x7DA,0,8,0x04618A87D4000000
116043000000.0,0,0x7DA,0,8,0x04618A8772000000
116142000000.0,0,0x7DA,0,8,0x04618A8772000000
116240000000.0,0,0x7DA,0,8,0x04618A87A3000000
116343000000.0,0,0x7DA,0,8,0x04618A8741000000
116441000000.0,0,0x7DA,0,8,0x04618A87A3000000
116543000000.0,0,0x7DA,0,8,0x04618A8741000000
116642000000.0,0,0x7DA,0,8,0x04618A8710000000
116744000000.0,0,0x7DA,0,8,0x04618A8772000000
116842000000.0,0,0x7DA,0,8,0x04618A87A3000000
116941000000.0,0,0x7DA,0,8,0x04618A8741000000
117043000000.0,0,0x7DA,0,8,0x04618A86DF000000
117141000000.0,0,0x7DA,0,8,0x04618A8710000000
117244000000.0,0,0x7DA,0,8,0x04618A86AE000000
117342000000.0,0,0x7DA,0,8,0x04618A867E000000
117440000000.0,0,0x7DA,0,8,0x04618A8741000000
117543000000.0,0,0x7DA,0,8,0x04618A86AE000000
117641000000.0,0,0x7DA,0,8,0x04618A8710000000
117744000000.0,0,0x7DA,0,8,0x04618A867E000000
117842000000.0,0,0x7DA,0,8,0x04618A86AE000000
117944000000.0,0,0x7DA,0,8,0x04618A86AE000000
118042000000.0,0,0x7DA,0,8,0x04618A864D000000
118141000000.0,0,0x7DA,0,8,0x04618A864D000000
118243000000.0,0,0x7DA,0,8,0x04618A861C000000
118341000000.0,0,0x7DA,0,8,0x04618A861C000000
118444000000.0,0,0x7DA,0,8,0x04618A85BA000000
118542000000.0,0,0x7DA,0,8,0x04618A8589000000
118640000000.0,0,0x7DA,0,8,0x04618A85EB000000
118743000000.0,0,0x7DA,0,8,0x04618A8589000000
118841000000.0,0,0x7DA,0,8,0x04618A8558000000
118944000000.0,0,0x7DA,0,8,0x04618A84F7000000
119042000000.0,0,0x7DA,0,8,0x04618A85BA000000
119140000000.0,0,0x7DA,0,8,0x04618A84F7000000
119243000000.0,0,0x7DA,0,8,0x04618A85BA000000
119341000000.0,0,0x7DA,0,8,0x04618A8527000000
119443000000.0,0,0x7DA,0,8,0x04618A84C6000000
119542000000.0,0,0x7DA,0,8,0x04618A8589000000
119644000000.0,0,0x7DA,0,8,0x04618A8527000000
119743000000.0,0,0x7DA,0,8,0x04618A8495000000
119841000000.0,0,0x7DA,0,8,0x04618A8464000000
119943000000.0,0,0x7DA,0,8,0x04618A8495000000
120041000000.0,0,0x7DA,0,8,0x04618A8464000000
120144000000.0,0,0x7DA,0,8,0x04618A83A0000000
120242000000.0,0,0x7DA,0,8,0x04618A830E000000
120341000000.0,0,0x7DA,0,8,0x04618A8187000000
120443000000.0,0,0x7DA,0,8,0x04618A80F4000000
120541000000.0,0,0x7DA,0,8,0x04618A8092000000
120643000000.0,0,0x7DA,0,8,0x04618A7F3C000000
120742000000.0,0,0x7DA,0,8,0x04618A7DB5000000
120844000000.0,0,0x7DA,0,8,0x04618A7E17000000
120942000000.0,0,0x7DA,0,8,0x04618A7E79000000
121042000000.0,0,0x7DA,0,8,0x04618A7EDB000000
121143000000.0,0,0x7DA,0,8,0x04618A7E48000000
121242000000.0,0,0x7DA,0,8,0x04618A7E48000000
121344000000.0,0,0x7DA,0,8,0x04618A7E48000000
121442000000.0,0,0x7DA,0,8,0x04618A7E48000000
121540000000.0,0,0x7DA,0,8,0x04618A7E17000000
121643000000.0,0,0x7DA,0,8,0x04618A7DE6000000
121741000000.0,0,0x7DA,0,8,0x04618A7E48000000
121844000000.0,0,0x7DA,0,8,0x04618A7E48000000
121942000000.0,0,0x7DA,0,8,0x04618A7DE6000000
122040000000.0,0,0x7DA,0,8,0x04618A7E17000000
122143000000.0,0,0x7DA,0,8,0x04618A7DE6000000
122241000000.0,0,0x7DA,0,8,0x04618A7E17000000
122343000000.0,0,0x7DA,0,8,0x04618A7E17000000
122442000000.0,0,0x7DA,0,8,0x04618A7E17000000
122544000000.0,0,0x7DA,0,8,0x04618A7E17000000
122642000000.0,0,0x7DA,0,8,0x04618A7E48000000
122741000000.0,0,0x7DA,0,8,0x04618A7E48000000
122843000000.0,0,0x7DA,0,8,0x04618A7E17000000
122941000000.0,0,0x7DA,0,8,0x04618A7E48000000
123044000000.0,0,0x7DA,0,8,0x04618A7E48000000
123142000000.0,0,0x7DA,0,8,0x04618A7E48000000
123241000000.0,0,0x7DA,0,8,0x04618A7E79000000
123343000000.0,0,0x7DA,0,8,0x04618A7E48000000
123441000000.0,0,0x7DA,0,8,0x04618A7E48000000
123543000000.0,0,0x7DA,0,8,0x04618A7E79000000
123642000000.0,0,0x7DA,0,8,0x04618A7E79000000
123744000000.0,0,0x7DA,0,8,0x04618A7EAA000000
123842000000.0,0,0x7DA,0,8,0x04618A7EAA000000
123941000000.0,0,0x7DA,0,8,0x04618A7EDB000000
124043000000.0,0,0x7DA,0,8,0x04618A7F0B000000
124142000000.0,0,0x7DA,0,8,0x04618A7F6D000000
124244000000.0,0,0x7DA,0,8,0x04618A7F9E000000
124342000000.0,0,0x7DA,0,8,0x04618A7F9E000000
124440000000.0,0,0x7DA,0,8,0x04618A7FCF000000
124543000000.0,0,0x7DA,0,8,0x04618A8031000000
124641000000.0,0,0x7DA,0,8,0x04618A8031000000
124744000000.0,0,0x7DA,0,8,0x04618A8031000000
124842000000.0,0,0x7DA,0,8,0x04618A8000000000
124940000000.0,0,0x7DA,0,8,0x04618A8031000000
125043000000.0,0,0x7DA,0,8,0x04618A8062000000
125141000000.0,0,0x7DA,0,8,0x04618A8062000000
125243000000.0,0,0x7DA,0,8,0x04618A8062000000
125342000000.0,0,0x7DA,0,8,0x04618A8062000000
125444000000.0,0,0x7DA,0,8,0x04618A8062000000
125546000000.0,0,0x7DA,0,8,0x04618A8062000000
125645000000.0,0,0x7DA,0,8,0x04618A8062000000
125743000000.0,0,0x7DA,0,8,0x04618A8062000000
125845000000.0,0,0x7DA,0,8,0x04618A8062000000
125944000000.0,0,0x7DA,0,8,0x04618A8062000000
126046000000.0,0,0x7DA,0,8,0x04618A8062000000
126144000000.0,0,0x7DA,0,8,0x04618A80C3000000
126243000000.0,0,0x7DA,0,8,0x04618A8187000000
126345000000.0,0,0x7DA,0,8,0x04618A827B000000
126443000000.0,0,0x7DA,0,8,0x04618A8219000000
126546000000.0,0,0x7DA,0,8,0x04618A82AC000000
126644000000.0,0,0x7DA,0,8,0x04618A82DD000000
126743000000.0,0,0x7DA,0,8,0x04618A82DD000000
126845000000.0,0,0x7DA,0,8,0x04618A830E000000
126943000000.0,0,0x7DA,0,8,0x04618A8370000000
127046000000.0,0,0x7DA,0,8,0x04618A830E000000
127144000000.0,0,0x7DA,0,8,0x04618A833F000000
127242000000.0,0,0x7DA,0,8,0x04618A833F000000
127345000000.0,0,0x7DA,0,8,0x04618A833F000000
127443000000.0,0,0x7DA,0,8,0x04618A833F000000
127545000000.0,0,0x7DA,0,8,0x04618A82DD000000
127644000000.0,0,0x7DA,0,8,0x04618A830E000000
127746000000.0,0,0x7DA,0,8,0x04618A833F000000
127844000000.0,0,0x7DA,0,8,0x04618A830E000000
127943000000.0,0,0x7DA,0,8,0x04618A830E000000
128045000000.0,0,0x7DA,0,8,0x04618A833F000000
128144000000.0,0,0x7DA,0,8,0x04618A830E000000
128246000000.0,0,0x7DA,0,8,0x04618A82DD000000
128344000000.0,0,0x7DA,0,8,0x04618A82AC000000
128442000000.0,0,0x7DA,0,8,0x04618A82AC000000
128545000000.0,0,0x7DA,0,8,0x04618A82AC000000
128643000000.0,0,0x7DA,0,8,0x04618A82AC000000
128745000000.0,0,0x7DA,0,8,0x04618A827B000000
128844000000.0,0,0x7DA,0,8,0x04618A827B000000
128946000000.0,0,0x7DA,0,8,0x04618A82AC000000
129044000000.0,0,0x7DA,0,8,0x04618A82AC000000
129143000000.0,0,0x7DA,0,8,0x04618A824A000000
129245000000.0,0,0x7DA,0,8,0x04618A8219000000
129344000000.0,0,0x7DA,0,8,0x04618A81E9000000
129446000000.0,0,0x7DA,0,8,0x04618A81E9000000
129545000000.0,0,0x7DA,0,8,0x04618A81E9000000
129642000000.0,0,0x7DA,0,8,0x04618A81E9000000
129745000000.0,0,0x7DA,0,8,0x04618A81B8000000
129843000000.0,0,0x7DA,0,8,0x04618A81B8000000
129946000000.0,0,0x7DA,0,8,0x04618A81B8000000
130044000000.0,0,0x7DA,0,8,0x04618A81B8000000
130146000000.0,0,0x7DA,0,8,0x04618A81B8000000
130246000000.0,0,0x7DA,0,8,0x04618A8125000000
130343000000.0,0,0x7DA,0,8,0x04618A80C3000000
130445000000.0,0,0x7DA,0,8,0x04618A8062000000
130544000000.0,0,0x7DA,0,8,0x04618A7F6D000000
130646000000.0,0,0x7DA,0,8,0x04618A7F6D000000
130744000000.0,0,0x7DA,0,8,0x04618A7F6D000000
130843000000.0,0,0x7DA,0,8,0x04618A7F3C000000
130946000000.0,0,0x7DA,0,8,0x04618A7F0B000000
131043000000.0,0,0x7DA,0,8,0x04618A7F6D000000
131146000000.0,0,0x7DA,0,8,0x04618A7F0B000000
131244000000.0,0,0x7DA,0,8,0x04618A7EAA000000
131342000000.0,0,0x7DA,0,8,0x04618A7E48000000
131445000000.0,0,0x7DA,0,8,0x04618A7E79000000
131543000000.0,0,0x7DA,0,8,0x04618A7E17000000
131647000000.0,0,0x7DA,0,8,0x04618A7E17000000
131744000000.0,0,0x7DA,0,8,0x04618A7E17000000
131846000000.0,0,0x7DA,0,8,0x04618A7E17000000
131944000000.0,0,0x7DA,0,8,0x04618A7DE6000000
132043000000.0,0,0x7DA,0,8,0x04618A7E17000000
132145000000.0,0,0x7DA,0,8,0x04618A7DE6000000
132243000000.0,0,0x7DA,0,8,0x04618A7DE6000000
132347000000.0,0,0x7DA,0,8,0x04618A7D84000000
132444000000.0,0,0x7DA,0,8,0x04618A7D53000000
132547000000.0,0,0x7DA,0,8,0x04618A7D53000000
132645000000.0,0,0x7DA,0,8,0x04618A7D53000000
132743000000.0,0,0x7DA,0,8,0x04618A7D53000000
132846000000.0,0,0x7DA,0,8,0x04618A7D84000000
132944000000.0,0,0x7DA,0,8,0x04618A7E17000000
133047000000.0,0,0x7DA,0,8,0x04618A7E48000000
133145000000.0,0,0x7DA,0,8,0x04618A7E17000000
133247000000.0,0,0x7DA,0,8,0x04618A7E48000000
133345000000.0,0,0x7DA,0,8,0x04618A7E79000000
133444000000.0,0,0x7DA,0,8,0x04618A7E79000000
133546000000.0,0,0x7DA,0,8,0x04618A7F0B000000
133644000000.0,0,0x7DA,0,8,0x04618A7F3C000000
133743000000.0,0,0x7DA,0,8,0x04618A7F9E000000
133845000000.0,0,0x7DA,0,8,0x04618A8062000000
133943000000.0,0,0x7DA,0,8,0x04618A80C3000000
134046000000.0,0,0x7DA,0,8,0x04618A8125000000
134144000000.0,0,0x7DA,0,8,0x04618A8370000000
134243000000.0,0,0x7DA,0,8,0x04618A82DD000000
134345000000.0,0,0x7DA,0,8,0x04618A82AC000000
134443000000.0,0,0x7DA,0,8,0x04618A82DD000000
134545000000.0,0,0x7DA,0,8,0x04618A82AC000000
134644000000.0,0,0x7DA,0,8,0x04618A82DD000000
134746000000.0,0,0x7DA,0,8,0x04618A82DD000000
134844000000.0,0,0x7DA,0,8,0x04618A827B000000
134943000000.0,0,0x7DA,0,8,0x04618A827B000000
135045000000.0,0,0x7DA,0,8,0x04618A82AC000000
135144000000.0,0,0x7DA,0,8,0x04618A82AC000000
135246000000.0,0,0x7DA,0,8,0x04618A82AC000000
135344000000.0,0,0x7DA,0,8,0x04618A827B000000
135442000000.0,0,0x7DA,0,8,0x04618A827B000000
135545000000.0,0,0x7DA,0,8,0x04618A82AC000000
135643000000.0,0,0x7DA,0,8,0x04618A82AC000000
135746000000.0,0,0x7DA,0,8,0x04618A82AC000000
135844000000.0,0,0x7DA,0,8,0x04618A827B000000
135946000000.0,0,0x7DA,0,8,0x04618A827B000000
136045000000.0,0,0x7DA,0,8,0x04618A827B000000
136143000000.0,0,0x7DA,0,8,0x04618A827B000000
136245000000.0,0,0x7DA,0,8,0x04618A827B000000
136344000000.0,0,0x7DA,0,8,0x04618A827B000000
136446000000.0,0,0x7DA,0,8,0x04618A827B000000
136544000000.0,0,0x7DA,0,8,0x04618A82AC000000
136643000000.0,0,0x7DA,0,8,0x04618A824A000000
136745000000.0,0,0x7DA,0,8,0x04618A824A000000
136843000000.0,0,0x7DA,0,8,0x04618A827B000000
136946000000.0,0,0x7DA,0,8,0x04618A827B000000
137044000000.0,0,0x7DA,0,8,0x04618A82AC000000
137147000000.0,0,0x7DA,0,8,0x04618A824A000000
137245000000.0,0,0x7DA,0,8,0x04618A8219000000
137343000000.0,0,0x7DA,0,8,0x04618A82AC000000
137446000000.0,0,0x7DA,0,8,0x04618A824A000000
137544000000.0,0,0x7DA,0,8,0x04618A81E9000000
137646000000.0,0,0x7DA,0,8,0x04618A8187000000
137745000000.0,0,0x7DA,0,8,0x04618A8187000000
137847000000.0,0,0x7DA,0,8,0x04618A81B8000000
137945000000.0,0,0x7DA,0,8,0x04618A81B8000000
138043000000.0,0,0x7DA,0,8,0x04618A8187000000
138146000000.0,0,0x7DA,0,8,0x04618A81B8000000
138244000000.0,0,0x7DA,0,8,0x04618A81B8000000
138347000000.0,0,0x7DA,0,8,0x04618A8187000000
138445000000.0,0,0x7DA,0,8,0x04618A8187000000
138547000000.0,0,0x7DA,0,8,0x04618A81B8000000
138646000000.0,0,0x7DA,0,8,0x04618A81E9000000
138748000000.0,0,0x7DA,0,8,0x04618A81E9000000
138846000000.0,0,0x7DA,0,8,0x04618A8219000000
138945000000.0,0,0x7DA,0,8,0x04618A827B000000
139047000000.0,0,0x7DA,0,8,0x04618A824A000000
139146000000.0,0,0x7DA,0,8,0x04618A827B000000
139248000000.0,0,0x7DA,0,8,0x04618A824A000000
139346000000.0,0,0x7DA,0,8,0x04618A827B000000
139444000000.0,0,0x7DA,0,8,0x04618A824A000000
139547000000.0,0,0x7DA,0,8,0x04618A824A000000
139645000000.0,0,0x7DA,0,8,0x04618A824A000000
139747000000.0,0,0x7DA,0,8,0x04618A8219000000
139846000000.0,0,0x7DA,0,8,0x04618A8219000000
139944000000.0,0,0x7DA,0,8,0x04618A824A000000
140046000000.0,0,0x7DA,0,8,0x04618A824A000000
140145000000.0,0,0x7DA,0,8,0x04618A824A000000
140247000000.0,0,0x7DA,0,8,0x04618A827B000000
140345000000.0,0,0x7DA,0,8,0x04618A827B000000
140444000000.0,0,0x7DA,0,8,0x04618A82AC000000
140546000000.0,0,0x7DA,0,8,0x04618A82AC000000
140645000000.0,0,0x7DA,0,8,0x04618A82AC000000
140747000000.0,0,0x7DA,0,8,0x04618A82DD000000
140849000000.0,0,0x7DA,0,8,0x04618A830E000000
140948000000.0,0,0x7DA,0,8,0x04618A82DD000000
141046000000.0,0,0x7DA,0,8,0x04618A830E000000
141148000000.0,0,0x7DA,0,8,0x04618A833F000000
141247000000.0,0,0x7DA,0,8,0x04618A8370000000
141349000000.0,0,0x7DA,0,8,0x04618A8370000000
141447000000.0,0,0x7DA,0,8,0x04618A83A0000000
141546000000.0,0,0x7DA,0,8,0x04618A83A0000000
141648000000.0,0,0x7DA,0,8,0x04618A83D1000000
141746000000.0,0,0x7DA,0,8,0x04618A83D1000000
141849000000.0,0,0x7DA,0,8,0x04618A8402000000
141947000000.0,0,0x7DA,0,8,0x04618A8464000000
142049000000.0,0,0x7DA,0,8,0x04618A84F7000000
142148000000.0,0,0x7DA,0,8,0x04618A8495000000
142246000000.0,0,0x7DA,0,8,0x04618A8527000000
142348000000.0,0,0x7DA,0,8,0x04618A84F7000000
142447000000.0,0,0x7DA,0,8,0x04618A8527000000
142549000000.0,0,0x7DA,0,8,0x04618A8558000000
142648000000.0,0,0x7DA,0,8,0x04618A8558000000
142746000000.0,0,0x7DA,0,8,0x04618A8527000000
142848000000.0,0,0x7DA,0,8,0x04618A8558000000
142946000000.0,0,0x7DA,0,8,0x04618A8558000000
143049000000.0,0,0x7DA,0,8,0x04618A8558000000
143147000000.0,0,0x7DA,0,8,0x04618A8527000000
143250000000.0,0,0x7DA,0,8,0x04618A8558000000
143348000000.0,0,0x7DA,0,8,0x04618A8558000000
143446000000.0,0,0x7DA,0,8,0x04618A8558000000
143549000000.0,0,0x7DA,0,8,0x04618A8527000000
143647000000.0,0,0x7DA,0,8,0x04618A8527000000
143749000000.0,0,0x7DA,0,8,0x04618A8558000000
143848000000.0,0,0x7DA,0,8,0x04618A84C6000000
143946000000.0,0,0x7DA,0,8,0x04618A84C6000000
144049000000.0,0,0x7DA,0,8,0x04618A84C6000000
144147000000.0,0,0x7DA,0,8,0x04618A84C6000000
144249000000.0,0,0x7DA,0,8,0x04618A84C6000000
144347000000.0,0,0x7DA,0,8,0x04618A84C6000000
144446000000.0,0,0x7DA,0,8,0x04618A8433000000
144548000000.0,0,0x7DA,0,8,0x04618A8433000000
144646000000.0,0,0x7DA,0,8,0x04618A8464000000
144749000000.0,0,0x7DA,0,8,0x04618A8402000000
144847000000.0,0,0x7DA,0,8,0x04618A8402000000
144949000000.0,0,0x7DA,0,8,0x04618A8433000000
145048000000.0,0,0x7DA,0,8,0x04618A8433000000
145146000000.0,0,0x7DA,0,8,0x04618A8433000000
145248000000.0,0,0x7DA,0,8,0x04618A8433000000
145347000000.0,0,0x7DA,0,8,0x04618A8464000000
145449000000.0,0,0x7DA,0,8,0x04618A8464000000
145548000000.0,0,0x7DA,0,8,0x04618A8495000000
145646000000.0,0,0x7DA,0,8,0x04618A84C6000000
145748000000.0,0,0x7DA,0,8,0x04618A84C6000000
145847000000.0,0,0x7DA,0,8,0x04618A84C6000000
145949000000.0,0,0x7DA,0,8,0x04618A84F7000000
146047000000.0,0,0x7DA,0,8,0x04618A8527000000
146150000000.0,0,0x7DA,0,8,0x04618A84F7000000
146248000000.0,0,0x7DA,0,8,0x04618A84F7000000
146346000000.0,0,0x7DA,0,8,0x04618A8527000000
146449000000.0,0,0x7DA,0,8,0x04618A84C6000000
146547000000.0,0,0x7DA,0,8,0x04618A84C6000000
146649000000.0,0,0x7DA,0,8,0x04618A84F7000000
146748000000.0,0,0x7DA,0,8,0x04618A84C6000000
146846000000.0,0,0x7DA,0,8,0x04618A84F7000000
146948000000.0,0,0x7DA,0,8,0x04618A84F7000000
147047000000.0,0,0x7DA,0,8,0x04618A84C6000000
147149000000.0,0,0x7DA,0,8,0x04618A8495000000
147248000000.0,0,0x7DA,0,8,0x04618A84F7000000
147346000000.0,0,0x7DA,0,8,0x04618A84C6000000
147448000000.0,0,0x7DA,0,8,0x04618A84C6000000
147546000000.0,0,0x7DA,0,8,0x04618A84C6000000
147649000000.0,0,0x7DA,0,8,0x04618A8495000000
147747000000.0,0,0x7DA,0,8,0x04618A84C6000000
147850000000.0,0,0x7DA,0,8,0x04618A84C6000000
147949000000.0,0,0x7DA,0,8,0x04618A84C6000000
148046000000.0,0,0x7DA,0,8,0x04618A8495000000
148149000000.0,0,0x7DA,0,8,0x04618A8495000000
148247000000.0,0,0x7DA,0,8,0x04618A8495000000
148349000000.0,0,0x7DA,0,8,0x04618A84C6000000
148448000000.0,0,0x7DA,0,8,0x04618A8464000000
148546000000.0,0,0x7DA,0,8,0x04618A8464000000
148648000000.0,0,0x7DA,0,8,0x04618A8495000000
148747000000.0,0,0x7DA,0,8,0x04618A8495000000
148849000000.0,0,0x7DA,0,8,0x04618A8495000000
148947000000.0,0,0x7DA,0,8,0x04618A84C6000000
149050000000.0,0,0x7DA,0,8,0x04618A84C6000000
149148000000.0,0,0x7DA,0,8,0x04618A8495000000
149246000000.0,0,0x7DA,0,8,0x04618A8495000000
149350000000.0,0,0x7DA,0,8,0x04618A84C6000000
149447000000.0,0,0x7DA,0,8,0x04618A84C6000000
149549000000.0,0,0x7DA,0,8,0x04618A84C6000000
149648000000.0,0,0x7DA,0,8,0x04618A84C6000000
149746000000.0,0,0x7DA,0,8,0x04618A84C6000000
149848000000.0,0,0x7DA,0,8,0x04618A8495000000
149947000000.0,0,0x7DA,0,8,0x04618A84C6000000
150050000000.0,0,0x7DA,0,8,0x04618A84C6000000
150147000000.0,0,0x7DA,0,8,0x04618A84C6000000
150250000000.0,0,0x7DA,0,8,0x04618A8527000000
150348000000.0,0,0x7DA,0,8,0x04618A84C6000000
150447000000.0,0,0x7DA,0,8,0x04618A84F7000000
150549000000.0,0,0x7DA,0,8,0x04618A84F7000000
150647000000.0,0,0x7DA,0,8,0x04618A8527000000
150750000000.0,0,0x7DA,0,8,0x04618A8527000000
150848000000.0,0,0x7DA,0,8,0x04618A8558000000
150950000000.0,0,0x7DA,0,8,0x04618A8558000000
151049000000.0,0,0x7DA,0,8,0x04618A8558000000
151147000000.0,0,0x7DA,0,8,0x04618A8558000000
151249000000.0,0,0x7DA,0,8,0x04618A8527000000
151348000000.0,0,0x7DA,0,8,0x04618A8527000000
151446000000.0,0,0x7DA,0,8,0x04618A8558000000
151548000000.0,0,0x7DA,0,8,0x04618A8527000000
151651000000.0,0,0x7DA,0,8,0x04618A84F7000000
151749000000.0,0,0x7DA,0,8,0x04618A8527000000
151847000000.0,0,0x7DA,0,8,0x04618A8527000000
151950000000.0,0,0x7DA,0,8,0x04618A8527000000
152048000000.0,0,0x7DA,0,8,0x04618A8527000000
152150000000.0,0,0x7DA,0,8,0x04618A8558000000
152249000000.0,0,0x7DA,0,8,0x04618A8558000000
152352000000.0,0,0x7DA,0,8,0x04618A8589000000
152449000000.0,0,0x7DA,0,8,0x04618A8558000000
152548000000.0,0,0x7DA,0,8,0x04618A8558000000
152650000000.0,0,0x7DA,0,8,0x04618A8527000000
152748000000.0,0,0x7DA,0,8,0x04618A8558000000
152851000000.0,0,0x7DA,0,8,0x04618A8527000000
152950000000.0,0,0x7DA,0,8,0x04618A8527000000
153052000000.0,0,0x7DA,0,8,0x04618A8558000000
153150000000.0,0,0x7DA,0,8,0x04618A8527000000
153248000000.0,0,0x7DA,0,8,0x04618A8527000000
153351000000.0,0,0x7DA,0,8,0x04618A8527000000
153449000000.0,0,0x7DA,0,8,0x04618A8527000000
153551000000.0,0,0x7DA,0,8,0x04618A84F7000000
153650000000.0,0,0x7DA,0,8,0x04618A84F7000000
153752000000.0,0,0x7DA,0,8,0x04618A8527000000
153850000000.0,0,0x7DA,0,8,0x04618A8527000000
153949000000.0,0,0x7DA,0,8,0x04618A8527000000
154051000000.0,0,0x7DA,0,8,0x04618A8527000000
154149000000.0,0,0x7DA,0,8,0x04618A84F7000000
154252000000.0,0,0x7DA,0,8,0x04618A8558000000
154351000000.0,0,0x7DA,0,8,0x04618A8527000000
154448000000.0,0,0x7DA,0,8,0x04618A8589000000
154551000000.0,0,0x7DA,0,8,0x04618A84F7000000
154653000000.0,0,0x7DA,0,8,0x04618A8527000000
154751000000.0,0,0x7DA,0,8,0x04618A85EB000000
154850000000.0,0,0x7DA,0,8,0x04618A861C000000
154952000000.0,0,0x7DA,0,8,0x04618A85BA000000
155052000000.0,0,0x7DA,0,8,0x04618A8589000000
155153000000.0,0,0x7DA,0,8,0x04618A864D000000
155251000000.0,0,0x7DA,0,8,0x04618A85EB000000
155349000000.0,0,0x7DA,0,8,0x04618A864D000000
155452000000.0,0,0x7DA,0,8,0x04618A85EB000000
155550000000.0,0,0x7DA,0,8,0x04618A85BA000000
155653000000.0,0,0x7DA,0,8,0x04618A864D000000
155752000000.0,0,0x7DA,0,8,0x04618A85EB000000
155849000000.0,0,0x7DA,0,8,0x04618A867E000000
155952000000.0,0,0x7DA,0,8,0x04618A861C000000
156054000000.0,0,0x7DA,0,8,0x04618A85EB000000
156152000000.0,0,0x7DA,0,8,0x04618A867E000000
156251000000.0,0,0x7DA,0,8,0x04618A864D000000
156353000000.0,0,0x7DA,0,8,0x04618A8589000000
156453000000.0,0,0x7DA,0,8,0x04618A861C000000
156554000000.0,0,0x7DA,0,8,0x04618A85BA000000
156652000000.0,0,0x7DA,0,8,0x04618A84F7000000
156750000000.0,0,0x7DA,0,8,0x04618A8464000000
156853000000.0,0,0x7DA,0,8,0x04618A8433000000
156951000000.0,0,0x7DA,0,8,0x04618A8464000000
157053000000.0,0,0x7DA,0,8,0x04618A8402000000
157152000000.0,0,0x7DA,0,8,0x04618A8370000000
157250000000.0,0,0x7DA,0,8,0x04618A83D1000000
157352000000.0,0,0x7DA,0,8,0x04618A8370000000
157455000000.0,0,0x7DA,0,8,0x04618A82DD000000
157553000000.0,0,0x7DA,0,8,0x04618A81B8000000
157656000000.0,0,0x7DA,0,8,0x04618A8092000000
157758000000.0,0,0x7DA,0,8,0x04618A7F3C000000
157856000000.0,0,0x7DA,0,8,0x04618A7CC1000000
157959000000.0,0,0x7DA,0,8,0x04618A7D84000000
158057000000.0,0,0x7DA,0,8,0x04618A7D84000000
158155000000.0,0,0x7DA,0,8,0x04618A7D23000000
158258000000.0,0,0x7DA,0,8,0x04618A7C90000000
158356000000.0,0,0x7DA,0,8,0x04618A7B9C000000
158458000000.0,0,0x7DA,0,8,0x04618A7A76000000
158557000000.0,0,0x7DA,0,8,0x04618A7920000000
158655000000.0,0,0x7DA,0,8,0x04618A78EF000000
158757000000.0,0,0x7DA,0,8,0x04618A78EF000000
158856000000.0,0,0x7DA,0,8,0x04618A78BE000000
158958000000.0,0,0x7DA,0,8,0x04618A78BE000000
159056000000.0,0,0x7DA,0,8,0x04618A78BE000000
159159000000.0,0,0x7DA,0,8,0x04618A78BE000000
159257000000.0,0,0x7DA,0,8,0x04618A78EF000000
159356000000.0,0,0x7DA,0,8,0x04618A78EF000000
159458000000.0,0,0x7DA,0,8,0x04618A78EF000000
159556000000.0,0,0x7DA,0,8,0x04618A78BE000000
159658000000.0,0,0x7DA,0,8,0x04618A7920000000
159757000000.0,0,0x7DA,0,8,0x04618A78EF000000
159855000000.0,0,0x7DA,0,8,0x04618A78EF000000
159958000000.0,0,0x7DA,0,8,0x04618A7920000000
160056000000.0,0,0x7DA,0,8,0x04618A78EF000000
160158000000.0,0,0x7DA,0,8,0x04618A7920000000
160257000000.0,0,0x7DA,0,8,0x04618A78EF000000
160359000000.0,0,0x7DA,0,8,0x04618A7951000000
160457000000.0,0,0x7DA,0,8,0x04618A7920000000
160556000000.0,0,0x7DA,0,8,0x04618A7982000000
160658000000.0,0,0x7DA,0,8,0x04618A7951000000
160756000000.0,0,0x7DA,0,8,0x04618A7951000000
160859000000.0,0,0x7DA,0,8,0x04618A7951000000
160957000000.0,0,0x7DA,0,8,0x04618A7951000000
161059000000.0,0,0x7DA,0,8,0x04618A7951000000
161158000000.0,0,0x7DA,0,8,0x04618A7982000000
161256000000.0,0,0x7DA,0,8,0x04618A7982000000
161358000000.0,0,0x7DA,0,8,0x04618A7982000000
161457000000.0,0,0x7DA,0,8,0x04618A79E4000000
161559000000.0,0,0x7DA,0,8,0x04618A79B3000000
161658000000.0,0,0x7DA,0,8,0x04618A79E4000000
161760000000.0,0,0x7DA,0,8,0x04618A79B3000000
161858000000.0,0,0x7DA,0,8,0x04618A79E4000000
161956000000.0,0,0x7DA,0,8,0x04618A79E4000000
162059000000.0,0,0x7DA,0,8,0x04618A7982000000
162157000000.0,0,0x7DA,0,8,0x04618A79B3000000
162255000000.0,0,0x7DA,0,8,0x04618A79E4000000
162358000000.0,0,0x7DA,0,8,0x04618A79B3000000
162456000000.0,0,0x7DA,0,8,0x04618A7A15000000
162559000000.0,0,0x7DA,0,8,0x04618A7A45000000
162657000000.0,0,0x7DA,0,8,0x04618A7A15000000
162755000000.0,0,0x7DA,0,8,0x04618A7A45000000
162858000000.0,0,0x7DA,0,8,0x04618A7A76000000
162956000000.0,0,0x7DA,0,8,0x04618A7A45000000
163058000000.0,0,0x7DA,0,8,0x04618A7A76000000
163157000000.0,0,0x7DA,0,8,0x04618A7A76000000
163259000000.0,0,0x7DA,0,8,0x04618A7A45000000
163357000000.0,0,0x7DA,0,8,0x04618A7AD8000000
163456000000.0,0,0x7DA,0,8,0x04618A7B6B000000
163558000000.0,0,0x7DA,0,8,0x04618A7F3C000000
163656000000.0,0,0x7DA,0,8,0x04618A8092000000
163759000000.0,0,0x7DA,0,8,0x04618A80F4000000
163857000000.0,0,0x7DA,0,8,0x04618A82DD000000
163955000000.0,0,0x7DA,0,8,0x04618A8219000000
164058000000.0,0,0x7DA,0,8,0x04618A8219000000
164156000000.0,0,0x7DA,0,8,0x04618A824A000000
164258000000.0,0,0x7DA,0,8,0x04618A8219000000
164357000000.0,0,0x7DA,0,8,0x04618A824A000000
164459000000.0,0,0x7DA,0,8,0x04618A81E9000000
164557000000.0,0,0x7DA,0,8,0x04618A81E9000000
164656000000.0,0,0x7DA,0,8,0x04618A8187000000
164758000000.0,0,0x7DA,0,8,0x04618A8125000000
164856000000.0,0,0x7DA,0,8,0x04618A80F4000000
164959000000.0,0,0x7DA,0,8,0x04618A80F4000000
165057000000.0,0,0x7DA,0,8,0x04618A80C3000000
165155000000.0,0,0x7DA,0,8,0x04618A80C3000000
165258000000.0,0,0x7DA,0,8,0x04618A80C3000000
165356000000.0,0,0x7DA,0,8,0x04618A8092000000
165459000000.0,0,0x7DA,0,8,0x04618A80C3000000
165557000000.0,0,0x7DA,0,8,0x04618A8092000000
165655000000.0,0,0x7DA,0,8,0x04618A8092000000
165758000000.0,0,0x7DA,0,8,0x04618A8062000000
165856000000.0,0,0x7DA,0,8,0x04618A8092000000
165958000000.0,0,0x7DA,0,8,0x04618A8092000000
166057000000.0,0,0x7DA,0,8,0x04618A8092000000
166159000000.0,0,0x7DA,0,8,0x04618A8092000000
166257000000.0,0,0x7DA,0,8,0x04618A8092000000
166356000000.0,0,0x7DA,0,8,0x04618A80C3000000
166458000000.0,0,0x7DA,0,8,0x04618A80C3000000
166556000000.0,0,0x7DA,0,8,0x04618A8092000000
166659000000.0,0,0x7DA,0,8,0x04618A80C3000000
166757000000.0,0,0x7DA,0,8,0x04618A80C3000000
166855000000.0,0,0x7DA,0,8,0x04618A8092000000
166958000000.0,0,0x7DA,0,8,0x04618A80C3000000
167056000000.0,0,0x7DA,0,8,0x04618A8092000000
167158000000.0,0,0x7DA,0,8,0x04618A8092000000
167257000000.0,0,0x7DA,0,8,0x04618A80C3000000
167359000000.0,0,0x7DA,0,8,0x04618A80C3000000
167458000000.0,0,0x7DA,0,8,0x04618A8092000000
167560000000.0,0,0x7DA,0,8,0x04618A8092000000
167658000000.0,0,0x7DA,0,8,0x04618A8092000000
167756000000.0,0,0x7DA,0,8,0x04618A80C3000000
167859000000.0,0,0x7DA,0,8,0x04618A8092000000
167957000000.0,0,0x7DA,0,8,0x04618A80C3000000
168060000000.0,0,0x7DA,0,8,0x04618A80C3000000
168159000000.0,0,0x7DA,0,8,0x04618A80F4000000
168256000000.0,0,0x7DA,0,8,0x04618A80F4000000
168359000000.0,0,0x7DA,0,8,0x04618A80F4000000
168457000000.0,0,0x7DA,0,8,0x04618A80F4000000
168559000000.0,0,0x7DA,0,8,0x04618A80F4000000
168658000000.0,0,0x7DA,0,8,0x04618A80C3000000
168760000000.0,0,0x7DA,0,8,0x04618A80F4000000
168858000000.0,0,0x7DA,0,8,0x04618A80F4000000
168957000000.0,0,0x7DA,0,8,0x04618A80F4000000
169061000000.0,0,0x7DA,0,8,0x04618A8125000000
169157000000.0,0,0x7DA,0,8,0x04618A80F4000000
169260000000.0,0,0x7DA,0,8,0x04618A80F4000000
169358000000.0,0,0x7DA,0,8,0x04618A80F4000000
169460000000.0,0,0x7DA,0,8,0x04618A80F4000000
169559000000.0,0,0x7DA,0,8,0x04618A80C3000000
169657000000.0,0,0x7DA,0,8,0x04618A80C3000000
169760000000.0,0,0x7DA,0,8,0x04618A80C3000000
169858000000.0,0,0x7DA,0,8,0x04618A8092000000
169960000000.0,0,0x7DA,0,8,0x04618A8092000000
170058000000.0,0,0x7DA,0,8,0x04618A8062000000
170157000000.0,0,0x7DA,0,8,0x04618A8062000000
170259000000.0,0,0x7DA,0,8,0x04618A8000000000
170357000000.0,0,0x7DA,0,8,0x04618A7FCF000000
170460000000.0,0,0x7DA,0,8,0x04618A7FCF000000
170558000000.0,0,0x7DA,0,8,0x04618A7FCF000000
170661000000.0,0,0x7DA,0,8,0x04618A8000000000
170759000000.0,0,0x7DA,0,8,0x04618A7FCF000000
170857000000.0,0,0x7DA,0,8,0x04618A7F9E000000
170960000000.0,0,0x7DA,0,8,0x04618A7F3C000000
171058000000.0,0,0x7DA,0,8,0x04618A7EDB000000
171160000000.0,0,0x7DA,0,8,0x04618A7E79000000
171259000000.0,0,0x7DA,0,8,0x04618A7DE6000000
171361000000.0,0,0x7DA,0,8,0x04618A7D53000000
171459000000.0,0,0x7DA,0,8,0x04618A7BFD000000
171558000000.0,0,0x7DA,0,8,0x04618A7B3A000000
171660000000.0,0,0x7DA,0,8,0x04618A7AD8000000
171758000000.0,0,0x7DA,0,8,0x04618A7AA7000000
171857000000.0,0,0x7DA,0,8,0x04618A7AD8000000
171959000000.0,0,0x7DA,0,8,0x04618A7B09000000
172057000000.0,0,0x7DA,0,8,0x04618A7AD8000000
172160000000.0,0,0x7DA,0,8,0x04618A7AD8000000
172258000000.0,0,0x7DA,0,8,0x04618A7B09000000
172357000000.0,0,0x7DA,0,8,0x04618A7AD8000000
172459000000.0,0,0x7DA,0,8,0x04618A7B09000000
172557000000.0,0,0x7DA,0,8,0x04618A7B3A000000
172659000000.0,0,0x7DA,0,8,0x04618A7B6B000000
172758000000.0,0,0x7DA,0,8,0x04618A7B09000000
172860000000.0,0,0x7DA,0,8,0x04618A7B6B000000
172958000000.0,0,0x7DA,0,8,0x04618A7B6B000000
173057000000.0,0,0x7DA,0,8,0x04618A7B3A000000
173159000000.0,0,0x7DA,0,8,0x04618A7B9C000000
173257000000.0,0,0x7DA,0,8,0x04618A7BCC000000
173360000000.0,0,0x7DA,0,8,0x04618A7BCC000000
173458000000.0,0,0x7DA,0,8,0x04618A7B6B000000
173556000000.0,0,0x7DA,0,8,0x04618A7BCC000000
173659000000.0,0,0x7DA,0,8,0x04618A7BFD000000
173757000000.0,0,0x7DA,0,8,0x04618A7BCC000000
173860000000.0,0,0x7DA,0,8,0x04618A7BCC000000
173958000000.0,0,0x7DA,0,8,0x04618A7B6B000000
174060000000.0,0,0x7DA,0,8,0x04618A7A45000000
174159000000.0,0,0x7DA,0,8,0x04618A7982000000
174257000000.0,0,0x7DA,0,8,0x04618A785D000000
174359000000.0,0,0x7DA,0,8,0x04618A785D000000
174458000000.0,0,0x7DA,0,8,0x04618A7768000000
174561000000.0,0,0x7DA,0,8,0x04618A77FB000000
174659000000.0,0,0x7DA,0,8,0x04618A782C000000
174757000000.0,0,0x7DA,0,8,0x04618A78BE000000
174859000000.0,0,0x7DA,0,8,0x04618A785D000000
174957000000.0,0,0x7DA,0,8,0x04618A78BE000000
175060000000.0,0,0x7DA,0,8,0x04618A78BE000000
175158000000.0,0,0x7DA,0,8,0x04618A78EF000000
175257000000.0,0,0x7DA,0,8,0x04618A7951000000
175359000000.0,0,0x7DA,0,8,0x04618A7951000000
175457000000.0,0,0x7DA,0,8,0x04618A7A15000000
175560000000.0,0,0x7DA,0,8,0x04618A7A15000000
175658000000.0,0,0x7DA,0,8,0x04618A7A76000000
175760000000.0,0,0x7DA,0,8,0x04618A7A76000000
175858000000.0,0,0x7DA,0,8,0x04618A7AA7000000
175957000000.0,0,0x7DA,0,8,0x04618A7AA7000000
176059000000.0,0,0x7DA,0,8,0x04618A7B3A000000
176157000000.0,0,0x7DA,0,8,0x04618A7B09000000
176260000000.0,0,0x7DA,0,8,0x04618A7AD8000000
176358000000.0,0,0x7DA,0,8,0x04618A7B09000000
176456000000.0,0,0x7DA,0,8,0x04618A7B6B000000
176559000000.0,0,0x7DA,0,8,0x04618A7BCC000000
176657000000.0,0,0x7DA,0,8,0x04618A7BFD000000
176760000000.0,0,0x7DA,0,8,0x04618A7B9C000000
176858000000.0,0,0x7DA,0,8,0x04618A7BCC000000
176960000000.0,0,0x7DA,0,8,0x04618A7B6B000000
177059000000.0,0,0x7DA,0,8,0x04618A7B9C000000
177157000000.0,0,0x7DA,0,8,0x04618A7B9C000000
177260000000.0,0,0x7DA,0,8,0x04618A7BFD000000
177358000000.0,0,0x7DA,0,8,0x04618A7B9C000000
177460000000.0,0,0x7DA,0,8,0x04618A7B9C000000
177558000000.0,0,0x7DA,0,8,0x04618A7B9C000000
177661000000.0,0,0x7DA,0,8,0x04618A7C2E000000
177759000000.0,0,0x7DA,0,8,0x04618A7BCC000000
177857000000.0,0,0x7DA,0,8,0x04618A7D23000000
177960000000.0,0,0x7DA,0,8,0x04618A7D53000000
178058000000.0,0,0x7DA,0,8,0x04618A7CF2000000
178156000000.0,0,0x7DA,0,8,0x04618A7E48000000
178259000000.0,0,0x7DA,0,8,0x04618A7E48000000
178357000000.0,0,0x7DA,0,8,0x04618A7EAA000000
178459000000.0,0,0x7DA,0,8,0x04618A7F3C000000
178559000000.0,0,0x7DA,0,8,0x04618A7F9E000000
178660000000.0,0,0x7DA,0,8,0x04618A8000000000
178758000000.0,0,0x7DA,0,8,0x04618A7FCF000000
178857000000.0,0,0x7DA,0,8,0x04618A8000000000
178959000000.0,0,0x7DA,0,8,0x04618A8031000000
179058000000.0,0,0x7DA,0,8,0x04618A8062000000
179160000000.0,0,0x7DA,0,8,0x04618A8062000000
179258000000.0,0,0x7DA,0,8,0x04618A8062000000
179357000000.0,0,0x7DA,0,8,0x04618A8031000000
179459000000.0,0,0x7DA,0,8,0x04618A8031000000
179557000000.0,0,0x7DA,0,8,0x04618A8031000000
179660000000.0,0,0x7DA,0,8,0x04618A8031000000
179758000000.0,0,0x7DA,0,8,0x04618A8031000000
179860000000.0,0,0x7DA,0,8,0x04618A8062000000
179959000000.0,0,0x7DA,0,8,0x04618A8092000000
180057000000.0,0,0x7DA,0,8,0x04618A80F4000000
180160000000.0,0,0x7DA,0,8,0x04618A8156000000
180258000000.0,0,0x7DA,0,8,0x04618A8156000000
180360000000.0,0,0x7DA,0,8,0x04618A81E9000000
180459000000.0,0,0x7DA,0,8,0x04618A81E9000000
180557000000.0,0,0x7DA,0,8,0x04618A827B000000
180659000000.0,0,0x7DA,0,8,0x04618A827B000000
180758000000.0,0,0x7DA,0,8,0x04618A82DD000000
180860000000.0,0,0x7DA,0,8,0x04618A833F000000
180958000000.0,0,0x7DA,0,8,0x04618A8370000000
181061000000.0,0,0x7DA,0,8,0x04618A83A0000000
181159000000.0,0,0x7DA,0,8,0x04618A8433000000
181257000000.0,0,0x7DA,0,8,0x04618A8495000000
181360000000.0,0,0x7DA,0,8,0x04618A8495000000
181458000000.0,0,0x7DA,0,8,0x04618A84C6000000
181560000000.0,0,0x7DA,0,8,0x04618A8558000000
181659000000.0,0,0x7DA,0,8,0x04618A8558000000
181757000000.0,0,0x7DA,0,8,0x04618A861C000000
181859000000.0,0,0x7DA,0,8,0x04618A864D000000
181958000000.0,0,0x7DA,0,8,0x04618A864D000000
182060000000.0,0,0x7DA,0,8,0x04618A86AE000000
182158000000.0,0,0x7DA,0,8,0x04618A86DF000000
182257000000.0,0,0x7DA,0,8,0x04618A8710000000
182359000000.0,0,0x7DA,0,8,0x04618A8741000000
182457000000.0,0,0x7DA,0,8,0x04618A8710000000
182560000000.0,0,0x7DA,0,8,0x04618A8741000000
182658000000.0,0,0x7DA,0,8,0x04618A8772000000
182761000000.0,0,0x7DA,0,8,0x04618A8772000000
182859000000.0,0,0x7DA,0,8,0x04618A8772000000
182957000000.0,0,0x7DA,0,8,0x04618A87D4000000
183060000000.0,0,0x7DA,0,8,0x04618A8805000000
183158000000.0,0,0x7DA,0,8,0x04618A87A3000000
183260000000.0,0,0x7DA,0,8,0x04618A8835000000
183358000000.0,0,0x7DA,0,8,0x04618A8805000000
183457000000.0,0,0x7DA,0,8,0x04618A8897000000
183559000000.0,0,0x7DA,0,8,0x04618A88C8000000
183657000000.0,0,0x7DA,0,8,0x04618A88F9000000
183760000000.0,0,0x7DA,0,8,0x04618A8866000000
183858000000.0,0,0x7DA,0,8,0x04618A8866000000
183961000000.0,0,0x7DA,0,8,0x04618A895B000000
184059000000.0,0,0x7DA,0,8,0x04618A88F9000000
184157000000.0,0,0x7DA,0,8,0x04618A88F9000000
184260000000.0,0,0x7DA,0,8,0x04618A8897000000
184358000000.0,0,0x7DA,0,8,0x04618A88C8000000
184460000000.0,0,0x7DA,0,8,0x04618A88F9000000
184559000000.0,0,0x7DA,0,8,0x04618A898C000000
184657000000.0,0,0x7DA,0,8,0x04618A89BC000000
184760000000.0,0,0x7DA,0,8,0x04618A89ED000000
184858000000.0,0,0x7DA,0,8,0x04618A892A000000
184960000000.0,0,0x7DA,0,8,0x04618A89BC000000
185058000000.0,0,0x7DA,0,8,0x04618A898C000000
185157000000.0,0,0x7DA,0,8,0x04618A898C000000
185259000000.0,0,0x7DA,0,8,0x04618A898C000000
185357000000.0,0,0x7DA,0,8,0x04618A895B000000
185460000000.0,0,0x7DA,0,8,0x04618A895B000000
185558000000.0,0,0x7DA,0,8,0x04618A89BC000000
185660000000.0,0,0x7DA,0,8,0x04618A895B000000
185759000000.0,0,0x7DA,0,8,0x04618A8A1E000000
185857000000.0,0,0x7DA,0,8,0x04618A8A4F000000
185959000000.0,0,0x7DA,0,8,0x04618A89BC000000
186058000000.0,0,0x7DA,0,8,0x04618A8AE2000000
186160000000.0,0,0x7DA,0,8,0x04618A8A1E000000
186258000000.0,0,0x7DA,0,8,0x04618A8A4F000000
186357000000.0,0,0x7DA,0,8,0x04618A8A80000000
186459000000.0,0,0x7DA,0,8,0x04618A8BD6000000
186558000000.0,0,0x7DA,0,8,0x04618A8AE2000000
186660000000.0,0,0x7DA,0,8,0x04618A8AE2000000
186758000000.0,0,0x7DA,0,8,0x04618A8C07000000
186861000000.0,0,0x7DA,0,8,0x04618A8A80000000
186959000000.0,0,0x7DA,0,8,0x04618A8B13000000
187057000000.0,0,0x7DA,0,8,0x04618A8B74000000
187160000000.0,0,0x7DA,0,8,0x04618A8C07000000
187258000000.0,0,0x7DA,0,8,0x04618A8B13000000
187360000000.0,0,0x7DA,0,8,0x04618A8AB1000000
187459000000.0,0,0x7DA,0,8,0x04618A8B43000000
187561000000.0,0,0x7DA,0,8,0x04618A8C07000000
187659000000.0,0,0x7DA,0,8,0x04618A8B74000000
187758000000.0,0,0x7DA,0,8,0x04618A8AE2000000
187860000000.0,0,0x7DA,0,8,0x04618A8CCA000000
187959000000.0,0,0x7DA,0,8,0x04618A8B74000000
188061000000.0,0,0x7DA,0,8,0x04618A8AE2000000
188159000000.0,0,0x7DA,0,8,0x04618A8B13000000
188261000000.0,0,0x7DA,0,8,0x04618A8CFB000000
188360000000.0,0,0x7DA,0,8,0x04618A8C38000000
188458000000.0,0,0x7DA,0,8,0x04618A8AE2000000
188561000000.0,0,0x7DA,0,8,0x04618A8B74000000
188659000000.0,0,0x7DA,0,8,0x04618A8C69000000
188761000000.0,0,0x7DA,0,8,0x04618A8C9A000000
188859000000.0,0,0x7DA,0,8,0x04618A8CFB000000
188958000000.0,0,0x7DA,0,8,0x04618A8AE2000000
189060000000.0,0,0x7DA,0,8,0x04618A8AB1000000
189158000000.0,0,0x7DA,0,8,0x04618A8CFB000000
189261000000.0,0,0x7DA,0,8,0x04618A8AE2000000
189359000000.0,0,0x7DA,0,8,0x04618A8BD6000000
189462000000.0,0,0x7DA,0,8,0x04618A8CCA000000
189560000000.0,0,0x7DA,0,8,0x04618A8CCA000000
189658000000.0,0,0x7DA,0,8,0x04618A8C07000000
189761000000.0,0,0x7DA,0,8,0x04618A8BD6000000
189859000000.0,0,0x7DA,0,8,0x04618A8BA5000000
189961000000.0,0,0x7DA,0,8,0x04618A8BD6000000
190060000000.0,0,0x7DA,0,8,0x04618A8C38000000
190162000000.0,0,0x7DA,0,8,0x04618A8CFB000000
190260000000.0,0,0x7DA,0,8,0x04618A8C69000000
190359000000.0,0,0x7DA,0,8,0x04618A8D5D000000
190461000000.0,0,0x7DA,0,8,0x04618A8D8E000000
190559000000.0,0,0x7DA,0,8,0x04618A8CFB000000
190662000000.0,0,0x7DA,0,8,0x04618A8BD6000000
190760000000.0,0,0x7DA,0,8,0x04618A8BA5000000
190858000000.0,0,0x7DA,0,8,0x04618A8BD6000000
190961000000.0,0,0x7DA,0,8,0x04618A8C69000000
191059000000.0,0,0x7DA,0,8,0x04618A8B74000000
191161000000.0,0,0x7DA,0,8,0x04618A8C07000000
191260000000.0,0,0x7DA,0,8,0x04618A8AE2000000
191358000000.0,0,0x7DA,0,8,0x04618A8A80000000
191461000000.0,0,0x7DA,0,8,0x04618A8AB1000000
191559000000.0,0,0x7DA,0,8,0x04618A8A1E000000
191661000000.0,0,0x7DA,0,8,0x04618A8A80000000
191759000000.0,0,0x7DA,0,8,0x04618A8AB1000000
191858000000.0,0,0x7DA,0,8,0x04618A8A4F000000
191960000000.0,0,0x7DA,0,8,0x04618A89ED000000
192058000000.0,0,0x7DA,0,8,0x04618A8A4F000000
192162000000.0,0,0x7DA,0,8,0x04618A8A1E000000
192259000000.0,0,0x7DA,0,8,0x04618A89ED000000
192362000000.0,0,0x7DA,0,8,0x04618A89ED000000
192460000000.0,0,0x7DA,0,8,0x04618A88C8000000
192558000000.0,0,0x7DA,0,8,0x04618A88C8000000
192661000000.0,0,0x7DA,0,8,0x04618A898C000000
192759000000.0,0,0x7DA,0,8,0x04618A892A000000
192862000000.0,0,0x7DA,0,8,0x04618A8897000000
192960000000.0,0,0x7DA,0,8,0x04618A8805000000
193058000000.0,0,0x7DA,0,8,0x04618A87A3000000
193160000000.0,0,0x7DA,0,8,0x04618A87A3000000
193259000000.0,0,0x7DA,0,8,0x04618A87D4000000
193361000000.0,0,0x7DA,0,8,0x04618A867E000000
193460000000.0,0,0x7DA,0,8,0x04618A86DF000000
193562000000.0,0,0x7DA,0,8,0x04618A86AE000000
193660000000.0,0,0x7DA,0,8,0x04618A8589000000
193758000000.0,0,0x7DA,0,8,0x04618A8558000000
193861000000.0,0,0x7DA,0,8,0x04618A8527000000
193959000000.0,0,0x7DA,0,8,0x04618A8589000000
194061000000.0,0,0x7DA,0,8,0x04618A84F7000000
194160000000.0,0,0x7DA,0,8,0x04618A85BA000000
194258000000.0,0,0x7DA,0,8,0x04618A8589000000
194360000000.0,0,0x7DA,0,8,0x04618A8527000000
194459000000.0,0,0x7DA,0,8,0x04618A85BA000000
194561000000.0,0,0x7DA,0,8,0x04618A8558000000
194659000000.0,0,0x7DA,0,8,0x04618A84F7000000
194758000000.0,0,0x7DA,0,8,0x04618A8464000000
194860000000.0,0,0x7DA,0,8,0x04618A833F000000
194958000000.0,0,0x7DA,0,8,0x04618A827B000000
195061000000.0,0,0x7DA,0,8,0x04618A82AC000000
195159000000.0,0,0x7DA,0,8,0x04618A8219000000
195262000000.0,0,0x7DA,0,8,0x04618A8219000000
195360000000.0,0,0x7DA,0,8,0x04618A81B8000000
195458000000.0,0,0x7DA,0,8,0x04618A81E9000000
195561000000.0,0,0x7DA,0,8,0x04618A8219000000
195659000000.0,0,0x7DA,0,8,0x04618A81B8000000
195762000000.0,0,0x7DA,0,8,0x04618A81B8000000
195860000000.0,0,0x7DA,0,8,0x04618A81E9000000
195962000000.0,0,0x7DA,0,8,0x04618A81B8000000
196060000000.0,0,0x7DA,0,8,0x04618A81B8000000
196159000000.0,0,0x7DA,0,8,0x04618A81E9000000
196261000000.0,0,0x7DA,0,8,0x04618A81B8000000
196359000000.0,0,0x7DA,0,8,0x04618A81B8000000
196462000000.0,0,0x7DA,0,8,0x04618A81E9000000
196560000000.0,0,0x7DA,0,8,0x04618A8219000000
196663000000.0,0,0x7DA,0,8,0x04618A81E9000000
196761000000.0,0,0x7DA,0,8,0x04618A81E9000000
196859000000.0,0,0x7DA,0,8,0x04618A8156000000
196961000000.0,0,0x7DA,0,8,0x04618A8219000000
197064000000.0,0,0x7DA,0,8,0x04618A81B8000000
197162000000.0,0,0x7DA,0,8,0x04618A81B8000000
197260000000.0,0,0x7DA,0,8,0x04618A81B8000000
197363000000.0,0,0x7DA,0,8,0x04618A8187000000
197461000000.0,0,0x7DA,0,8,0x04618A8187000000
197564000000.0,0,0x7DA,0,8,0x04618A8125000000
197662000000.0,0,0x7DA,0,8,0x04618A80C3000000
197764000000.0,0,0x7DA,0,8,0x04618A8092000000
197863000000.0,0,0x7DA,0,8,0x04618A8031000000
197962000000.0,0,0x7DA,0,8,0x04618A7FCF000000
198067000000.0,0,0x7DA,0,8,0x04618A8000000000
198166000000.0,0,0x7DA,0,8,0x04618A8031000000
198264000000.0,0,0x7DA,0,8,0x04618A8062000000
198366000000.0,0,0x7DA,0,8,0x04618A80F4000000
198465000000.0,0,0x7DA,0,8,0x04618A80F4000000
198563000000.0,0,0x7DA,0,8,0x04618A8125000000
198665000000.0,0,0x7DA,0,8,0x04618A8125000000
198764000000.0,0,0x7DA,0,8,0x04618A8187000000
198866000000.0,0,0x7DA,0,8,0x04618A8156000000
198965000000.0,0,0x7DA,0,8,0x04618A8187000000
199067000000.0,0,0x7DA,0,8,0x04618A81E9000000
199165000000.0,0,0x7DA,0,8,0x04618A8219000000
199263000000.0,0,0x7DA,0,8,0x04618A827B000000
199366000000.0,0,0x7DA,0,8,0x04618A8219000000
199464000000.0,0,0x7DA,0,8,0x04618A824A000000
199567000000.0,0,0x7DA,0,8,0x04618A827B000000
199665000000.0,0,0x7DA,0,8,0x04618A82DD000000
199767000000.0,0,0x7DA,0,8,0x04618A82DD000000
199866000000.0,0,0x7DA,0,8,0x04618A830E000000
199964000000.0,0,0x7DA,0,8,0x04618A82DD000000
200066000000.0,0,0x7DA,0,8,0x04618A82DD000000
200165000000.0,0,0x7DA,0,8,0x04618A8370000000
200263000000.0,0,0x7DA,0,8,0x04618A833F000000
200366000000.0,0,0x7DA,0,8,0x04618A83A0000000
200464000000.0,0,0x7DA,0,8,0x04618A8464000000
200566000000.0,0,0x7DA,0,8,0x04618A8402000000
200664000000.0,0,0x7DA,0,8,0x04618A8464000000
200767000000.0,0,0x7DA,0,8,0x04618A84C6000000
200865000000.0,0,0x7DA,0,8,0x04618A85BA000000
200963000000.0,0,0x7DA,0,8,0x04618A85BA000000
201067000000.0,0,0x7DA,0,8,0x04618A85EB000000
201164000000.0,0,0x7DA,0,8,0x04618A861C000000
201266000000.0,0,0x7DA,0,8,0x04618A85BA000000
201365000000.0,0,0x7DA,0,8,0x04618A864D000000
201463000000.0,0,0x7DA,0,8,0x04618A861C000000
201565000000.0,0,0x7DA,0,8,0x04618A8589000000
201664000000.0,0,0x7DA,0,8,0x04618A8710000000
201767000000.0,0,0x7DA,0,8,0x04618A86AE000000
201864000000.0,0,0x7DA,0,8,0x04618A8741000000
201967000000.0,0,0x7DA,0,8,0x04618A87D4000000
202065000000.0,0,0x7DA,0,8,0x04618A86DF000000
202163000000.0,0,0x7DA,0,8,0x04618A8772000000
202266000000.0,0,0x7DA,0,8,0x04618A8741000000
202364000000.0,0,0x7DA,0,8,0x04618A8741000000
202467000000.0,0,0x7DA,0,8,0x04618A87A3000000
202565000000.0,0,0x7DA,0,8,0x04618A8772000000
202667000000.0,0,0x7DA,0,8,0x04618A8772000000
202766000000.0,0,0x7DA,0,8,0x04618A87D4000000
202864000000.0,0,0x7DA,0,8,0x04618A8772000000
202966000000.0,0,0x7DA,0,8,0x04618A8805000000
203065000000.0,0,0x7DA,0,8,0x04618A8772000000
203163000000.0,0,0x7DA,0,8,0x04618A8805000000
203265000000.0,0,0x7DA,0,8,0x04618A8805000000
203364000000.0,0,0x7DA,0,8,0x04618A87D4000000
203466000000.0,0,0x7DA,0,8,0x04618A87D4000000
203564000000.0,0,0x7DA,0,8,0x04618A87D4000000
203667000000.0,0,0x7DA,0,8,0x04618A87D4000000
203765000000.0,0,0x7DA,0,8,0x04618A8805000000
203864000000.0,0,0x7DA,0,8,0x04618A8805000000
203966000000.0,0,0x7DA,0,8,0x04618A8866000000
204064000000.0,0,0x7DA,0,8,0x04618A8805000000
204166000000.0,0,0x7DA,0,8,0x04618A87D4000000
204265000000.0,0,0x7DA,0,8,0x04618A8835000000
204363000000.0,0,0x7DA,0,8,0x04618A87D4000000
204465000000.0,0,0x7DA,0,8,0x04618A87A3000000
204564000000.0,0,0x7DA,0,8,0x04618A87D4000000
204666000000.0,0,0x7DA,0,8,0x04618A87D4000000
204765000000.0,0,0x7DA,0,8,0x04618A87D4000000
204867000000.0,0,0x7DA,0,8,0x04618A87D4000000
204965000000.0,0,0x7DA,0,8,0x04618A87D4000000
205064000000.0,0,0x7DA,0,8,0x04618A87A3000000
205166000000.0,0,0x7DA,0,8,0x04618A87D4000000
205264000000.0,0,0x7DA,0,8,0x04618A8805000000
205367000000.0,0,0x7DA,0,8,0x04618A87D4000000
205465000000.0,0,0x7DA,0,8,0x04618A8866000000
205563000000.0,0,0x7DA,0,8,0x04618A8866000000
205666000000.0,0,0x7DA,0,8,0x04618A898C000000
205764000000.0,0,0x7DA,0,8,0x04618A89BC000000
205866000000.0,0,0x7DA,0,8,0x04618A8B43000000
205965000000.0,0,0x7DA,0,8,0x04618A8AB1000000
206063000000.0,0,0x7DA,0,8,0x04618A8AE2000000
206165000000.0,0,0x7DA,0,8,0x04618A8AE2000000
206264000000.0,0,0x7DA,0,8,0x04618A8AE2000000
206366000000.0,0,0x7DA,0,8,0x04618A8BA5000000
206465000000.0,0,0x7DA,0,8,0x04618A8CFB000000
206567000000.0,0,0x7DA,0,8,0x04618A8CFB000000
206665000000.0,0,0x7DA,0,8,0x04618A8CFB000000
206763000000.0,0,0x7DA,0,8,0x04618A8CFB000000
206866000000.0,0,0x7DA,0,8,0x04618A8E21000000
206964000000.0,0,0x7DA,0,8,0x04618A8D5D000000
207067000000.0,0,0x7DA,0,8,0x04618A8E51000000
207165000000.0,0,0x7DA,0,8,0x04618A8DBF000000
207263000000.0,0,0x7DA,0,8,0x04618A8D8E000000
207365000000.0,0,0x7DA,0,8,0x04618A8DF0000000
207464000000.0,0,0x7DA,0,8,0x04618A8DBF000000
207566000000.0,0,0x7DA,0,8,0x04618A8E21000000
207669000000.0,0,0x7DA,0,8,0x04618A8E51000000
207767000000.0,0,0x7DA,0,8,0x04618A8D8E000000
207865000000.0,0,0x7DA,0,8,0x04618A8DBF000000
207968000000.0,0,0x7DA,0,8,0x04618A8D2C000000
208066000000.0,0,0x7DA,0,8,0x04618A8C9A000000
208169000000.0,0,0x7DA,0,8,0x04618A8BA5000000
208267000000.0,0,0x7DA,0,8,0x04618A8A80000000
208369000000.0,0,0x7DA,0,8,0x04618A89BC000000
208467000000.0,0,0x7DA,0,8,0x04618A89BC000000
208566000000.0,0,0x7DA,0,8,0x04618A898C000000
208668000000.0,0,0x7DA,0,8,0x04618A8866000000
208766000000.0,0,0x7DA,0,8,0x04618A87A3000000
208869000000.0,0,0x7DA,0,8,0x04618A86DF000000
208967000000.0,0,0x7DA,0,8,0x04618A85EB000000
209065000000.0,0,0x7DA,0,8,0x04618A84F7000000
209168000000.0,0,0x7DA,0,8,0x04618A8495000000
209266000000.0,0,0x7DA,0,8,0x04618A8433000000
209368000000.0,0,0x7DA,0,8,0x04618A8402000000
209467000000.0,0,0x7DA,0,8,0x04618A83D1000000
209570000000.0,0,0x7DA,0,8,0x04618A83A0000000
209667000000.0,0,0x7DA,0,8,0x04618A83A0000000
209766000000.0,0,0x7DA,0,8,0x04618A8370000000
209868000000.0,0,0x7DA,0,8,0x04618A83D1000000
209966000000.0,0,0x7DA,0,8,0x04618A83D1000000
210069000000.0,0,0x7DA,0,8,0x04618A83D1000000
210167000000.0,0,0x7DA,0,8,0x04618A83D1000000
210266000000.0,0,0x7DA,0,8,0x04618A8402000000
210368000000.0,0,0x7DA,0,8,0x04618A83D1000000
210466000000.0,0,0x7DA,0,8,0x04618A8402000000
210569000000.0,0,0x7DA,0,8,0x04618A83D1000000
210667000000.0,0,0x7DA,0,8,0x04618A83A0000000
210765000000.0,0,0x7DA,0,8,0x04618A83A0000000
210868000000.0,0,0x7DA,0,8,0x04618A83D1000000
210966000000.0,0,0x7DA,0,8,0x04618A83D1000000
211068000000.0,0,0x7DA,0,8,0x04618A83A0000000
211167000000.0,0,0x7DA,0,8,0x04618A8402000000
211269000000.0,0,0x7DA,0,8,0x04618A83D1000000
211367000000.0,0,0x7DA,0,8,0x04618A83A0000000
211466000000.0,0,0x7DA,0,8,0x04618A83D1000000
211568000000.0,0,0x7DA,0,8,0x04618A83D1000000
211666000000.0,0,0x7DA,0,8,0x04618A83A0000000
211770000000.0,0,0x7DA,0,8,0x04618A83D1000000
211867000000.0,0,0x7DA,0,8,0x04618A83A0000000
211966000000.0,0,0x7DA,0,8,0x04618A83A0000000
212068000000.0,0,0x7DA,0,8,0x04618A83A0000000
212166000000.0,0,0x7DA,0,8,0x04618A83A0000000
212269000000.0,0,0x7DA,0,8,0x04618A8370000000
212367000000.0,0,0x7DA,0,8,0x04618A83A0000000
212469000000.0,0,0x7DA,0,8,0x04618A83A0000000
212568000000.0,0,0x7DA,0,8,0x04618A83A0000000
212666000000.0,0,0x7DA,0,8,0x04618A8370000000
212768000000.0,0,0x7DA,0,8,0x04618A830E000000
212867000000.0,0,0x7DA,0,8,0x04618A830E000000
212969000000.0,0,0x7DA,0,8,0x04618A82DD000000
213067000000.0,0,0x7DA,0,8,0x04618A830E000000
213166000000.0,0,0x7DA,0,8,0x04618A830E000000
213268000000.0,0,0x7DA,0,8,0x04618A830E000000
213366000000.0,0,0x7DA,0,8,0x04618A830E000000
213469000000.0,0,0x7DA,0,8,0x04618A833F000000
213567000000.0,0,0x7DA,0,8,0x04618A8370000000
213665000000.0,0,0x7DA,0,8,0x04618A8370000000
213768000000.0,0,0x7DA,0,8,0x04618A83A0000000
213866000000.0,0,0x7DA,0,8,0x04618A833F000000
213969000000.0,0,0x7DA,0,8,0x04618A83A0000000
214067000000.0,0,0x7DA,0,8,0x04618A83A0000000
214169000000.0,0,0x7DA,0,8,0x04618A8370000000
214267000000.0,0,0x7DA,0,8,0x04618A8370000000
214366000000.0,0,0x7DA,0,8,0x04618A8370000000
214468000000.0,0,0x7DA,0,8,0x04618A8370000000
214566000000.0,0,0x7DA,0,8,0x04618A83A0000000
214669000000.0,0,0x7DA,0,8,0x04618A8370000000
214767000000.0,0,0x7DA,0,8,0x04618A833F000000
214869000000.0,0,0x7DA,0,8,0x04618A833F000000
214968000000.0,0,0x7DA,0,8,0x04618A8370000000
215066000000.0,0,0x7DA,0,8,0x04618A833F000000
215169000000.0,0,0x7DA,0,8,0x04618A833F000000
215267000000.0,0,0x7DA,0,8,0x04618A8370000000
215365000000.0,0,0x7DA,0,8,0x04618A833F000000
215468000000.0,0,0x7DA,0,8,0x04618A8370000000
215570000000.0,0,0x7DA,0,8,0x04618A8370000000
215668000000.0,0,0x7DA,0,8,0x04618A8370000000
215767000000.0,0,0x7DA,0,8,0x04618A830E000000
215869000000.0,0,0x7DA,0,8,0x04618A8370000000
215967000000.0,0,0x7DA,0,8,0x04618A833F000000
216066000000.0,0,0x7DA,0,8,0x04618A8370000000
216168000000.0,0,0x7DA,0,8,0x04618A833F000000
216266000000.0,0,0x7DA,0,8,0x04618A833F000000
216369000000.0,0,0x7DA,0,8,0x04618A833F000000
216467000000.0,0,0x7DA,0,8,0x04618A83A0000000
216565000000.0,0,0x7DA,0,8,0x04618A83A0000000
216668000000.0,0,0x7DA,0,8,0x04618A833F000000
216766000000.0,0,0x7DA,0,8,0x04618A83A0000000
216868000000.0,0,0x7DA,0,8,0x04618A83A0000000
216967000000.0,0,0x7DA,0,8,0x04618A8370000000
217069000000.0,0,0x7DA,0,8,0x04618A8370000000
217167000000.0,0,0x7DA,0,8,0x04618A8370000000
217266000000.0,0,0x7DA,0,8,0x04618A8370000000
217368000000.0,0,0x7DA,0,8,0x04618A83A0000000
217466000000.0,0,0x7DA,0,8,0x04618A8370000000
217569000000.0,0,0x7DA,0,8,0x04618A8370000000
217667000000.0,0,0x7DA,0,8,0x04618A83A0000000
217766000000.0,0,0x7DA,0,8,0x04618A833F000000
217868000000.0,0,0x7DA,0,8,0x04618A833F000000
217966000000.0,0,0x7DA,0,8,0x04618A8370000000
218069000000.0,0,0x7DA,0,8,0x04618A830E000000
218167000000.0,0,0x7DA,0,8,0x04618A8370000000
218270000000.0,0,0x7DA,0,8,0x04618A833F000000
218368000000.0,0,0x7DA,0,8,0x04618A833F000000
218466000000.0,0,0x7DA,0,8,0x04618A833F000000
218568000000.0,0,0x7DA,0,8,0x04618A8370000000
218667000000.0,0,0x7DA,0,8,0x04618A833F000000
218769000000.0,0,0x7DA,0,8,0x04618A833F000000
218867000000.0,0,0x7DA,0,8,0x04618A833F000000
218966000000.0,0,0x7DA,0,8,0x04618A833F000000
219068000000.0,0,0x7DA,0,8,0x04618A8370000000
219166000000.0,0,0x7DA,0,8,0x04618A83A0000000
219269000000.0,0,0x7DA,0,8,0x04618A8370000000
219367000000.0,0,0x7DA,0,8,0x04618A833F000000
219466000000.0,0,0x7DA,0,8,0x04618A8370000000
219568000000.0,0,0x7DA,0,8,0x04618A8370000000
219666000000.0,0,0x7DA,0,8,0x04618A8370000000
219769000000.0,0,0x7DA,0,8,0x04618A833F000000
219867000000.0,0,0x7DA,0,8,0x04618A830E000000
219969000000.0,0,0x7DA,0,8,0x04618A830E000000
220068000000.0,0,0x7DA,0,8,0x04618A830E000000
220166000000.0,0,0x7DA,0,8,0x04618A82DD000000
220268000000.0,0,0x7DA,0,8,0x04618A830E000000
220366000000.0,0,0x7DA,0,8,0x04618A82DD000000
220470000000.0,0,0x7DA,0,8,0x04618A830E000000
220567000000.0,0,0x7DA,0,8,0x04618A82AC000000
220670000000.0,0,0x7DA,0,8,0x04618A824A000000
220768000000.0,0,0x7DA,0,8,0x04618A81B8000000
220866000000.0,0,0x7DA,0,8,0x04618A80F4000000
220969000000.0,0,0x7DA,0,8,0x04618A8125000000
221067000000.0,0,0x7DA,0,8,0x04618A8125000000
221169000000.0,0,0x7DA,0,8,0x04618A80F4000000
221268000000.0,0,0x7DA,0,8,0x04618A80F4000000
221370000000.0,0,0x7DA,0,8,0x04618A8156000000
221468000000.0,0,0x7DA,0,8,0x04618A80F4000000
221567000000.0,0,0x7DA,0,8,0x04618A8187000000
221669000000.0,0,0x7DA,0,8,0x04618A81B8000000
221767000000.0,0,0x7DA,0,8,0x04618A81B8000000
221866000000.0,0,0x7DA,0,8,0x04618A81B8000000
221968000000.0,0,0x7DA,0,8,0x04618A81B8000000
222066000000.0,0,0x7DA,0,8,0x04618A81B8000000
222169000000.0,0,0x7DA,0,8,0x04618A8219000000
222267000000.0,0,0x7DA,0,8,0x04618A81E9000000
222365000000.0,0,0x7DA,0,8,0x04618A827B000000
222468000000.0,0,0x7DA,0,8,0x04618A82AC000000
222566000000.0,0,0x7DA,0,8,0x04618A830E000000
222669000000.0,0,0x7DA,0,8,0x04618A833F000000
222767000000.0,0,0x7DA,0,8,0x04618A833F000000
222869000000.0,0,0x7DA,0,8,0x04618A8370000000
222967000000.0,0,0x7DA,0,8,0x04618A83A0000000
223066000000.0,0,0x7DA,0,8,0x04618A83D1000000
223168000000.0,0,0x7DA,0,8,0x04618A8370000000
223266000000.0,0,0x7DA,0,8,0x04618A83D1000000
223370000000.0,0,0x7DA,0,8,0x04618A83A0000000
223467000000.0,0,0x7DA,0,8,0x04618A833F000000
223565000000.0,0,0x7DA,0,8,0x04618A8370000000
223668000000.0,0,0x7DA,0,8,0x04618A83A0000000
223766000000.0,0,0x7DA,0,8,0x04618A83A0000000
223869000000.0,0,0x7DA,0,8,0x04618A83A0000000
223967000000.0,0,0x7DA,0,8,0x04618A83D1000000
224070000000.0,0,0x7DA,0,8,0x04618A8433000000
224168000000.0,0,0x7DA,0,8,0x04618A8402000000
224270000000.0,0,0x7DA,0,8,0x04618A8370000000
224368000000.0,0,0x7DA,0,8,0x04618A8370000000
224467000000.0,0,0x7DA,0,8,0x04618A83D1000000
224569000000.0,0,0x7DA,0,8,0x04618A8370000000
224667000000.0,0,0x7DA,0,8,0x04618A8370000000
224766000000.0,0,0x7DA,0,8,0x04618A8370000000
224868000000.0,0,0x7DA,0,8,0x04618A8370000000
224966000000.0,0,0x7DA,0,8,0x04618A83D1000000
225069000000.0,0,0x7DA,0,8,0x04618A833F000000
225167000000.0,0,0x7DA,0,8,0x04618A8370000000
225269000000.0,0,0x7DA,0,8,0x04618A83D1000000
225368000000.0,0,0x7DA,0,8,0x04618A83A0000000
225466000000.0,0,0x7DA,0,8,0x04618A83A0000000
225568000000.0,0,0x7DA,0,8,0x04618A83D1000000
225667000000.0,0,0x7DA,0,8,0x04618A83A0000000
225769000000.0,0,0x7DA,0,8,0x04618A83D1000000
225868000000.0,0,0x7DA,0,8,0x04618A83A0000000
225966000000.0,0,0x7DA,0,8,0x04618A83D1000000
226068000000.0,0,0x7DA,0,8,0x04618A833F000000
226166000000.0,0,0x7DA,0,8,0x04618A833F000000
226269000000.0,0,0x7DA,0,8,0x04618A83D1000000
226367000000.0,0,0x7DA,0,8,0x04618A83A0000000
226465000000.0,0,0x7DA,0,8,0x04618A83A0000000
226568000000.0,0,0x7DA,0,8,0x04618A83A0000000
226666000000.0,0,0x7DA,0,8,0x04618A83D1000000
226769000000.0,0,0x7DA,0,8,0x04618A83A0000000
226867000000.0,0,0x7DA,0,8,0x04618A8464000000
226969000000.0,0,0x7DA,0,8,0x04618A8464000000
227068000000.0,0,0x7DA,0,8,0x04618A8433000000
227166000000.0,0,0x7DA,0,8,0x04618A8495000000
227268000000.0,0,0x7DA,0,8,0x04618A8433000000
227367000000.0,0,0x7DA,0,8,0x04618A84F7000000
227469000000.0,0,0x7DA,0,8,0x04618A8433000000
227567000000.0,0,0x7DA,0,8,0x04618A84C6000000
227666000000.0,0,0x7DA,0,8,0x04618A8464000000
227768000000.0,0,0x7DA,0,8,0x04618A8495000000
227866000000.0,0,0x7DA,0,8,0x04618A8464000000
227969000000.0,0,0x7DA,0,8,0x04618A84C6000000
228067000000.0,0,0x7DA,0,8,0x04618A8464000000
228170000000.0,0,0x7DA,0,8,0x04618A8495000000
228268000000.0,0,0x7DA,0,8,0x04618A8495000000
228370000000.0,0,0x7DA,0,8,0x04618A8464000000
228468000000.0,0,0x7DA,0,8,0x04618A84C6000000
228567000000.0,0,0x7DA,0,8,0x04618A84C6000000
228669000000.0,0,0x7DA,0,8,0x04618A84C6000000
228768000000.0,0,0x7DA,0,8,0x04618A8464000000
228870000000.0,0,0x7DA,0,8,0x04618A8433000000
228968000000.0,0,0x7DA,0,8,0x04618A84C6000000
229066000000.0,0,0x7DA,0,8,0x04618A8495000000
229169000000.0,0,0x7DA,0,8,0x04618A84F7000000
229267000000.0,0,0x7DA,0,8,0x04618A8464000000
229370000000.0,0,0x7DA,0,8,0x04618A8433000000
229468000000.0,0,0x7DA,0,8,0x04618A84C6000000
229570000000.0,0,0x7DA,0,8,0x04618A84C6000000
229669000000.0,0,0x7DA,0,8,0x04618A8495000000
229767000000.0,0,0x7DA,0,8,0x04618A8495000000
229869000000.0,0,0x7DA,0,8,0x04618A84F7000000
229968000000.0,0,0x7DA,0,8,0x04618A84C6000000
230070000000.0,0,0x7DA,0,8,0x04618A8589000000
230170000000.0,0,0x7DA,0,8,0x04618A85BA000000
230267000000.0,0,0x7DA,0,8,0x04618A85BA000000
230369000000.0,0,0x7DA,0,8,0x04618A861C000000
230467000000.0,0,0x7DA,0,8,0x04618A867E000000
230570000000.0,0,0x7DA,0,8,0x04618A86AE000000
230668000000.0,0,0x7DA,0,8,0x04618A867E000000
230771000000.0,0,0x7DA,0,8,0x04618A867E000000
230869000000.0,0,0x7DA,0,8,0x04618A86DF000000
230972000000.0,0,0x7DA,0,8,0x04618A867E000000
231069000000.0,0,0x7DA,0,8,0x04618A86AE000000
231168000000.0,0,0x7DA,0,8,0x04618A86DF000000
231270000000.0,0,0x7DA,0,8,0x04618A867E000000
231369000000.0,0,0x7DA,0,8,0x04618A867E000000
231471000000.0,0,0x7DA,0,8,0x04618A86AE000000
231569000000.0,0,0x7DA,0,8,0x04618A86AE000000
231672000000.0,0,0x7DA,0,8,0x04618A867E000000
231770000000.0,0,0x7DA,0,8,0x04618A864D000000
231868000000.0,0,0x7DA,0,8,0x04618A86AE000000
231971000000.0,0,0x7DA,0,8,0x04618A8710000000
232069000000.0,0,0x7DA,0,8,0x04618A86DF000000
232171000000.0,0,0x7DA,0,8,0x04618A87A3000000
232270000000.0,0,0x7DA,0,8,0x04618A8805000000
232368000000.0,0,0x7DA,0,8,0x04618A8835000000
232470000000.0,0,0x7DA,0,8,0x04618A8866000000
232569000000.0,0,0x7DA,0,8,0x04618A8866000000
232671000000.0,0,0x7DA,0,8,0x04618A88C8000000
232769000000.0,0,0x7DA,0,8,0x04618A88C8000000
232872000000.0,0,0x7DA,0,8,0x04618A8866000000
232970000000.0,0,0x7DA,0,8,0x04618A8897000000
233069000000.0,0,0x7DA,0,8,0x04618A88C8000000
233171000000.0,0,0x7DA,0,8,0x04618A88C8000000
233269000000.0,0,0x7DA,0,8,0x04618A8897000000
233371000000.0,0,0x7DA,0,8,0x04618A88C8000000
233470000000.0,0,0x7DA,0,8,0x04618A8835000000
233568000000.0,0,0x7DA,0,8,0x04618A8835000000
233670000000.0,0,0x7DA,0,8,0x04618A8805000000
233769000000.0,0,0x7DA,0,8,0x04618A8866000000
233871000000.0,0,0x7DA,0,8,0x04618A8805000000
233970000000.0,0,0x7DA,0,8,0x04618A8866000000
234072000000.0,0,0x7DA,0,8,0x04618A8866000000
234170000000.0,0,0x7DA,0,8,0x04618A8835000000
234269000000.0,0,0x7DA,0,8,0x04618A8835000000
234371000000.0,0,0x7DA,0,8,0x04618A8866000000
234469000000.0,0,0x7DA,0,8,0x04618A8835000000
234572000000.0,0,0x7DA,0,8,0x04618A87D4000000
234670000000.0,0,0x7DA,0,8,0x04618A87A3000000
234768000000.0,0,0x7DA,0,8,0x04618A86AE000000
234871000000.0,0,0x7DA,0,8,0x04618A85EB000000
234969000000.0,0,0x7DA,0,8,0x04618A85BA000000
235071000000.0,0,0x7DA,0,8,0x04618A8527000000
235170000000.0,0,0x7DA,0,8,0x04618A84C6000000
235268000000.0,0,0x7DA,0,8,0x04618A84C6000000
235370000000.0,0,0x7DA,0,8,0x04618A84F7000000
235469000000.0,0,0x7DA,0,8,0x04618A84C6000000
235571000000.0,0,0x7DA,0,8,0x04618A84C6000000
235674000000.0,0,0x7DA,0,8,0x04618A84C6000000
235772000000.0,0,0x7DA,0,8,0x04618A8464000000
235874000000.0,0,0x7DA,0,8,0x04618A83D1000000
235972000000.0,0,0x7DA,0,8,0x04618A8370000000
236075000000.0,0,0x7DA,0,8,0x04618A830E000000
236173000000.0,0,0x7DA,0,8,0x04618A8187000000
236276000000.0,0,0x7DA,0,8,0x04618A8062000000
236374000000.0,0,0x7DA,0,8,0x04618A7C90000000
236472000000.0,0,0x7DA,0,8,0x04618A7A45000000
236575000000.0,0,0x7DA,0,8,0x04618A7A45000000
236673000000.0,0,0x7DA,0,8,0x04618A7A15000000
236775000000.0,0,0x7DA,0,8,0x04618A7A76000000
236874000000.0,0,0x7DA,0,8,0x04618A7AD8000000
236972000000.0,0,0x7DA,0,8,0x04618A7B6B000000
237074000000.0,0,0x7DA,0,8,0x04618A7C2E000000
237173000000.0,0,0x7DA,0,8,0x04618A7D23000000
237275000000.0,0,0x7DA,0,8,0x04618A7FCF000000
237377000000.0,0,0x7DA,0,8,0x04618A8125000000
237476000000.0,0,0x7DA,0,8,0x04618A824A000000
237578000000.0,0,0x7DA,0,8,0x04618A830E000000
237676000000.0,0,0x7DA,0,8,0x04618A830E000000
237775000000.0,0,0x7DA,0,8,0x04618A830E000000
237877000000.0,0,0x7DA,0,8,0x04618A833F000000
237975000000.0,0,0x7DA,0,8,0x04618A830E000000
238078000000.0,0,0x7DA,0,8,0x04618A830E000000
238176000000.0,0,0x7DA,0,8,0x04618A82DD000000
238279000000.0,0,0x7DA,0,8,0x04618A82DD000000
238377000000.0,0,0x7DA,0,8,0x04618A82DD000000
238475000000.0,0,0x7DA,0,8,0x04618A82DD000000
238578000000.0,0,0x7DA,0,8,0x04618A82AC000000
238676000000.0,0,0x7DA,0,8,0x04618A82DD000000
238778000000.0,0,0x7DA,0,8,0x04618A82DD000000
238877000000.0,0,0x7DA,0,8,0x04618A830E000000
238979000000.0,0,0x7DA,0,8,0x04618A82DD000000
239077000000.0,0,0x7DA,0,8,0x04618A82DD000000
239180000000.0,0,0x7DA,0,8,0x04618A82AC000000
239278000000.0,0,0x7DA,0,8,0x04618A81B8000000
239376000000.0,0,0x7DA,0,8,0x04618A8062000000
239479000000.0,0,0x7DA,0,8,0x04618A7D84000000
239577000000.0,0,0x7DA,0,8,0x04618A7C90000000
239679000000.0,0,0x7DA,0,8,0x04618A7C90000000
239778000000.0,0,0x7DA,0,8,0x04618A7C90000000
239876000000.0,0,0x7DA,0,8,0x04618A7CC1000000
239979000000.0,0,0x7DA,0,8,0x04618A7CF2000000
240077000000.0,0,0x7DA,0,8,0x04618A7CF2000000
240179000000.0,0,0x7DA,0,8,0x04618A7D23000000
240277000000.0,0,0x7DA,0,8,0x04618A7D84000000
240376000000.0,0,0x7DA,0,8,0x04618A7D23000000
240478000000.0,0,0x7DA,0,8,0x04618A7D53000000
240576000000.0,0,0x7DA,0,8,0x04618A7D23000000
240679000000.0,0,0x7DA,0,8,0x04618A7D53000000
240778000000.0,0,0x7DA,0,8,0x04618A7D23000000
240880000000.0,0,0x7DA,0,8,0x04618A7D23000000
240978000000.0,0,0x7DA,0,8,0x04618A7D53000000
241076000000.0,0,0x7DA,0,8,0x04618A7D23000000
241179000000.0,0,0x7DA,0,8,0x04618A7D23000000
241277000000.0,0,0x7DA,0,8,0x04618A7D53000000
241379000000.0,0,0x7DA,0,8,0x04618A7D84000000
241478000000.0,0,0x7DA,0,8,0x04618A7DB5000000
241577000000.0,0,0x7DA,0,8,0x04618A7D84000000
241678000000.0,0,0x7DA,0,8,0x04618A7D84000000
241777000000.0,0,0x7DA,0,8,0x04618A7D53000000
241879000000.0,0,0x7DA,0,8,0x04618A7CC1000000
241978000000.0,0,0x7DA,0,8,0x04618A7CC1000000
242080000000.0,0,0x7DA,0,8,0x04618A7CF2000000
242178000000.0,0,0x7DA,0,8,0x04618A7C90000000
242277000000.0,0,0x7DA,0,8,0x04618A7C5F000000
242379000000.0,0,0x7DA,0,8,0x04618A7BFD000000
242477000000.0,0,0x7DA,0,8,0x04618A7B6B000000
242579000000.0,0,0x7DA,0,8,0x04618A7A76000000
242678000000.0,0,0x7DA,0,8,0x04618A7AA7000000
242780000000.0,0,0x7DA,0,8,0x04618A7B09000000
242878000000.0,0,0x7DA,0,8,0x04618A7B9C000000
242977000000.0,0,0x7DA,0,8,0x04618A7BCC000000
243079000000.0,0,0x7DA,0,8,0x04618A7C5F000000
243177000000.0,0,0x7DA,0,8,0x04618A7C90000000
243276000000.0,0,0x7DA,0,8,0x04618A7C90000000
243378000000.0,0,0x7DA,0,8,0x04618A7C5F000000
243476000000.0,0,0x7DA,0,8,0x04618A7BFD000000
243579000000.0,0,0x7DA,0,8,0x04618A7C2E000000
243677000000.0,0,0x7DA,0,8,0x04618A7C90000000
243780000000.0,0,0x7DA,0,8,0x04618A7C5F000000
243878000000.0,0,0x7DA,0,8,0x04618A7B6B000000
243976000000.0,0,0x7DA,0,8,0x04618A7B3A000000
244079000000.0,0,0x7DA,0,8,0x04618A7B3A000000
244177000000.0,0,0x7DA,0,8,0x04618A7B6B000000
244279000000.0,0,0x7DA,0,8,0x04618A7B3A000000
244378000000.0,0,0x7DA,0,8,0x04618A7B6B000000
244480000000.0,0,0x7DA,0,8,0x04618A7B6B000000
244578000000.0,0,0x7DA,0,8,0x04618A7B6B000000
244677000000.0,0,0x7DA,0,8,0x04618A7AD8000000
244779000000.0,0,0x7DA,0,8,0x04618A7982000000
244877000000.0,0,0x7DA,0,8,0x04618A782C000000
244980000000.0,0,0x7DA,0,8,0x04618A77FB000000
245078000000.0,0,0x7DA,0,8,0x04618A782C000000
245176000000.0,0,0x7DA,0,8,0x04618A7768000000
245279000000.0,0,0x7DA,0,8,0x04618A782C000000
245381000000.0,0,0x7DA,0,8,0x04618A788E000000
245479000000.0,0,0x7DA,0,8,0x04618A782C000000
245582000000.0,0,0x7DA,0,8,0x04618A77FB000000
245680000000.0,0,0x7DA,0,8,0x04618A785D000000
245783000000.0,0,0x7DA,0,8,0x04618A788E000000
245881000000.0,0,0x7DA,0,8,0x04618A785D000000
245985000000.0,0,0x7DA,0,8,0x04618A785D000000
246082000000.0,0,0x7DA,0,8,0x04618A788E000000
246184000000.0,0,0x7DA,0,8,0x04618A788E000000
246282000000.0,0,0x7DA,0,8,0x04618A76A5000000
246381000000.0,0,0x7DA,0,8,0x04618A751E000000
246483000000.0,0,0x7DA,0,8,0x04618A751E000000
246581000000.0,0,0x7DA,0,8,0x04618A71DF000000
246684000000.0,0,0x7DA,0,8,0x04618A7366000000
246782000000.0,0,0x7DA,0,8,0x04618A72A2000000
246880000000.0,0,0x7DA,0,8,0x04618A70EB000000
246987000000.0,0,0x7DA,0,8,0x04618A7210000000
247085000000.0,0,0x7DA,0,8,0x04618A7241000000
247183000000.0,0,0x7DA,0,8,0x04618A70EB000000
247286000000.0,0,0x7DA,0,8,0x04618A71DF000000
247384000000.0,0,0x7DA,0,8,0x04618A70EB000000
247487000000.0,0,0x7DA,0,8,0x04618A6F64000000
247585000000.0,0,0x7DA,0,8,0x04618A6FC5000000
247683000000.0,0,0x7DA,0,8,0x04618A6FC5000000
247786000000.0,0,0x7DA,0,8,0x04618A7058000000
247884000000.0,0,0x7DA,0,8,0x04618A6FF6000000
247986000000.0,0,0x7DA,0,8,0x04618A717D000000
248085000000.0,0,0x7DA,0,8,0x04618A71DF000000
248183000000.0,0,0x7DA,0,8,0x04618A70EB000000
248286000000.0,0,0x7DA,0,8,0x04618A7210000000
248384000000.0,0,0x7DA,0,8,0x04618A7210000000
248486000000.0,0,0x7DA,0,8,0x04618A72A2000000
248584000000.0,0,0x7DA,0,8,0x04618A7397000000
248687000000.0,0,0x7DA,0,8,0x04618A7335000000
248785000000.0,0,0x7DA,0,8,0x04618A7366000000
248883000000.0,0,0x7DA,0,8,0x04618A7366000000
248986000000.0,0,0x7DA,0,8,0x04618A7429000000
249084000000.0,0,0x7DA,0,8,0x04618A73F9000000
249186000000.0,0,0x7DA,0,8,0x04618A74ED000000
249285000000.0,0,0x7DA,0,8,0x04618A748B000000
249387000000.0,0,0x7DA,0,8,0x04618A75E1000000
249485000000.0,0,0x7DA,0,8,0x04618A7580000000
249584000000.0,0,0x7DA,0,8,0x04618A76D6000000
249686000000.0,0,0x7DA,0,8,0x04618A76D6000000
249784000000.0,0,0x7DA,0,8,0x04618A77FB000000
249887000000.0,0,0x7DA,0,8,0x04618A78BE000000
249985000000.0,0,0x7DA,0,8,0x04618A7951000000
250083000000.0,0,0x7DA,0,8,0x04618A79B3000000
250186000000.0,0,0x7DA,0,8,0x04618A7A45000000
250284000000.0,0,0x7DA,0,8,0x04618A7A45000000
250387000000.0,0,0x7DA,0,8,0x04618A7A76000000
250485000000.0,0,0x7DA,0,8,0x04618A7B09000000
250587000000.0,0,0x7DA,0,8,0x04618A7B09000000
250686000000.0,0,0x7DA,0,8,0x04618A7B3A000000
250784000000.0,0,0x7DA,0,8,0x04618A7BCC000000
250886000000.0,0,0x7DA,0,8,0x04618A7CC1000000
250985000000.0,0,0x7DA,0,8,0x04618A7D84000000
251087000000.0,0,0x7DA,0,8,0x04618A7D84000000
251185000000.0,0,0x7DA,0,8,0x04618A7DB5000000
251288000000.0,0,0x7DA,0,8,0x04618A7DE6000000
251386000000.0,0,0x7DA,0,8,0x04618A7DE6000000
251484000000.0,0,0x7DA,0,8,0x04618A7DB5000000
251587000000.0,0,0x7DA,0,8,0x04618A7D23000000
251685000000.0,0,0x7DA,0,8,0x04618A7D84000000
251783000000.0,0,0x7DA,0,8,0x04618A7D84000000
251886000000.0,0,0x7DA,0,8,0x04618A7D84000000
251984000000.0,0,0x7DA,0,8,0x04618A7DB5000000
252087000000.0,0,0x7DA,0,8,0x04618A7DE6000000
252185000000.0,0,0x7DA,0,8,0x04618A7E48000000
252283000000.0,0,0x7DA,0,8,0x04618A7E79000000
252385000000.0,0,0x7DA,0,8,0x04618A7EAA000000
252484000000.0,0,0x7DA,0,8,0x04618A7F3C000000
252586000000.0,0,0x7DA,0,8,0x04618A7F3C000000
252684000000.0,0,0x7DA,0,8,0x04618A7F3C000000
252787000000.0,0,0x7DA,0,8,0x04618A7F9E000000
252885000000.0,0,0x7DA,0,8,0x04618A7F6D000000
252983000000.0,0,0x7DA,0,8,0x04618A7F6D000000
253086000000.0,0,0x7DA,0,8,0x04618A7F6D000000
253185000000.0,0,0x7DA,0,8,0x04618A7F6D000000
253287000000.0,0,0x7DA,0,8,0x04618A7F9E000000
253385000000.0,0,0x7DA,0,8,0x04618A7F6D000000
253483000000.0,0,0x7DA,0,8,0x04618A7F9E000000
253586000000.0,0,0x7DA,0,8,0x04618A7F6D000000
253684000000.0,0,0x7DA,0,8,0x04618A7F9E000000
253787000000.0,0,0x7DA,0,8,0x04618A7F9E000000
253885000000.0,0,0x7DA,0,8,0x04618A7F9E000000
253987000000.0,0,0x7DA,0,8,0x04618A7F9E000000
254085000000.0,0,0x7DA,0,8,0x04618A7F9E000000
254184000000.0,0,0x7DA,0,8,0x04618A7F0B000000
254286000000.0,0,0x7DA,0,8,0x04618A7EAA000000
254384000000.0,0,0x7DA,0,8,0x04618A7E79000000
254487000000.0,0,0x7DA,0,8,0x04618A7E48000000
254585000000.0,0,0x7DA,0,8,0x04618A7E79000000
254684000000.0,0,0x7DA,0,8,0x04618A7E79000000
254786000000.0,0,0x7DA,0,8,0x04618A7EAA000000
254884000000.0,0,0x7DA,0,8,0x04618A7EAA000000
254986000000.0,0,0x7DA,0,8,0x04618A7EAA000000
255089000000.0,0,0x7DA,0,8,0x04618A7EDB000000
255187000000.0,0,0x7DA,0,8,0x04618A7EAA000000
255285000000.0,0,0x7DA,0,8,0x04618A7F3C000000
255388000000.0,0,0x7DA,0,8,0x04618A7F3C000000
255486000000.0,0,0x7DA,0,8,0x04618A7F6D000000
255589000000.0,0,0x7DA,0,8,0x04618A7F3C000000
255687000000.0,0,0x7DA,0,8,0x04618A7F9E000000
255785000000.0,0,0x7DA,0,8,0x04618A7FCF000000
255888000000.0,0,0x7DA,0,8,0x04618A8000000000
255986000000.0,0,0x7DA,0,8,0x04618A8031000000
256088000000.0,0,0x7DA,0,8,0x04618A8062000000
256187000000.0,0,0x7DA,0,8,0x04618A8062000000
256289000000.0,0,0x7DA,0,8,0x04618A8031000000
256387000000.0,0,0x7DA,0,8,0x04618A8031000000
256486000000.0,0,0x7DA,0,8,0x04618A8031000000
256588000000.0,0,0x7DA,0,8,0x04618A8031000000
256686000000.0,0,0x7DA,0,8,0x04618A8031000000
256790000000.0,0,0x7DA,0,8,0x04618A8031000000
256887000000.0,0,0x7DA,0,8,0x04618A8031000000
256985000000.0,0,0x7DA,0,8,0x04618A8031000000
257088000000.0,0,0x7DA,0,8,0x04618A8031000000
257186000000.0,0,0x7DA,0,8,0x04618A8031000000
257288000000.0,0,0x7DA,0,8,0x04618A8031000000
257387000000.0,0,0x7DA,0,8,0x04618A8031000000
257489000000.0,0,0x7DA,0,8,0x04618A8062000000
257587000000.0,0,0x7DA,0,8,0x04618A8031000000
257686000000.0,0,0x7DA,0,8,0x04618A8031000000
257788000000.0,0,0x7DA,0,8,0x04618A8031000000
257887000000.0,0,0x7DA,0,8,0x04618A8031000000
257989000000.0,0,0x7DA,0,8,0x04618A8031000000
258087000000.0,0,0x7DA,0,8,0x04618A8031000000
258190000000.0,0,0x7DA,0,8,0x04618A8031000000
258288000000.0,0,0x7DA,0,8,0x04618A8031000000
258390000000.0,0,0x7DA,0,8,0x04618A8031000000
258489000000.0,0,0x7DA,0,8,0x04618A8031000000
258591000000.0,0,0x7DA,0,8,0x04618A8031000000
258689000000.0,0,0x7DA,0,8,0x04618A8031000000
258788000000.0,0,0x7DA,0,8,0x04618A8031000000
258890000000.0,0,0x7DA,0,8,0x04618A8031000000
258988000000.0,0,0x7DA,0,8,0x04618A8031000000
259091000000.0,0,0x7DA,0,8,0x04618A8031000000
259190000000.0,0,0x7DA,0,8,0x04618A8031000000
259287000000.0,0,0x7DA,0,8,0x04618A8031000000
259390000000.0,0,0x7DA,0,8,0x04618A8031000000
259488000000.0,0,0x7DA,0,8,0x04618A8031000000
259590000000.0,0,0x7DA,0,8,0x04618A8031000000
259689000000.0,0,0x7DA,0,8,0x04618A8031000000
259791000000.0,0,0x7DA,0,8,0x04618A8031000000
259889000000.0,0,0x7DA,0,8,0x04618A8031000000
259988000000.0,0,0x7DA,0,8,0x04618A8031000000
260090000000.0,0,0x7DA,0,8,0x04618A8031000000
260189000000.0,0,0x7DA,0,8,0x04618A8031000000
260291000000.0,0,0x7DA,0,8,0x04618A8031000000
260389000000.0,0,0x7DA,0,8,0x04618A8031000000
260488000000.0,0,0x7DA,0,8,0x04618A8031000000
260590000000.0,0,0x7DA,0,8,0x04618A8031000000
260688000000.0,0,0x7DA,0,8,0x04618A8031000000
260791000000.0,0,0x7DA,0,8,0x04618A8031000000
260889000000.0,0,0x7DA,0,8,0x04618A8031000000
260987000000.0,0,0x7DA,0,8,0x04618A8031000000
261090000000.0,0,0x7DA,0,8,0x04618A8031000000
261188000000.0,0,0x7DA,0,8,0x04618A8031000000
261290000000.0,0,0x7DA,0,8,0x04618A8031000000
261389000000.0,0,0x7DA,0,8,0x04618A8031000000
261491000000.0,0,0x7DA,0,8,0x04618A8031000000
261589000000.0,0,0x7DA,0,8,0x04618A8062000000
261688000000.0,0,0x7DA,0,8,0x04618A8031000000
261790000000.0,0,0x7DA,0,8,0x04618A8031000000
261888000000.0,0,0x7DA,0,8,0x04618A8031000000
261991000000.0,0,0x7DA,0,8,0x04618A8031000000
262089000000.0,0,0x7DA,0,8,0x04618A8031000000
262191000000.0,0,0x7DA,0,8,0x04618A8031000000
262290000000.0,0,0x7DA,0,8,0x04618A8031000000
262388000000.0,0,0x7DA,0,8,0x04618A8031000000
262490000000.0,0,0x7DA,0,8,0x04618A8031000000
262589000000.0,0,0x7DA,0,8,0x04618A8031000000
262691000000.0,0,0x7DA,0,8,0x04618A8031000000
262790000000.0,0,0x7DA,0,8,0x04618A8031000000
262888000000.0,0,0x7DA,0,8,0x04618A8031000000
262990000000.0,0,0x7DA,0,8,0x04618A8031000000
263089000000.0,0,0x7DA,0,8,0x04618A8031000000
263191000000.0,0,0x7DA,0,8,0x04618A8031000000
263289000000.0,0,0x7DA,0,8,0x04618A8031000000
263388000000.0,0,0x7DA,0,8,0x04618A8031000000
263490000000.0,0,0x7DA,0,8,0x04618A8031000000
263588000000.0,0,0x7DA,0,8,0x04618A8031000000
263691000000.0,0,0x7DA,0,8,0x04618A8031000000
263789000000.0,0,0x7DA,0,8,0x04618A8031000000
263891000000.0,0,0x7DA,0,8,0x04618A8031000000
263990000000.0,0,0x7DA,0,8,0x04618A8031000000
264088000000.0,0,0x7DA,0,8,0x04618A8031000000
264190000000.0,0,0x7DA,0,8,0x04618A8031000000
264289000000.0,0,0x7DA,0,8,0x04618A8031000000
264391000000.0,0,0x7DA,0,8,0x04618A8031000000
264489000000.0,0,0x7DA,0,8,0x04618A8031000000
264589000000.0,0,0x7DA,0,8,0x04618A8031000000
264690000000.0,0,0x7DA,0,8,0x04618A8031000000
264788000000.0,0,0x7DA,0,8,0x04618A8031000000
264891000000.0,0,0x7DA,0,8,0x04618A8031000000
264989000000.0,0,0x7DA,0,8,0x04618A8031000000
265087000000.0,0,0x7DA,0,8,0x04618A8031000000
265190000000.0,0,0x7DA,0,8,0x04618A8031000000
265292000000.0,0,0x7DA,0,8,0x04618A8031000000
265391000000.0,0,0x7DA,0,8,0x04618A8031000000
265489000000.0,0,0x7DA,0,8,0x04618A8031000000
265592000000.0,0,0x7DA,0,8,0x04618A8031000000
265690000000.0,0,0x7DA,0,8,0x04618A8031000000
265788000000.0,0,0x7DA,0,8,0x04618A8031000000
265890000000.0,0,0x7DA,0,8,0x04618A8031000000
265993000000.0,0,0x7DA,0,8,0x04618A8031000000
266091000000.0,0,0x7DA,0,8,0x04618A8031000000
266193000000.0,0,0x7DA,0,8,0x04618A8031000000
266292000000.0,0,0x7DA,0,8,0x04618A8031000000
266394000000.0,0,0x7DA,0,8,0x04618A8062000000
266492000000.0,0,0x7DA,0,8,0x04618A8031000000
266591000000.0,0,0x7DA,0,8,0x04618A8031000000
266693000000.0,0,0x7DA,0,8,0x04618A8031000000
266792000000.0,0,0x7DA,0,8,0x04618A8031000000
266894000000.0,0,0x7DA,0,8,0x04618A8031000000
266992000000.0,0,0x7DA,0,8,0x04618A8031000000
267094000000.0,0,0x7DA,0,8,0x04618A8031000000
267193000000.0,0,0x7DA,0,8,0x04618A8031000000
267295000000.0,0,0x7DA,0,8,0x04618A8062000000
267393000000.0,0,0x7DA,0,8,0x04618A8031000000
267496000000.0,0,0x7DA,0,8,0x04618A8031000000
267594000000.0,0,0x7DA,0,8,0x04618A8031000000
267693000000.0,0,0x7DA,0,8,0x04618A8031000000
267795000000.0,0,0x7DA,0,8,0x04618A8031000000
267894000000.0,0,0x7DA,0,8,0x04618A8031000000
267996000000.0,0,0x7DA,0,8,0x04618A8031000000
268094000000.0,0,0x7DA,0,8,0x04618A8031000000
268196000000.0,0,0x7DA,0,8,0x04618A8031000000
268295000000.0,0,0x7DA,0,8,0x04618A8031000000
268393000000.0,0,0x7DA,0,8,0x04618A8031000000
268495000000.0,0,0x7DA,0,8,0x04618A8031000000
268594000000.0,0,0x7DA,0,8,0x04618A8031000000
268696000000.0,0,0x7DA,0,8,0x04618A8031000000
268795000000.0,0,0x7DA,0,8,0x04618A8031000000
268893000000.0,0,0x7DA,0,8,0x04618A8031000000
268996000000.0,0,0x7DA,0,8,0x04618A8031000000
269094000000.0,0,0x7DA,0,8,0x04618A8031000000
269196000000.0,0,0x7DA,0,8,0x04618A8031000000
269294000000.0,0,0x7DA,0,8,0x04618A8031000000
269396000000.0,0,0x7DA,0,8,0x04618A8031000000
269495000000.0,0,0x7DA,0,8,0x04618A8031000000
269593000000.0,0,0x7DA,0,8,0x04618A8031000000
269695000000.0,0,0x7DA,0,8,0x04618A8031000000
269794000000.0,0,0x7DA,0,8,0x04618A8062000000
269896000000.0,0,0x7DA,0,8,0x04618A8031000000
269994000000.0,0,0x7DA,0,8,0x04618A8031000000
270093000000.0,0,0x7DA,0,8,0x04618A8062000000
270196000000.0,0,0x7DA,0,8,0x04618A8031000000
270294000000.0,0,0x7DA,0,8,0x04618A8031000000
270396000000.0,0,0x7DA,0,8,0x04618A8031000000
270494000000.0,0,0x7DA,0,8,0x04618A8062000000
270593000000.0,0,0x7DA,0,8,0x04618A8031000000
270695000000.0,0,0x7DA,0,8,0x04618A8031000000
270793000000.0,0,0x7DA,0,8,0x04618A8031000000
270896000000.0,0,0x7DA,0,8,0x04618A8031000000
270994000000.0,0,0x7DA,0,8,0x04618A8031000000
271096000000.0,0,0x7DA,0,8,0x04618A8031000000
271195000000.0,0,0x7DA,0,8,0x04618A8062000000
271293000000.0,0,0x7DA,0,8,0x04618A8031000000
271396000000.0,0,0x7DA,0,8,0x04618A8031000000
271494000000.0,0,0x7DA,0,8,0x04618A8031000000
271596000000.0,0,0x7DA,0,8,0x04618A8031000000
271695000000.0,0,0x7DA,0,8,0x04618A8031000000
271793000000.0,0,0x7DA,0,8,0x04618A8031000000
271895000000.0,0,0x7DA,0,8,0x04618A8031000000
271993000000.0,0,0x7DA,0,8,0x04618A8031000000
272096000000.0,0,0x7DA,0,8,0x04618A8031000000
272194000000.0,0,0x7DA,0,8,0x04618A8031000000
272297000000.0,0,0x7DA,0,8,0x04618A8031000000
272395000000.0,0,0x7DA,0,8,0x04618A8031000000
272493000000.0,0,0x7DA,0,8,0x04618A8031000000
272596000000.0,0,0x7DA,0,8,0x04618A8031000000
272698000000.0,0,0x7DA,0,8,0x04618A8031000000
272796000000.0,0,0x7DA,0,8,0x04618A8031000000
272895000000.0,0,0x7DA,0,8,0x04618A8031000000
272997000000.0,0,0x7DA,0,8,0x04618A8031000000
273095000000.0,0,0x7DA,0,8,0x04618A8031000000
273198000000.0,0,0x7DA,0,8,0x04618A8031000000
273296000000.0,0,0x7DA,0,8,0x04618A8062000000
273398000000.0,0,0x7DA,0,8,0x04618A8031000000
273497000000.0,0,0x7DA,0,8,0x04618A8031000000
273595000000.0,0,0x7DA,0,8,0x04618A8031000000
273698000000.0,0,0x7DA,0,8,0x04618A8031000000
273796000000.0,0,0x7DA,0,8,0x04618A8031000000
273898000000.0,0,0x7DA,0,8,0x04618A8062000000
273996000000.0,0,0x7DA,0,8,0x04618A8031000000
274095000000.0,0,0x7DA,0,8,0x04618A8031000000
274197000000.0,0,0x7DA,0,8,0x04618A8031000000
274295000000.0,0,0x7DA,0,8,0x04618A8031000000
274398000000.0,0,0x7DA,0,8,0x04618A8031000000
274496000000.0,0,0x7DA,0,8,0x04618A8031000000
274599000000.0,0,0x7DA,0,8,0x04618A8062000000
274697000000.0,0,0x7DA,0,8,0x04618A8031000000
274795000000.0,0,0x7DA,0,8,0x04618A8031000000
274898000000.0,0,0x7DA,0,8,0x04618A8031000000
274996000000.0,0,0x7DA,0,8,0x04618A8031000000
275098000000.0,0,0x7DA,0,8,0x04618A8031000000
275197000000.0,0,0x7DA,0,8,0x04618A8031000000
275295000000.0,0,0x7DA,0,8,0x04618A8062000000
275397000000.0,0,0x7DA,0,8,0x04618A8031000000
275496000000.0,0,0x7DA,0,8,0x04618A8062000000
275598000000.0,0,0x7DA,0,8,0x04618A8062000000
275696000000.0,0,0x7DA,0,8,0x04618A8031000000
275799000000.0,0,0x7DA,0,8,0x04618A8031000000
275897000000.0,0,0x7DA,0,8,0x04618A8031000000
275995000000.0,0,0x7DA,0,8,0x04618A8031000000
276098000000.0,0,0x7DA,0,8,0x04618A8031000000
276196000000.0,0,0x7DA,0,8,0x04618A8031000000
276299000000.0,0,0x7DA,0,8,0x04618A8031000000
276397000000.0,0,0x7DA,0,8,0x04618A8031000000
276495000000.0,0,0x7DA,0,8,0x04618A8031000000
276597000000.0,0,0x7DA,0,8,0x04618A8031000000
276696000000.0,0,0x7DA,0,8,0x04618A8031000000
276798000000.0,0,0x7DA,0,8,0x04618A8062000000
276896000000.0,0,0x7DA,0,8,0x04618A8031000000
276999000000.0,0,0x7DA,0,8,0x04618A8031000000
277097000000.0,0,0x7DA,0,8,0x04618A8031000000
277195000000.0,0,0x7DA,0,8,0x04618A8031000000
277298000000.0,0,0x7DA,0,8,0x04618A8031000000
277396000000.0,0,0x7DA,0,8,0x04618A8031000000
277499000000.0,0,0x7DA,0,8,0x04618A8031000000
277597000000.0,0,0x7DA,0,8,0x04618A8031000000
277695000000.0,0,0x7DA,0,8,0x04618A8031000000
277797000000.0,0,0x7DA,0,8,0x04618A8031000000
277896000000.0,0,0x7DA,0,8,0x04618A8031000000
277998000000.0,0,0x7DA,0,8,0x04618A8031000000
278097000000.0,0,0x7DA,0,8,0x04618A8031000000
278199000000.0,0,0x7DA,0,8,0x04618A8031000000
278297000000.0,0,0x7DA,0,8,0x04618A8031000000
278396000000.0,0,0x7DA,0,8,0x04618A8031000000
278498000000.0,0,0x7DA,0,8,0x04618A8031000000
278596000000.0,0,0x7DA,0,8,0x04618A8031000000
278699000000.0,0,0x7DA,0,8,0x04618A8062000000
278797000000.0,0,0x7DA,0,8,0x04618A8031000000
278899000000.0,0,0x7DA,0,8,0x04618A8031000000
278998000000.0,0,0x7DA,0,8,0x04618A8031000000
279096000000.0,0,0x7DA,0,8,0x04618A8031000000
279198000000.0,0,0x7DA,0,8,0x04618A8031000000
279301000000.0,0,0x7DA,0,8,0x04618A8031000000
279399000000.0,0,0x7DA,0,8,0x04618A8031000000
279497000000.0,0,0x7DA,0,8,0x04618A8031000000
279596000000.0,0,0x7DA,0,8,0x04618A8031000000
279698000000.0,0,0x7DA,0,8,0x04618A8031000000
279797000000.0,0,0x7DA,0,8,0x04618A8031000000
279899000000.0,0,0x7DA,0,8,0x04618A8031000000
279997000000.0,0,0x7DA,0,8,0x04618A8031000000
280099000000.0,0,0x7DA,0,8,0x04618A8031000000
280198000000.0,0,0x7DA,0,8,0x04618A8031000000
280296000000.0,0,0x7DA,0,8,0x04618A8031000000
280399000000.0,0,0x7DA,0,8,0x04618A8031000000
280497000000.0,0,0x7DA,0,8,0x04618A8031000000
280599000000.0,0,0x7DA,0,8,0x04618A8031000000
280698000000.0,0,0x7DA,0,8,0x04618A8031000000
280796000000.0,0,0x7DA,0,8,0x04618A8031000000
280899000000.0,0,0x7DA,0,8,0x04618A8031000000
280997000000.0,0,0x7DA,0,8,0x04618A8031000000
281099000000.0,0,0x7DA,0,8,0x04618A8031000000
281205000000.0,0,0x7DA,0,8,0x04618A8031000000
281307000000.0,0,0x7DA,0,8,0x04618A8062000000
281405000000.0,0,0x7DA,0,8,0x04618A8062000000
281504000000.0,0,0x7DA,0,8,0x04618A8031000000
281606000000.0,0,0x7DA,0,8,0x04618A8031000000
281704000000.0,0,0x7DA,0,8,0x04618A8031000000
281807000000.0,0,0x7DA,0,8,0x04618A8031000000
281905000000.0,0,0x7DA,0,8,0x04618A8031000000
282003000000.0,0,0x7DA,0,8,0x04618A8031000000
282106000000.0,0,0x7DA,0,8,0x04618A8031000000
282204000000.0,0,0x7DA,0,8,0x04618A8031000000
282307000000.0,0,0x7DA,0,8,0x04618A8031000000
282405000000.0,0,0x7DA,0,8,0x04618A8031000000
282503000000.0,0,0x7DA,0,8,0x04618A8031000000
282606000000.0,0,0x7DA,0,8,0x04618A8031000000
282704000000.0,0,0x7DA,0,8,0x04618A8031000000
282806000000.0,0,0x7DA,0,8,0x04618A8031000000
282905000000.0,0,0x7DA,0,8,0x04618A8031000000
283007000000.0,0,0x7DA,0,8,0x04618A8031000000
283105000000.0,0,0x7DA,0,8,0x04618A8031000000
283204000000.0,0,0x7DA,0,8,0x04618A8031000000
283306000000.0,0,0x7DA,0,8,0x04618A8031000000
283404000000.0,0,0x7DA,0,8,0x04618A8031000000
283507000000.0,0,0x7DA,0,8,0x04618A8031000000
283605000000.0,0,0x7DA,0,8,0x04618A8031000000
283703000000.0,0,0x7DA,0,8,0x04618A8031000000
283806000000.0,0,0x7DA,0,8,0x04618A8031000000
283904000000.0,0,0x7DA,0,8,0x04618A8031000000
284006000000.0,0,0x7DA,0,8,0x04618A8062000000
284105000000.0,0,0x7DA,0,8,0x04618A8031000000
284207000000.0,0,0x7DA,0,8,0x04618A8031000000
284306000000.0,0,0x7DA,0,8,0x04618A8031000000
284404000000.0,0,0x7DA,0,8,0x04618A8031000000
284506000000.0,0,0x7DA,0,8,0x04618A8031000000
284604000000.0,0,0x7DA,0,8,0x04618A8031000000
284707000000.0,0,0x7DA,0,8,0x04618A8062000000
284805000000.0,0,0x7DA,0,8,0x04618A8031000000
284904000000.0,0,0x7DA,0,8,0x04618A8031000000
285006000000.0,0,0x7DA,0,8,0x04618A8031000000
285104000000.0,0,0x7DA,0,8,0x04618A8031000000
285207000000.0,0,0x7DA,0,8,0x04618A8031000000
285305000000.0,0,0x7DA,0,8,0x04618A8031000000
285407000000.0,0,0x7DA,0,8,0x04618A8031000000
285506000000.0,0,0x7DA,0,8,0x04618A8031000000
285604000000.0,0,0x7DA,0,8,0x04618A8031000000
285706000000.0,0,0x7DA,0,8,0x04618A8031000000
285805000000.0,0,0x7DA,0,8,0x04618A8031000000
285907000000.0,0,0x7DA,0,8,0x04618A8031000000
286005000000.0,0,0x7DA,0,8,0x04618A8031000000
286104000000.0,0,0x7DA,0,8,0x04618A8031000000
286206000000.0,0,0x7DA,0,8,0x04618A8031000000
286304000000.0,0,0x7DA,0,8,0x04618A8031000000
286407000000.0,0,0x7DA,0,8,0x04618A8062000000
286505000000.0,0,0x7DA,0,8,0x04618A8092000000
286608000000.0,0,0x7DA,0,8,0x04618A8092000000
286706000000.0,0,0x7DA,0,8,0x04618A8092000000
286804000000.0,0,0x7DA,0,8,0x04618A8092000000
286906000000.0,0,0x7DA,0,8,0x04618A8092000000
287005000000.0,0,0x7DA,0,8,0x04618A8092000000
287107000000.0,0,0x7DA,0,8,0x04618A80C3000000
287205000000.0,0,0x7DA,0,8,0x04618A80C3000000
287304000000.0,0,0x7DA,0,8,0x04618A80C3000000
287406000000.0,0,0x7DA,0,8,0x04618A80C3000000
287505000000.0,0,0x7DA,0,8,0x04618A80F4000000
287607000000.0,0,0x7DA,0,8,0x04618A8125000000
287705000000.0,0,0x7DA,0,8,0x04618A8156000000
287803000000.0,0,0x7DA,0,8,0x04618A8156000000
287906000000.0,0,0x7DA,0,8,0x04618A8187000000
288004000000.0,0,0x7DA,0,8,0x04618A81B8000000
288108000000.0,0,0x7DA,0,8,0x04618A81B8000000
288205000000.0,0,0x7DA,0,8,0x04618A81B8000000
288307000000.0,0,0x7DA,0,8,0x04618A81B8000000
288406000000.0,0,0x7DA,0,8,0x04618A81B8000000
288504000000.0,0,0x7DA,0,8,0x04618A8219000000
288606000000.0,0,0x7DA,0,8,0x04618A81B8000000
288705000000.0,0,0x7DA,0,8,0x04618A81B8000000
288807000000.0,0,0x7DA,0,8,0x04618A8125000000
288905000000.0,0,0x7DA,0,8,0x04618A80C3000000
289004000000.0,0,0x7DA,0,8,0x04618A8092000000
289106000000.0,0,0x7DA,0,8,0x04618A8062000000
289205000000.0,0,0x7DA,0,8,0x04618A8092000000
289307000000.0,0,0x7DA,0,8,0x04618A8092000000
289405000000.0,0,0x7DA,0,8,0x04618A8062000000
289503000000.0,0,0x7DA,0,8,0x04618A8062000000
289606000000.0,0,0x7DA,0,8,0x04618A8062000000
289704000000.0,0,0x7DA,0,8,0x04618A8092000000
289807000000.0,0,0x7DA,0,8,0x04618A8125000000
289905000000.0,0,0x7DA,0,8,0x04618A81E9000000
290007000000.0,0,0x7DA,0,8,0x04618A833F000000
290105000000.0,0,0x7DA,0,8,0x04618A8402000000
290204000000.0,0,0x7DA,0,8,0x04618A8402000000
290306000000.0,0,0x7DA,0,8,0x04618A8433000000
290404000000.0,0,0x7DA,0,8,0x04618A8558000000
290507000000.0,0,0x7DA,0,8,0x04618A85BA000000
290605000000.0,0,0x7DA,0,8,0x04618A864D000000
290708000000.0,0,0x7DA,0,8,0x04618A867E000000
290806000000.0,0,0x7DA,0,8,0x04618A8710000000
290904000000.0,0,0x7DA,0,8,0x04618A8741000000
291007000000.0,0,0x7DA,0,8,0x04618A86DF000000
291109000000.0,0,0x7DA,0,8,0x04618A86AE000000
291207000000.0,0,0x7DA,0,8,0x04618A86DF000000
291310000000.0,0,0x7DA,0,8,0x04618A8741000000
291408000000.0,0,0x7DA,0,8,0x04618A8805000000
291511000000.0,0,0x7DA,0,8,0x04618A88F9000000
291609000000.0,0,0x7DA,0,8,0x04618A89BC000000
291707000000.0,0,0x7DA,0,8,0x04618A89BC000000
291809000000.0,0,0x7DA,0,8,0x04618A8A80000000
291908000000.0,0,0x7DA,0,8,0x04618A8BD6000000
292010000000.0,0,0x7DA,0,8,0x04618A8DF0000000
292108000000.0,0,0x7DA,0,8,0x04618A8E51000000
292207000000.0,0,0x7DA,0,8,0x04618A8DBF000000
292309000000.0,0,0x7DA,0,8,0x04618A8E82000000
292408000000.0,0,0x7DA,0,8,0x04618A9223000000
292510000000.0,0,0x7DA,0,8,0x04618A9348000000
292608000000.0,0,0x7DA,0,8,0x04618A949E000000
292707000000.0,0,0x7DA,0,8,0x04618A94CF000000
292809000000.0,0,0x7DA,0,8,0x04618A980E000000
292907000000.0,0,0x7DA,0,8,0x04618A9933000000
293010000000.0,0,0x7DA,0,8,0x04618A977B000000
293108000000.0,0,0x7DA,0,8,0x04618A974B000000
293210000000.0,0,0x7DA,0,8,0x04618A9A59000000
293309000000.0,0,0x7DA,0,8,0x04618A9A28000000
293407000000.0,0,0x7DA,0,8,0x04618A9AEB000000
293509000000.0,0,0x7DA,0,8,0x04618A9A8A000000
293608000000.0,0,0x7DA,0,8,0x04618A9ABA000000
293710000000.0,0,0x7DA,0,8,0x04618A9B4D000000
293808000000.0,0,0x7DA,0,8,0x04618A9D05000000
293907000000.0,0,0x7DA,0,8,0x04618A9870000000
294009000000.0,0,0x7DA,0,8,0x04618A9CA3000000
294107000000.0,0,0x7DA,0,8,0x04618A9C11000000
294210000000.0,0,0x7DA,0,8,0x04618AA044000000
294308000000.0,0,0x7DA,0,8,0x04618A9BE0000000
294410000000.0,0,0x7DA,0,8,0x04618AA044000000
294509000000.0,0,0x7DA,0,8,0x04618A9F4F000000
294607000000.0,0,0x7DA,0,8,0x04618A9B7E000000
294710000000.0,0,0x7DA,0,8,0x04618A9E8C000000
294808000000.0,0,0x7DA,0,8,0x04618A9BE0000000
294910000000.0,0,0x7DA,0,8,0x04618A9BAF000000
295008000000.0,0,0x7DA,0,8,0x04618A9BE0000000
295107000000.0,0,0x7DA,0,8,0x04618A9D67000000
295209000000.0,0,0x7DA,0,8,0x04618A9FB1000000
295307000000.0,0,0x7DA,0,8,0x04618A9E2A000000
295410000000.0,0,0x7DA,0,8,0x04618A9FB1000000
295508000000.0,0,0x7DA,0,8,0x04618A9D67000000
295606000000.0,0,0x7DA,0,8,0x04618A9D05000000
295709000000.0,0,0x7DA,0,8,0x04618A9D67000000
295807000000.0,0,0x7DA,0,8,0x04618A9EBD000000
295910000000.0,0,0x7DA,0,8,0x04618A9E8C000000
296008000000.0,0,0x7DA,0,8,0x04618A9E8C000000
296110000000.0,0,0x7DA,0,8,0x04618A9CD4000000
296209000000.0,0,0x7DA,0,8,0x04618A9CA3000000
296307000000.0,0,0x7DA,0,8,0x04618A9D36000000
296409000000.0,0,0x7DA,0,8,0x04618A9D67000000
296508000000.0,0,0x7DA,0,8,0x04618A9E8C000000
296610000000.0,0,0x7DA,0,8,0x04618A9CD4000000
296708000000.0,0,0x7DA,0,8,0x04618A9CA3000000
296807000000.0,0,0x7DA,0,8,0x04618A9CA3000000
296909000000.0,0,0x7DA,0,8,0x04618A9BAF000000
297007000000.0,0,0x7DA,0,8,0x04618A9B1C000000
297110000000.0,0,0x7DA,0,8,0x04618A9B1C000000
297208000000.0,0,0x7DA,0,8,0x04618A9902000000
297310000000.0,0,0x7DA,0,8,0x04618A9593000000
297409000000.0,0,0x7DA,0,8,0x04618A90CD000000
297507000000.0,0,0x7DA,0,8,0x04618A8E51000000
297609000000.0,0,0x7DA,0,8,0x04618A8B13000000
297708000000.0,0,0x7DA,0,8,0x04618A895B000000
297810000000.0,0,0x7DA,0,8,0x04618A8835000000
297909000000.0,0,0x7DA,0,8,0x04618A8805000000
298007000000.0,0,0x7DA,0,8,0x04618A8866000000
298109000000.0,0,0x7DA,0,8,0x04618A8805000000
298208000000.0,0,0x7DA,0,8,0x04618A8835000000
298310000000.0,0,0x7DA,0,8,0x04618A8710000000
298408000000.0,0,0x7DA,0,8,0x04618A861C000000
298507000000.0,0,0x7DA,0,8,0x04618A8464000000
298609000000.0,0,0x7DA,0,8,0x04618A8156000000
298707000000.0,0,0x7DA,0,8,0x04618A8000000000
298810000000.0,0,0x7DA,0,8,0x04618A7A15000000
298908000000.0,0,0x7DA,0,8,0x04618A77CA000000
299010000000.0,0,0x7DA,0,8,0x04618A7707000000
299109000000.0,0,0x7DA,0,8,0x04618A7737000000
299207000000.0,0,0x7DA,0,8,0x04618A7768000000
299309000000.0,0,0x7DA,0,8,0x04618A7737000000
299409000000.0,0,0x7DA,0,8,0x04618A7799000000
299510000000.0,0,0x7DA,0,8,0x04618A77CA000000
299609000000.0,0,0x7DA,0,8,0x04618A76D6000000
299711000000.0,0,0x7DA,0,8,0x04618A77CA000000
299809000000.0,0,0x7DA,0,8,0x04618A76D6000000
299911000000.0,0,0x7DA,0,8,0x04618A7799000000
300010000000.0,0,0x7DA,0,8,0x04618A77FB000000
300109000000.0,0,0x7DA,0,8,0x04618A7707000000
300210000000.0,0,0x7DA,0,8,0x04618A7737000000
300309000000.0,0,0x7DA,0,8,0x04618A7768000000
300407000000.0,0,0x7DA,0,8,0x04618A77FB000000
300510000000.0,0,0x7DA,0,8,0x04618A7707000000
300612000000.0,0,0x7DA,0,8,0x04618A77CA000000
300710000000.0,0,0x7DA,0,8,0x04618A7768000000
300813000000.0,0,0x7DA,0,8,0x04618A7737000000
300911000000.0,0,0x7DA,0,8,0x04618A7737000000
301009000000.0,0,0x7DA,0,8,0x04618A77FB000000
301112000000.0,0,0x7DA,0,8,0x04618A782C000000
301214000000.0,0,0x7DA,0,8,0x04618A7768000000
301312000000.0,0,0x7DA,0,8,0x04618A77CA000000
301411000000.0,0,0x7DA,0,8,0x04618A77FB000000
301513000000.0,0,0x7DA,0,8,0x04618A77FB000000
301611000000.0,0,0x7DA,0,8,0x04618A782C000000
301710000000.0,0,0x7DA,0,8,0x04618A77FB000000
301813000000.0,0,0x7DA,0,8,0x04618A782C000000
301910000000.0,0,0x7DA,0,8,0x04618A782C000000
302013000000.0,0,0x7DA,0,8,0x04618A76D6000000
302111000000.0,0,0x7DA,0,8,0x04618A748B000000
302214000000.0,0,0x7DA,0,8,0x04618A7366000000
302312000000.0,0,0x7DA,0,8,0x04618A7027000000
302410000000.0,0,0x7DA,0,8,0x04618A6F94000000
302512000000.0,0,0x7DA,0,8,0x04618A6D7B000000
302611000000.0,0,0x7DA,0,8,0x04618A6F64000000
302713000000.0,0,0x7DA,0,8,0x04618A6E0D000000
302812000000.0,0,0x7DA,0,8,0x04618A6DDD000000
302910000000.0,0,0x7DA,0,8,0x04618A6E0D000000
303012000000.0,0,0x7DA,0,8,0x04618A7027000000
303110000000.0,0,0x7DA,0,8,0x04618A711B000000
303213000000.0,0,0x7DA,0,8,0x04618A711B000000
303311000000.0,0,0x7DA,0,8,0x04618A6E6F000000
303414000000.0,0,0x7DA,0,8,0x04618A71AE000000
303512000000.0,0,0x7DA,0,8,0x04618A70EB000000
303610000000.0,0,0x7DA,0,8,0x04618A7058000000
303713000000.0,0,0x7DA,0,8,0x04618A7089000000
303811000000.0,0,0x7DA,0,8,0x04618A714C000000
303913000000.0,0,0x7DA,0,8,0x04618A714C000000
304012000000.0,0,0x7DA,0,8,0x04618A711B000000
304110000000.0,0,0x7DA,0,8,0x04618A71DF000000
304212000000.0,0,0x7DA,0,8,0x04618A71DF000000
304311000000.0,0,0x7DA,0,8,0x04618A7241000000
304413000000.0,0,0x7DA,0,8,0x04618A72A2000000
304511000000.0,0,0x7DA,0,8,0x04618A714C000000
304614000000.0,0,0x7DA,0,8,0x04618A714C000000
304712000000.0,0,0x7DA,0,8,0x04618A7272000000
304810000000.0,0,0x7DA,0,8,0x04618A71AE000000
304913000000.0,0,0x7DA,0,8,0x04618A71AE000000
305011000000.0,0,0x7DA,0,8,0x04618A7304000000
305113000000.0,0,0x7DA,0,8,0x04618A7366000000
305212000000.0,0,0x7DA,0,8,0x04618A7397000000
305310000000.0,0,0x7DA,0,8,0x04618A73F9000000
305413000000.0,0,0x7DA,0,8,0x04618A7429000000
305511000000.0,0,0x7DA,0,8,0x04618A745A000000
305615000000.0,0,0x7DA,0,8,0x04618A74BC000000
305712000000.0,0,0x7DA,0,8,0x04618A748B000000
305810000000.0,0,0x7DA,0,8,0x04618A748B000000
305912000000.0,0,0x7DA,0,8,0x04618A751E000000
306011000000.0,0,0x7DA,0,8,0x04618A75E1000000
306113000000.0,0,0x7DA,0,8,0x04618A75B0000000
306211000000.0,0,0x7DA,0,8,0x04618A75E1000000
306314000000.0,0,0x7DA,0,8,0x04618A7707000000
306412000000.0,0,0x7DA,0,8,0x04618A76A5000000
306510000000.0,0,0x7DA,0,8,0x04618A7737000000
306613000000.0,0,0x7DA,0,8,0x04618A7737000000
306711000000.0,0,0x7DA,0,8,0x04618A77FB000000
306813000000.0,0,0x7DA,0,8,0x04618A788E000000
306912000000.0,0,0x7DA,0,8,0x04618A77FB000000
307010000000.0,0,0x7DA,0,8,0x04618A788E000000
307112000000.0,0,0x7DA,0,8,0x04618A788E000000
307211000000.0,0,0x7DA,0,8,0x04618A7A45000000
307313000000.0,0,0x7DA,0,8,0x04618A7A15000000
307411000000.0,0,0x7DA,0,8,0x04618A7AD8000000
307514000000.0,0,0x7DA,0,8,0x04618A7AD8000000
307612000000.0,0,0x7DA,0,8,0x04618A7B6B000000
307711000000.0,0,0x7DA,0,8,0x04618A7B6B000000
307813000000.0,0,0x7DA,0,8,0x04618A7BCC000000
307911000000.0,0,0x7DA,0,8,0x04618A7C2E000000
308014000000.0,0,0x7DA,0,8,0x04618A7B9C000000
308112000000.0,0,0x7DA,0,8,0x04618A7D23000000
308210000000.0,0,0x7DA,0,8,0x04618A7D53000000
308313000000.0,0,0x7DA,0,8,0x04618A7D84000000
308415000000.0,0,0x7DA,0,8,0x04618A7E48000000
308517000000.0,0,0x7DA,0,8,0x04618A7F6D000000
308616000000.0,0,0x7DA,0,8,0x04618A8031000000
308714000000.0,0,0x7DA,0,8,0x04618A8031000000
308816000000.0,0,0x7DA,0,8,0x04618A8031000000
308915000000.0,0,0x7DA,0,8,0x04618A8092000000
309017000000.0,0,0x7DA,0,8,0x04618A8092000000
309115000000.0,0,0x7DA,0,8,0x04618A8156000000
309214000000.0,0,0x7DA,0,8,0x04618A81B8000000
309316000000.0,0,0x7DA,0,8,0x04618A81E9000000
309414000000.0,0,0x7DA,0,8,0x04618A827B000000
309517000000.0,0,0x7DA,0,8,0x04618A82AC000000
309615000000.0,0,0x7DA,0,8,0x04618A82AC000000
309714000000.0,0,0x7DA,0,8,0x04618A82AC000000
309817000000.0,0,0x7DA,0,8,0x04618A82DD000000
309914000000.0,0,0x7DA,0,8,0x04618A82AC000000
310016000000.0,0,0x7DA,0,8,0x04618A830E000000
310115000000.0,0,0x7DA,0,8,0x04618A833F000000
310213000000.0,0,0x7DA,0,8,0x04618A83A0000000
310316000000.0,0,0x7DA,0,8,0x04618A83A0000000
310414000000.0,0,0x7DA,0,8,0x04618A8402000000
310516000000.0,0,0x7DA,0,8,0x04618A8402000000
310615000000.0,0,0x7DA,0,8,0x04618A8433000000
310717000000.0,0,0x7DA,0,8,0x04618A8433000000
310815000000.0,0,0x7DA,0,8,0x04618A8495000000
310914000000.0,0,0x7DA,0,8,0x04618A8464000000
311016000000.0,0,0x7DA,0,8,0x04618A8495000000
311114000000.0,0,0x7DA,0,8,0x04618A8495000000
311217000000.0,0,0x7DA,0,8,0x04618A8495000000
311315000000.0,0,0x7DA,0,8,0x04618A84C6000000
311414000000.0,0,0x7DA,0,8,0x04618A84C6000000
311516000000.0,0,0x7DA,0,8,0x04618A84F7000000
311614000000.0,0,0x7DA,0,8,0x04618A84F7000000
311716000000.0,0,0x7DA,0,8,0x04618A8558000000
311815000000.0,0,0x7DA,0,8,0x04618A8589000000
311913000000.0,0,0x7DA,0,8,0x04618A85BA000000
312015000000.0,0,0x7DA,0,8,0x04618A8589000000
312114000000.0,0,0x7DA,0,8,0x04618A861C000000
312216000000.0,0,0x7DA,0,8,0x04618A8589000000
312314000000.0,0,0x7DA,0,8,0x04618A85EB000000
312417000000.0,0,0x7DA,0,8,0x04618A8589000000
312515000000.0,0,0x7DA,0,8,0x04618A85EB000000
312614000000.0,0,0x7DA,0,8,0x04618A85EB000000
312716000000.0,0,0x7DA,0,8,0x04618A861C000000
312814000000.0,0,0x7DA,0,8,0x04618A864D000000
312917000000.0,0,0x7DA,0,8,0x04618A861C000000
313015000000.0,0,0x7DA,0,8,0x04618A86AE000000
313113000000.0,0,0x7DA,0,8,0x04618A864D000000
313216000000.0,0,0x7DA,0,8,0x04618A864D000000
313314000000.0,0,0x7DA,0,8,0x04618A867E000000
313416000000.0,0,0x7DA,0,8,0x04618A86AE000000
313515000000.0,0,0x7DA,0,8,0x04618A86DF000000
313613000000.0,0,0x7DA,0,8,0x04618A86DF000000
313715000000.0,0,0x7DA,0,8,0x04618A8741000000
313814000000.0,0,0x7DA,0,8,0x04618A8741000000
313917000000.0,0,0x7DA,0,8,0x04618A87A3000000
314014000000.0,0,0x7DA,0,8,0x04618A8741000000
314117000000.0,0,0x7DA,0,8,0x04618A8710000000
314215000000.0,0,0x7DA,0,8,0x04618A8805000000
314313000000.0,0,0x7DA,0,8,0x04618A8772000000
314416000000.0,0,0x7DA,0,8,0x04618A87A3000000
314514000000.0,0,0x7DA,0,8,0x04618A87D4000000
314617000000.0,0,0x7DA,0,8,0x04618A8805000000
314715000000.0,0,0x7DA,0,8,0x04618A8866000000
314817000000.0,0,0x7DA,0,8,0x04618A8805000000
314915000000.0,0,0x7DA,0,8,0x04618A87A3000000
315018000000.0,0,0x7DA,0,8,0x04618A87D4000000
315116000000.0,0,0x7DA,0,8,0x04618A88F9000000
315214000000.0,0,0x7DA,0,8,0x04618A87D4000000
315317000000.0,0,0x7DA,0,8,0x04618A8805000000
315415000000.0,0,0x7DA,0,8,0x04618A8805000000
315518000000.0,0,0x7DA,0,8,0x04618A8866000000
315616000000.0,0,0x7DA,0,8,0x04618A88C8000000
315718000000.0,0,0x7DA,0,8,0x04618A8866000000
315817000000.0,0,0x7DA,0,8,0x04618A8835000000
315919000000.0,0,0x7DA,0,8,0x04618A8835000000
316017000000.0,0,0x7DA,0,8,0x04618A8866000000
316116000000.0,0,0x7DA,0,8,0x04618A8805000000
316218000000.0,0,0x7DA,0,8,0x04618A8897000000
316316000000.0,0,0x7DA,0,8,0x04618A8835000000
316419000000.0,0,0x7DA,0,8,0x04618A8835000000
316517000000.0,0,0x7DA,0,8,0x04618A8866000000
316615000000.0,0,0x7DA,0,8,0x04618A8835000000
316718000000.0,0,0x7DA,0,8,0x04618A8866000000
316816000000.0,0,0x7DA,0,8,0x04618A87A3000000
316918000000.0,0,0x7DA,0,8,0x04618A8866000000
317017000000.0,0,0x7DA,0,8,0x04618A8835000000
317115000000.0,0,0x7DA,0,8,0x04618A8835000000
317218000000.0,0,0x7DA,0,8,0x04618A8805000000
317316000000.0,0,0x7DA,0,8,0x04618A8772000000
317419000000.0,0,0x7DA,0,8,0x04618A8741000000
317516000000.0,0,0x7DA,0,8,0x04618A867E000000
317619000000.0,0,0x7DA,0,8,0x04618A86DF000000
317717000000.0,0,0x7DA,0,8,0x04618A86AE000000
317815000000.0,0,0x7DA,0,8,0x04618A861C000000
317918000000.0,0,0x7DA,0,8,0x04618A86AE000000
318016000000.0,0,0x7DA,0,8,0x04618A864D000000
318119000000.0,0,0x7DA,0,8,0x04618A861C000000
318217000000.0,0,0x7DA,0,8,0x04618A864D000000
318319000000.0,0,0x7DA,0,8,0x04618A85EB000000
318418000000.0,0,0x7DA,0,8,0x04618A8589000000
318516000000.0,0,0x7DA,0,8,0x04618A8589000000
318618000000.0,0,0x7DA,0,8,0x04618A8558000000
318717000000.0,0,0x7DA,0,8,0x04618A8589000000
318819000000.0,0,0x7DA,0,8,0x04618A8589000000
318917000000.0,0,0x7DA,0,8,0x04618A85BA000000
319016000000.0,0,0x7DA,0,8,0x04618A8558000000
319118000000.0,0,0x7DA,0,8,0x04618A8558000000
319216000000.0,0,0x7DA,0,8,0x04618A8558000000
319319000000.0,0,0x7DA,0,8,0x04618A84F7000000
319417000000.0,0,0x7DA,0,8,0x04618A8527000000
319515000000.0,0,0x7DA,0,8,0x04618A84F7000000
319618000000.0,0,0x7DA,0,8,0x04618A84F7000000
319716000000.0,0,0x7DA,0,8,0x04618A84F7000000
319818000000.0,0,0x7DA,0,8,0x04618A84C6000000
319921000000.0,0,0x7DA,0,8,0x04618A84C6000000
320019000000.0,0,0x7DA,0,8,0x04618A8495000000
320117000000.0,0,0x7DA,0,8,0x04618A84C6000000
320220000000.0,0,0x7DA,0,8,0x04618A8495000000
320318000000.0,0,0x7DA,0,8,0x04618A84F7000000
320421000000.0,0,0x7DA,0,8,0x04618A84F7000000
320519000000.0,0,0x7DA,0,8,0x04618A84F7000000
320621000000.0,0,0x7DA,0,8,0x04618A84F7000000
320720000000.0,0,0x7DA,0,8,0x04618A84C6000000
320822000000.0,0,0x7DA,0,8,0x04618A8527000000
320920000000.0,0,0x7DA,0,8,0x04618A8527000000
321019000000.0,0,0x7DA,0,8,0x04618A8527000000
321121000000.0,0,0x7DA,0,8,0x04618A8527000000
321219000000.0,0,0x7DA,0,8,0x04618A84F7000000
321322000000.0,0,0x7DA,0,8,0x04618A84C6000000
321420000000.0,0,0x7DA,0,8,0x04618A84C6000000
321518000000.0,0,0x7DA,0,8,0x04618A84F7000000
321621000000.0,0,0x7DA,0,8,0x04618A84C6000000
321720000000.0,0,0x7DA,0,8,0x04618A8495000000
321821000000.0,0,0x7DA,0,8,0x04618A8495000000
321920000000.0,0,0x7DA,0,8,0x04618A8495000000
322022000000.0,0,0x7DA,0,8,0x04618A8464000000
322120000000.0,0,0x7DA,0,8,0x04618A8464000000
322219000000.0,0,0x7DA,0,8,0x04618A8495000000
322321000000.0,0,0x7DA,0,8,0x04618A8464000000
322420000000.0,0,0x7DA,0,8,0x04618A8464000000
322522000000.0,0,0x7DA,0,8,0x04618A8433000000
322620000000.0,0,0x7DA,0,8,0x04618A8464000000
322718000000.0,0,0x7DA,0,8,0x04618A8495000000
322821000000.0,0,0x7DA,0,8,0x04618A8464000000
322919000000.0,0,0x7DA,0,8,0x04618A8433000000
323022000000.0,0,0x7DA,0,8,0x04618A8433000000
323120000000.0,0,0x7DA,0,8,0x04618A8433000000
323218000000.0,0,0x7DA,0,8,0x04618A8464000000
323321000000.0,0,0x7DA,0,8,0x04618A8433000000
323419000000.0,0,0x7DA,0,8,0x04618A8402000000
323521000000.0,0,0x7DA,0,8,0x04618A8433000000
323620000000.0,0,0x7DA,0,8,0x04618A8433000000
323722000000.0,0,0x7DA,0,8,0x04618A8402000000
323821000000.0,0,0x7DA,0,8,0x04618A8433000000
323919000000.0,0,0x7DA,0,8,0x04618A8402000000
324021000000.0,0,0x7DA,0,8,0x04618A8433000000
324119000000.0,0,0x7DA,0,8,0x04618A8402000000
324222000000.0,0,0x7DA,0,8,0x04618A8402000000
324320000000.0,0,0x7DA,0,8,0x04618A8402000000
324418000000.0,0,0x7DA,0,8,0x04618A8402000000
324522000000.0,0,0x7DA,0,8,0x04618A83D1000000
324619000000.0,0,0x7DA,0,8,0x04618A8370000000
324722000000.0,0,0x7DA,0,8,0x04618A833F000000
324820000000.0,0,0x7DA,0,8,0x04618A830E000000
324922000000.0,0,0x7DA,0,8,0x04618A82DD000000
325020000000.0,0,0x7DA,0,8,0x04618A82AC000000
325119000000.0,0,0x7DA,0,8,0x04618A8187000000
325221000000.0,0,0x7DA,0,8,0x04618A8062000000
325320000000.0,0,0x7DA,0,8,0x04618A8031000000
325422000000.0,0,0x7DA,0,8,0x04618A7E17000000
325520000000.0,0,0x7DA,0,8,0x04618A7E79000000
325618000000.0,0,0x7DA,0,8,0x04618A7D84000000
325721000000.0,0,0x7DA,0,8,0x04618A7D53000000
325819000000.0,0,0x7DA,0,8,0x04618A7D84000000
325922000000.0,0,0x7DA,0,8,0x04618A7D84000000
326020000000.0,0,0x7DA,0,8,0x04618A7D23000000
326122000000.0,0,0x7DA,0,8,0x04618A7D84000000
326221000000.0,0,0x7DA,0,8,0x04618A7D84000000
326319000000.0,0,0x7DA,0,8,0x04618A7D84000000
326421000000.0,0,0x7DA,0,8,0x04618A7D84000000
326520000000.0,0,0x7DA,0,8,0x04618A7D53000000
326622000000.0,0,0x7DA,0,8,0x04618A7D84000000
326721000000.0,0,0x7DA,0,8,0x04618A7D84000000
326819000000.0,0,0x7DA,0,8,0x04618A7D84000000
326921000000.0,0,0x7DA,0,8,0x04618A7D84000000
327019000000.0,0,0x7DA,0,8,0x04618A7D84000000
327122000000.0,0,0x7DA,0,8,0x04618A7CF2000000
327220000000.0,0,0x7DA,0,8,0x04618A7C2E000000
327318000000.0,0,0x7DA,0,8,0x04618A7B9C000000
327422000000.0,0,0x7DA,0,8,0x04618A7A45000000
327519000000.0,0,0x7DA,0,8,0x04618A79E4000000
327622000000.0,0,0x7DA,0,8,0x04618A79E4000000
327720000000.0,0,0x7DA,0,8,0x04618A7A45000000
327822000000.0,0,0x7DA,0,8,0x04618A79B3000000
327920000000.0,0,0x7DA,0,8,0x04618A7A15000000
328019000000.0,0,0x7DA,0,8,0x04618A79E4000000
328122000000.0,0,0x7DA,0,8,0x04618A7A15000000
328219000000.0,0,0x7DA,0,8,0x04618A7A45000000
328322000000.0,0,0x7DA,0,8,0x04618A7A76000000
328420000000.0,0,0x7DA,0,8,0x04618A7A45000000
328518000000.0,0,0x7DA,0,8,0x04618A7AA7000000
328621000000.0,0,0x7DA,0,8,0x04618A7A76000000
328720000000.0,0,0x7DA,0,8,0x04618A7AA7000000
328822000000.0,0,0x7DA,0,8,0x04618A7AA7000000
328920000000.0,0,0x7DA,0,8,0x04618A7AD8000000
329022000000.0,0,0x7DA,0,8,0x04618A7AD8000000
329121000000.0,0,0x7DA,0,8,0x04618A7AD8000000
329219000000.0,0,0x7DA,0,8,0x04618A7AD8000000
329321000000.0,0,0x7DA,0,8,0x04618A7AD8000000
329424000000.0,0,0x7DA,0,8,0x04618A7B09000000
329522000000.0,0,0x7DA,0,8,0x04618A7B09000000
329620000000.0,0,0x7DA,0,8,0x04618A7B3A000000
329723000000.0,0,0x7DA,0,8,0x04618A7B3A000000
329821000000.0,0,0x7DA,0,8,0x04618A7B3A000000
329923000000.0,0,0x7DA,0,8,0x04618A7B3A000000
330022000000.0,0,0x7DA,0,8,0x04618A7B3A000000
330124000000.0,0,0x7DA,0,8,0x04618A7B6B000000
330224000000.0,0,0x7DA,0,8,0x04618A7B9C000000
330321000000.0,0,0x7DA,0,8,0x04618A7B9C000000
330423000000.0,0,0x7DA,0,8,0x04618A7BCC000000
330521000000.0,0,0x7DA,0,8,0x04618A7B9C000000
330624000000.0,0,0x7DA,0,8,0x04618A7B9C000000
330722000000.0,0,0x7DA,0,8,0x04618A7BFD000000
330820000000.0,0,0x7DA,0,8,0x04618A7BFD000000
330924000000.0,0,0x7DA,0,8,0x04618A7BFD000000
331021000000.0,0,0x7DA,0,8,0x04618A7BFD000000
331124000000.0,0,0x7DA,0,8,0x04618A7C2E000000
331222000000.0,0,0x7DA,0,8,0x04618A7BFD000000
331324000000.0,0,0x7DA,0,8,0x04618A7BFD000000
331423000000.0,0,0x7DA,0,8,0x04618A7C2E000000
331521000000.0,0,0x7DA,0,8,0x04618A7C90000000
331624000000.0,0,0x7DA,0,8,0x04618A7C90000000
331722000000.0,0,0x7DA,0,8,0x04618A7C5F000000
331824000000.0,0,0x7DA,0,8,0x04618A7C90000000
331922000000.0,0,0x7DA,0,8,0x04618A7C90000000
332021000000.0,0,0x7DA,0,8,0x04618A7CC1000000
332123000000.0,0,0x7DA,0,8,0x04618A7CC1000000
332221000000.0,0,0x7DA,0,8,0x04618A7CC1000000
332324000000.0,0,0x7DA,0,8,0x04618A7CF2000000
332426000000.0,0,0x7DA,0,8,0x04618A7CF2000000
332524000000.0,0,0x7DA,0,8,0x04618A7CF2000000
332623000000.0,0,0x7DA,0,8,0x04618A7CF2000000
332725000000.0,0,0x7DA,0,8,0x04618A7D23000000
332828000000.0,0,0x7DA,0,8,0x04618A7D23000000
332926000000.0,0,0x7DA,0,8,0x04618A7D23000000
333028000000.0,0,0x7DA,0,8,0x04618A7CF2000000
333127000000.0,0,0x7DA,0,8,0x04618A7D53000000
333229000000.0,0,0x7DA,0,8,0x04618A7D53000000
333327000000.0,0,0x7DA,0,8,0x04618A7D53000000
333430000000.0,0,0x7DA,0,8,0x04618A7D53000000
333528000000.0,0,0x7DA,0,8,0x04618A7D84000000
333626000000.0,0,0x7DA,0,8,0x04618A7DB5000000
333729000000.0,0,0x7DA,0,8,0x04618A7D84000000
333827000000.0,0,0x7DA,0,8,0x04618A7DB5000000
333930000000.0,0,0x7DA,0,8,0x04618A7D84000000
334028000000.0,0,0x7DA,0,8,0x04618A7DB5000000
334126000000.0,0,0x7DA,0,8,0x04618A7DB5000000
334228000000.0,0,0x7DA,0,8,0x04618A7DB5000000
334327000000.0,0,0x7DA,0,8,0x04618A7DE6000000
334429000000.0,0,0x7DA,0,8,0x04618A7DE6000000
334527000000.0,0,0x7DA,0,8,0x04618A7D53000000
334626000000.0,0,0x7DA,0,8,0x04618A7C90000000
334728000000.0,0,0x7DA,0,8,0x04618A7BCC000000
334826000000.0,0,0x7DA,0,8,0x04618A7B3A000000
334929000000.0,0,0x7DA,0,8,0x04618A7AD8000000
335027000000.0,0,0x7DA,0,8,0x04618A7A45000000
335126000000.0,0,0x7DA,0,8,0x04618A7AA7000000
335229000000.0,0,0x7DA,0,8,0x04618A7AA7000000
335326000000.0,0,0x7DA,0,8,0x04618A79E4000000
335429000000.0,0,0x7DA,0,8,0x04618A78BE000000
335527000000.0,0,0x7DA,0,8,0x04618A79B3000000
335629000000.0,0,0x7DA,0,8,0x04618A7982000000
335728000000.0,0,0x7DA,0,8,0x04618A79B3000000
335830000000.0,0,0x7DA,0,8,0x04618A7AD8000000
335928000000.0,0,0x7DA,0,8,0x04618A7B9C000000
336027000000.0,0,0x7DA,0,8,0x04618A7B6B000000
336129000000.0,0,0x7DA,0,8,0x04618A7B3A000000
336227000000.0,0,0x7DA,0,8,0x04618A7C2E000000
336330000000.0,0,0x7DA,0,8,0x04618A7BCC000000
336428000000.0,0,0x7DA,0,8,0x04618A7D23000000
336530000000.0,0,0x7DA,0,8,0x04618A7D84000000
336629000000.0,0,0x7DA,0,8,0x04618A7DE6000000
336727000000.0,0,0x7DA,0,8,0x04618A7E79000000
336829000000.0,0,0x7DA,0,8,0x04618A7F0B000000
336932000000.0,0,0x7DA,0,8,0x04618A7F3C000000
337030000000.0,0,0x7DA,0,8,0x04618A7F9E000000
337128000000.0,0,0x7DA,0,8,0x04618A8031000000
337231000000.0,0,0x7DA,0,8,0x04618A8062000000
337329000000.0,0,0x7DA,0,8,0x04618A8062000000
337432000000.0,0,0x7DA,0,8,0x04618A80C3000000
337530000000.0,0,0x7DA,0,8,0x04618A8156000000
337632000000.0,0,0x7DA,0,8,0x04618A81B8000000
337731000000.0,0,0x7DA,0,8,0x04618A8219000000
337829000000.0,0,0x7DA,0,8,0x04618A827B000000
337931000000.0,0,0x7DA,0,8,0x04618A82DD000000
338030000000.0,0,0x7DA,0,8,0x04618A830E000000
338132000000.0,0,0x7DA,0,8,0x04618A830E000000
338230000000.0,0,0x7DA,0,8,0x04618A830E000000
338333000000.0,0,0x7DA,0,8,0x04618A8370000000
338431000000.0,0,0x7DA,0,8,0x04618A83A0000000
338529000000.0,0,0x7DA,0,8,0x04618A83D1000000
338632000000.0,0,0x7DA,0,8,0x04618A8402000000
338730000000.0,0,0x7DA,0,8,0x04618A8464000000
338833000000.0,0,0x7DA,0,8,0x04618A8495000000
338931000000.0,0,0x7DA,0,8,0x04618A8495000000
339029000000.0,0,0x7DA,0,8,0x04618A84C6000000
339131000000.0,0,0x7DA,0,8,0x04618A84F7000000
339231000000.0,0,0x7DA,0,8,0x04618A84F7000000
339332000000.0,0,0x7DA,0,8,0x04618A84C6000000
339430000000.0,0,0x7DA,0,8,0x04618A84F7000000
339529000000.0,0,0x7DA,0,8,0x04618A8527000000
339631000000.0,0,0x7DA,0,8,0x04618A84F7000000
339729000000.0,0,0x7DA,0,8,0x04618A84C6000000
339832000000.0,0,0x7DA,0,8,0x04618A84F7000000
339930000000.0,0,0x7DA,0,8,0x04618A84F7000000
340033000000.0,0,0x7DA,0,8,0x04618A8558000000
340131000000.0,0,0x7DA,0,8,0x04618A8527000000
340229000000.0,0,0x7DA,0,8,0x04618A8527000000
340332000000.0,0,0x7DA,0,8,0x04618A85BA000000
340430000000.0,0,0x7DA,0,8,0x04618A8527000000
340533000000.0,0,0x7DA,0,8,0x04618A8558000000
340631000000.0,0,0x7DA,0,8,0x04618A8589000000
340729000000.0,0,0x7DA,0,8,0x04618A8558000000
340832000000.0,0,0x7DA,0,8,0x04618A85BA000000
340930000000.0,0,0x7DA,0,8,0x04618A85BA000000
341032000000.0,0,0x7DA,0,8,0x04618A85EB000000
341130000000.0,0,0x7DA,0,8,0x04618A85EB000000
341233000000.0,0,0x7DA,0,8,0x04618A861C000000
341331000000.0,0,0x7DA,0,8,0x04618A861C000000
341429000000.0,0,0x7DA,0,8,0x04618A864D000000
341532000000.0,0,0x7DA,0,8,0x04618A86AE000000
341630000000.0,0,0x7DA,0,8,0x04618A864D000000
341732000000.0,0,0x7DA,0,8,0x04618A864D000000
341831000000.0,0,0x7DA,0,8,0x04618A867E000000
341929000000.0,0,0x7DA,0,8,0x04618A867E000000
342031000000.0,0,0x7DA,0,8,0x04618A867E000000
342130000000.0,0,0x7DA,0,8,0x04618A864D000000
342232000000.0,0,0x7DA,0,8,0x04618A8710000000
342330000000.0,0,0x7DA,0,8,0x04618A8710000000
342429000000.0,0,0x7DA,0,8,0x04618A86DF000000
342531000000.0,0,0x7DA,0,8,0x04618A86AE000000
342629000000.0,0,0x7DA,0,8,0x04618A8710000000
342732000000.0,0,0x7DA,0,8,0x04618A86AE000000
342830000000.0,0,0x7DA,0,8,0x04618A86DF000000
342933000000.0,0,0x7DA,0,8,0x04618A8772000000
343031000000.0,0,0x7DA,0,8,0x04618A8710000000
343129000000.0,0,0x7DA,0,8,0x04618A8710000000
343232000000.0,0,0x7DA,0,8,0x04618A8741000000
343330000000.0,0,0x7DA,0,8,0x04618A87D4000000
343432000000.0,0,0x7DA,0,8,0x04618A8741000000
343531000000.0,0,0x7DA,0,8,0x04618A8741000000
343629000000.0,0,0x7DA,0,8,0x04618A8710000000
343731000000.0,0,0x7DA,0,8,0x04618A87A3000000
343830000000.0,0,0x7DA,0,8,0x04618A8772000000
343932000000.0,0,0x7DA,0,8,0x04618A8741000000
344030000000.0,0,0x7DA,0,8,0x04618A87A3000000
344129000000.0,0,0x7DA,0,8,0x04618A8805000000
344231000000.0,0,0x7DA,0,8,0x04618A8741000000
344329000000.0,0,0x7DA,0,8,0x04618A8805000000
344432000000.0,0,0x7DA,0,8,0x04618A87A3000000
344530000000.0,0,0x7DA,0,8,0x04618A8866000000
344632000000.0,0,0x7DA,0,8,0x04618A87A3000000
344731000000.0,0,0x7DA,0,8,0x04618A87D4000000
344829000000.0,0,0x7DA,0,8,0x04618A87D4000000
344931000000.0,0,0x7DA,0,8,0x04618A8805000000
345030000000.0,0,0x7DA,0,8,0x04618A8866000000
345132000000.0,0,0x7DA,0,8,0x04618A87D4000000
345230000000.0,0,0x7DA,0,8,0x04618A8835000000
345329000000.0,0,0x7DA,0,8,0x04618A87D4000000
345431000000.0,0,0x7DA,0,8,0x04618A8835000000
345529000000.0,0,0x7DA,0,8,0x04618A87D4000000
345632000000.0,0,0x7DA,0,8,0x04618A8772000000
345730000000.0,0,0x7DA,0,8,0x04618A87A3000000
345833000000.0,0,0x7DA,0,8,0x04618A8805000000
345931000000.0,0,0x7DA,0,8,0x04618A8772000000
346029000000.0,0,0x7DA,0,8,0x04618A8741000000
346132000000.0,0,0x7DA,0,8,0x04618A8710000000
346230000000.0,0,0x7DA,0,8,0x04618A8741000000
346332000000.0,0,0x7DA,0,8,0x04618A87D4000000
346431000000.0,0,0x7DA,0,8,0x04618A87A3000000
346529000000.0,0,0x7DA,0,8,0x04618A8772000000
346631000000.0,0,0x7DA,0,8,0x04618A86DF000000
346730000000.0,0,0x7DA,0,8,0x04618A86DF000000
346832000000.0,0,0x7DA,0,8,0x04618A8741000000
346930000000.0,0,0x7DA,0,8,0x04618A86DF000000
347033000000.0,0,0x7DA,0,8,0x04618A8710000000
347131000000.0,0,0x7DA,0,8,0x04618A86AE000000
347229000000.0,0,0x7DA,0,8,0x04618A867E000000
347332000000.0,0,0x7DA,0,8,0x04618A8710000000
347430000000.0,0,0x7DA,0,8,0x04618A86DF000000
347532000000.0,0,0x7DA,0,8,0x04618A8710000000
347631000000.0,0,0x7DA,0,8,0x04618A867E000000
347729000000.0,0,0x7DA,0,8,0x04618A86DF000000
347831000000.0,0,0x7DA,0,8,0x04618A861C000000
347930000000.0,0,0x7DA,0,8,0x04618A86DF000000
348032000000.0,0,0x7DA,0,8,0x04618A86DF000000
348130000000.0,0,0x7DA,0,8,0x04618A867E000000
348229000000.0,0,0x7DA,0,8,0x04618A8710000000
348331000000.0,0,0x7DA,0,8,0x04618A8710000000
348429000000.0,0,0x7DA,0,8,0x04618A86DF000000
348532000000.0,0,0x7DA,0,8,0x04618A86AE000000
348630000000.0,0,0x7DA,0,8,0x04618A8710000000
348733000000.0,0,0x7DA,0,8,0x04618A8741000000
348831000000.0,0,0x7DA,0,8,0x04618A8710000000
348929000000.0,0,0x7DA,0,8,0x04618A86AE000000
349032000000.0,0,0x7DA,0,8,0x04618A8710000000
349130000000.0,0,0x7DA,0,8,0x04618A867E000000
349232000000.0,0,0x7DA,0,8,0x04618A85EB000000
349331000000.0,0,0x7DA,0,8,0x04618A85BA000000
349429000000.0,0,0x7DA,0,8,0x04618A8558000000
349531000000.0,0,0x7DA,0,8,0x04618A8527000000
349630000000.0,0,0x7DA,0,8,0x04618A85BA000000
349732000000.0,0,0x7DA,0,8,0x04618A85BA000000
349830000000.0,0,0x7DA,0,8,0x04618A8558000000
349933000000.0,0,0x7DA,0,8,0x04618A8558000000
350031000000.0,0,0x7DA,0,8,0x04618A8589000000
350129000000.0,0,0x7DA,0,8,0x04618A85EB000000
350232000000.0,0,0x7DA,0,8,0x04618A85EB000000
350330000000.0,0,0x7DA,0,8,0x04618A85BA000000
350434000000.0,0,0x7DA,0,8,0x04618A8589000000
350531000000.0,0,0x7DA,0,8,0x04618A85BA000000
350629000000.0,0,0x7DA,0,8,0x04618A8527000000
350731000000.0,0,0x7DA,0,8,0x04618A8589000000
350830000000.0,0,0x7DA,0,8,0x04618A8558000000
350932000000.0,0,0x7DA,0,8,0x04618A8527000000
351031000000.0,0,0x7DA,0,8,0x04618A84C6000000
351133000000.0,0,0x7DA,0,8,0x04618A84F7000000
351231000000.0,0,0x7DA,0,8,0x04618A8495000000
351330000000.0,0,0x7DA,0,8,0x04618A84C6000000
351432000000.0,0,0x7DA,0,8,0x04618A8495000000
351530000000.0,0,0x7DA,0,8,0x04618A8464000000
351633000000.0,0,0x7DA,0,8,0x04618A8495000000
351731000000.0,0,0x7DA,0,8,0x04618A8433000000
351829000000.0,0,0x7DA,0,8,0x04618A83D1000000
351932000000.0,0,0x7DA,0,8,0x04618A83A0000000
352030000000.0,0,0x7DA,0,8,0x04618A833F000000
352132000000.0,0,0x7DA,0,8,0x04618A8370000000
352231000000.0,0,0x7DA,0,8,0x04618A8370000000
352329000000.0,0,0x7DA,0,8,0x04618A833F000000
352431000000.0,0,0x7DA,0,8,0x04618A8370000000
352530000000.0,0,0x7DA,0,8,0x04618A833F000000
352632000000.0,0,0x7DA,0,8,0x04618A8370000000
352730000000.0,0,0x7DA,0,8,0x04618A8370000000
352833000000.0,0,0x7DA,0,8,0x04618A833F000000
352931000000.0,0,0x7DA,0,8,0x04618A833F000000
353029000000.0,0,0x7DA,0,8,0x04618A833F000000
353132000000.0,0,0x7DA,0,8,0x04618A830E000000
353230000000.0,0,0x7DA,0,8,0x04618A82DD000000
353333000000.0,0,0x7DA,0,8,0x04618A82DD000000
353431000000.0,0,0x7DA,0,8,0x04618A82AC000000
353533000000.0,0,0x7DA,0,8,0x04618A82AC000000
353632000000.0,0,0x7DA,0,8,0x04618A82AC000000
353730000000.0,0,0x7DA,0,8,0x04618A82AC000000
353832000000.0,0,0x7DA,0,8,0x04618A82DD000000
353931000000.0,0,0x7DA,0,8,0x04618A82DD000000
354033000000.0,0,0x7DA,0,8,0x04618A82DD000000
354131000000.0,0,0x7DA,0,8,0x04618A82DD000000
354234000000.0,0,0x7DA,0,8,0x04618A82DD000000
354332000000.0,0,0x7DA,0,8,0x04618A82AC000000
354431000000.0,0,0x7DA,0,8,0x04618A82AC000000
354533000000.0,0,0x7DA,0,8,0x04618A82AC000000
354631000000.0,0,0x7DA,0,8,0x04618A827B000000
354733000000.0,0,0x7DA,0,8,0x04618A827B000000
354832000000.0,0,0x7DA,0,8,0x04618A81E9000000
354930000000.0,0,0x7DA,0,8,0x04618A81B8000000
355032000000.0,0,0x7DA,0,8,0x04618A81B8000000
355131000000.0,0,0x7DA,0,8,0x04618A81B8000000
355233000000.0,0,0x7DA,0,8,0x04618A8187000000
355331000000.0,0,0x7DA,0,8,0x04618A8187000000
355434000000.0,0,0x7DA,0,8,0x04618A8156000000
355532000000.0,0,0x7DA,0,8,0x04618A80F4000000
355630000000.0,0,0x7DA,0,8,0x04618A80F4000000
355733000000.0,0,0x7DA,0,8,0x04618A8092000000
355832000000.0,0,0x7DA,0,8,0x04618A8092000000
355934000000.0,0,0x7DA,0,8,0x04618A8092000000
356032000000.0,0,0x7DA,0,8,0x04618A80C3000000
356130000000.0,0,0x7DA,0,8,0x04618A80C3000000
356233000000.0,0,0x7DA,0,8,0x04618A80C3000000
356331000000.0,0,0x7DA,0,8,0x04618A80C3000000
356433000000.0,0,0x7DA,0,8,0x04618A80C3000000
356532000000.0,0,0x7DA,0,8,0x04618A80C3000000
356630000000.0,0,0x7DA,0,8,0x04618A80C3000000
356732000000.0,0,0x7DA,0,8,0x04618A80F4000000
356831000000.0,0,0x7DA,0,8,0x04618A80C3000000
356933000000.0,0,0x7DA,0,8,0x04618A80F4000000
357031000000.0,0,0x7DA,0,8,0x04618A80F4000000
357134000000.0,0,0x7DA,0,8,0x04618A80C3000000
357233000000.0,0,0x7DA,0,8,0x04618A80F4000000
357330000000.0,0,0x7DA,0,8,0x04618A80F4000000
357433000000.0,0,0x7DA,0,8,0x04618A8125000000
357531000000.0,0,0x7DA,0,8,0x04618A80F4000000
357633000000.0,0,0x7DA,0,8,0x04618A80F4000000
357736000000.0,0,0x7DA,0,8,0x04618A80F4000000
357834000000.0,0,0x7DA,0,8,0x04618A80F4000000
357933000000.0,0,0x7DA,0,8,0x04618A8125000000
358035000000.0,0,0x7DA,0,8,0x04618A80C3000000
358133000000.0,0,0x7DA,0,8,0x04618A80C3000000
358235000000.0,0,0x7DA,0,8,0x04618A80F4000000
358334000000.0,0,0x7DA,0,8,0x04618A8125000000
358432000000.0,0,0x7DA,0,8,0x04618A8156000000
358535000000.0,0,0x7DA,0,8,0x04618A8156000000
358633000000.0,0,0x7DA,0,8,0x04618A81B8000000
358735000000.0,0,0x7DA,0,8,0x04618A8219000000
358834000000.0,0,0x7DA,0,8,0x04618A8219000000
358936000000.0,0,0x7DA,0,8,0x04618A8219000000
359034000000.0,0,0x7DA,0,8,0x04618A824A000000
359133000000.0,0,0x7DA,0,8,0x04618A824A000000
359235000000.0,0,0x7DA,0,8,0x04618A827B000000
359334000000.0,0,0x7DA,0,8,0x04618A824A000000
359436000000.0,0,0x7DA,0,8,0x04618A824A000000
359534000000.0,0,0x7DA,0,8,0x04618A827B000000
359632000000.0,0,0x7DA,0,8,0x04618A824A000000
359735000000.0,0,0x7DA,0,8,0x04618A827B000000
359833000000.0,0,0x7DA,0,8,0x04618A827B000000
359935000000.0,0,0x7DA,0,8,0x04618A827B000000
360034000000.0,0,0x7DA,0,8,0x04618A827B000000
360132000000.0,0,0x7DA,0,8,0x04618A827B000000
360234000000.0,0,0x7DA,0,8,0x04618A827B000000
360333000000.0,0,0x7DA,0,8,0x04618A827B000000
360435000000.0,0,0x7DA,0,8,0x04618A82AC000000
360533000000.0,0,0x7DA,0,8,0x04618A82AC000000
360636000000.0,0,0x7DA,0,8,0x04618A82AC000000
360735000000.0,0,0x7DA,0,8,0x04618A82DD000000
360832000000.0,0,0x7DA,0,8,0x04618A82AC000000
360935000000.0,0,0x7DA,0,8,0x04618A82DD000000
361033000000.0,0,0x7DA,0,8,0x04618A830E000000
361136000000.0,0,0x7DA,0,8,0x04618A83D1000000
361234000000.0,0,0x7DA,0,8,0x04618A8402000000
361332000000.0,0,0x7DA,0,8,0x04618A8433000000
361435000000.0,0,0x7DA,0,8,0x04618A84C6000000
361533000000.0,0,0x7DA,0,8,0x04618A84C6000000
361635000000.0,0,0x7DA,0,8,0x04618A84F7000000
361734000000.0,0,0x7DA,0,8,0x04618A85BA000000
361836000000.0,0,0x7DA,0,8,0x04618A864D000000
361934000000.0,0,0x7DA,0,8,0x04618A8772000000
362033000000.0,0,0x7DA,0,8,0x04618A867E000000
362136000000.0,0,0x7DA,0,8,0x04618A8772000000
362233000000.0,0,0x7DA,0,8,0x04618A86AE000000
362336000000.0,0,0x7DA,0,8,0x04618A8710000000
362434000000.0,0,0x7DA,0,8,0x04618A8772000000
362532000000.0,0,0x7DA,0,8,0x04618A8741000000
362635000000.0,0,0x7DA,0,8,0x04618A87D4000000
362733000000.0,0,0x7DA,0,8,0x04618A8805000000
362836000000.0,0,0x7DA,0,8,0x04618A8866000000
362934000000.0,0,0x7DA,0,8,0x04618A86DF000000
363036000000.0,0,0x7DA,0,8,0x04618A87A3000000
363134000000.0,0,0x7DA,0,8,0x04618A8835000000
363233000000.0,0,0x7DA,0,8,0x04618A8835000000
363335000000.0,0,0x7DA,0,8,0x04618A8805000000
363433000000.0,0,0x7DA,0,8,0x04618A87D4000000
363537000000.0,0,0x7DA,0,8,0x04618A87A3000000
363634000000.0,0,0x7DA,0,8,0x04618A8835000000
363737000000.0,0,0x7DA,0,8,0x04618A87D4000000
363835000000.0,0,0x7DA,0,8,0x04618A8772000000
363933000000.0,0,0x7DA,0,8,0x04618A8741000000
364036000000.0,0,0x7DA,0,8,0x04618A8772000000
364134000000.0,0,0x7DA,0,8,0x04618A8805000000
364232000000.0,0,0x7DA,0,8,0x04618A8866000000
364335000000.0,0,0x7DA,0,8,0x04618A87A3000000
364433000000.0,0,0x7DA,0,8,0x04618A8805000000
364535000000.0,0,0x7DA,0,8,0x04618A8741000000
364634000000.0,0,0x7DA,0,8,0x04618A87A3000000
364736000000.0,0,0x7DA,0,8,0x04618A8772000000
364834000000.0,0,0x7DA,0,8,0x04618A8772000000
364933000000.0,0,0x7DA,0,8,0x04618A86DF000000
365035000000.0,0,0x7DA,0,8,0x04618A86AE000000
365133000000.0,0,0x7DA,0,8,0x04618A8741000000
365236000000.0,0,0x7DA,0,8,0x04618A8710000000
365334000000.0,0,0x7DA,0,8,0x04618A867E000000
365433000000.0,0,0x7DA,0,8,0x04618A8710000000
365535000000.0,0,0x7DA,0,8,0x04618A86AE000000
365633000000.0,0,0x7DA,0,8,0x04618A8741000000
365735000000.0,0,0x7DA,0,8,0x04618A8710000000
365834000000.0,0,0x7DA,0,8,0x04618A8741000000
365932000000.0,0,0x7DA,0,8,0x04618A8741000000
366034000000.0,0,0x7DA,0,8,0x04618A86AE000000
366134000000.0,0,0x7DA,0,8,0x04618A86AE000000
366235000000.0,0,0x7DA,0,8,0x04618A86DF000000
366333000000.0,0,0x7DA,0,8,0x04618A86AE000000
366436000000.0,0,0x7DA,0,8,0x04618A86DF000000
366534000000.0,0,0x7DA,0,8,0x04618A867E000000
366632000000.0,0,0x7DA,0,8,0x04618A864D000000
366735000000.0,0,0x7DA,0,8,0x04618A85BA000000
366833000000.0,0,0x7DA,0,8,0x04618A8589000000
366936000000.0,0,0x7DA,0,8,0x04618A84F7000000
367034000000.0,0,0x7DA,0,8,0x04618A8558000000
367132000000.0,0,0x7DA,0,8,0x04618A8527000000
367235000000.0,0,0x7DA,0,8,0x04618A8527000000
367333000000.0,0,0x7DA,0,8,0x04618A84F7000000
367435000000.0,0,0x7DA,0,8,0x04618A8558000000
367534000000.0,0,0x7DA,0,8,0x04618A84F7000000
367636000000.0,0,0x7DA,0,8,0x04618A8464000000
367734000000.0,0,0x7DA,0,8,0x04618A84F7000000
367833000000.0,0,0x7DA,0,8,0x04618A8464000000
367935000000.0,0,0x7DA,0,8,0x04618A8495000000
368037000000.0,0,0x7DA,0,8,0x04618A8464000000
368136000000.0,0,0x7DA,0,8,0x04618A8464000000
368234000000.0,0,0x7DA,0,8,0x04618A8495000000
368333000000.0,0,0x7DA,0,8,0x04618A84C6000000
368435000000.0,0,0x7DA,0,8,0x04618A8495000000
368533000000.0,0,0x7DA,0,8,0x04618A84C6000000
368635000000.0,0,0x7DA,0,8,0x04618A84C6000000
368738000000.0,0,0x7DA,0,8,0x04618A84C6000000
368836000000.0,0,0x7DA,0,8,0x04618A84F7000000
368935000000.0,0,0x7DA,0,8,0x04618A8527000000
369033000000.0,0,0x7DA,0,8,0x04618A85BA000000
369135000000.0,0,0x7DA,0,8,0x04618A8558000000
369233000000.0,0,0x7DA,0,8,0x04618A8527000000
369336000000.0,0,0x7DA,0,8,0x04618A8527000000
369438000000.0,0,0x7DA,0,8,0x04618A8558000000
369537000000.0,0,0x7DA,0,8,0x04618A84C6000000
369635000000.0,0,0x7DA,0,8,0x04618A8527000000
369733000000.0,0,0x7DA,0,8,0x04618A8464000000
369836000000.0,0,0x7DA,0,8,0x04618A8402000000
369934000000.0,0,0x7DA,0,8,0x04618A8464000000
370036000000.0,0,0x7DA,0,8,0x04618A8433000000
370135000000.0,0,0x7DA,0,8,0x04618A83D1000000
370237000000.0,0,0x7DA,0,8,0x04618A83D1000000
370335000000.0,0,0x7DA,0,8,0x04618A83D1000000
370434000000.0,0,0x7DA,0,8,0x04618A83A0000000
370536000000.0,0,0x7DA,0,8,0x04618A8402000000
370634000000.0,0,0x7DA,0,8,0x04618A83D1000000
370737000000.0,0,0x7DA,0,8,0x04618A8402000000
370835000000.0,0,0x7DA,0,8,0x04618A83A0000000
370933000000.0,0,0x7DA,0,8,0x04618A83D1000000
371036000000.0,0,0x7DA,0,8,0x04618A83A0000000
371135000000.0,0,0x7DA,0,8,0x04618A83D1000000
371236000000.0,0,0x7DA,0,8,0x04618A83A0000000
371335000000.0,0,0x7DA,0,8,0x04618A83D1000000
371437000000.0,0,0x7DA,0,8,0x04618A83A0000000
371535000000.0,0,0x7DA,0,8,0x04618A833F000000
371634000000.0,0,0x7DA,0,8,0x04618A830E000000
371736000000.0,0,0x7DA,0,8,0x04618A833F000000
371836000000.0,0,0x7DA,0,8,0x04618A82DD000000
371937000000.0,0,0x7DA,0,8,0x04618A82DD000000
372035000000.0,0,0x7DA,0,8,0x04618A82AC000000
372133000000.0,0,0x7DA,0,8,0x04618A82AC000000
372236000000.0,0,0x7DA,0,8,0x04618A827B000000
372334000000.0,0,0x7DA,0,8,0x04618A824A000000
372437000000.0,0,0x7DA,0,8,0x04618A81E9000000
372535000000.0,0,0x7DA,0,8,0x04618A81B8000000
372633000000.0,0,0x7DA,0,8,0x04618A8125000000
372736000000.0,0,0x7DA,0,8,0x04618A8062000000
372834000000.0,0,0x7DA,0,8,0x04618A7F9E000000
372936000000.0,0,0x7DA,0,8,0x04618A7E79000000
373035000000.0,0,0x7DA,0,8,0x04618A7D53000000
373137000000.0,0,0x7DA,0,8,0x04618A7D53000000
373235000000.0,0,0x7DA,0,8,0x04618A7C5F000000
373334000000.0,0,0x7DA,0,8,0x04618A7D23000000
373436000000.0,0,0x7DA,0,8,0x04618A7D23000000
373539000000.0,0,0x7DA,0,8,0x04618A7D53000000
373637000000.0,0,0x7DA,0,8,0x04618A7D53000000
373735000000.0,0,0x7DA,0,8,0x04618A7D84000000
373837000000.0,0,0x7DA,0,8,0x04618A7DB5000000
373936000000.0,0,0x7DA,0,8,0x04618A7DB5000000
374038000000.0,0,0x7DA,0,8,0x04618A7DE6000000
374136000000.0,0,0x7DA,0,8,0x04618A7DE6000000
374235000000.0,0,0x7DA,0,8,0x04618A7E17000000
374337000000.0,0,0x7DA,0,8,0x04618A7DE6000000
374435000000.0,0,0x7DA,0,8,0x04618A7DE6000000
374538000000.0,0,0x7DA,0,8,0x04618A7E48000000
374636000000.0,0,0x7DA,0,8,0x04618A7E79000000
374739000000.0,0,0x7DA,0,8,0x04618A7E79000000
374837000000.0,0,0x7DA,0,8,0x04618A7E48000000
374940000000.0,0,0x7DA,0,8,0x04618A7E79000000
375038000000.0,0,0x7DA,0,8,0x04618A7E79000000
375140000000.0,0,0x7DA,0,8,0x04618A7EAA000000
375238000000.0,0,0x7DA,0,8,0x04618A7EAA000000
375337000000.0,0,0x7DA,0,8,0x04618A7EDB000000
375439000000.0,0,0x7DA,0,8,0x04618A7EAA000000
375537000000.0,0,0x7DA,0,8,0x04618A7EDB000000
375636000000.0,0,0x7DA,0,8,0x04618A7F0B000000
375738000000.0,0,0x7DA,0,8,0x04618A7F3C000000
375836000000.0,0,0x7DA,0,8,0x04618A7F3C000000
375939000000.0,0,0x7DA,0,8,0x04618A7F3C000000
376037000000.0,0,0x7DA,0,8,0x04618A7F6D000000
376136000000.0,0,0x7DA,0,8,0x04618A7F3C000000
376238000000.0,0,0x7DA,0,8,0x04618A7F3C000000
376336000000.0,0,0x7DA,0,8,0x04618A7F6D000000
376439000000.0,0,0x7DA,0,8,0x04618A7F3C000000
376537000000.0,0,0x7DA,0,8,0x04618A7F3C000000
376639000000.0,0,0x7DA,0,8,0x04618A7F3C000000
376737000000.0,0,0x7DA,0,8,0x04618A7F3C000000
376836000000.0,0,0x7DA,0,8,0x04618A7F3C000000
376938000000.0,0,0x7DA,0,8,0x04618A7F6D000000
377037000000.0,0,0x7DA,0,8,0x04618A7F6D000000
377139000000.0,0,0x7DA,0,8,0x04618A7F3C000000
377237000000.0,0,0x7DA,0,8,0x04618A7F3C000000
377340000000.0,0,0x7DA,0,8,0x04618A7F3C000000
377438000000.0,0,0x7DA,0,8,0x04618A7F3C000000
377537000000.0,0,0x7DA,0,8,0x04618A7F6D000000
377639000000.0,0,0x7DA,0,8,0x04618A7F3C000000
377737000000.0,0,0x7DA,0,8,0x04618A7F6D000000
377839000000.0,0,0x7DA,0,8,0x04618A7F9E000000
377938000000.0,0,0x7DA,0,8,0x04618A7F6D000000
378036000000.0,0,0x7DA,0,8,0x04618A7F9E000000
378139000000.0,0,0x7DA,0,8,0x04618A7F9E000000
378237000000.0,0,0x7DA,0,8,0x04618A7F6D000000
378339000000.0,0,0x7DA,0,8,0x04618A7F9E000000
378437000000.0,0,0x7DA,0,8,0x04618A7F6D000000
378536000000.0,0,0x7DA,0,8,0x04618A7F9E000000
378638000000.0,0,0x7DA,0,8,0x04618A7F9E000000
378736000000.0,0,0x7DA,0,8,0x04618A7F9E000000
378839000000.0,0,0x7DA,0,8,0x04618A7FCF000000
378938000000.0,0,0x7DA,0,8,0x04618A8000000000
379035000000.0,0,0x7DA,0,8,0x04618A8062000000
379138000000.0,0,0x7DA,0,8,0x04618A80C3000000
379236000000.0,0,0x7DA,0,8,0x04618A80F4000000
379338000000.0,0,0x7DA,0,8,0x04618A830E000000
379437000000.0,0,0x7DA,0,8,0x04618A8219000000
379539000000.0,0,0x7DA,0,8,0x04618A8219000000
379638000000.0,0,0x7DA,0,8,0x04618A827B000000
379736000000.0,0,0x7DA,0,8,0x04618A827B000000
379838000000.0,0,0x7DA,0,8,0x04618A82AC000000
379937000000.0,0,0x7DA,0,8,0x04618A824A000000
380039000000.0,0,0x7DA,0,8,0x04618A827B000000
380137000000.0,0,0x7DA,0,8,0x04618A827B000000
380236000000.0,0,0x7DA,0,8,0x04618A827B000000
380339000000.0,0,0x7DA,0,8,0x04618A827B000000
380436000000.0,0,0x7DA,0,8,0x04618A824A000000
380539000000.0,0,0x7DA,0,8,0x04618A824A000000
380637000000.0,0,0x7DA,0,8,0x04618A827B000000
380739000000.0,0,0x7DA,0,8,0x04618A8219000000
380838000000.0,0,0x7DA,0,8,0x04618A824A000000
380936000000.0,0,0x7DA,0,8,0x04618A81E9000000
381038000000.0,0,0x7DA,0,8,0x04618A81E9000000
381137000000.0,0,0x7DA,0,8,0x04618A8187000000
381239000000.0,0,0x7DA,0,8,0x04618A8187000000
381337000000.0,0,0x7DA,0,8,0x04618A8187000000
381436000000.0,0,0x7DA,0,8,0x04618A8125000000
381538000000.0,0,0x7DA,0,8,0x04618A80F4000000
381636000000.0,0,0x7DA,0,8,0x04618A80F4000000
381739000000.0,0,0x7DA,0,8,0x04618A80F4000000
381837000000.0,0,0x7DA,0,8,0x04618A80F4000000
381940000000.0,0,0x7DA,0,8,0x04618A80C3000000
382038000000.0,0,0x7DA,0,8,0x04618A8125000000
382136000000.0,0,0x7DA,0,8,0x04618A80F4000000
382239000000.0,0,0x7DA,0,8,0x04618A8156000000
382337000000.0,0,0x7DA,0,8,0x04618A8125000000
382439000000.0,0,0x7DA,0,8,0x04618A8125000000
382538000000.0,0,0x7DA,0,8,0x04618A8156000000
382640000000.0,0,0x7DA,0,8,0x04618A8125000000
382738000000.0,0,0x7DA,0,8,0x04618A8156000000
382837000000.0,0,0x7DA,0,8,0x04618A8187000000
382939000000.0,0,0x7DA,0,8,0x04618A8187000000
383037000000.0,0,0x7DA,0,8,0x04618A8156000000
383136000000.0,0,0x7DA,0,8,0x04618A8156000000
383238000000.0,0,0x7DA,0,8,0x04618A8125000000
383336000000.0,0,0x7DA,0,8,0x04618A8156000000
383439000000.0,0,0x7DA,0,8,0x04618A8125000000
383537000000.0,0,0x7DA,0,8,0x04618A80F4000000
383639000000.0,0,0x7DA,0,8,0x04618A80C3000000
383738000000.0,0,0x7DA,0,8,0x04618A8062000000
383836000000.0,0,0x7DA,0,8,0x04618A8092000000
383938000000.0,0,0x7DA,0,8,0x04618A8062000000
384037000000.0,0,0x7DA,0,8,0x04618A8062000000
384139000000.0,0,0x7DA,0,8,0x04618A8062000000
384237000000.0,0,0x7DA,0,8,0x04618A8031000000
384336000000.0,0,0x7DA,0,8,0x04618A7F6D000000
384438000000.0,0,0x7DA,0,8,0x04618A7F3C000000
384536000000.0,0,0x7DA,0,8,0x04618A7F3C000000
384639000000.0,0,0x7DA,0,8,0x04618A7EAA000000
384737000000.0,0,0x7DA,0,8,0x04618A7E79000000
384840000000.0,0,0x7DA,0,8,0x04618A7EAA000000
384938000000.0,0,0x7DA,0,8,0x04618A7E79000000
385036000000.0,0,0x7DA,0,8,0x04618A7EAA000000
385139000000.0,0,0x7DA,0,8,0x04618A7EAA000000
385237000000.0,0,0x7DA,0,8,0x04618A7EDB000000
385340000000.0,0,0x7DA,0,8,0x04618A7F0B000000
385438000000.0,0,0x7DA,0,8,0x04618A7F3C000000
385540000000.0,0,0x7DA,0,8,0x04618A7F3C000000
385638000000.0,0,0x7DA,0,8,0x04618A7F3C000000
385737000000.0,0,0x7DA,0,8,0x04618A7F6D000000
385839000000.0,0,0x7DA,0,8,0x04618A7F6D000000
385937000000.0,0,0x7DA,0,8,0x04618A7F6D000000
386036000000.0,0,0x7DA,0,8,0x04618A7F9E000000
386138000000.0,0,0x7DA,0,8,0x04618A8000000000
386236000000.0,0,0x7DA,0,8,0x04618A8031000000
386339000000.0,0,0x7DA,0,8,0x04618A80C3000000
386437000000.0,0,0x7DA,0,8,0x04618A81B8000000
386539000000.0,0,0x7DA,0,8,0x04618A824A000000
386638000000.0,0,0x7DA,0,8,0x04618A827B000000
386736000000.0,0,0x7DA,0,8,0x04618A82DD000000
386838000000.0,0,0x7DA,0,8,0x04618A830E000000
386937000000.0,0,0x7DA,0,8,0x04618A830E000000
387039000000.0,0,0x7DA,0,8,0x04618A833F000000
387137000000.0,0,0x7DA,0,8,0x04618A830E000000
387236000000.0,0,0x7DA,0,8,0x04618A833F000000
387338000000.0,0,0x7DA,0,8,0x04618A833F000000
387436000000.0,0,0x7DA,0,8,0x04618A833F000000
387539000000.0,0,0x7DA,0,8,0x04618A830E000000
387637000000.0,0,0x7DA,0,8,0x04618A833F000000
387740000000.0,0,0x7DA,0,8,0x04618A830E000000
387838000000.0,0,0x7DA,0,8,0x04618A830E000000
387937000000.0,0,0x7DA,0,8,0x04618A830E000000
388039000000.0,0,0x7DA,0,8,0x04618A8370000000
388137000000.0,0,0x7DA,0,8,0x04618A833F000000
388239000000.0,0,0x7DA,0,8,0x04618A82DD000000
388338000000.0,0,0x7DA,0,8,0x04618A833F000000
388440000000.0,0,0x7DA,0,8,0x04618A8370000000
388538000000.0,0,0x7DA,0,8,0x04618A833F000000
388638000000.0,0,0x7DA,0,8,0x04618A830E000000
388739000000.0,0,0x7DA,0,8,0x04618A833F000000
388837000000.0,0,0x7DA,0,8,0x04618A830E000000
388940000000.0,0,0x7DA,0,8,0x04618A8370000000
389038000000.0,0,0x7DA,0,8,0x04618A833F000000
389140000000.0,0,0x7DA,0,8,0x04618A833F000000
389239000000.0,0,0x7DA,0,8,0x04618A8370000000
389338000000.0,0,0x7DA,0,8,0x04618A8370000000
389439000000.0,0,0x7DA,0,8,0x04618A830E000000
389538000000.0,0,0x7DA,0,8,0x04618A833F000000
389640000000.0,0,0x7DA,0,8,0x04618A830E000000
389738000000.0,0,0x7DA,0,8,0x04618A82DD000000
389837000000.0,0,0x7DA,0,8,0x04618A82AC000000
389939000000.0,0,0x7DA,0,8,0x04618A827B000000
390037000000.0,0,0x7DA,0,8,0x04618A827B000000
390140000000.0,0,0x7DA,0,8,0x04618A82AC000000
390239000000.0,0,0x7DA,0,8,0x04618A827B000000
390341000000.0,0,0x7DA,0,8,0x04618A8219000000
390439000000.0,0,0x7DA,0,8,0x04618A827B000000
390541000000.0,0,0x7DA,0,8,0x04618A827B000000
390640000000.0,0,0x7DA,0,8,0x04618A824A000000
390738000000.0,0,0x7DA,0,8,0x04618A8219000000
390840000000.0,0,0x7DA,0,8,0x04618A8125000000
390939000000.0,0,0x7DA,0,8,0x04618A8092000000
391037000000.0,0,0x7DA,0,8,0x04618A8062000000
391139000000.0,0,0x7DA,0,8,0x04618A8062000000
391238000000.0,0,0x7DA,0,8,0x04618A8062000000
391340000000.0,0,0x7DA,0,8,0x04618A8062000000
391438000000.0,0,0x7DA,0,8,0x04618A8062000000
391541000000.0,0,0x7DA,0,8,0x04618A8062000000
391639000000.0,0,0x7DA,0,8,0x04618A8062000000
391737000000.0,0,0x7DA,0,8,0x04618A8062000000
391840000000.0,0,0x7DA,0,8,0x04618A8062000000
391938000000.0,0,0x7DA,0,8,0x04618A8062000000
392040000000.0,0,0x7DA,0,8,0x04618A8092000000
392139000000.0,0,0x7DA,0,8,0x04618A8092000000
392238000000.0,0,0x7DA,0,8,0x04618A80F4000000
392340000000.0,0,0x7DA,0,8,0x04618A80C3000000
392438000000.0,0,0x7DA,0,8,0x04618A80F4000000
392540000000.0,0,0x7DA,0,8,0x04618A80F4000000
392638000000.0,0,0x7DA,0,8,0x04618A80C3000000
392741000000.0,0,0x7DA,0,8,0x04618A80F4000000
392839000000.0,0,0x7DA,0,8,0x04618A80F4000000
392938000000.0,0,0x7DA,0,8,0x04618A80F4000000
393040000000.0,0,0x7DA,0,8,0x04618A80C3000000
393138000000.0,0,0x7DA,0,8,0x04618A8125000000
393241000000.0,0,0x7DA,0,8,0x04618A80F4000000
393339000000.0,0,0x7DA,0,8,0x04618A8125000000
393437000000.0,0,0x7DA,0,8,0x04618A80F4000000
393540000000.0,0,0x7DA,0,8,0x04618A80F4000000
393639000000.0,0,0x7DA,0,8,0x04618A80F4000000
393740000000.0,0,0x7DA,0,8,0x04618A80F4000000
393839000000.0,0,0x7DA,0,8,0x04618A8125000000
393941000000.0,0,0x7DA,0,8,0x04618A8125000000
394039000000.0,0,0x7DA,0,8,0x04618A8156000000
394138000000.0,0,0x7DA,0,8,0x04618A8156000000
394240000000.0,0,0x7DA,0,8,0x04618A8156000000
394338000000.0,0,0x7DA,0,8,0x04618A8156000000
394437000000.0,0,0x7DA,0,8,0x04618A8156000000
394539000000.0,0,0x7DA,0,8,0x04618A8156000000
394637000000.0,0,0x7DA,0,8,0x04618A8187000000
394740000000.0,0,0x7DA,0,8,0x04618A81B8000000
394838000000.0,0,0x7DA,0,8,0x04618A81E9000000
394940000000.0,0,0x7DA,0,8,0x04618A81E9000000
395039000000.0,0,0x7DA,0,8,0x04618A824A000000
395137000000.0,0,0x7DA,0,8,0x04618A827B000000
395240000000.0,0,0x7DA,0,8,0x04618A827B000000
395338000000.0,0,0x7DA,0,8,0x04618A827B000000
395440000000.0,0,0x7DA,0,8,0x04618A82AC000000
395538000000.0,0,0x7DA,0,8,0x04618A82DD000000
395637000000.0,0,0x7DA,0,8,0x04618A82DD000000
395739000000.0,0,0x7DA,0,8,0x04618A830E000000
395838000000.0,0,0x7DA,0,8,0x04618A8370000000
395940000000.0,0,0x7DA,0,8,0x04618A82DD000000
396038000000.0,0,0x7DA,0,8,0x04618A82DD000000
396141000000.0,0,0x7DA,0,8,0x04618A82AC000000
396239000000.0,0,0x7DA,0,8,0x04618A82DD000000
396337000000.0,0,0x7DA,0,8,0x04618A82DD000000
396440000000.0,0,0x7DA,0,8,0x04618A82AC000000
396539000000.0,0,0x7DA,0,8,0x04618A827B000000
396641000000.0,0,0x7DA,0,8,0x04618A82DD000000
396739000000.0,0,0x7DA,0,8,0x04618A82DD000000
396841000000.0,0,0x7DA,0,8,0x04618A827B000000
396939000000.0,0,0x7DA,0,8,0x04618A82AC000000
397038000000.0,0,0x7DA,0,8,0x04618A827B000000
397140000000.0,0,0x7DA,0,8,0x04618A833F000000
397239000000.0,0,0x7DA,0,8,0x04618A827B000000
397341000000.0,0,0x7DA,0,8,0x04618A82AC000000
397439000000.0,0,0x7DA,0,8,0x04618A830E000000
397537000000.0,0,0x7DA,0,8,0x04618A82DD000000
397640000000.0,0,0x7DA,0,8,0x04618A827B000000
397738000000.0,0,0x7DA,0,8,0x04618A827B000000
397840000000.0,0,0x7DA,0,8,0x04618A82AC000000
397939000000.0,0,0x7DA,0,8,0x04618A82AC000000
398041000000.0,0,0x7DA,0,8,0x04618A830E000000
398140000000.0,0,0x7DA,0,8,0x04618A827B000000
398238000000.0,0,0x7DA,0,8,0x04618A827B000000
398340000000.0,0,0x7DA,0,8,0x04618A824A000000
398438000000.0,0,0x7DA,0,8,0x04618A82AC000000
398537000000.0,0,0x7DA,0,8,0x04618A82DD000000
398639000000.0,0,0x7DA,0,8,0x04618A82AC000000
398738000000.0,0,0x7DA,0,8,0x04618A827B000000
398840000000.0,0,0x7DA,0,8,0x04618A82DD000000
398938000000.0,0,0x7DA,0,8,0x04618A82DD000000
399041000000.0,0,0x7DA,0,8,0x04618A824A000000
399139000000.0,0,0x7DA,0,8,0x04618A830E000000
399237000000.0,0,0x7DA,0,8,0x04618A830E000000
399340000000.0,0,0x7DA,0,8,0x04618A824A000000
399439000000.0,0,0x7DA,0,8,0x04618A824A000000
399540000000.0,0,0x7DA,0,8,0x04618A827B000000
399639000000.0,0,0x7DA,0,8,0x04618A824A000000
399741000000.0,0,0x7DA,0,8,0x04618A81B8000000
399839000000.0,0,0x7DA,0,8,0x04618A81E9000000
399938000000.0,0,0x7DA,0,8,0x04618A81E9000000
400040000000.0,0,0x7DA,0,8,0x04618A81E9000000
400139000000.0,0,0x7DA,0,8,0x04618A8187000000
400241000000.0,0,0x7DA,0,8,0x04618A81E9000000
400339000000.0,0,0x7DA,0,8,0x04618A81B8000000
400437000000.0,0,0x7DA,0,8,0x04618A81B8000000
400540000000.0,0,0x7DA,0,8,0x04618A81B8000000
400638000000.0,0,0x7DA,0,8,0x04618A8187000000
400741000000.0,0,0x7DA,0,8,0x04618A80C3000000
400839000000.0,0,0x7DA,0,8,0x04618A8092000000
400937000000.0,0,0x7DA,0,8,0x04618A8062000000
401040000000.0,0,0x7DA,0,8,0x04618A8031000000
401138000000.0,0,0x7DA,0,8,0x04618A8000000000
401240000000.0,0,0x7DA,0,8,0x04618A7F6D000000
401339000000.0,0,0x7DA,0,8,0x04618A8000000000
401437000000.0,0,0x7DA,0,8,0x04618A7FCF000000
401539000000.0,0,0x7DA,0,8,0x04618A8000000000
401638000000.0,0,0x7DA,0,8,0x04618A7F9E000000
401740000000.0,0,0x7DA,0,8,0x04618A7F3C000000
401838000000.0,0,0x7DA,0,8,0x04618A7F0B000000
401941000000.0,0,0x7DA,0,8,0x04618A7F0B000000
402039000000.0,0,0x7DA,0,8,0x04618A7F0B000000
402137000000.0,0,0x7DA,0,8,0x04618A7EDB000000
402240000000.0,0,0x7DA,0,8,0x04618A7F3C000000
402339000000.0,0,0x7DA,0,8,0x04618A7F3C000000
402440000000.0,0,0x7DA,0,8,0x04618A7F3C000000
402539000000.0,0,0x7DA,0,8,0x04618A7F6D000000
402641000000.0,0,0x7DA,0,8,0x04618A7F9E000000
402739000000.0,0,0x7DA,0,8,0x04618A7F6D000000
402838000000.0,0,0x7DA,0,8,0x04618A7F9E000000
402940000000.0,0,0x7DA,0,8,0x04618A7F9E000000
403039000000.0,0,0x7DA,0,8,0x04618A7F9E000000
403141000000.0,0,0x7DA,0,8,0x04618A7F3C000000
403239000000.0,0,0x7DA,0,8,0x04618A7F6D000000
403342000000.0,0,0x7DA,0,8,0x04618A7F6D000000
403440000000.0,0,0x7DA,0,8,0x04618A7F9E000000
403542000000.0,0,0x7DA,0,8,0x04618A7F9E000000
403641000000.0,0,0x7DA,0,8,0x04618A7F9E000000
403743000000.0,0,0x7DA,0,8,0x04618A7FCF000000
403841000000.0,0,0x7DA,0,8,0x04618A7F9E000000
403944000000.0,0,0x7DA,0,8,0x04618A7F9E000000
404042000000.0,0,0x7DA,0,8,0x04618A7FCF000000
404144000000.0,0,0x7DA,0,8,0x04618A7FCF000000
404243000000.0,0,0x7DA,0,8,0x04618A7F9E000000
404341000000.0,0,0x7DA,0,8,0x04618A7FCF000000
404443000000.0,0,0x7DA,0,8,0x04618A7F9E000000
404542000000.0,0,0x7DA,0,8,0x04618A7F9E000000
404645000000.0,0,0x7DA,0,8,0x04618A7F9E000000
404742000000.0,0,0x7DA,0,8,0x04618A7F9E000000
404845000000.0,0,0x7DA,0,8,0x04618A7F9E000000
404943000000.0,0,0x7DA,0,8,0x04618A7F6D000000
405041000000.0,0,0x7DA,0,8,0x04618A7F9E000000
405144000000.0,0,0x7DA,0,8,0x04618A7F9E000000
405242000000.0,0,0x7DA,0,8,0x04618A7F6D000000
405345000000.0,0,0x7DA,0,8,0x04618A7F6D000000
405443000000.0,0,0x7DA,0,8,0x04618A7F6D000000
405545000000.0,0,0x7DA,0,8,0x04618A7F6D000000
405644000000.0,0,0x7DA,0,8,0x04618A7F6D000000
405742000000.0,0,0x7DA,0,8,0x04618A7F9E000000
405844000000.0,0,0x7DA,0,8,0x04618A7F3C000000
405943000000.0,0,0x7DA,0,8,0x04618A7EDB000000
406046000000.0,0,0x7DA,0,8,0x04618A7E17000000
406143000000.0,0,0x7DA,0,8,0x04618A7C90000000
406242000000.0,0,0x7DA,0,8,0x04618A7A76000000
406344000000.0,0,0x7DA,0,8,0x04618A7951000000
406442000000.0,0,0x7DA,0,8,0x04618A79B3000000
406545000000.0,0,0x7DA,0,8,0x04618A79E4000000
406643000000.0,0,0x7DA,0,8,0x04618A7982000000
406741000000.0,0,0x7DA,0,8,0x04618A79B3000000
406844000000.0,0,0x7DA,0,8,0x04618A79B3000000
406942000000.0,0,0x7DA,0,8,0x04618A79E4000000
407044000000.0,0,0x7DA,0,8,0x04618A7A15000000
407143000000.0,0,0x7DA,0,8,0x04618A7A15000000
407245000000.0,0,0x7DA,0,8,0x04618A7A76000000
407344000000.0,0,0x7DA,0,8,0x04618A7A45000000
407442000000.0,0,0x7DA,0,8,0x04618A7A45000000
407544000000.0,0,0x7DA,0,8,0x04618A7A45000000
407642000000.0,0,0x7DA,0,8,0x04618A7A45000000
407745000000.0,0,0x7DA,0,8,0x04618A7AA7000000
407847000000.0,0,0x7DA,0,8,0x04618A7AD8000000
407945000000.0,0,0x7DA,0,8,0x04618A7AD8000000
408048000000.0,0,0x7DA,0,8,0x04618A7B09000000
408147000000.0,0,0x7DA,0,8,0x04618A7AA7000000
408245000000.0,0,0x7DA,0,8,0x04618A7B09000000
408347000000.0,0,0x7DA,0,8,0x04618A7B09000000
408445000000.0,0,0x7DA,0,8,0x04618A7B09000000
408548000000.0,0,0x7DA,0,8,0x04618A7B09000000
408646000000.0,0,0x7DA,0,8,0x04618A7B3A000000
408748000000.0,0,0x7DA,0,8,0x04618A7B3A000000
408847000000.0,0,0x7DA,0,8,0x04618A7B3A000000
408949000000.0,0,0x7DA,0,8,0x04618A7B09000000
409047000000.0,0,0x7DA,0,8,0x04618A7B3A000000
409146000000.0,0,0x7DA,0,8,0x04618A7B9C000000
409248000000.0,0,0x7DA,0,8,0x04618A7B9C000000
409346000000.0,0,0x7DA,0,8,0x04618A7B3A000000
409449000000.0,0,0x7DA,0,8,0x04618A7A15000000
409547000000.0,0,0x7DA,0,8,0x04618A78EF000000
409646000000.0,0,0x7DA,0,8,0x04618A7799000000
409748000000.0,0,0x7DA,0,8,0x04618A7768000000
409846000000.0,0,0x7DA,0,8,0x04618A76A5000000
409948000000.0,0,0x7DA,0,8,0x04618A7580000000
410047000000.0,0,0x7DA,0,8,0x04618A74ED000000
410145000000.0,0,0x7DA,0,8,0x04618A751E000000
410247000000.0,0,0x7DA,0,8,0x04618A754F000000
410346000000.0,0,0x7DA,0,8,0x04618A754F000000
410448000000.0,0,0x7DA,0,8,0x04618A75E1000000
410547000000.0,0,0x7DA,0,8,0x04618A7612000000
410649000000.0,0,0x7DA,0,8,0x04618A76A5000000
410751000000.0,0,0x7DA,0,8,0x04618A7674000000
410850000000.0,0,0x7DA,0,8,0x04618A7768000000
410952000000.0,0,0x7DA,0,8,0x04618A7799000000
411050000000.0,0,0x7DA,0,8,0x04618A77FB000000
411149000000.0,0,0x7DA,0,8,0x04618A77CA000000
411252000000.0,0,0x7DA,0,8,0x04618A78EF000000
411350000000.0,0,0x7DA,0,8,0x04618A79E4000000
411452000000.0,0,0x7DA,0,8,0x04618A7920000000
411550000000.0,0,0x7DA,0,8,0x04618A7A15000000
411652000000.0,0,0x7DA,0,8,0x04618A7AA7000000
411751000000.0,0,0x7DA,0,8,0x04618A7B3A000000
411849000000.0,0,0x7DA,0,8,0x04618A7A76000000
411951000000.0,0,0x7DA,0,8,0x04618A7B09000000
412050000000.0,0,0x7DA,0,8,0x04618A7B6B000000
412148000000.0,0,0x7DA,0,8,0x04618A7C5F000000
412251000000.0,0,0x7DA,0,8,0x04618A7C90000000
412349000000.0,0,0x7DA,0,8,0x04618A7CC1000000
412451000000.0,0,0x7DA,0,8,0x04618A7DB5000000
412549000000.0,0,0x7DA,0,8,0x04618A7E79000000
412652000000.0,0,0x7DA,0,8,0x04618A7EDB000000
412750000000.0,0,0x7DA,0,8,0x04618A8000000000
412849000000.0,0,0x7DA,0,8,0x04618A8031000000
412951000000.0,0,0x7DA,0,8,0x04618A8062000000
413049000000.0,0,0x7DA,0,8,0x04618A8062000000
413152000000.0,0,0x7DA,0,8,0x04618A80C3000000
413250000000.0,0,0x7DA,0,8,0x04618A8187000000
413348000000.0,0,0x7DA,0,8,0x04618A824A000000
413451000000.0,0,0x7DA,0,8,0x04618A830E000000
413549000000.0,0,0x7DA,0,8,0x04618A833F000000
413651000000.0,0,0x7DA,0,8,0x04618A83D1000000
413754000000.0,0,0x7DA,0,8,0x04618A8464000000
413856000000.0,0,0x7DA,0,8,0x04618A84C6000000
413954000000.0,0,0x7DA,0,8,0x04618A84F7000000
414053000000.0,0,0x7DA,0,8,0x04618A8589000000
414156000000.0,0,0x7DA,0,8,0x04618A8589000000
414253000000.0,0,0x7DA,0,8,0x04618A85BA000000
414356000000.0,0,0x7DA,0,8,0x04618A864D000000
414454000000.0,0,0x7DA,0,8,0x04618A861C000000
414552000000.0,0,0x7DA,0,8,0x04618A867E000000
414655000000.0,0,0x7DA,0,8,0x04618A867E000000
414753000000.0,0,0x7DA,0,8,0x04618A8710000000
414856000000.0,0,0x7DA,0,8,0x04618A8710000000
414954000000.0,0,0x7DA,0,8,0x04618A86DF000000
415052000000.0,0,0x7DA,0,8,0x04618A8710000000
415155000000.0,0,0x7DA,0,8,0x04618A8710000000
415254000000.0,0,0x7DA,0,8,0x04618A8710000000
415355000000.0,0,0x7DA,0,8,0x04618A8710000000
415454000000.0,0,0x7DA,0,8,0x04618A87A3000000
415556000000.0,0,0x7DA,0,8,0x04618A8772000000
415654000000.0,0,0x7DA,0,8,0x04618A8741000000
415753000000.0,0,0x7DA,0,8,0x04618A8772000000
415855000000.0,0,0x7DA,0,8,0x04618A8772000000
415953000000.0,0,0x7DA,0,8,0x04618A87D4000000
416056000000.0,0,0x7DA,0,8,0x04618A87D4000000
416154000000.0,0,0x7DA,0,8,0x04618A8805000000
416252000000.0,0,0x7DA,0,8,0x04618A8835000000
416355000000.0,0,0x7DA,0,8,0x04618A87A3000000
416453000000.0,0,0x7DA,0,8,0x04618A87D4000000
416556000000.0,0,0x7DA,0,8,0x04618A87D4000000
416654000000.0,0,0x7DA,0,8,0x04618A8835000000
416756000000.0,0,0x7DA,0,8,0x04618A8897000000
416854000000.0,0,0x7DA,0,8,0x04618A8866000000
416954000000.0,0,0x7DA,0,8,0x04618A8866000000
417055000000.0,0,0x7DA,0,8,0x04618A8866000000
417153000000.0,0,0x7DA,0,8,0x04618A8897000000
417256000000.0,0,0x7DA,0,8,0x04618A88C8000000
417354000000.0,0,0x7DA,0,8,0x04618A892A000000
417453000000.0,0,0x7DA,0,8,0x04618A895B000000
417555000000.0,0,0x7DA,0,8,0x04618A895B000000
417654000000.0,0,0x7DA,0,8,0x04618A898C000000
417756000000.0,0,0x7DA,0,8,0x04618A89BC000000
417854000000.0,0,0x7DA,0,8,0x04618A895B000000
417952000000.0,0,0x7DA,0,8,0x04618A89BC000000
418055000000.0,0,0x7DA,0,8,0x04618A898C000000
418153000000.0,0,0x7DA,0,8,0x04618A89BC000000
418255000000.0,0,0x7DA,0,8,0x04618A8A1E000000
418354000000.0,0,0x7DA,0,8,0x04618A8A80000000
418456000000.0,0,0x7DA,0,8,0x04618A8A4F000000
418555000000.0,0,0x7DA,0,8,0x04618A8A4F000000
418653000000.0,0,0x7DA,0,8,0x04618A89ED000000
418755000000.0,0,0x7DA,0,8,0x04618A89BC000000
418853000000.0,0,0x7DA,0,8,0x04618A89BC000000
418956000000.0,0,0x7DA,0,8,0x04618A8A1E000000
419054000000.0,0,0x7DA,0,8,0x04618A895B000000
419156000000.0,0,0x7DA,0,8,0x04618A8AB1000000
419255000000.0,0,0x7DA,0,8,0x04618A8A4F000000
419353000000.0,0,0x7DA,0,8,0x04618A8AB1000000
419455000000.0,0,0x7DA,0,8,0x04618A8A4F000000
419554000000.0,0,0x7DA,0,8,0x04618A8A4F000000
419657000000.0,0,0x7DA,0,8,0x04618A89BC000000
419755000000.0,0,0x7DA,0,8,0x04618A88C8000000
419857000000.0,0,0x7DA,0,8,0x04618A892A000000
419955000000.0,0,0x7DA,0,8,0x04618A8897000000
420053000000.0,0,0x7DA,0,8,0x04618A892A000000
420156000000.0,0,0x7DA,0,8,0x04618A88C8000000
420254000000.0,0,0x7DA,0,8,0x04618A8A4F000000
420353000000.0,0,0x7DA,0,8,0x04618A8AE2000000
420455000000.0,0,0x7DA,0,8,0x04618A898C000000
420557000000.0,0,0x7DA,0,8,0x04618A898C000000
420656000000.0,0,0x7DA,0,8,0x04618A892A000000
420754000000.0,0,0x7DA,0,8,0x04618A8897000000
420853000000.0,0,0x7DA,0,8,0x04618A88C8000000
420955000000.0,0,0x7DA,0,8,0x04618A8897000000
421053000000.0,0,0x7DA,0,8,0x04618A89ED000000
421155000000.0,0,0x7DA,0,8,0x04618A892A000000
421254000000.0,0,0x7DA,0,8,0x04618A8835000000
421356000000.0,0,0x7DA,0,8,0x04618A8897000000
421454000000.0,0,0x7DA,0,8,0x04618A8805000000
421553000000.0,0,0x7DA,0,8,0x04618A8835000000
421655000000.0,0,0x7DA,0,8,0x04618A8897000000
421753000000.0,0,0x7DA,0,8,0x04618A8805000000
421856000000.0,0,0x7DA,0,8,0x04618A87D4000000
421954000000.0,0,0x7DA,0,8,0x04618A8710000000
422052000000.0,0,0x7DA,0,8,0x04618A86DF000000
422155000000.0,0,0x7DA,0,8,0x04618A86AE000000
422253000000.0,0,0x7DA,0,8,0x04618A8741000000
422356000000.0,0,0x7DA,0,8,0x04618A87D4000000
422454000000.0,0,0x7DA,0,8,0x04618A8710000000
422556000000.0,0,0x7DA,0,8,0x04618A8741000000
422655000000.0,0,0x7DA,0,8,0x04618A86DF000000
422753000000.0,0,0x7DA,0,8,0x04618A86DF000000
422855000000.0,0,0x7DA,0,8,0x04618A8741000000
422954000000.0,0,0x7DA,0,8,0x04618A867E000000
423056000000.0,0,0x7DA,0,8,0x04618A864D000000
423154000000.0,0,0x7DA,0,8,0x04618A86DF000000
423253000000.0,0,0x7DA,0,8,0x04618A861C000000
423355000000.0,0,0x7DA,0,8,0x04618A86AE000000
423453000000.0,0,0x7DA,0,8,0x04618A864D000000
423556000000.0,0,0x7DA,0,8,0x04618A85BA000000
423654000000.0,0,0x7DA,0,8,0x04618A8589000000
423756000000.0,0,0x7DA,0,8,0x04618A8558000000
423855000000.0,0,0x7DA,0,8,0x04618A8589000000
423953000000.0,0,0x7DA,0,8,0x04618A8589000000
424055000000.0,0,0x7DA,0,8,0x04618A85BA000000
424154000000.0,0,0x7DA,0,8,0x04618A8527000000
424256000000.0,0,0x7DA,0,8,0x04618A8527000000
424355000000.0,0,0x7DA,0,8,0x04618A8558000000
424453000000.0,0,0x7DA,0,8,0x04618A8558000000
424555000000.0,0,0x7DA,0,8,0x04618A84F7000000
424653000000.0,0,0x7DA,0,8,0x04618A8433000000
424756000000.0,0,0x7DA,0,8,0x04618A8464000000
424854000000.0,0,0x7DA,0,8,0x04618A8433000000
424956000000.0,0,0x7DA,0,8,0x04618A8464000000
425056000000.0,0,0x7DA,0,8,0x04618A8464000000
425157000000.0,0,0x7DA,0,8,0x04618A8402000000
425256000000.0,0,0x7DA,0,8,0x04618A8370000000
425354000000.0,0,0x7DA,0,8,0x04618A8370000000
425460000000.0,0,0x7DA,0,8,0x04618A833F000000
425559000000.0,0,0x7DA,0,8,0x04618A830E000000
425657000000.0,0,0x7DA,0,8,0x04618A833F000000
425759000000.0,0,0x7DA,0,8,0x04618A82DD000000
425858000000.0,0,0x7DA,0,8,0x04618A827B000000
425960000000.0,0,0x7DA,0,8,0x04618A8219000000
426059000000.0,0,0x7DA,0,8,0x04618A8156000000
426157000000.0,0,0x7DA,0,8,0x04618A80C3000000
426259000000.0,0,0x7DA,0,8,0x04618A8062000000
426357000000.0,0,0x7DA,0,8,0x04618A8062000000
426460000000.0,0,0x7DA,0,8,0x04618A8062000000
426558000000.0,0,0x7DA,0,8,0x04618A8092000000
426657000000.0,0,0x7DA,0,8,0x04618A8031000000
426759000000.0,0,0x7DA,0,8,0x04618A8031000000
426857000000.0,0,0x7DA,0,8,0x04618A8031000000
426959000000.0,0,0x7DA,0,8,0x04618A8000000000
427058000000.0,0,0x7DA,0,8,0x04618A8000000000
427156000000.0,0,0x7DA,0,8,0x04618A7FCF000000
427258000000.0,0,0x7DA,0,8,0x04618A7F9E000000
427357000000.0,0,0x7DA,0,8,0x04618A7F6D000000
427459000000.0,0,0x7DA,0,8,0x04618A7F3C000000
427558000000.0,0,0x7DA,0,8,0x04618A7E48000000
427656000000.0,0,0x7DA,0,8,0x04618A7D53000000
427758000000.0,0,0x7DA,0,8,0x04618A7BCC000000
427857000000.0,0,0x7DA,0,8,0x04618A7A45000000
427959000000.0,0,0x7DA,0,8,0x04618A78BE000000
428057000000.0,0,0x7DA,0,8,0x04618A78EF000000
428160000000.0,0,0x7DA,0,8,0x04618A78BE000000
428258000000.0,0,0x7DA,0,8,0x04618A78EF000000
428356000000.0,0,0x7DA,0,8,0x04618A78BE000000
428459000000.0,0,0x7DA,0,8,0x04618A78EF000000
428557000000.0,0,0x7DA,0,8,0x04618A78EF000000
428659000000.0,0,0x7DA,0,8,0x04618A78EF000000
428758000000.0,0,0x7DA,0,8,0x04618A78EF000000
428856000000.0,0,0x7DA,0,8,0x04618A7920000000
428959000000.0,0,0x7DA,0,8,0x04618A78EF000000
429057000000.0,0,0x7DA,0,8,0x04618A7920000000
429159000000.0,0,0x7DA,0,8,0x04618A7920000000
429257000000.0,0,0x7DA,0,8,0x04618A7951000000
429356000000.0,0,0x7DA,0,8,0x04618A7951000000
429458000000.0,0,0x7DA,0,8,0x04618A7A45000000
429556000000.0,0,0x7DA,0,8,0x04618A7BFD000000
429659000000.0,0,0x7DA,0,8,0x04618A8000000000
429757000000.0,0,0x7DA,0,8,0x04618A8187000000
429860000000.0,0,0x7DA,0,8,0x04618A8370000000
429958000000.0,0,0x7DA,0,8,0x04618A82AC000000
430056000000.0,0,0x7DA,0,8,0x04618A82DD000000
430159000000.0,0,0x7DA,0,8,0x04618A83D1000000
430257000000.0,0,0x7DA,0,8,0x04618A83D1000000
430359000000.0,0,0x7DA,0,8,0x04618A8402000000
430458000000.0,0,0x7DA,0,8,0x04618A83D1000000
430556000000.0,0,0x7DA,0,8,0x04618A8464000000
430658000000.0,0,0x7DA,0,8,0x04618A84F7000000
430757000000.0,0,0x7DA,0,8,0x04618A8527000000
430859000000.0,0,0x7DA,0,8,0x04618A85BA000000
430957000000.0,0,0x7DA,0,8,0x04618A8589000000
431056000000.0,0,0x7DA,0,8,0x04618A85BA000000
431158000000.0,0,0x7DA,0,8,0x04618A85BA000000
431256000000.0,0,0x7DA,0,8,0x04618A867E000000
431359000000.0,0,0x7DA,0,8,0x04618A86DF000000
431457000000.0,0,0x7DA,0,8,0x04618A8741000000
431559000000.0,0,0x7DA,0,8,0x04618A8772000000
431658000000.0,0,0x7DA,0,8,0x04618A8835000000
431756000000.0,0,0x7DA,0,8,0x04618A8710000000
431858000000.0,0,0x7DA,0,8,0x04618A8772000000
431957000000.0,0,0x7DA,0,8,0x04618A8805000000
432059000000.0,0,0x7DA,0,8,0x04618A8805000000
432157000000.0,0,0x7DA,0,8,0x04618A8710000000
432260000000.0,0,0x7DA,0,8,0x04618A8772000000
432358000000.0,0,0x7DA,0,8,0x04618A8805000000
432461000000.0,0,0x7DA,0,8,0x04618A87A3000000
432559000000.0,0,0x7DA,0,8,0x04618A8741000000
432657000000.0,0,0x7DA,0,8,0x04618A8741000000
432760000000.0,0,0x7DA,0,8,0x04618A8741000000
432858000000.0,0,0x7DA,0,8,0x04618A87A3000000
432960000000.0,0,0x7DA,0,8,0x04618A8741000000
433059000000.0,0,0x7DA,0,8,0x04618A8741000000
433157000000.0,0,0x7DA,0,8,0x04618A8772000000
433259000000.0,0,0x7DA,0,8,0x04618A8772000000
433358000000.0,0,0x7DA,0,8,0x04618A8772000000
433460000000.0,0,0x7DA,0,8,0x04618A8710000000
433558000000.0,0,0x7DA,0,8,0x04618A86AE000000
433657000000.0,0,0x7DA,0,8,0x04618A85EB000000
433759000000.0,0,0x7DA,0,8,0x04618A8589000000
433857000000.0,0,0x7DA,0,8,0x04618A85BA000000
433960000000.0,0,0x7DA,0,8,0x04618A84F7000000
434058000000.0,0,0x7DA,0,8,0x04618A8527000000
434160000000.0,0,0x7DA,0,8,0x04618A8527000000
434259000000.0,0,0x7DA,0,8,0x04618A84F7000000
434357000000.0,0,0x7DA,0,8,0x04618A84C6000000
434459000000.0,0,0x7DA,0,8,0x04618A8495000000
434558000000.0,0,0x7DA,0,8,0x04618A8433000000
434660000000.0,0,0x7DA,0,8,0x04618A8402000000
434759000000.0,0,0x7DA,0,8,0x04618A833F000000
434857000000.0,0,0x7DA,0,8,0x04618A833F000000
434959000000.0,0,0x7DA,0,8,0x04618A833F000000
435058000000.0,0,0x7DA,0,8,0x04618A82DD000000
435160000000.0,0,0x7DA,0,8,0x04618A830E000000
435258000000.0,0,0x7DA,0,8,0x04618A833F000000
435361000000.0,0,0x7DA,0,8,0x04618A830E000000
435459000000.0,0,0x7DA,0,8,0x04618A82AC000000
435557000000.0,0,0x7DA,0,8,0x04618A8219000000
435660000000.0,0,0x7DA,0,8,0x04618A81B8000000
435758000000.0,0,0x7DA,0,8,0x04618A8187000000
435860000000.0,0,0x7DA,0,8,0x04618A8156000000
435959000000.0,0,0x7DA,0,8,0x04618A80C3000000
436057000000.0,0,0x7DA,0,8,0x04618A8092000000
436159000000.0,0,0x7DA,0,8,0x04618A8031000000
436258000000.0,0,0x7DA,0,8,0x04618A7E79000000
436360000000.0,0,0x7DA,0,8,0x04618A8031000000
436459000000.0,0,0x7DA,0,8,0x04618A8092000000
436561000000.0,0,0x7DA,0,8,0x04618A80F4000000
436659000000.0,0,0x7DA,0,8,0x04618A8031000000
436757000000.0,0,0x7DA,0,8,0x04618A8031000000
436860000000.0,0,0x7DA,0,8,0x04618A8031000000
436958000000.0,0,0x7DA,0,8,0x04618A8031000000
437061000000.0,0,0x7DA,0,8,0x04618A8062000000
437159000000.0,0,0x7DA,0,8,0x04618A8062000000
437257000000.0,0,0x7DA,0,8,0x04618A8062000000
437359000000.0,0,0x7DA,0,8,0x04618A8062000000
437458000000.0,0,0x7DA,0,8,0x04618A8000000000
437560000000.0,0,0x7DA,0,8,0x04618A8000000000
437658000000.0,0,0x7DA,0,8,0x04618A8000000000
437757000000.0,0,0x7DA,0,8,0x04618A7FCF000000
437859000000.0,0,0x7DA,0,8,0x04618A7FCF000000
437958000000.0,0,0x7DA,0,8,0x04618A8000000000
438060000000.0,0,0x7DA,0,8,0x04618A8000000000
438158000000.0,0,0x7DA,0,8,0x04618A7FCF000000
438261000000.0,0,0x7DA,0,8,0x04618A8000000000
438359000000.0,0,0x7DA,0,8,0x04618A8000000000
438461000000.0,0,0x7DA,0,8,0x04618A8000000000
438564000000.0,0,0x7DA,0,8,0x04618A8000000000
438662000000.0,0,0x7DA,0,8,0x04618A8000000000
438760000000.0,0,0x7DA,0,8,0x04618A8000000000
438864000000.0,0,0x7DA,0,8,0x04618A8000000000
438961000000.0,0,0x7DA,0,8,0x04618A7FCF000000
439063000000.0,0,0x7DA,0,8,0x04618A7F9E000000
439162000000.0,0,0x7DA,0,8,0x04618A7F9E000000
439264000000.0,0,0x7DA,0,8,0x04618A7F9E000000
439362000000.0,0,0x7DA,0,8,0x04618A7F6D000000
439461000000.0,0,0x7DA,0,8,0x04618A7F3C000000
439564000000.0,0,0x7DA,0,8,0x04618A7F3C000000
439661000000.0,0,0x7DA,0,8,0x04618A7F0B000000
439764000000.0,0,0x7DA,0,8,0x04618A7F0B000000
439862000000.0,0,0x7DA,0,8,0x04618A7F0B000000
439965000000.0,0,0x7DA,0,8,0x04618A7EDB000000
440063000000.0,0,0x7DA,0,8,0x04618A7EAA000000
440161000000.0,0,0x7DA,0,8,0x04618A7EAA000000
440265000000.0,0,0x7DA,0,8,0x04618A7E17000000
440366000000.0,0,0x7DA,0,8,0x04618A7E17000000
440464000000.0,0,0x7DA,0,8,0x04618A7DE6000000
440567000000.0,0,0x7DA,0,8,0x04618A7E17000000
440665000000.0,0,0x7DA,0,8,0x04618A7E48000000
440767000000.0,0,0x7DA,0,8,0x04618A7E17000000
440866000000.0,0,0x7DA,0,8,0x04618A7EAA000000
440968000000.0,0,0x7DA,0,8,0x04618A7EAA000000
441066000000.0,0,0x7DA,0,8,0x04618A7E79000000
441165000000.0,0,0x7DA,0,8,0x04618A7D84000000
441267000000.0,0,0x7DA,0,8,0x04618A7DE6000000
441365000000.0,0,0x7DA,0,8,0x04618A7E17000000
441468000000.0,0,0x7DA,0,8,0x04618A7E79000000
441566000000.0,0,0x7DA,0,8,0x04618A7E17000000
441668000000.0,0,0x7DA,0,8,0x04618A7E48000000
441767000000.0,0,0x7DA,0,8,0x04618A7E79000000
441865000000.0,0,0x7DA,0,8,0x04618A7EAA000000
441968000000.0,0,0x7DA,0,8,0x04618A7EDB000000
442066000000.0,0,0x7DA,0,8,0x04618A7F0B000000
442168000000.0,0,0x7DA,0,8,0x04618A7F3C000000
442267000000.0,0,0x7DA,0,8,0x04618A7F3C000000
442366000000.0,0,0x7DA,0,8,0x04618A7F6D000000
442467000000.0,0,0x7DA,0,8,0x04618A7F3C000000
442566000000.0,0,0x7DA,0,8,0x04618A7F6D000000
442668000000.0,0,0x7DA,0,8,0x04618A7F6D000000
442766000000.0,0,0x7DA,0,8,0x04618A7F6D000000
442869000000.0,0,0x7DA,0,8,0x04618A7F6D000000
442967000000.0,0,0x7DA,0,8,0x04618A7F9E000000
443069000000.0,0,0x7DA,0,8,0x04618A7F3C000000
443168000000.0,0,0x7DA,0,8,0x04618A7F6D000000
443270000000.0,0,0x7DA,0,8,0x04618A7F9E000000
443368000000.0,0,0x7DA,0,8,0x04618A7F9E000000
443471000000.0,0,0x7DA,0,8,0x04618A7F9E000000
443569000000.0,0,0x7DA,0,8,0x04618A7F6D000000
443667000000.0,0,0x7DA,0,8,0x04618A7F9E000000
443770000000.0,0,0x7DA,0,8,0x04618A7F6D000000
443868000000.0,0,0x7DA,0,8,0x04618A7F9E000000
443970000000.0,0,0x7DA,0,8,0x04618A7F6D000000
444069000000.0,0,0x7DA,0,8,0x04618A7F9E000000
444167000000.0,0,0x7DA,0,8,0x04618A7F6D000000
444270000000.0,0,0x7DA,0,8,0x04618A7F6D000000
444368000000.0,0,0x7DA,0,8,0x04618A7F6D000000
444470000000.0,0,0x7DA,0,8,0x04618A7F6D000000
444569000000.0,0,0x7DA,0,8,0x04618A7F6D000000
444667000000.0,0,0x7DA,0,8,0x04618A7F6D000000
444769000000.0,0,0x7DA,0,8,0x04618A7F6D000000
444868000000.0,0,0x7DA,0,8,0x04618A7F6D000000
444970000000.0,0,0x7DA,0,8,0x04618A7F6D000000
445068000000.0,0,0x7DA,0,8,0x04618A7F3C000000
445171000000.0,0,0x7DA,0,8,0x04618A7F6D000000
445269000000.0,0,0x7DA,0,8,0x04618A7F0B000000
445367000000.0,0,0x7DA,0,8,0x04618A8000000000
445470000000.0,0,0x7DA,0,8,0x04618A8062000000
445568000000.0,0,0x7DA,0,8,0x04618A8187000000
445670000000.0,0,0x7DA,0,8,0x04618A8031000000
445769000000.0,0,0x7DA,0,8,0x04618A8031000000
445868000000.0,0,0x7DA,0,8,0x04618A7F6D000000
445970000000.0,0,0x7DA,0,8,0x04618A7F6D000000
446068000000.0,0,0x7DA,0,8,0x04618A8031000000
446170000000.0,0,0x7DA,0,8,0x04618A7FCF000000
446268000000.0,0,0x7DA,0,8,0x04618A7F9E000000
446371000000.0,0,0x7DA,0,8,0x04618A7F6D000000
446469000000.0,0,0x7DA,0,8,0x04618A7F0B000000
446568000000.0,0,0x7DA,0,8,0x04618A7F6D000000
446671000000.0,0,0x7DA,0,8,0x04618A7F9E000000
446768000000.0,0,0x7DA,0,8,0x04618A7F6D000000
446871000000.0,0,0x7DA,0,8,0x04618A7F9E000000
446969000000.0,0,0x7DA,0,8,0x04618A7F6D000000
447067000000.0,0,0x7DA,0,8,0x04618A7F6D000000
447170000000.0,0,0x7DA,0,8,0x04618A7F6D000000
447269000000.0,0,0x7DA,0,8,0x04618A7F6D000000
447370000000.0,0,0x7DA,0,8,0x04618A7F6D000000
447469000000.0,0,0x7DA,0,8,0x04618A7F0B000000
447567000000.0,0,0x7DA,0,8,0x04618A7F3C000000
447669000000.0,0,0x7DA,0,8,0x04618A7F0B000000
447772000000.0,0,0x7DA,0,8,0x04618A7F0B000000
447870000000.0,0,0x7DA,0,8,0x04618A7F0B000000
447969000000.0,0,0x7DA,0,8,0x04618A7F0B000000
448071000000.0,0,0x7DA,0,8,0x04618A7EDB000000
448169000000.0,0,0x7DA,0,8,0x04618A7DE6000000
448267000000.0,0,0x7DA,0,8,0x04618A7BFD000000
448370000000.0,0,0x7DA,0,8,0x04618A7B3A000000
448468000000.0,0,0x7DA,0,8,0x04618A7B09000000
448570000000.0,0,0x7DA,0,8,0x04618A7B09000000
448670000000.0,0,0x7DA,0,8,0x04618A7B09000000
448767000000.0,0,0x7DA,0,8,0x04618A7B09000000
448869000000.0,0,0x7DA,0,8,0x04618A7B09000000
448968000000.0,0,0x7DA,0,8,0x04618A7B9C000000
449070000000.0,0,0x7DA,0,8,0x04618A7B3A000000
449168000000.0,0,0x7DA,0,8,0x04618A7B9C000000
449271000000.0,0,0x7DA,0,8,0x04618A7B9C000000
449370000000.0,0,0x7DA,0,8,0x04618A7B9C000000
449467000000.0,0,0x7DA,0,8,0x04618A7B9C000000
449570000000.0,0,0x7DA,0,8,0x04618A7BCC000000
449668000000.0,0,0x7DA,0,8,0x04618A7BCC000000
449771000000.0,0,0x7DA,0,8,0x04618A7BCC000000
449869000000.0,0,0x7DA,0,8,0x04618A7BCC000000
449968000000.0,0,0x7DA,0,8,0x04618A7C2E000000
450070000000.0,0,0x7DA,0,8,0x04618A7C2E000000
450168000000.0,0,0x7DA,0,8,0x04618A7C2E000000
450270000000.0,0,0x7DA,0,8,0x04618A7C5F000000
450369000000.0,0,0x7DA,0,8,0x04618A7C5F000000
450471000000.0,0,0x7DA,0,8,0x04618A7C90000000
450569000000.0,0,0x7DA,0,8,0x04618A7C5F000000
450668000000.0,0,0x7DA,0,8,0x04618A7C90000000
450770000000.0,0,0x7DA,0,8,0x04618A7BCC000000
450868000000.0,0,0x7DA,0,8,0x04618A7B3A000000
450971000000.0,0,0x7DA,0,8,0x04618A7A76000000
451069000000.0,0,0x7DA,0,8,0x04618A7951000000
451167000000.0,0,0x7DA,0,8,0x04618A78EF000000
451270000000.0,0,0x7DA,0,8,0x04618A7920000000
451368000000.0,0,0x7DA,0,8,0x04618A7920000000
451470000000.0,0,0x7DA,0,8,0x04618A7920000000
451569000000.0,0,0x7DA,0,8,0x04618A7951000000
451671000000.0,0,0x7DA,0,8,0x04618A7951000000
451769000000.0,0,0x7DA,0,8,0x04618A79B3000000
451868000000.0,0,0x7DA,0,8,0x04618A79E4000000
451970000000.0,0,0x7DA,0,8,0x04618A79E4000000
452068000000.0,0,0x7DA,0,8,0x04618A79B3000000
452171000000.0,0,0x7DA,0,8,0x04618A7A45000000
452269000000.0,0,0x7DA,0,8,0x04618A7AA7000000
452372000000.0,0,0x7DA,0,8,0x04618A7AD8000000
452470000000.0,0,0x7DA,0,8,0x04618A7AA7000000
452568000000.0,0,0x7DA,0,8,0x04618A7A45000000
452671000000.0,0,0x7DA,0,8,0x04618A7A45000000
452769000000.0,0,0x7DA,0,8,0x04618A7A45000000
452872000000.0,0,0x7DA,0,8,0x04618A78BE000000
452970000000.0,0,0x7DA,0,8,0x04618A7920000000
453072000000.0,0,0x7DA,0,8,0x04618A7A45000000
453170000000.0,0,0x7DA,0,8,0x04618A7A45000000
453269000000.0,0,0x7DA,0,8,0x04618A7A45000000
453371000000.0,0,0x7DA,0,8,0x04618A7A45000000
453469000000.0,0,0x7DA,0,8,0x04618A7B6B000000
453572000000.0,0,0x7DA,0,8,0x04618A7AA7000000
453670000000.0,0,0x7DA,0,8,0x04618A7BFD000000
453772000000.0,0,0x7DA,0,8,0x04618A7B6B000000
453871000000.0,0,0x7DA,0,8,0x04618A7CF2000000
453970000000.0,0,0x7DA,0,8,0x04618A7D23000000
454072000000.0,0,0x7DA,0,8,0x04618A7D23000000
454174000000.0,0,0x7DA,0,8,0x04618A7E48000000
454272000000.0,0,0x7DA,0,8,0x04618A7EAA000000
454375000000.0,0,0x7DA,0,8,0x04618A7EDB000000
454473000000.0,0,0x7DA,0,8,0x04618A7F6D000000
454571000000.0,0,0x7DA,0,8,0x04618A7FCF000000
454674000000.0,0,0x7DA,0,8,0x04618A8000000000
454772000000.0,0,0x7DA,0,8,0x04618A8000000000
454874000000.0,0,0x7DA,0,8,0x04618A8031000000
454973000000.0,0,0x7DA,0,8,0x04618A80C3000000
455075000000.0,0,0x7DA,0,8,0x04618A8092000000
455173000000.0,0,0x7DA,0,8,0x04618A80C3000000
455276000000.0,0,0x7DA,0,8,0x04618A80F4000000
455374000000.0,0,0x7DA,0,8,0x04618A8187000000
455472000000.0,0,0x7DA,0,8,0x04618A81E9000000
455575000000.0,0,0x7DA,0,8,0x04618A8219000000
455673000000.0,0,0x7DA,0,8,0x04618A824A000000
455771000000.0,0,0x7DA,0,8,0x04618A82AC000000
455874000000.0,0,0x7DA,0,8,0x04618A82DD000000
455972000000.0,0,0x7DA,0,8,0x04618A830E000000
456074000000.0,0,0x7DA,0,8,0x04618A830E000000
456173000000.0,0,0x7DA,0,8,0x04618A833F000000
456271000000.0,0,0x7DA,0,8,0x04618A8370000000
456374000000.0,0,0x7DA,0,8,0x04618A83D1000000
456472000000.0,0,0x7DA,0,8,0x04618A83D1000000
456574000000.0,0,0x7DA,0,8,0x04618A8402000000
456672000000.0,0,0x7DA,0,8,0x04618A8433000000
456775000000.0,0,0x7DA,0,8,0x04618A8464000000
456873000000.0,0,0x7DA,0,8,0x04618A8464000000
456973000000.0,0,0x7DA,0,8,0x04618A84C6000000
457074000000.0,0,0x7DA,0,8,0x04618A8495000000
457172000000.0,0,0x7DA,0,8,0x04618A84C6000000
457275000000.0,0,0x7DA,0,8,0x04618A84C6000000
457373000000.0,0,0x7DA,0,8,0x04618A84F7000000
457471000000.0,0,0x7DA,0,8,0x04618A8527000000
457574000000.0,0,0x7DA,0,8,0x04618A84F7000000
457672000000.0,0,0x7DA,0,8,0x04618A8558000000
457774000000.0,0,0x7DA,0,8,0x04618A85BA000000
457873000000.0,0,0x7DA,0,8,0x04618A8558000000
457975000000.0,0,0x7DA,0,8,0x04618A85BA000000
458073000000.0,0,0x7DA,0,8,0x04618A861C000000
458172000000.0,0,0x7DA,0,8,0x04618A864D000000
458274000000.0,0,0x7DA,0,8,0x04618A864D000000
458372000000.0,0,0x7DA,0,8,0x04618A867E000000
458475000000.0,0,0x7DA,0,8,0x04618A867E000000
458573000000.0,0,0x7DA,0,8,0x04618A8710000000
458672000000.0,0,0x7DA,0,8,0x04618A86AE000000
458774000000.0,0,0x7DA,0,8,0x04618A86DF000000
458872000000.0,0,0x7DA,0,8,0x04618A8741000000
458974000000.0,0,0x7DA,0,8,0x04618A8741000000
459073000000.0,0,0x7DA,0,8,0x04618A8741000000
459175000000.0,0,0x7DA,0,8,0x04618A8805000000
459273000000.0,0,0x7DA,0,8,0x04618A87D4000000
459372000000.0,0,0x7DA,0,8,0x04618A8897000000
459474000000.0,0,0x7DA,0,8,0x04618A892A000000
459572000000.0,0,0x7DA,0,8,0x04618A89ED000000
459675000000.0,0,0x7DA,0,8,0x04618A8AB1000000
459773000000.0,0,0x7DA,0,8,0x04618A8BD6000000
459872000000.0,0,0x7DA,0,8,0x04618A8D2C000000
459975000000.0,0,0x7DA,0,8,0x04618A8EB3000000
460072000000.0,0,0x7DA,0,8,0x04618A8F15000000
460175000000.0,0,0x7DA,0,8,0x04618A9223000000
460273000000.0,0,0x7DA,0,8,0x04618A92E6000000
460371000000.0,0,0x7DA,0,8,0x04618A94CF000000
460474000000.0,0,0x7DA,0,8,0x04618A98D2000000
460572000000.0,0,0x7DA,0,8,0x04618A99F7000000
460674000000.0,0,0x7DA,0,8,0x04618A9B4D000000
460773000000.0,0,0x7DA,0,8,0x04618A9BE0000000
460875000000.0,0,0x7DA,0,8,0x04618A9EEE000000
460973000000.0,0,0x7DA,0,8,0x04618A9A8A000000
461072000000.0,0,0x7DA,0,8,0x04618AA321000000
461174000000.0,0,0x7DA,0,8,0x04618A9EBD000000
461272000000.0,0,0x7DA,0,8,0x04618AA1CB000000
461375000000.0,0,0x7DA,0,8,0x04618AA28E000000
461473000000.0,0,0x7DA,0,8,0x04618AA075000000
461575000000.0,0,0x7DA,0,8,0x04618AA383000000
461674000000.0,0,0x7DA,0,8,0x04618AA075000000
461772000000.0,0,0x7DA,0,8,0x04618AA3E4000000
461874000000.0,0,0x7DA,0,8,0x04618A9E8C000000
461973000000.0,0,0x7DA,0,8,0x04618AA138000000
462075000000.0,0,0x7DA,0,8,0x04618AA2BF000000
462174000000.0,0,0x7DA,0,8,0x04618AA0A6000000
462272000000.0,0,0x7DA,0,8,0x04618A9F80000000
462374000000.0,0,0x7DA,0,8,0x04618AA2F0000000
462472000000.0,0,0x7DA,0,8,0x04618A9F1F000000
462575000000.0,0,0x7DA,0,8,0x04618AA044000000
462674000000.0,0,0x7DA,0,8,0x04618AA075000000
462771000000.0,0,0x7DA,0,8,0x04618A9EEE000000
462875000000.0,0,0x7DA,0,8,0x04618AA075000000
462972000000.0,0,0x7DA,0,8,0x04618AA013000000
463075000000.0,0,0x7DA,0,8,0x04618A9B7E000000
463173000000.0,0,0x7DA,0,8,0x04618A90FE000000
463271000000.0,0,0x7DA,0,8,0x04618A86DF000000
463374000000.0,0,0x7DA,0,8,0x04618A8156000000
463472000000.0,0,0x7DA,0,8,0x04618A8062000000
463574000000.0,0,0x7DA,0,8,0x04618A7BCC000000
463673000000.0,0,0x7DA,0,8,0x04618A78BE000000
463775000000.0,0,0x7DA,0,8,0x04618A788E000000
463873000000.0,0,0x7DA,0,8,0x04618A77CA000000
463972000000.0,0,0x7DA,0,8,0x04618A782C000000
464074000000.0,0,0x7DA,0,8,0x04618A788E000000
464172000000.0,0,0x7DA,0,8,0x04618A788E000000
464275000000.0,0,0x7DA,0,8,0x04618A788E000000
464373000000.0,0,0x7DA,0,8,0x04618A785D000000
464476000000.0,0,0x7DA,0,8,0x04618A77FB000000
464574000000.0,0,0x7DA,0,8,0x04618A782C000000
464672000000.0,0,0x7DA,0,8,0x04618A788E000000
464774000000.0,0,0x7DA,0,8,0x04618A788E000000
464873000000.0,0,0x7DA,0,8,0x04618A788E000000
464975000000.0,0,0x7DA,0,8,0x04618A78BE000000
465074000000.0,0,0x7DA,0,8,0x04618A78BE000000
465172000000.0,0,0x7DA,0,8,0x04618A788E000000
465274000000.0,0,0x7DA,0,8,0x04618A78BE000000
465372000000.0,0,0x7DA,0,8,0x04618A785D000000
465475000000.0,0,0x7DA,0,8,0x04618A78EF000000
465573000000.0,0,0x7DA,0,8,0x04618A78BE000000
465672000000.0,0,0x7DA,0,8,0x04618A785D000000
465774000000.0,0,0x7DA,0,8,0x04618A788E000000
465872000000.0,0,0x7DA,0,8,0x04618A78BE000000
465975000000.0,0,0x7DA,0,8,0x04618A78BE000000
466073000000.0,0,0x7DA,0,8,0x04618A78EF000000
466175000000.0,0,0x7DA,0,8,0x04618A788E000000
466274000000.0,0,0x7DA,0,8,0x04618A7920000000
466372000000.0,0,0x7DA,0,8,0x04618A78EF000000
466475000000.0,0,0x7DA,0,8,0x04618A78EF000000
466573000000.0,0,0x7DA,0,8,0x04618A7920000000
466675000000.0,0,0x7DA,0,8,0x04618A7920000000
466773000000.0,0,0x7DA,0,8,0x04618A78BE000000
466872000000.0,0,0x7DA,0,8,0x04618A7920000000
466974000000.0,0,0x7DA,0,8,0x04618A7920000000
467073000000.0,0,0x7DA,0,8,0x04618A7920000000
467175000000.0,0,0x7DA,0,8,0x04618A7920000000
467273000000.0,0,0x7DA,0,8,0x04618A7951000000
467371000000.0,0,0x7DA,0,8,0x04618A7951000000
467474000000.0,0,0x7DA,0,8,0x04618A7982000000
467572000000.0,0,0x7DA,0,8,0x04618A7951000000
467674000000.0,0,0x7DA,0,8,0x04618A7982000000
467773000000.0,0,0x7DA,0,8,0x04618A7951000000
467875000000.0,0,0x7DA,0,8,0x04618A79B3000000
467974000000.0,0,0x7DA,0,8,0x04618A79B3000000
468072000000.0,0,0x7DA,0,8,0x04618A79B3000000
468174000000.0,0,0x7DA,0,8,0x04618A7982000000
468273000000.0,0,0x7DA,0,8,0x04618A79E4000000
468375000000.0,0,0x7DA,0,8,0x04618A79E4000000
468473000000.0,0,0x7DA,0,8,0x04618A79B3000000
468576000000.0,0,0x7DA,0,8,0x04618A7A15000000
468675000000.0,0,0x7DA,0,8,0x04618A79E4000000
468772000000.0,0,0x7DA,0,8,0x04618A7A45000000
468875000000.0,0,0x7DA,0,8,0x04618A7A45000000
468973000000.0,0,0x7DA,0,8,0x04618A7A45000000
469075000000.0,0,0x7DA,0,8,0x04618A7A76000000
469174000000.0,0,0x7DA,0,8,0x04618A7A76000000
469272000000.0,0,0x7DA,0,8,0x04618A7A76000000
469375000000.0,0,0x7DA,0,8,0x04618A7CC1000000
469473000000.0,0,0x7DA,0,8,0x04618A7F9E000000
469575000000.0,0,0x7DA,0,8,0x04618A80C3000000
469673000000.0,0,0x7DA,0,8,0x04618A8402000000
469772000000.0,0,0x7DA,0,8,0x04618A830E000000
469874000000.0,0,0x7DA,0,8,0x04618A833F000000
469972000000.0,0,0x7DA,0,8,0x04618A8370000000
470075000000.0,0,0x7DA,0,8,0x04618A8370000000
470173000000.0,0,0x7DA,0,8,0x04618A833F000000
470276000000.0,0,0x7DA,0,8,0x04618A833F000000
470374000000.0,0,0x7DA,0,8,0x04618A833F000000
470472000000.0,0,0x7DA,0,8,0x04618A833F000000
470575000000.0,0,0x7DA,0,8,0x04618A833F000000
470674000000.0,0,0x7DA,0,8,0x04618A833F000000
470775000000.0,0,0x7DA,0,8,0x04618A833F000000
470874000000.0,0,0x7DA,0,8,0x04618A833F000000
470976000000.0,0,0x7DA,0,8,0x04618A833F000000
471074000000.0,0,0x7DA,0,8,0x04618A833F000000
471173000000.0,0,0x7DA,0,8,0x04618A833F000000
471275000000.0,0,0x7DA,0,8,0x04618A8370000000
471373000000.0,0,0x7DA,0,8,0x04618A833F000000
471476000000.0,0,0x7DA,0,8,0x04618A8370000000
471574000000.0,0,0x7DA,0,8,0x04618A833F000000
471676000000.0,0,0x7DA,0,8,0x04618A8370000000
471775000000.0,0,0x7DA,0,8,0x04618A833F000000
471873000000.0,0,0x7DA,0,8,0x04618A830E000000
471975000000.0,0,0x7DA,0,8,0x04618A833F000000
472074000000.0,0,0x7DA,0,8,0x04618A833F000000
472176000000.0,0,0x7DA,0,8,0x04618A833F000000
472274000000.0,0,0x7DA,0,8,0x04618A830E000000
472373000000.0,0,0x7DA,0,8,0x04618A830E000000
472475000000.0,0,0x7DA,0,8,0x04618A830E000000
472573000000.0,0,0x7DA,0,8,0x04618A833F000000
472672000000.0,0,0x7DA,0,8,0x04618A833F000000
472774000000.0,0,0x7DA,0,8,0x04618A830E000000
472877000000.0,0,0x7DA,0,8,0x04618A833F000000
472975000000.0,0,0x7DA,0,8,0x04618A830E000000
473073000000.0,0,0x7DA,0,8,0x04618A830E000000
473176000000.0,0,0x7DA,0,8,0x04618A830E000000
473274000000.0,0,0x7DA,0,8,0x04618A830E000000
473376000000.0,0,0x7DA,0,8,0x04618A830E000000
473475000000.0,0,0x7DA,0,8,0x04618A830E000000
473573000000.0,0,0x7DA,0,8,0x04618A830E000000
473675000000.0,0,0x7DA,0,8,0x04618A830E000000
473778000000.0,0,0x7DA,0,8,0x04618A82DD000000
473876000000.0,0,0x7DA,0,8,0x04618A82DD000000
473974000000.0,0,0x7DA,0,8,0x04618A82DD000000
474077000000.0,0,0x7DA,0,8,0x04618A82DD000000
474175000000.0,0,0x7DA,0,8,0x04618A82DD000000
474277000000.0,0,0x7DA,0,8,0x04618A82AC000000
474376000000.0,0,0x7DA,0,8,0x04618A82AC000000
474478000000.0,0,0x7DA,0,8,0x04618A82AC000000
474679000000.0,0,0x7DA,0,8,0x04618A82AC000000
474777000000.0,0,0x7DA,0,8,0x04618A82AC000000
474875000000.0,0,0x7DA,0,8,0x04618A82DD000000
474978000000.0,0,0x7DA,0,8,0x04618A82DD000000
475077000000.0,0,0x7DA,0,8,0x04618A82DD000000
475179000000.0,0,0x7DA,0,8,0x04618A82AC000000
475277000000.0,0,0x7DA,0,8,0x04618A82AC000000
475375000000.0,0,0x7DA,0,8,0x04618A82AC000000
475478000000.0,0,0x7DA,0,8,0x04618A827B000000
475576000000.0,0,0x7DA,0,8,0x04618A82AC000000
475678000000.0,0,0x7DA,0,8,0x04618A82AC000000
475777000000.0,0,0x7DA,0,8,0x04618A82AC000000
475875000000.0,0,0x7DA,0,8,0x04618A82AC000000
475977000000.0,0,0x7DA,0,8,0x04618A82AC000000
476076000000.0,0,0x7DA,0,8,0x04618A827B000000
476178000000.0,0,0x7DA,0,8,0x04618A82AC000000
476276000000.0,0,0x7DA,0,8,0x04618A827B000000
476379000000.0,0,0x7DA,0,8,0x04618A827B000000
476477000000.0,0,0x7DA,0,8,0x04618A82AC000000
476575000000.0,0,0x7DA,0,8,0x04618A824A000000
476678000000.0,0,0x7DA,0,8,0x04618A827B000000
476776000000.0,0,0x7DA,0,8,0x04618A824A000000
476878000000.0,0,0x7DA,0,8,0x04618A8219000000
476977000000.0,0,0x7DA,0,8,0x04618A81E9000000
477079000000.0,0,0x7DA,0,8,0x04618A8187000000
477177000000.0,0,0x7DA,0,8,0x04618A80C3000000
477280000000.0,0,0x7DA,0,8,0x04618A80C3000000
477378000000.0,0,0x7DA,0,8,0x04618A8062000000
477481000000.0,0,0x7DA,0,8,0x04618A8092000000
477579000000.0,0,0x7DA,0,8,0x04618A8092000000
477677000000.0,0,0x7DA,0,8,0x04618A80C3000000
477780000000.0,0,0x7DA,0,8,0x04618A80C3000000
477878000000.0,0,0x7DA,0,8,0x04618A80C3000000
477980000000.0,0,0x7DA,0,8,0x04618A80C3000000
478079000000.0,0,0x7DA,0,8,0x04618A80F4000000
478177000000.0,0,0x7DA,0,8,0x04618A8125000000
478279000000.0,0,0x7DA,0,8,0x04618A8156000000
478378000000.0,0,0x7DA,0,8,0x04618A8125000000
478480000000.0,0,0x7DA,0,8,0x04618A8156000000
478579000000.0,0,0x7DA,0,8,0x04618A81B8000000
478681000000.0,0,0x7DA,0,8,0x04618A81B8000000
478779000000.0,0,0x7DA,0,8,0x04618A8187000000
478877000000.0,0,0x7DA,0,8,0x04618A81B8000000
478980000000.0,0,0x7DA,0,8,0x04618A81B8000000
479078000000.0,0,0x7DA,0,8,0x04618A8187000000
479180000000.0,0,0x7DA,0,8,0x04618A81B8000000
479279000000.0,0,0x7DA,0,8,0x04618A81B8000000
479377000000.0,0,0x7DA,0,8,0x04618A81B8000000
479479000000.0,0,0x7DA,0,8,0x04618A81B8000000
479578000000.0,0,0x7DA,0,8,0x04618A81B8000000
479680000000.0,0,0x7DA,0,8,0x04618A81B8000000
479778000000.0,0,0x7DA,0,8,0x04618A81E9000000
479877000000.0,0,0x7DA,0,8,0x04618A81B8000000
479980000000.0,0,0x7DA,0,8,0x04618A81E9000000
480077000000.0,0,0x7DA,0,8,0x04618A81B8000000
480180000000.0,0,0x7DA,0,8,0x04618A81B8000000
480278000000.0,0,0x7DA,0,8,0x04618A81B8000000
480381000000.0,0,0x7DA,0,8,0x04618A81B8000000
480479000000.0,0,0x7DA,0,8,0x04618A81B8000000
480577000000.0,0,0x7DA,0,8,0x04618A81B8000000
480681000000.0,0,0x7DA,0,8,0x04618A81B8000000
480782000000.0,0,0x7DA,0,8,0x04618A81B8000000
480880000000.0,0,0x7DA,0,8,0x04618A81B8000000
480983000000.0,0,0x7DA,0,8,0x04618A81B8000000
481081000000.0,0,0x7DA,0,8,0x04618A81B8000000
481183000000.0,0,0x7DA,0,8,0x04618A81E9000000
481282000000.0,0,0x7DA,0,8,0x04618A8219000000
481380000000.0,0,0x7DA,0,8,0x04618A81E9000000
481482000000.0,0,0x7DA,0,8,0x04618A81E9000000
481581000000.0,0,0x7DA,0,8,0x04618A81E9000000
481684000000.0,0,0x7DA,0,8,0x04618A8219000000
481781000000.0,0,0x7DA,0,8,0x04618A81E9000000
481884000000.0,0,0x7DA,0,8,0x04618A81E9000000
481982000000.0,0,0x7DA,0,8,0x04618A8219000000
482080000000.0,0,0x7DA,0,8,0x04618A81E9000000
482183000000.0,0,0x7DA,0,8,0x04618A81B8000000
482281000000.0,0,0x7DA,0,8,0x04618A81E9000000
482384000000.0,0,0x7DA,0,8,0x04618A8187000000
482482000000.0,0,0x7DA,0,8,0x04618A81B8000000
482580000000.0,0,0x7DA,0,8,0x04618A81B8000000
482683000000.0,0,0x7DA,0,8,0x04618A81B8000000
482781000000.0,0,0x7DA,0,8,0x04618A81E9000000
482883000000.0,0,0x7DA,0,8,0x04618A81B8000000
482982000000.0,0,0x7DA,0,8,0x04618A81E9000000
483080000000.0,0,0x7DA,0,8,0x04618A81E9000000
483182000000.0,0,0x7DA,0,8,0x04618A81E9000000
483281000000.0,0,0x7DA,0,8,0x04618A81B8000000
483383000000.0,0,0x7DA,0,8,0x04618A81B8000000
483482000000.0,0,0x7DA,0,8,0x04618A81E9000000
483584000000.0,0,0x7DA,0,8,0x04618A81B8000000
483682000000.0,0,0x7DA,0,8,0x04618A81B8000000
483780000000.0,0,0x7DA,0,8,0x04618A81B8000000
483883000000.0,0,0x7DA,0,8,0x04618A81B8000000
483981000000.0,0,0x7DA,0,8,0x04618A81E9000000
484083000000.0,0,0x7DA,0,8,0x04618A81B8000000
484182000000.0,0,0x7DA,0,8,0x04618A81E9000000
484280000000.0,0,0x7DA,0,8,0x04618A8187000000
484382000000.0,0,0x7DA,0,8,0x04618A81E9000000
484481000000.0,0,0x7DA,0,8,0x04618A8187000000
484583000000.0,0,0x7DA,0,8,0x04618A81B8000000
484681000000.0,0,0x7DA,0,8,0x04618A81B8000000
484780000000.0,0,0x7DA,0,8,0x04618A8187000000
484882000000.0,0,0x7DA,0,8,0x04618A81B8000000
484981000000.0,0,0x7DA,0,8,0x04618A81B8000000
485083000000.0,0,0x7DA,0,8,0x04618A8187000000
485181000000.0,0,0x7DA,0,8,0x04618A8187000000
485284000000.0,0,0x7DA,0,8,0x04618A8156000000
485382000000.0,0,0x7DA,0,8,0x04618A8156000000
485480000000.0,0,0x7DA,0,8,0x04618A8125000000
485583000000.0,0,0x7DA,0,8,0x04618A80F4000000
485681000000.0,0,0x7DA,0,8,0x04618A80F4000000
485783000000.0,0,0x7DA,0,8,0x04618A80C3000000
485882000000.0,0,0x7DA,0,8,0x04618A8092000000
485980000000.0,0,0x7DA,0,8,0x04618A8092000000
486082000000.0,0,0x7DA,0,8,0x04618A8062000000
486181000000.0,0,0x7DA,0,8,0x04618A7F3C000000
486283000000.0,0,0x7DA,0,8,0x04618A7F0B000000
486381000000.0,0,0x7DA,0,8,0x04618A7EDB000000
486484000000.0,0,0x7DA,0,8,0x04618A7EDB000000
486582000000.0,0,0x7DA,0,8,0x04618A7F3C000000
486680000000.0,0,0x7DA,0,8,0x04618A7F3C000000
486783000000.0,0,0x7DA,0,8,0x04618A7F0B000000
486881000000.0,0,0x7DA,0,8,0x04618A7EAA000000
486983000000.0,0,0x7DA,0,8,0x04618A7EAA000000
487082000000.0,0,0x7DA,0,8,0x04618A7EDB000000
487180000000.0,0,0x7DA,0,8,0x04618A7EDB000000
487282000000.0,0,0x7DA,0,8,0x04618A7EDB000000
487381000000.0,0,0x7DA,0,8,0x04618A7EAA000000
487483000000.0,0,0x7DA,0,8,0x04618A7E79000000
487581000000.0,0,0x7DA,0,8,0x04618A7DE6000000
487684000000.0,0,0x7DA,0,8,0x04618A7D53000000
487782000000.0,0,0x7DA,0,8,0x04618A7D53000000
487881000000.0,0,0x7DA,0,8,0x04618A7D53000000
487983000000.0,0,0x7DA,0,8,0x04618A7D53000000
488081000000.0,0,0x7DA,0,8,0x04618A7D53000000
488184000000.0,0,0x7DA,0,8,0x04618A7D53000000
488282000000.0,0,0x7DA,0,8,0x04618A7D84000000
488380000000.0,0,0x7DA,0,8,0x04618A7D84000000
488483000000.0,0,0x7DA,0,8,0x04618A7E17000000
488581000000.0,0,0x7DA,0,8,0x04618A7EAA000000
488683000000.0,0,0x7DA,0,8,0x04618A7F9E000000
488782000000.0,0,0x7DA,0,8,0x04618A80C3000000
488880000000.0,0,0x7DA,0,8,0x04618A80F4000000
488982000000.0,0,0x7DA,0,8,0x04618A827B000000
489081000000.0,0,0x7DA,0,8,0x04618A83D1000000
489183000000.0,0,0x7DA,0,8,0x04618A830E000000
489282000000.0,0,0x7DA,0,8,0x04618A830E000000
489384000000.0,0,0x7DA,0,8,0x04618A82DD000000
489482000000.0,0,0x7DA,0,8,0x04618A82DD000000
489580000000.0,0,0x7DA,0,8,0x04618A82DD000000
489683000000.0,0,0x7DA,0,8,0x04618A82DD000000
489781000000.0,0,0x7DA,0,8,0x04618A82AC000000
489883000000.0,0,0x7DA,0,8,0x04618A82AC000000
489982000000.0,0,0x7DA,0,8,0x04618A82AC000000
490080000000.0,0,0x7DA,0,8,0x04618A82AC000000
490182000000.0,0,0x7DA,0,8,0x04618A82AC000000
490281000000.0,0,0x7DA,0,8,0x04618A82AC000000
490383000000.0,0,0x7DA,0,8,0x04618A824A000000
490481000000.0,0,0x7DA,0,8,0x04618A824A000000
490584000000.0,0,0x7DA,0,8,0x04618A824A000000
490686000000.0,0,0x7DA,0,8,0x04618A824A000000
490785000000.0,0,0x7DA,0,8,0x04618A82AC000000
490887000000.0,0,0x7DA,0,8,0x04618A827B000000
490985000000.0,0,0x7DA,0,8,0x04618A827B000000
491088000000.0,0,0x7DA,0,8,0x04618A827B000000
491186000000.0,0,0x7DA,0,8,0x04618A82AC000000
491284000000.0,0,0x7DA,0,8,0x04618A82AC000000
491387000000.0,0,0x7DA,0,8,0x04618A82AC000000
491485000000.0,0,0x7DA,0,8,0x04618A82DD000000
491587000000.0,0,0x7DA,0,8,0x04618A82AC000000
491686000000.0,0,0x7DA,0,8,0x04618A82DD000000
491784000000.0,0,0x7DA,0,8,0x04618A82DD000000
491886000000.0,0,0x7DA,0,8,0x04618A82AC000000
491985000000.0,0,0x7DA,0,8,0x04618A82AC000000
492087000000.0,0,0x7DA,0,8,0x04618A82AC000000
492185000000.0,0,0x7DA,0,8,0x04618A82AC000000
492288000000.0,0,0x7DA,0,8,0x04618A82AC000000
492386000000.0,0,0x7DA,0,8,0x04618A82AC000000
492485000000.0,0,0x7DA,0,8,0x04618A82AC000000
492587000000.0,0,0x7DA,0,8,0x04618A82DD000000
492685000000.0,0,0x7DA,0,8,0x04618A82DD000000
492788000000.0,0,0x7DA,0,8,0x04618A82DD000000
492886000000.0,0,0x7DA,0,8,0x04618A82AC000000
492984000000.0,0,0x7DA,0,8,0x04618A82DD000000
493087000000.0,0,0x7DA,0,8,0x04618A82DD000000
493185000000.0,0,0x7DA,0,8,0x04618A82DD000000
493287000000.0,0,0x7DA,0,8,0x04618A82DD000000
493386000000.0,0,0x7DA,0,8,0x04618A82AC000000
493488000000.0,0,0x7DA,0,8,0x04618A82DD000000
493590000000.0,0,0x7DA,0,8,0x04618A830E000000
493689000000.0,0,0x7DA,0,8,0x04618A82DD000000
493787000000.0,0,0x7DA,0,8,0x04618A82DD000000
493889000000.0,0,0x7DA,0,8,0x04618A82AC000000
493988000000.0,0,0x7DA,0,8,0x04618A82AC000000
494086000000.0,0,0x7DA,0,8,0x04618A82AC000000
494188000000.0,0,0x7DA,0,8,0x04618A82AC000000
494291000000.0,0,0x7DA,0,8,0x04618A82AC000000
494389000000.0,0,0x7DA,0,8,0x04618A82AC000000
494488000000.0,0,0x7DA,0,8,0x04618A827B000000
494590000000.0,0,0x7DA,0,8,0x04618A824A000000
494688000000.0,0,0x7DA,0,8,0x04618A824A000000
494786000000.0,0,0x7DA,0,8,0x04618A81E9000000
494889000000.0,0,0x7DA,0,8,0x04618A8125000000
494991000000.0,0,0x7DA,0,8,0x04618A8092000000
495090000000.0,0,0x7DA,0,8,0x04618A8031000000
495188000000.0,0,0x7DA,0,8,0x04618A7EDB000000
495287000000.0,0,0x7DA,0,8,0x04618A7F0B000000
495389000000.0,0,0x7DA,0,8,0x04618A7E79000000
495487000000.0,0,0x7DA,0,8,0x04618A7EDB000000
495589000000.0,0,0x7DA,0,8,0x04618A7EDB000000
495688000000.0,0,0x7DA,0,8,0x04618A7EDB000000
495790000000.0,0,0x7DA,0,8,0x04618A7EDB000000
495888000000.0,0,0x7DA,0,8,0x04618A7F3C000000
495987000000.0,0,0x7DA,0,8,0x04618A7F3C000000
496089000000.0,0,0x7DA,0,8,0x04618A7F9E000000
496187000000.0,0,0x7DA,0,8,0x04618A7F9E000000
496290000000.0,0,0x7DA,0,8,0x04618A7FCF000000
496388000000.0,0,0x7DA,0,8,0x04618A8031000000
496486000000.0,0,0x7DA,0,8,0x04618A8092000000
496589000000.0,0,0x7DA,0,8,0x04618A8125000000
496687000000.0,0,0x7DA,0,8,0x04618A830E000000
496790000000.0,0,0x7DA,0,8,0x04618A824A000000
496888000000.0,0,0x7DA,0,8,0x04618A827B000000
496986000000.0,0,0x7DA,0,8,0x04618A82AC000000
497088000000.0,0,0x7DA,0,8,0x04618A827B000000
497187000000.0,0,0x7DA,0,8,0x04618A827B000000
497289000000.0,0,0x7DA,0,8,0x04618A827B000000
497388000000.0,0,0x7DA,0,8,0x04618A827B000000
497490000000.0,0,0x7DA,0,8,0x04618A824A000000
497588000000.0,0,0x7DA,0,8,0x04618A824A000000
497686000000.0,0,0x7DA,0,8,0x04618A81E9000000
497789000000.0,0,0x7DA,0,8,0x04618A81B8000000
497887000000.0,0,0x7DA,0,8,0x04618A8092000000
497990000000.0,0,0x7DA,0,8,0x04618A8031000000
498088000000.0,0,0x7DA,0,8,0x04618A7D53000000
498186000000.0,0,0x7DA,0,8,0x04618A7CF2000000
498289000000.0,0,0x7DA,0,8,0x04618A7B9C000000
498387000000.0,0,0x7DA,0,8,0x04618A7B09000000
498489000000.0,0,0x7DA,0,8,0x04618A7AD8000000
498588000000.0,0,0x7DA,0,8,0x04618A7B6B000000
498690000000.0,0,0x7DA,0,8,0x04618A7B6B000000
498788000000.0,0,0x7DA,0,8,0x04618A7BFD000000
498887000000.0,0,0x7DA,0,8,0x04618A7C5F000000
498989000000.0,0,0x7DA,0,8,0x04618A7DB5000000
499087000000.0,0,0x7DA,0,8,0x04618A7E79000000
499190000000.0,0,0x7DA,0,8,0x04618A7FCF000000
499288000000.0,0,0x7DA,0,8,0x04618A8092000000
499390000000.0,0,0x7DA,0,8,0x04618A8092000000
499489000000.0,0,0x7DA,0,8,0x04618A81B8000000
499588000000.0,0,0x7DA,0,8,0x04618A80F4000000
499689000000.0,0,0x7DA,0,8,0x04618A8092000000
499788000000.0,0,0x7DA,0,8,0x04618A80C3000000
499890000000.0,0,0x7DA,0,8,0x04618A8092000000
499988000000.0,0,0x7DA,0,8,0x04618A8062000000
500091000000.0,0,0x7DA,0,8,0x04618A8031000000
500189000000.0,0,0x7DA,0,8,0x04618A7F0B000000
500289000000.0,0,0x7DA,0,8,0x04618A7EDB000000
500390000000.0,0,0x7DA,0,8,0x04618A7EAA000000
500488000000.0,0,0x7DA,0,8,0x04618A7E48000000
500591000000.0,0,0x7DA,0,8,0x04618A7E79000000
500689000000.0,0,0x7DA,0,8,0x04618A7E79000000
500791000000.0,0,0x7DA,0,8,0x04618A7E79000000
500890000000.0,0,0x7DA,0,8,0x04618A7E79000000
500992000000.0,0,0x7DA,0,8,0x04618A7E79000000
501090000000.0,0,0x7DA,0,8,0x04618A7E17000000
501189000000.0,0,0x7DA,0,8,0x04618A7D53000000
501292000000.0,0,0x7DA,0,8,0x04618A7C90000000
501389000000.0,0,0x7DA,0,8,0x04618A7A76000000
501492000000.0,0,0x7DA,0,8,0x04618A79B3000000
501590000000.0,0,0x7DA,0,8,0x04618A7982000000
501688000000.0,0,0x7DA,0,8,0x04618A7982000000
501791000000.0,0,0x7DA,0,8,0x04618A7982000000
501889000000.0,0,0x7DA,0,8,0x04618A7982000000
501991000000.0,0,0x7DA,0,8,0x04618A7982000000
502090000000.0,0,0x7DA,0,8,0x04618A79B3000000
502192000000.0,0,0x7DA,0,8,0x04618A79B3000000
502290000000.0,0,0x7DA,0,8,0x04618A79E4000000
502389000000.0,0,0x7DA,0,8,0x04618A79B3000000
502491000000.0,0,0x7DA,0,8,0x04618A79B3000000
502590000000.0,0,0x7DA,0,8,0x04618A79E4000000
502692000000.0,0,0x7DA,0,8,0x04618A7A45000000
502790000000.0,0,0x7DA,0,8,0x04618A79E4000000
502893000000.0,0,0x7DA,0,8,0x04618A7A15000000
502991000000.0,0,0x7DA,0,8,0x04618A7A45000000
503089000000.0,0,0x7DA,0,8,0x04618A7B6B000000
503192000000.0,0,0x7DA,0,8,0x04618A7EDB000000
503290000000.0,0,0x7DA,0,8,0x04618A8062000000
503388000000.0,0,0x7DA,0,8,0x04618A830E000000
503491000000.0,0,0x7DA,0,8,0x04618A833F000000
503593000000.0,0,0x7DA,0,8,0x04618A82DD000000
503691000000.0,0,0x7DA,0,8,0x04618A82DD000000
503794000000.0,0,0x7DA,0,8,0x04618A82DD000000
503892000000.0,0,0x7DA,0,8,0x04618A82AC000000
503990000000.0,0,0x7DA,0,8,0x04618A824A000000
504093000000.0,0,0x7DA,0,8,0x04618A8156000000
504191000000.0,0,0x7DA,0,8,0x04618A8092000000
504293000000.0,0,0x7DA,0,8,0x04618A8092000000
504392000000.0,0,0x7DA,0,8,0x04618A8062000000
504494000000.0,0,0x7DA,0,8,0x04618A8062000000
504592000000.0,0,0x7DA,0,8,0x04618A8092000000
504691000000.0,0,0x7DA,0,8,0x04618A8062000000
504793000000.0,0,0x7DA,0,8,0x04618A8062000000
504893000000.0,0,0x7DA,0,8,0x04618A8062000000
504994000000.0,0,0x7DA,0,8,0x04618A8062000000
505092000000.0,0,0x7DA,0,8,0x04618A8062000000
505195000000.0,0,0x7DA,0,8,0x04618A8000000000
505293000000.0,0,0x7DA,0,8,0x04618A7F9E000000
505395000000.0,0,0x7DA,0,8,0x04618A7F6D000000
505494000000.0,0,0x7DA,0,8,0x04618A7F9E000000
505592000000.0,0,0x7DA,0,8,0x04618A8031000000
505694000000.0,0,0x7DA,0,8,0x04618A8031000000
505793000000.0,0,0x7DA,0,8,0x04618A80C3000000
505895000000.0,0,0x7DA,0,8,0x04618A8219000000
505993000000.0,0,0x7DA,0,8,0x04618A827B000000
506092000000.0,0,0x7DA,0,8,0x04618A82DD000000
506194000000.0,0,0x7DA,0,8,0x04618A824A000000
506292000000.0,0,0x7DA,0,8,0x04618A82AC000000
506395000000.0,0,0x7DA,0,8,0x04618A82AC000000
506493000000.0,0,0x7DA,0,8,0x04618A82DD000000
506591000000.0,0,0x7DA,0,8,0x04618A82DD000000
506694000000.0,0,0x7DA,0,8,0x04618A82DD000000
506796000000.0,0,0x7DA,0,8,0x04618A82DD000000
506894000000.0,0,0x7DA,0,8,0x04618A830E000000
506993000000.0,0,0x7DA,0,8,0x04618A833F000000
507095000000.0,0,0x7DA,0,8,0x04618A83D1000000
507193000000.0,0,0x7DA,0,8,0x04618A84F7000000
507297000000.0,0,0x7DA,0,8,0x04618A85EB000000
507394000000.0,0,0x7DA,0,8,0x04618A861C000000
507492000000.0,0,0x7DA,0,8,0x04618A86AE000000
507595000000.0,0,0x7DA,0,8,0x04618A864D000000
507693000000.0,0,0x7DA,0,8,0x04618A864D000000
507796000000.0,0,0x7DA,0,8,0x04618A861C000000
507894000000.0,0,0x7DA,0,8,0x04618A85EB000000
507996000000.0,0,0x7DA,0,8,0x04618A864D000000
508095000000.0,0,0x7DA,0,8,0x04618A85EB000000
508197000000.0,0,0x7DA,0,8,0x04618A85BA000000
508295000000.0,0,0x7DA,0,8,0x04618A8558000000
508394000000.0,0,0x7DA,0,8,0x04618A84F7000000
508496000000.0,0,0x7DA,0,8,0x04618A84F7000000
508594000000.0,0,0x7DA,0,8,0x04618A84C6000000
508693000000.0,0,0x7DA,0,8,0x04618A84C6000000
508795000000.0,0,0x7DA,0,8,0x04618A8464000000
508893000000.0,0,0x7DA,0,8,0x04618A8464000000
508996000000.0,0,0x7DA,0,8,0x04618A8495000000
509094000000.0,0,0x7DA,0,8,0x04618A8433000000
509192000000.0,0,0x7DA,0,8,0x04618A83D1000000
509295000000.0,0,0x7DA,0,8,0x04618A83D1000000
509393000000.0,0,0x7DA,0,8,0x04618A83D1000000
509496000000.0,0,0x7DA,0,8,0x04618A8402000000
509594000000.0,0,0x7DA,0,8,0x04618A8402000000
509696000000.0,0,0x7DA,0,8,0x04618A83D1000000
509794000000.0,0,0x7DA,0,8,0x04618A8402000000
509893000000.0,0,0x7DA,0,8,0x04618A8433000000
509995000000.0,0,0x7DA,0,8,0x04618A8495000000
510098000000.0,0,0x7DA,0,8,0x04618A84F7000000
510196000000.0,0,0x7DA,0,8,0x04618A84F7000000
510298000000.0,0,0x7DA,0,8,0x04618A84F7000000
510397000000.0,0,0x7DA,0,8,0x04618A84F7000000
510495000000.0,0,0x7DA,0,8,0x04618A84F7000000
510597000000.0,0,0x7DA,0,8,0x04618A8527000000
510696000000.0,0,0x7DA,0,8,0x04618A84F7000000
510798000000.0,0,0x7DA,0,8,0x04618A84C6000000
510897000000.0,0,0x7DA,0,8,0x04618A8495000000
510995000000.0,0,0x7DA,0,8,0x04618A8464000000
511097000000.0,0,0x7DA,0,8,0x04618A8464000000
511195000000.0,0,0x7DA,0,8,0x04618A8464000000
511298000000.0,0,0x7DA,0,8,0x04618A8402000000
511396000000.0,0,0x7DA,0,8,0x04618A8402000000
511498000000.0,0,0x7DA,0,8,0x04618A83D1000000
511598000000.0,0,0x7DA,0,8,0x04618A83D1000000
511695000000.0,0,0x7DA,0,8,0x04618A83A0000000
511797000000.0,0,0x7DA,0,8,0x04618A83A0000000
511896000000.0,0,0x7DA,0,8,0x04618A8370000000
511998000000.0,0,0x7DA,0,8,0x04618A8370000000
512096000000.0,0,0x7DA,0,8,0x04618A8370000000
512195000000.0,0,0x7DA,0,8,0x04618A833F000000
512297000000.0,0,0x7DA,0,8,0x04618A8370000000
512396000000.0,0,0x7DA,0,8,0x04618A833F000000
512498000000.0,0,0x7DA,0,8,0x04618A8370000000
512596000000.0,0,0x7DA,0,8,0x04618A833F000000
512694000000.0,0,0x7DA,0,8,0x04618A833F000000
512797000000.0,0,0x7DA,0,8,0x04618A833F000000
512895000000.0,0,0x7DA,0,8,0x04618A82DD000000
512998000000.0,0,0x7DA,0,8,0x04618A8125000000
513096000000.0,0,0x7DA,0,8,0x04618A8092000000
513199000000.0,0,0x7DA,0,8,0x04618A7FCF000000
513297000000.0,0,0x7DA,0,8,0x04618A7F9E000000
513395000000.0,0,0x7DA,0,8,0x04618A8000000000
513497000000.0,0,0x7DA,0,8,0x04618A8031000000
513596000000.0,0,0x7DA,0,8,0x04618A8031000000
513698000000.0,0,0x7DA,0,8,0x04618A8031000000
513797000000.0,0,0x7DA,0,8,0x04618A80F4000000
513895000000.0,0,0x7DA,0,8,0x04618A8219000000
513997000000.0,0,0x7DA,0,8,0x04618A830E000000
514095000000.0,0,0x7DA,0,8,0x04618A82DD000000
514198000000.0,0,0x7DA,0,8,0x04618A833F000000
514296000000.0,0,0x7DA,0,8,0x04618A82DD000000
514398000000.0,0,0x7DA,0,8,0x04618A8219000000
514498000000.0,0,0x7DA,0,8,0x04618A80F4000000
514595000000.0,0,0x7DA,0,8,0x04618A8062000000
514697000000.0,0,0x7DA,0,8,0x04618A8000000000
514796000000.0,0,0x7DA,0,8,0x04618A7D84000000
514898000000.0,0,0x7DA,0,8,0x04618A7C2E000000
514996000000.0,0,0x7DA,0,8,0x04618A7C90000000
515095000000.0,0,0x7DA,0,8,0x04618A7C2E000000
515198000000.0,0,0x7DA,0,8,0x04618A7BCC000000
515296000000.0,0,0x7DA,0,8,0x04618A7B6B000000
515398000000.0,0,0x7DA,0,8,0x04618A7B6B000000
515496000000.0,0,0x7DA,0,8,0x04618A7AA7000000
515595000000.0,0,0x7DA,0,8,0x04618A79E4000000
515697000000.0,0,0x7DA,0,8,0x04618A7982000000
515795000000.0,0,0x7DA,0,8,0x04618A7982000000
515898000000.0,0,0x7DA,0,8,0x04618A7982000000
515996000000.0,0,0x7DA,0,8,0x04618A7982000000
516098000000.0,0,0x7DA,0,8,0x04618A79B3000000
516197000000.0,0,0x7DA,0,8,0x04618A79B3000000
516295000000.0,0,0x7DA,0,8,0x04618A79B3000000
516397000000.0,0,0x7DA,0,8,0x04618A79B3000000
516496000000.0,0,0x7DA,0,8,0x04618A7A15000000
516598000000.0,0,0x7DA,0,8,0x04618A7A15000000
516696000000.0,0,0x7DA,0,8,0x04618A79E4000000
516799000000.0,0,0x7DA,0,8,0x04618A79B3000000
516897000000.0,0,0x7DA,0,8,0x04618A7A45000000
516996000000.0,0,0x7DA,0,8,0x04618A79E4000000
517098000000.0,0,0x7DA,0,8,0x04618A7A45000000
517196000000.0,0,0x7DA,0,8,0x04618A7A45000000
517299000000.0,0,0x7DA,0,8,0x04618A7A76000000
517397000000.0,0,0x7DA,0,8,0x04618A7B3A000000
517495000000.0,0,0x7DA,0,8,0x04618A7B09000000
517597000000.0,0,0x7DA,0,8,0x04618A7B09000000
517696000000.0,0,0x7DA,0,8,0x04618A7B6B000000
517798000000.0,0,0x7DA,0,8,0x04618A7B6B000000
517897000000.0,0,0x7DA,0,8,0x04618A7B6B000000
517995000000.0,0,0x7DA,0,8,0x04618A7B9C000000
518097000000.0,0,0x7DA,0,8,0x04618A7B6B000000
518200000000.0,0,0x7DA,0,8,0x04618A7BCC000000
518302000000.0,0,0x7DA,0,8,0x04618A7B3A000000
518400000000.0,0,0x7DA,0,8,0x04618A7B6B000000
518499000000.0,0,0x7DA,0,8,0x04618A7B6B000000
518601000000.0,0,0x7DA,0,8,0x04618A7AD8000000
518701000000.0,0,0x7DA,0,8,0x04618A7B09000000
518798000000.0,0,0x7DA,0,8,0x04618A7AD8000000
518900000000.0,0,0x7DA,0,8,0x04618A7B3A000000
518998000000.0,0,0x7DA,0,8,0x04618A7B09000000
519101000000.0,0,0x7DA,0,8,0x04618A7B6B000000
519199000000.0,0,0x7DA,0,8,0x04618A7B6B000000
519301000000.0,0,0x7DA,0,8,0x04618A7B3A000000
519401000000.0,0,0x7DA,0,8,0x04618A7B9C000000
519498000000.0,0,0x7DA,0,8,0x04618A7B9C000000
519600000000.0,0,0x7DA,0,8,0x04618A7B9C000000
519699000000.0,0,0x7DA,0,8,0x04618A7B6B000000
519801000000.0,0,0x7DA,0,8,0x04618A7B3A000000
519899000000.0,0,0x7DA,0,8,0x04618A7A76000000
519998000000.0,0,0x7DA,0,8,0x04618A7982000000
520100000000.0,0,0x7DA,0,8,0x04618A788E000000
520199000000.0,0,0x7DA,0,8,0x04618A76D6000000
520301000000.0,0,0x7DA,0,8,0x04618A7643000000
520399000000.0,0,0x7DA,0,8,0x04618A74BC000000
520498000000.0,0,0x7DA,0,8,0x04618A75E1000000
520600000000.0,0,0x7DA,0,8,0x04618A751E000000
520698000000.0,0,0x7DA,0,8,0x04618A7612000000
520801000000.0,0,0x7DA,0,8,0x04618A75E1000000
520899000000.0,0,0x7DA,0,8,0x04618A7643000000
521002000000.0,0,0x7DA,0,8,0x04618A7768000000
521100000000.0,0,0x7DA,0,8,0x04618A7768000000
521198000000.0,0,0x7DA,0,8,0x04618A7707000000
521300000000.0,0,0x7DA,0,8,0x04618A785D000000
521399000000.0,0,0x7DA,0,8,0x04618A77CA000000
521501000000.0,0,0x7DA,0,8,0x04618A78EF000000
521599000000.0,0,0x7DA,0,8,0x04618A785D000000
521702000000.0,0,0x7DA,0,8,0x04618A78BE000000
521800000000.0,0,0x7DA,0,8,0x04618A7982000000
521898000000.0,0,0x7DA,0,8,0x04618A7982000000
522001000000.0,0,0x7DA,0,8,0x04618A79E4000000
522099000000.0,0,0x7DA,0,8,0x04618A7982000000
522202000000.0,0,0x7DA,0,8,0x04618A7A76000000
522300000000.0,0,0x7DA,0,8,0x04618A7AA7000000
522399000000.0,0,0x7DA,0,8,0x04618A7A45000000
522500000000.0,0,0x7DA,0,8,0x04618A7AA7000000
522599000000.0,0,0x7DA,0,8,0x04618A7B3A000000
522701000000.0,0,0x7DA,0,8,0x04618A7B09000000
522800000000.0,0,0x7DA,0,8,0x04618A7B6B000000
522898000000.0,0,0x7DA,0,8,0x04618A7B9C000000
523000000000.0,0,0x7DA,0,8,0x04618A7C5F000000
523099000000.0,0,0x7DA,0,8,0x04618A7D23000000
523201000000.0,0,0x7DA,0,8,0x04618A7E17000000
523299000000.0,0,0x7DA,0,8,0x04618A7F3C000000
523402000000.0,0,0x7DA,0,8,0x04618A7F9E000000
523500000000.0,0,0x7DA,0,8,0x04618A7F6D000000
523598000000.0,0,0x7DA,0,8,0x04618A7F9E000000
523701000000.0,0,0x7DA,0,8,0x04618A7F9E000000
523799000000.0,0,0x7DA,0,8,0x04618A7F9E000000
523901000000.0,0,0x7DA,0,8,0x04618A7F9E000000
524000000000.0,0,0x7DA,0,8,0x04618A7F0B000000
524098000000.0,0,0x7DA,0,8,0x04618A7EAA000000
524200000000.0,0,0x7DA,0,8,0x04618A7E17000000
524299000000.0,0,0x7DA,0,8,0x04618A7DE6000000
524401000000.0,0,0x7DA,0,8,0x04618A7D53000000
524499000000.0,0,0x7DA,0,8,0x04618A7D53000000
524598000000.0,0,0x7DA,0,8,0x04618A7DE6000000
524700000000.0,0,0x7DA,0,8,0x04618A7DB5000000
524798000000.0,0,0x7DA,0,8,0x04618A7E17000000
524901000000.0,0,0x7DA,0,8,0x04618A7E48000000
524999000000.0,0,0x7DA,0,8,0x04618A7E79000000
525102000000.0,0,0x7DA,0,8,0x04618A7EAA000000
525200000000.0,0,0x7DA,0,8,0x04618A7F6D000000
525298000000.0,0,0x7DA,0,8,0x04618A8031000000
525401000000.0,0,0x7DA,0,8,0x04618A8031000000
525499000000.0,0,0x7DA,0,8,0x04618A8062000000
525601000000.0,0,0x7DA,0,8,0x04618A8062000000
525700000000.0,0,0x7DA,0,8,0x04618A81B8000000
525802000000.0,0,0x7DA,0,8,0x04618A83A0000000
525900000000.0,0,0x7DA,0,8,0x04618A8558000000
525999000000.0,0,0x7DA,0,8,0x04618A867E000000
526101000000.0,0,0x7DA,0,8,0x04618A8772000000
526199000000.0,0,0x7DA,0,8,0x04618A89BC000000
526302000000.0,0,0x7DA,0,8,0x04618A8AE2000000
526400000000.0,0,0x7DA,0,8,0x04618A8D5D000000
526498000000.0,0,0x7DA,0,8,0x04618A8EB3000000
526601000000.0,0,0x7DA,0,8,0x04618A9593000000
526700000000.0,0,0x7DA,0,8,0x04618A9656000000
526802000000.0,0,0x7DA,0,8,0x04618A977B000000
526900000000.0,0,0x7DA,0,8,0x04618A977B000000
526998000000.0,0,0x7DA,0,8,0x04618A99C6000000
527100000000.0,0,0x7DA,0,8,0x04618A9A59000000
527199000000.0,0,0x7DA,0,8,0x04618A9C72000000
527301000000.0,0,0x7DA,0,8,0x04618AA0A6000000
527399000000.0,0,0x7DA,0,8,0x04618A9FE2000000
527502000000.0,0,0x7DA,0,8,0x04618A9EBD000000
527600000000.0,0,0x7DA,0,8,0x04618AA19A000000
527698000000.0,0,0x7DA,0,8,0x04618A9E2A000000
527801000000.0,0,0x7DA,0,8,0x04618AA2BF000000
527899000000.0,0,0x7DA,0,8,0x04618AA1FC000000
528002000000.0,0,0x7DA,0,8,0x04618AA53B000000
528100000000.0,0,0x7DA,0,8,0x04618AA3E4000000
528202000000.0,0,0x7DA,0,8,0x04618A9CD4000000
528301000000.0,0,0x7DA,0,8,0x04618AA50A000000
528399000000.0,0,0x7DA,0,8,0x04618AA321000000
528501000000.0,0,0x7DA,0,8,0x04618AA4D9000000
528600000000.0,0,0x7DA,0,8,0x04618AA446000000
528698000000.0,0,0x7DA,0,8,0x04618AA138000000
528800000000.0,0,0x7DA,0,8,0x04618AA0D6000000
528899000000.0,0,0x7DA,0,8,0x04618AA4A8000000
529001000000.0,0,0x7DA,0,8,0x04618A9FB1000000
529099000000.0,0,0x7DA,0,8,0x04618AA107000000
529202000000.0,0,0x7DA,0,8,0x04618AA0A6000000
529300000000.0,0,0x7DA,0,8,0x04618AA044000000
529398000000.0,0,0x7DA,0,8,0x04618AA013000000
529501000000.0,0,0x7DA,0,8,0x04618AA2F0000000
529599000000.0,0,0x7DA,0,8,0x04618AA044000000
529702000000.0,0,0x7DA,0,8,0x04618A943D000000
529800000000.0,0,0x7DA,0,8,0x04618A85BA000000
529898000000.0,0,0x7DA,0,8,0x04618A80F4000000
530000000000.0,0,0x7DA,0,8,0x04618A8000000000
530099000000.0,0,0x7DA,0,8,0x04618A7A76000000
530201000000.0,0,0x7DA,0,8,0x04618A788E000000
530299000000.0,0,0x7DA,0,8,0x04618A785D000000
530398000000.0,0,0x7DA,0,8,0x04618A7768000000
530500000000.0,0,0x7DA,0,8,0x04618A7580000000
530598000000.0,0,0x7DA,0,8,0x04618A73C8000000
530701000000.0,0,0x7DA,0,8,0x04618A7304000000
530799000000.0,0,0x7DA,0,8,0x04618A6ED1000000
530902000000.0,0,0x7DA,0,8,0x04618A6E6F000000
531000000000.0,0,0x7DA,0,8,0x04618A6D4A000000
531102000000.0,0,0x7DA,0,8,0x04618A7089000000
531201000000.0,0,0x7DA,0,8,0x04618A6ED1000000
531299000000.0,0,0x7DA,0,8,0x04618A7027000000
531401000000.0,0,0x7DA,0,8,0x04618A7089000000
531500000000.0,0,0x7DA,0,8,0x04618A7089000000
531598000000.0,0,0x7DA,0,8,0x04618A717D000000
531700000000.0,0,0x7DA,0,8,0x04618A711B000000
531799000000.0,0,0x7DA,0,8,0x04618A7210000000
531901000000.0,0,0x7DA,0,8,0x04618A72D3000000
531999000000.0,0,0x7DA,0,8,0x04618A7272000000
532102000000.0,0,0x7DA,0,8,0x04618A7366000000
532200000000.0,0,0x7DA,0,8,0x04618A7304000000
532298000000.0,0,0x7DA,0,8,0x04618A74ED000000
532401000000.0,0,0x7DA,0,8,0x04618A748B000000
532499000000.0,0,0x7DA,0,8,0x04618A75E1000000
532601000000.0,0,0x7DA,0,8,0x04618A74ED000000
532700000000.0,0,0x7DA,0,8,0x04618A7612000000
532798000000.0,0,0x7DA,0,8,0x04618A76A5000000
532900000000.0,0,0x7DA,0,8,0x04618A76D6000000
532999000000.0,0,0x7DA,0,8,0x04618A7737000000
533101000000.0,0,0x7DA,0,8,0x04618A7768000000
533199000000.0,0,0x7DA,0,8,0x04618A77CA000000
533298000000.0,0,0x7DA,0,8,0x04618A788E000000
533400000000.0,0,0x7DA,0,8,0x04618A78EF000000
533498000000.0,0,0x7DA,0,8,0x04618A7BFD000000
533601000000.0,0,0x7DA,0,8,0x04618A7E48000000
533699000000.0,0,0x7DA,0,8,0x04618A7EAA000000
533802000000.0,0,0x7DA,0,8,0x04618A7EAA000000
533900000000.0,0,0x7DA,0,8,0x04618A7E79000000
533998000000.0,0,0x7DA,0,8,0x04618A7EDB000000
534101000000.0,0,0x7DA,0,8,0x04618A7EDB000000
534199000000.0,0,0x7DA,0,8,0x04618A7EDB000000
534301000000.0,0,0x7DA,0,8,0x04618A7F3C000000
534400000000.0,0,0x7DA,0,8,0x04618A8031000000
534502000000.0,0,0x7DA,0,8,0x04618A8062000000
534600000000.0,0,0x7DA,0,8,0x04618A81B8000000
534699000000.0,0,0x7DA,0,8,0x04618A81B8000000
534801000000.0,0,0x7DA,0,8,0x04618A81B8000000
534899000000.0,0,0x7DA,0,8,0x04618A80F4000000
535002000000.0,0,0x7DA,0,8,0x04618A8092000000
535100000000.0,0,0x7DA,0,8,0x04618A8092000000
535198000000.0,0,0x7DA,0,8,0x04618A8000000000
535301000000.0,0,0x7DA,0,8,0x04618A7F0B000000
535399000000.0,0,0x7DA,0,8,0x04618A7F0B000000
535501000000.0,0,0x7DA,0,8,0x04618A7EDB000000
535600000000.0,0,0x7DA,0,8,0x04618A7EDB000000
535698000000.0,0,0x7DA,0,8,0x04618A7F0B000000
535801000000.0,0,0x7DA,0,8,0x04618A7EDB000000
535899000000.0,0,0x7DA,0,8,0x04618A7E48000000
536001000000.0,0,0x7DA,0,8,0x04618A7DB5000000
536099000000.0,0,0x7DA,0,8,0x04618A7D23000000
536202000000.0,0,0x7DA,0,8,0x04618A7D23000000
536300000000.0,0,0x7DA,0,8,0x04618A7D23000000
536398000000.0,0,0x7DA,0,8,0x04618A7D53000000
536501000000.0,0,0x7DA,0,8,0x04618A7DB5000000
536599000000.0,0,0x7DA,0,8,0x04618A7DE6000000
536702000000.0,0,0x7DA,0,8,0x04618A7EDB000000
536800000000.0,0,0x7DA,0,8,0x04618A7F9E000000
536898000000.0,0,0x7DA,0,8,0x04618A7F6D000000
537001000000.0,0,0x7DA,0,8,0x04618A7F6D000000
537099000000.0,0,0x7DA,0,8,0x04618A7F9E000000
537201000000.0,0,0x7DA,0,8,0x04618A8031000000
537300000000.0,0,0x7DA,0,8,0x04618A8062000000
537402000000.0,0,0x7DA,0,8,0x04618A81E9000000
537500000000.0,0,0x7DA,0,8,0x04618A827B000000
537603000000.0,0,0x7DA,0,8,0x04618A82DD000000
537701000000.0,0,0x7DA,0,8,0x04618A833F000000
537803000000.0,0,0x7DA,0,8,0x04618A833F000000
537902000000.0,0,0x7DA,0,8,0x04618A83A0000000
538000000000.0,0,0x7DA,0,8,0x04618A8370000000
538102000000.0,0,0x7DA,0,8,0x04618A83A0000000
538201000000.0,0,0x7DA,0,8,0x04618A83A0000000
538303000000.0,0,0x7DA,0,8,0x04618A8402000000
538401000000.0,0,0x7DA,0,8,0x04618A8433000000
538504000000.0,0,0x7DA,0,8,0x04618A84F7000000
538602000000.0,0,0x7DA,0,8,0x04618A861C000000
538700000000.0,0,0x7DA,0,8,0x04618A867E000000
538803000000.0,0,0x7DA,0,8,0x04618A86DF000000
538902000000.0,0,0x7DA,0,8,0x04618A86DF000000
539004000000.0,0,0x7DA,0,8,0x04618A8710000000
539102000000.0,0,0x7DA,0,8,0x04618A87D4000000
539200000000.0,0,0x7DA,0,8,0x04618A87A3000000
539303000000.0,0,0x7DA,0,8,0x04618A8805000000
539401000000.0,0,0x7DA,0,8,0x04618A8772000000
539503000000.0,0,0x7DA,0,8,0x04618A8835000000
539602000000.0,0,0x7DA,0,8,0x04618A87D4000000
539700000000.0,0,0x7DA,0,8,0x04618A87D4000000
539803000000.0,0,0x7DA,0,8,0x04618A8805000000
539901000000.0,0,0x7DA,0,8,0x04618A8772000000
540003000000.0,0,0x7DA,0,8,0x04618A87A3000000
540101000000.0,0,0x7DA,0,8,0x04618A87A3000000
540204000000.0,0,0x7DA,0,8,0x04618A87A3000000
540302000000.0,0,0x7DA,0,8,0x04618A8741000000
540400000000.0,0,0x7DA,0,8,0x04618A87D4000000
540503000000.0,0,0x7DA,0,8,0x04618A8772000000
540601000000.0,0,0x7DA,0,8,0x04618A85EB000000
540704000000.0,0,0x7DA,0,8,0x04618A84C6000000
540802000000.0,0,0x7DA,0,8,0x04618A8495000000
540900000000.0,0,0x7DA,0,8,0x04618A83A0000000
541002000000.0,0,0x7DA,0,8,0x04618A81E9000000
541101000000.0,0,0x7DA,0,8,0x04618A8092000000
541203000000.0,0,0x7DA,0,8,0x04618A8031000000
541301000000.0,0,0x7DA,0,8,0x04618A7EDB000000
541404000000.0,0,0x7DA,0,8,0x04618A7E17000000
541502000000.0,0,0x7DA,0,8,0x04618A7DE6000000
541601000000.0,0,0x7DA,0,8,0x04618A7DE6000000
541703000000.0,0,0x7DA,0,8,0x04618A7DE6000000
541801000000.0,0,0x7DA,0,8,0x04618A7E17000000
541904000000.0,0,0x7DA,0,8,0x04618A7E17000000
542002000000.0,0,0x7DA,0,8,0x04618A7E48000000
542100000000.0,0,0x7DA,0,8,0x04618A7E48000000
542203000000.0,0,0x7DA,0,8,0x04618A7E79000000
542301000000.0,0,0x7DA,0,8,0x04618A7E48000000
542403000000.0,0,0x7DA,0,8,0x04618A7E48000000
542502000000.0,0,0x7DA,0,8,0x04618A7E79000000
542600000000.0,0,0x7DA,0,8,0x04618A7E79000000
542702000000.0,0,0x7DA,0,8,0x04618A7EAA000000
542801000000.0,0,0x7DA,0,8,0x04618A7EAA000000
542903000000.0,0,0x7DA,0,8,0x04618A7EAA000000
543001000000.0,0,0x7DA,0,8,0x04618A7EAA000000
543104000000.0,0,0x7DA,0,8,0x04618A7EAA000000
543202000000.0,0,0x7DA,0,8,0x04618A7EAA000000
543305000000.0,0,0x7DA,0,8,0x04618A7EDB000000
543403000000.0,0,0x7DA,0,8,0x04618A7EDB000000
543501000000.0,0,0x7DA,0,8,0x04618A7EDB000000
543604000000.0,0,0x7DA,0,8,0x04618A7E79000000
543703000000.0,0,0x7DA,0,8,0x04618A7DE6000000
543801000000.0,0,0x7DA,0,8,0x04618A7E17000000
543903000000.0,0,0x7DA,0,8,0x04618A7D23000000
544001000000.0,0,0x7DA,0,8,0x04618A7CF2000000
544103000000.0,0,0x7DA,0,8,0x04618A7C90000000
544202000000.0,0,0x7DA,0,8,0x04618A7BCC000000
544304000000.0,0,0x7DA,0,8,0x04618A7BFD000000
544402000000.0,0,0x7DA,0,8,0x04618A7C5F000000
544505000000.0,0,0x7DA,0,8,0x04618A7BCC000000
544603000000.0,0,0x7DA,0,8,0x04618A7B6B000000
544702000000.0,0,0x7DA,0,8,0x04618A7C2E000000
544804000000.0,0,0x7DA,0,8,0x04618A7C2E000000
544902000000.0,0,0x7DA,0,8,0x04618A7D53000000
545004000000.0,0,0x7DA,0,8,0x04618A7D84000000
545103000000.0,0,0x7DA,0,8,0x04618A7E48000000
545205000000.0,0,0x7DA,0,8,0x04618A7F0B000000
545303000000.0,0,0x7DA,0,8,0x04618A7F3C000000
545403000000.0,0,0x7DA,0,8,0x04618A7FCF000000
545504000000.0,0,0x7DA,0,8,0x04618A8031000000
545602000000.0,0,0x7DA,0,8,0x04618A8031000000
545705000000.0,0,0x7DA,0,8,0x04618A8062000000
545803000000.0,0,0x7DA,0,8,0x04618A8031000000
545901000000.0,0,0x7DA,0,8,0x04618A8031000000
546004000000.0,0,0x7DA,0,8,0x04618A8031000000
546102000000.0,0,0x7DA,0,8,0x04618A8031000000
546205000000.0,0,0x7DA,0,8,0x04618A8031000000
546303000000.0,0,0x7DA,0,8,0x04618A8031000000
546401000000.0,0,0x7DA,0,8,0x04618A8031000000
546504000000.0,0,0x7DA,0,8,0x04618A8031000000
546602000000.0,0,0x7DA,0,8,0x04618A8031000000
546704000000.0,0,0x7DA,0,8,0x04618A8031000000
546807000000.0,0,0x7DA,0,8,0x04618A8031000000
546905000000.0,0,0x7DA,0,8,0x04618A8031000000
547003000000.0,0,0x7DA,0,8,0x04618A8031000000
547106000000.0,0,0x7DA,0,8,0x04618A8031000000
547208000000.0,0,0x7DA,0,8,0x04618A8031000000
547306000000.0,0,0x7DA,0,8,0x04618A8031000000
547405000000.0,0,0x7DA,0,8,0x04618A8031000000
547508000000.0,0,0x7DA,0,8,0x04618A8031000000
547606000000.0,0,0x7DA,0,8,0x04618A8031000000
547704000000.0,0,0x7DA,0,8,0x04618A8031000000
547806000000.0,0,0x7DA,0,8,0x04618A8031000000
547906000000.0,0,0x7DA,0,8,0x04618A8031000000
548007000000.0,0,0x7DA,0,8,0x04618A8031000000
548105000000.0,0,0x7DA,0,8,0x04618A8031000000
548203000000.0,0,0x7DA,0,8,0x04618A8031000000
548306000000.0,0,0x7DA,0,8,0x04618A8031000000
548404000000.0,0,0x7DA,0,8,0x04618A8031000000
548506000000.0,0,0x7DA,0,8,0x04618A8031000000
548605000000.0,0,0x7DA,0,8,0x04618A8031000000
548703000000.0,0,0x7DA,0,8,0x04618A8031000000
548806000000.0,0,0x7DA,0,8,0x04618A8031000000
548904000000.0,0,0x7DA,0,8,0x04618A8031000000
549006000000.0,0,0x7DA,0,8,0x04618A8031000000
549105000000.0,0,0x7DA,0,8,0x04618A8031000000
549207000000.0,0,0x7DA,0,8,0x04618A8031000000
549305000000.0,0,0x7DA,0,8,0x04618A8031000000
549404000000.0,0,0x7DA,0,8,0x04618A8031000000
549506000000.0,0,0x7DA,0,8,0x04618A8031000000
549604000000.0,0,0x7DA,0,8,0x04618A8031000000
549707000000.0,0,0x7DA,0,8,0x04618A8031000000
549805000000.0,0,0x7DA,0,8,0x04618A8031000000
549903000000.0,0,0x7DA,0,8,0x04618A8031000000
550006000000.0,0,0x7DA,0,8,0x04618A8031000000
550104000000.0,0,0x7DA,0,8,0x04618A8031000000
550207000000.0,0,0x7DA,0,8,0x04618A8031000000
550305000000.0,0,0x7DA,0,8,0x04618A8031000000
550407000000.0,0,0x7DA,0,8,0x04618A8031000000
550505000000.0,0,0x7DA,0,8,0x04618A8031000000
550604000000.0,0,0x7DA,0,8,0x04618A8031000000
550706000000.0,0,0x7DA,0,8,0x04618A8031000000
550804000000.0,0,0x7DA,0,8,0x04618A8031000000
550907000000.0,0,0x7DA,0,8,0x04618A8031000000
551005000000.0,0,0x7DA,0,8,0x04618A8031000000
551104000000.0,0,0x7DA,0,8,0x04618A8031000000
551206000000.0,0,0x7DA,0,8,0x04618A8031000000
551304000000.0,0,0x7DA,0,8,0x04618A8031000000
551407000000.0,0,0x7DA,0,8,0x04618A8031000000
551509000000.0,0,0x7DA,0,8,0x04618A8031000000
551607000000.0,0,0x7DA,0,8,0x04618A8031000000
551706000000.0,0,0x7DA,0,8,0x04618A8031000000
551808000000.0,0,0x7DA,0,8,0x04618A8031000000
551910000000.0,0,0x7DA,0,8,0x04618A8031000000
552009000000.0,0,0x7DA,0,8,0x04618A8031000000
552107000000.0,0,0x7DA,0,8,0x04618A8031000000
552205000000.0,0,0x7DA,0,8,0x04618A8031000000
552308000000.0,0,0x7DA,0,8,0x04618A8031000000
552406000000.0,0,0x7DA,0,8,0x04618A8031000000
552508000000.0,0,0x7DA,0,8,0x04618A8031000000
552607000000.0,0,0x7DA,0,8,0x04618A8031000000
552709000000.0,0,0x7DA,0,8,0x04618A8031000000
552807000000.0,0,0x7DA,0,8,0x04618A8031000000
552906000000.0,0,0x7DA,0,8,0x04618A8031000000
553008000000.0,0,0x7DA,0,8,0x04618A8031000000
553106000000.0,0,0x7DA,0,8,0x04618A8031000000
553209000000.0,0,0x7DA,0,8,0x04618A8031000000
553307000000.0,0,0x7DA,0,8,0x04618A8031000000
553405000000.0,0,0x7DA,0,8,0x04618A8031000000
553509000000.0,0,0x7DA,0,8,0x04618A8031000000
553606000000.0,0,0x7DA,0,8,0x04618A8031000000
553709000000.0,0,0x7DA,0,8,0x04618A8031000000
553811000000.0,0,0x7DA,0,8,0x04618A8031000000
553909000000.0,0,0x7DA,0,8,0x04618A8031000000
554012000000.0,0,0x7DA,0,8,0x04618A8031000000
554110000000.0,0,0x7DA,0,8,0x04618A8031000000
554212000000.0,0,0x7DA,0,8,0x04618A8031000000
554311000000.0,0,0x7DA,0,8,0x04618A8031000000
554409000000.0,0,0x7DA,0,8,0x04618A8031000000
554511000000.0,0,0x7DA,0,8,0x04618A8031000000
554610000000.0,0,0x7DA,0,8,0x04618A8031000000
554712000000.0,0,0x7DA,0,8,0x04618A8031000000
554810000000.0,0,0x7DA,0,8,0x04618A8031000000
554909000000.0,0,0x7DA,0,8,0x04618A8031000000
555011000000.0,0,0x7DA,0,8,0x04618A8031000000
555109000000.0,0,0x7DA,0,8,0x04618A8031000000
555212000000.0,0,0x7DA,0,8,0x04618A8031000000
555310000000.0,0,0x7DA,0,8,0x04618A8031000000
555408000000.0,0,0x7DA,0,8,0x04618A8031000000
555511000000.0,0,0x7DA,0,8,0x04618A8031000000
555609000000.0,0,0x7DA,0,8,0x04618A8031000000
