index,current_time,vehicle_type,x,y,z,speed,vehicle_pitch,waypoint_pitch
0,1712340404.5988798,vehicle.toyota.prius,122.30390167236328,-216.25491333007812,244.09515380859375,0.0,-0.002226641634479165,1.3395843505859375
1,1712340404.701611,vehicle.toyota.prius,122.30390167236328,-216.25491333007812,244.09515380859375,0.0,-0.002226641634479165,1.3395843505859375
2,1712340404.8040955,vehicle.toyota.prius,122.30390167236328,-216.25491333007812,244.09515380859375,0.0,-0.002226641634479165,1.3395843505859375
3,1712340404.9061015,vehicle.toyota.prius,122.30390167236328,-216.25491333007812,244.09515380859375,0.0,-0.002226641634479165,1.3395843505859375
4,1712340405.008172,vehicle.toyota.prius,122.30390167236328,-216.25491333007812,244.09515380859375,0.0,-0.002226641634479165,1.3395843505859375
5,1712340405.1102002,vehicle.toyota.prius,122.30390167236328,-216.25491333007812,244.09515380859375,0.0,-0.002226641634479165,1.3395843505859375
6,1712340405.212201,vehicle.toyota.prius,122.30390167236328,-216.25491333007812,244.09515380859375,0.0,-0.002226641634479165,1.3395843505859375
7,1712340405.3145285,vehicle.toyota.prius,122.30390167236328,-216.25491333007812,244.09515380859375,0.0,-0.002226641634479165,1.3395843505859375
8,1712340405.4167275,vehicle.toyota.prius,122.30390167236328,-216.25491333007812,244.09515380859375,0.0,-0.002226641634479165,1.3395843505859375
9,1712340405.5190735,vehicle.toyota.prius,122.30390167236328,-216.25491333007812,244.09515380859375,0.0,-0.002226641634479165,1.3395843505859375
10,1712340405.6209557,vehicle.toyota.prius,122.30390167236328,-216.25491333007812,244.09515380859375,0.0,-0.002226641634479165,1.3395843505859375
11,1712340405.723368,vehicle.toyota.prius,122.30390167236328,-216.25491333007812,244.09515380859375,0.0,-0.002226641634479165,1.3395843505859375
12,1712340405.8258588,vehicle.toyota.prius,122.30390167236328,-216.25491333007812,244.09515380859375,0.0,-0.002226641634479165,1.3395843505859375
13,1712340405.9288619,vehicle.toyota.prius,122.30390167236328,-216.25491333007812,244.09515380859375,0.0,-0.002226641634479165,1.3395843505859375
14,1712340406.0315711,vehicle.toyota.prius,122.30390167236328,-216.25491333007812,244.09515380859375,0.0,-0.002226641634479165,1.3395843505859375
15,1712340406.1334534,vehicle.toyota.prius,122.30390167236328,-216.25491333007812,244.09515380859375,0.0,-0.002226641634479165,1.3395843505859375
16,1712340406.2358046,vehicle.toyota.prius,122.30390167236328,-216.25491333007812,244.09515380859375,0.0,-0.002226641634479165,1.3395843505859375
17,1712340406.3387237,vehicle.toyota.prius,122.30390167236328,-216.25491333007812,244.09515380859375,0.0,-0.002226641634479165,1.3395843505859375
18,1712340406.440954,vehicle.toyota.prius,122.30390167236328,-216.25491333007812,244.09515380859375,0.0,-0.002226641634479165,1.3395843505859375
19,1712340406.5433714,vehicle.toyota.prius,122.30390167236328,-216.25491333007812,244.09515380859375,0.0,-0.002226641634479165,1.3395843505859375
20,1712340406.6455808,vehicle.toyota.prius,122.30390167236328,-216.25491333007812,244.09515380859375,0.0,-0.002226641634479165,1.3395843505859375
21,1712340406.7479327,vehicle.toyota.prius,122.30390167236328,-216.25491333007812,244.09515380859375,0.0,-0.002226641634479165,1.3395843505859375
22,1712340406.8502424,vehicle.toyota.prius,122.30390167236328,-216.25491333007812,244.09515380859375,0.0,-0.002226641634479165,1.3395843505859375
23,1712340406.952373,vehicle.toyota.prius,122.30390167236328,-216.25491333007812,244.09515380859375,0.0,-0.002226641634479165,1.3395843505859375
24,1712340407.0547314,vehicle.toyota.prius,122.30390167236328,-216.25491333007812,244.09515380859375,0.0,-0.002226641634479165,1.3395843505859375
25,1712340407.1568186,vehicle.toyota.prius,122.30390167236328,-216.25491333007812,244.09515380859375,0.0,-0.002226641634479165,1.3395843505859375
26,1712340407.259618,vehicle.toyota.prius,122.30390167236328,-216.25491333007812,244.09515380859375,0.0,-0.002226641634479165,1.3395843505859375
27,1712340407.3615875,vehicle.toyota.prius,122.30390167236328,-216.25491333007812,244.09515380859375,0.0,-0.002226641634479165,1.3395843505859375
28,1712340407.4644213,vehicle.toyota.prius,122.30390167236328,-216.25491333007812,244.09515380859375,0.0,-0.002226641634479165,1.3395843505859375
29,1712340407.5670598,vehicle.toyota.prius,122.30390167236328,-216.25491333007812,244.09515380859375,0.0,-0.002226641634479165,1.3395843505859375
30,1712340407.6695302,vehicle.toyota.prius,122.30390167236328,-216.25491333007812,244.09515380859375,0.0,-0.002226641634479165,1.3395843505859375
31,1712340407.7720637,vehicle.toyota.prius,122.30390167236328,-216.25491333007812,244.09515380859375,0.0,-0.002226641634479165,1.3395843505859375
32,1712340407.8745117,vehicle.toyota.prius,122.30390167236328,-216.25491333007812,244.09515380859375,0.0,-0.002226641634479165,1.3395843505859375
33,1712340407.9765906,vehicle.toyota.prius,122.30390167236328,-216.25491333007812,244.09515380859375,0.0,-0.002226641634479165,1.3395843505859375
34,1712340408.0787966,vehicle.toyota.prius,122.30390167236328,-216.25491333007812,244.09515380859375,0.0,-0.002226641634479165,1.3395843505859375
35,1712340408.1814702,vehicle.toyota.prius,122.30390167236328,-216.25491333007812,244.09515380859375,0.0,-0.002226641634479165,1.3395843505859375
36,1712340408.2836704,vehicle.toyota.prius,122.30390167236328,-216.25491333007812,244.09515380859375,0.0,-0.002226641634479165,1.3395843505859375
37,1712340408.385972,vehicle.toyota.prius,122.30390167236328,-216.25491333007812,244.09515380859375,0.0,-0.002226641634479165,1.3395843505859375
38,1712340408.4882627,vehicle.toyota.prius,122.30390167236328,-216.25491333007812,244.09515380859375,0.0,-0.002226641634479165,1.3395843505859375
39,1712340408.5905123,vehicle.toyota.prius,122.30390167236328,-216.25491333007812,244.09515380859375,0.0,-0.002226641634479165,1.3395843505859375
40,1712340408.692917,vehicle.toyota.prius,122.30390167236328,-216.25491333007812,244.09515380859375,0.0,-0.002226641634479165,1.3395843505859375
41,1712340408.7951822,vehicle.toyota.prius,122.30390167236328,-216.25491333007812,244.09515380859375,0.0,-0.002226641634479165,1.3395843505859375
42,1712340408.8973703,vehicle.toyota.prius,122.30390167236328,-216.25491333007812,244.09515380859375,0.0,-0.002226641634479165,1.3395843505859375
43,1712340408.9996192,vehicle.toyota.prius,122.30390167236328,-216.25491333007812,244.09515380859375,0.0,-0.002226641634479165,1.3395843505859375
44,1712340409.1017704,vehicle.toyota.prius,122.30390167236328,-216.25491333007812,244.09515380859375,0.0,-0.002226641634479165,1.3395843505859375
45,1712340409.2037723,vehicle.toyota.prius,122.30390167236328,-216.25491333007812,244.09515380859375,0.0,-0.002226641634479165,1.3395843505859375
46,1712340409.3055995,vehicle.toyota.prius,122.30390167236328,-216.25491333007812,244.09515380859375,0.0,-0.002226641634479165,1.3395843505859375
47,1712340409.407767,vehicle.toyota.prius,122.30390167236328,-216.25491333007812,244.09515380859375,0.0,-0.002226641634479165,1.3395843505859375
48,1712340409.5103278,vehicle.toyota.prius,122.30390167236328,-216.25491333007812,244.09515380859375,0.0,-0.002226641634479165,1.3395843505859375
49,1712340409.6122558,vehicle.toyota.prius,122.30390167236328,-216.25491333007812,244.09515380859375,0.0,-0.002226641634479165,1.3395843505859375
50,1712340409.7145715,vehicle.toyota.prius,122.30390167236328,-216.25491333007812,244.09515380859375,0.0,-0.002226641634479165,1.3395843505859375
51,1712340409.8170075,vehicle.toyota.prius,122.30390167236328,-216.25491333007812,244.09515380859375,0.0,-0.002226641634479165,1.3395843505859375
52,1712340409.9193115,vehicle.toyota.prius,122.30390167236328,-216.25491333007812,244.09515380859375,0.0,-0.002226641634479165,1.3395843505859375
53,1712340410.0218494,vehicle.toyota.prius,122.30390167236328,-216.25491333007812,244.09515380859375,0.0,-0.002226641634479165,1.3395843505859375
54,1712340410.1242619,vehicle.toyota.prius,122.30390167236328,-216.25491333007812,244.09515380859375,0.0,-0.002226641634479165,1.3395843505859375
55,1712340410.2267442,vehicle.toyota.prius,122.30390167236328,-216.25491333007812,244.09515380859375,0.0,-0.002226641634479165,1.3395843505859375
56,1712340410.3286643,vehicle.toyota.prius,122.30390167236328,-216.25491333007812,244.09515380859375,0.0,-0.002226641634479165,1.3395843505859375
57,1712340410.4308922,vehicle.toyota.prius,122.30390167236328,-216.25491333007812,244.09515380859375,0.0,-0.002226641634479165,1.3395843505859375
58,1712340410.5330122,vehicle.toyota.prius,122.30390167236328,-216.25491333007812,244.09515380859375,0.0,-0.002226641634479165,1.3395843505859375
59,1712340410.6353023,vehicle.toyota.prius,122.30390167236328,-216.25491333007812,244.09515380859375,0.0,-0.002226641634479165,1.3395843505859375
60,1712340410.7371855,vehicle.toyota.prius,122.30390167236328,-216.25491333007812,244.09515380859375,0.0,-0.002226641634479165,1.3395843505859375
61,1712340410.839294,vehicle.toyota.prius,122.30390167236328,-216.25491333007812,244.09515380859375,0.0,-0.002226641634479165,1.3395843505859375
62,1712340410.9418333,vehicle.toyota.prius,122.30390167236328,-216.25491333007812,244.09515380859375,0.0,-0.002226641634479165,1.3395843505859375
63,1712340411.0436685,vehicle.toyota.prius,122.30390167236328,-216.25491333007812,244.09515380859375,0.0,-0.002226641634479165,1.3395843505859375
64,1712340411.1460385,vehicle.toyota.prius,122.30390167236328,-216.25491333007812,244.09515380859375,0.0,-0.002226641634479165,1.3395843505859375
65,1712340411.2485104,vehicle.toyota.prius,122.30390167236328,-216.25491333007812,244.09515380859375,0.0,-0.002226641634479165,1.3395843505859375
66,1712340411.351307,vehicle.toyota.prius,122.30390167236328,-216.25491333007812,244.09515380859375,0.0,-0.002226641634479165,1.3395843505859375
67,1712340411.4537446,vehicle.toyota.prius,122.30390167236328,-216.25491333007812,244.09515380859375,0.0,-0.002226641634479165,1.3395843505859375
68,1712340411.5557966,vehicle.toyota.prius,122.30390167236328,-216.25491333007812,244.09515380859375,0.0,-0.002226641634479165,1.3395843505859375
69,1712340411.6580012,vehicle.toyota.prius,122.30390167236328,-216.25491333007812,244.09515380859375,0.0,-0.002226641634479165,1.3395843505859375
70,1712340411.7608736,vehicle.toyota.prius,122.30390167236328,-216.25491333007812,244.09515380859375,0.0,-0.002226641634479165,1.3395843505859375
71,1712340411.863041,vehicle.toyota.prius,122.30390167236328,-216.25491333007812,244.09515380859375,0.0,-0.002226641634479165,1.3395843505859375
72,1712340411.9650962,vehicle.toyota.prius,122.30390167236328,-216.25491333007812,244.09515380859375,0.0,-0.002226641634479165,1.3395843505859375
73,1712340412.0671723,vehicle.toyota.prius,122.30390167236328,-216.25491333007812,244.09515380859375,0.0,-0.002226641634479165,1.3395843505859375
74,1712340412.169441,vehicle.toyota.prius,122.30390167236328,-216.25491333007812,244.09515380859375,0.0,-0.002226641634479165,1.3395843505859375
75,1712340412.2715507,vehicle.toyota.prius,122.30390167236328,-216.25491333007812,244.09515380859375,0.0,-0.002226641634479165,1.3395843505859375
76,1712340412.3733282,vehicle.toyota.prius,122.30390167236328,-216.25491333007812,244.09515380859375,0.0,-0.002226641634479165,1.3395843505859375
77,1712340412.4754832,vehicle.toyota.prius,122.30390167236328,-216.25491333007812,244.09515380859375,0.0,-0.002226641634479165,1.3395843505859375
78,1712340412.57734,vehicle.toyota.prius,122.30390167236328,-216.25491333007812,244.09515380859375,0.0,-0.002226641634479165,1.3395843505859375
79,1712340412.6798198,vehicle.toyota.prius,122.30390167236328,-216.25491333007812,244.09515380859375,0.0,-0.002226641634479165,1.3395843505859375
80,1712340412.7822382,vehicle.toyota.prius,122.30390167236328,-216.25491333007812,244.09515380859375,0.0,-0.002226641634479165,1.3395843505859375
81,1712340412.8848555,vehicle.toyota.prius,122.30390167236328,-216.25491333007812,244.09515380859375,0.0,-0.002226641634479165,1.3395843505859375
82,1712340412.9871194,vehicle.toyota.prius,122.30390167236328,-216.25491333007812,244.09515380859375,0.0,-0.002226641634479165,1.3395843505859375
83,1712340413.0888977,vehicle.toyota.prius,122.30390167236328,-216.25491333007812,244.09515380859375,0.0,-0.002226641634479165,1.3395843505859375
84,1712340413.1909304,vehicle.toyota.prius,122.30390167236328,-216.25491333007812,244.09515380859375,0.0,-0.002226641634479165,1.3395843505859375
85,1712340413.293292,vehicle.toyota.prius,122.30390167236328,-216.25491333007812,244.09515380859375,0.0,-0.002226641634479165,1.3395843505859375
86,1712340413.3951502,vehicle.toyota.prius,122.30390167236328,-216.25491333007812,244.09515380859375,0.0,-0.002226641634479165,1.3395843505859375
87,1712340413.497493,vehicle.toyota.prius,122.30390167236328,-216.25491333007812,244.09515380859375,0.0,-0.002226641634479165,1.3395843505859375
88,1712340413.5999618,vehicle.toyota.prius,122.30390167236328,-216.25491333007812,244.09515380859375,0.0,-0.002226641634479165,1.3395843505859375
89,1712340413.7023106,vehicle.toyota.prius,122.30390167236328,-216.25491333007812,244.09515380859375,0.0,-0.002226641634479165,1.3395843505859375
90,1712340413.8042402,vehicle.toyota.prius,122.30390167236328,-216.25491333007812,244.09515380859375,0.0,-0.002226641634479165,1.3395843505859375
91,1712340413.9063327,vehicle.toyota.prius,122.30390167236328,-216.25491333007812,244.09515380859375,0.0,-0.002226641634479165,1.3395843505859375
92,1712340414.009216,vehicle.toyota.prius,122.30390167236328,-216.25491333007812,244.09515380859375,0.0,-0.002226641634479165,1.3395843505859375
93,1712340414.1116502,vehicle.toyota.prius,122.30390167236328,-216.25491333007812,244.09515380859375,0.0,-0.002226641634479165,1.3395843505859375
94,1712340414.2140818,vehicle.toyota.prius,122.30390167236328,-216.25491333007812,244.09515380859375,0.0,-0.002226641634479165,1.3395843505859375
95,1712340414.3166447,vehicle.toyota.prius,122.30390167236328,-216.25491333007812,244.09515380859375,0.0,-0.002226641634479165,1.3395843505859375
96,1712340414.4190915,vehicle.toyota.prius,122.30390167236328,-216.25491333007812,244.09515380859375,0.0,-0.002226641634479165,1.3395843505859375
97,1712340414.521614,vehicle.toyota.prius,122.30390167236328,-216.25491333007812,244.09515380859375,0.0,-0.002226641634479165,1.3395843505859375
98,1712340414.62366,vehicle.toyota.prius,122.30390167236328,-216.25491333007812,244.09515380859375,0.0,-0.002226641634479165,1.3395843505859375
99,1712340414.726138,vehicle.toyota.prius,122.30390167236328,-216.25491333007812,244.09515380859375,0.0,-0.002226641634479165,1.3395843505859375
100,1712340414.828365,vehicle.toyota.prius,122.30390167236328,-216.25491333007812,244.09515380859375,0.0,-0.002226641634479165,1.3395843505859375
101,1712340414.9303906,vehicle.toyota.prius,122.30390167236328,-216.25491333007812,244.09515380859375,0.0,-0.002226641634479165,1.3395843505859375
102,1712340415.032918,vehicle.toyota.prius,122.30390167236328,-216.25491333007812,244.09515380859375,0.0,-0.002226641634479165,1.3395843505859375
103,1712340415.13572,vehicle.toyota.prius,122.30390167236328,-216.25491333007812,244.09515380859375,0.0,-0.002226641634479165,1.3395843505859375
104,1712340415.2378528,vehicle.toyota.prius,122.30390167236328,-216.25491333007812,244.09515380859375,0.0,-0.002226641634479165,1.3395843505859375
105,1712340415.3396778,vehicle.toyota.prius,122.30390167236328,-216.25491333007812,244.09515380859375,0.0,-0.002226641634479165,1.3395843505859375
106,1712340415.4417632,vehicle.toyota.prius,122.30390167236328,-216.25491333007812,244.09515380859375,0.0,-0.002226641634479165,1.3395843505859375
107,1712340415.543559,vehicle.toyota.prius,122.30390167236328,-216.25491333007812,244.09515380859375,0.0,-0.002226641634479165,1.3395843505859375
108,1712340415.6458025,vehicle.toyota.prius,122.30390167236328,-216.25491333007812,244.09515380859375,0.0,-0.002226641634479165,1.3395843505859375
109,1712340415.7478156,vehicle.toyota.prius,122.30390167236328,-216.25491333007812,244.09515380859375,0.0,-0.002226641634479165,1.3395843505859375
110,1712340415.850179,vehicle.toyota.prius,122.30390167236328,-216.25491333007812,244.09515380859375,0.0,-0.002226641634479165,1.3395843505859375
111,1712340415.95252,vehicle.toyota.prius,122.30390167236328,-216.25491333007812,244.09515380859375,0.0,-0.002226641634479165,1.3395843505859375
112,1712340416.0548265,vehicle.toyota.prius,122.30390167236328,-216.25491333007812,244.09515380859375,0.0,-0.002226641634479165,1.3395843505859375
113,1712340416.1570792,vehicle.toyota.prius,122.30390167236328,-216.25491333007812,244.09515380859375,0.0,-0.002226641634479165,1.3395843505859375
114,1712340416.2591946,vehicle.toyota.prius,122.30390167236328,-216.25491333007812,244.09515380859375,0.0,-0.002226641634479165,1.3395843505859375
115,1712340416.3615992,vehicle.toyota.prius,122.30390167236328,-216.25491333007812,244.09515380859375,0.0,-0.002226641634479165,1.3395843505859375
116,1712340416.4633567,vehicle.toyota.prius,122.30390167236328,-216.25491333007812,244.09515380859375,0.0,-0.002226641634479165,1.3395843505859375
117,1712340416.5656378,vehicle.toyota.prius,122.30390167236328,-216.25491333007812,244.09515380859375,0.0,-0.002226641634479165,1.3395843505859375
118,1712340416.6679173,vehicle.toyota.prius,122.30390167236328,-216.25491333007812,244.09515380859375,0.0,-0.002226641634479165,1.3395843505859375
119,1712340416.769956,vehicle.toyota.prius,122.30390167236328,-216.25491333007812,244.09515380859375,0.0,-0.002226641634479165,1.3395843505859375
120,1712340416.871791,vehicle.toyota.prius,122.30390167236328,-216.25491333007812,244.09515380859375,0.0,-0.002226641634479165,1.3395843505859375
121,1712340416.973723,vehicle.toyota.prius,122.30390167236328,-216.25491333007812,244.09515380859375,0.0,-0.002226641634479165,1.3395843505859375
122,1712340417.0758107,vehicle.toyota.prius,122.30390167236328,-216.25491333007812,244.09515380859375,0.0,-0.002226641634479165,1.3395843505859375
123,1712340417.1781127,vehicle.toyota.prius,122.30390167236328,-216.25491333007812,244.09515380859375,0.0,-0.002226641634479165,1.3395843505859375
124,1712340417.2805204,vehicle.toyota.prius,122.30390167236328,-216.25491333007812,244.09515380859375,0.0,-0.002226641634479165,1.3395843505859375
125,1712340417.3825872,vehicle.toyota.prius,122.30390167236328,-216.25491333007812,244.09515380859375,0.0,-0.002226641634479165,1.3395843505859375
126,1712340417.4848132,vehicle.toyota.prius,122.30390167236328,-216.25491333007812,244.09515380859375,0.0,-0.002226641634479165,1.3395843505859375
127,1712340417.5868871,vehicle.toyota.prius,122.30390167236328,-216.25491333007812,244.09515380859375,0.0,-0.002226641634479165,1.3395843505859375
128,1712340417.6891828,vehicle.toyota.prius,122.30390167236328,-216.25491333007812,244.09515380859375,0.0,-0.002226641634479165,1.3395843505859375
129,1712340417.791576,vehicle.toyota.prius,122.30390167236328,-216.25491333007812,244.09515380859375,0.0,-0.002226641634479165,1.3395843505859375
130,1712340417.8937259,vehicle.toyota.prius,122.30390167236328,-216.25491333007812,244.09515380859375,0.0,-0.002226641634479165,1.3395843505859375
131,1712340417.995678,vehicle.toyota.prius,122.30390167236328,-216.25491333007812,244.09515380859375,0.0,-0.002226641634479165,1.3395843505859375
132,1712340418.097923,vehicle.toyota.prius,122.30390167236328,-216.25491333007812,244.09515380859375,0.0,-0.002226641634479165,1.3395843505859375
133,1712340418.2004347,vehicle.toyota.prius,122.30390167236328,-216.25491333007812,244.09515380859375,0.0,-0.002226641634479165,1.3395843505859375
134,1712340418.3028078,vehicle.toyota.prius,122.30390167236328,-216.25491333007812,244.09515380859375,0.0,-0.002226641634479165,1.3395843505859375
135,1712340418.405125,vehicle.toyota.prius,122.30390167236328,-216.25491333007812,244.09515380859375,0.0,-0.002226641634479165,1.3395843505859375
136,1712340418.507084,vehicle.toyota.prius,122.30390167236328,-216.25491333007812,244.09515380859375,0.0,-0.002226641634479165,1.3395843505859375
137,1712340418.6090186,vehicle.toyota.prius,122.30390167236328,-216.25491333007812,244.09515380859375,0.0,-0.002226641634479165,1.3395843505859375
138,1712340418.7110329,vehicle.toyota.prius,122.30390167236328,-216.25491333007812,244.09515380859375,0.0,-0.002226641634479165,1.3395843505859375
139,1712340418.8130996,vehicle.toyota.prius,122.30390167236328,-216.25491333007812,244.09515380859375,0.0,-0.002226641634479165,1.3395843505859375
140,1712340418.9154992,vehicle.toyota.prius,122.30390167236328,-216.25491333007812,244.09515380859375,0.0,-0.002226641634479165,1.3395843505859375
141,1712340419.0177858,vehicle.toyota.prius,122.30390167236328,-216.25491333007812,244.09515380859375,0.0,-0.002226641634479165,1.3395843505859375
142,1712340419.120096,vehicle.toyota.prius,122.30390167236328,-216.25491333007812,244.09515380859375,0.0,-0.002226641634479165,1.3395843505859375
143,1712340419.2224169,vehicle.toyota.prius,122.30390167236328,-216.25491333007812,244.09515380859375,0.0,-0.002226641634479165,1.3395843505859375
144,1712340419.3247466,vehicle.toyota.prius,122.30390167236328,-216.25491333007812,244.09515380859375,0.0,-0.002226641634479165,1.3395843505859375
145,1712340419.427256,vehicle.toyota.prius,122.30390167236328,-216.25491333007812,244.09515380859375,0.0,-0.002226641634479165,1.3395843505859375
146,1712340419.5295084,vehicle.toyota.prius,122.30390167236328,-216.25491333007812,244.09515380859375,0.0,-0.002226641634479165,1.3395843505859375
147,1712340419.631516,vehicle.toyota.prius,122.30390167236328,-216.25491333007812,244.09515380859375,0.0,-0.002226641634479165,1.3395843505859375
148,1712340419.7336357,vehicle.toyota.prius,122.30390167236328,-216.25491333007812,244.09515380859375,0.0,-0.002226641634479165,1.3395843505859375
149,1712340419.8359838,vehicle.toyota.prius,122.30390167236328,-216.25491333007812,244.09515380859375,0.0,-0.002226641634479165,1.3395843505859375
150,1712340419.9378057,vehicle.toyota.prius,122.30390167236328,-216.25491333007812,244.09515380859375,0.0,-0.002226641634479165,1.3395843505859375
151,1712340420.0400953,vehicle.toyota.prius,122.30390167236328,-216.25491333007812,244.09515380859375,0.0,-0.002226641634479165,1.3395843505859375
152,1712340420.1424851,vehicle.toyota.prius,122.30390167236328,-216.25491333007812,244.09515380859375,0.0,-0.002226641634479165,1.3395843505859375
153,1712340420.2447999,vehicle.toyota.prius,122.30390167236328,-216.25491333007812,244.09515380859375,0.0,-0.002226641634479165,1.3395843505859375
154,1712340420.346641,vehicle.toyota.prius,122.30390167236328,-216.25491333007812,244.09515380859375,0.0,-0.002226641634479165,1.3395843505859375
155,1712340420.44897,vehicle.toyota.prius,122.30390167236328,-216.25491333007812,244.09515380859375,0.0,-0.002226641634479165,1.3395843505859375
156,1712340420.5516572,vehicle.toyota.prius,122.30390167236328,-216.25491333007812,244.09515380859375,0.0,-0.002226641634479165,1.3395843505859375
157,1712340420.6540697,vehicle.toyota.prius,122.30390167236328,-216.25491333007812,244.09515380859375,0.0,-0.002226641634479165,1.3395843505859375
158,1712340420.7561247,vehicle.toyota.prius,122.30390167236328,-216.25491333007812,244.09515380859375,0.0,-0.002226641634479165,1.3395843505859375
159,1712340420.8579204,vehicle.toyota.prius,122.30390167236328,-216.25491333007812,244.09515380859375,0.0,-0.002226641634479165,1.3395843505859375
160,1712340420.960029,vehicle.toyota.prius,122.30390167236328,-216.25491333007812,244.09515380859375,0.0,-0.002226641634479165,1.3395843505859375
161,1712340421.0620403,vehicle.toyota.prius,122.30390167236328,-216.25491333007812,244.09515380859375,0.0,-0.002226641634479165,1.3395843505859375
162,1712340421.1643002,vehicle.toyota.prius,122.30390167236328,-216.25491333007812,244.09515380859375,0.0,-0.002226641634479165,1.3395843505859375
163,1712340421.2666316,vehicle.toyota.prius,122.30390167236328,-216.25491333007812,244.09515380859375,0.0,-0.002226641634479165,1.3395843505859375
164,1712340421.3689265,vehicle.toyota.prius,122.30390167236328,-216.25491333007812,244.09515380859375,0.0,-0.002226641634479165,1.3395843505859375
165,1712340421.4710803,vehicle.toyota.prius,122.30390167236328,-216.25491333007812,244.09515380859375,0.0,-0.002226641634479165,1.3395843505859375
166,1712340421.5729244,vehicle.toyota.prius,122.30390167236328,-216.25491333007812,244.09515380859375,0.0,-0.002226641634479165,1.3395843505859375
167,1712340421.6747777,vehicle.toyota.prius,122.30390167236328,-216.25491333007812,244.09515380859375,0.0,-0.002226641634479165,1.3395843505859375
168,1712340421.7766595,vehicle.toyota.prius,122.30390167236328,-216.25491333007812,244.09515380859375,0.0,-0.002226641634479165,1.3395843505859375
169,1712340421.879097,vehicle.toyota.prius,122.30390167236328,-216.25491333007812,244.09515380859375,0.0,-0.002226641634479165,1.3395843505859375
170,1712340421.9820762,vehicle.toyota.prius,122.30390167236328,-216.25491333007812,244.09515380859375,0.0,-0.002226641634479165,1.3395843505859375
171,1712340422.0842574,vehicle.toyota.prius,122.30390167236328,-216.25491333007812,244.09515380859375,0.0,-0.002226641634479165,1.3395843505859375
172,1712340422.1861823,vehicle.toyota.prius,122.30390167236328,-216.25491333007812,244.09515380859375,0.0,-0.002226641634479165,1.3395843505859375
173,1712340422.2888203,vehicle.toyota.prius,122.30390167236328,-216.25491333007812,244.09515380859375,0.0,-0.002226641634479165,1.3395843505859375
174,1712340422.3910809,vehicle.toyota.prius,122.30390167236328,-216.25491333007812,244.09515380859375,0.0,-0.002226641634479165,1.3395843505859375
175,1712340422.4932702,vehicle.toyota.prius,122.30390167236328,-216.25491333007812,244.09515380859375,0.0,-0.002226641634479165,1.3395843505859375
176,1712340422.5959072,vehicle.toyota.prius,122.30390167236328,-216.25491333007812,244.09515380859375,0.0,-0.002226641634479165,1.3395843505859375
177,1712340422.6982117,vehicle.toyota.prius,122.30390167236328,-216.25491333007812,244.09515380859375,0.0,-0.002226641634479165,1.3395843505859375
178,1712340422.8003175,vehicle.toyota.prius,122.30390167236328,-216.25491333007812,244.09515380859375,0.0,-0.002226641634479165,1.3395843505859375
179,1712340422.902486,vehicle.toyota.prius,122.30390167236328,-216.25491333007812,244.09515380859375,0.0,-0.002226641634479165,1.3395843505859375
180,1712340423.0049264,vehicle.toyota.prius,122.30390167236328,-216.25491333007812,244.09515380859375,0.0,-0.002226641634479165,1.3395843505859375
181,1712340423.1070385,vehicle.toyota.prius,122.30390167236328,-216.25491333007812,244.09515380859375,0.0,-0.002226641634479165,1.3395843505859375
182,1712340423.209292,vehicle.toyota.prius,122.30390167236328,-216.25491333007812,244.09515380859375,0.0,-0.002226641634479165,1.3395843505859375
183,1712340423.3112457,vehicle.toyota.prius,122.30390167236328,-216.25491333007812,244.09515380859375,0.0,-0.002226641634479165,1.3395843505859375
184,1712340423.4133136,vehicle.toyota.prius,122.30390167236328,-216.25491333007812,244.09515380859375,0.0,-0.002226641634479165,1.3395843505859375
185,1712340423.5152242,vehicle.toyota.prius,122.30390167236328,-216.25491333007812,244.09515380859375,0.0,-0.002226641634479165,1.3395843505859375
186,1712340423.61781,vehicle.toyota.prius,122.30390167236328,-216.25491333007812,244.09515380859375,0.0,-0.002226641634479165,1.3395843505859375
187,1712340423.7204974,vehicle.toyota.prius,122.30390167236328,-216.25491333007812,244.09515380859375,0.0,-0.002226641634479165,1.3395843505859375
188,1712340423.8226628,vehicle.toyota.prius,122.30390167236328,-216.25491333007812,244.09515380859375,0.0,-0.002226641634479165,1.3395843505859375
189,1712340423.9245071,vehicle.toyota.prius,122.30390167236328,-216.25491333007812,244.09515380859375,0.0,-0.002226641634479165,1.3395843505859375
190,1712340424.0271573,vehicle.toyota.prius,122.30390167236328,-216.25491333007812,244.09515380859375,0.0,-0.002226641634479165,1.3395843505859375
191,1712340424.129212,vehicle.toyota.prius,122.30390167236328,-216.25491333007812,244.09515380859375,0.0,-0.002226641634479165,1.3395843505859375
192,1712340424.2318485,vehicle.toyota.prius,122.30390167236328,-216.25491333007812,244.09515380859375,0.0,-0.002226641634479165,1.3395843505859375
193,1712340424.333864,vehicle.toyota.prius,122.30390167236328,-216.25491333007812,244.09515380859375,0.0,-0.002226641634479165,1.3395843505859375
194,1712340424.4363632,vehicle.toyota.prius,122.30390167236328,-216.25491333007812,244.09515380859375,0.0,-0.002226641634479165,1.3395843505859375
195,1712340424.538528,vehicle.toyota.prius,122.30390167236328,-216.25491333007812,244.09515380859375,0.0,-0.002226641634479165,1.3395843505859375
196,1712340424.6409771,vehicle.toyota.prius,122.30390167236328,-216.25491333007812,244.09515380859375,0.0,-0.002226641634479165,1.3395843505859375
197,1712340424.7430177,vehicle.toyota.prius,122.30390167236328,-216.25491333007812,244.09515380859375,0.0,-0.002226641634479165,1.3395843505859375
198,1712340424.8450944,vehicle.toyota.prius,122.30390167236328,-216.25491333007812,244.09515380859375,0.0,-0.002226641634479165,1.3395843505859375
199,1712340424.9470165,vehicle.toyota.prius,122.30390167236328,-216.25491333007812,244.09515380859375,0.0,-0.002226641634479165,1.3395843505859375
200,1712340425.0489209,vehicle.toyota.prius,122.30390167236328,-216.25491333007812,244.09515380859375,0.0,-0.002226641634479165,1.3395843505859375
201,1712340425.1510262,vehicle.toyota.prius,122.30390167236328,-216.25491333007812,244.09515380859375,0.0,-0.002226641634479165,1.3395843505859375
202,1712340425.2534287,vehicle.toyota.prius,122.30390167236328,-216.25491333007812,244.09515380859375,0.0,-0.002226641634479165,1.3395843505859375
203,1712340425.355579,vehicle.toyota.prius,122.30390167236328,-216.25491333007812,244.09515380859375,0.0,-0.002226641634479165,1.3395843505859375
204,1712340425.458031,vehicle.toyota.prius,122.30390167236328,-216.25491333007812,244.09515380859375,0.0,-0.002226641634479165,1.3395843505859375
205,1712340425.560367,vehicle.toyota.prius,122.30390167236328,-216.25491333007812,244.09515380859375,0.0,-0.002226641634479165,1.3395843505859375
206,1712340425.6629648,vehicle.toyota.prius,122.30390167236328,-216.25491333007812,244.09515380859375,0.0,-0.002226641634479165,1.3395843505859375
207,1712340425.7651346,vehicle.toyota.prius,122.30390167236328,-216.25491333007812,244.09515380859375,0.0,-0.002226641634479165,1.3395843505859375
208,1712340425.8672326,vehicle.toyota.prius,122.30390167236328,-216.25491333007812,244.09515380859375,0.0,-0.002226641634479165,1.3395843505859375
209,1712340425.9697044,vehicle.toyota.prius,122.30390167236328,-216.25491333007812,244.09515380859375,0.0,-0.002226641634479165,1.3395843505859375
210,1712340426.0722547,vehicle.toyota.prius,122.30390167236328,-216.25491333007812,244.09515380859375,0.0,-0.002226641634479165,1.3395843505859375
211,1712340426.1742089,vehicle.toyota.prius,122.30390167236328,-216.25491333007812,244.09515380859375,0.0,-0.002226641634479165,1.3395843505859375
212,1712340426.2764843,vehicle.toyota.prius,122.30390167236328,-216.25491333007812,244.09515380859375,0.0,-0.002226641634479165,1.3395843505859375
213,1712340426.3782692,vehicle.toyota.prius,122.30390167236328,-216.25491333007812,244.09515380859375,0.0,-0.002226641634479165,1.3395843505859375
214,1712340426.480301,vehicle.toyota.prius,122.30390167236328,-216.25491333007812,244.09515380859375,0.0,-0.002226641634479165,1.3395843505859375
215,1712340426.582361,vehicle.toyota.prius,122.30390167236328,-216.25491333007812,244.09515380859375,0.0,-0.002226641634479165,1.3395843505859375
216,1712340426.6845691,vehicle.toyota.prius,122.30390167236328,-216.25491333007812,244.09515380859375,0.0,-0.002226641634479165,1.3395843505859375
217,1712340426.7869952,vehicle.toyota.prius,122.30390167236328,-216.25491333007812,244.09515380859375,0.0,-0.002226641634479165,1.3395843505859375
218,1712340426.8888488,vehicle.toyota.prius,122.30390167236328,-216.25491333007812,244.09515380859375,0.0,-0.002226641634479165,1.3395843505859375
219,1712340426.9906704,vehicle.toyota.prius,122.30390167236328,-216.25491333007812,244.09515380859375,0.0,-0.002226641634479165,1.3395843505859375
220,1712340427.0924938,vehicle.toyota.prius,122.30390167236328,-216.25491333007812,244.09515380859375,0.0,-0.002226641634479165,1.3395843505859375
221,1712340427.1946309,vehicle.toyota.prius,122.30390167236328,-216.25491333007812,244.09515380859375,0.0,-0.002226641634479165,1.3395843505859375
222,1712340427.2964277,vehicle.toyota.prius,122.30390167236328,-216.25491333007812,244.09515380859375,0.0,-0.002226641634479165,1.3395843505859375
223,1712340427.3984373,vehicle.toyota.prius,122.30390167236328,-216.25491333007812,244.09515380859375,0.0,-0.002226641634479165,1.3395843505859375
224,1712340427.5008776,vehicle.toyota.prius,122.30390167236328,-216.25491333007812,244.09515380859375,0.0,-0.002226641634479165,1.3395843505859375
225,1712340427.6029031,vehicle.toyota.prius,122.30390167236328,-216.25491333007812,244.09515380859375,0.0,-0.002226641634479165,1.3395843505859375
226,1712340427.7050352,vehicle.toyota.prius,122.30390167236328,-216.25491333007812,244.09515380859375,0.0,-0.002226641634479165,1.3395843505859375
227,1712340427.807364,vehicle.toyota.prius,122.30390167236328,-216.25491333007812,244.09515380859375,0.0,-0.002226641634479165,1.3395843505859375
228,1712340427.9097812,vehicle.toyota.prius,122.30390167236328,-216.25491333007812,244.09515380859375,0.0,-0.002226641634479165,1.3395843505859375
229,1712340428.0122037,vehicle.toyota.prius,122.30390167236328,-216.25491333007812,244.09515380859375,0.0,-0.002226641634479165,1.3395843505859375
230,1712340428.1147988,vehicle.toyota.prius,122.30390167236328,-216.25491333007812,244.09515380859375,0.0,-0.002226641634479165,1.3395843505859375
231,1712340428.217183,vehicle.toyota.prius,122.30390167236328,-216.25491333007812,244.09515380859375,0.0,-0.002226641634479165,1.3395843505859375
232,1712340428.3196003,vehicle.toyota.prius,122.30390167236328,-216.25491333007812,244.09515380859375,0.0,-0.002226641634479165,1.3395843505859375
233,1712340428.4220228,vehicle.toyota.prius,122.30390167236328,-216.25491333007812,244.09515380859375,0.0,-0.002226641634479165,1.3395843505859375
234,1712340428.5241518,vehicle.toyota.prius,122.30390167236328,-216.25491333007812,244.09515380859375,0.0,-0.002226641634479165,1.3395843505859375
235,1712340428.6259706,vehicle.toyota.prius,122.30390167236328,-216.25491333007812,244.09515380859375,0.0,-0.002226641634479165,1.3395843505859375
236,1712340428.727994,vehicle.toyota.prius,122.30390167236328,-216.25491333007812,244.09515380859375,0.0,-0.002226641634479165,1.3395843505859375
237,1712340428.8300421,vehicle.toyota.prius,122.30390167236328,-216.25491333007812,244.09515380859375,0.0,-0.002226641634479165,1.3395843505859375
238,1712340428.9324145,vehicle.toyota.prius,122.30390167236328,-216.25491333007812,244.09515380859375,0.0,-0.002226641634479165,1.3395843505859375
239,1712340429.0348582,vehicle.toyota.prius,122.30390167236328,-216.25491333007812,244.09515380859375,0.0,-0.002226641634479165,1.3395843505859375
240,1712340429.137365,vehicle.toyota.prius,122.30390167236328,-216.25491333007812,244.09515380859375,0.0,-0.002226641634479165,1.3395843505859375
241,1712340429.2393968,vehicle.toyota.prius,122.30390167236328,-216.25491333007812,244.09515380859375,0.0,-0.002226641634479165,1.3395843505859375
242,1712340429.3415437,vehicle.toyota.prius,122.30390167236328,-216.25491333007812,244.09515380859375,0.0,-0.002226641634479165,1.3395843505859375
243,1712340429.4433622,vehicle.toyota.prius,122.30390167236328,-216.25491333007812,244.09515380859375,0.0,-0.002226641634479165,1.3395843505859375
244,1712340429.5454457,vehicle.toyota.prius,122.30390167236328,-216.25491333007812,244.09515380859375,0.0,-0.002226641634479165,1.3395843505859375
245,1712340429.6473567,vehicle.toyota.prius,122.30390167236328,-216.25491333007812,244.09515380859375,0.0,-0.002226641634479165,1.3395843505859375
246,1712340429.7494226,vehicle.toyota.prius,122.30390167236328,-216.25491333007812,244.09515380859375,0.0,-0.002226641634479165,1.3395843505859375
247,1712340429.851869,vehicle.toyota.prius,122.30390167236328,-216.25491333007812,244.09515380859375,0.0,-0.002226641634479165,1.3395843505859375
248,1712340429.9540436,vehicle.toyota.prius,122.30390167236328,-216.25491333007812,244.09515380859375,0.0,-0.002226641634479165,1.3395843505859375
249,1712340430.056509,vehicle.toyota.prius,122.30390167236328,-216.25491333007812,244.09515380859375,0.0,-0.002226641634479165,1.3395843505859375
250,1712340430.1588056,vehicle.toyota.prius,122.30390167236328,-216.25491333007812,244.09515380859375,0.0,-0.002226641634479165,1.3395843505859375
251,1712340430.2607956,vehicle.toyota.prius,122.30390167236328,-216.25491333007812,244.09515380859375,0.0,-0.002226641634479165,1.3395843505859375
252,1712340430.3629293,vehicle.toyota.prius,122.30390167236328,-216.25491333007812,244.09515380859375,0.0,-0.002226641634479165,1.3395843505859375
253,1712340430.4652607,vehicle.toyota.prius,122.30390167236328,-216.25491333007812,244.09515380859375,0.0,-0.002226641634479165,1.3395843505859375
254,1712340430.5678427,vehicle.toyota.prius,122.30390167236328,-216.25491333007812,244.09515380859375,0.0,-0.002226641634479165,1.3395843505859375
255,1712340430.6698987,vehicle.toyota.prius,122.30390167236328,-216.25491333007812,244.09515380859375,0.0,-0.002226641634479165,1.3395843505859375
256,1712340430.7723026,vehicle.toyota.prius,122.30390167236328,-216.25491333007812,244.09515380859375,0.0,-0.002226641634479165,1.3395843505859375
257,1712340430.8747988,vehicle.toyota.prius,122.30390167236328,-216.25491333007812,244.09515380859375,0.0,-0.002226641634479165,1.3395843505859375
258,1712340430.9767532,vehicle.toyota.prius,122.30390167236328,-216.25491333007812,244.09515380859375,0.0,-0.002226641634479165,1.3395843505859375
259,1712340431.0786853,vehicle.toyota.prius,122.30390167236328,-216.25491333007812,244.09515380859375,0.0,-0.002226641634479165,1.3395843505859375
260,1712340431.1809247,vehicle.toyota.prius,122.30390167236328,-216.25491333007812,244.09515380859375,0.0,-0.002226641634479165,1.3395843505859375
261,1712340431.2833016,vehicle.toyota.prius,122.30390167236328,-216.25491333007812,244.09515380859375,0.0,-0.002226641634479165,1.3395843505859375
262,1712340431.3855746,vehicle.toyota.prius,122.30390167236328,-216.25491333007812,244.09515380859375,0.0,-0.002226641634479165,1.3395843505859375
263,1712340431.4877954,vehicle.toyota.prius,122.30390167236328,-216.25491333007812,244.09515380859375,0.0,-0.002226641634479165,1.3395843505859375
264,1712340431.589746,vehicle.toyota.prius,122.30390167236328,-216.25491333007812,244.09515380859375,0.0,-0.002226641634479165,1.3395843505859375
265,1712340431.6917665,vehicle.toyota.prius,122.30390167236328,-216.25491333007812,244.09515380859375,0.0,-0.002226641634479165,1.3395843505859375
266,1712340431.793785,vehicle.toyota.prius,122.30390167236328,-216.25491333007812,244.09515380859375,0.0,-0.002226641634479165,1.3395843505859375
267,1712340431.8957794,vehicle.toyota.prius,122.30390167236328,-216.25491333007812,244.09515380859375,0.0,-0.002226641634479165,1.3395843505859375
268,1712340431.997865,vehicle.toyota.prius,122.30390167236328,-216.25491333007812,244.09515380859375,0.0,-0.002226641634479165,1.3395843505859375
269,1712340432.0999453,vehicle.toyota.prius,122.30390167236328,-216.25491333007812,244.09515380859375,0.0,-0.002226641634479165,1.3395843505859375
270,1712340432.2020102,vehicle.toyota.prius,122.30390167236328,-216.25491333007812,244.09515380859375,0.0,-0.002226641634479165,1.3395843505859375
271,1712340432.3044314,vehicle.toyota.prius,122.30390167236328,-216.25491333007812,244.09515380859375,0.0,-0.002226641634479165,1.3395843505859375
272,1712340432.406516,vehicle.toyota.prius,122.30390167236328,-216.25491333007812,244.09515380859375,0.0,-0.002226641634479165,1.3395843505859375
273,1712340432.5086248,vehicle.toyota.prius,122.30390167236328,-216.25491333007812,244.09515380859375,0.0,-0.002226641634479165,1.3395843505859375
274,1712340432.610673,vehicle.toyota.prius,122.30390167236328,-216.25491333007812,244.09515380859375,0.0,-0.002226641634479165,1.3395843505859375
275,1712340432.712502,vehicle.toyota.prius,122.30390167236328,-216.25491333007812,244.09515380859375,0.0,-0.002226641634479165,1.3395843505859375
276,1712340432.814714,vehicle.toyota.prius,122.30390167236328,-216.25491333007812,244.09515380859375,0.0,-0.002226641634479165,1.3395843505859375
277,1712340432.91702,vehicle.toyota.prius,122.30390167236328,-216.25491333007812,244.09515380859375,0.0,-0.002226641634479165,1.3395843505859375
278,1712340433.0195296,vehicle.toyota.prius,122.30390167236328,-216.25491333007812,244.09515380859375,0.0,-0.002226641634479165,1.3395843505859375
279,1712340433.121799,vehicle.toyota.prius,122.30390167236328,-216.25491333007812,244.09515380859375,0.0,-0.002226641634479165,1.3395843505859375
280,1712340433.2239416,vehicle.toyota.prius,122.30390167236328,-216.25491333007812,244.09515380859375,0.0,-0.002226641634479165,1.3395843505859375
281,1712340433.3266568,vehicle.toyota.prius,122.30390167236328,-216.25491333007812,244.09515380859375,0.0,-0.002226641634479165,1.3395843505859375
282,1712340433.4291148,vehicle.toyota.prius,122.30390167236328,-216.25491333007812,244.09515380859375,0.0,-0.002226641634479165,1.3395843505859375
283,1712340433.5308812,vehicle.toyota.prius,122.30390167236328,-216.25491333007812,244.09515380859375,0.0,-0.002226641634479165,1.3395843505859375
284,1712340433.6337242,vehicle.toyota.prius,122.30390167236328,-216.25491333007812,244.09515380859375,0.0,-0.002226641634479165,1.3395843505859375
285,1712340433.735523,vehicle.toyota.prius,122.30390167236328,-216.25491333007812,244.09515380859375,0.0,-0.002226641634479165,1.3395843505859375
286,1712340433.8377883,vehicle.toyota.prius,122.30390167236328,-216.25491333007812,244.09515380859375,0.0,-0.002226641634479165,1.3395843505859375
287,1712340433.9399924,vehicle.toyota.prius,122.30390167236328,-216.25491333007812,244.09515380859375,0.0,-0.002226641634479165,1.3395843505859375
288,1712340434.0428195,vehicle.toyota.prius,122.30390167236328,-216.25491333007812,244.09515380859375,0.0,-0.002226641634479165,1.3395843505859375
289,1712340434.1452396,vehicle.toyota.prius,122.30390167236328,-216.25491333007812,244.09515380859375,0.0,-0.002226641634479165,1.3395843505859375
290,1712340434.2473896,vehicle.toyota.prius,122.30390167236328,-216.25491333007812,244.09515380859375,0.0,-0.002226641634479165,1.3395843505859375
291,1712340434.3493452,vehicle.toyota.prius,122.30390167236328,-216.25491333007812,244.09515380859375,0.0,-0.002226641634479165,1.3395843505859375
292,1712340434.4513638,vehicle.toyota.prius,122.30390167236328,-216.25491333007812,244.09515380859375,0.0,-0.002226641634479165,1.3395843505859375
293,1712340434.553781,vehicle.toyota.prius,122.30390167236328,-216.25491333007812,244.09515380859375,0.0,-0.002226641634479165,1.3395843505859375
294,1712340434.655961,vehicle.toyota.prius,122.30390167236328,-216.25491333007812,244.09515380859375,0.0,-0.002226641634479165,1.3395843505859375
295,1712340434.7584195,vehicle.toyota.prius,122.30390167236328,-216.25491333007812,244.09515380859375,0.0,-0.002226641634479165,1.3395843505859375
296,1712340434.8604054,vehicle.toyota.prius,122.30390167236328,-216.25491333007812,244.09515380859375,0.0,-0.002226641634479165,1.3395843505859375
297,1712340434.962447,vehicle.toyota.prius,122.30390167236328,-216.25491333007812,244.09515380859375,0.0,-0.002226641634479165,1.3395843505859375
298,1712340435.064867,vehicle.toyota.prius,122.30390167236328,-216.25491333007812,244.09515380859375,0.0,-0.002226641634479165,1.3395843505859375
299,1712340435.1673355,vehicle.toyota.prius,122.30390167236328,-216.25491333007812,244.09515380859375,0.0,-0.002226641634479165,1.3395843505859375
300,1712340435.2699156,vehicle.toyota.prius,122.30390167236328,-216.25491333007812,244.09515380859375,0.0,-0.002226641634479165,1.3395843505859375
301,1712340435.3717105,vehicle.toyota.prius,122.30390167236328,-216.25491333007812,244.09515380859375,0.0,-0.002226641634479165,1.3395843505859375
302,1712340435.473775,vehicle.toyota.prius,122.30390167236328,-216.25491333007812,244.09515380859375,0.0,-0.002226641634479165,1.3395843505859375
303,1712340435.575841,vehicle.toyota.prius,122.30390167236328,-216.25491333007812,244.09515380859375,0.0,-0.002226641634479165,1.3395843505859375
304,1712340435.678106,vehicle.toyota.prius,122.30390167236328,-216.25491333007812,244.09515380859375,0.0,-0.002226641634479165,1.3395843505859375
305,1712340435.7798746,vehicle.toyota.prius,122.30390167236328,-216.25491333007812,244.09515380859375,0.0,-0.002226641634479165,1.3395843505859375
306,1712340435.8825045,vehicle.toyota.prius,122.30390167236328,-216.25491333007812,244.09515380859375,0.0,-0.002226641634479165,1.3395843505859375
307,1712340435.985091,vehicle.toyota.prius,122.30390167236328,-216.25491333007812,244.09515380859375,0.0,-0.002226641634479165,1.3395843505859375
308,1712340436.0872798,vehicle.toyota.prius,122.30390167236328,-216.25491333007812,244.09515380859375,0.0,-0.002226641634479165,1.3395843505859375
309,1712340436.189424,vehicle.toyota.prius,122.30390167236328,-216.25491333007812,244.09515380859375,0.0,-0.002226641634479165,1.3395843505859375
310,1712340436.291668,vehicle.toyota.prius,122.30390167236328,-216.25491333007812,244.09515380859375,0.0,-0.002226641634479165,1.3395843505859375
311,1712340436.3937008,vehicle.toyota.prius,122.30390167236328,-216.25491333007812,244.09515380859375,0.0,-0.002226641634479165,1.3395843505859375
312,1712340436.4960003,vehicle.toyota.prius,122.30390167236328,-216.25491333007812,244.09515380859375,0.0,-0.002226641634479165,1.3395843505859375
313,1712340436.5984566,vehicle.toyota.prius,122.30390167236328,-216.25491333007812,244.09515380859375,0.0,-0.002226641634479165,1.3395843505859375
314,1712340436.7008796,vehicle.toyota.prius,122.30390167236328,-216.25491333007812,244.09515380859375,0.0,-0.002226641634479165,1.3395843505859375
315,1712340436.8031528,vehicle.toyota.prius,122.30390167236328,-216.25491333007812,244.09515380859375,0.0,-0.002226641634479165,1.3395843505859375
316,1712340436.9055254,vehicle.toyota.prius,122.30390167236328,-216.25491333007812,244.09515380859375,0.0,-0.002226641634479165,1.3395843505859375
317,1712340437.007884,vehicle.toyota.prius,122.30390167236328,-216.25491333007812,244.09515380859375,0.0,-0.002226641634479165,1.3395843505859375
318,1712340437.1104195,vehicle.toyota.prius,122.30390167236328,-216.25491333007812,244.09515380859375,0.0,-0.002226641634479165,1.3395843505859375
319,1712340437.2128592,vehicle.toyota.prius,122.30390167236328,-216.25491333007812,244.09515380859375,0.0,-0.002226641634479165,1.3395843505859375
320,1712340437.3149326,vehicle.toyota.prius,122.30390167236328,-216.25491333007812,244.09515380859375,0.0,-0.002226641634479165,1.3395843505859375
321,1712340437.4170945,vehicle.toyota.prius,122.30390167236328,-216.25491333007812,244.09515380859375,0.0,-0.002226641634479165,1.3395843505859375
322,1712340437.5200033,vehicle.toyota.prius,122.30390167236328,-216.25491333007812,244.09515380859375,0.0,-0.002226641634479165,1.3395843505859375
323,1712340437.6222777,vehicle.toyota.prius,122.30390167236328,-216.25491333007812,244.09515380859375,0.0,-0.002226641634479165,1.3395843505859375
324,1712340437.724735,vehicle.toyota.prius,122.30390167236328,-216.25491333007812,244.09515380859375,0.0,-0.002226641634479165,1.3395843505859375
325,1712340437.8267686,vehicle.toyota.prius,122.30390167236328,-216.25491333007812,244.09515380859375,0.0,-0.002226641634479165,1.3395843505859375
326,1712340437.9289215,vehicle.toyota.prius,122.30390167236328,-216.25491333007812,244.09515380859375,0.0,-0.002226641634479165,1.3395843505859375
327,1712340438.0311725,vehicle.toyota.prius,122.30390167236328,-216.25491333007812,244.09515380859375,0.0,-0.002226641634479165,1.3395843505859375
328,1712340438.133331,vehicle.toyota.prius,122.30390167236328,-216.25491333007812,244.09515380859375,0.0,-0.002226641634479165,1.3395843505859375
329,1712340438.235689,vehicle.toyota.prius,122.30390167236328,-216.25491333007812,244.09515380859375,0.0,-0.002226641634479165,1.3395843505859375
330,1712340438.337615,vehicle.toyota.prius,122.30390167236328,-216.25491333007812,244.09515380859375,0.0,-0.002226641634479165,1.3395843505859375
331,1712340438.439891,vehicle.toyota.prius,122.30390167236328,-216.25491333007812,244.09515380859375,0.0,-0.002226641634479165,1.3395843505859375
332,1712340438.5423648,vehicle.toyota.prius,122.30390167236328,-216.25491333007812,244.09515380859375,0.0,-0.002226641634479165,1.3395843505859375
333,1712340438.6442523,vehicle.toyota.prius,122.30390167236328,-216.25491333007812,244.09515380859375,0.0,-0.002226641634479165,1.3395843505859375
334,1712340438.7468462,vehicle.toyota.prius,122.30390167236328,-216.25491333007812,244.09515380859375,0.0,-0.002226641634479165,1.3395843505859375
335,1712340438.8495793,vehicle.toyota.prius,122.30390167236328,-216.25491333007812,244.09515380859375,0.0,-0.002226641634479165,1.3395843505859375
336,1712340438.9517117,vehicle.toyota.prius,122.30390167236328,-216.25491333007812,244.09515380859375,0.0,-0.002226641634479165,1.3395843505859375
337,1712340439.053657,vehicle.toyota.prius,122.30390167236328,-216.25491333007812,244.09515380859375,0.0,-0.002226641634479165,1.3395843505859375
338,1712340439.1558185,vehicle.toyota.prius,122.30390167236328,-216.25491333007812,244.09515380859375,0.0,-0.002226641634479165,1.3395843505859375
339,1712340439.2578325,vehicle.toyota.prius,122.30390167236328,-216.25491333007812,244.09515380859375,0.0,-0.002226641634479165,1.3395843505859375
340,1712340439.3603234,vehicle.toyota.prius,122.30390167236328,-216.25491333007812,244.09515380859375,0.0,-0.002226641634479165,1.3395843505859375
341,1712340439.4627857,vehicle.toyota.prius,122.30390167236328,-216.25491333007812,244.09515380859375,0.0,-0.002226641634479165,1.3395843505859375
342,1712340439.5650954,vehicle.toyota.prius,122.30390167236328,-216.25491333007812,244.09515380859375,0.0,-0.002226641634479165,1.3395843505859375
343,1712340439.6674795,vehicle.toyota.prius,122.30390167236328,-216.25491333007812,244.09515380859375,0.0,-0.002226641634479165,1.3395843505859375
344,1712340439.769922,vehicle.toyota.prius,122.30390167236328,-216.25491333007812,244.09515380859375,0.0,-0.002226641634479165,1.3395843505859375
345,1712340439.8717487,vehicle.toyota.prius,122.30390167236328,-216.25491333007812,244.09515380859375,0.0,-0.002226641634479165,1.3395843505859375
346,1712340439.97351,vehicle.toyota.prius,122.30390167236328,-216.25491333007812,244.09515380859375,0.0,-0.002226641634479165,1.3395843505859375
347,1712340440.075788,vehicle.toyota.prius,122.30390167236328,-216.25491333007812,244.09515380859375,0.0,-0.002226641634479165,1.3395843505859375
348,1712340440.1775873,vehicle.toyota.prius,122.30390167236328,-216.25491333007812,244.09515380859375,0.0,-0.002226641634479165,1.3395843505859375
349,1712340440.2793725,vehicle.toyota.prius,122.30390167236328,-216.25491333007812,244.09515380859375,0.0,-0.002226641634479165,1.3395843505859375
350,1712340440.3814304,vehicle.toyota.prius,122.30390167236328,-216.25491333007812,244.09515380859375,0.0,-0.002226641634479165,1.3395843505859375
351,1712340440.4833536,vehicle.toyota.prius,122.30390167236328,-216.25491333007812,244.09515380859375,0.0,-0.002226641634479165,1.3395843505859375
352,1712340440.586014,vehicle.toyota.prius,122.30390167236328,-216.25491333007812,244.09515380859375,0.0,-0.002226641634479165,1.3395843505859375
353,1712340440.68826,vehicle.toyota.prius,122.30390167236328,-216.25491333007812,244.09515380859375,0.0,-0.002226641634479165,1.3395843505859375
354,1712340440.7904277,vehicle.toyota.prius,122.30390167236328,-216.25491333007812,244.09515380859375,0.0,-0.002226641634479165,1.3395843505859375
355,1712340440.8928509,vehicle.toyota.prius,122.30390167236328,-216.25491333007812,244.09515380859375,0.0,-0.002226641634479165,1.3395843505859375
356,1712340440.9946797,vehicle.toyota.prius,122.30390167236328,-216.25491333007812,244.09515380859375,0.0,-0.002226641634479165,1.3395843505859375
357,1712340441.0964582,vehicle.toyota.prius,122.30390167236328,-216.25491333007812,244.09515380859375,0.0,-0.002226641634479165,1.3395843505859375
358,1712340441.198348,vehicle.toyota.prius,122.30390167236328,-216.25491333007812,244.09515380859375,0.0,-0.002226641634479165,1.3395843505859375
359,1712340441.300238,vehicle.toyota.prius,122.30390167236328,-216.25491333007812,244.09515380859375,0.0,-0.002226641634479165,1.3395843505859375
360,1712340441.4022553,vehicle.toyota.prius,122.30390167236328,-216.25491333007812,244.09515380859375,0.0,-0.002226641634479165,1.3395843505859375
361,1712340441.504279,vehicle.toyota.prius,122.30390167236328,-216.25491333007812,244.09515380859375,0.0,-0.002226641634479165,1.3395843505859375
362,1712340441.6067953,vehicle.toyota.prius,122.30390167236328,-216.25491333007812,244.09515380859375,0.0,-0.002226641634479165,1.3395843505859375
363,1712340441.7091978,vehicle.toyota.prius,122.30390167236328,-216.25491333007812,244.09515380859375,0.0,-0.002226641634479165,1.3395843505859375
364,1712340441.8113112,vehicle.toyota.prius,122.30390167236328,-216.25491333007812,244.09515380859375,0.0,-0.002226641634479165,1.3395843505859375
365,1712340441.9130814,vehicle.toyota.prius,122.30390167236328,-216.25491333007812,244.09515380859375,0.0,-0.002226641634479165,1.3395843505859375
366,1712340442.01515,vehicle.toyota.prius,122.30390167236328,-216.25491333007812,244.09515380859375,0.0,-0.002226641634479165,1.3395843505859375
367,1712340442.1177201,vehicle.toyota.prius,122.30390167236328,-216.25491333007812,244.09515380859375,0.0,-0.002226641634479165,1.3395843505859375
368,1712340442.2204168,vehicle.toyota.prius,122.30390167236328,-216.25491333007812,244.09515380859375,0.0,-0.002226641634479165,1.3395843505859375
369,1712340442.323304,vehicle.toyota.prius,122.30390167236328,-216.25491333007812,244.09515380859375,0.0,-0.002226641634479165,1.3395843505859375
370,1712340442.4252694,vehicle.toyota.prius,122.30390167236328,-216.25491333007812,244.09515380859375,0.0,-0.002226641634479165,1.3395843505859375
371,1712340442.5270228,vehicle.toyota.prius,122.30390167236328,-216.25491333007812,244.09515380859375,0.0,-0.002226641634479165,1.3395843505859375
372,1712340442.6288018,vehicle.toyota.prius,122.30390167236328,-216.25491333007812,244.09515380859375,0.0,-0.002226641634479165,1.3395843505859375
373,1712340442.731084,vehicle.toyota.prius,122.30390167236328,-216.25491333007812,244.09515380859375,0.0,-0.002226641634479165,1.3395843505859375
374,1712340442.8334062,vehicle.toyota.prius,122.30390167236328,-216.25491333007812,244.09515380859375,0.0,-0.002226641634479165,1.3395843505859375
375,1712340442.93896,vehicle.toyota.prius,122.30390167236328,-216.25491333007812,244.09515380859375,0.0,-0.002226641634479165,1.3395843505859375
376,1712340443.0414898,vehicle.toyota.prius,122.30390167236328,-216.25491333007812,244.09515380859375,0.0,-0.002226641634479165,1.3395843505859375
377,1712340443.1433432,vehicle.toyota.prius,122.30390167236328,-216.25491333007812,244.09515380859375,0.0,-0.002226641634479165,1.3395843505859375
378,1712340443.245118,vehicle.toyota.prius,122.30390167236328,-216.25491333007812,244.09515380859375,0.0,-0.002226641634479165,1.3395843505859375
379,1712340443.347368,vehicle.toyota.prius,122.30390167236328,-216.25491333007812,244.09515380859375,0.0,-0.002226641634479165,1.3395843505859375
380,1712340443.4491832,vehicle.toyota.prius,122.30390167236328,-216.25491333007812,244.09515380859375,0.0,-0.002226641634479165,1.3395843505859375
381,1712340443.5513678,vehicle.toyota.prius,122.30390167236328,-216.25491333007812,244.09515380859375,0.0,-0.002226641634479165,1.3395843505859375
382,1712340443.6532884,vehicle.toyota.prius,122.30390167236328,-216.25491333007812,244.09515380859375,0.0,-0.002226641634479165,1.3395843505859375
383,1712340443.7553656,vehicle.toyota.prius,122.30390167236328,-216.25491333007812,244.09515380859375,0.0,-0.002226641634479165,1.3395843505859375
384,1712340443.8576143,vehicle.toyota.prius,122.30390167236328,-216.25491333007812,244.09515380859375,0.0,-0.002226641634479165,1.3395843505859375
385,1712340443.9599156,vehicle.toyota.prius,122.30390167236328,-216.25491333007812,244.09515380859375,0.0,-0.002226641634479165,1.3395843505859375
386,1712340444.0621674,vehicle.toyota.prius,122.30390167236328,-216.25491333007812,244.09515380859375,0.0,-0.002226641634479165,1.3395843505859375
387,1712340444.1639392,vehicle.toyota.prius,122.30390167236328,-216.25491333007812,244.09515380859375,0.0,-0.002226641634479165,1.3395843505859375
388,1712340444.2659347,vehicle.toyota.prius,122.30390167236328,-216.25491333007812,244.09515380859375,0.0,-0.002226641634479165,1.3395843505859375
389,1712340444.3677578,vehicle.toyota.prius,122.30390167236328,-216.25491333007812,244.09515380859375,0.0,-0.002226641634479165,1.3395843505859375
390,1712340444.4699,vehicle.toyota.prius,122.30390167236328,-216.25491333007812,244.09515380859375,0.0,-0.002226641634479165,1.3395843505859375
391,1712340444.5721061,vehicle.toyota.prius,122.30390167236328,-216.25491333007812,244.09515380859375,0.0,-0.002226641634479165,1.3395843505859375
392,1712340444.6740162,vehicle.toyota.prius,122.30390167236328,-216.25491333007812,244.09515380859375,0.0,-0.002226641634479165,1.3395843505859375
393,1712340444.7761574,vehicle.toyota.prius,122.30390167236328,-216.25491333007812,244.09515380859375,0.0,-0.002226641634479165,1.3395843505859375
394,1712340444.8786085,vehicle.toyota.prius,122.30390167236328,-216.25491333007812,244.09515380859375,0.0,-0.002226641634479165,1.3395843505859375
395,1712340444.980889,vehicle.toyota.prius,122.30390167236328,-216.25491333007812,244.09515380859375,0.0,-0.002226641634479165,1.3395843505859375
396,1712340445.0833836,vehicle.toyota.prius,122.30390167236328,-216.25491333007812,244.09515380859375,0.0,-0.002226641634479165,1.3395843505859375
397,1712340445.1857283,vehicle.toyota.prius,122.30390167236328,-216.25491333007812,244.09515380859375,0.0,-0.002226641634479165,1.3395843505859375
398,1712340445.2880228,vehicle.toyota.prius,122.30390167236328,-216.25491333007812,244.09515380859375,0.0,-0.002226641634479165,1.3395843505859375
399,1712340445.390562,vehicle.toyota.prius,122.30390167236328,-216.25491333007812,244.09515380859375,0.0,-0.002226641634479165,1.3395843505859375
400,1712340445.4932563,vehicle.toyota.prius,122.30390167236328,-216.25491333007812,244.09515380859375,0.0,-0.002226641634479165,1.3395843505859375
401,1712340445.5957341,vehicle.toyota.prius,122.30390167236328,-216.25491333007812,244.09515380859375,0.0,-0.002226641634479165,1.3395843505859375
402,1712340445.697503,vehicle.toyota.prius,122.30390167236328,-216.25491333007812,244.09515380859375,0.0,-0.002226641634479165,1.3395843505859375
403,1712340445.8000467,vehicle.toyota.prius,122.30390167236328,-216.25491333007812,244.09515380859375,0.0,-0.002226641634479165,1.3395843505859375
404,1712340445.9021425,vehicle.toyota.prius,122.30390167236328,-216.25491333007812,244.09515380859375,0.0,-0.002226641634479165,1.3395843505859375
405,1712340446.004354,vehicle.toyota.prius,122.30390167236328,-216.25491333007812,244.09515380859375,0.0,-0.002226641634479165,1.3395843505859375
406,1712340446.1066737,vehicle.toyota.prius,122.30390167236328,-216.25491333007812,244.09515380859375,0.0,-0.002226641634479165,1.3395843505859375
407,1712340446.2087736,vehicle.toyota.prius,122.30390167236328,-216.25491333007812,244.09515380859375,0.0,-0.002226641634479165,1.3395843505859375
408,1712340446.3106499,vehicle.toyota.prius,122.30390167236328,-216.25491333007812,244.09515380859375,0.0,-0.002226641634479165,1.3395843505859375
409,1712340446.4131052,vehicle.toyota.prius,122.30390167236328,-216.25491333007812,244.09515380859375,0.0,-0.002226641634479165,1.3395843505859375
410,1712340446.5151753,vehicle.toyota.prius,122.30390167236328,-216.25491333007812,244.09515380859375,0.0,-0.002226641634479165,1.3395843505859375
411,1712340446.6174223,vehicle.toyota.prius,122.30390167236328,-216.25491333007812,244.09515380859375,0.0,-0.002226641634479165,1.3395843505859375
412,1712340446.7192128,vehicle.toyota.prius,122.30390167236328,-216.25491333007812,244.09515380859375,0.0,-0.002226641634479165,1.3395843505859375
413,1712340446.821244,vehicle.toyota.prius,122.30390167236328,-216.25491333007812,244.09515380859375,0.0,-0.002226641634479165,1.3395843505859375
414,1712340446.9234142,vehicle.toyota.prius,122.30390167236328,-216.25491333007812,244.09515380859375,0.0,-0.002226641634479165,1.3395843505859375
415,1712340447.025947,vehicle.toyota.prius,122.30390167236328,-216.25491333007812,244.09515380859375,0.0,-0.002226641634479165,1.3395843505859375
416,1712340447.1278315,vehicle.toyota.prius,122.30390167236328,-216.25491333007812,244.09515380859375,0.0,-0.002226641634479165,1.3395843505859375
417,1712340447.2296784,vehicle.toyota.prius,122.30390167236328,-216.25491333007812,244.09515380859375,0.0,-0.002226641634479165,1.3395843505859375
418,1712340447.3424878,vehicle.toyota.prius,122.30390167236328,-216.25491333007812,244.09515380859375,0.0,-0.002226641634479165,1.3395843505859375
419,1712340447.4445097,vehicle.toyota.prius,122.30390167236328,-216.25491333007812,244.09515380859375,0.0,-0.002226641634479165,1.3395843505859375
420,1712340447.5475664,vehicle.toyota.prius,122.30390167236328,-216.25491333007812,244.09515380859375,0.0,-0.002226641634479165,1.3395843505859375
421,1712340447.6495717,vehicle.toyota.prius,122.30390167236328,-216.25491333007812,244.09515380859375,0.0,-0.002226641634479165,1.3395843505859375
422,1712340447.751831,vehicle.toyota.prius,122.30390167236328,-216.25491333007812,244.09515380859375,0.0,-0.002226641634479165,1.3395843505859375
423,1712340447.854138,vehicle.toyota.prius,122.30390167236328,-216.25491333007812,244.09515380859375,0.0,-0.002226641634479165,1.3395843505859375
424,1712340447.9560914,vehicle.toyota.prius,122.30390167236328,-216.25491333007812,244.09515380859375,0.0,-0.002226641634479165,1.3395843505859375
425,1712340448.0583131,vehicle.toyota.prius,122.30390167236328,-216.25491333007812,244.09515380859375,0.0,-0.002226641634479165,1.3395843505859375
426,1712340448.160509,vehicle.toyota.prius,122.30390167236328,-216.25491333007812,244.09515380859375,0.0,-0.002226641634479165,1.3395843505859375
427,1712340448.2629433,vehicle.toyota.prius,122.30390167236328,-216.25491333007812,244.09515380859375,0.0,-0.002226641634479165,1.3395843505859375
428,1712340448.3648176,vehicle.toyota.prius,122.30390167236328,-216.25491333007812,244.09515380859375,0.0,-0.002226641634479165,1.3395843505859375
429,1712340448.4670353,vehicle.toyota.prius,122.30390167236328,-216.25491333007812,244.09515380859375,0.0,-0.002226641634479165,1.3395843505859375
430,1712340448.5693805,vehicle.toyota.prius,122.30390167236328,-216.25491333007812,244.09515380859375,0.0,-0.002226641634479165,1.3395843505859375
431,1712340448.6715183,vehicle.toyota.prius,122.30390167236328,-216.25491333007812,244.09515380859375,0.0,-0.002226641634479165,1.3395843505859375
432,1712340448.7735524,vehicle.toyota.prius,122.30390167236328,-216.25491333007812,244.09515380859375,0.0,-0.002226641634479165,1.3395843505859375
433,1712340448.875359,vehicle.toyota.prius,122.30390167236328,-216.25491333007812,244.09515380859375,0.0,-0.002226641634479165,1.3395843505859375
434,1712340448.977505,vehicle.toyota.prius,122.30390167236328,-216.25491333007812,244.09515380859375,0.0,-0.002226641634479165,1.3395843505859375
435,1712340449.0800567,vehicle.toyota.prius,122.30390167236328,-216.25491333007812,244.09515380859375,0.0,-0.002226641634479165,1.3395843505859375
436,1712340449.1829677,vehicle.toyota.prius,122.30390167236328,-216.25491333007812,244.09515380859375,0.0,-0.002226641634479165,1.3395843505859375
437,1712340449.2848606,vehicle.toyota.prius,122.30390167236328,-216.25491333007812,244.09515380859375,0.0,-0.002226641634479165,1.3395843505859375
438,1712340449.3877232,vehicle.toyota.prius,122.30390167236328,-216.25491333007812,244.09515380859375,0.0,-0.002226641634479165,1.3395843505859375
439,1712340449.4975078,vehicle.toyota.prius,122.30390167236328,-216.25491333007812,244.09515380859375,0.0,-0.002226641634479165,1.3395843505859375
440,1712340449.5997148,vehicle.toyota.prius,122.30390167236328,-216.25491333007812,244.09515380859375,0.0,-0.002226641634479165,1.3395843505859375
441,1712340449.7016537,vehicle.toyota.prius,122.30390167236328,-216.25491333007812,244.09515380859375,0.0,-0.002226641634479165,1.3395843505859375
442,1712340449.8038187,vehicle.toyota.prius,122.30390167236328,-216.25491333007812,244.09515380859375,0.0,-0.002226641634479165,1.3395843505859375
443,1712340449.9056876,vehicle.toyota.prius,122.30390167236328,-216.25491333007812,244.09515380859375,0.0,-0.002226641634479165,1.3395843505859375
444,1712340450.0081654,vehicle.toyota.prius,122.30390167236328,-216.25491333007812,244.09515380859375,0.0,-0.002226641634479165,1.3395843505859375
445,1712340450.1102757,vehicle.toyota.prius,122.30390167236328,-216.25491333007812,244.09515380859375,0.0,-0.002226641634479165,1.3395843505859375
446,1712340450.212598,vehicle.toyota.prius,122.30390167236328,-216.25491333007812,244.09515380859375,0.0,-0.002226641634479165,1.3395843505859375
447,1712340450.314826,vehicle.toyota.prius,122.30390167236328,-216.25491333007812,244.09515380859375,0.0,-0.002226641634479165,1.3395843505859375
448,1712340450.4168658,vehicle.toyota.prius,122.30390167236328,-216.25491333007812,244.09515380859375,0.0,-0.002226641634479165,1.3395843505859375
449,1712340450.5192046,vehicle.toyota.prius,122.30390167236328,-216.25491333007812,244.09515380859375,0.0,-0.002226641634479165,1.3395843505859375
450,1712340450.6214225,vehicle.toyota.prius,122.30390167236328,-216.25491333007812,244.09515380859375,0.0,-0.002226641634479165,1.3395843505859375
451,1712340450.7232382,vehicle.toyota.prius,122.30390167236328,-216.25491333007812,244.09515380859375,0.0,-0.002226641634479165,1.3395843505859375
452,1712340450.825589,vehicle.toyota.prius,122.30390167236328,-216.25491333007812,244.09515380859375,0.0,-0.002226641634479165,1.3395843505859375
453,1712340450.9279125,vehicle.toyota.prius,122.30390167236328,-216.25491333007812,244.09515380859375,0.0,-0.002226641634479165,1.3395843505859375
454,1712340451.0313768,vehicle.toyota.prius,122.30390167236328,-216.25491333007812,244.09515380859375,0.0,-0.002226641634479165,1.3395843505859375
455,1712340451.1335275,vehicle.toyota.prius,122.30390167236328,-216.25491333007812,244.09515380859375,0.0,-0.002226641634479165,1.3395843505859375
456,1712340451.2356193,vehicle.toyota.prius,122.30390167236328,-216.25491333007812,244.09515380859375,0.0,-0.002226641634479165,1.3395843505859375
457,1712340451.3379478,vehicle.toyota.prius,122.30390167236328,-216.25491333007812,244.09515380859375,0.0,-0.002226641634479165,1.3395843505859375
458,1712340451.4404182,vehicle.toyota.prius,122.30390167236328,-216.25491333007812,244.09515380859375,0.0,-0.002226641634479165,1.3395843505859375
459,1712340451.5425074,vehicle.toyota.prius,122.30390167236328,-216.25491333007812,244.09515380859375,0.0,-0.002226641634479165,1.3395843505859375
460,1712340451.644352,vehicle.toyota.prius,122.30390167236328,-216.25491333007812,244.09515380859375,0.0,-0.002226641634479165,1.3395843505859375
461,1712340451.7467356,vehicle.toyota.prius,122.30390167236328,-216.25491333007812,244.09515380859375,0.0,-0.002226641634479165,1.3395843505859375
462,1712340451.8487298,vehicle.toyota.prius,122.30390167236328,-216.25491333007812,244.09515380859375,0.0,-0.002226641634479165,1.3395843505859375
463,1712340451.950807,vehicle.toyota.prius,122.30390167236328,-216.25491333007812,244.09515380859375,0.0,-0.002226641634479165,1.3395843505859375
464,1712340452.0528686,vehicle.toyota.prius,122.30390167236328,-216.25491333007812,244.09515380859375,0.0,-0.002226641634479165,1.3395843505859375
465,1712340452.1552238,vehicle.toyota.prius,122.30390167236328,-216.25491333007812,244.09515380859375,0.0,-0.002226641634479165,1.3395843505859375
466,1712340452.2574499,vehicle.toyota.prius,122.30390167236328,-216.25491333007812,244.09515380859375,0.0,-0.002226641634479165,1.3395843505859375
467,1712340452.3598218,vehicle.toyota.prius,122.30390167236328,-216.25491333007812,244.09515380859375,0.0,-0.002226641634479165,1.3395843505859375
468,1712340452.46216,vehicle.toyota.prius,122.30390167236328,-216.25491333007812,244.09515380859375,0.0,-0.002226641634479165,1.3395843505859375
469,1712340452.5645785,vehicle.toyota.prius,122.30390167236328,-216.25491333007812,244.09515380859375,0.0,-0.002226641634479165,1.3395843505859375
470,1712340452.6668286,vehicle.toyota.prius,122.30390167236328,-216.25491333007812,244.09515380859375,0.0,-0.002226641634479165,1.3395843505859375
471,1712340452.7691832,vehicle.toyota.prius,122.30390167236328,-216.25491333007812,244.09515380859375,0.0,-0.002226641634479165,1.3395843505859375
472,1712340452.8715885,vehicle.toyota.prius,122.30390167236328,-216.25491333007812,244.09515380859375,0.0,-0.002226641634479165,1.3395843505859375
473,1712340452.9738066,vehicle.toyota.prius,122.30390167236328,-216.25491333007812,244.09515380859375,0.0,-0.002226641634479165,1.3395843505859375
474,1712340453.0763078,vehicle.toyota.prius,122.30390167236328,-216.25491333007812,244.09515380859375,0.0,-0.002226641634479165,1.3395843505859375
475,1712340453.17823,vehicle.toyota.prius,122.30390167236328,-216.25491333007812,244.09515380859375,0.0,-0.002226641634479165,1.3395843505859375
476,1712340453.2802536,vehicle.toyota.prius,122.30390167236328,-216.25491333007812,244.09515380859375,0.0,-0.002226641634479165,1.3395843505859375
477,1712340453.3821855,vehicle.toyota.prius,122.30390167236328,-216.25491333007812,244.09515380859375,0.0,-0.002226641634479165,1.3395843505859375
478,1712340453.4846742,vehicle.toyota.prius,122.30390167236328,-216.25491333007812,244.09515380859375,0.0,-0.002226641634479165,1.3395843505859375
479,1712340453.5896025,vehicle.toyota.prius,122.30390167236328,-216.25491333007812,244.09515380859375,0.0,-0.002226641634479165,1.3395843505859375
480,1712340453.6917765,vehicle.toyota.prius,122.30390167236328,-216.25491333007812,244.09515380859375,0.0,-0.002226641634479165,1.3395843505859375
481,1712340453.7939959,vehicle.toyota.prius,122.30390167236328,-216.25491333007812,244.09515380859375,0.0,-0.002226641634479165,1.3395843505859375
482,1712340453.896401,vehicle.toyota.prius,122.30390167236328,-216.25491333007812,244.09515380859375,0.0,-0.002226641634479165,1.3395843505859375
483,1712340453.9983723,vehicle.toyota.prius,122.30390167236328,-216.25491333007812,244.09515380859375,0.0,-0.002226641634479165,1.3395843505859375
484,1712340454.1004667,vehicle.toyota.prius,122.30390167236328,-216.25491333007812,244.09515380859375,0.0,-0.002226641634479165,1.3395843505859375
485,1712340454.2023046,vehicle.toyota.prius,122.30390167236328,-216.25491333007812,244.09515380859375,0.0,-0.002226641634479165,1.3395843505859375
486,1712340454.3047543,vehicle.toyota.prius,122.30390167236328,-216.25491333007812,244.09515380859375,0.0,-0.002226641634479165,1.3395843505859375
487,1712340454.4071758,vehicle.toyota.prius,122.30390167236328,-216.25491333007812,244.09515380859375,0.0,-0.002226641634479165,1.3395843505859375
488,1712340454.5093064,vehicle.toyota.prius,122.30390167236328,-216.25491333007812,244.09515380859375,0.0,-0.002226641634479165,1.3395843505859375
489,1712340454.611669,vehicle.toyota.prius,122.30390167236328,-216.25491333007812,244.09515380859375,0.0,-0.002226641634479165,1.3395843505859375
490,1712340454.7138617,vehicle.toyota.prius,122.30390167236328,-216.25491333007812,244.09515380859375,0.0,-0.002226641634479165,1.3395843505859375
491,1712340454.8164275,vehicle.toyota.prius,122.30390167236328,-216.25491333007812,244.09515380859375,0.0,-0.002226641634479165,1.3395843505859375
492,1712340454.9188914,vehicle.toyota.prius,122.30390167236328,-216.25491333007812,244.09515380859375,0.0,-0.002226641634479165,1.3395843505859375
493,1712340455.021528,vehicle.toyota.prius,122.30390167236328,-216.25491333007812,244.09515380859375,0.0,-0.002226641634479165,1.3395843505859375
494,1712340455.1238065,vehicle.toyota.prius,122.30390167236328,-216.25491333007812,244.09515380859375,0.0,-0.002226641634479165,1.3395843505859375
495,1712340455.2260933,vehicle.toyota.prius,122.30390167236328,-216.25491333007812,244.09515380859375,0.0,-0.002226641634479165,1.3395843505859375
496,1712340455.328561,vehicle.toyota.prius,122.30390167236328,-216.25491333007812,244.09515380859375,0.0,-0.002226641634479165,1.3395843505859375
497,1712340455.430845,vehicle.toyota.prius,122.30390167236328,-216.25491333007812,244.09515380859375,0.0,-0.002226641634479165,1.3395843505859375
498,1712340455.5333571,vehicle.toyota.prius,122.30390167236328,-216.25491333007812,244.09515380859375,0.0,-0.002226641634479165,1.3395843505859375
499,1712340455.635969,vehicle.toyota.prius,122.30390167236328,-216.25491333007812,244.09515380859375,0.0,-0.002226641634479165,1.3395843505859375
500,1712340455.7378685,vehicle.toyota.prius,122.30390167236328,-216.25491333007812,244.09515380859375,0.0,-0.002226641634479165,1.3395843505859375
501,1712340455.8403635,vehicle.toyota.prius,122.30390167236328,-216.25491333007812,244.09515380859375,0.0,-0.002226641634479165,1.3395843505859375
502,1712340455.942978,vehicle.toyota.prius,122.30390167236328,-216.25491333007812,244.09515380859375,0.0,-0.002226641634479165,1.3395843505859375
503,1712340456.0455017,vehicle.toyota.prius,122.30390167236328,-216.25491333007812,244.09515380859375,0.0,-0.002226641634479165,1.3395843505859375
504,1712340456.147726,vehicle.toyota.prius,122.30390167236328,-216.25491333007812,244.09515380859375,0.0,-0.002226641634479165,1.3395843505859375
505,1712340456.2502284,vehicle.toyota.prius,122.27091217041016,-216.16604614257812,244.09515380859375,0.0,-0.002226641634479165,1.3377267122268677
506,1712340456.352155,vehicle.toyota.prius,122.22968292236328,-216.07717895507812,244.09515380859375,0.0,-0.002226641634479165,1.3357264995574951
507,1712340456.454394,vehicle.toyota.prius,122.22968292236328,-216.07717895507812,244.09515380859375,0.0,-0.002226641634479165,1.3357264995574951
508,1712340456.5564141,vehicle.toyota.prius,122.19670867919922,-215.97720336914062,244.0951690673828,0.0,-0.002226641634479165,1.3335729837417603
509,1712340456.6587157,vehicle.toyota.prius,122.16372680664062,-215.88833618164062,244.0951690673828,0.0,-0.002226641634479165,1.3315658569335938
510,1712340456.7610538,vehicle.toyota.prius,122.10600280761719,-215.71060180664062,244.0951690673828,0.0,-0.002226641634479165,1.3285166025161743
511,1712340456.8631845,vehicle.toyota.prius,122.07301330566406,-215.63284301757812,244.0951690673828,0.0,-0.002226641634479165,1.326680302619934
512,1712340456.9653141,vehicle.toyota.prius,122.0070571899414,-215.47732543945312,244.0951690673828,0.0,-0.002226641634479165,1.3227262496948242
513,1712340457.0680592,vehicle.toyota.prius,121.91634368896484,-215.32180786132812,244.0951690673828,0.0,-0.002226641634479165,1.3182910680770874
514,1712340457.1699548,vehicle.toyota.prius,121.87511444091797,-215.24403381347656,244.09518432617188,0.0,-0.002226641634479165,1.3160609006881714
515,1712340457.2719078,vehicle.toyota.prius,121.76792907714844,-215.03298950195312,244.09518432617188,0.0,-0.002226641634479165,1.309858798980713
516,1712340457.37373,vehicle.toyota.prius,121.69371795654297,-214.88856506347656,244.09521484375,0.0,-0.002226641634479165,1.3054231405258179
517,1712340457.4759393,vehicle.toyota.prius,121.58651733398438,-214.69973754882812,244.09521484375,0.0,-0.002226641634479165,1.3005173206329346
518,1712340457.5777595,vehicle.toyota.prius,121.51231384277344,-214.55532836914062,244.09523010253906,0.0,-0.002226641634479165,1.2957700490951538
519,1712340457.6803613,vehicle.toyota.prius,121.28966522216797,-214.13319396972656,244.09524536132812,0.0,-0.0021993208210915327,1.2809598445892334
520,1712340457.7828496,vehicle.toyota.prius,121.28966522216797,-214.13319396972656,244.09524536132812,0.0,-0.0021993208210915327,1.2809598445892334
521,1712340457.8854728,vehicle.toyota.prius,121.18247985839844,-213.92214965820312,244.09524536132812,0.0,-0.0021993208210915327,1.2731488943099976
522,1712340457.9873812,vehicle.toyota.prius,121.00932312011719,-213.41116333007812,244.0952606201172,0.0,-0.0021993208210915327,1.2559236288070679
523,1712340458.0898626,vehicle.toyota.prius,121.00932312011719,-213.41116333007812,244.0952606201172,0.0,-0.0021993208210915327,1.2559236288070679
524,1712340458.192345,vehicle.toyota.prius,120.943359375,-213.17788696289062,244.0952606201172,0.0,-0.0021993208210915327,1.2471222877502441
525,1712340458.2945676,vehicle.toyota.prius,120.7042236328125,-212.66688537597656,244.19528198242188,0.0,-0.0021993208210915327,1.2264049053192139
526,1712340458.3965933,vehicle.toyota.prius,120.56404876708984,-212.37808227539062,244.1953125,0.0,-0.0021993208210915327,1.2130523920059204
527,1712340458.498414,vehicle.toyota.prius,120.56404876708984,-212.37808227539062,244.1953125,0.0,-0.0021993208210915327,1.2130523920059204
528,1712340458.6005833,vehicle.toyota.prius,120.3249282836914,-211.83377075195312,244.19534301757812,0.0,-0.0021993208210915327,1.1883823871612549
529,1712340458.7025344,vehicle.toyota.prius,120.3249282836914,-211.83377075195312,244.19534301757812,0.0,-0.0021993208210915327,1.1883823871612549
530,1712340458.8047762,vehicle.toyota.prius,120.0610580444336,-211.24501037597656,244.19534301757812,0.0,-0.0021993208210915327,1.1577976942062378
531,1712340458.9073198,vehicle.toyota.prius,119.92913818359375,-210.95620727539062,244.1953582763672,0.0,-0.0021993208210915327,1.1436246633529663
532,1712340459.0100245,vehicle.toyota.prius,119.92913818359375,-210.95620727539062,244.1953582763672,0.0,-0.0021993208210915327,1.1436246633529663
533,1712340459.1124659,vehicle.toyota.prius,119.77246856689453,-210.63406372070312,244.1953887939453,0.0,-0.002165169920772314,1.1251388788223267
534,1712340459.2146814,vehicle.toyota.prius,119.5580825805664,-209.97866821289062,244.19540405273438,0.0,-0.002165169920772314,1.0893276929855347
535,1712340459.319274,vehicle.toyota.prius,119.46736907958984,-209.65652465820312,244.19540405273438,0.0,-0.002165169920772314,1.070160984992981
536,1712340459.42166,vehicle.toyota.prius,119.31895446777344,-209.28993225097656,244.19541931152344,0.0,-0.0021378491073846817,1.0467036962509155
537,1712340459.523947,vehicle.toyota.prius,119.18702697753906,-208.95669555664062,244.19544982910156,0.0,-0.0021378491073846817,1.0267045497894287
538,1712340459.6260471,vehicle.toyota.prius,119.05508422851562,-208.63455200195312,244.19546508789062,0.0,-0.0021378491073846817,1.0047781467437744
539,1712340459.7291088,vehicle.toyota.prius,118.92316436767578,-208.27908325195312,244.1954803466797,0.0,-0.0021378491073846817,0.980068564414978
540,1712340459.8308716,vehicle.toyota.prius,118.82421875,-207.91249084472656,244.1954803466797,0.0,-0.0021378491073846817,0.9567541480064392
541,1712340459.9329531,vehicle.toyota.prius,118.67579650878906,-207.46815490722656,244.29550170898438,0.0,-0.0021378491073846817,0.9242308139801025
542,1712340460.0350358,vehicle.toyota.prius,118.568603515625,-207.16824340820312,244.29550170898438,0.0,-0.0021105282939970493,0.901462197303772
543,1712340460.1373615,vehicle.toyota.prius,118.42018127441406,-206.76834106445312,244.29551696777344,0.0,-0.0021105282939970493,0.8728456497192383
544,1712340460.2394927,vehicle.toyota.prius,118.29650115966797,-206.39065551757812,244.29554748535156,0.0,-0.0021105282939970493,0.8428213596343994
545,1712340460.3413112,vehicle.toyota.prius,118.17281341552734,-206.00184631347656,244.29556274414062,0.0,-0.0021105282939970493,0.8140782117843628
546,1712340460.4437673,vehicle.toyota.prius,117.95018005371094,-205.25759887695312,244.2955780029297,0.0,-0.0020763773936778307,0.7513523101806641
547,1712340460.545552,vehicle.toyota.prius,117.95018005371094,-205.25759887695312,244.2955780029297,0.0,-0.0020763773936778307,0.7513523101806641
548,1712340460.647295,vehicle.toyota.prius,117.85123443603516,-204.50222778320312,244.29562377929688,0.0,-0.0020149056799709797,0.6896998882293701
549,1712340460.7491505,vehicle.toyota.prius,117.85948944091797,-204.09120178222656,244.29563903808594,0.0,-0.0020149056799709797,0.6537455320358276
550,1712340460.8513556,vehicle.toyota.prius,117.8594970703125,-203.66909790039062,244.295654296875,0.0,-0.0020149056799709797,0.6157596707344055
551,1712340460.9537265,vehicle.toyota.prius,117.78529357910156,-203.29139709472656,244.295654296875,0.0,-0.0020149056799709797,0.579994797706604
552,1712340461.0557055,vehicle.toyota.prius,117.70284271240234,-202.89149475097656,244.29568481445312,0.0,-0.0020149056799709797,0.5476726293563843
553,1712340461.1581519,vehicle.toyota.prius,117.62863159179688,-202.50271606445312,244.29568481445312,0.0,-0.0019875848665833473,0.5094008445739746
554,1712340461.2610798,vehicle.toyota.prius,117.62863159179688,-202.50271606445312,244.29568481445312,0.0,-0.0019875848665833473,0.5094008445739746
555,1712340461.363318,vehicle.toyota.prius,117.57091522216797,-202.06948852539062,244.2957000732422,0.0,-0.0019534339662641287,0.4664972126483917
556,1712340461.4651399,vehicle.toyota.prius,117.55442810058594,-201.66958618164062,244.29571533203125,0.0,-0.0019534339662641287,0.42710885405540466
557,1712340461.568104,vehicle.toyota.prius,117.48847198486328,-201.25857543945312,244.29571533203125,0.0,-0.0019534339662641287,0.3860466480255127
558,1712340461.6704774,vehicle.toyota.prius,117.35655212402344,-200.4698944091797,244.29576110839844,0.0,-0.0019534339662641287,0.30684295296669006
559,1712340461.772522,vehicle.toyota.prius,117.28234100341797,-200.0255584716797,244.2957763671875,0.0,-0.0019534339662641287,0.26585686206817627
560,1712340461.87454,vehicle.toyota.prius,117.28234100341797,-200.0255584716797,244.2957763671875,0.0,-0.0019534339662641287,0.26585686206817627
561,1712340461.97665,vehicle.toyota.prius,117.14217376708984,-199.1813201904297,244.29579162597656,0.0,-0.00191928306594491,0.18492130935192108
562,1712340462.0786417,vehicle.toyota.prius,117.10919952392578,-198.74807739257812,244.2958221435547,0.0,-0.00191928306594491,0.14118610322475433
563,1712340462.1809046,vehicle.toyota.prius,117.10919952392578,-198.74807739257812,244.2958221435547,0.0,-0.00191928306594491,0.14118610322475433
564,1712340462.2833679,vehicle.toyota.prius,117.00200653076172,-197.9260711669922,244.3958282470703,0.0,-0.00191928306594491,0.05754968896508217
565,1712340462.3858721,vehicle.toyota.prius,116.95254516601562,-197.5706024169922,244.39585876464844,0.0,-0.00191928306594491,0.021205343306064606
566,1712340462.4881697,vehicle.toyota.prius,116.89482116699219,-197.2262420654297,244.3958740234375,0.0,-0.00191928306594491,-0.01415372733026743
567,1712340462.5906136,vehicle.toyota.prius,116.82061004638672,-196.70413208007812,244.39588928222656,0.0,-0.0018919622525572777,-0.0678543820977211
568,1712340462.692768,vehicle.toyota.prius,116.77938842773438,-196.40423583984375,244.39588928222656,0.0,-0.0018919622525572777,-0.09878407418727875
569,1712340462.7945905,vehicle.toyota.prius,116.70519256591797,-195.90435791015625,244.3959197998047,0.0,-0.0018919622525572777,-0.15052339434623718
570,1712340462.896805,vehicle.toyota.prius,116.65570831298828,-195.60443115234375,244.3959197998047,0.0,-0.001857811352238059,-0.18168799579143524
571,1712340462.9985864,vehicle.toyota.prius,116.59800720214844,-195.14898681640625,244.39593505859375,0.0,-0.0018304905388504267,-0.22903485596179962
572,1712340463.1008108,vehicle.toyota.prius,116.59800720214844,-195.14898681640625,244.39593505859375,0.0,-0.0018304905388504267,-0.22903485596179962
573,1712340463.2033856,vehicle.toyota.prius,116.5567855834961,-194.30474853515625,244.2959442138672,0.0,-0.0018031698418781161,-0.30741700530052185
574,1712340463.3057866,vehicle.toyota.prius,116.57328033447266,-193.91595458984375,244.2959747314453,0.0,-0.0018031698418781161,-0.347857803106308
575,1712340463.4081666,vehicle.toyota.prius,116.57328033447266,-193.91595458984375,244.2959747314453,0.0,-0.0018031698418781161,-0.347857803106308
576,1712340463.5105898,vehicle.toyota.prius,116.59803771972656,-193.17169189453125,244.29598999023438,0.0,-0.0018031698418781161,-0.4256111681461334
577,1712340463.6126122,vehicle.toyota.prius,116.57329559326172,-192.71624755859375,244.29600524902344,0.0,-0.0018031698418781161,-0.47354328632354736
578,1712340463.7150202,vehicle.toyota.prius,116.55681610107422,-192.39410400390625,244.29600524902344,0.0,-0.0018031698418781161,-0.5075361728668213
579,1712340463.8175526,vehicle.toyota.prius,116.53208923339844,-191.9831085205078,244.29603576660156,0.0,-0.0018031698418781161,-0.551031231880188
580,1712340463.9198713,vehicle.toyota.prius,116.5073471069336,-191.5832061767578,244.29605102539062,0.0,-0.0018031698418781161,-0.5934759974479675
581,1712340464.0228975,vehicle.toyota.prius,116.48261260986328,-191.2055206298828,244.2960662841797,0.0,-0.0017690189415588975,-0.6336776614189148
582,1712340464.1247616,vehicle.toyota.prius,116.4578857421875,-190.8056182861328,244.2960662841797,0.0,-0.0017690189415588975,-0.6763547658920288
583,1712340464.2269764,vehicle.toyota.prius,116.43315124511719,-190.4501495361328,244.2960662841797,0.0,-0.0017690189415588975,-0.7144007682800293
584,1712340464.3290265,vehicle.toyota.prius,116.39192962646484,-190.0058135986328,244.29608154296875,0.0,-0.0017690189415588975,-0.7621302604675293
585,1712340464.4308221,vehicle.toyota.prius,116.36720275878906,-189.6503448486328,244.29611206054688,0.0,-0.0017690189415588975,-0.8003888726234436
586,1712340464.533177,vehicle.toyota.prius,116.34246826171875,-189.2726593017578,244.29612731933594,0.0,-0.0017690189415588975,-0.8411361575126648
587,1712340464.6353085,vehicle.toyota.prius,116.31774139404297,-188.8838653564453,244.29612731933594,0.0,-0.0017690189415588975,-0.8831905722618103
588,1712340464.7380414,vehicle.toyota.prius,116.29300689697266,-188.4839630126953,244.29612731933594,0.0,-0.0017690189415588975,-0.9265616536140442
589,1712340464.8399029,vehicle.toyota.prius,116.26827239990234,-188.0951690673828,244.296142578125,0.0,-0.0017690189415588975,-0.9688451886177063
590,1712340464.9423103,vehicle.toyota.prius,116.24354553222656,-187.7397003173828,244.29617309570312,0.0,-0.0017690189415588975,-1.0076113939285278
591,1712340465.0446978,vehicle.toyota.prius,116.21880340576172,-187.40646362304688,244.29617309570312,0.0,-0.0017690189415588975,-1.0440449714660645
592,1712340465.1470616,vehicle.toyota.prius,116.1940689086914,-187.00656127929688,244.19618225097656,0.0,-0.0017690189415588975,-1.087857723236084
593,1712340465.2491271,vehicle.toyota.prius,116.16934204101562,-186.6732940673828,244.19618225097656,0.0,-0.0017690189415588975,-1.1244771480560303
594,1712340465.3515377,vehicle.toyota.prius,116.14461517333984,-186.2733917236328,244.1962127685547,0.0,-0.0017416981281712651,-1.1685088872909546
595,1712340465.4536924,vehicle.toyota.prius,116.11988067626953,-185.8734893798828,244.19622802734375,0.0,-0.0017416981281712651,-1.2126601934432983
596,1712340465.5562937,vehicle.toyota.prius,116.09514617919922,-185.5735626220703,244.19622802734375,0.0,-0.0017416981281712651,-1.2962182760238647
597,1712340465.6583424,vehicle.toyota.prius,116.06216430664062,-185.2180938720703,244.1962432861328,0.0,-0.0017416981281712651,-1.3392688035964966
598,1712340465.7608306,vehicle.toyota.prius,116.03743743896484,-184.8515167236328,244.1962432861328,0.0,-0.0017416981281712651,-1.3826574087142944
599,1712340465.8638802,vehicle.toyota.prius,115.97148132324219,-184.12948608398438,244.19625854492188,0.0,-0.0017075472278520465,-1.465333104133606
600,1712340465.9658988,vehicle.toyota.prius,115.97148132324219,-184.12948608398438,244.19625854492188,0.0,-0.0017075472278520465,-1.465333104133606
601,1712340466.068022,vehicle.toyota.prius,115.9220199584961,-183.40745544433594,244.19630432128906,0.0,-0.0017075472278520465,-1.5441399812698364
602,1712340466.1701756,vehicle.toyota.prius,115.9220199584961,-183.40745544433594,244.19630432128906,0.0,-0.0017075472278520465,-1.5441399812698364
603,1712340466.2722397,vehicle.toyota.prius,115.88079071044922,-183.05197143554688,244.09629821777344,0.0,-0.0017075472278520465,-1.5816138982772827
604,1712340466.3740819,vehicle.toyota.prius,115.80658721923828,-182.32994079589844,244.09632873535156,0.0,-0.0017075472278520465,-1.6548500061035156
605,1712340466.476562,vehicle.toyota.prius,115.80658721923828,-182.32994079589844,244.09632873535156,0.0,-0.0017075472278520465,-1.6548500061035156
606,1712340466.5784929,vehicle.toyota.prius,115.78185272216797,-182.00778198242188,244.09634399414062,0.0,-0.0017075472278520465,-1.6862683296203613
607,1712340466.6808667,vehicle.toyota.prius,115.72413635253906,-181.28573608398438,244.0963592529297,0.0,-0.0017075472278520465,-1.7539482116699219
608,1712340466.7827659,vehicle.toyota.prius,115.72413635253906,-181.28573608398438,244.0963592529297,0.0,-0.0017075472278520465,-1.7539482116699219
609,1712340466.918308,vehicle.toyota.prius,115.69116973876953,-180.87474060058594,244.0963592529297,0.0,-0.0017075472278520465,-1.7907764911651611
610,1712340467.0206108,vehicle.toyota.prius,115.64169311523438,-180.26376342773438,243.99639892578125,0.0,-0.0017075472278520465,-1.843252182006836
611,1712340467.122372,vehicle.toyota.prius,115.59223175048828,-179.77499389648438,243.99639892578125,0.0,-0.0017075472278520465,-1.8833045959472656
612,1712340467.2243807,vehicle.toyota.prius,115.56749725341797,-179.45286560058594,243.99639892578125,0.0,-0.0017075472278520465,-1.9087250232696533
613,1712340467.3273625,vehicle.toyota.prius,115.54276275634766,-179.08628845214844,243.9964141845703,0.0,-0.0017075472278520465,-1.9367237091064453
614,1712340467.4313881,vehicle.toyota.prius,115.54276275634766,-179.08628845214844,243.9964141845703,0.0,-0.0017075472278520465,-1.9367237091064453
615,1712340467.5337355,vehicle.toyota.prius,115.50978088378906,-178.69749450683594,243.99644470214844,0.0,-0.0017075472278520465,-1.965369701385498
616,1712340467.6365135,vehicle.toyota.prius,115.46855926513672,-178.13095092773438,243.9964599609375,0.0,-0.0017075472278520465,-2.005122184753418
617,1712340467.7389615,vehicle.toyota.prius,115.43558502197266,-177.77549743652344,243.99647521972656,0.0,-0.0017075472278520465,-2.028888463973999
618,1712340467.8412578,vehicle.toyota.prius,115.40260314941406,-177.40892028808594,243.896484375,0.0,-0.0016802264144644141,-2.0524308681488037
619,1712340467.9433517,vehicle.toyota.prius,115.37787628173828,-177.053466796875,243.896484375,0.0,-0.0016802264144644141,-2.0743064880371094
620,1712340468.0453217,vehicle.toyota.prius,115.34488677978516,-176.6868896484375,243.89649963378906,0.0,-0.0016802264144644141,-2.0959205627441406
621,1712340468.1472502,vehicle.toyota.prius,115.29542541503906,-176.0203857421875,243.89651489257812,0.0,-0.0016529057174921036,-2.1326873302459717
622,1712340468.2492726,vehicle.toyota.prius,115.27069854736328,-175.7093505859375,243.89651489257812,0.0,-0.0016529057174921036,-2.1487412452697754
623,1712340468.351184,vehicle.toyota.prius,115.27069854736328,-175.7093505859375,243.89651489257812,0.0,-0.0016529057174921036,-2.1487412452697754
624,1712340468.453667,vehicle.toyota.prius,115.24596405029297,-175.38720703125,243.8965301513672,0.0,-0.0016529057174921036,-2.1646244525909424
625,1712340468.5553694,vehicle.toyota.prius,115.18824768066406,-174.6429443359375,243.7965545654297,0.0,-0.0016187547007575631,-2.1984310150146484
626,1712340468.6571674,vehicle.toyota.prius,115.18824768066406,-174.6429443359375,243.7965545654297,0.0,-0.0016187547007575631,-2.1984310150146484
627,1712340468.7590606,vehicle.toyota.prius,115.1222915649414,-173.96533203125,243.79656982421875,0.0,-0.0016187547007575631,-2.23323392868042
628,1712340468.861137,vehicle.toyota.prius,115.1222915649414,-173.96533203125,243.79656982421875,0.0,-0.0016187547007575631,-2.23323392868042
629,1712340468.9632463,vehicle.toyota.prius,115.08931732177734,-173.55430603027344,243.79660034179688,0.0,-0.0016187547007575631,-2.2715933322906494
630,1712340469.0654283,vehicle.toyota.prius,115.048095703125,-172.9100341796875,243.69659423828125,0.0,-0.0016187547007575631,-2.3314082622528076
631,1712340469.167363,vehicle.toyota.prius,115.02335357666016,-172.54345703125,243.6966094970703,0.0,-0.0016187547007575631,-2.3652968406677246
632,1712340469.2696486,vehicle.toyota.prius,115.02335357666016,-172.54345703125,243.6966094970703,0.0,-0.0016187547007575631,-2.3652968406677246
633,1712340469.3713858,vehicle.toyota.prius,114.97389221191406,-171.83251953125,243.69664001464844,0.0,-0.0016187547007575631,-2.4307165145874023
634,1712340469.4732308,vehicle.toyota.prius,114.94916534423828,-171.47706604003906,243.6966552734375,0.0,-0.0016187547007575631,-2.4632716178894043
635,1712340469.5750177,vehicle.toyota.prius,114.92443084716797,-171.11048889160156,243.6966552734375,0.0,-0.0016187547007575631,-2.4967360496520996
636,1712340469.6772141,vehicle.toyota.prius,114.90794372558594,-170.76612854003906,243.69667053222656,0.0,-0.0016187547007575631,-2.528049945831299
637,1712340469.7793176,vehicle.toyota.prius,114.90794372558594,-170.76612854003906,243.69667053222656,0.0,-0.0016187547007575631,-2.528049945831299
638,1712340469.8819804,vehicle.toyota.prius,114.85848236083984,-170.01075744628906,243.59669494628906,0.0,-0.0016187547007575631,-2.596449851989746
639,1712340469.9841008,vehicle.toyota.prius,114.85848236083984,-170.01075744628906,243.59669494628906,0.0,-0.0016187547007575631,-2.596449851989746
640,1712340470.087103,vehicle.toyota.prius,114.8172607421875,-169.34425354003906,243.59671020507812,0.0,-0.0016187547007575631,-2.6564114093780518
641,1712340470.1896245,vehicle.toyota.prius,114.8172607421875,-169.34425354003906,243.59671020507812,0.0,-0.0016187547007575631,-2.6564114093780518
642,1712340470.2919502,vehicle.toyota.prius,114.78428649902344,-168.89991760253906,243.59671020507812,0.0,-0.0015914340037852526,-2.6962056159973145
643,1712340470.3939583,vehicle.toyota.prius,114.75130462646484,-168.31117248535156,243.49673461914062,0.0,-0.0015914340037852526,-2.7486507892608643
644,1712340470.4958243,vehicle.toyota.prius,114.73482513427734,-168.00013732910156,243.4967498779297,0.0,-0.0015914340037852526,-2.7762415409088135
645,1712340470.5975776,vehicle.toyota.prius,114.73482513427734,-168.00013732910156,243.4967498779297,0.0,-0.0015914340037852526,-2.7762415409088135
646,1712340470.699772,vehicle.toyota.prius,114.68534851074219,-167.24476623535156,243.4967498779297,0.0,-0.001557283103466034,-2.845670700073242
647,1712340470.8019545,vehicle.toyota.prius,114.6606216430664,-166.94483947753906,243.49676513671875,0.0,-0.001557283103466034,-2.872061252593994
648,1712340470.9046526,vehicle.toyota.prius,114.63589477539062,-166.48939514160156,243.39678955078125,0.0,-0.001557283103466034,-2.9119277000427246
649,1712340471.0070052,vehicle.toyota.prius,114.61116027832031,-166.18948364257812,243.39678955078125,0.0,-0.001557283103466034,-2.938133716583252
650,1712340471.109169,vehicle.toyota.prius,114.58642578125,-165.76736450195312,243.39678955078125,0.0,-0.001557283103466034,-2.9748408794403076
651,1712340471.2112606,vehicle.toyota.prius,114.58642578125,-165.76736450195312,243.39678955078125,0.0,-0.001557283103466034,-2.9748408794403076
652,1712340471.3134158,vehicle.toyota.prius,114.54521179199219,-165.06753540039062,243.39683532714844,0.0,-0.001557283103466034,-3.035382032394409
653,1712340471.416057,vehicle.toyota.prius,114.52871704101562,-164.78982543945312,243.39683532714844,0.0,-0.001557283103466034,-3.059297561645508
654,1712340471.5182436,vehicle.toyota.prius,114.49574279785156,-164.48989868164062,243.2968292236328,0.0,-0.0015299622900784016,-3.0851364135742188
655,1712340471.620254,vehicle.toyota.prius,114.45450592041016,-164.06776428222656,243.29684448242188,0.0,-0.0015299622900784016,-3.121352195739746
656,1712340471.7231445,vehicle.toyota.prius,114.43802642822266,-163.80117797851562,243.29684448242188,0.0,-0.0015299622900784016,-3.144098997116089
657,1712340471.8254478,vehicle.toyota.prius,114.41329956054688,-163.36795043945312,243.296875,0.0,-0.0015299622900784016,-3.1809310913085938
658,1712340471.9283924,vehicle.toyota.prius,114.40505981445312,-162.99026489257812,243.29689025878906,0.0,-0.0015299622900784016,-3.212847948074341
659,1712340472.0306265,vehicle.toyota.prius,114.38856506347656,-162.73477172851562,243.19686889648438,0.0,-0.0015299622900784016,-3.2344307899475098
660,1712340472.133066,vehicle.toyota.prius,114.36383819580078,-162.35708618164062,243.19688415527344,0.0,-0.0015299622900784016,-3.2648887634277344
661,1712340472.2349238,vehicle.toyota.prius,114.29786682128906,-162.00161743164062,243.19691467285156,0.0,-0.0015299622900784016,-3.277787923812866
662,1712340472.337286,vehicle.toyota.prius,114.264892578125,-161.64614868164062,243.19691467285156,0.0,-0.0015299622900784016,-3.2910430431365967
663,1712340472.439164,vehicle.toyota.prius,114.24015045166016,-161.29067993164062,243.19692993164062,0.0,-0.0015299622900784016,-3.3047056198120117
664,1712340472.5412316,vehicle.toyota.prius,114.22367858886719,-160.6464080810547,243.09695434570312,0.0,-0.0015299622900784016,-3.3304831981658936
665,1712340472.6435742,vehicle.toyota.prius,114.22367858886719,-160.6464080810547,243.09695434570312,0.0,-0.0015299622900784016,-3.3304831981658936
666,1712340472.7459588,vehicle.toyota.prius,114.21543884277344,-160.3242645263672,243.09695434570312,0.0,-0.0015299622900784016,-3.3438944816589355
667,1712340472.8482053,vehicle.toyota.prius,114.20719146728516,-160.0243377685547,243.0969696044922,0.0,-0.001495811389759183,-3.3566954135894775
668,1712340472.9505808,vehicle.toyota.prius,114.19070434570312,-159.7244110107422,243.0969696044922,0.0,-0.001495811389759183,-3.3722891807556152
669,1712340473.0526247,vehicle.toyota.prius,114.14948272705078,-159.3356170654297,243.09698486328125,0.0,-0.001495811389759183,-3.3899004459381104
670,1712340473.1551707,vehicle.toyota.prius,114.10000610351562,-159.0467987060547,242.9969940185547,0.0,-0.001495811389759183,-3.4034059047698975
671,1712340473.2572134,vehicle.toyota.prius,114.08352661132812,-158.6802215576172,242.9969940185547,0.0,-0.001495811389759183,-3.4207324981689453
672,1712340473.3598273,vehicle.toyota.prius,114.08352661132812,-158.3358612060547,242.99700927734375,0.0,-0.001495811389759183,-3.4373414516448975
673,1712340473.461656,vehicle.toyota.prius,114.07527923583984,-158.0137176513672,242.99700927734375,0.0,-0.001495811389759183,-3.4561517238616943
674,1712340473.5639586,vehicle.toyota.prius,114.05879974365234,-157.6804656982422,242.9970245361328,0.0,-0.0014684905763715506,-3.473047971725464
675,1712340473.667006,vehicle.toyota.prius,114.04231262207031,-157.3472137451172,242.8970184326172,0.0,-0.0014684905763715506,-3.490314245223999
676,1712340473.768864,vehicle.toyota.prius,114.017578125,-156.9695281982422,242.8970489501953,0.0,-0.0014684905763715506,-3.51037859916687
677,1712340473.8709102,vehicle.toyota.prius,114.00109100341797,-156.7029266357422,242.8970489501953,0.0,-0.0014684905763715506,-3.5248212814331055
678,1712340473.972925,vehicle.toyota.prius,113.97635650634766,-156.4029998779297,242.89706420898438,0.0,-0.0014684905763715506,-3.5414047241210938
679,1712340474.0750473,vehicle.toyota.prius,113.93513488769531,-156.0919647216797,242.89706420898438,0.0,-0.0014684905763715506,-3.5590531826019287
680,1712340474.176867,vehicle.toyota.prius,113.910400390625,-155.6587371826172,242.79705810546875,0.0,-0.0014684905763715506,-3.586977005004883
681,1712340474.2787132,vehicle.toyota.prius,113.90215301513672,-155.43658447265625,242.79708862304688,0.0,-0.0014684905763715506,-3.5998587608337402
682,1712340474.3809829,vehicle.toyota.prius,113.91864776611328,-155.09222412109375,242.79708862304688,0.0,-0.0014684905763715506,-3.619784116744995
683,1712340474.4829655,vehicle.toyota.prius,113.8939208984375,-154.72564697265625,242.79710388183594,0.0,-0.0014684905763715506,-3.641937255859375
684,1712340474.5853224,vehicle.toyota.prius,113.8444595336914,-154.04803466796875,242.6970977783203,0.0,-0.0014684905763715506,-3.684727668762207
685,1712340474.6871238,vehicle.toyota.prius,113.8444595336914,-154.04803466796875,242.6970977783203,0.0,-0.0014684905763715506,-3.684727668762207
686,1712340474.7889566,vehicle.toyota.prius,113.80323791503906,-153.45928955078125,242.69712829589844,0.0,-0.001434339676052332,-3.722337245941162
687,1712340474.890986,vehicle.toyota.prius,113.80323791503906,-153.45928955078125,242.69712829589844,0.0,-0.001434339676052332,-3.722337245941162
688,1712340474.9932632,vehicle.toyota.prius,113.75376892089844,-152.69281005859375,242.69715881347656,0.0,-0.0014070188626646996,-3.7729270458221436
689,1712340475.0953815,vehicle.toyota.prius,113.7372817993164,-152.43731689453125,242.59713745117188,0.0,-0.0014070188626646996,-3.7902157306671143
690,1712340475.1972778,vehicle.toyota.prius,113.72904205322266,-152.18182373046875,242.59716796875,0.0,-0.0014070188626646996,-3.807574987411499
691,1712340475.2993696,vehicle.toyota.prius,113.72904205322266,-152.18182373046875,242.59716796875,0.0,-0.0014070188626646996,-3.807574987411499
692,1712340475.4020648,vehicle.toyota.prius,113.7537841796875,-151.45977783203125,242.59718322753906,0.0,-0.0014070188626646996,-3.8569095134735107
693,1712340475.5041194,vehicle.toyota.prius,113.7537841796875,-151.2042999267578,242.59718322753906,0.0,-0.0014070188626646996,-3.8749096393585205
694,1712340475.606435,vehicle.toyota.prius,113.7537841796875,-151.2042999267578,242.59718322753906,0.0,-0.0014070188626646996,-3.8749096393585205
695,1712340475.7086074,vehicle.toyota.prius,113.73731231689453,-150.5822296142578,242.49720764160156,0.0,-0.0014070188626646996,-3.9104390144348145
696,1712340475.811125,vehicle.toyota.prius,113.72907257080078,-150.2378692626953,242.49720764160156,0.0,-0.001372867962345481,-3.5536282062530518
697,1712340475.913296,vehicle.toyota.prius,113.71258544921875,-149.8935089111328,242.49722290039062,0.0,-0.001372867962345481,-3.55229115486145
698,1712340476.0159237,vehicle.toyota.prius,113.704345703125,-149.5713653564453,242.49722290039062,0.0,-0.001372867962345481,-3.5517332553863525
699,1712340476.1180646,vehicle.toyota.prius,113.704345703125,-149.5713653564453,242.49722290039062,0.0,-0.001372867962345481,-3.5517332553863525
700,1712340476.2204585,vehicle.toyota.prius,113.68785858154297,-148.9381866455078,242.39724731445312,0.0,-0.001372867962345481,-3.5525600910186768
701,1712340476.32276,vehicle.toyota.prius,113.67961883544922,-148.6160430908203,242.39724731445312,0.0,-0.001372867962345481,-3.553959369659424
702,1712340476.4249246,vehicle.toyota.prius,113.66313171386719,-148.2605743408203,242.3972625732422,0.0,-0.001372867962345481,-3.5557074546813965
703,1712340476.5277722,vehicle.toyota.prius,113.66313171386719,-148.2605743408203,242.3972625732422,0.0,-0.001372867962345481,-3.5557074546813965
704,1712340476.6300657,vehicle.toyota.prius,113.6384048461914,-147.6385040283203,242.39727783203125,0.0,-0.001372867962345481,-3.5593621730804443
705,1712340476.7322578,vehicle.toyota.prius,113.63015747070312,-147.3830108642578,242.29725646972656,0.0,-0.001372867962345481,-3.5601632595062256
706,1712340476.8343136,vehicle.toyota.prius,113.6136703491211,-147.0497589111328,242.2972869873047,0.0,-0.001372867962345481,-3.5605924129486084
707,1712340476.9365902,vehicle.toyota.prius,113.60543060302734,-146.7165069580078,242.2972869873047,0.0,-0.001372867962345481,-3.5603206157684326
708,1712340477.0387557,vehicle.toyota.prius,113.58894348144531,-146.38327026367188,242.29730224609375,0.0,-0.0013455471489578485,-3.5595006942749023
709,1712340477.1410472,vehicle.toyota.prius,113.56421661376953,-145.77230834960938,242.19729614257812,0.0,-0.0013455471489578485,-4.341618537902832
710,1712340477.2430193,vehicle.toyota.prius,113.56421661376953,-145.77230834960938,242.19729614257812,0.0,-0.0013455471489578485,-4.341618537902832
711,1712340477.3452373,vehicle.toyota.prius,113.55597686767578,-145.39462280273438,242.1973114013672,0.0,-0.0013455471489578485,-4.275055885314941
712,1712340477.4473875,vehicle.toyota.prius,113.52299499511719,-144.77255249023438,242.1973419189453,0.0,-0.0013455471489578485,-4.181988716125488
713,1712340477.5496504,vehicle.toyota.prius,113.50650787353516,-144.52816772460938,242.1973419189453,0.0,-0.0013455471489578485,-4.151212215423584
714,1712340477.6521962,vehicle.toyota.prius,113.50650787353516,-144.52816772460938,242.1973419189453,0.0,-0.0013455471489578485,-4.151212215423584
715,1712340477.7543476,vehicle.toyota.prius,113.49002075195312,-144.18380737304688,242.0973358154297,0.0,-0.0013455471489578485,-3.5483179092407227
716,1712340477.8561695,vehicle.toyota.prius,113.45704650878906,-143.50619506835938,242.09735107421875,0.0,-0.00131139624863863,-3.534120798110962
717,1712340477.958353,vehicle.toyota.prius,113.4405517578125,-143.19515991210938,242.09738159179688,0.0,-0.00131139624863863,-3.5245611667633057
718,1712340478.0614133,vehicle.toyota.prius,113.4405517578125,-143.19515991210938,242.09738159179688,0.0,-0.00131139624863863,-3.5245611667633057
719,1712340478.1637814,vehicle.toyota.prius,113.43231964111328,-142.89523315429688,241.99737548828125,0.0,-0.00131139624863863,-3.5100278854370117
720,1712340478.265967,vehicle.toyota.prius,113.3910903930664,-142.30648803710938,241.9973907470703,0.0,-0.00131139624863863,-3.48102068901062
721,1712340478.368428,vehicle.toyota.prius,113.4075927734375,-141.92881774902344,241.9973907470703,0.0,-0.00131139624863863,-3.454210042953491
722,1712340478.4709244,vehicle.toyota.prius,113.4075927734375,-141.92881774902344,241.9973907470703,0.0,-0.00131139624863863,-3.454210042953491
723,1712340478.573327,vehicle.toyota.prius,113.32514190673828,-141.32896423339844,241.8974151611328,0.0,-0.00131139624863863,-3.4114463329315186
724,1712340478.6751971,vehicle.toyota.prius,113.32514190673828,-141.32896423339844,241.8974151611328,0.0,-0.00131139624863863,-3.4114463329315186
725,1712340478.7769794,vehicle.toyota.prius,113.30866241455078,-140.72911071777344,241.8974151611328,0.0,-0.00131139624863863,-3.3561158180236816
726,1712340478.8792253,vehicle.toyota.prius,113.30866241455078,-140.42918395996094,241.89743041992188,0.0,-0.00131139624863863,-3.327261209487915
727,1712340478.9813728,vehicle.toyota.prius,113.30866241455078,-140.42918395996094,241.89743041992188,0.0,-0.00131139624863863,-3.327261209487915
728,1712340479.0838127,vehicle.toyota.prius,113.30867767333984,-139.80711364746094,241.8974609375,0.0,-0.00131139624863863,-3.292620897293091
729,1712340479.185969,vehicle.toyota.prius,113.29218292236328,-139.46275329589844,241.79745483398438,0.0,-0.0012840754352509975,-3.270319938659668
730,1712340479.2882977,vehicle.toyota.prius,113.29218292236328,-139.46275329589844,241.79745483398438,0.0,-0.0012840754352509975,-3.270319938659668
731,1712340479.3903394,vehicle.toyota.prius,113.28395080566406,-138.87400817871094,241.79745483398438,0.0,-0.0012840754352509975,-3.2193691730499268
732,1712340479.4927247,vehicle.toyota.prius,113.25096130371094,-138.60740661621094,241.79747009277344,0.0,-0.0012840754352509975,-3.1938393115997314
733,1712340479.594476,vehicle.toyota.prius,113.25096130371094,-138.60740661621094,241.79747009277344,0.0,-0.0012840754352509975,-3.1938393115997314
734,1712340479.696927,vehicle.toyota.prius,113.2509765625,-137.97422790527344,241.69749450683594,0.0,-0.0012840754352509975,-3.118295907974243
735,1712340479.801111,vehicle.toyota.prius,113.2179946899414,-137.60765075683594,241.69749450683594,0.0,-0.0012840754352509975,-3.0708823204040527
736,1712340479.9030302,vehicle.toyota.prius,113.2179946899414,-137.60765075683594,241.69749450683594,0.0,-0.0012840754352509975,-3.0708823204040527
737,1712340480.005198,vehicle.toyota.prius,113.20976257324219,-137.0189208984375,241.697509765625,0.0,-0.0012840754352509975,-2.980928421020508
738,1712340480.1071212,vehicle.toyota.prius,113.20152282714844,-136.763427734375,241.697509765625,0.0,-0.0012840754352509975,-2.939871311187744
739,1712340480.2092793,vehicle.toyota.prius,113.20153045654297,-136.3524169921875,241.5975341796875,0.0,-0.0012840754352509975,-2.868222713470459
740,1712340480.3110964,vehicle.toyota.prius,113.17679595947266,-136.07470703125,241.5975341796875,0.0,-0.001249924534931779,-2.819345712661743
741,1712340480.4130688,vehicle.toyota.prius,113.16854095458984,-135.80810546875,241.59754943847656,0.0,-0.001249924534931779,-0.853057861328125
742,1712340480.5150108,vehicle.toyota.prius,113.16854858398438,-135.5526123046875,241.59754943847656,0.0,-0.001249924534931779,-0.840850830078125
743,1712340480.6170828,vehicle.toyota.prius,113.16030883789062,-135.17491149902344,241.59754943847656,0.0,-0.001249924534931779,-0.8248291015625
744,1712340480.719002,vehicle.toyota.prius,113.17680358886719,-134.941650390625,241.49755859375,0.0,-0.001249924534931779,-0.80914306640625
745,1712340480.8211658,vehicle.toyota.prius,113.17680358886719,-134.941650390625,241.49755859375,0.0,-0.001249924534931779,-0.80914306640625
746,1712340480.9235096,vehicle.toyota.prius,113.1273422241211,-134.364013671875,241.49757385253906,0.0,-0.001249924534931779,0.5747329592704773
747,1712340481.0256224,vehicle.toyota.prius,113.11085510253906,-134.03076171875,241.49758911132812,0.0,-0.001249924534931779,0.6407411098480225
748,1712340481.128633,vehicle.toyota.prius,113.0943603515625,-133.70863342285156,241.49758911132812,0.0,-0.001249924534931779,-3.3800666332244873
749,1712340481.2311232,vehicle.toyota.prius,113.08612823486328,-133.39756774902344,241.39759826660156,0.0,-0.001249924534931779,-3.3826777935028076
750,1712340481.3335977,vehicle.toyota.prius,113.06963348388672,-133.09767150878906,241.39759826660156,0.0,-0.001249924534931779,-3.385162591934204
751,1712340481.4361644,vehicle.toyota.prius,113.06963348388672,-132.80885314941406,241.39761352539062,0.0,-0.001249924534931779,-3.3875529766082764
752,1712340481.5386114,vehicle.toyota.prius,113.0614013671875,-132.52003479003906,241.39761352539062,0.0,-0.001249924534931779,-3.3899130821228027
753,1712340481.6407511,vehicle.toyota.prius,113.05316162109375,-132.26454162597656,241.39761352539062,0.0,-0.001249924534931779,-3.391982316970825
754,1712340481.7427301,vehicle.toyota.prius,113.03666687011719,-131.97572326660156,241.3976287841797,0.0,-0.001249924534931779,-3.394294023513794
755,1712340481.8447995,vehicle.toyota.prius,113.02842712402344,-131.63136291503906,241.29763793945312,0.0,-0.0012226038379594684,-3.397036075592041
756,1712340481.946866,vehicle.toyota.prius,113.0119400024414,-131.36476135253906,241.29763793945312,0.0,-0.0012226038379594684,-3.399127244949341
757,1712340482.0487757,vehicle.toyota.prius,112.99544525146484,-131.00929260253906,241.2976531982422,0.0,-0.0012226038379594684,-3.4018945693969727
758,1712340482.1512315,vehicle.toyota.prius,112.97071838378906,-130.45387268066406,241.2976531982422,0.0,-0.0012226038379594684,0.5531287789344788
759,1712340482.253016,vehicle.toyota.prius,112.97071838378906,-130.45387268066406,241.2976531982422,0.0,-0.0012226038379594684,0.5531287789344788
760,1712340482.3551726,vehicle.toyota.prius,112.97071838378906,-130.45387268066406,241.2976531982422,0.0,-0.0012226038379594684,0.5531287789344788
761,1712340482.4570749,vehicle.toyota.prius,112.95423889160156,-129.87623596191406,241.1976776123047,0.0,-0.0012226038379594684,-3.4105191230773926
762,1712340482.559276,vehicle.toyota.prius,112.94599151611328,-129.55409240722656,241.1976776123047,0.0,-0.0012226038379594684,-3.412916660308838
763,1712340482.6613636,vehicle.toyota.prius,112.92951202392578,-129.24307250976562,241.19769287109375,0.0,-0.0012226038379594684,-3.4151978492736816
764,1712340482.7633677,vehicle.toyota.prius,112.91302490234375,-128.90982055664062,241.19769287109375,0.0,-0.001188452821224928,-1.9352362155914307
765,1712340482.8658764,vehicle.toyota.prius,112.90478515625,-128.67654418945312,241.19769287109375,0.0,-0.001188452821224928,-1.97417151927948
766,1712340482.9681194,vehicle.toyota.prius,112.88829040527344,-128.42105102539062,241.09768676757812,0.0,-0.001188452821224928,-2.015136957168579
767,1712340483.0708363,vehicle.toyota.prius,112.86356353759766,-128.01004028320312,241.0977020263672,0.0,-0.001188452821224928,-2.0744709968566895
768,1712340483.1732137,vehicle.toyota.prius,112.85531616210938,-127.4768295288086,241.0977020263672,0.0,-0.001188452821224928,-2.194350004196167
769,1712340483.2755764,vehicle.toyota.prius,112.85531616210938,-127.4768295288086,241.0977020263672,0.0,-0.001188452821224928,-2.194350004196167
770,1712340483.377995,vehicle.toyota.prius,112.84707641601562,-127.19912719726562,241.0977325439453,0.0,-0.001188452821224928,-2.253188133239746
771,1712340483.480477,vehicle.toyota.prius,112.82234954833984,-126.55484008789062,240.9977264404297,0.0,-0.001188452821224928,-2.398375988006592
772,1712340483.5823007,vehicle.toyota.prius,112.82234954833984,-126.55484008789062,240.9977264404297,0.0,-0.001188452821224928,-2.398375988006592
773,1712340483.6846735,vehicle.toyota.prius,112.8141098022461,-126.31045532226562,240.9977264404297,0.0,-0.001188452821224928,-2.441901445388794
774,1712340483.7871125,vehicle.toyota.prius,112.78938293457031,-125.69950103759766,240.99774169921875,0.0,-0.0011611321242526174,-3.1653242111206055
775,1712340483.8894043,vehicle.toyota.prius,112.78938293457031,-125.69950103759766,240.99774169921875,0.0,-0.0011611321242526174,-3.1653242111206055
776,1712340483.9921842,vehicle.toyota.prius,112.7811279296875,-125.47733306884766,240.89776611328125,0.0,-0.0011611321242526174,-2.5119130611419678
777,1712340484.0940561,vehicle.toyota.prius,112.75640106201172,-124.93301391601562,240.89776611328125,0.0,-0.0011611321242526174,-2.5875117778778076
778,1712340484.1963034,vehicle.toyota.prius,112.75640106201172,-124.93301391601562,240.89776611328125,0.0,-0.0011611321242526174,-2.5875117778778076
779,1712340484.2981014,vehicle.toyota.prius,112.74816131591797,-124.59976196289062,240.89776611328125,0.0,-0.0011611321242526174,-2.6430065631866455
780,1712340484.4005463,vehicle.toyota.prius,112.73167419433594,-124.05546569824219,240.8977813720703,0.0,-0.0011611321242526174,-3.230008125305176
781,1712340484.5027413,vehicle.toyota.prius,112.73167419433594,-124.05546569824219,240.8977813720703,0.0,-0.0011611321242526174,-3.230008125305176
782,1712340484.605087,vehicle.toyota.prius,112.71519470214844,-123.73331451416016,240.7978057861328,0.0,-0.0011611321242526174,-3.2580063343048096
783,1712340484.7073724,vehicle.toyota.prius,112.69046783447266,-123.16679382324219,240.7978057861328,0.0,-0.0011611321242526174,-3.3194339275360107
784,1712340484.8098493,vehicle.toyota.prius,112.68221282958984,-122.83354187011719,240.7978057861328,0.0,-0.001126981107518077,-3.3628792762756348
785,1712340484.9118133,vehicle.toyota.prius,112.68221282958984,-122.83354187011719,240.7978057861328,0.0,-0.001126981107518077,-3.3628792762756348
786,1712340485.0135977,vehicle.toyota.prius,112.67398071289062,-122.23368835449219,240.7978057861328,0.0,-0.001126981107518077,-3.4547276496887207
787,1712340485.116047,vehicle.toyota.prius,112.6657485961914,-122.01152038574219,240.79782104492188,0.0,-0.001126981107518077,-3.50993275642395
788,1712340485.217879,vehicle.toyota.prius,112.65750122070312,-121.63383483886719,240.69784545898438,0.0,-0.001126981107518077,-3.5827455520629883
789,1712340485.320131,vehicle.toyota.prius,112.64925384521484,-121.33391571044922,240.69784545898438,0.0,-0.001126981107518077,-3.5544471740722656
790,1712340485.4222918,vehicle.toyota.prius,112.64926147460938,-121.10063171386719,240.69784545898438,0.0,-0.001126981107518077,-3.6456573009490967
791,1712340485.524436,vehicle.toyota.prius,112.64102172851562,-120.78960418701172,240.69784545898438,0.0,-0.001126981107518077,-3.7726385593414307
792,1712340485.6267352,vehicle.toyota.prius,112.62452697753906,-120.45635223388672,240.69784545898438,0.0,-0.001126981107518077,-3.866492509841919
793,1712340485.7291555,vehicle.toyota.prius,112.61629486083984,-120.28973388671875,240.69784545898438,0.0,-0.001126981107518077,-3.8607177734375
794,1712340485.8310015,vehicle.toyota.prius,112.61629486083984,-120.28973388671875,240.69784545898438,0.0,-0.001126981107518077,-3.8607177734375
795,1712340485.9336798,vehicle.toyota.prius,112.59156799316406,-119.32329559326172,240.59788513183594,0.0,-0.001126981107518077,-3.79290771484375
796,1712340486.035881,vehicle.toyota.prius,112.58332824707031,-119.15667724609375,240.59788513183594,0.0,-0.001126981107518077,-3.781280517578125
797,1712340486.1382508,vehicle.toyota.prius,112.58332824707031,-119.15667724609375,240.59788513183594,0.0,-0.001126981107518077,-3.781280517578125
798,1712340486.2407055,vehicle.toyota.prius,112.57508850097656,-118.79010772705078,240.59788513183594,0.0,-0.001126981107518077,-3.755828857421875
799,1712340486.3427308,vehicle.toyota.prius,112.55860137939453,-118.21247100830078,240.49790954589844,0.0,-0.001126981107518077,-3.71588134765625
800,1712340486.44519,vehicle.toyota.prius,112.55860137939453,-118.21247100830078,240.49790954589844,0.0,-0.001126981107518077,-3.71588134765625
801,1712340486.5473664,vehicle.toyota.prius,112.53387451171875,-117.57929229736328,240.4979248046875,0.0,-0.001126981107518077,-3.672393798828125
802,1712340486.649402,vehicle.toyota.prius,112.53387451171875,-117.57929229736328,240.4979248046875,0.0,-0.001126981107518077,-3.672393798828125
803,1712340486.7516704,vehicle.toyota.prius,112.52561950683594,-117.37934112548828,240.4979248046875,0.0,-0.001126981107518077,-3.658721923828125
804,1712340486.8541286,vehicle.toyota.prius,112.51737976074219,-116.94612121582031,240.39791870117188,0.0,-0.001126981107518077,-3.6292724609375
805,1712340486.9560957,vehicle.toyota.prius,112.51737976074219,-116.94612121582031,240.39791870117188,0.0,-0.001126981107518077,-3.6292724609375
806,1712340487.0582063,vehicle.toyota.prius,112.50089263916016,-116.49066925048828,240.39791870117188,0.0,-0.001126981107518077,-3.598388671875
807,1712340487.1601996,vehicle.toyota.prius,112.4926528930664,-116.26850128173828,240.39794921875,0.0,-0.001126981107518077,-3.58331298828125
808,1712340487.2620182,vehicle.toyota.prius,112.48442077636719,-116.03523254394531,240.39794921875,0.0,-0.001126981107518077,-3.56744384765625
809,1712340487.3640542,vehicle.toyota.prius,112.47616577148438,-115.79084777832031,240.39794921875,0.0,-0.001126981107518077,-3.55078125
810,1712340487.4661524,vehicle.toyota.prius,112.45968627929688,-115.36872863769531,240.29794311523438,0.0,-0.001126981107518077,-3.521881103515625
811,1712340487.5685265,vehicle.toyota.prius,112.44319915771484,-114.91329193115234,240.29795837402344,0.0,-0.001126981107518077,-3.49053955078125
812,1712340487.6710436,vehicle.toyota.prius,112.4349594116211,-114.69112396240234,240.29795837402344,0.0,-0.001126981107518077,-3.4752197265625
813,1712340487.7734244,vehicle.toyota.prius,112.4349594116211,-114.69112396240234,240.29795837402344,0.0,-0.001126981107518077,-3.4752197265625
814,1712340487.8756409,vehicle.toyota.prius,112.41847229003906,-114.26900482177734,240.29795837402344,0.0,-0.001126981107518077,-3.472625732421875
815,1712340487.977726,vehicle.toyota.prius,112.41023254394531,-114.05794525146484,240.29798889160156,0.0,-0.001126981107518077,-3.472625732421875
816,1712340488.07986,vehicle.toyota.prius,112.39374542236328,-113.62471771240234,240.197998046875,0.0,-0.001126981107518077,-3.472625732421875
817,1712340488.1824846,vehicle.toyota.prius,112.37725067138672,-113.20260620117188,240.197998046875,0.0,-0.001126981107518077,-3.472625732421875
818,1712340488.284451,vehicle.toyota.prius,112.37725067138672,-113.20260620117188,240.197998046875,0.0,-0.001126981107518077,-3.472625732421875
819,1712340488.3868454,vehicle.toyota.prius,112.36077880859375,-112.79158782958984,240.197998046875,0.0,-0.001126981107518077,-3.472625732421875
820,1712340488.4894562,vehicle.toyota.prius,112.34428405761719,-112.40280151367188,240.197998046875,0.0,-0.0010381886968389153,-3.472625732421875
821,1712340488.5916908,vehicle.toyota.prius,112.34428405761719,-112.40280151367188,240.197998046875,0.0,-0.0010381886968389153,-3.472625732421875
822,1712340488.694279,vehicle.toyota.prius,112.3195571899414,-111.80294799804688,240.0980224609375,0.0,-0.0010381886968389153,-3.472625732421875
823,1712340488.7962635,vehicle.toyota.prius,112.3195571899414,-111.63631439208984,240.0980224609375,0.0,-0.0010381886968389153,-3.472625732421875
824,1712340488.8980882,vehicle.toyota.prius,112.31131744384766,-111.4474868774414,240.09803771972656,0.0,-0.0010381886968389153,-3.472625732421875
825,1712340489.0003636,vehicle.toyota.prius,112.28658294677734,-111.0475845336914,240.09803771972656,0.0,-0.0010381886968389153,-3.472625732421875
826,1712340489.1023164,vehicle.toyota.prius,112.27833557128906,-110.6921157836914,239.998046875,0.0,-0.0010381886968389153,-3.472625732421875
827,1712340489.2046838,vehicle.toyota.prius,112.27010345458984,-110.45883178710938,239.998046875,0.0,-0.0010381886968389153,-3.472625732421875
828,1712340489.3066032,vehicle.toyota.prius,112.27010345458984,-110.45883178710938,239.998046875,0.0,-0.0010381886968389153,-3.472625732421875
829,1712340489.4090087,vehicle.toyota.prius,112.25360870361328,-110.0922622680664,239.99806213378906,0.0,-0.0010381886968389153,-3.472625732421875
830,1712340489.5114946,vehicle.toyota.prius,112.23712921142578,-109.6923599243164,239.99806213378906,0.0,-0.0010381886968389153,-3.472625732421875
831,1712340489.6139796,vehicle.toyota.prius,112.21238708496094,-109.4035415649414,239.89805603027344,0.0,-0.0010108679998666048,-3.472625732421875
832,1712340489.7164087,vehicle.toyota.prius,112.19589233398438,-109.23692321777344,239.89805603027344,0.0,-0.0010108679998666048,-3.472625732421875
833,1712340489.8184533,vehicle.toyota.prius,112.18765258789062,-108.92588806152344,239.89805603027344,0.0,-0.0010108679998666048,-3.472625732421875
834,1712340489.9205363,vehicle.toyota.prius,112.17117309570312,-108.63706970214844,239.89808654785156,0.0,-0.0010108679998666048,-3.472625732421875
835,1712340490.0227733,vehicle.toyota.prius,112.1546859741211,-108.3371353149414,239.89808654785156,0.0,-0.0010108679998666048,-3.472625732421875
836,1712340490.1248786,vehicle.toyota.prius,112.13819885253906,-108.03721618652344,239.79808044433594,0.0,-0.0010108679998666048,-3.472625732421875
837,1712340490.227519,vehicle.toyota.prius,112.13819885253906,-108.03721618652344,239.79808044433594,0.0,-0.0010108679998666048,-3.472625732421875
838,1712340490.3297815,vehicle.toyota.prius,112.1217041015625,-107.61509704589844,239.79808044433594,0.0,-0.0010108679998666048,-3.472625732421875
839,1712340490.43219,vehicle.toyota.prius,112.105224609375,-107.33738708496094,239.798095703125,0.0,-0.0010108679998666048,-3.469085693359375
840,1712340490.5343904,vehicle.toyota.prius,112.08873748779297,-106.92638397216797,239.798095703125,0.0,-0.0010108679998666048,-3.433441162109375
841,1712340490.636627,vehicle.toyota.prius,112.0722427368164,-106.65978240966797,239.6981201171875,0.0,-0.0010108679998666048,-3.4102783203125
842,1712340490.7384317,vehicle.toyota.prius,112.05575561523438,-106.39318084716797,239.6981201171875,0.0,-0.0010108679998666048,-3.38714599609375
843,1712340490.840213,vehicle.toyota.prius,112.03927612304688,-106.14879608154297,239.69813537597656,0.0,-0.0010108679998666048,-3.365936279296875
844,1712340490.9425747,vehicle.toyota.prius,112.03927612304688,-105.89329528808594,239.69813537597656,0.0,-0.0010108679998666048,-3.34381103515625
845,1712340491.044615,vehicle.toyota.prius,112.03103637695312,-105.6600341796875,239.69813537597656,0.0,-0.0010108679998666048,-3.311370849609375
846,1712340491.1470773,vehicle.toyota.prius,112.00629425048828,-105.29345703125,239.59814453125,0.0,-0.0010108679998666048,-3.279541015625
847,1712340491.2490673,vehicle.toyota.prius,111.99805450439453,-105.049072265625,239.59814453125,0.0,-0.0010108679998666048,-3.258392333984375
848,1712340491.3514953,vehicle.toyota.prius,111.98981475830078,-104.8157958984375,239.59814453125,0.0,-0.0010108679998666048,-3.238189697265625
849,1712340491.4538836,vehicle.toyota.prius,111.97332763671875,-104.48253631591797,239.59815979003906,0.0,-0.0010108679998666048,-3.20928955078125
850,1712340491.5563393,vehicle.toyota.prius,111.965087890625,-104.271484375,239.59815979003906,0.0,-0.0010108679998666048,-3.191009521484375
851,1712340491.658946,vehicle.toyota.prius,111.94860076904297,-103.9271240234375,239.59815979003906,0.0,-0.0009767169831320643,-3.161163330078125
852,1712340491.7612782,vehicle.toyota.prius,111.9321060180664,-103.7049560546875,239.49815368652344,0.0,-0.0009767169831320643,-3.141876220703125
853,1712340491.8641253,vehicle.toyota.prius,111.92386627197266,-103.36060333251953,239.49815368652344,0.0,-0.0009767169831320643,-3.112091064453125
854,1712340491.9658165,vehicle.toyota.prius,111.90737915039062,-103.1051025390625,239.49818420410156,0.0,-0.0009767169831320643,-3.08990478515625
855,1712340492.0678823,vehicle.toyota.prius,111.89913940429688,-102.87183380126953,239.49818420410156,0.0,-0.0009767169831320643,-3.0697021484375
856,1712340492.169936,vehicle.toyota.prius,111.86615753173828,-102.24976348876953,239.49819946289062,0.0,-0.0009493962279520929,-3.015777587890625
857,1712340492.272315,vehicle.toyota.prius,111.86615753173828,-102.24976348876953,239.49819946289062,0.0,-0.0009493962279520929,-3.015777587890625
858,1712340492.374449,vehicle.toyota.prius,111.85791778564453,-102.00537872314453,239.398193359375,0.0,-0.0009493962279520929,-2.99462890625
859,1712340492.4768991,vehicle.toyota.prius,111.83319091796875,-101.52772521972656,239.398193359375,0.0,-0.0009493962279520929,-2.94390869140625
860,1712340492.5786357,vehicle.toyota.prius,111.83319091796875,-101.52772521972656,239.398193359375,0.0,-0.0009493962279520929,-2.94390869140625
861,1712340492.6806278,vehicle.toyota.prius,111.80845642089844,-101.16114807128906,239.398193359375,0.0,-0.0009493962279520929,-2.912139892578125
862,1712340492.7831938,vehicle.toyota.prius,111.78372192382812,-100.68348693847656,239.39822387695312,0.0,-0.0009493962279520929,-2.87078857421875
863,1712340492.885547,vehicle.toyota.prius,111.78372192382812,-100.68348693847656,239.39822387695312,0.0,-0.0009493962279520929,-2.87078857421875
864,1712340492.9888008,vehicle.toyota.prius,111.7672348022461,-100.36134338378906,239.39822387695312,0.0,-0.0009493962279520929,-2.8428955078125
865,1712340493.0909107,vehicle.toyota.prius,111.7342529296875,-99.85035705566406,239.29823303222656,0.0,-0.0009493962279520929,-2.798614501953125
866,1712340493.1928458,vehicle.toyota.prius,111.70951843261719,-99.53932189941406,239.29823303222656,0.0,-0.0009493962279520929,-2.7716064453125
867,1712340493.2953072,vehicle.toyota.prius,111.70951843261719,-99.53932189941406,239.29823303222656,0.0,-0.0009493962279520929,-2.7716064453125
868,1712340493.397168,vehicle.toyota.prius,111.6847915649414,-99.02833557128906,239.29823303222656,0.0,-0.0009152452694252133,-2.727386474609375
869,1712340493.4992752,vehicle.toyota.prius,111.65181732177734,-98.73951721191406,239.29823303222656,0.0,-0.0009152452694252133,-2.70220947265625
870,1712340493.6017404,vehicle.toyota.prius,111.65181732177734,-98.73951721191406,239.29823303222656,0.0,-0.0009152452694252133,-2.70220947265625
871,1712340493.7040844,vehicle.toyota.prius,111.63533020019531,-98.25076293945312,239.2982635498047,0.0,-0.0009152452694252133,-2.660003662109375
872,1712340493.8062932,vehicle.toyota.prius,111.63533020019531,-97.96194458007812,239.19827270507812,0.0,-0.0009152452694252133,-2.626678466796875
873,1712340493.9082913,vehicle.toyota.prius,111.62709045410156,-97.68423461914062,239.19827270507812,0.0,-0.0009152452694252133,-2.602783203125
874,1712340494.010234,vehicle.toyota.prius,111.61060333251953,-97.41763305664062,239.19827270507812,0.0,-0.0009152452694252133,-2.57977294921875
875,1712340494.1123154,vehicle.toyota.prius,111.5941162109375,-97.13992309570312,239.19827270507812,0.0,-0.0009152452694252133,-2.555755615234375
876,1712340494.214635,vehicle.toyota.prius,111.5941162109375,-97.13992309570312,239.19827270507812,0.0,-0.0009152452694252133,-2.555755615234375
877,1712340494.3165383,vehicle.toyota.prius,111.56938171386719,-96.60672760009766,239.19827270507812,0.0,-0.0009152452694252133,-2.509796142578125
878,1712340494.4190044,vehicle.toyota.prius,111.56114196777344,-96.35122680664062,239.19827270507812,0.0,-0.0009152452694252133,-2.487823486328125
879,1712340494.5214586,vehicle.toyota.prius,111.5446548461914,-96.08462524414062,239.1982879638672,0.0,-0.0009152452694252133,-2.46478271484375
880,1712340494.6241064,vehicle.toyota.prius,111.5199203491211,-95.80692291259766,239.1982879638672,0.0,-0.0009152452694252133,-2.440704345703125
881,1712340494.7273695,vehicle.toyota.prius,111.50343322753906,-95.52920532226562,239.1982879638672,0.0,-0.0009152452694252133,-2.41668701171875
882,1712340494.8293376,vehicle.toyota.prius,111.50343322753906,-95.26261138916016,239.1982879638672,0.0,-0.0008879245724529028,-2.78546142578125
883,1712340494.9318135,vehicle.toyota.prius,111.51168823242188,-94.98490905761719,239.0983123779297,0.0,-0.0008879245724529028,-2.770904541015625
884,1712340495.034284,vehicle.toyota.prius,111.50343322753906,-94.69609069824219,239.0983123779297,0.0,-0.0008879245724529028,-2.754119873046875
885,1712340495.1364055,vehicle.toyota.prius,111.48695373535156,-94.42948913574219,239.0983123779297,0.0,-0.0008879245724529028,-2.73773193359375
886,1712340495.2383914,vehicle.toyota.prius,111.47870635986328,-94.15177154541016,239.0983123779297,0.0,-0.0008879245724529028,-2.7215576171875
887,1712340495.3405433,vehicle.toyota.prius,111.4539794921875,-93.88516998291016,239.0983123779297,0.0,-0.0008879245724529028,-2.704376220703125
888,1712340495.4423802,vehicle.toyota.prius,111.44573974609375,-93.65190124511719,239.0983123779297,0.0,-0.0008879245724529028,-2.691192626953125
889,1712340495.5443604,vehicle.toyota.prius,111.46223449707031,-93.15203094482422,239.09832763671875,0.0,-0.0008879245724529028,2.580291748046875
890,1712340495.646192,vehicle.toyota.prius,111.46223449707031,-93.15203094482422,239.09832763671875,0.0,-0.0008879245724529028,2.580291748046875
891,1712340495.7479744,vehicle.toyota.prius,111.48697662353516,-92.54106140136719,239.09832763671875,0.0,-0.0008879245724529028,2.538848876953125
892,1712340495.8499532,vehicle.toyota.prius,111.4787368774414,-92.25225067138672,239.09835815429688,0.0,-0.0008537736139260232,2.514129638671875
893,1712340495.951815,vehicle.toyota.prius,111.4787368774414,-92.25225067138672,239.09835815429688,0.0,-0.0008537736139260232,2.514129638671875
894,1712340496.054297,vehicle.toyota.prius,111.47050476074219,-92.06341552734375,239.09835815429688,0.0,-0.0008537736139260232,2.497772216796875
895,1712340496.1566253,vehicle.toyota.prius,111.46224975585938,-91.74126434326172,239.09835815429688,0.0,-0.0008537736139260232,-2.137786865234375
896,1712340496.2590466,vehicle.toyota.prius,111.42103576660156,-91.18584442138672,238.99835205078125,0.0,-0.0008537736139260232,-2.10906982421875
897,1712340496.361324,vehicle.toyota.prius,111.42103576660156,-91.18584442138672,238.99835205078125,0.0,-0.0008537736139260232,-2.10906982421875
898,1712340496.4635897,vehicle.toyota.prius,111.37981414794922,-90.71930694580078,238.9983673095703,0.0,-0.0008537736139260232,-2.084869384765625
899,1712340496.565728,vehicle.toyota.prius,111.37981414794922,-90.71930694580078,238.9983673095703,0.0,-0.0008537736139260232,-2.084869384765625
900,1712340496.668469,vehicle.toyota.prius,111.37981414794922,-90.40827178955078,238.9983673095703,0.0,-0.0008537736139260232,-2.069000244140625
901,1712340496.7706075,vehicle.toyota.prius,111.41281127929688,-89.88617706298828,238.9983673095703,0.0,-0.0008537736139260232,-2.0426025390625
902,1712340496.8727589,vehicle.toyota.prius,111.42105102539062,-89.59735870361328,238.99839782714844,0.0,-0.0008537736139260232,-2.02789306640625
903,1712340496.9752777,vehicle.toyota.prius,111.42105102539062,-89.59735870361328,238.99839782714844,0.0,-0.0008537736139260232,-2.02789306640625
904,1712340497.0772579,vehicle.toyota.prius,111.42105865478516,-89.11970520019531,238.99839782714844,0.0,-0.0008537736139260232,-2.003509521484375
905,1712340497.1797345,vehicle.toyota.prius,111.4128189086914,-88.84198760986328,238.99839782714844,0.0,-0.0008264528587460518,-1.989227294921875
906,1712340497.2822118,vehicle.toyota.prius,111.4128189086914,-88.84198760986328,238.99839782714844,0.0,-0.0008264528587460518,-1.989227294921875
907,1712340497.3841922,vehicle.toyota.prius,111.3551025390625,-88.26435089111328,238.9984130859375,0.0,-0.0008264528587460518,-1.959228515625
908,1712340497.4868464,vehicle.toyota.prius,111.338623046875,-88.07551574707031,238.89840698242188,0.0,-0.0008264528587460518,-1.949462890625
909,1712340497.5889788,vehicle.toyota.prius,111.338623046875,-88.07551574707031,238.89840698242188,0.0,-0.0008264528587460518,-1.949462890625
910,1712340497.6911101,vehicle.toyota.prius,111.32213592529297,-87.47566986083984,238.89840698242188,0.0,-0.0008264528587460518,-1.921112060546875
911,1712340497.7942333,vehicle.toyota.prius,111.3221435546875,-87.25350189208984,238.89840698242188,0.0,-0.0008264528587460518,-1.909698486328125
912,1712340497.8967066,vehicle.toyota.prius,111.3221435546875,-87.25350189208984,238.89840698242188,0.0,-0.0008264528587460518,-1.909698486328125
913,1712340497.9987366,vehicle.toyota.prius,111.30564880371094,-86.66475677490234,238.8984375,0.0,-0.0008264528587460518,-1.87933349609375
914,1712340498.1011474,vehicle.toyota.prius,111.29740905761719,-86.46481323242188,238.8984375,0.0,-0.0008264528587460518,-1.8690185546875
915,1712340498.2033625,vehicle.toyota.prius,111.29740905761719,-86.46481323242188,238.8984375,0.0,-0.0008264528587460518,-1.8690185546875
916,1712340498.305556,vehicle.toyota.prius,111.29741668701172,-86.19821166992188,238.8984375,0.0,-0.0008264528587460518,-1.855316162109375
917,1712340498.4076152,vehicle.toyota.prius,111.28093719482422,-85.65389251708984,238.89845275878906,0.0,-0.0008264528587460518,-1.827239990234375
918,1712340498.5093858,vehicle.toyota.prius,111.26445007324219,-85.39840698242188,238.89845275878906,0.0,-0.0008264528587460518,-1.813995361328125
919,1712340498.6114974,vehicle.toyota.prius,111.24795532226562,-85.1318130493164,238.89845275878906,0.0,-0.0008264528587460518,0.6934518814086914
920,1712340498.7138207,vehicle.toyota.prius,111.23971557617188,-84.8541030883789,238.79844665527344,0.0,-0.0008264528587460518,0.7543843984603882
921,1712340498.8161929,vehicle.toyota.prius,111.23147583007812,-84.5986099243164,238.79844665527344,0.0,-0.0008264528587460518,0.8102976083755493
922,1712340498.9186268,vehicle.toyota.prius,111.2149887084961,-84.3320083618164,238.79844665527344,0.0,-0.0008264528587460518,0.8669095635414124
923,1712340499.0204132,vehicle.toyota.prius,111.20674896240234,-84.0431900024414,238.79847717285156,0.0,-0.0008264528587460518,0.930351734161377
924,1712340499.1225073,vehicle.toyota.prius,111.19850158691406,-83.8432388305664,238.79847717285156,0.0,-0.0008264528587460518,-1.7353515625
925,1712340499.2247925,vehicle.toyota.prius,111.19026184082031,-83.5322036743164,238.79847717285156,0.0,-0.0008264528587460518,-1.719268798828125
926,1712340499.326942,vehicle.toyota.prius,111.19026184082031,-83.5322036743164,238.79847717285156,0.0,-0.0008264528587460518,-1.719268798828125
927,1712340499.4293141,vehicle.toyota.prius,111.18202209472656,-83.23228454589844,238.79847717285156,0.0,-0.0008264528587460518,-1.703765869140625
928,1712340499.5317125,vehicle.toyota.prius,111.17377471923828,-83.0212173461914,238.79849243164062,0.0,-0.0008264528587460518,-1.692840576171875
929,1712340499.6340525,vehicle.toyota.prius,111.15729522705078,-82.4657974243164,238.79849243164062,0.0,-0.0007923019002191722,-1.66412353515625
930,1712340499.7363768,vehicle.toyota.prius,111.14080810546875,-82.2436294555664,238.79849243164062,0.0,-0.0007923019002191722,-1.652587890625
931,1712340499.8384044,vehicle.toyota.prius,111.12431335449219,-81.92149353027344,238.698486328125,0.0,-0.0007649811450392008,-1.635894775390625
932,1712340499.940545,vehicle.toyota.prius,111.11607360839844,-81.71043395996094,238.698486328125,0.0,-0.0007649811450392008,-1.624969482421875
933,1712340500.042884,vehicle.toyota.prius,111.10782623291016,-81.41050720214844,238.698486328125,0.0,-0.0007649811450392008,-1.609466552734375
934,1712340500.145263,vehicle.toyota.prius,111.09134674072266,-81.09947204589844,238.69851684570312,0.0,-0.0007649811450392008,-1.593353271484375
935,1712340500.2473648,vehicle.toyota.prius,111.08309173583984,-80.89952087402344,238.69851684570312,0.0,-0.0007649811450392008,-1.582977294921875
936,1712340500.349814,vehicle.toyota.prius,111.06661224365234,-80.61070251464844,238.69851684570312,0.0,-0.0007649811450392008,-1.568023681640625
937,1712340500.452377,vehicle.toyota.prius,111.06661987304688,-80.3885498046875,238.69851684570312,0.0,-0.0007649811450392008,-1.556549072265625
938,1712340500.5545323,vehicle.toyota.prius,111.04188537597656,-79.7998046875,238.6985321044922,0.0,-0.0007649811450392008,-1.52740478515625
939,1712340500.6571312,vehicle.toyota.prius,111.04188537597656,-79.7998046875,238.6985321044922,0.0,-0.0007649811450392008,-1.52740478515625
940,1712340500.7592647,vehicle.toyota.prius,111.03363800048828,-79.48876953125,238.6985321044922,0.0,-0.0007649811450392008,-1.51129150390625
941,1712340500.8614151,vehicle.toyota.prius,111.00067138671875,-79.00000762939453,238.69854736328125,0.0,-0.0007649811450392008,-1.485931396484375
942,1712340500.9638042,vehicle.toyota.prius,111.00067138671875,-79.00000762939453,238.69854736328125,0.0,-0.0007649811450392008,-1.485931396484375
943,1712340501.0657363,vehicle.toyota.prius,110.98417663574219,-78.70008087158203,238.69854736328125,0.0,-0.0007308301865123212,-1.470367431640625
944,1712340501.1684315,vehicle.toyota.prius,110.95120239257812,-78.16687774658203,238.5985565185547,0.0,-0.0007308301865123212,-1.45892333984375
945,1712340501.270226,vehicle.toyota.prius,110.95120239257812,-78.16687774658203,238.5985565185547,0.0,-0.0007308301865123212,-1.45892333984375
946,1712340501.3723817,vehicle.toyota.prius,110.93472290039062,-77.63367462158203,238.5985565185547,0.0,-0.0007308301865123212,-1.45892333984375
947,1712340501.474806,vehicle.toyota.prius,110.94296264648438,-77.42262268066406,238.5985565185547,0.0,-0.0007308301865123212,-1.45892333984375
948,1712340501.5768359,vehicle.toyota.prius,110.94296264648438,-77.42262268066406,238.5985565185547,0.0,-0.0007308301865123212,-1.45892333984375
949,1712340501.6791928,vehicle.toyota.prius,110.92648315429688,-77.11158752441406,238.59857177734375,0.0,-0.0007308301865123212,-1.45892333984375
950,1712340501.7816322,vehicle.toyota.prius,110.90174865722656,-76.60060119628906,238.59857177734375,0.0,-0.0007308301865123212,-1.45892333984375
951,1712340501.8839178,vehicle.toyota.prius,110.90174865722656,-76.60060119628906,238.59857177734375,0.0,-0.0007308301865123212,-1.45892333984375
952,1712340501.986041,vehicle.toyota.prius,110.88526153564453,-76.33399963378906,238.59857177734375,0.0,-0.0007308301865123212,-1.45892333984375
953,1712340502.0882583,vehicle.toyota.prius,110.8687744140625,-75.8008041381836,238.5985870361328,0.0,-0.0007308301865123212,-1.45892333984375
954,1712340502.1905117,vehicle.toyota.prius,110.87702941894531,-75.5008773803711,238.5985870361328,0.0,-0.0007035094313323498,-1.45892333984375
955,1712340502.292549,vehicle.toyota.prius,110.87702941894531,-75.5008773803711,238.5985870361328,0.0,-0.0007035094313323498,-1.45892333984375
956,1712340502.394448,vehicle.toyota.prius,110.86054229736328,-75.0232162475586,238.5985870361328,0.0,-0.0007035094313323498,-1.45892333984375
957,1712340502.4964957,vehicle.toyota.prius,110.85230255126953,-74.6899642944336,238.4985809326172,0.0,-0.0007035094313323498,-1.45892333984375
958,1712340502.598272,vehicle.toyota.prius,110.85230255126953,-74.6899642944336,238.4985809326172,0.0,-0.0007035094313323498,-1.45892333984375
959,1712340502.7003353,vehicle.toyota.prius,110.84406280517578,-74.17898559570312,238.4985809326172,0.0,-0.0007035094313323498,-1.45892333984375
960,1712340502.802549,vehicle.toyota.prius,110.8358154296875,-73.89016723632812,238.4986114501953,0.0,-0.0007035094313323498,-1.45892333984375
961,1712340502.9050384,vehicle.toyota.prius,110.82758331298828,-73.62356567382812,238.4986114501953,0.0,-0.0007035094313323498,-1.45892333984375
962,1712340503.006921,vehicle.toyota.prius,110.81108856201172,-73.35696411132812,238.4986114501953,0.0,-0.0007035094313323498,-1.45892333984375
963,1712340503.1090145,vehicle.toyota.prius,110.81108856201172,-73.11258697509766,238.4986114501953,0.0,-0.0007035094313323498,-1.45892333984375
964,1712340503.2112124,vehicle.toyota.prius,110.80284881591797,-72.87931060791016,238.4986114501953,0.0,-0.0007035094313323498,-1.45892333984375
965,1712340503.3130639,vehicle.toyota.prius,110.79460906982422,-72.54605865478516,238.49862670898438,0.0,-0.0007035094313323498,-1.45892333984375
966,1712340503.4156234,vehicle.toyota.prius,110.8028564453125,-72.33499908447266,238.49862670898438,0.0,-0.0006761886761523783,-1.45892333984375
967,1712340503.5174727,vehicle.toyota.prius,110.79461669921875,-72.06839752197266,238.49862670898438,0.0,-0.0006761886761523783,-1.45892333984375
968,1712340503.6196237,vehicle.toyota.prius,110.786376953125,-71.80180358886719,238.49862670898438,0.0,-0.0006761886761523783,-1.45892333984375
969,1712340503.722115,vehicle.toyota.prius,110.76988983154297,-71.52409362792969,238.49862670898438,0.0,-0.0006761886761523783,-1.45892333984375
970,1712340503.824335,vehicle.toyota.prius,110.7698974609375,-71.25749206542969,238.49862670898438,0.0,-0.0006761886761523783,-1.45892333984375
971,1712340503.9273512,vehicle.toyota.prius,110.76165008544922,-70.97978210449219,238.49862670898438,0.0,-0.0006761886761523783,-1.473297119140625
972,1712340504.0294552,vehicle.toyota.prius,110.76165771484375,-70.66874694824219,238.49862670898438,0.0,-0.0006761886761523783,-1.4710693359375
973,1712340504.1315897,vehicle.toyota.prius,110.75341796875,-70.45769500732422,238.49862670898438,0.0,-0.0006761886761523783,-1.46954345703125
974,1712340504.2340982,vehicle.toyota.prius,110.73693084716797,-70.14665985107422,238.49862670898438,0.0,-0.0006761886761523783,-1.467315673828125
975,1712340504.3365707,vehicle.toyota.prius,110.72867584228516,-69.89116668701172,238.39865112304688,0.0,-0.0006761886761523783,-1.465484619140625
976,1712340504.438452,vehicle.toyota.prius,110.7204360961914,-69.63567352294922,238.39865112304688,0.0,-0.0006761886761523783,-1.463653564453125
977,1712340504.5408318,vehicle.toyota.prius,110.71219635009766,-69.35796356201172,238.39865112304688,0.0,-0.0006761886761523783,-1.461669921875
978,1712340504.6427116,vehicle.toyota.prius,110.69570922851562,-68.82476043701172,238.39866638183594,0.0,-0.0006761886761523783,-1.45782470703125
979,1712340504.7446482,vehicle.toyota.prius,110.69570922851562,-68.82476043701172,238.39866638183594,0.0,-0.0006761886761523783,-1.45782470703125
980,1712340504.8469293,vehicle.toyota.prius,110.6874771118164,-68.56927490234375,238.39866638183594,0.0,-0.0006761886761523783,-1.45599365234375
981,1712340504.9488509,vehicle.toyota.prius,110.67922973632812,-68.23602294921875,238.39866638183594,0.0,-0.0006761886761523783,-1.453582763671875
982,1712340505.0512416,vehicle.toyota.prius,110.67098236083984,-67.99163818359375,238.39866638183594,0.0,-0.0006761886761523783,-1.45184326171875
983,1712340505.1536298,vehicle.toyota.prius,110.66275024414062,-67.74725341796875,238.39866638183594,0.0,-0.0006761886761523783,-1.4500732421875
984,1712340505.2560859,vehicle.toyota.prius,110.65450286865234,-67.49176788330078,238.39866638183594,0.0,-0.0006761886761523783,-1.4482421875
985,1712340505.3579056,vehicle.toyota.prius,110.63801574707031,-67.18073272705078,238.39866638183594,0.0,-0.0006761886761523783,-1.44598388671875
986,1712340505.4601662,vehicle.toyota.prius,110.62152862548828,-66.62531280517578,238.39866638183594,0.0,-0.0006761886761523783,-1.44195556640625
987,1712340505.5625763,vehicle.toyota.prius,110.61328887939453,-66.36982727050781,238.398681640625,0.0,-0.0006761886761523783,-1.440093994140625
988,1712340505.6643844,vehicle.toyota.prius,110.61328887939453,-66.36982727050781,238.398681640625,0.0,-0.0006761886761523783,-1.440093994140625
989,1712340505.7663736,vehicle.toyota.prius,110.60504913330078,-66.11433410644531,238.29869079589844,0.0,-0.0006761886761523783,-1.438262939453125
990,1712340505.8689601,vehicle.toyota.prius,110.5968017578125,-65.84773254394531,238.29869079589844,0.0,-0.0006761886761523783,-1.436309814453125
991,1712340505.970729,vehicle.toyota.prius,110.58856201171875,-65.55891418457031,238.2987060546875,0.0,-0.0006761886761523783,-1.434234619140625
992,1712340506.0731432,vehicle.toyota.prius,110.57207489013672,-65.05903625488281,238.2987060546875,0.0,-0.0006761886761523783,-1.4305419921875
993,1712340506.174942,vehicle.toyota.prius,110.5638427734375,-64.72579193115234,238.2987060546875,0.0,-0.0006761886761523783,-1.428131103515625
994,1712340506.276777,vehicle.toyota.prius,110.5638427734375,-64.72579193115234,238.2987060546875,0.0,-0.0006761886761523783,-1.428131103515625
995,1712340506.379164,vehicle.toyota.prius,110.55559539794922,-64.47029876708984,238.2987060546875,0.0,-0.0006761886761523783,-1.42626953125
996,1712340506.481083,vehicle.toyota.prius,110.53910827636719,-63.98152542114258,238.29872131347656,0.0,-0.0006761886761523783,-1.4227294921875
997,1712340506.5828738,vehicle.toyota.prius,110.53086853027344,-63.73714828491211,238.29872131347656,0.0,-0.0006761886761523783,-1.42095947265625
998,1712340506.6854076,vehicle.toyota.prius,110.53086853027344,-63.73714828491211,238.29872131347656,0.0,-0.0006761886761523783,-1.42095947265625
999,1712340506.7879317,vehicle.toyota.prius,110.50614166259766,-63.20394515991211,238.29872131347656,0.0,-0.0006761886761523783,-1.4171142578125
1000,1712340506.890087,vehicle.toyota.prius,110.50614166259766,-63.20394515991211,238.29872131347656,0.0,-0.0006761886761523783,-1.4171142578125
1001,1712340506.9973624,vehicle.toyota.prius,110.48965454101562,-62.659637451171875,238.29872131347656,0.0,-0.0006761886761523783,-1.413177490234375
1002,1712340507.099963,vehicle.toyota.prius,110.48965454101562,-62.659637451171875,238.29872131347656,0.0,-0.0006761886761523783,-1.413177490234375
1003,1712340507.2020836,vehicle.toyota.prius,110.47315979003906,-62.12643814086914,238.19873046875,0.0,-0.0006761886761523783,-1.409332275390625
1004,1712340507.3043437,vehicle.toyota.prius,110.46492767333984,-61.84872817993164,238.19874572753906,0.0,-0.0006761886761523783,-1.4073486328125
1005,1712340507.4066174,vehicle.toyota.prius,110.4566879272461,-61.59323501586914,238.19874572753906,0.0,-0.0006761886761523783,-1.405517578125
1006,1712340507.508676,vehicle.toyota.prius,110.44843292236328,-61.34885025024414,238.19874572753906,0.0,-0.0006761886761523783,-1.40374755859375
1007,1712340507.6106076,vehicle.toyota.prius,110.44020080566406,-61.11557388305664,238.19874572753906,0.0,-0.0006761886761523783,-1.402069091796875
1008,1712340507.712857,vehicle.toyota.prius,110.4237060546875,-60.74900436401367,238.19874572753906,0.0,-0.0005805660621263087,-1.399444580078125
1009,1712340507.8150973,vehicle.toyota.prius,110.41547393798828,-60.50461959838867,238.19876098632812,0.0,-0.0005805660621263087,-1.397705078125
1010,1712340507.9170804,vehicle.toyota.prius,110.4072265625,-60.26023864746094,238.19876098632812,0.0,-0.0005805660621263087,-1.39593505859375
1011,1712340508.019361,vehicle.toyota.prius,110.39897918701172,-60.03807067871094,238.19876098632812,0.0,-0.0005805660621263087,-1.39434814453125
1012,1712340508.121396,vehicle.toyota.prius,110.39899444580078,-59.80479431152344,238.19876098632812,0.0,-0.0005805660621263087,-1.3927001953125
1013,1712340508.223659,vehicle.toyota.prius,110.38250732421875,-59.4604377746582,238.19876098632812,0.0,-0.0005805660621263087,-1.40411376953125
1014,1712340508.3258092,vehicle.toyota.prius,110.37425231933594,-59.2382698059082,238.19876098632812,0.0,-0.0005805660621263087,-1.40411376953125
1015,1712340508.4280849,vehicle.toyota.prius,110.36601257324219,-59.0049934387207,238.19876098632812,0.0,-0.0005805660621263087,-1.40411376953125
1016,1712340508.531136,vehicle.toyota.prius,110.35778045654297,-58.6828498840332,238.19876098632812,0.0,-0.0005805660621263087,-1.40411376953125
1017,1712340508.6330776,vehicle.toyota.prius,110.34952545166016,-58.4717903137207,238.19876098632812,0.0,-0.0005805660621263087,-1.40411376953125
1018,1712340508.7353873,vehicle.toyota.prius,110.3412857055664,-58.16075897216797,238.09877014160156,0.0,-0.0005805660621263087,-1.40411376953125
1019,1712340508.8371553,vehicle.toyota.prius,110.33304595947266,-57.96080780029297,238.09878540039062,0.0,-0.0005805660621263087,-1.40411376953125
1020,1712340508.9396327,vehicle.toyota.prius,110.32479858398438,-57.68309783935547,238.09878540039062,0.0,-0.0005532453069463372,-1.40411376953125
1021,1712340509.041851,vehicle.toyota.prius,110.31655883789062,-57.394287109375,238.09878540039062,0.0,-0.0005532453069463372,-1.40411376953125
1022,1712340509.1442258,vehicle.toyota.prius,110.30007934570312,-57.1165771484375,238.09878540039062,0.0,-0.0005532453069463372,-1.40411376953125
1023,1712340509.2465913,vehicle.toyota.prius,110.29183197021484,-56.8388671875,238.09878540039062,0.0,-0.0005532453069463372,-1.40411376953125
1024,1712340509.3489795,vehicle.toyota.prius,110.27533721923828,-56.638919830322266,238.09878540039062,0.0,-0.0005532453069463372,-1.40411376953125
1025,1712340509.4510078,vehicle.toyota.prius,110.26710510253906,-56.383426666259766,238.0988006591797,0.0,-0.0005532453069463372,-1.40411376953125
1026,1712340509.553334,vehicle.toyota.prius,110.25886535644531,-56.10572052001953,238.0988006591797,0.0,-0.0005532453069463372,-1.40411376953125
1027,1712340509.6551604,vehicle.toyota.prius,110.234130859375,-55.55030059814453,238.0988006591797,0.0,-0.0005532453069463372,-1.40411376953125
1028,1712340509.7569916,vehicle.toyota.prius,110.234130859375,-55.55030059814453,238.0988006591797,0.0,-0.0005532453069463372,-1.40411376953125
1029,1712340509.8595848,vehicle.toyota.prius,110.20940399169922,-55.07263946533203,238.0988006591797,0.0,-0.0005190943484194577,-1.40411376953125
1030,1712340509.9619415,vehicle.toyota.prius,110.20940399169922,-55.07263946533203,238.0988006591797,0.0,-0.0005190943484194577,-1.40411376953125
1031,1712340510.0644476,vehicle.toyota.prius,110.17642211914062,-54.51722717285156,237.99880981445312,0.0,-0.0005190943484194577,-1.40411376953125
1032,1712340510.1667433,vehicle.toyota.prius,110.17642211914062,-54.23951721191406,237.99880981445312,0.0,-0.0005190943484194577,-1.40411376953125
1033,1712340510.2689524,vehicle.toyota.prius,110.201171875,-53.98402786254883,237.99880981445312,0.0,-0.0005190943484194577,-1.40411376953125
1034,1712340510.371095,vehicle.toyota.prius,110.201171875,-53.98402786254883,237.99880981445312,0.0,-0.0005190943484194577,-1.40411376953125
1035,1712340510.473238,vehicle.toyota.prius,110.1434555053711,-53.48414993286133,237.9988250732422,0.0,-0.0005190943484194577,-1.40411376953125
1036,1712340510.574963,vehicle.toyota.prius,110.11872100830078,-53.184226989746094,237.9988250732422,0.0,-0.0005190943484194577,-1.40411376953125
1037,1712340510.6773534,vehicle.toyota.prius,110.11872100830078,-53.184226989746094,237.9988250732422,0.0,-0.0005190943484194577,-1.40411376953125
1038,1712340510.7790897,vehicle.toyota.prius,110.08573913574219,-52.639915466308594,237.9988250732422,0.0,-0.0005190943484194577,-1.40411376953125
1039,1712340510.88173,vehicle.toyota.prius,110.06924438476562,-52.417747497558594,237.9988250732422,0.0,-0.0005190943484194577,-1.40411376953125
1040,1712340510.9841163,vehicle.toyota.prius,110.06924438476562,-52.417747497558594,237.9988250732422,0.0,-0.0005190943484194577,-1.40411376953125
1041,1712340511.0862675,vehicle.toyota.prius,110.0362777709961,-51.895652770996094,237.89881896972656,0.0,-0.0004917735932394862,-1.404022216796875
1042,1712340511.1887736,vehicle.toyota.prius,110.02803802490234,-51.62905502319336,237.89881896972656,0.0,-0.0004917735932394862,-1.400726318359375
1043,1712340511.290946,vehicle.toyota.prius,110.02803802490234,-51.62905502319336,237.89881896972656,0.0,-0.0004917735932394862,-1.400726318359375
1044,1712340511.393648,vehicle.toyota.prius,110.03628540039062,-51.07363510131836,237.8988494873047,0.0,-0.0004917735932394862,-1.393829345703125
1045,1712340511.4957778,vehicle.toyota.prius,110.01979064941406,-50.76260757446289,237.8988494873047,0.0,-0.0004917735932394862,-1.38995361328125
1046,1712340511.5977688,vehicle.toyota.prius,110.00331115722656,-50.54043960571289,237.8988494873047,0.0,-0.0004917735932394862,-1.387176513671875
1047,1712340511.6998022,vehicle.toyota.prius,109.97856903076172,-50.196083068847656,237.8988494873047,0.0,-0.0004917735932394862,-1.382904052734375
1048,1712340511.8021748,vehicle.toyota.prius,109.96208953857422,-49.951698303222656,237.8988494873047,0.0,-0.0004917735932394862,-1.379852294921875
1049,1712340511.9042645,vehicle.toyota.prius,109.95384216308594,-49.707313537597656,237.8988494873047,0.0,-0.0004917735932394862,-1.376800537109375
1050,1712340512.006012,vehicle.toyota.prius,109.93736267089844,-49.44071578979492,237.89886474609375,0.0,-0.0004917735932394862,-1.37347412109375
1051,1712340512.1081574,vehicle.toyota.prius,109.92910766601562,-49.18522262573242,237.79885864257812,0.0,-0.0004917735932394862,-1.37030029296875
1052,1712340512.2106593,vehicle.toyota.prius,109.91262817382812,-48.91862106323242,237.79885864257812,0.0,-0.0004917735932394862,-1.366973876953125
1053,1712340512.313105,vehicle.toyota.prius,109.90438079833984,-48.66312789916992,237.79885864257812,0.0,-0.0004917735932394862,-1.363800048828125
1054,1712340512.4153676,vehicle.toyota.prius,109.8961410522461,-48.39652633666992,237.79885864257812,0.0,-0.0004917735932394862,-1.360504150390625
1055,1712340512.5177858,vehicle.toyota.prius,109.88790130615234,-48.14104080200195,237.79885864257812,0.0,-0.00045762263471260667,-1.3572998046875
1056,1712340512.620469,vehicle.toyota.prius,109.87141418457031,-47.77446365356445,237.79885864257812,0.0,-0.00045762263471260667,-1.352752685546875
1057,1712340512.724333,vehicle.toyota.prius,109.86317443847656,-47.53007888793945,237.79885864257812,0.0,-0.00045762263471260667,-1.349700927734375
1058,1712340512.826352,vehicle.toyota.prius,109.85492706298828,-47.29680633544922,237.79885864257812,0.0,-0.00045762263471260667,-1.3468017578125
1059,1712340512.928502,vehicle.toyota.prius,109.85492706298828,-47.06352996826172,237.79885864257812,0.0,-0.00045762263471260667,-1.343902587890625
1060,1712340513.0306365,vehicle.toyota.prius,109.83844757080078,-46.719173431396484,237.79885864257812,0.0,-0.00045762263471260667,-1.339630126953125
1061,1712340513.13301,vehicle.toyota.prius,109.83019256591797,-46.508113861083984,237.7988739013672,0.0,-0.00045762263471260667,-1.337677001953125
1062,1712340513.2352371,vehicle.toyota.prius,109.82196044921875,-46.197078704833984,237.69888305664062,0.0,-0.00045762263471260667,-1.3338623046875
1063,1712340513.337388,vehicle.toyota.prius,109.813720703125,-45.96380615234375,237.69888305664062,0.0,-0.00045762263471260667,-1.330963134765625
1064,1712340513.4395456,vehicle.toyota.prius,109.80546569824219,-45.641658782958984,237.69888305664062,0.0,-0.00045762263471260667,-1.32696533203125
1065,1712340513.54164,vehicle.toyota.prius,109.78897857666016,-45.441707611083984,237.69888305664062,0.0,-0.00045762263471260667,-1.324493408203125
1066,1712340513.643616,vehicle.toyota.prius,109.77250671386719,-44.89739990234375,237.6988983154297,0.0,-0.00045762263471260667,-1.317718505859375
1067,1712340513.7456064,vehicle.toyota.prius,109.77250671386719,-44.89739990234375,237.6988983154297,0.0,-0.00045762263471260667,-1.317718505859375
1068,1712340513.8473976,vehicle.toyota.prius,109.75601196289062,-44.30866241455078,237.6988983154297,0.0,-0.00045762263471260667,-1.310394287109375
1069,1712340513.9496276,vehicle.toyota.prius,109.75601196289062,-44.30866241455078,237.6988983154297,0.0,-0.00045762263471260667,-1.310394287109375
1070,1712340514.051501,vehicle.toyota.prius,109.75601959228516,-44.10871124267578,237.6988983154297,0.0,-0.00045762263471260667,-1.30792236328125
1071,1712340514.1539323,vehicle.toyota.prius,109.7477798461914,-43.80878829956055,237.6988983154297,0.0,-0.00045762263471260667,-1.30419921875
1072,1712340514.2563741,vehicle.toyota.prius,109.73128509521484,-43.49775314331055,237.6988983154297,0.0,-0.0004234717052895576,-1.300323486328125
1073,1712340514.3587203,vehicle.toyota.prius,109.73129272460938,-43.27558898925781,237.6988983154297,0.0,-0.0004234717052895576,-1.29754638671875
1074,1712340514.4606998,vehicle.toyota.prius,109.73129272460938,-43.27558898925781,237.6988983154297,0.0,-0.0004234717052895576,-1.29754638671875
1075,1712340514.5628126,vehicle.toyota.prius,109.70655822753906,-42.72016906738281,237.6988983154297,0.0,-0.0004234717052895576,-1.2906494140625
1076,1712340514.6690795,vehicle.toyota.prius,109.69832611083984,-42.48689270019531,237.6988983154297,0.0,-0.0004234717052895576,-1.287750244140625
1077,1712340514.771104,vehicle.toyota.prius,109.6900863647461,-42.13142395019531,237.6988983154297,0.0,-0.0004234717052895576,-1.283355712890625
1078,1712340514.8731732,vehicle.toyota.prius,109.68183135986328,-41.887046813964844,237.6988983154297,0.0,-0.0004234717052895576,-1.280303955078125
1079,1712340514.975889,vehicle.toyota.prius,109.67359924316406,-41.631553649902344,237.6988983154297,0.0,-0.0004234717052895576,-1.277130126953125
1080,1712340515.0777469,vehicle.toyota.prius,109.6571044921875,-41.07613754272461,237.5989227294922,0.0,-0.0004234717052895576,-1.2708740234375
1081,1712340515.1795392,vehicle.toyota.prius,109.6571044921875,-41.07613754272461,237.5989227294922,0.0,-0.0004234717052895576,-1.2708740234375
1082,1712340515.281491,vehicle.toyota.prius,109.64063262939453,-40.487396240234375,237.5989227294922,0.0,-0.0004234717052895576,-1.263580322265625
1083,1712340515.3836823,vehicle.toyota.prius,109.63237762451172,-40.342987060546875,237.5989227294922,0.0,-0.0004234717052895576,-1.26177978515625
1084,1712340515.4855871,vehicle.toyota.prius,109.63237762451172,-40.342987060546875,237.5989227294922,0.0,-0.0004234717052895576,-1.26177978515625
1085,1712340515.5879905,vehicle.toyota.prius,109.62413787841797,-40.02084732055664,237.5989227294922,0.0,-0.0004234717052895576,-1.257781982421875
1086,1712340515.6901069,vehicle.toyota.prius,109.60765075683594,-39.53207778930664,237.59893798828125,0.0,-0.0004234717052895576,-0.9454385638237
1087,1712340515.7924948,vehicle.toyota.prius,109.59941101074219,-39.209938049316406,237.59893798828125,0.0,-0.0004234717052895576,-0.1509171426296234
1088,1712340515.8942292,vehicle.toyota.prius,109.59941101074219,-39.209938049316406,237.59893798828125,0.0,-0.0004234717052895576,-0.1509171426296234
1089,1712340515.9959927,vehicle.toyota.prius,109.58293914794922,-38.69895553588867,237.59893798828125,0.0,-0.0004234717052895576,1.8813556432724
1090,1712340516.097734,vehicle.toyota.prius,109.5746841430664,-38.35459518432617,237.59893798828125,0.0,-0.0004234717052895576,1.8306463956832886
1091,1712340516.2001836,vehicle.toyota.prius,109.57469177246094,-38.18796920776367,237.59893798828125,0.0,-0.0004234717052895576,1.8065537214279175
1092,1712340516.3023136,vehicle.toyota.prius,109.56645202636719,-37.87693786621094,237.59893798828125,0.0,-0.0004234717052895576,1.7606655359268188
1093,1712340516.4045792,vehicle.toyota.prius,109.55821228027344,-37.56590270996094,237.59893798828125,0.0,-0.00036883019492961466,1.7241625785827637
1094,1712340516.5063345,vehicle.toyota.prius,109.54996490478516,-37.3992805480957,237.59893798828125,0.0,-0.00036883019492961466,-1.22576904296875
1095,1712340516.6086175,vehicle.toyota.prius,109.5417251586914,-37.0993537902832,237.59893798828125,0.0,-0.00036883019492961466,-1.222381591796875
1096,1712340516.7110853,vehicle.toyota.prius,109.53348541259766,-36.79943084716797,237.59893798828125,0.0,-0.00036883019492961466,-1.218658447265625
1097,1712340516.8135707,vehicle.toyota.prius,109.52523803710938,-36.47728729248047,237.59893798828125,0.0,-0.00036883019492961466,-1.21466064453125
1098,1712340516.91602,vehicle.toyota.prius,109.51699829101562,-36.32176971435547,237.59893798828125,0.0,-0.00036883019492961466,-1.21221923828125
1099,1712340517.0177755,vehicle.toyota.prius,109.51699829101562,-36.32176971435547,237.59893798828125,0.0,-0.00036883019492961466,-1.21221923828125
1100,1712340517.1197758,vehicle.toyota.prius,109.50051879882812,-35.721920013427734,237.59893798828125,0.0,-0.00036883019492961466,-1.200347900390625
1101,1712340517.2220805,vehicle.toyota.prius,109.49227142333984,-35.410888671875,237.49896240234375,0.0,-0.00036883019492961466,-1.1942138671875
1102,1712340517.3241088,vehicle.toyota.prius,109.47579193115234,-34.85546875,237.49896240234375,0.0,-0.00036883019492961466,-1.1832275390625
1103,1712340517.4261918,vehicle.toyota.prius,109.47579193115234,-34.85546875,237.49896240234375,0.0,-0.00036883019492961466,-1.1832275390625
1104,1712340517.5290842,vehicle.toyota.prius,109.46754455566406,-34.555545806884766,237.49896240234375,0.0,-0.00036883019492961466,-1.17730712890625
1105,1712340517.6319554,vehicle.toyota.prius,109.46754455566406,-34.411136627197266,237.49896240234375,0.0,-0.00033467926550656557,-1.1744384765625
1106,1712340517.734776,vehicle.toyota.prius,109.45931243896484,-34.12232208251953,237.49896240234375,0.0,-0.00033467926550656557,-1.168731689453125
1107,1712340517.8375876,vehicle.toyota.prius,109.4510726928711,-33.86682891845703,237.49896240234375,0.0,-0.00033467926550656557,-1.163665771484375
1108,1712340517.9398222,vehicle.toyota.prius,109.44281768798828,-33.57801055908203,237.49896240234375,0.0,-0.00033467926550656557,-1.157958984375
1109,1712340518.0416694,vehicle.toyota.prius,109.4180908203125,-33.0337028503418,237.4989776611328,0.0,-0.00033467926550656557,-1.147216796875
1110,1712340518.1434908,vehicle.toyota.prius,109.4180908203125,-33.0337028503418,237.4989776611328,0.0,-0.00033467926550656557,-1.147216796875
1111,1712340518.2452288,vehicle.toyota.prius,109.40985870361328,-32.77821350097656,237.4989776611328,0.0,-0.00033467926550656557,-1.14215087890625
1112,1712340518.3476195,vehicle.toyota.prius,109.40985870361328,-32.51161193847656,237.4989776611328,0.0,-0.00033467926550656557,-1.13690185546875
1113,1712340518.4495294,vehicle.toyota.prius,109.40161895751953,-32.23390579223633,237.4989776611328,0.0,-0.00033467926550656557,-1.13140869140625
1114,1712340518.5519783,vehicle.toyota.prius,109.3851318359375,-31.945087432861328,237.4989776611328,0.0,-0.00033467926550656557,-1.125701904296875
1115,1712340518.6543968,vehicle.toyota.prius,109.37688446044922,-31.65627098083496,237.4989776611328,0.0,-0.00033467926550656557,-1.1199951171875
1116,1712340518.7567472,vehicle.toyota.prius,109.36863708496094,-31.35634422302246,237.4989776611328,0.0,-0.00033467926550656557,-1.1126708984375
1117,1712340518.8588798,vehicle.toyota.prius,109.34391021728516,-30.72317123413086,237.4989776611328,0.0,-0.00033467926550656557,-1.10009765625
1118,1712340518.9608893,vehicle.toyota.prius,109.34391021728516,-30.54543685913086,237.4989776611328,0.0,-0.00033467926550656557,-1.096588134765625
1119,1712340519.062761,vehicle.toyota.prius,109.34391021728516,-30.54543685913086,237.4989776611328,0.0,-0.00033467926550656557,-1.096588134765625
1120,1712340519.1650908,vehicle.toyota.prius,109.3356704711914,-30.223295211791992,237.4989776611328,0.0,-0.00033467926550656557,-1.0902099609375
1121,1712340519.2673852,vehicle.toyota.prius,109.31094360351562,-29.590118408203125,237.4989776611328,0.0,-0.00033467926550656557,-1.077667236328125
1122,1712340519.369551,vehicle.toyota.prius,109.31094360351562,-29.590118408203125,237.4989776611328,0.0,-0.00033467926550656557,-1.077667236328125
1123,1712340519.4716787,vehicle.toyota.prius,109.29446411132812,-29.123571395874023,237.4989776611328,0.0,-0.00033467926550656557,-1.06842041015625
1124,1712340519.5736868,vehicle.toyota.prius,109.28621673583984,-28.834753036499023,237.3990020751953,0.0,-0.00033467926550656557,-1.06268310546875
1125,1712340519.6753638,vehicle.toyota.prius,109.2779769897461,-28.534828186035156,237.3990020751953,0.0,-0.00033467926550656557,-1.056732177734375
1126,1712340519.777593,vehicle.toyota.prius,109.26148986816406,-28.246009826660156,237.3990020751953,0.0,-0.00033467926550656557,-1.051025390625
1127,1712340519.8797512,vehicle.toyota.prius,109.25325012207031,-27.96830177307129,237.3990020751953,0.0,-0.00033467926550656557,-1.0455322265625
1128,1712340519.9821372,vehicle.toyota.prius,109.24501037597656,-27.712812423706055,237.3990020751953,0.0,-0.00033467926550656557,-1.04046630859375
1129,1712340520.084422,vehicle.toyota.prius,109.23676300048828,-27.446210861206055,237.3990020751953,0.0,-0.00033467926550656557,-1.035186767578125
1130,1712340520.186351,vehicle.toyota.prius,109.22852325439453,-27.190719604492188,237.3990020751953,0.0,-0.00033467926550656557,-1.030120849609375
1131,1712340520.288401,vehicle.toyota.prius,109.21202850341797,-26.83525276184082,237.3990020751953,0.0,-0.00027320755179971457,-1.0230712890625
1132,1712340520.3905685,vehicle.toyota.prius,109.20379638671875,-26.60197639465332,237.3990020751953,0.0,-0.00027320755179971457,-1.0184326171875
1133,1712340520.4927876,vehicle.toyota.prius,109.19554138183594,-26.368703842163086,237.3990020751953,0.0,-0.00027320755179971457,-1.011749267578125
1134,1712340520.5948157,vehicle.toyota.prius,109.18730163574219,-26.03545379638672,237.3990020751953,0.0,-0.00027320755179971457,-1.005126953125
1135,1712340520.6970294,vehicle.toyota.prius,109.17081451416016,-25.70220375061035,237.39901733398438,0.0,-0.00027320755179971457,-0.99853515625
1136,1712340520.7990682,vehicle.toyota.prius,109.1625747680664,-25.46892738342285,237.39901733398438,0.0,-0.00027320755179971457,-0.993896484375
1137,1712340520.90154,vehicle.toyota.prius,109.15433502197266,-25.157894134521484,237.39901733398438,0.0,-0.00027320755179971457,-0.98773193359375
1138,1712340521.0035057,vehicle.toyota.prius,109.13784790039062,-24.835750579833984,237.39901733398438,0.0,-0.00027320755179971457,-0.981353759765625
1139,1712340521.1057203,vehicle.toyota.prius,109.12960815429688,-24.63580322265625,237.39901733398438,0.0,-0.00027320755179971457,-0.977386474609375
1140,1712340521.2078247,vehicle.toyota.prius,109.12136840820312,-24.335878372192383,237.39901733398438,0.0,-0.00027320755179971457,-0.971435546875
1141,1712340521.3095725,vehicle.toyota.prius,109.12136840820312,-24.335878372192383,237.39901733398438,0.0,-0.00027320755179971457,-0.971435546875
1142,1712340521.4117887,vehicle.toyota.prius,109.09662628173828,-23.747135162353516,237.39901733398438,0.0,-0.0002458867966197431,-0.959747314453125
1143,1712340521.51381,vehicle.toyota.prius,109.08014678955078,-23.44721221923828,237.39901733398438,0.0,-0.0002458867966197431,-0.95379638671875
1144,1712340521.616049,vehicle.toyota.prius,109.0718994140625,-23.147287368774414,237.39901733398438,0.0,-0.0002458867966197431,-0.947845458984375
1145,1712340521.7185504,vehicle.toyota.prius,109.055419921875,-22.847360610961914,237.39901733398438,0.0,-0.0002458867966197431,-0.94189453125
1146,1712340521.821404,vehicle.toyota.prius,109.055419921875,-22.636302947998047,237.39901733398438,0.0,-0.0002458867966197431,-0.937713623046875
1147,1712340521.923547,vehicle.toyota.prius,109.055419921875,-22.636302947998047,237.39901733398438,0.0,-0.0002458867966197431,-0.937713623046875
1148,1712340522.0255952,vehicle.toyota.prius,109.03069305419922,-21.98090934753418,237.29901123046875,0.0,-0.0002458867966197431,-0.924713134765625
1149,1712340522.1280868,vehicle.toyota.prius,109.02244567871094,-21.758745193481445,237.29901123046875,0.0,-0.0002458867966197431,-0.920318603515625
1150,1712340522.2300134,vehicle.toyota.prius,109.01420593261719,-21.381061553955078,237.29901123046875,0.0,-0.0002458867966197431,-0.91082763671875
1151,1712340522.3472438,vehicle.toyota.prius,108.99771118164062,-21.14778709411621,237.29901123046875,0.0,-0.00021856604143977165,-0.91082763671875
1152,1712340522.4499924,vehicle.toyota.prius,108.9894790649414,-20.90340232849121,237.29901123046875,0.0,-0.00021856604143977165,-0.91082763671875
1153,1712340522.5520508,vehicle.toyota.prius,108.98123931884766,-20.63680076599121,237.29901123046875,0.0,-0.00021856604143977165,-0.91082763671875
1154,1712340522.6540923,vehicle.toyota.prius,108.96475219726562,-19.95919418334961,237.29904174804688,0.0,-0.00021856604143977165,-0.91082763671875
1155,1712340522.75599,vehicle.toyota.prius,108.96475219726562,-19.95919418334961,237.29904174804688,0.0,-0.00021856604143977165,-0.91082763671875
1156,1712340522.8581488,vehicle.toyota.prius,108.95651245117188,-19.68148422241211,237.29904174804688,0.0,-0.00021856604143977165,-0.91082763671875
1157,1712340522.9604967,vehicle.toyota.prius,108.94002532958984,-19.381561279296875,237.29904174804688,0.0,-0.00021856604143977165,-0.91082763671875
1158,1712340523.0631297,vehicle.toyota.prius,108.94002532958984,-19.070528030395508,237.29904174804688,0.0,-0.00021856604143977165,-0.91082763671875
1159,1712340523.1652088,vehicle.toyota.prius,108.9317855834961,-18.90390396118164,237.29904174804688,0.0,-0.00021856604143977165,-0.91082763671875
1160,1712340523.2672315,vehicle.toyota.prius,108.92354583740234,-18.292945861816406,237.29904174804688,0.0,-0.00018441509746480733,-0.91082763671875
1161,1712340523.3692737,vehicle.toyota.prius,108.92354583740234,-18.292945861816406,237.29904174804688,0.0,-0.00018441509746480733,-0.91082763671875
1162,1712340523.4713907,vehicle.toyota.prius,108.91529846191406,-17.95969581604004,237.29904174804688,0.0,-0.00018441509746480733,-0.9079244136810303
1163,1712340523.5733445,vehicle.toyota.prius,108.90706634521484,-17.659770965576172,237.29904174804688,0.0,-0.00018441509746480733,-0.9108346104621887
1164,1712340523.6755638,vehicle.toyota.prius,108.8988265991211,-17.348737716674805,237.29904174804688,0.0,-0.00018441509746480733,-0.9108346104621887
1165,1712340523.7773883,vehicle.toyota.prius,108.8988265991211,-17.071029663085938,237.29904174804688,0.0,-0.00018441509746480733,-0.9108346104621887
1166,1712340523.8798945,vehicle.toyota.prius,108.88233947753906,-16.61558723449707,237.29904174804688,0.0,-0.00018441509746480733,-0.9108346104621887
1167,1712340523.9822104,vehicle.toyota.prius,108.87409973144531,-16.282337188720703,237.29904174804688,0.0,-0.00018441509746480733,-0.9108346104621887
1168,1712340524.0847578,vehicle.toyota.prius,108.87409973144531,-16.282337188720703,237.29904174804688,0.0,-0.00018441509746480733,-0.9108346104621887
1169,1712340524.187101,vehicle.toyota.prius,108.8658676147461,-15.738029479980469,237.29904174804688,0.0,-0.00018441509746480733,-0.9108346104621887
1170,1712340524.289592,vehicle.toyota.prius,108.85761260986328,-15.426995277404785,237.19903564453125,0.0,-0.00018441509746480733,-0.9108346104621887
1171,1712340524.391374,vehicle.toyota.prius,108.85761260986328,-15.426995277404785,237.19903564453125,0.0,-0.00018441509746480733,-0.9108346104621887
1172,1712340524.4934294,vehicle.toyota.prius,108.84114074707031,-14.78271198272705,237.19903564453125,0.0,-0.00018441509746480733,-0.9108346104621887
1173,1712340524.5963235,vehicle.toyota.prius,108.8328857421875,-14.549436569213867,237.19903564453125,0.0,-0.00018441509746480733,-0.9108346104621887
1174,1712340524.6988006,vehicle.toyota.prius,108.8328857421875,-14.549436569213867,237.19903564453125,0.0,-0.00018441509746480733,-0.9108346104621887
1175,1712340524.8010612,vehicle.toyota.prius,108.82465362548828,-13.982912063598633,237.19903564453125,0.0,-0.00018441509746480733,-0.9108346104621887
1176,1712340524.903366,vehicle.toyota.prius,108.80817413330078,-13.660770416259766,237.19903564453125,0.0,-0.00018441509746480733,-0.90985107421875
1177,1712340525.0054905,vehicle.toyota.prius,108.80817413330078,-13.438604354858398,237.19903564453125,0.0,-0.00018441509746480733,-0.908447265625
1178,1712340525.1077554,vehicle.toyota.prius,108.80817413330078,-13.438604354858398,237.19903564453125,0.0,-0.00018441509746480733,-0.908447265625
1179,1712340525.209822,vehicle.toyota.prius,108.79169464111328,-12.816537857055664,237.19903564453125,0.0,-0.00018441509746480733,-0.90447998046875
1180,1712340525.3120556,vehicle.toyota.prius,108.77519989013672,-12.49439525604248,237.19903564453125,0.0,-0.00018441509746480733,-0.902435302734375
1181,1712340525.4140098,vehicle.toyota.prius,108.77519989013672,-12.283337593078613,237.19903564453125,0.0,-0.00018441509746480733,-0.901092529296875
1182,1712340525.5159671,vehicle.toyota.prius,108.7669677734375,-11.983412742614746,237.19903564453125,0.0,-0.00018441509746480733,-0.899200439453125
1183,1712340525.6183686,vehicle.toyota.prius,108.7669677734375,-11.983412742614746,237.19903564453125,0.0,-0.00018441509746480733,-0.899200439453125
1184,1712340525.7202036,vehicle.toyota.prius,108.75047302246094,-11.450212478637695,237.1990509033203,0.0,-0.00018441509746480733,-0.89581298828125
1185,1712340525.822133,vehicle.toyota.prius,108.73399353027344,-11.116962432861328,237.1990509033203,0.0,-0.00018441509746480733,-0.8936767578125
1186,1712340525.924598,vehicle.toyota.prius,108.72574615478516,-10.805929183959961,237.1990509033203,0.0,-0.00018441509746480733,-0.891693115234375
1187,1712340526.0265353,vehicle.toyota.prius,108.7175064086914,-10.506004333496094,237.1990509033203,0.0,-0.00018441509746480733,-0.889801025390625
1188,1712340526.1285295,vehicle.toyota.prius,108.70926666259766,-10.30605411529541,237.1990509033203,0.0,-0.00018441509746480733,-0.888519287109375
1189,1712340526.230956,vehicle.toyota.prius,108.70101928710938,-10.017237663269043,237.1990509033203,0.0,-0.00018441509746480733,-0.886688232421875
1190,1712340526.3335254,vehicle.toyota.prius,108.69277954101562,-9.650663375854492,237.1990509033203,0.0,-0.00018441509746480733,-0.88433837890625
1191,1712340526.436006,vehicle.toyota.prius,108.68453979492188,-9.372954368591309,237.1990509033203,0.0,-0.00018441509746480733,-0.882568359375
1192,1712340526.5384028,vehicle.toyota.prius,108.67630004882812,-9.106354713439941,237.1990509033203,0.0,-0.00018441509746480733,-0.880889892578125
1193,1712340526.6408498,vehicle.toyota.prius,108.67630004882812,-9.106354713439941,237.1990509033203,0.0,-0.00018441509746480733,-0.880889892578125
1194,1712340526.7432644,vehicle.toyota.prius,108.6598129272461,-8.517613410949707,237.09906005859375,0.0,-0.00018441509746480733,-0.87713623046875
1195,1712340526.8451004,vehicle.toyota.prius,108.65157318115234,-8.262121200561523,237.09906005859375,0.0,-0.00018441509746480733,-0.87548828125
1196,1712340526.9473734,vehicle.toyota.prius,108.64332580566406,-7.928871154785156,237.09906005859375,0.0,-0.00018441509746480733,-0.873382568359375
1197,1712340527.049774,vehicle.toyota.prius,108.62684631347656,-7.428996562957764,237.0990753173828,0.0,-0.00018441509746480733,-0.87017822265625
1198,1712340527.1521986,vehicle.toyota.prius,108.62684631347656,-7.428996562957764,237.0990753173828,0.0,-0.00018441509746480733,-0.87017822265625
1199,1712340527.2541847,vehicle.toyota.prius,108.61859893798828,-7.1068549156188965,237.0990753173828,0.0,-0.00018441509746480733,-0.868133544921875
1200,1712340527.3562744,vehicle.toyota.prius,108.60212707519531,-6.507004737854004,237.0990753173828,0.0,-0.00018441509746480733,-0.86431884765625
1201,1712340527.4589493,vehicle.toyota.prius,108.60212707519531,-6.507004737854004,237.0990753173828,0.0,-0.00018441509746480733,-0.86431884765625
1202,1712340527.5608416,vehicle.toyota.prius,108.5938720703125,-6.229296684265137,237.0990753173828,0.0,-0.00018441509746480733,-0.862548828125
1203,1712340527.6628454,vehicle.toyota.prius,108.56914520263672,-5.662771701812744,237.0990753173828,0.0,-0.00018441509746480733,-0.858917236328125
1204,1712340527.7646425,vehicle.toyota.prius,108.56914520263672,-5.662771701812744,237.0990753173828,0.0,-0.00018441509746480733,-0.858917236328125
1205,1712340527.8668303,vehicle.toyota.prius,108.5609130859375,-5.385063171386719,237.0990753173828,0.0,-0.00018441509746480733,-0.857147216796875
1206,1712340527.9688714,vehicle.toyota.prius,108.54441833496094,-4.785213947296143,237.0990753173828,0.0,-0.00018441509746480733,-0.85333251953125
1207,1712340528.0713346,vehicle.toyota.prius,108.54441833496094,-4.785213947296143,237.0990753173828,0.0,-0.00018441509746480733,-0.85333251953125
1208,1712340528.173529,vehicle.toyota.prius,108.53617858886719,-4.551938533782959,237.0990753173828,0.0,-6.147169915493578e-05,-0.851837158203125
1209,1712340528.2759335,vehicle.toyota.prius,108.51969146728516,-3.9743053913116455,237.0990753173828,0.0,-6.147169915493578e-05,-0.84814453125
1210,1712340528.378078,vehicle.toyota.prius,108.5114517211914,-3.6299471855163574,237.0990753173828,0.0,-6.147169915493578e-05,-0.845947265625
1211,1712340528.4802122,vehicle.toyota.prius,108.5114517211914,-3.6299471855163574,237.0990753173828,0.0,-6.147169915493578e-05,-0.845947265625
1212,1712340528.5820742,vehicle.toyota.prius,108.49496459960938,-3.074530601501465,237.0990753173828,0.0,-6.147169915493578e-05,-0.8424072265625
1213,1712340528.6846285,vehicle.toyota.prius,108.48672485351562,-2.8190388679504395,237.0990753173828,0.0,-6.147169915493578e-05,-0.84075927734375
1214,1712340528.7865758,vehicle.toyota.prius,108.48672485351562,-2.8190388679504395,237.0990753173828,0.0,-6.147169915493578e-05,-0.84075927734375
1215,1712340528.8890886,vehicle.toyota.prius,108.47024536132812,-2.296947479248047,237.0990753173828,0.0,-6.147169915493578e-05,-0.837432861328125
1216,1712340528.991582,vehicle.toyota.prius,108.46199798583984,-2.0525641441345215,236.99905395507812,0.0,-6.147169915493578e-05,-0.83587646484375
1217,1712340529.0940511,vehicle.toyota.prius,108.46199798583984,-1.8526142835617065,236.99905395507812,0.0,-6.147169915493578e-05,-0.8345947265625
1218,1712340529.1963956,vehicle.toyota.prius,108.45376586914062,-1.6082308292388916,236.99905395507812,0.0,-6.147169915493578e-05,-0.833038330078125
1219,1712340529.2988298,vehicle.toyota.prius,108.44551849365234,-1.3638476133346558,236.99905395507812,0.0,-6.147169915493578e-05,-0.83148193359375
1220,1712340529.4011745,vehicle.toyota.prius,108.43727111816406,-1.1527893543243408,236.99905395507812,0.0,-6.147169915493578e-05,-0.830108642578125
1221,1712340529.5029159,vehicle.toyota.prius,108.42903900146484,-0.9972726106643677,236.99905395507812,0.0,-6.147169915493578e-05,-0.829132080078125
1222,1712340529.6054204,vehicle.toyota.prius,108.42903900146484,-0.7639977931976318,236.99905395507812,0.0,-6.147169915493578e-05,-0.82763671875
1223,1712340529.7075176,vehicle.toyota.prius,108.42079162597656,-0.6195894479751587,236.99905395507812,0.0,-6.147169915493578e-05,-0.82672119140625
1224,1712340529.80979,vehicle.toyota.prius,108.41254425048828,-0.3752061426639557,236.99905395507812,0.0,-6.147169915493578e-05,-0.825164794921875
1225,1712340529.9120824,vehicle.toyota.prius,108.41254425048828,-0.21968957781791687,236.99905395507812,0.0,-6.147169915493578e-05,-0.82415771484375
1226,1712340530.014108,vehicle.toyota.prius,108.40431213378906,-0.053064554929733276,236.99905395507812,0.0,-6.147169915493578e-05,-0.8231201171875
1227,1712340530.11647,vehicle.toyota.prius,108.40431213378906,0.11356033384799957,236.99905395507812,0.0,-6.147169915493578e-05,-0.822052001953125
1228,1712340530.2186513,vehicle.toyota.prius,108.39607238769531,0.280185341835022,236.99905395507812,0.0,-6.147169915493578e-05,-0.82098388671875
1229,1712340530.3213565,vehicle.toyota.prius,108.3878173828125,0.4579187035560608,236.99905395507812,0.0,-6.147169915493578e-05,-0.819854736328125
1230,1712340530.424205,vehicle.toyota.prius,108.38783264160156,0.6356518864631653,236.99905395507812,0.0,-6.147169915493578e-05,-0.8187255859375
1231,1712340530.5262556,vehicle.toyota.prius,108.37958526611328,0.8133852481842041,236.99905395507812,0.0,-6.147169915493578e-05,-0.817596435546875
1232,1712340530.6283998,vehicle.toyota.prius,108.37958526611328,0.9022517800331116,236.99905395507812,0.0,-6.147169915493578e-05,-0.8170166015625
1233,1712340530.7308917,vehicle.toyota.prius,108.37134552001953,1.1688518524169922,236.99905395507812,0.0,-6.147169915493578e-05,-0.8153076171875
1234,1712340530.8334534,vehicle.toyota.prius,108.37134552001953,1.1688518524169922,236.99905395507812,0.0,-6.147169915493578e-05,-0.8153076171875
1235,1712340530.9359124,vehicle.toyota.prius,108.36309051513672,1.2910435199737549,236.99905395507812,0.0,-6.147169915493578e-05,-0.814544677734375
1236,1712340531.0380049,vehicle.toyota.prius,108.36310577392578,1.4465601444244385,236.99905395507812,0.0,-6.147169915493578e-05,-0.813568115234375
1237,1712340531.1403732,vehicle.toyota.prius,108.3548583984375,1.5354267358779907,236.99905395507812,0.0,-6.147169915493578e-05,-0.81298828125
1238,1712340531.2423782,vehicle.toyota.prius,108.3548583984375,1.6131850481033325,236.99905395507812,0.0,-6.147169915493578e-05,-0.8125
1239,1712340531.3448148,vehicle.toyota.prius,108.3548583984375,1.7020516395568848,236.99905395507812,0.0,-6.147169915493578e-05,-0.811920166015625
1240,1712340531.447132,vehicle.toyota.prius,108.3548583984375,1.7020516395568848,236.99905395507812,0.0,-6.147169915493578e-05,-0.811920166015625
1241,1712340531.5501807,vehicle.toyota.prius,108.34661865234375,1.7909183502197266,236.99905395507812,0.0,-6.147169915493578e-05,-0.811370849609375
1242,1712340531.6527052,vehicle.toyota.prius,108.34661865234375,1.7909183502197266,236.99905395507812,0.0,-6.147169915493578e-05,-0.811370849609375
1243,1712340531.7547886,vehicle.toyota.prius,108.34661865234375,1.7909183502197266,236.99905395507812,0.0,-6.147169915493578e-05,-0.811370849609375
1244,1712340531.856857,vehicle.toyota.prius,108.34661865234375,1.7909183502197266,236.99905395507812,0.0,-6.147169915493578e-05,-0.811370849609375
1245,1712340531.9592514,vehicle.toyota.prius,108.34661865234375,1.7909183502197266,236.99905395507812,0.0,-6.147169915493578e-05,-0.811370849609375
1246,1712340532.061004,vehicle.toyota.prius,108.34661865234375,1.7909183502197266,236.99905395507812,0.0,-6.147169915493578e-05,-0.811370849609375
1247,1712340532.1633685,vehicle.toyota.prius,108.34661865234375,1.7909183502197266,236.99905395507812,0.0,-6.147169915493578e-05,-0.811370849609375
1248,1712340532.2656178,vehicle.toyota.prius,108.34661865234375,1.7909183502197266,236.99905395507812,0.0,-6.147169915493578e-05,-0.811370849609375
1249,1712340532.3677711,vehicle.toyota.prius,108.34661865234375,1.7909183502197266,236.99905395507812,0.0,-6.147169915493578e-05,-0.811370849609375
1250,1712340532.469939,vehicle.toyota.prius,108.34661865234375,1.7909183502197266,236.99905395507812,0.0,-6.147169915493578e-05,-0.811370849609375
1251,1712340532.572528,vehicle.toyota.prius,108.34661865234375,1.7909183502197266,236.99905395507812,0.0,-6.147169915493578e-05,-0.811370849609375
1252,1712340532.674811,vehicle.toyota.prius,108.34661865234375,1.7909183502197266,236.99905395507812,0.0,-6.147169915493578e-05,-0.811370849609375
1253,1712340532.7769976,vehicle.toyota.prius,108.34661865234375,1.7909183502197266,236.99905395507812,0.0,-6.147169915493578e-05,-0.811370849609375
1254,1712340532.878756,vehicle.toyota.prius,108.34661865234375,1.7909183502197266,236.99905395507812,0.0,-6.147169915493578e-05,-0.811370849609375
1255,1712340532.9811225,vehicle.toyota.prius,108.34661865234375,1.7909183502197266,236.99905395507812,0.0,-6.147169915493578e-05,-0.811370849609375
1256,1712340533.0837688,vehicle.toyota.prius,108.34661865234375,1.7909183502197266,236.99905395507812,0.0,-6.147169915493578e-05,-0.811370849609375
1257,1712340533.185801,vehicle.toyota.prius,108.34661865234375,1.7909183502197266,236.99905395507812,0.0,-6.147169915493578e-05,-0.811370849609375
1258,1712340533.288062,vehicle.toyota.prius,108.34661865234375,1.7909183502197266,236.99905395507812,0.0,-6.147169915493578e-05,-0.811370849609375
1259,1712340533.391278,vehicle.toyota.prius,108.34661865234375,1.7909183502197266,236.99905395507812,0.0,-6.147169915493578e-05,-0.811370849609375
1260,1712340533.4930835,vehicle.toyota.prius,108.34661865234375,1.7909183502197266,236.99905395507812,0.0,-6.147169915493578e-05,-0.811370849609375
1261,1712340533.595274,vehicle.toyota.prius,108.34661865234375,1.7909183502197266,236.99905395507812,0.0,-6.147169915493578e-05,-0.811370849609375
1262,1712340533.6971598,vehicle.toyota.prius,108.34661865234375,1.7909183502197266,236.99905395507812,0.0,-6.147169915493578e-05,-0.811370849609375
1263,1712340533.7989895,vehicle.toyota.prius,108.34661865234375,1.7909183502197266,236.99905395507812,0.0,-6.147169915493578e-05,-0.811370849609375
1264,1712340533.9012787,vehicle.toyota.prius,108.34661865234375,1.7909183502197266,236.99905395507812,0.0,-6.147169915493578e-05,-0.811370849609375
1265,1712340534.0033655,vehicle.toyota.prius,108.34661865234375,1.7909183502197266,236.99905395507812,0.0,-6.147169915493578e-05,-0.811370849609375
1266,1712340534.1054008,vehicle.toyota.prius,108.34661865234375,1.7909183502197266,236.99905395507812,0.0,-6.147169915493578e-05,-0.811370849609375
1267,1712340534.2075703,vehicle.toyota.prius,108.34661865234375,1.7909183502197266,236.99905395507812,0.0,-6.147169915493578e-05,-0.811370849609375
1268,1712340534.3097188,vehicle.toyota.prius,108.34661865234375,1.7909183502197266,236.99905395507812,0.0,-6.147169915493578e-05,-0.811370849609375
1269,1712340534.4121335,vehicle.toyota.prius,108.34661865234375,1.7909183502197266,236.99905395507812,0.0,-6.147169915493578e-05,-0.811370849609375
1270,1712340534.5144284,vehicle.toyota.prius,108.34661865234375,1.7909183502197266,236.99905395507812,0.0,-6.147169915493578e-05,-0.811370849609375
1271,1712340534.6176932,vehicle.toyota.prius,108.34661865234375,1.7909183502197266,236.99905395507812,0.0,-6.147169915493578e-05,-0.811370849609375
1272,1712340534.7196212,vehicle.toyota.prius,108.34661865234375,1.7909183502197266,236.99905395507812,0.0,-6.147169915493578e-05,-0.811370849609375
1273,1712340534.8219843,vehicle.toyota.prius,108.34661865234375,1.7909183502197266,236.99905395507812,0.0,-6.147169915493578e-05,-0.811370849609375
1274,1712340534.9244225,vehicle.toyota.prius,108.34661865234375,1.7909183502197266,236.99905395507812,0.0,-6.147169915493578e-05,-0.811370849609375
1275,1712340535.0268722,vehicle.toyota.prius,108.34661865234375,1.7909183502197266,236.99905395507812,0.0,-6.147169915493578e-05,-0.811370849609375
1276,1712340535.1290758,vehicle.toyota.prius,108.34661865234375,1.7909183502197266,236.99905395507812,0.0,-6.147169915493578e-05,-0.811370849609375
1277,1712340535.2308235,vehicle.toyota.prius,108.34661865234375,1.7909183502197266,236.99905395507812,0.0,-6.147169915493578e-05,-0.811370849609375
1278,1712340535.3329332,vehicle.toyota.prius,108.34661865234375,1.7909183502197266,236.99905395507812,0.0,-6.147169915493578e-05,-0.811370849609375
1279,1712340535.4350028,vehicle.toyota.prius,108.34661865234375,1.7909183502197266,236.99905395507812,0.0,-6.147169915493578e-05,-0.811370849609375
1280,1712340535.537375,vehicle.toyota.prius,108.34661865234375,1.7909183502197266,236.99905395507812,0.0,-6.147169915493578e-05,-0.811370849609375
1281,1712340535.6397367,vehicle.toyota.prius,108.34661865234375,1.7909183502197266,236.99905395507812,0.0,-6.147169915493578e-05,-0.811370849609375
1282,1712340535.7423944,vehicle.toyota.prius,108.34661865234375,1.7909183502197266,236.99905395507812,0.0,-6.147169915493578e-05,-0.811370849609375
1283,1712340535.8446126,vehicle.toyota.prius,108.34661865234375,1.7909183502197266,236.99905395507812,0.0,-6.147169915493578e-05,-0.811370849609375
1284,1712340535.947075,vehicle.toyota.prius,108.34661865234375,1.7909183502197266,236.99905395507812,0.0,-6.147169915493578e-05,-0.811370849609375
1285,1712340536.0489101,vehicle.toyota.prius,108.34661865234375,1.7909183502197266,236.99905395507812,0.0,-6.147169915493578e-05,-0.811370849609375
1286,1712340536.1509092,vehicle.toyota.prius,108.34661865234375,1.7909183502197266,236.99905395507812,0.0,-6.147169915493578e-05,-0.811370849609375
1287,1712340536.2527447,vehicle.toyota.prius,108.34661865234375,1.7909183502197266,236.99905395507812,0.0,-6.147169915493578e-05,-0.811370849609375
1288,1712340536.3546462,vehicle.toyota.prius,108.34661865234375,1.7909183502197266,236.99905395507812,0.0,-6.147169915493578e-05,-0.811370849609375
1289,1712340536.4569619,vehicle.toyota.prius,108.34661865234375,1.7909183502197266,236.99905395507812,0.0,-6.147169915493578e-05,-0.811370849609375
1290,1712340536.558894,vehicle.toyota.prius,108.34661865234375,1.7909183502197266,236.99905395507812,0.0,-6.147169915493578e-05,-0.811370849609375
1291,1712340536.6608531,vehicle.toyota.prius,108.34661865234375,1.7909183502197266,236.99905395507812,0.0,-6.147169915493578e-05,-0.811370849609375
1292,1712340536.7627926,vehicle.toyota.prius,108.34661865234375,1.7909183502197266,236.99905395507812,0.0,-6.147169915493578e-05,-0.811370849609375
1293,1712340536.8652246,vehicle.toyota.prius,108.34661865234375,1.7909183502197266,236.99905395507812,0.0,-6.147169915493578e-05,-0.811370849609375
1294,1712340536.966974,vehicle.toyota.prius,108.34661865234375,1.7909183502197266,236.99905395507812,0.0,-6.147169915493578e-05,-0.811370849609375
1295,1712340537.0696,vehicle.toyota.prius,108.34661865234375,1.7909183502197266,236.99905395507812,0.0,-6.147169915493578e-05,-0.811370849609375
1296,1712340537.1716506,vehicle.toyota.prius,108.34661865234375,1.7909183502197266,236.99905395507812,0.0,-6.147169915493578e-05,-0.811370849609375
1297,1712340537.2739384,vehicle.toyota.prius,108.34661865234375,1.7909183502197266,236.99905395507812,0.0,-6.147169915493578e-05,-0.811370849609375
1298,1712340537.3759265,vehicle.toyota.prius,108.34661865234375,1.7909183502197266,236.99905395507812,0.0,-6.147169915493578e-05,-0.811370849609375
1299,1712340537.4781137,vehicle.toyota.prius,108.34661865234375,1.7909183502197266,236.99905395507812,0.0,-6.147169915493578e-05,-0.811370849609375
1300,1712340537.5804095,vehicle.toyota.prius,108.34661865234375,1.7909183502197266,236.99905395507812,0.0,-6.147169915493578e-05,-0.811370849609375
1301,1712340537.6825771,vehicle.toyota.prius,108.34661865234375,1.7909183502197266,236.99905395507812,0.0,-6.147169915493578e-05,-0.811370849609375
1302,1712340537.7845716,vehicle.toyota.prius,108.34661865234375,1.7909183502197266,236.99905395507812,0.0,-6.147169915493578e-05,-0.811370849609375
1303,1712340537.8868487,vehicle.toyota.prius,108.34661865234375,1.7909183502197266,236.99905395507812,0.0,-6.147169915493578e-05,-0.811370849609375
1304,1712340537.9890053,vehicle.toyota.prius,108.34661865234375,1.7909183502197266,236.99905395507812,0.0,-6.147169915493578e-05,-0.811370849609375
1305,1712340538.091376,vehicle.toyota.prius,108.34661865234375,1.7909183502197266,236.99905395507812,0.0,-6.147169915493578e-05,-0.811370849609375
1306,1712340538.1944466,vehicle.toyota.prius,108.34661865234375,1.7909183502197266,236.99905395507812,0.0,-6.147169915493578e-05,-0.811370849609375
1307,1712340538.29648,vehicle.toyota.prius,108.34661865234375,1.7909183502197266,236.99905395507812,0.0,-6.147169915493578e-05,-0.811370849609375
1308,1712340538.399341,vehicle.toyota.prius,108.34661865234375,1.7909183502197266,236.99905395507812,0.0,-6.147169915493578e-05,-0.811370849609375
1309,1712340538.501492,vehicle.toyota.prius,108.34661865234375,1.7909183502197266,236.99905395507812,0.0,-6.147169915493578e-05,-0.811370849609375
1310,1712340538.6037803,vehicle.toyota.prius,108.34661865234375,1.7909183502197266,236.99905395507812,0.0,-6.147169915493578e-05,-0.811370849609375
1311,1712340538.7060905,vehicle.toyota.prius,108.34661865234375,1.7909183502197266,236.99905395507812,0.0,-6.147169915493578e-05,-0.811370849609375
1312,1712340538.809122,vehicle.toyota.prius,108.34661865234375,1.7909183502197266,236.99905395507812,0.0,-6.147169915493578e-05,-0.811370849609375
1313,1712340538.9120605,vehicle.toyota.prius,108.34661865234375,1.7909183502197266,236.99905395507812,0.0,-6.147169915493578e-05,-0.811370849609375
1314,1712340539.0153682,vehicle.toyota.prius,108.34661865234375,1.7909183502197266,236.99905395507812,0.0,-6.147169915493578e-05,-0.811370849609375
1315,1712340539.1191578,vehicle.toyota.prius,108.34661865234375,1.7909183502197266,236.99905395507812,0.0,-6.147169915493578e-05,-0.811370849609375
1316,1712340539.2224803,vehicle.toyota.prius,108.34661865234375,1.7909183502197266,236.99905395507812,0.0,-6.147169915493578e-05,-0.811370849609375
1317,1712340539.3246796,vehicle.toyota.prius,108.34661865234375,1.7909183502197266,236.99905395507812,0.0,-6.147169915493578e-05,-0.811370849609375
1318,1712340539.4270344,vehicle.toyota.prius,108.34661865234375,1.7909183502197266,236.99905395507812,0.0,-6.147169915493578e-05,-0.811370849609375
1319,1712340539.528933,vehicle.toyota.prius,108.34661865234375,1.7909183502197266,236.99905395507812,0.0,-6.147169915493578e-05,-0.811370849609375
1320,1712340539.6312122,vehicle.toyota.prius,108.34661865234375,1.7909183502197266,236.99905395507812,0.0,-6.147169915493578e-05,-0.811370849609375
1321,1712340539.733983,vehicle.toyota.prius,108.34661865234375,1.7909183502197266,236.99905395507812,0.0,-6.147169915493578e-05,-0.811370849609375
1322,1712340539.8367295,vehicle.toyota.prius,108.34661865234375,1.7909183502197266,236.99905395507812,0.0,-6.147169915493578e-05,-0.811370849609375
1323,1712340539.9394739,vehicle.toyota.prius,108.34661865234375,1.7909183502197266,236.99905395507812,0.0,-6.147169915493578e-05,-0.811370849609375
1324,1712340540.0418992,vehicle.toyota.prius,108.34661865234375,1.7909183502197266,236.99905395507812,0.0,-6.147169915493578e-05,-0.811370849609375
1325,1712340540.144166,vehicle.toyota.prius,108.34661865234375,1.7909183502197266,236.99905395507812,0.0,-6.147169915493578e-05,-0.811370849609375
1326,1712340540.2461507,vehicle.toyota.prius,108.34661865234375,1.7909183502197266,236.99905395507812,0.0,-6.147169915493578e-05,-0.811370849609375
1327,1712340540.3485641,vehicle.toyota.prius,108.34661865234375,1.7909183502197266,236.99905395507812,0.0,-6.147169915493578e-05,-0.811370849609375
1328,1712340540.4510098,vehicle.toyota.prius,108.34661865234375,1.7909183502197266,236.99905395507812,0.0,-6.147169915493578e-05,-0.811370849609375
1329,1712340540.5534241,vehicle.toyota.prius,108.34661865234375,1.7909183502197266,236.99905395507812,0.0,-6.147169915493578e-05,-0.811370849609375
1330,1712340540.655852,vehicle.toyota.prius,108.34661865234375,1.7909183502197266,236.99905395507812,0.0,-6.147169915493578e-05,-0.811370849609375
1331,1712340540.7581596,vehicle.toyota.prius,108.34661865234375,1.7909183502197266,236.99905395507812,0.0,-6.147169915493578e-05,-0.811370849609375
1332,1712340540.8601315,vehicle.toyota.prius,108.34661865234375,1.7909183502197266,236.99905395507812,0.0,-6.147169915493578e-05,-0.811370849609375
1333,1712340540.9623466,vehicle.toyota.prius,108.34661865234375,1.7909183502197266,236.99905395507812,0.0,-6.147169915493578e-05,-0.811370849609375
1334,1712340541.0652466,vehicle.toyota.prius,108.34661865234375,1.7909183502197266,236.99905395507812,0.0,-6.147169915493578e-05,-0.811370849609375
1335,1712340541.1677325,vehicle.toyota.prius,108.34661865234375,1.7909183502197266,236.99905395507812,0.0,-6.147169915493578e-05,-0.811370849609375
1336,1712340541.270117,vehicle.toyota.prius,108.34661865234375,1.7909183502197266,236.99905395507812,0.0,-6.147169915493578e-05,-0.811370849609375
1337,1712340541.371904,vehicle.toyota.prius,108.34661865234375,1.7909183502197266,236.99905395507812,0.0,-6.147169915493578e-05,-0.811370849609375
1338,1712340541.4742067,vehicle.toyota.prius,108.34661865234375,1.7909183502197266,236.99905395507812,0.0,-6.147169915493578e-05,-0.811370849609375
1339,1712340541.576628,vehicle.toyota.prius,108.34661865234375,1.7909183502197266,236.99905395507812,0.0,-6.147169915493578e-05,-0.811370849609375
1340,1712340541.678441,vehicle.toyota.prius,108.34661865234375,1.7909183502197266,236.99905395507812,0.0,-6.147169915493578e-05,-0.811370849609375
1341,1712340541.7807243,vehicle.toyota.prius,108.34661865234375,1.7909183502197266,236.99905395507812,0.0,-6.147169915493578e-05,-0.811370849609375
1342,1712340541.8831077,vehicle.toyota.prius,108.34661865234375,1.7909183502197266,236.99905395507812,0.0,-6.147169915493578e-05,-0.811370849609375
1343,1712340541.9854078,vehicle.toyota.prius,108.34661865234375,1.7909183502197266,236.99905395507812,0.0,-6.147169915493578e-05,-0.811370849609375
1344,1712340542.087786,vehicle.toyota.prius,108.34661865234375,1.7909183502197266,236.99905395507812,0.0,-6.147169915493578e-05,-0.811370849609375
1345,1712340542.1895244,vehicle.toyota.prius,108.34661865234375,1.7909183502197266,236.99905395507812,0.0,-6.147169915493578e-05,-0.811370849609375
1346,1712340542.2916036,vehicle.toyota.prius,108.34661865234375,1.7909183502197266,236.99905395507812,0.0,-6.147169915493578e-05,-0.811370849609375
1347,1712340542.3933852,vehicle.toyota.prius,108.34661865234375,1.7909183502197266,236.99905395507812,0.0,-6.147169915493578e-05,-0.811370849609375
1348,1712340542.4955618,vehicle.toyota.prius,108.34661865234375,1.7909183502197266,236.99905395507812,0.0,-6.147169915493578e-05,-0.811370849609375
1349,1712340542.5973213,vehicle.toyota.prius,108.34661865234375,1.7909183502197266,236.99905395507812,0.0,-6.147169915493578e-05,-0.811370849609375
1350,1712340542.699279,vehicle.toyota.prius,108.34661865234375,1.7909183502197266,236.99905395507812,0.0,-6.147169915493578e-05,-0.811370849609375
1351,1712340542.8014889,vehicle.toyota.prius,108.34661865234375,1.7909183502197266,236.99905395507812,0.0,-6.147169915493578e-05,-0.811370849609375
1352,1712340542.9033608,vehicle.toyota.prius,108.34661865234375,1.7909183502197266,236.99905395507812,0.0,-6.147169915493578e-05,-0.811370849609375
1353,1712340543.0054736,vehicle.toyota.prius,108.34661865234375,1.7909183502197266,236.99905395507812,0.0,-6.147169915493578e-05,-0.811370849609375
1354,1712340543.1078594,vehicle.toyota.prius,108.34661865234375,1.7909183502197266,236.99905395507812,0.0,-6.147169915493578e-05,-0.811370849609375
1355,1712340543.2102985,vehicle.toyota.prius,108.34661865234375,1.7909183502197266,236.99905395507812,0.0,-6.147169915493578e-05,-0.811370849609375
1356,1712340543.3136675,vehicle.toyota.prius,108.34661865234375,1.7909183502197266,236.99905395507812,0.0,-6.147169915493578e-05,-0.811370849609375
1357,1712340543.415781,vehicle.toyota.prius,108.34661865234375,1.7909183502197266,236.99905395507812,0.0,-6.147169915493578e-05,-0.811370849609375
1358,1712340543.5178897,vehicle.toyota.prius,108.34661865234375,1.7909183502197266,236.99905395507812,0.0,-6.147169915493578e-05,-0.811370849609375
1359,1712340543.6200132,vehicle.toyota.prius,108.34661865234375,1.7909183502197266,236.99905395507812,0.0,-6.147169915493578e-05,-0.811370849609375
1360,1712340543.7221086,vehicle.toyota.prius,108.34661865234375,1.7909183502197266,236.99905395507812,0.0,-6.147169915493578e-05,-0.811370849609375
1361,1712340543.8240492,vehicle.toyota.prius,108.34661865234375,1.7909183502197266,236.99905395507812,0.0,-6.147169915493578e-05,-0.811370849609375
1362,1712340543.925823,vehicle.toyota.prius,108.34661865234375,1.7909183502197266,236.99905395507812,0.0,-6.147169915493578e-05,-0.811370849609375
1363,1712340544.0281096,vehicle.toyota.prius,108.34661865234375,1.7909183502197266,236.99905395507812,0.0,-6.147169915493578e-05,-0.811370849609375
1364,1712340544.130374,vehicle.toyota.prius,108.34661865234375,1.7909183502197266,236.99905395507812,0.0,-6.147169915493578e-05,-0.811370849609375
1365,1712340544.2325864,vehicle.toyota.prius,108.34661865234375,1.7909183502197266,236.99905395507812,0.0,-6.147169915493578e-05,-0.811370849609375
1366,1712340544.334885,vehicle.toyota.prius,108.34661865234375,1.7909183502197266,236.99905395507812,0.0,-6.147169915493578e-05,-0.811370849609375
1367,1712340544.4371076,vehicle.toyota.prius,108.34661865234375,1.7909183502197266,236.99905395507812,0.0,-6.147169915493578e-05,-0.811370849609375
1368,1712340544.5390894,vehicle.toyota.prius,108.34661865234375,1.7909183502197266,236.99905395507812,0.0,-6.147169915493578e-05,-0.811370849609375
1369,1712340544.6415136,vehicle.toyota.prius,108.34661865234375,1.7909183502197266,236.99905395507812,0.0,-6.147169915493578e-05,-0.811370849609375
1370,1712340544.7437139,vehicle.toyota.prius,108.34661865234375,1.7909183502197266,236.99905395507812,0.0,-6.147169915493578e-05,-0.811370849609375
1371,1712340544.8458278,vehicle.toyota.prius,108.34661865234375,1.7909183502197266,236.99905395507812,0.0,-6.147169915493578e-05,-0.811370849609375
1372,1712340544.9476216,vehicle.toyota.prius,108.34661865234375,1.7909183502197266,236.99905395507812,0.0,-6.147169915493578e-05,-0.811370849609375
1373,1712340545.0496426,vehicle.toyota.prius,108.34661865234375,1.7909183502197266,236.99905395507812,0.0,-6.147169915493578e-05,-0.811370849609375
1374,1712340545.1515553,vehicle.toyota.prius,108.34661865234375,1.7909183502197266,236.99905395507812,0.0,-6.147169915493578e-05,-0.811370849609375
1375,1712340545.2540796,vehicle.toyota.prius,108.34661865234375,1.7909183502197266,236.99905395507812,0.0,-6.147169915493578e-05,-0.811370849609375
1376,1712340545.3561788,vehicle.toyota.prius,108.34661865234375,1.7909183502197266,236.99905395507812,0.0,-6.147169915493578e-05,-0.811370849609375
1377,1712340545.458083,vehicle.toyota.prius,108.34661865234375,1.7909183502197266,236.99905395507812,0.0,-6.147169915493578e-05,-0.811370849609375
1378,1712340545.560095,vehicle.toyota.prius,108.34661865234375,1.7909183502197266,236.99905395507812,0.0,-6.147169915493578e-05,-0.811370849609375
1379,1712340545.6621652,vehicle.toyota.prius,108.34661865234375,1.7909183502197266,236.99905395507812,0.0,-6.147169915493578e-05,-0.811370849609375
1380,1712340545.7640693,vehicle.toyota.prius,108.34661865234375,1.7909183502197266,236.99905395507812,0.0,-6.147169915493578e-05,-0.811370849609375
1381,1712340545.8665118,vehicle.toyota.prius,108.34661865234375,1.7909183502197266,236.99905395507812,0.0,-6.147169915493578e-05,-0.811370849609375
1382,1712340545.9688506,vehicle.toyota.prius,108.34661865234375,1.7909183502197266,236.99905395507812,0.0,-6.147169915493578e-05,-0.811370849609375
1383,1712340546.071202,vehicle.toyota.prius,108.34661865234375,1.7909183502197266,236.99905395507812,0.0,-6.147169915493578e-05,-0.811370849609375
1384,1712340546.1730785,vehicle.toyota.prius,108.34661865234375,1.7909183502197266,236.99905395507812,0.0,-6.147169915493578e-05,-0.811370849609375
1385,1712340546.2748563,vehicle.toyota.prius,108.34661865234375,1.7909183502197266,236.99905395507812,0.0,-6.147169915493578e-05,-0.811370849609375
1386,1712340546.3767076,vehicle.toyota.prius,108.34661865234375,1.7909183502197266,236.99905395507812,0.0,-6.147169915493578e-05,-0.811370849609375
1387,1712340546.5466607,vehicle.toyota.prius,108.34661865234375,1.7909183502197266,236.99905395507812,0.0,-6.147169915493578e-05,-0.811370849609375
1388,1712340546.649083,vehicle.toyota.prius,108.34661865234375,1.7909183502197266,236.99905395507812,0.0,-6.147169915493578e-05,-0.811370849609375
1389,1712340546.7513645,vehicle.toyota.prius,108.34661865234375,1.7909183502197266,236.99905395507812,0.0,-6.147169915493578e-05,-0.811370849609375
1390,1712340546.8540657,vehicle.toyota.prius,108.34661865234375,1.7909183502197266,236.99905395507812,0.0,-6.147169915493578e-05,-0.811370849609375
1391,1712340546.9561305,vehicle.toyota.prius,108.34661865234375,1.7909183502197266,236.99905395507812,0.0,-6.147169915493578e-05,-0.811370849609375
1392,1712340547.058271,vehicle.toyota.prius,108.34661865234375,1.7909183502197266,236.99905395507812,0.0,-6.147169915493578e-05,-0.811370849609375
1393,1712340547.1904943,vehicle.toyota.prius,108.34661865234375,1.7909183502197266,236.99905395507812,0.0,-6.147169915493578e-05,-0.811370849609375
1394,1712340547.292659,vehicle.toyota.prius,108.34661865234375,1.7909183502197266,236.99905395507812,0.0,-6.147169915493578e-05,-0.811370849609375
1395,1712340547.3945014,vehicle.toyota.prius,108.34661865234375,1.7909183502197266,236.99905395507812,0.0,-6.147169915493578e-05,-0.811370849609375
1396,1712340547.4967263,vehicle.toyota.prius,108.34661865234375,1.7909183502197266,236.99905395507812,0.0,-6.147169915493578e-05,-0.811370849609375
1397,1712340547.5993657,vehicle.toyota.prius,108.34661865234375,1.7909183502197266,236.99905395507812,0.0,-6.147169915493578e-05,-0.811370849609375
1398,1712340547.7018127,vehicle.toyota.prius,108.34661865234375,1.7909183502197266,236.99905395507812,0.0,-6.147169915493578e-05,-0.811370849609375
1399,1712340547.8042262,vehicle.toyota.prius,108.34661865234375,1.7909183502197266,236.99905395507812,0.0,-6.147169915493578e-05,-0.811370849609375
1400,1712340547.90597,vehicle.toyota.prius,108.34661865234375,1.7909183502197266,236.99905395507812,0.0,-6.147169915493578e-05,-0.811370849609375
1401,1712340548.0077755,vehicle.toyota.prius,108.34661865234375,1.7909183502197266,236.99905395507812,0.0,-6.147169915493578e-05,-0.811370849609375
1402,1712340548.1100495,vehicle.toyota.prius,108.34661865234375,1.7909183502197266,236.99905395507812,0.0,-6.147169915493578e-05,-0.811370849609375
1403,1712340548.212461,vehicle.toyota.prius,108.34661865234375,1.7909183502197266,236.99905395507812,0.0,-6.147169915493578e-05,-0.811370849609375
1404,1712340548.3145514,vehicle.toyota.prius,108.34661865234375,1.7909183502197266,236.99905395507812,0.0,-6.147169915493578e-05,-0.811370849609375
1405,1712340548.4169865,vehicle.toyota.prius,108.34661865234375,1.7909183502197266,236.99905395507812,0.0,-6.147169915493578e-05,-0.811370849609375
1406,1712340548.5195494,vehicle.toyota.prius,108.34661865234375,1.7909183502197266,236.99905395507812,0.0,-6.147169915493578e-05,-0.811370849609375
1407,1712340548.6214428,vehicle.toyota.prius,108.34661865234375,1.7909183502197266,236.99905395507812,0.0,-6.147169915493578e-05,-0.811370849609375
1408,1712340548.7238548,vehicle.toyota.prius,108.34661865234375,1.7909183502197266,236.99905395507812,0.0,-6.147169915493578e-05,-0.811370849609375
1409,1712340548.8258846,vehicle.toyota.prius,108.34661865234375,1.7909183502197266,236.99905395507812,0.0,-6.147169915493578e-05,-0.811370849609375
1410,1712340548.9286938,vehicle.toyota.prius,108.34661865234375,1.7909183502197266,236.99905395507812,0.0,-6.147169915493578e-05,-0.811370849609375
1411,1712340549.0305321,vehicle.toyota.prius,108.34661865234375,1.7909183502197266,236.99905395507812,0.0,-6.147169915493578e-05,-0.811370849609375
1412,1712340549.1339054,vehicle.toyota.prius,108.34661865234375,1.7909183502197266,236.99905395507812,0.0,-6.147169915493578e-05,-0.811370849609375
1413,1712340549.2357218,vehicle.toyota.prius,108.34661865234375,1.7909183502197266,236.99905395507812,0.0,-6.147169915493578e-05,-0.811370849609375
1414,1712340549.3380728,vehicle.toyota.prius,108.34661865234375,1.7909183502197266,236.99905395507812,0.0,-6.147169915493578e-05,-0.811370849609375
1415,1712340549.4406512,vehicle.toyota.prius,108.34661865234375,1.7909183502197266,236.99905395507812,0.0,-6.147169915493578e-05,-0.811370849609375
1416,1712340549.54271,vehicle.toyota.prius,108.34661865234375,1.7909183502197266,236.99905395507812,0.0,-6.147169915493578e-05,-0.811370849609375
1417,1712340549.644628,vehicle.toyota.prius,108.34661865234375,1.7909183502197266,236.99905395507812,0.0,-6.147169915493578e-05,-0.811370849609375
1418,1712340549.7469373,vehicle.toyota.prius,108.34661865234375,1.7909183502197266,236.99905395507812,0.0,-6.147169915493578e-05,-0.811370849609375
1419,1712340549.849113,vehicle.toyota.prius,108.34661865234375,1.7909183502197266,236.99905395507812,0.0,-6.147169915493578e-05,-0.811370849609375
1420,1712340549.9511163,vehicle.toyota.prius,108.34661865234375,1.7909183502197266,236.99905395507812,0.0,-6.147169915493578e-05,-0.811370849609375
1421,1712340550.0534918,vehicle.toyota.prius,108.34661865234375,1.7909183502197266,236.99905395507812,0.0,-6.147169915493578e-05,-0.811370849609375
1422,1712340550.1559024,vehicle.toyota.prius,108.34661865234375,1.7909183502197266,236.99905395507812,0.0,-6.147169915493578e-05,-0.811370849609375
1423,1712340550.2582603,vehicle.toyota.prius,108.34661865234375,1.7909183502197266,236.99905395507812,0.0,-6.147169915493578e-05,-0.811370849609375
1424,1712340550.360377,vehicle.toyota.prius,108.34661865234375,1.7909183502197266,236.99905395507812,0.0,-6.147169915493578e-05,-0.811370849609375
1425,1712340550.462448,vehicle.toyota.prius,108.34661865234375,1.7909183502197266,236.99905395507812,0.0,-6.147169915493578e-05,-0.811370849609375
1426,1712340550.5643148,vehicle.toyota.prius,108.34661865234375,1.7909183502197266,236.99905395507812,0.0,-6.147169915493578e-05,-0.811370849609375
1427,1712340550.6664839,vehicle.toyota.prius,108.34661865234375,1.7909183502197266,236.99905395507812,0.0,-6.147169915493578e-05,-0.811370849609375
1428,1712340550.7682948,vehicle.toyota.prius,108.34661865234375,1.7909183502197266,236.99905395507812,0.0,-6.147169915493578e-05,-0.811370849609375
1429,1712340550.8700912,vehicle.toyota.prius,108.34661865234375,1.7909183502197266,236.99905395507812,0.0,-6.147169915493578e-05,-0.811370849609375
1430,1712340550.9722285,vehicle.toyota.prius,108.34661865234375,1.7909183502197266,236.99905395507812,0.0,-6.147169915493578e-05,-0.811370849609375
1431,1712340551.0742953,vehicle.toyota.prius,108.34661865234375,1.7909183502197266,236.99905395507812,0.0,-6.147169915493578e-05,-0.811370849609375
1432,1712340551.1766775,vehicle.toyota.prius,108.34661865234375,1.7909183502197266,236.99905395507812,0.0,-6.147169915493578e-05,-0.811370849609375
1433,1712340551.278768,vehicle.toyota.prius,108.34661865234375,1.7909183502197266,236.99905395507812,0.0,-6.147169915493578e-05,-0.811370849609375
1434,1712340551.3814192,vehicle.toyota.prius,108.34661865234375,1.7909183502197266,236.99905395507812,0.0,-6.147169915493578e-05,-0.811370849609375
1435,1712340551.4836495,vehicle.toyota.prius,108.34661865234375,1.7909183502197266,236.99905395507812,0.0,-6.147169915493578e-05,-0.811370849609375
1436,1712340551.58548,vehicle.toyota.prius,108.34661865234375,1.7909183502197266,236.99905395507812,0.0,-6.147169915493578e-05,-0.811370849609375
1437,1712340551.6879518,vehicle.toyota.prius,108.34661865234375,1.7909183502197266,236.99905395507812,0.0,-6.147169915493578e-05,-0.811370849609375
1438,1712340551.7902935,vehicle.toyota.prius,108.34661865234375,1.7909183502197266,236.99905395507812,0.0,-6.147169915493578e-05,-0.811370849609375
1439,1712340551.8924928,vehicle.toyota.prius,108.34661865234375,1.7909183502197266,236.99905395507812,0.0,-6.147169915493578e-05,-0.811370849609375
1440,1712340551.994378,vehicle.toyota.prius,108.34661865234375,1.7909183502197266,236.99905395507812,0.0,-6.147169915493578e-05,-0.811370849609375
1441,1712340552.0963376,vehicle.toyota.prius,108.34661865234375,1.7909183502197266,236.99905395507812,0.0,-6.147169915493578e-05,-0.811370849609375
1442,1712340552.1992598,vehicle.toyota.prius,108.34661865234375,1.7909183502197266,236.99905395507812,0.0,-6.147169915493578e-05,-0.811370849609375
1443,1712340552.3012202,vehicle.toyota.prius,108.34661865234375,1.7909183502197266,236.99905395507812,0.0,-6.147169915493578e-05,-0.811370849609375
1444,1712340552.403709,vehicle.toyota.prius,108.34661865234375,1.7909183502197266,236.99905395507812,0.0,-6.147169915493578e-05,-0.811370849609375
1445,1712340552.5058887,vehicle.toyota.prius,108.34661865234375,1.7909183502197266,236.99905395507812,0.0,-6.147169915493578e-05,-0.811370849609375
1446,1712340552.6076863,vehicle.toyota.prius,108.34661865234375,1.7909183502197266,236.99905395507812,0.0,-6.147169915493578e-05,-0.811370849609375
1447,1712340552.7100017,vehicle.toyota.prius,108.34661865234375,1.7909183502197266,236.99905395507812,0.0,-6.147169915493578e-05,-0.811370849609375
1448,1712340552.812341,vehicle.toyota.prius,108.34661865234375,1.7909183502197266,236.99905395507812,0.0,-6.147169915493578e-05,-0.811370849609375
1449,1712340552.9143648,vehicle.toyota.prius,108.34661865234375,1.7909183502197266,236.99905395507812,0.0,-6.147169915493578e-05,-0.811370849609375
1450,1712340553.0167716,vehicle.toyota.prius,108.34661865234375,1.7909183502197266,236.99905395507812,0.0,-6.147169915493578e-05,-0.811370849609375
1451,1712340553.1185215,vehicle.toyota.prius,108.34661865234375,1.7909183502197266,236.99905395507812,0.0,-6.147169915493578e-05,-0.811370849609375
1452,1712340553.2207177,vehicle.toyota.prius,108.34661865234375,1.7909183502197266,236.99905395507812,0.0,-6.147169915493578e-05,-0.811370849609375
1453,1712340553.3232043,vehicle.toyota.prius,108.34661865234375,1.7909183502197266,236.99905395507812,0.0,-6.147169915493578e-05,-0.811370849609375
1454,1712340553.4250908,vehicle.toyota.prius,108.34661865234375,1.7909183502197266,236.99905395507812,0.0,-6.147169915493578e-05,-0.811370849609375
1455,1712340553.5280263,vehicle.toyota.prius,108.34661865234375,1.7909183502197266,236.99905395507812,0.0,-6.147169915493578e-05,-0.811370849609375
1456,1712340553.630072,vehicle.toyota.prius,108.34661865234375,1.7909183502197266,236.99905395507812,0.0,-6.147169915493578e-05,-0.811370849609375
1457,1712340553.7320158,vehicle.toyota.prius,108.34661865234375,1.7909183502197266,236.99905395507812,0.0,-6.147169915493578e-05,-0.811370849609375
1458,1712340553.8341146,vehicle.toyota.prius,108.34661865234375,1.7909183502197266,236.99905395507812,0.0,-6.147169915493578e-05,-0.811370849609375
1459,1712340553.9362578,vehicle.toyota.prius,108.34661865234375,1.7909183502197266,236.99905395507812,0.0,-6.147169915493578e-05,-0.811370849609375
1460,1712340554.0385854,vehicle.toyota.prius,108.34661865234375,1.7909183502197266,236.99905395507812,0.0,-6.147169915493578e-05,-0.811370849609375
1461,1712340554.1405985,vehicle.toyota.prius,108.34661865234375,1.7909183502197266,236.99905395507812,0.0,-6.147169915493578e-05,-0.811370849609375
1462,1712340554.242881,vehicle.toyota.prius,108.34661865234375,1.7909183502197266,236.99905395507812,0.0,-6.147169915493578e-05,-0.811370849609375
1463,1712340554.3451972,vehicle.toyota.prius,108.34661865234375,1.7909183502197266,236.99905395507812,0.0,-6.147169915493578e-05,-0.811370849609375
1464,1712340554.4471562,vehicle.toyota.prius,108.34661865234375,1.7909183502197266,236.99905395507812,0.0,-6.147169915493578e-05,-0.811370849609375
1465,1712340554.5491688,vehicle.toyota.prius,108.34661865234375,1.7909183502197266,236.99905395507812,0.0,-6.147169915493578e-05,-0.811370849609375
1466,1712340554.6512496,vehicle.toyota.prius,108.34661865234375,1.7909183502197266,236.99905395507812,0.0,-6.147169915493578e-05,-0.811370849609375
1467,1712340554.753818,vehicle.toyota.prius,108.34661865234375,1.7909183502197266,236.99905395507812,0.0,-6.147169915493578e-05,-0.811370849609375
1468,1712340554.8559842,vehicle.toyota.prius,108.34661865234375,1.7909183502197266,236.99905395507812,0.0,-6.147169915493578e-05,-0.811370849609375
1469,1712340554.9584587,vehicle.toyota.prius,108.34661865234375,1.7909183502197266,236.99905395507812,0.0,-6.147169915493578e-05,-0.811370849609375
1470,1712340555.060452,vehicle.toyota.prius,108.34661865234375,1.7909183502197266,236.99905395507812,0.0,-6.147169915493578e-05,-0.811370849609375
1471,1712340555.1628785,vehicle.toyota.prius,108.34661865234375,1.7909183502197266,236.99905395507812,0.0,-6.147169915493578e-05,-0.811370849609375
1472,1712340555.2657692,vehicle.toyota.prius,108.34661865234375,1.7909183502197266,236.99905395507812,0.0,-6.147169915493578e-05,-0.811370849609375
1473,1712340555.367712,vehicle.toyota.prius,108.34661865234375,1.7909183502197266,236.99905395507812,0.0,-6.147169915493578e-05,-0.811370849609375
1474,1712340555.4697034,vehicle.toyota.prius,108.34661865234375,1.9353266954421997,236.99905395507812,0.0,-6.147169915493578e-05,-0.810455322265625
1475,1712340555.5718265,vehicle.toyota.prius,108.34661865234375,1.9353266954421997,236.99905395507812,0.0,-6.147169915493578e-05,-0.810455322265625
1476,1712340555.6742663,vehicle.toyota.prius,108.33836364746094,2.1019515991210938,236.99905395507812,0.0,-6.147169915493578e-05,-0.80938720703125
1477,1712340555.7762449,vehicle.toyota.prius,108.33836364746094,2.1019515991210938,236.99905395507812,0.0,-6.147169915493578e-05,-0.80938720703125
1478,1712340555.8785377,vehicle.toyota.prius,108.33012390136719,2.3352267742156982,236.99905395507812,0.0,-6.147169915493578e-05,-0.807891845703125
1479,1712340555.9807222,vehicle.toyota.prius,108.33012390136719,2.4907431602478027,236.99905395507812,0.0,-6.147169915493578e-05,-0.806915283203125
1480,1712340556.0828629,vehicle.toyota.prius,108.33012390136719,2.5685014724731445,236.99905395507812,0.0,-6.147169915493578e-05,-0.806427001953125
1481,1712340556.1850057,vehicle.toyota.prius,108.33012390136719,2.5685014724731445,236.99905395507812,0.0,-6.147169915493578e-05,-0.806427001953125
1482,1712340556.2871115,vehicle.toyota.prius,108.32189178466797,2.8795344829559326,236.99905395507812,0.0,-6.147169915493578e-05,-0.804443359375
1483,1712340556.3893108,vehicle.toyota.prius,108.31365203857422,3.0350515842437744,236.99905395507812,0.0,-6.147169915493578e-05,-0.803436279296875
1484,1712340556.491762,vehicle.toyota.prius,108.31365203857422,3.0350515842437744,236.99905395507812,0.0,-6.147169915493578e-05,-0.803436279296875
1485,1712340556.5937996,vehicle.toyota.prius,108.3053970336914,3.3460848331451416,236.99905395507812,0.0,-6.147169915493578e-05,-0.80145263671875
1486,1712340556.6959376,vehicle.toyota.prius,108.3053970336914,3.3460848331451416,236.99905395507812,0.0,-6.147169915493578e-05,-0.80145263671875
1487,1712340556.798284,vehicle.toyota.prius,108.29716491699219,3.590467691421509,236.99905395507812,0.0,-6.147169915493578e-05,-0.7999267578125
1488,1712340556.900393,vehicle.toyota.prius,108.28892517089844,3.990367889404297,236.99905395507812,0.0,-6.147169915493578e-05,-0.79736328125
1489,1712340557.0038478,vehicle.toyota.prius,108.28067779541016,4.1681013107299805,236.99905395507812,0.0,-6.147169915493578e-05,-0.796234130859375
1490,1712340557.1059315,vehicle.toyota.prius,108.2724380493164,4.456917762756348,236.99905395507812,0.0,-6.147169915493578e-05,-0.794403076171875
1491,1712340557.2082784,vehicle.toyota.prius,108.26419830322266,4.645759582519531,236.99905395507812,0.0,-6.147169915493578e-05,-0.793212890625
1492,1712340557.3107462,vehicle.toyota.prius,108.25595092773438,4.945684432983398,236.99905395507812,0.0,-6.147169915493578e-05,-0.791290283203125
1493,1712340557.4126875,vehicle.toyota.prius,108.25595092773438,4.945684432983398,236.99905395507812,0.0,-6.147169915493578e-05,-0.791290283203125
1494,1712340557.514879,vehicle.toyota.prius,108.23947143554688,5.478884220123291,236.89907836914062,0.0,-6.147169915493578e-05,-0.787933349609375
1495,1712340557.617068,vehicle.toyota.prius,108.23121643066406,5.689942359924316,236.89907836914062,0.0,-6.147169915493578e-05,-0.786590576171875
1496,1712340557.7194777,vehicle.toyota.prius,108.22298431396484,6.023191928863525,236.89907836914062,0.0,-6.147169915493578e-05,-0.784454345703125
1497,1712340557.8213387,vehicle.toyota.prius,108.2147445678711,6.256467342376709,236.89907836914062,0.0,-6.147169915493578e-05,-0.782989501953125
1498,1712340557.9235768,vehicle.toyota.prius,108.20650482177734,6.600825786590576,236.89907836914062,0.0,3.415094397496432e-05,-0.780792236328125
1499,1712340558.0260117,vehicle.toyota.prius,108.19825744628906,6.867425441741943,236.89907836914062,0.0,3.415094397496432e-05,-0.77911376953125
1500,1712340558.1282454,vehicle.toyota.prius,108.19001770019531,7.256217002868652,236.89907836914062,0.0,3.415094397496432e-05,-0.776641845703125
1501,1712340558.2303212,vehicle.toyota.prius,108.18177795410156,7.467275142669678,236.89907836914062,0.0,3.415094397496432e-05,-0.775299072265625
1502,1712340558.3412418,vehicle.toyota.prius,108.17353057861328,7.789416313171387,236.89907836914062,0.0,3.415094397496432e-05,-0.773284912109375
1503,1712340558.4431744,vehicle.toyota.prius,108.16529083251953,8.178208351135254,236.89907836914062,0.0,3.415094397496432e-05,-0.77081298828125
1504,1712340558.5455763,vehicle.toyota.prius,108.15705108642578,8.467024803161621,236.89907836914062,0.0,3.415094397496432e-05,-0.76898193359375
1505,1712340558.6473055,vehicle.toyota.prius,108.1488037109375,8.778058052062988,236.89907836914062,0.0,3.415094397496432e-05,-0.76702880859375
1506,1712340558.7494104,vehicle.toyota.prius,108.13232421875,9.155741691589355,236.89907836914062,0.0,3.415094397496432e-05,-0.764617919921875
1507,1712340558.851832,vehicle.toyota.prius,108.11583709716797,9.83335018157959,236.89907836914062,0.0,3.415094397496432e-05,-0.762725830078125
1508,1712340558.9535854,vehicle.toyota.prius,108.11583709716797,9.83335018157959,236.89907836914062,0.0,3.415094397496432e-05,-0.762725830078125
1509,1712340559.056061,vehicle.toyota.prius,108.10759735107422,10.111058235168457,236.89907836914062,0.0,3.415094397496432e-05,-0.762725830078125
1510,1712340559.1582897,vehicle.toyota.prius,108.09934997558594,10.410982131958008,236.89907836914062,0.0,3.415094397496432e-05,-0.762725830078125
1511,1712340559.260497,vehicle.toyota.prius,108.08287048339844,10.821990966796875,236.89907836914062,0.0,3.415094397496432e-05,-0.762725830078125
1512,1712340559.3627622,vehicle.toyota.prius,108.07462310791016,11.121914863586426,236.89907836914062,0.0,3.415094397496432e-05,-0.762725830078125
1513,1712340559.4652278,vehicle.toyota.prius,108.0663833618164,11.43294906616211,236.89907836914062,0.0,3.415094397496432e-05,-0.762725830078125
1514,1712340559.5675428,vehicle.toyota.prius,108.04989624023438,11.75508975982666,236.89907836914062,0.0,3.415094397496432e-05,-0.762725830078125
1515,1712340559.6699588,vehicle.toyota.prius,108.03341674804688,12.177207946777344,236.89906311035156,0.0,3.415094397496432e-05,-0.762725830078125
1516,1712340559.77236,vehicle.toyota.prius,108.00868225097656,12.788166046142578,236.79905700683594,0.0,8.879245433490723e-05,-0.762725830078125
1517,1712340559.8744357,vehicle.toyota.prius,108.00868225097656,12.788166046142578,236.79905700683594,0.0,8.879245433490723e-05,-0.762725830078125
1518,1712340559.9769015,vehicle.toyota.prius,107.97570037841797,13.476881980895996,236.79905700683594,0.0,9.56226431299001e-05,-0.762725830078125
1519,1712340560.0793912,vehicle.toyota.prius,107.96746826171875,13.854564666748047,236.79905700683594,0.0,9.56226431299001e-05,-0.762725830078125
1520,1712340560.1815553,vehicle.toyota.prius,107.96746826171875,13.854564666748047,236.79905700683594,0.0,9.56226431299001e-05,-0.762725830078125
1521,1712340560.2837913,vehicle.toyota.prius,107.95097351074219,14.18781566619873,236.79905700683594,0.0,0.00010245283192489296,-0.762725830078125
1522,1712340560.385954,vehicle.toyota.prius,107.9262466430664,14.854314804077148,236.79905700683594,0.0,0.00010245283192489296,-0.762725830078125
1523,1712340560.4882216,vehicle.toyota.prius,107.9262466430664,14.854314804077148,236.79905700683594,0.0,0.00010245283192489296,-0.762725830078125
1524,1712340560.5903234,vehicle.toyota.prius,107.88502502441406,15.554140090942383,236.79905700683594,0.0,0.00010928302071988583,-0.762725830078125
1525,1712340560.6923246,vehicle.toyota.prius,107.86854553222656,15.920716285705566,236.79905700683594,0.0,0.00010928302071988583,-0.764862060546875
1526,1712340560.795317,vehicle.toyota.prius,107.85205841064453,16.198423385620117,236.79905700683594,0.0,0.00011611320951487869,-0.76837158203125
1527,1712340560.8973985,vehicle.toyota.prius,107.85205841064453,16.198423385620117,236.79905700683594,0.0,0.00011611320951487869,-0.76837158203125
1528,1712340560.999948,vehicle.toyota.prius,107.81083679199219,16.89824867248535,236.6990509033203,0.0,0.00012294339830987155,-0.777191162109375
1529,1712340561.1021473,vehicle.toyota.prius,107.81083679199219,17.24260711669922,236.6990509033203,0.0,0.00012294339830987155,-0.781524658203125
1530,1712340561.2048757,vehicle.toyota.prius,107.79434204101562,17.553640365600586,236.6990509033203,0.0,0.00012977358710486442,-0.785430908203125
1531,1712340561.3072574,vehicle.toyota.prius,107.76961517333984,17.897998809814453,236.6990509033203,0.0,0.00012977358710486442,-0.789794921875
1532,1712340561.4096043,vehicle.toyota.prius,107.73664093017578,18.20903205871582,236.6990509033203,0.0,0.00012977358710486442,-0.793731689453125
1533,1712340561.5117533,vehicle.toyota.prius,107.76138305664062,18.564498901367188,236.6990509033203,0.0,0.00012977358710486442,-0.798187255859375
1534,1712340561.6140816,vehicle.toyota.prius,107.77787780761719,18.897748947143555,236.69903564453125,0.0,0.00013660377589985728,-0.8023681640625
1535,1712340561.7163608,vehicle.toyota.prius,107.72840881347656,19.186565399169922,236.69903564453125,0.0,0.00013660377589985728,-0.8060302734375
1536,1712340561.818748,vehicle.toyota.prius,107.70366668701172,19.51981544494629,236.69903564453125,0.0,0.00013660377589985728,-0.81024169921875
1537,1712340561.9212396,vehicle.toyota.prius,107.67069244384766,19.853065490722656,236.69903564453125,0.0,0.00013660377589985728,-0.814453125
1538,1712340562.0236166,vehicle.toyota.prius,107.69542694091797,20.197423934936523,236.69903564453125,0.0,0.000150264153489843,-0.818756103515625
1539,1712340562.1259687,vehicle.toyota.prius,107.68719482421875,20.49734878540039,236.69903564453125,0.0,0.000150264153489843,-0.822540283203125
1540,1712340562.2283287,vehicle.toyota.prius,107.67070007324219,20.819488525390625,236.69903564453125,0.0,0.00015709434228483588,-0.82659912109375
1541,1712340562.3302164,vehicle.toyota.prius,107.67896270751953,21.141630172729492,236.69903564453125,0.0,0.00015709434228483588,-0.830657958984375
1542,1712340562.432636,vehicle.toyota.prius,107.71195220947266,21.46377182006836,236.69903564453125,0.0,0.00016392453107982874,-0.834686279296875
1543,1712340562.5350723,vehicle.toyota.prius,107.72845458984375,22.11916160583496,236.69903564453125,0.0,0.0001707547198748216,-0.842926025390625
1544,1712340562.6373272,vehicle.toyota.prius,107.72845458984375,22.11916160583496,236.69903564453125,0.0,0.0001707547198748216,-0.842926025390625
1545,1712340562.7392938,vehicle.toyota.prius,107.68722534179688,22.53017234802246,236.69903564453125,0.0,0.0001707547198748216,-0.848114013671875
1546,1712340562.8412828,vehicle.toyota.prius,107.58002471923828,23.107807159423828,236.69903564453125,0.0,0.0001707547198748216,-0.855438232421875
1547,1712340562.9433587,vehicle.toyota.prius,107.58002471923828,23.107807159423828,236.69903564453125,0.0,0.0001707547198748216,-0.855438232421875
1548,1712340563.0453467,vehicle.toyota.prius,107.59652709960938,23.44105339050293,236.69903564453125,0.0,0.0001707547198748216,-0.859619140625
1549,1712340563.1475334,vehicle.toyota.prius,107.59652709960938,23.829845428466797,236.5990447998047,0.0,0.00017758490866981447,-0.864501953125
1550,1712340563.2498572,vehicle.toyota.prius,107.59654235839844,24.096446990966797,236.5990447998047,0.0,0.00018441509746480733,-0.86785888671875
1551,1712340563.3519957,vehicle.toyota.prius,107.58828735351562,24.363046646118164,236.5990447998047,0.0,0.00018441509746480733,-0.8712158203125
1552,1712340563.4540896,vehicle.toyota.prius,107.5965576171875,25.085086822509766,236.5990447998047,0.0,0.0001912452862598002,-0.88031005859375
1553,1712340563.5566237,vehicle.toyota.prius,107.5965576171875,25.085086822509766,236.5990447998047,0.0,0.0001912452862598002,-0.88031005859375
1554,1712340563.6587791,vehicle.toyota.prius,107.58006286621094,25.7738037109375,236.5990447998047,0.0,0.0001912452862598002,-0.88897705078125
1555,1712340563.7607949,vehicle.toyota.prius,107.58006286621094,25.7738037109375,236.5990447998047,0.0,0.0001912452862598002,-0.88897705078125
1556,1712340563.8627203,vehicle.toyota.prius,107.53884887695312,26.0404052734375,236.5990447998047,0.0,0.00019807547505479306,-0.892364501953125
1557,1712340563.9651103,vehicle.toyota.prius,107.51410675048828,26.6957950592041,236.59901428222656,0.0,0.00020490566384978592,-0.900604248046875
1558,1712340564.066904,vehicle.toyota.prius,107.51410675048828,26.6957950592041,236.59901428222656,0.0,0.00020490566384978592,-0.900604248046875
1559,1712340564.1689703,vehicle.toyota.prius,107.48937225341797,27.05126190185547,236.59901428222656,0.0,0.0002117358526447788,-0.90509033203125
1560,1712340564.2713053,vehicle.toyota.prius,107.46464538574219,27.617788314819336,236.59901428222656,0.0,0.0002117358526447788,-0.9122314453125
1561,1712340564.373525,vehicle.toyota.prius,107.46464538574219,27.617788314819336,236.59901428222656,0.0,0.0002117358526447788,-0.9122314453125
1562,1712340564.4755976,vehicle.toyota.prius,107.4399185180664,27.96214485168457,236.59901428222656,0.0,0.0002117358526447788,-0.916595458984375
1563,1712340564.577825,vehicle.toyota.prius,107.4399185180664,28.28428840637207,236.59901428222656,0.0,0.00021856604143977165,-0.920623779296875
1564,1712340564.6796727,vehicle.toyota.prius,107.42343139648438,28.895246505737305,236.59901428222656,0.0,0.00022539623023476452,-0.933929443359375
1565,1712340564.7818067,vehicle.toyota.prius,107.39046478271484,29.26181983947754,236.59901428222656,0.0,0.00022539623023476452,-0.942352294921875
1566,1712340564.8839664,vehicle.toyota.prius,107.39046478271484,29.26181983947754,236.59901428222656,0.0,0.00022539623023476452,-0.942352294921875
1567,1712340564.9860237,vehicle.toyota.prius,107.35747528076172,29.883886337280273,236.4990234375,0.0,0.00023222641902975738,-0.956573486328125
1568,1712340565.0879107,vehicle.toyota.prius,107.36573791503906,30.22824478149414,236.4990234375,0.0,0.00023222641902975738,-0.96441650390625
1569,1712340565.1903305,vehicle.toyota.prius,107.34100341796875,30.561492919921875,236.4990234375,0.0,0.00023905660782475024,-0.9720458984375
1570,1712340565.2928863,vehicle.toyota.prius,107.29151916503906,30.894744873046875,236.4990234375,0.0,0.0002458867966197431,-0.979705810546875
1571,1712340565.3958216,vehicle.toyota.prius,107.29153442382812,31.216886520385742,236.4990234375,0.0,0.0002458867966197431,-0.987060546875
1572,1712340565.4982445,vehicle.toyota.prius,107.2997817993164,31.55013656616211,236.4990234375,0.0,0.0002458867966197431,0.574255645275116
1573,1712340565.6005445,vehicle.toyota.prius,107.26680755615234,31.883384704589844,236.49899291992188,0.0,0.0002527169999666512,-1.002288818359375
1574,1712340565.7033708,vehicle.toyota.prius,107.2420654296875,32.149986267089844,236.49899291992188,0.0,0.0002527169999666512,-1.008392333984375
1575,1712340565.8054645,vehicle.toyota.prius,107.25032043457031,32.505455017089844,236.49899291992188,0.0,0.0002527169999666512,-1.016510009765625
1576,1712340565.9073656,vehicle.toyota.prius,107.20909881591797,32.87202835083008,236.49899291992188,0.0,0.0002527169999666512,-1.02490234375
1577,1712340566.0093105,vehicle.toyota.prius,107.22559356689453,33.14973831176758,236.49899291992188,0.0,0.00026637734845280647,-1.03125
1578,1712340566.1112576,vehicle.toyota.prius,107.1926040649414,33.51631164550781,236.49899291992188,0.0,0.00026637734845280647,-1.039642333984375
1579,1712340566.2130888,vehicle.toyota.prius,107.17611694335938,33.82734680175781,236.49899291992188,0.0,0.00026637734845280647,-1.0467529296875
1580,1712340566.3152797,vehicle.toyota.prius,107.15138244628906,34.14948654174805,236.49899291992188,0.0,0.00027320755179971457,-1.05413818359375
1581,1712340566.4170702,vehicle.toyota.prius,107.1596450805664,34.49384307861328,236.49899291992188,0.0,0.00027320755179971457,-1.061981201171875
1582,1712340566.5193613,vehicle.toyota.prius,107.1349105834961,34.88263702392578,236.49899291992188,0.0,0.00028003775514662266,-1.070892333984375
1583,1712340566.621217,vehicle.toyota.prius,107.11841583251953,35.115909576416016,236.3990020751953,0.0,0.00028003775514662266,-1.076202392578125
1584,1712340566.7231967,vehicle.toyota.prius,107.11017608642578,35.471378326416016,236.3990020751953,0.0,0.00028003775514662266,-1.0843505859375
1585,1712340566.82569,vehicle.toyota.prius,107.09368896484375,35.80462646484375,236.3990020751953,0.0,0.00028003775514662266,-1.091949462890625
1586,1712340566.9279273,vehicle.toyota.prius,107.08544921875,36.12677001953125,236.3990020751953,0.0,0.00029369810363277793,-1.099334716796875
1587,1712340567.0302584,vehicle.toyota.prius,107.06070709228516,36.448909759521484,236.3989715576172,0.0,0.00029369810363277793,-1.106689453125
1588,1712340567.1329339,vehicle.toyota.prius,107.0524673461914,36.848812103271484,236.3989715576172,0.0,0.00029369810363277793,-1.1158447265625
1589,1712340567.2347643,vehicle.toyota.prius,107.02774047851562,37.14873504638672,236.3989715576172,0.0,0.00029369810363277793,-1.122711181640625
1590,1712340567.3504684,vehicle.toyota.prius,107.01950073242188,37.42644500732422,236.3989715576172,0.0,0.00029369810363277793,-1.129058837890625
1591,1712340567.452678,vehicle.toyota.prius,106.98651885986328,38.17070388793945,236.3989715576172,0.0,0.00029369810363277793,-1.14605712890625
1592,1712340567.5548306,vehicle.toyota.prius,106.98651885986328,38.17070388793945,236.3989715576172,0.0,0.00029369810363277793,-1.14605712890625
1593,1712340567.6572304,vehicle.toyota.prius,106.95354461669922,38.45951843261719,236.3989715576172,0.0,0.00029369810363277793,-1.152679443359375
1594,1712340567.7592819,vehicle.toyota.prius,106.92880249023438,38.82609558105469,236.3989715576172,0.0,0.00029369810363277793,-1.16107177734375
1595,1712340567.8610096,vehicle.toyota.prius,106.88758850097656,39.49259567260742,236.39895629882812,0.0,0.00029369810363277793,-1.17633056640625
1596,1712340567.9635065,vehicle.toyota.prius,106.88758850097656,39.49259567260742,236.39895629882812,0.0,0.00029369810363277793,-1.17633056640625
1597,1712340568.0658479,vehicle.toyota.prius,106.85460662841797,40.214637756347656,236.39895629882812,0.0,0.00029369810363277793,-1.192840576171875
1598,1712340568.167889,vehicle.toyota.prius,106.84637451171875,40.51456069946289,236.39895629882812,0.0,0.00029369810363277793,-1.19970703125
1599,1712340568.2700639,vehicle.toyota.prius,106.82987976074219,40.91445541381836,236.39895629882812,0.0,0.00029369810363277793,-1.208831787109375
1600,1712340568.3722773,vehicle.toyota.prius,106.82987976074219,40.91445541381836,236.39895629882812,0.0,0.00029369810363277793,-1.208831787109375
1601,1712340568.4747665,vehicle.toyota.prius,106.8051528930664,41.558738708496094,236.39895629882812,0.0,0.0003278490621596575,-1.209320068359375
1602,1712340568.577035,vehicle.toyota.prius,106.8051528930664,41.558738708496094,236.39895629882812,0.0,0.0003278490621596575,-1.209320068359375
1603,1712340568.679089,vehicle.toyota.prius,106.77217864990234,42.269676208496094,236.29896545410156,0.0,0.0003073585103265941,-1.209320068359375
1604,1712340568.7814977,vehicle.toyota.prius,106.73095703125,42.614036560058594,236.29896545410156,0.0,0.0003073585103265941,-1.209320068359375
1605,1712340568.8836215,vehicle.toyota.prius,106.67323303222656,43.01393508911133,236.29896545410156,0.0,0.00031418868456967175,-1.209320068359375
1606,1712340568.9857085,vehicle.toyota.prius,106.64849090576172,43.33607864379883,236.29896545410156,0.0,0.0003210188588127494,-1.209320068359375
1607,1712340569.0881646,vehicle.toyota.prius,106.63201141357422,43.70265197753906,236.29893493652344,0.0,0.0003210188588127494,-1.209320068359375
1608,1712340569.190607,vehicle.toyota.prius,106.63201141357422,43.70265197753906,236.29893493652344,0.0,0.0003210188588127494,-1.209320068359375
1609,1712340569.29269,vehicle.toyota.prius,106.5907974243164,44.39136505126953,236.29893493652344,0.0,0.0003278490621596575,-1.209320068359375
1610,1712340569.3948092,vehicle.toyota.prius,106.5660629272461,44.78015899658203,236.29893493652344,0.0,0.0003278490621596575,-1.209320068359375
1611,1712340569.4971936,vehicle.toyota.prius,106.5660629272461,44.78015899658203,236.29893493652344,0.0,0.0003278490621596575,-1.209320068359375
1612,1712340569.5995727,vehicle.toyota.prius,106.50009155273438,45.46887969970703,236.29893493652344,0.0,0.00029369810363277793,-1.209320068359375
1613,1712340569.7018344,vehicle.toyota.prius,106.41763305664062,45.868778228759766,236.29893493652344,0.0,0.00029369810363277793,-1.209320068359375
1614,1712340569.8049781,vehicle.toyota.prius,106.32694244384766,46.213138580322266,236.29893493652344,0.0,0.00029369810363277793,-1.209320068359375
1615,1712340569.9069152,vehicle.toyota.prius,106.27745819091797,46.579715728759766,236.29891967773438,0.0,0.00029369810363277793,-1.209320068359375
1616,1712340570.0092108,vehicle.toyota.prius,106.24447631835938,46.8907470703125,236.29891967773438,0.0,0.00029369810363277793,-1.209320068359375
1617,1712340570.1109822,vehicle.toyota.prius,106.186767578125,47.323974609375,236.29891967773438,0.0,0.0003073585103265941,-1.20159912109375
1618,1712340570.2134993,vehicle.toyota.prius,106.14553833007812,47.70165252685547,236.19891357421875,0.0,0.00029369810363277793,-1.187042236328125
1619,1712340570.3159544,vehicle.toyota.prius,106.10431671142578,48.0126838684082,236.19891357421875,0.0,0.00028003775514662266,-1.17559814453125
1620,1712340570.4182498,vehicle.toyota.prius,106.05484008789062,48.3570442199707,236.19891357421875,0.0,0.00026637734845280647,-1.163543701171875
1621,1712340570.5206094,vehicle.toyota.prius,105.98062133789062,48.7014045715332,236.19891357421875,0.0,0.00023222641902975738,-1.152069091796875
1622,1712340570.6227405,vehicle.toyota.prius,105.8981704711914,49.0679817199707,236.19891357421875,0.0,0.0002117358526447788,-1.14056396484375
1623,1712340570.7248476,vehicle.toyota.prius,105.79097747802734,49.4456672668457,236.19891357421875,0.0,0.0001912452862598002,-1.129425048828125
1624,1712340570.8270369,vehicle.toyota.prius,105.65904235839844,49.8233528137207,236.19891357421875,0.0,0.0001912452862598002,-1.1190185546875
1625,1712340570.9291792,vehicle.toyota.prius,105.55184173583984,50.0899543762207,236.19891357421875,0.0,0.00019807547505479306,-1.11212158203125
1626,1712340571.031479,vehicle.toyota.prius,105.38690948486328,50.4898567199707,236.19891357421875,0.0,0.00019807547505479306,-1.1025390625
1627,1712340571.1338956,vehicle.toyota.prius,105.29621124267578,50.7786750793457,236.19891357421875,0.0,0.00019807547505479306,-1.096221923828125
1628,1712340571.2365658,vehicle.toyota.prius,105.17251586914062,51.22300720214844,236.19891357421875,0.0,0.00019807547505479306,-1.083770751953125
1629,1712340571.3387926,vehicle.toyota.prius,105.09830474853516,51.50071716308594,236.19891357421875,0.0,0.00019807547505479306,-1.079132080078125
1630,1712340571.4414098,vehicle.toyota.prius,104.98287200927734,51.92283630371094,236.19891357421875,0.0,0.0002117358526447788,-1.072906494140625
1631,1712340571.5445354,vehicle.toyota.prius,104.90865325927734,52.21165466308594,236.0989227294922,0.0,0.0002117358526447788,-1.0692138671875
1632,1712340571.646843,vehicle.toyota.prius,104.793212890625,52.62266159057617,236.0989227294922,0.0,0.0002117358526447788,-1.064788818359375
1633,1712340571.749196,vehicle.toyota.prius,104.7354965209961,52.86704635620117,236.0989227294922,0.0,0.0002117358526447788,-1.061187744140625
1634,1712340571.8509111,vehicle.toyota.prius,104.52110290527344,53.65574264526367,236.09890747070312,0.0,0.00022539623023476452,-1.05731201171875
1635,1712340571.952851,vehicle.toyota.prius,104.52110290527344,53.65574264526367,236.09890747070312,0.0,0.00022539623023476452,-1.05731201171875
1636,1712340572.0548413,vehicle.toyota.prius,104.42214965820312,54.02231216430664,236.09890747070312,0.0,0.00021856604143977165,-1.0567626953125
1637,1712340572.1573591,vehicle.toyota.prius,104.24073791503906,54.69992446899414,236.09890747070312,0.0,0.00019807547505479306,-1.0587158203125
1638,1712340572.2599132,vehicle.toyota.prius,104.24073791503906,54.69992446899414,236.09890747070312,0.0,0.00019807547505479306,-1.0587158203125
1639,1712340572.3619726,vehicle.toyota.prius,104.0263442993164,55.31088638305664,236.09890747070312,0.0,0.00016392453107982874,-1.062896728515625
1640,1712340572.463926,vehicle.toyota.prius,104.0263442993164,55.31088638305664,236.09890747070312,0.0,0.00016392453107982874,-1.062896728515625
1641,1712340572.5656905,vehicle.toyota.prius,103.85317993164062,55.69968032836914,236.09890747070312,0.0,0.00016392453107982874,-1.06683349609375
1642,1712340572.6682928,vehicle.toyota.prius,103.55631256103516,56.29953384399414,236.09890747070312,0.0,0.00016392453107982874,-1.07861328125
1643,1712340572.770209,vehicle.toyota.prius,103.55631256103516,56.29953384399414,236.09890747070312,0.0,0.00016392453107982874,-1.07861328125
1644,1712340572.8723674,vehicle.toyota.prius,103.42436981201172,56.65500259399414,235.9989013671875,0.0,0.00016392453107982874,-1.084869384765625
1645,1712340572.9748335,vehicle.toyota.prius,103.31718444824219,56.97714614868164,235.9989013671875,0.0,0.00016392453107982874,-1.0941162109375
1646,1712340573.0769465,vehicle.toyota.prius,103.09453582763672,57.59921646118164,235.9989013671875,0.0,0.00016392453107982874,-1.108734130859375
1647,1712340573.179014,vehicle.toyota.prius,103.09453582763672,57.59921646118164,235.9989013671875,0.0,0.00016392453107982874,-1.108734130859375
1648,1712340573.2810702,vehicle.toyota.prius,102.96259307861328,57.95468521118164,235.9989013671875,0.0,0.00017758490866981447,-1.122100830078125
1649,1712340573.382917,vehicle.toyota.prius,102.69047546386719,58.64340591430664,235.9989013671875,0.0,0.00015709434228483588,-1.126434326171875
1650,1712340573.485391,vehicle.toyota.prius,102.55854034423828,58.91000747680664,235.9989013671875,0.0,0.00015709434228483588,-1.126434326171875
1651,1712340573.5877538,vehicle.toyota.prius,102.55854034423828,58.91000747680664,235.9989013671875,0.0,0.00015709434228483588,-1.126434326171875
1652,1712340573.69032,vehicle.toyota.prius,102.24519348144531,59.60983657836914,235.9989013671875,0.0,0.00016392453107982874,-1.126434326171875
1653,1712340573.79251,vehicle.toyota.prius,102.12149810791016,59.920867919921875,235.9989013671875,0.0,0.00016392453107982874,-1.126434326171875
1654,1712340573.8945124,vehicle.toyota.prius,101.99781036376953,60.220794677734375,235.8988800048828,0.0,0.0001707547198748216,-1.126434326171875
1655,1712340573.9968204,vehicle.toyota.prius,101.85762786865234,60.542938232421875,235.8988800048828,0.0,0.00015709434228483588,-1.125823974609375
1656,1712340574.099362,vehicle.toyota.prius,101.72569274902344,60.853973388671875,235.8988800048828,0.0,0.00013660377589985728,-1.12347412109375
1657,1712340574.2013361,vehicle.toyota.prius,101.54427337646484,61.187225341796875,235.8988800048828,0.0,0.00011611320951487869,-1.12078857421875
1658,1712340574.3036745,vehicle.toyota.prius,101.32987976074219,61.498260498046875,235.8988800048828,0.0,0.00010928302071988583,-1.116668701171875
1659,1712340574.4064844,vehicle.toyota.prius,101.14845275878906,61.74264907836914,235.8988800048828,0.0,0.00010928302071988583,-1.114532470703125
1660,1712340574.5084772,vehicle.toyota.prius,101.14845275878906,61.74264907836914,235.8988800048828,0.0,0.00010928302071988583,-1.114532470703125
1661,1712340574.610891,vehicle.toyota.prius,100.82685089111328,62.375823974609375,235.7988739013672,0.0,0.00010928302071988583,-1.10809326171875
1662,1712340574.712712,vehicle.toyota.prius,100.67018127441406,62.68686294555664,235.7988739013672,0.0,0.00010245283192489296,-1.10418701171875
1663,1712340574.814878,vehicle.toyota.prius,100.50526428222656,63.00900650024414,235.7988739013672,0.0,9.56226431299001e-05,-1.101654052734375
1664,1712340574.9169803,vehicle.toyota.prius,100.33208465576172,63.29782485961914,235.7988739013672,0.0,6.830188794992864e-05,-1.097869873046875
1665,1712340575.0189695,vehicle.toyota.prius,100.12593841552734,63.56442642211914,235.7988739013672,0.0,3.415094397496432e-05,-1.095489501953125
1666,1712340575.121183,vehicle.toyota.prius,99.862060546875,63.83102798461914,235.7988739013672,0.0,0.0,-1.092864990234375
1667,1712340575.2230875,vehicle.toyota.prius,99.6064224243164,64.0420913696289,235.7989044189453,0.0,0.0,-1.089111328125
1668,1712340575.3252316,vehicle.toyota.prius,99.39202117919922,64.3198013305664,235.7989044189453,0.0,0.0,-1.086669921875
1669,1712340575.4273467,vehicle.toyota.prius,99.19410705566406,64.6197280883789,235.7989044189453,0.0,0.0,-1.0838623046875
1670,1712340575.5293565,vehicle.toyota.prius,99.00444793701172,64.9085464477539,235.7989044189453,0.0,0.0,-1.082977294921875
1671,1712340575.631943,vehicle.toyota.prius,98.79005432128906,65.2306900024414,235.7989044189453,0.0,-3.415094397496432e-05,-1.081573486328125
1672,1712340575.7339883,vehicle.toyota.prius,98.60038757324219,65.48619079589844,235.7989044189453,0.0,-3.415094397496432e-05,-1.080780029296875
1673,1712340575.836096,vehicle.toyota.prius,98.36949920654297,65.75279235839844,235.6988983154297,0.0,-6.147169915493578e-05,-1.079864501953125
1674,1712340575.9386098,vehicle.toyota.prius,98.08912658691406,66.04161071777344,235.6988983154297,0.0,-9.56226431299001e-05,-1.07843017578125
1675,1712340576.0413237,vehicle.toyota.prius,97.84173583984375,66.26377868652344,235.6988983154297,0.0,-9.56226431299001e-05,-1.077545166015625
1676,1712340576.143413,vehicle.toyota.prius,97.56961059570312,66.53038024902344,235.6988983154297,0.0,-9.56226431299001e-05,-1.076171875
1677,1712340576.245819,vehicle.toyota.prius,97.1160659790039,67.08580780029297,235.6988983154297,0.0,-9.56226431299001e-05,-1.073974609375
1678,1712340576.3478856,vehicle.toyota.prius,97.1160659790039,67.08580780029297,235.6988983154297,0.0,-9.56226431299001e-05,-1.073974609375
1679,1712340576.4506195,vehicle.toyota.prius,96.89342498779297,67.37462615966797,235.6988983154297,0.0,-9.56226431299001e-05,-1.07305908203125
1680,1712340576.5529509,vehicle.toyota.prius,96.45637512207031,67.89672088623047,235.6988983154297,0.0,-0.00012294339830987155,-1.070953369140625
1681,1712340576.6552472,vehicle.toyota.prius,96.1760025024414,68.19664764404297,235.6988983154297,0.0,-0.00015709434228483588,-1.069915771484375
1682,1712340576.757404,vehicle.toyota.prius,95.9533462524414,68.4188232421875,235.6988983154297,0.0,-0.00018441509746480733,-1.068939208984375
1683,1712340576.859363,vehicle.toyota.prius,95.70596313476562,68.6632080078125,235.6988983154297,0.0,-0.00021856604143977165,-1.068939208984375
1684,1712340576.9614685,vehicle.toyota.prius,95.70596313476562,68.6632080078125,235.6988983154297,0.0,-0.00021856604143977165,-1.068939208984375
1685,1712340577.0636885,vehicle.toyota.prius,95.47506713867188,68.8631591796875,235.6988983154297,0.0,-0.0002458867966197431,-1.068939208984375
1686,1712340577.1655478,vehicle.toyota.prius,95.08748626708984,69.17420196533203,235.6988983154297,0.0,-0.00027320755179971457,-1.068939208984375
1687,1712340577.2678952,vehicle.toyota.prius,94.83186340332031,69.37415313720703,235.6988983154297,0.0,-0.00027320755179971457,-1.068939208984375
1688,1712340577.3699958,vehicle.toyota.prius,94.55972290039062,69.55188751220703,235.6988983154297,0.0,-0.00027320755179971457,-1.068939208984375
1689,1712340577.4720109,vehicle.toyota.prius,93.98249053955078,69.88514709472656,235.6988983154297,0.0,-0.00027320755179971457,-1.068939208984375
1690,1712340577.5737898,vehicle.toyota.prius,93.98249053955078,69.88514709472656,235.6988983154297,0.0,-0.00027320755179971457,-1.068939208984375
1691,1712340577.6755407,vehicle.toyota.prius,93.3062973022461,70.3517074584961,235.69891357421875,0.0,-0.00027320755179971457,-1.064910888671875
1692,1712340577.7776911,vehicle.toyota.prius,93.0918960571289,70.5294418334961,235.69891357421875,0.0,-0.00027320755179971457,-1.062744140625
1693,1712340577.8797934,vehicle.toyota.prius,93.0918960571289,70.5294418334961,235.69891357421875,0.0,-0.00027320755179971457,-1.062744140625
1694,1712340577.9824414,vehicle.toyota.prius,92.47342681884766,71.0182113647461,235.5989227294922,0.0,-0.00027320755179971457,-1.056304931640625
1695,1712340578.0848484,vehicle.toyota.prius,92.22603607177734,71.20706176757812,235.59893798828125,0.0,-0.00027320755179971457,-1.052734375
1696,1712340578.1866546,vehicle.toyota.prius,91.92916870117188,71.45144653320312,235.59893798828125,0.0,-0.00027320755179971457,-1.0496826171875
1697,1712340578.288893,vehicle.toyota.prius,91.64879608154297,71.66250610351562,235.59893798828125,0.0,-0.00027320755179971457,-1.04693603515625
1698,1712340578.391052,vehicle.toyota.prius,91.26947021484375,71.92911529541016,235.59893798828125,0.0,-0.0003073585103265941,-1.043365478515625
1699,1712340578.4929924,vehicle.toyota.prius,90.94786071777344,72.14017486572266,235.59893798828125,0.0,-0.00033467926550656557,-1.04046630859375
1700,1712340578.594982,vehicle.toyota.prius,90.6839828491211,72.29569244384766,235.59893798828125,0.0,-0.00033467926550656557,-1.037384033203125
1701,1712340578.6974642,vehicle.toyota.prius,90.3211441040039,72.46232604980469,235.59893798828125,0.0,-0.0003961509501095861,-1.03448486328125
1702,1712340578.799774,vehicle.toyota.prius,89.966552734375,72.61784362792969,235.59893798828125,0.0,-0.0004234717052895576,-1.031768798828125
1703,1712340578.9022915,vehicle.toyota.prius,89.62020111083984,72.72893524169922,235.59893798828125,0.0,-0.00045762263471260667,-0.903564453125
1704,1712340579.0047085,vehicle.toyota.prius,89.29035186767578,72.80669403076172,235.59893798828125,0.0,-0.00045762263471260667,-0.961639404296875
1705,1712340579.1066115,vehicle.toyota.prius,88.88627624511719,72.85112762451172,235.59893798828125,0.0,-0.00045762263471260667,-1.03131103515625
1706,1712340579.2086985,vehicle.toyota.prius,88.53168487548828,72.93999481201172,235.5989532470703,0.0,-0.00045762263471260667,-1.083770751953125
1707,1712340579.3113637,vehicle.toyota.prius,88.1935806274414,73.08441925048828,235.5989532470703,0.0,-0.00045762263471260667,-1.13140869140625
1708,1712340579.413501,vehicle.toyota.prius,87.87197875976562,73.22882843017578,235.5989532470703,0.0,-0.00045762263471260667,-1.17431640625
1709,1712340579.515279,vehicle.toyota.prius,87.50914764404297,73.37324523925781,235.5989532470703,0.0,-0.00045762263471260667,-1.213592529296875
1710,1712340579.617308,vehicle.toyota.prius,87.14630889892578,73.53987121582031,235.4989776611328,0.0,-0.00045762263471260667,-1.24468994140625
1711,1712340579.7196283,vehicle.toyota.prius,86.85768127441406,73.66206359863281,235.4989776611328,0.0,-0.00045762263471260667,-1.267730712890625
1712,1712340579.82172,vehicle.toyota.prius,86.47835540771484,73.79537200927734,235.4989776611328,0.0,-0.00045762263471260667,-1.291778564453125
1713,1712340579.9239664,vehicle.toyota.prius,86.08252716064453,73.90645599365234,235.4989776611328,0.0,-0.00045762263471260667,-1.30975341796875
1714,1712340580.0260916,vehicle.toyota.prius,85.7361831665039,74.03976440429688,235.4989776611328,0.0,-0.00045762263471260667,-1.32061767578125
1715,1712340580.1290085,vehicle.toyota.prius,85.37333679199219,74.18417358398438,235.4989776611328,0.0,-0.00045762263471260667,-1.3265380859375
1716,1712340580.2309802,vehicle.toyota.prius,85.0517349243164,74.3063735961914,235.4989776611328,0.0,-0.00045762263471260667,-1.3262939453125
1717,1712340580.3355193,vehicle.toyota.prius,84.71363830566406,74.4396743774414,235.4989776611328,0.0,-0.00045762263471260667,-1.3211669921875
1718,1712340580.4393837,vehicle.toyota.prius,84.35903930664062,74.5840835571289,235.49899291992188,0.0,-0.0004917735932394862,-1.31048583984375
1719,1712340580.5417018,vehicle.toyota.prius,83.9549789428711,74.70628356933594,235.49899291992188,0.0,-0.0005190943484194577,-1.292724609375
1720,1712340580.6433816,vehicle.toyota.prius,83.52616882324219,74.82847595214844,235.49899291992188,0.0,-0.0005190943484194577,-1.2659912109375
1721,1712340580.7454095,vehicle.toyota.prius,83.17982482910156,74.90624237060547,235.39901733398438,0.0,-0.0005190943484194577,-1.238555908203125
1722,1712340580.8472807,vehicle.toyota.prius,82.79224395751953,74.96178436279297,235.39901733398438,0.0,-0.0005190943484194577,-1.20367431640625
1723,1712340580.9492528,vehicle.toyota.prius,82.4458999633789,75.03955078125,235.39901733398438,0.0,-0.0005190943484194577,-1.166748046875
1724,1712340581.0512736,vehicle.toyota.prius,82.09954833984375,75.1395263671875,235.39901733398438,0.0,-0.0005190943484194577,-1.1241455078125
1725,1712340581.1534111,vehicle.toyota.prius,81.34088897705078,75.36170196533203,235.39901733398438,0.0,-0.0005190943484194577,-1.008453369140625
1726,1712340581.2557173,vehicle.toyota.prius,81.34088897705078,75.36170196533203,235.39901733398438,0.0,-0.0005190943484194577,-1.008453369140625
1727,1712340581.3575606,vehicle.toyota.prius,80.62345886230469,75.58387756347656,235.39901733398438,0.0,-0.0005190943484194577,-0.959869384765625
1728,1712340581.459842,vehicle.toyota.prius,80.62345886230469,75.58387756347656,235.39901733398438,0.0,-0.0005190943484194577,-0.959869384765625
1729,1712340581.5618992,vehicle.toyota.prius,80.31009674072266,75.67274475097656,235.39903259277344,0.0,-0.0005190943484194577,-0.938385009765625
1730,1712340581.6639583,vehicle.toyota.prius,79.49370574951172,75.8615951538086,235.39903259277344,0.0,-0.0005532453069463372,-0.87652587890625
1731,1712340581.7661867,vehicle.toyota.prius,79.49370574951172,75.8615951538086,235.39903259277344,0.0,-0.0005532453069463372,-0.87652587890625
1732,1712340581.868034,vehicle.toyota.prius,79.13911437988281,75.90603637695312,235.39903259277344,0.0,-0.0005805660621263087,-0.85198974609375
1733,1712340581.9699917,vehicle.toyota.prius,78.3886947631836,75.91715240478516,235.39906311035156,0.0,-0.0005805660621263087,-0.800201416015625
1734,1712340582.0723832,vehicle.toyota.prius,78.3886947631836,75.91715240478516,235.39906311035156,0.0,-0.0005805660621263087,-0.800201416015625
1735,1712340582.1745467,vehicle.toyota.prius,78.0011215209961,75.95048522949219,235.39906311035156,0.0,-0.0005805660621263087,-0.7725830078125
1736,1712340582.2769868,vehicle.toyota.prius,77.30017852783203,76.07268524169922,235.39907836914062,0.0,-0.0005805660621263087,-0.7119140625
1737,1712340582.379945,vehicle.toyota.prius,76.91259765625,76.13933563232422,235.39907836914062,0.0,-0.0005805660621263087,-0.682647705078125
1738,1712340582.4820135,vehicle.toyota.prius,76.91259765625,76.13933563232422,235.39907836914062,0.0,-0.0005805660621263087,-0.682647705078125
1739,1712340582.5841882,vehicle.toyota.prius,76.54975891113281,76.19487762451172,235.39907836914062,0.0,-0.0005805660621263087,-0.649139404296875
1740,1712340582.686614,vehicle.toyota.prius,75.79934692382812,76.25042724609375,235.3990936279297,0.0,-0.0005805660621263087,-0.58447265625
1741,1712340582.7885594,vehicle.toyota.prius,75.42826080322266,76.26154327392578,235.3990936279297,0.0,-0.0005805660621263087,-0.555419921875
1742,1712340582.8907907,vehicle.toyota.prius,75.04067993164062,76.31708526611328,235.3990936279297,0.0,-0.0005805660621263087,-0.514434814453125
1743,1712340582.9930868,vehicle.toyota.prius,74.66134643554688,76.36152648925781,235.29910278320312,0.0,-0.0005805660621263087,-0.483856201171875
1744,1712340583.0949883,vehicle.toyota.prius,74.25727081298828,76.41706848144531,235.29910278320312,0.0,-0.0005805660621263087,-0.450927734375
1745,1712340583.1979563,vehicle.toyota.prius,73.91917419433594,76.46150970458984,235.29910278320312,0.0,-0.0005805660621263087,-0.423065185546875
1746,1712340583.2999103,vehicle.toyota.prius,73.58106994628906,76.49483489990234,235.2991180419922,0.0,-0.0006147170206531882,-0.39495849609375
1747,1712340583.4021575,vehicle.toyota.prius,73.18524932861328,76.50595092773438,235.2991180419922,0.0,-0.0006147170206531882,-0.339508056640625
1748,1712340583.5046089,vehicle.toyota.prius,72.85539245605469,76.49484252929688,235.2991180419922,0.0,-0.0006420377176254988,-0.409820556640625
1749,1712340583.606522,vehicle.toyota.prius,72.48430633544922,76.4615249633789,235.2991180419922,0.0,-0.0006420377176254988,-0.52044677734375
1750,1712340583.7093434,vehicle.toyota.prius,72.1379623413086,76.3948745727539,235.29913330078125,0.0,-0.0006761886761523783,-0.60638427734375
1751,1712340583.8113627,vehicle.toyota.prius,71.77511596679688,76.30601501464844,235.29913330078125,0.0,-0.0007035094313323498,-0.67803955078125
1752,1712340583.9131517,vehicle.toyota.prius,71.42876434326172,76.16160583496094,235.29913330078125,0.0,-0.0007035094313323498,-0.75750732421875
1753,1712340584.015367,vehicle.toyota.prius,71.10716247558594,76.06163024902344,235.29913330078125,0.0,-0.0007035094313323498,-0.7757568359375
1754,1712340584.117377,vehicle.toyota.prius,70.78555297851562,76.02830505371094,235.29913330078125,0.0,-0.0007035094313323498,-0.77899169921875
1755,1712340584.219366,vehicle.toyota.prius,70.3979721069336,75.98388671875,235.29913330078125,0.0,-0.0007035094313323498,-0.77532958984375
1756,1712340584.3217564,vehicle.toyota.prius,70.08460998535156,75.9505615234375,235.2991485595703,0.0,-0.0007035094313323498,-0.759979248046875
1757,1712340584.4236617,vehicle.toyota.prius,70.08460998535156,75.9505615234375,235.2991485595703,0.0,-0.0007035094313323498,-0.759979248046875
1758,1712340584.5258307,vehicle.toyota.prius,69.39191436767578,75.81726837158203,235.2991485595703,0.0,-0.0007035094313323498,-0.689605712890625
1759,1712340584.628395,vehicle.toyota.prius,69.07030487060547,75.73951721191406,235.29917907714844,0.0,-0.0007035094313323498,-0.6180419921875
1760,1712340584.730624,vehicle.toyota.prius,68.72396087646484,75.69508361816406,235.29917907714844,0.0,-0.0007035094313323498,-0.53887939453125
1761,1712340584.83264,vehicle.toyota.prius,68.41883850097656,75.6617660522461,235.29917907714844,0.0,-0.0007035094313323498,-0.455780029296875
1762,1712340584.934974,vehicle.toyota.prius,68.13021850585938,75.6062240600586,235.29917907714844,0.0,-0.0007308301865123212,-0.367279052734375
1763,1712340585.0370045,vehicle.toyota.prius,67.8333511352539,75.51736450195312,235.2991943359375,0.0,-0.0007308301865123212,-0.2672119140625
1764,1712340585.139489,vehicle.toyota.prius,67.54472351074219,75.40628051757812,235.2991943359375,0.0,-0.0007308301865123212,-0.1612548828125
1765,1712340585.2413373,vehicle.toyota.prius,67.30558013916016,75.27298736572266,235.2991943359375,0.0,-0.0007308301865123212,-0.069122314453125
1766,1712340585.3433628,vehicle.toyota.prius,67.04994201660156,75.19522857666016,235.2991943359375,0.0,-0.0007308301865123212,-0.0360107421875
1767,1712340585.4453707,vehicle.toyota.prius,66.5304183959961,75.08415222167969,235.29920959472656,0.0,-0.0007308301865123212,0.187896728515625
1768,1712340585.5472713,vehicle.toyota.prius,66.5304183959961,75.08415222167969,235.29920959472656,0.0,-0.0007308301865123212,0.187896728515625
1769,1712340585.649409,vehicle.toyota.prius,66.26653289794922,75.00639343261719,235.29920959472656,0.0,-0.0007308301865123212,0.32879638671875
1770,1712340585.751563,vehicle.toyota.prius,66.04388427734375,74.95085144042969,235.29920959472656,0.0,-0.0007308301865123212,0.455413818359375
1771,1712340585.853385,vehicle.toyota.prius,65.57383728027344,74.83977508544922,235.29920959472656,0.0,-0.0007649811450392008,0.71624755859375
1772,1712340585.9552171,vehicle.toyota.prius,65.57383728027344,74.83977508544922,235.29920959472656,0.0,-0.0007649811450392008,0.71624755859375
1773,1712340586.0575624,vehicle.toyota.prius,65.15327453613281,74.68426513671875,235.29920959472656,0.0,-0.0007649811450392008,1.009918212890625
1774,1712340586.1595643,vehicle.toyota.prius,64.9801025390625,74.58428192138672,235.29920959472656,0.0,-0.0007923019002191722,1.140533447265625
1775,1712340586.2614071,vehicle.toyota.prius,64.9801025390625,74.58428192138672,235.29920959472656,0.0,-0.0007923019002191722,1.140533447265625
1776,1712340586.3631368,vehicle.toyota.prius,64.6502456665039,74.35102081298828,235.2992401123047,0.0,-0.0007923019002191722,1.613677978515625
1777,1712340586.4658754,vehicle.toyota.prius,64.52654266357422,74.23993682861328,235.2992401123047,0.0,-0.0007923019002191722,1.738983154296875
1778,1712340586.5683894,vehicle.toyota.prius,64.52654266357422,74.23993682861328,235.2992401123047,0.0,-0.0007923019002191722,1.738983154296875
1779,1712340586.670131,vehicle.toyota.prius,64.2791519165039,73.95111846923828,235.2992401123047,0.0,-0.0008264528587460518,0.2901524603366852
1780,1712340586.7720177,vehicle.toyota.prius,64.2791519165039,73.95111846923828,235.2992401123047,0.0,-0.0008264528587460518,0.2901524603366852
1781,1712340586.874061,vehicle.toyota.prius,64.1801986694336,73.81782531738281,235.2992401123047,0.0,-0.0008537736139260232,0.2978188395500183
1782,1712340586.976234,vehicle.toyota.prius,64.04000091552734,73.52900695800781,235.29925537109375,0.0,-0.0008537736139260232,0.3114590048789978
1783,1712340587.0790982,vehicle.toyota.prius,63.91630554199219,73.42903900146484,235.39923095703125,0.0,-0.0008537736139260232,0.31476300954818726
1784,1712340587.1814125,vehicle.toyota.prius,63.91630554199219,73.42903900146484,235.39923095703125,0.0,-0.0008537736139260232,0.31476300954818726
1785,1712340587.2833614,vehicle.toyota.prius,63.65242004394531,73.27352142333984,235.3992462158203,0.0,-0.0008537736139260232,0.21070386469364166
1786,1712340587.3852262,vehicle.toyota.prius,63.512229919433594,73.18465423583984,235.3992462158203,0.0,-0.0008537736139260232,0.21070386469364166
1787,1712340587.4873557,vehicle.toyota.prius,63.396785736083984,73.09578704833984,235.3992462158203,0.0,-0.0008537736139260232,0.21070386469364166
1788,1712340587.589258,vehicle.toyota.prius,63.26484298706055,72.99581909179688,235.3992462158203,0.0,-0.0008537736139260232,0.21070386469364166
1789,1712340587.6917021,vehicle.toyota.prius,63.19062423706055,72.91806030273438,235.3992462158203,0.0,-0.0008537736139260232,0.21070386469364166
1790,1712340587.7938583,vehicle.toyota.prius,63.08341598510742,72.81808471679688,235.3992462158203,0.0,-0.0008537736139260232,0.21070386469364166
1791,1712340587.8964524,vehicle.toyota.prius,62.976219177246094,72.69589233398438,235.39927673339844,0.0,-0.0008537736139260232,0.21070386469364166
1792,1712340587.9987767,vehicle.toyota.prius,62.89375305175781,72.5737075805664,235.39927673339844,0.0,-0.0008537736139260232,0.21070386469364166
1793,1712340588.101377,vehicle.toyota.prius,62.81128692626953,72.4515151977539,235.39927673339844,0.0,-0.0008537736139260232,0.21070386469364166
1794,1712340588.2032428,vehicle.toyota.prius,62.74531555175781,72.3293228149414,235.39927673339844,0.0,-0.0008537736139260232,0.21070386469364166
1795,1712340588.3054185,vehicle.toyota.prius,62.687591552734375,72.1849136352539,235.39927673339844,0.0,-0.0008537736139260232,0.21070386469364166
1796,1712340588.407204,vehicle.toyota.prius,62.58038330078125,72.0627212524414,235.39927673339844,0.0,-0.0008537736139260232,0.21070386469364166
1797,1712340588.5092506,vehicle.toyota.prius,62.473182678222656,71.97386169433594,235.39927673339844,0.0,-0.0008537736139260232,0.21070386469364166
1798,1712340588.6113586,vehicle.toyota.prius,62.34123992919922,71.86277770996094,235.3992919921875,0.0,-0.0008537736139260232,0.21070386469364166
1799,1712340588.7133846,vehicle.toyota.prius,62.2010498046875,71.72947692871094,235.3992919921875,0.0,-0.0008537736139260232,0.21070386469364166
1800,1712340588.8153586,vehicle.toyota.prius,62.08559799194336,71.60728454589844,235.3992919921875,0.0,-0.0008537736139260232,0.21070386469364166
1801,1712340588.9175851,vehicle.toyota.prius,61.92891311645508,71.42955780029297,235.3992919921875,0.0,-0.0008537736139260232,0.21070386469364166
1802,1712340589.0193708,vehicle.toyota.prius,61.80521774291992,71.27404022216797,235.3992919921875,0.0,-0.0008537736139260232,0.21070386469364166
1803,1712340589.1217349,vehicle.toyota.prius,61.68976974487305,71.10741424560547,235.39930725097656,0.0,-0.0008537736139260232,0.21070386469364166
1804,1712340589.2242396,vehicle.toyota.prius,61.58256149291992,70.9296875,235.39930725097656,0.0,-0.0008537736139260232,0.21070386469364166
1805,1712340589.326788,vehicle.toyota.prius,61.49185562133789,70.7630615234375,235.39930725097656,0.0,-0.0008537736139260232,0.21070386469364166
1806,1712340589.4290793,vehicle.toyota.prius,61.38465118408203,70.52978515625,235.39930725097656,0.0,-0.0008537736139260232,0.21070386469364166
1807,1712340589.5310218,vehicle.toyota.prius,61.30218505859375,70.329833984375,235.39930725097656,0.0,-0.0008264528587460518,0.21070386469364166
1808,1712340589.632805,vehicle.toyota.prius,61.23621368408203,70.07434844970703,235.39930725097656,0.0,-0.0008264528587460518,0.21070386469364166
1809,1712340589.7352114,vehicle.toyota.prius,61.19498062133789,69.81885528564453,235.4993133544922,0.0,-0.0008264528587460518,0.21070386469364166
1810,1712340589.8379116,vehicle.toyota.prius,61.10426712036133,69.60779571533203,235.49932861328125,0.0,-0.0008264528587460518,0.3526068329811096
1811,1712340589.9404354,vehicle.toyota.prius,60.94758605957031,69.36341857910156,235.49932861328125,0.0,-0.0008264528587460518,0.6297008991241455
1812,1712340590.0428743,vehicle.toyota.prius,60.815643310546875,69.17457580566406,235.49932861328125,0.0,-0.0008264528587460518,0.7072718143463135
1813,1712340590.1452444,vehicle.toyota.prius,60.675453186035156,68.94129943847656,235.49932861328125,0.0,-0.0008264528587460518,0.9775749444961548
1814,1712340590.2473676,vehicle.toyota.prius,60.54350280761719,68.7080307006836,235.49932861328125,0.0,-0.0008264528587460518,1.0680277347564697
1815,1712340590.349491,vehicle.toyota.prius,60.42805480957031,68.4636459350586,235.49932861328125,0.0,-0.0008264528587460518,1.3370037078857422
1816,1712340590.451291,vehicle.toyota.prius,60.27961730957031,68.23037719726562,235.49932861328125,0.0,-0.0007923019002191722,1.4295225143432617
1817,1712340590.5538576,vehicle.toyota.prius,60.139427185058594,67.99710083007812,235.49932861328125,0.0,-0.0007923019002191722,1.696571707725525
1818,1712340590.6562488,vehicle.toyota.prius,59.98274230957031,67.75271606445312,235.4993438720703,0.0,-0.0007923019002191722,1.7928054332733154
1819,1712340590.7582755,vehicle.toyota.prius,59.842552185058594,67.53055572509766,235.4993438720703,0.0,-0.0007923019002191722,2.0525474548339844
1820,1712340590.860291,vehicle.toyota.prius,59.69411849975586,67.29727935791016,235.4993438720703,0.0,-0.0007923019002191722,2.3131203651428223
1821,1712340590.962257,vehicle.toyota.prius,59.53744125366211,67.05290222167969,235.599365234375,0.0,-0.0007923019002191722,2.4066929817199707
1822,1712340591.064068,vehicle.toyota.prius,59.290042877197266,66.53080749511719,235.599365234375,0.0,-0.0007923019002191722,2.7635161876678467
1823,1712340591.1659229,vehicle.toyota.prius,59.133358001708984,66.27532196044922,235.599365234375,0.0,-0.0007923019002191722,3.0198071002960205
1824,1712340591.2680116,vehicle.toyota.prius,59.133358001708984,66.27532196044922,235.599365234375,0.0,-0.0007923019002191722,3.0198071002960205
1825,1712340591.3699286,vehicle.toyota.prius,58.984920501708984,66.01982879638672,235.599365234375,0.0,-0.0007923019002191722,3.1126677989959717
1826,1712340591.4723246,vehicle.toyota.prius,58.712791442871094,65.47552490234375,235.59939575195312,0.0,-0.0007649811450392008,3.46109676361084
1827,1712340591.5745132,vehicle.toyota.prius,58.712791442871094,65.47552490234375,235.59939575195312,0.0,-0.0007649811450392008,3.46109676361084
1828,1712340591.676472,vehicle.toyota.prius,58.62207794189453,65.16448974609375,235.59939575195312,0.0,-0.0007649811450392008,3.7177793979644775
1829,1712340591.778798,vehicle.toyota.prius,58.349945068359375,64.64240264892578,235.6993865966797,0.0,-0.0007649811450392008,4.038585186004639
1830,1712340591.8810844,vehicle.toyota.prius,58.209754943847656,64.36470031738281,235.6993865966797,0.0,-0.0007649811450392008,4.13088846206665
1831,1712340591.983302,vehicle.toyota.prius,58.209754943847656,64.36470031738281,235.6993865966797,0.0,-0.0007649811450392008,4.13088846206665
1832,1712340592.0859678,vehicle.toyota.prius,58.03657531738281,63.74263000488281,235.69940185546875,0.0,-0.0007308301865123212,4.475473403930664
1833,1712340592.1881566,vehicle.toyota.prius,57.95410919189453,63.46492004394531,235.69940185546875,0.0,-0.0007308301865123212,4.522018909454346
1834,1712340592.290512,vehicle.toyota.prius,57.822166442871094,63.16499710083008,235.69940185546875,0.0,-0.0007308301865123212,4.489360809326172
1835,1712340592.392597,vehicle.toyota.prius,57.690223693847656,62.87618637084961,235.69940185546875,0.0,-0.0007308301865123212,4.410695552825928
1836,1712340592.494577,vehicle.toyota.prius,57.690223693847656,62.87618637084961,235.69940185546875,0.0,-0.0007308301865123212,4.410695552825928
1837,1712340592.5969937,vehicle.toyota.prius,57.525291442871094,62.27634048461914,235.79942321777344,0.0,-0.0007035094313323498,4.244261741638184
1838,1712340592.6990354,vehicle.toyota.prius,57.500545501708984,61.94308853149414,235.79942321777344,0.0,-0.0007035094313323498,4.149927616119385
1839,1712340592.8011444,vehicle.toyota.prius,57.40983581542969,61.60983657836914,235.79942321777344,0.0,-0.0007035094313323498,4.057437419891357
1840,1712340592.9032516,vehicle.toyota.prius,57.31087875366211,61.33213424682617,235.79942321777344,0.0,-0.0007035094313323498,3.981017827987671
1841,1712340593.0053751,vehicle.toyota.prius,57.203670501708984,61.02110290527344,235.79945373535156,0.0,-0.0006761886761523783,3.940680742263794
1842,1712340593.1073735,vehicle.toyota.prius,57.07997512817383,60.6656379699707,235.79945373535156,0.0,-0.0006761886761523783,3.8546760082244873
1843,1712340593.2099087,vehicle.toyota.prius,57.07997512817383,60.6656379699707,235.79945373535156,0.0,-0.0006761886761523783,3.8546760082244873
1844,1712340593.3122668,vehicle.toyota.prius,56.92329025268555,60.0546760559082,235.79945373535156,0.0,-0.0006420377176254988,3.6828339099884033
1845,1712340593.4151158,vehicle.toyota.prius,56.86555862426758,59.74364471435547,235.79946899414062,0.0,-0.0006420377176254988,3.5949504375457764
1846,1712340593.5168684,vehicle.toyota.prius,56.832576751708984,59.3992919921875,235.89944458007812,0.0,-0.0006147170206531882,3.497088670730591
1847,1712340593.6191072,vehicle.toyota.prius,56.799583435058594,59.0438232421875,235.8994598388672,0.0,-0.0006147170206531882,3.3960483074188232
1848,1712340593.7215934,vehicle.toyota.prius,56.79133605957031,58.655033111572266,235.8994598388672,0.0,-0.0006147170206531882,3.285029649734497
1849,1712340593.823366,vehicle.toyota.prius,56.76659393310547,58.388431549072266,235.8994598388672,0.0,-0.0006147170206531882,3.209249258041382
1850,1712340593.9254403,vehicle.toyota.prius,56.70062255859375,57.97742462158203,235.8994598388672,0.0,-0.0006147170206531882,3.0929296016693115
1851,1712340594.0273166,vehicle.toyota.prius,56.64289855957031,57.68860626220703,235.8994903564453,0.0,-0.0006147170206531882,3.062523603439331
1852,1712340594.129526,vehicle.toyota.prius,56.58517074584961,57.39979553222656,235.8994903564453,0.0,-0.0006147170206531882,2.9803295135498047
1853,1712340594.2320037,vehicle.toyota.prius,56.50270462036133,56.95546340942383,235.8994903564453,0.0,-0.0006147170206531882,2.853817939758301
1854,1712340594.3342445,vehicle.toyota.prius,56.44497299194336,56.65553665161133,235.8994903564453,0.0,-0.0006147170206531882,2.7684402465820312
1855,1712340594.4362352,vehicle.toyota.prius,56.3954963684082,56.377830505371094,235.8994903564453,0.0,-0.0006147170206531882,2.6893527507781982
1856,1712340594.537956,vehicle.toyota.prius,56.2635498046875,55.71133041381836,235.99951171875,0.0,-0.0005805660621263087,2.4996585845947266
1857,1712340594.6400626,vehicle.toyota.prius,56.2635498046875,55.71133041381836,235.99951171875,0.0,-0.0005805660621263087,2.4996585845947266
1858,1712340594.742246,vehicle.toyota.prius,56.1893310546875,55.33364486694336,235.99951171875,0.0,-0.0005805660621263087,2.3921597003936768
1859,1712340594.8441982,vehicle.toyota.prius,56.073875427246094,54.711585998535156,235.99951171875,0.0,-0.0005532453069463372,2.21504545211792
1860,1712340594.9467769,vehicle.toyota.prius,56.073875427246094,54.711585998535156,235.99951171875,0.0,-0.0005532453069463372,2.21504545211792
1861,1712340595.0490415,vehicle.toyota.prius,56.03263854980469,54.356117248535156,235.99951171875,0.0,-0.0005532453069463372,2.113615036010742
1862,1712340595.1512883,vehicle.toyota.prius,56.00790023803711,54.02286911010742,235.99952697753906,0.0,-0.0005190943484194577,2.0184011459350586
1863,1712340595.2531404,vehicle.toyota.prius,56.016136169433594,53.24528121948242,235.99952697753906,0.0,-0.0005190943484194577,1.8450100421905518
1864,1712340595.355364,vehicle.toyota.prius,56.032630920410156,52.91203308105469,235.99952697753906,0.0,-0.0005190943484194577,1.7495317459106445
1865,1712340595.4586804,vehicle.toyota.prius,56.032630920410156,52.91203308105469,235.99952697753906,0.0,-0.0005190943484194577,1.7495317459106445
1866,1712340595.5610795,vehicle.toyota.prius,56.024383544921875,52.58989715576172,235.99952697753906,0.0,-0.0005190943484194577,1.6572339534759521
1867,1712340595.6631057,vehicle.toyota.prius,56.00788497924805,52.27886199951172,235.99954223632812,0.0,-0.0005190943484194577,1.5681157112121582
1868,1712340595.7649956,vehicle.toyota.prius,55.94190979003906,51.567928314208984,236.09954833984375,0.0,-0.0005190943484194577,1.3644142150878906
1869,1712340595.8672907,vehicle.toyota.prius,55.91716766357422,51.20135498046875,236.09954833984375,0.0,-0.0005190943484194577,1.2593824863433838
1870,1712340595.969802,vehicle.toyota.prius,55.91716766357422,51.20135498046875,236.09954833984375,0.0,-0.0005190943484194577,1.2593824863433838
1871,1712340596.0721178,vehicle.toyota.prius,55.86768341064453,50.57929229736328,236.09954833984375,0.0,-0.0004917735932394862,1.0811458826065063
1872,1712340596.173847,vehicle.toyota.prius,55.83469772338867,50.20160675048828,236.09954833984375,0.0,-0.0004917735932394862,0.9729292392730713
1873,1712340596.2757878,vehicle.toyota.prius,55.80995559692383,49.90168380737305,236.0995635986328,0.0,-0.0004917735932394862,0.8869937062263489
1874,1712340596.377775,vehicle.toyota.prius,55.7769660949707,49.54621887207031,236.0995635986328,0.0,-0.0004917735932394862,0.7851436734199524
1875,1712340596.4802158,vehicle.toyota.prius,55.7769660949707,49.54621887207031,236.0995635986328,0.0,-0.0004917735932394862,0.7851436734199524
1876,1712340596.5821745,vehicle.toyota.prius,55.74397659301758,49.17964172363281,236.0995635986328,0.0,-0.0004917735932394862,0.7407971024513245
1877,1712340596.6851847,vehicle.toyota.prius,55.68625259399414,48.51314163208008,236.19956970214844,0.0,-0.0004917735932394862,0.7407971024513245
1878,1712340596.787709,vehicle.toyota.prius,55.66150665283203,48.20210647583008,236.19956970214844,0.0,-0.0004917735932394862,0.7407971024513245
1879,1712340596.8894904,vehicle.toyota.prius,55.66150665283203,48.20210647583008,236.19956970214844,0.0,-0.0004917735932394862,0.7407971024513245
1880,1712340596.9916558,vehicle.toyota.prius,55.58728790283203,47.502288818359375,236.19956970214844,0.0,-0.00045762263471260667,0.7407971024513245
1881,1712340597.0936828,vehicle.toyota.prius,55.55429458618164,47.11349868774414,236.1995849609375,0.0,-0.00045762263471260667,0.7407971024513245
1882,1712340597.1960342,vehicle.toyota.prius,55.52955627441406,46.79135513305664,236.1995849609375,0.0,-0.00045762263471260667,0.7407971024513245
1883,1712340597.2983837,vehicle.toyota.prius,55.4965705871582,46.46921157836914,236.1995849609375,0.0,-0.00045762263471260667,0.7407971024513245
1884,1712340597.4008076,vehicle.toyota.prius,55.46357727050781,46.13596725463867,236.1995849609375,0.0,-0.00045762263471260667,0.7407971024513245
1885,1712340597.5033572,vehicle.toyota.prius,55.46357727050781,46.13596725463867,236.1995849609375,0.0,-0.00045762263471260667,0.7407971024513245
1886,1712340597.6057155,vehicle.toyota.prius,55.405853271484375,45.44725036621094,236.29959106445312,0.0,-0.00045762263471260667,0.7407971024513245
1887,1712340597.7075405,vehicle.toyota.prius,55.372859954833984,45.1140022277832,236.29959106445312,0.0,-0.00045762263471260667,0.7407971024513245
1888,1712340597.8095489,vehicle.toyota.prius,55.33987808227539,44.7918586730957,236.29959106445312,0.0,-0.00045762263471260667,0.7407971024513245
1889,1712340597.9117498,vehicle.toyota.prius,55.31513595581055,44.5030403137207,236.2996063232422,0.0,-0.00045762263471260667,0.7407971024513245
1890,1712340598.0135233,vehicle.toyota.prius,55.28214645385742,44.10314178466797,236.2996063232422,0.0,-0.00045762263471260667,0.7407971024513245
1891,1712340598.1157434,vehicle.toyota.prius,55.25740051269531,43.81432342529297,236.2996063232422,0.0,-0.00045762263471260667,0.7407971024513245
1892,1712340598.217548,vehicle.toyota.prius,55.22441864013672,43.44775390625,236.2996063232422,0.0,-0.00045762263471260667,0.7407971024513245
1893,1712340598.3204432,vehicle.toyota.prius,55.199676513671875,43.1700439453125,236.2996063232422,0.0,-0.00045762263471260667,0.7407971024513245
1894,1712340598.4225748,vehicle.toyota.prius,55.16668701171875,42.792362213134766,236.2996063232422,0.0,-0.00045762263471260667,0.7407971024513245
1895,1712340598.5248098,vehicle.toyota.prius,55.14194869995117,42.49243927001953,236.29962158203125,0.0,-0.00045762263471260667,0.7407971024513245
1896,1712340598.6271312,vehicle.toyota.prius,55.10895919799805,42.11475372314453,236.29962158203125,0.0,-0.00045762263471260667,0.8409221172332764
1897,1712340598.7292333,vehicle.toyota.prius,55.092464447021484,41.83704376220703,236.29962158203125,0.0,-0.0004234717052895576,0.8408968448638916
1898,1712340598.8313713,vehicle.toyota.prius,55.059471130371094,41.49269104003906,236.29962158203125,0.0,-0.0003961509501095861,0.8408442735671997
1899,1712340598.9340203,vehicle.toyota.prius,55.03472900390625,41.17054748535156,236.29962158203125,0.0,-0.0003961509501095861,0.8407737612724304
1900,1712340599.0363631,vehicle.toyota.prius,55.03472900390625,40.78175735473633,236.29962158203125,0.0,-0.0003961509501095861,0.8406615853309631
1901,1712340599.1386428,vehicle.toyota.prius,55.05121994018555,40.49293899536133,236.29962158203125,0.0,-0.0003961509501095861,0.840559184551239
1902,1712340599.2409902,vehicle.toyota.prius,55.06770706176758,40.193016052246094,236.29962158203125,0.0,-0.0003961509501095861,0.840453028678894
1903,1712340599.3435307,vehicle.toyota.prius,55.05946350097656,39.80422592163086,236.29962158203125,0.0,-0.0003961509501095861,0.8403258919715881
1904,1712340599.44587,vehicle.toyota.prius,55.04296875,39.53762435913086,236.29962158203125,0.0,-0.0003961509501095861,0.8402559757232666
1905,1712340599.5480738,vehicle.toyota.prius,55.03472137451172,39.17104721069336,236.39964294433594,0.0,-0.0003961509501095861,0.8401826620101929
1906,1712340599.6503491,vehicle.toyota.prius,55.02647018432617,38.84891128540039,236.39964294433594,0.0,-0.00036883019492961466,0.8401401042938232
1907,1712340599.752495,vehicle.toyota.prius,55.00997543334961,38.53787612915039,236.39964294433594,0.0,-0.00036883019492961466,0.8401185274124146
1908,1712340599.8542295,vehicle.toyota.prius,55.01821517944336,38.215736389160156,236.39964294433594,0.0,-0.00036883019492961466,0.7893456220626831
1909,1712340599.9563088,vehicle.toyota.prius,55.00996780395508,37.860267639160156,236.39964294433594,0.0,-0.00036883019492961466,0.7893456220626831
1910,1712340600.0584497,vehicle.toyota.prius,54.98522186279297,37.21598815917969,236.39964294433594,0.0,-0.00033467926550656557,0.7893456220626831
1911,1712340600.1611595,vehicle.toyota.prius,54.98522186279297,37.21598815917969,236.39964294433594,0.0,-0.00033467926550656557,0.7893456220626831
1912,1712340600.2641187,vehicle.toyota.prius,54.98522186279297,36.89384460449219,236.39964294433594,0.0,-0.00033467926550656557,0.7893456220626831
1913,1712340600.3663223,vehicle.toyota.prius,55.01820755004883,36.53837966918945,236.39964294433594,0.0,-0.00033467926550656557,0.7893456220626831
1914,1712340600.4684072,vehicle.toyota.prius,55.0594367980957,36.22734451293945,236.39964294433594,0.0,-0.00033467926550656557,0.7893456220626831
1915,1712340600.5708613,vehicle.toyota.prius,55.06768035888672,35.87187957763672,236.39964294433594,0.0,-0.00033467926550656557,0.7893456220626831
1916,1712340600.6732173,vehicle.toyota.prius,55.06767272949219,35.58306121826172,236.39964294433594,0.0,-0.00033467926550656557,0.7893456220626831
1917,1712340600.7753503,vehicle.toyota.prius,55.0759162902832,34.949886322021484,236.39964294433594,0.0,-0.0003073585103265941,0.7893456220626831
1918,1712340600.877096,vehicle.toyota.prius,55.0924072265625,34.57220458984375,236.39964294433594,0.0,-0.0003073585103265941,0.7893456220626831
1919,1712340600.9792247,vehicle.toyota.prius,55.0924072265625,34.57220458984375,236.39964294433594,0.0,-0.0003073585103265941,0.7893456220626831
1920,1712340601.0814276,vehicle.toyota.prius,55.10889434814453,33.894596099853516,236.399658203125,0.0,-0.0003073585103265941,0.7893456220626831
1921,1712340601.1839821,vehicle.toyota.prius,55.10889434814453,33.894596099853516,236.399658203125,0.0,-0.0003073585103265941,0.7893456220626831
1922,1712340601.2863848,vehicle.toyota.prius,55.108890533447266,33.29474639892578,236.399658203125,0.0,-0.0003073585103265941,0.7893456220626831
1923,1712340601.388944,vehicle.toyota.prius,55.12538146972656,32.97260665893555,236.399658203125,0.0,-0.0003073585103265941,0.7809742093086243
1924,1712340601.4907713,vehicle.toyota.prius,55.12537384033203,32.66157150268555,236.399658203125,0.0,-0.0003073585103265941,0.7665656208992004
1925,1712340601.5935287,vehicle.toyota.prius,55.12537384033203,32.66157150268555,236.399658203125,0.0,-0.0003073585103265941,0.7665656208992004
1926,1712340601.6955833,vehicle.toyota.prius,55.14186477661133,31.995073318481445,236.399658203125,0.0,-0.00027320755179971457,0.7356836199760437
1927,1712340601.79791,vehicle.toyota.prius,55.15835189819336,31.628498077392578,236.399658203125,0.0,-0.00027320755179971457,0.718695342540741
1928,1712340601.900098,vehicle.toyota.prius,55.17484664916992,31.25081443786621,236.399658203125,0.0,-0.00027320755179971457,0.7011924386024475
1929,1712340602.0019972,vehicle.toyota.prius,55.19132995605469,30.88423728942871,236.39968872070312,0.0,-0.00027320755179971457,0.6842041015625
1930,1712340602.1042304,vehicle.toyota.prius,55.19132995605469,30.706504821777344,236.39968872070312,0.0,-0.00027320755179971457,0.6759707927703857
1931,1712340602.206718,vehicle.toyota.prius,55.1995735168457,30.29549789428711,236.39968872070312,0.0,-0.00027320755179971457,0.6569276452064514
1932,1712340602.309004,vehicle.toyota.prius,55.1995735168457,29.895599365234375,236.39968872070312,0.0,-0.00027320755179971457,0.6384025812149048
1933,1712340602.4110887,vehicle.toyota.prius,55.20781707763672,29.695648193359375,236.39968872070312,0.0,-0.00027320755179971457,0.6291365027427673
1934,1712340602.5134494,vehicle.toyota.prius,55.20780944824219,29.28464126586914,236.39968872070312,0.0,-0.00027320755179971457,0.61009681224823
1935,1712340602.6159291,vehicle.toyota.prius,55.21605682373047,29.073583602905273,236.39968872070312,0.0,-0.00027320755179971457,0.6003162860870361
1936,1712340602.7186837,vehicle.toyota.prius,55.2160530090332,28.640357971191406,236.39968872070312,0.0,-0.00027320755179971457,0.5802474021911621
1937,1712340602.8208709,vehicle.toyota.prius,55.2160530090332,28.640357971191406,236.39968872070312,0.0,-0.00027320755179971457,0.5802474021911621
1938,1712340602.9232476,vehicle.toyota.prius,55.2325439453125,27.97385597229004,236.39968872070312,0.0,-0.00027320755179971457,0.5493651628494263
1939,1712340603.0254393,vehicle.toyota.prius,55.23253631591797,27.762800216674805,236.3997039794922,0.0,-0.00027320755179971457,0.5395880937576294
1940,1712340603.127395,vehicle.toyota.prius,55.240779876708984,27.351791381835938,236.3997039794922,0.0,-0.00027320755179971457,0.5205449461936951
1941,1712340603.2293167,vehicle.toyota.prius,55.240779876708984,27.14073371887207,236.3997039794922,0.0,-0.00027320755179971457,0.5107677578926086
1942,1712340603.3313622,vehicle.toyota.prius,55.2490234375,26.540884017944336,236.3997039794922,0.0,-0.00027320755179971457,0.48297661542892456
1943,1712340603.4334152,vehicle.toyota.prius,55.2490234375,26.540884017944336,236.3997039794922,0.0,-0.00027320755179971457,0.48297661542892456
1944,1712340603.5355396,vehicle.toyota.prius,55.24901580810547,26.1409854888916,236.3997039794922,0.0,-0.0002458867966197431,0.4691111445426941
1945,1712340603.6385505,vehicle.toyota.prius,55.25726318359375,25.7521915435791,236.3997039794922,0.0,-0.0002458867966197431,0.451111763715744
1946,1712340603.7408595,vehicle.toyota.prius,55.25726318359375,25.574459075927734,236.3997039794922,0.0,-0.0002458867966197431,1.0870195627212524
1947,1712340603.8426993,vehicle.toyota.prius,55.2655029296875,24.841310501098633,236.3997039794922,0.0,-0.00021856604143977165,1.1199477910995483
1948,1712340603.94504,vehicle.toyota.prius,55.2655029296875,24.841310501098633,236.3997039794922,0.0,-0.00021856604143977165,1.1199477910995483
1949,1712340604.0473604,vehicle.toyota.prius,55.27375030517578,24.674686431884766,236.3997039794922,0.0,-0.00021856604143977165,1.10257887840271
1950,1712340604.1504622,vehicle.toyota.prius,55.28199005126953,24.330326080322266,236.3997039794922,0.0,-0.00021856604143977165,0.202362060546875
1951,1712340604.252934,vehicle.toyota.prius,55.29848098754883,23.663827896118164,236.39971923828125,0.0,-0.00021856604143977165,0.202301025390625
1952,1712340604.3547943,vehicle.toyota.prius,55.30672073364258,23.341686248779297,236.39971923828125,0.0,-0.00021856604143977165,0.3395146429538727
1953,1712340604.4566507,vehicle.toyota.prius,55.314964294433594,23.019542694091797,236.39971923828125,0.0,-0.00021856604143977165,0.32460224628448486
1954,1712340604.559746,vehicle.toyota.prius,55.314964294433594,23.019542694091797,236.39971923828125,0.0,-0.00021856604143977165,0.32460224628448486
1955,1712340604.6623006,vehicle.toyota.prius,55.314964294433594,22.71961784362793,236.49969482421875,0.0,-0.00021856604143977165,0.31461575627326965
1956,1712340604.7669957,vehicle.toyota.prius,55.32320785522461,22.408588409423828,236.49969482421875,0.0,-0.00018441509746480733,0.31882035732269287
1957,1712340604.8697107,vehicle.toyota.prius,55.33144760131836,21.80873680114746,236.49972534179688,0.0,-0.00018441509746480733,0.32693150639533997
1958,1712340604.972089,vehicle.toyota.prius,55.331443786621094,21.497705459594727,236.49972534179688,0.0,-0.00018441509746480733,0.3311384618282318
1959,1712340605.0740154,vehicle.toyota.prius,55.331443786621094,21.497705459594727,236.49972534179688,0.0,-0.00018441509746480733,0.3311384618282318
1960,1712340605.1757734,vehicle.toyota.prius,55.30670166015625,20.908964157104492,236.39971923828125,0.0,-0.00018441509746480733,-0.2015012949705124
1961,1712340605.2778308,vehicle.toyota.prius,55.31494903564453,20.520170211791992,236.39971923828125,0.0,-0.00018441509746480733,-0.20144279301166534
1962,1712340605.3802266,vehicle.toyota.prius,55.32319259643555,20.275789260864258,236.39971923828125,0.0,-0.00018441509746480733,-0.20142830908298492
1963,1712340605.4819756,vehicle.toyota.prius,55.33143615722656,19.89810562133789,236.49972534179688,0.0,-0.00018441509746480733,0.35277438163757324
1964,1712340605.5847495,vehicle.toyota.prius,55.33143615722656,19.89810562133789,236.49972534179688,0.0,-0.00018441509746480733,0.35277438163757324
1965,1712340605.6872835,vehicle.toyota.prius,55.33143615722656,19.664831161499023,236.49972534179688,0.0,-0.00018441509746480733,0.35592958331108093
1966,1712340605.789757,vehicle.toyota.prius,55.33967590332031,18.97611427307129,236.49972534179688,0.0,-0.00018441509746480733,-1.21356201171875
1967,1712340605.8922453,vehicle.toyota.prius,55.34791946411133,18.665081024169922,236.49972534179688,0.0,-0.00018441509746480733,-1.191986083984375
1968,1712340605.994628,vehicle.toyota.prius,55.331424713134766,18.376266479492188,236.49972534179688,0.0,-0.00018441509746480733,-1.1612548828125
1969,1712340606.096688,vehicle.toyota.prius,55.323177337646484,18.09855842590332,236.49972534179688,0.0,-0.00018441509746480733,-1.140228271484375
1970,1712340606.1988485,vehicle.toyota.prius,55.32317352294922,17.731983184814453,236.49972534179688,0.0,-0.00018441509746480733,-1.11309814453125
1971,1712340606.3005915,vehicle.toyota.prius,55.33141326904297,17.465383529663086,236.49972534179688,0.0,-0.00015709434228483588,0.3856789171695709
1972,1712340606.4028976,vehicle.toyota.prius,55.3314094543457,17.10991668701172,236.49974060058594,0.0,-0.00015709434228483588,0.3904868960380554
1973,1712340606.5047095,vehicle.toyota.prius,55.339656829833984,16.84331703186035,236.49974060058594,0.0,-0.00015709434228483588,0.39409053325653076
1974,1712340606.6067333,vehicle.toyota.prius,55.339656829833984,16.498958587646484,236.49974060058594,0.0,-0.00015709434228483588,0.3987482488155365
1975,1712340606.7092755,vehicle.toyota.prius,55.33965301513672,16.232358932495117,236.49974060058594,0.0,-0.00015709434228483588,0.4031352996826172
1976,1712340606.8110585,vehicle.toyota.prius,55.34789276123047,15.88800048828125,236.49974060058594,0.0,-0.00015709434228483588,0.4077952206134796
1977,1712340606.913637,vehicle.toyota.prius,55.34789276123047,15.621400833129883,236.49974060058594,0.0,-0.00015709434228483588,0.41140010952949524
1978,1712340607.015556,vehicle.toyota.prius,55.35614013671875,15.2548246383667,236.49974060058594,0.0,-0.00015709434228483588,0.4163604974746704
1979,1712340607.1175885,vehicle.toyota.prius,55.356136322021484,14.977117538452148,236.49974060058594,0.0,-0.00015709434228483588,0.42011559009552
1980,1712340607.2197304,vehicle.toyota.prius,55.35613250732422,14.688300132751465,236.49974060058594,0.0,-0.00015709434228483588,0.424020916223526
1981,1712340607.3220155,vehicle.toyota.prius,55.36437225341797,14.388376235961914,236.49974060058594,0.0,-0.00015709434228483588,0.4280799925327301
1982,1712340607.4244103,vehicle.toyota.prius,55.36437225341797,14.088451385498047,236.49974060058594,0.0,-0.00015709434228483588,0.43213552236557007
1983,1712340607.5517666,vehicle.toyota.prius,55.3643684387207,13.788527488708496,236.49974060058594,0.0,-0.00015709434228483588,0.43619105219841003
1984,1712340607.6535323,vehicle.toyota.prius,55.3643684387207,13.421951293945312,236.49974060058594,0.0,-0.00015709434228483588,0.4411478042602539
1985,1712340607.7559133,vehicle.toyota.prius,55.3643684387207,13.133135795593262,236.49974060058594,0.0,-0.00012294339830987155,0.452667236328125
1986,1712340607.858142,vehicle.toyota.prius,55.3643684387207,12.866535186767578,236.59974670410156,0.0,-0.00012294339830987155,0.452667236328125
1987,1712340607.9604228,vehicle.toyota.prius,55.36436462402344,12.511070251464844,236.59974670410156,0.0,-0.00012294339830987155,0.452667236328125
1988,1712340608.062304,vehicle.toyota.prius,55.36436080932617,12.18892765045166,236.59974670410156,0.0,-0.00012294339830987155,0.452667236328125
1989,1712340608.164685,vehicle.toyota.prius,55.35610580444336,11.633511543273926,236.59974670410156,0.0,-9.56226431299001e-05,0.452667236328125
1990,1712340608.2669647,vehicle.toyota.prius,55.35610580444336,11.633511543273926,236.59974670410156,0.0,-9.56226431299001e-05,0.452667236328125
1991,1712340608.3693786,vehicle.toyota.prius,55.35610580444336,11.322479248046875,236.59974670410156,0.0,-9.56226431299001e-05,0.452667236328125
1992,1712340608.471556,vehicle.toyota.prius,55.356101989746094,10.66708755493164,236.59974670410156,0.0,-9.56226431299001e-05,0.452667236328125
1993,1712340608.573318,vehicle.toyota.prius,55.34785461425781,10.400487899780273,236.59974670410156,0.0,-9.56226431299001e-05,0.452667236328125
1994,1712340608.6756139,vehicle.toyota.prius,55.34785461425781,10.400487899780273,236.59974670410156,0.0,-9.56226431299001e-05,0.452667236328125
1995,1712340608.778132,vehicle.toyota.prius,55.35609436035156,9.756205558776855,236.59974670410156,0.0,-9.56226431299001e-05,0.452667236328125
1996,1712340608.8800337,vehicle.toyota.prius,55.35609436035156,9.500714302062988,236.59974670410156,0.0,-9.56226431299001e-05,0.452667236328125
1997,1712340608.9823716,vehicle.toyota.prius,55.35609436035156,9.500714302062988,236.59974670410156,0.0,-9.56226431299001e-05,0.452667236328125
1998,1712340609.085084,vehicle.toyota.prius,55.34783935546875,8.856431007385254,236.59974670410156,0.0,-9.56226431299001e-05,0.452667236328125
1999,1712340609.1874912,vehicle.toyota.prius,55.34783935546875,8.589831352233887,236.59974670410156,0.0,-9.56226431299001e-05,0.452667236328125
2000,1712340609.2899005,vehicle.toyota.prius,55.34783935546875,8.22325611114502,236.59974670410156,0.0,-6.147169915493578e-05,0.452667236328125
2001,1712340609.392271,vehicle.toyota.prius,55.34783935546875,8.22325611114502,236.59974670410156,0.0,-6.147169915493578e-05,0.452667236328125
2002,1712340609.4946866,vehicle.toyota.prius,55.34783172607422,7.601190567016602,236.69973754882812,0.0,-6.147169915493578e-05,0.45265230536460876
2003,1712340609.5977073,vehicle.toyota.prius,55.34783172607422,7.312374114990234,236.69973754882812,0.0,-6.147169915493578e-05,0.4503333866596222
2004,1712340609.699843,vehicle.toyota.prius,55.35607147216797,7.001340866088867,236.69973754882812,0.0,-6.147169915493578e-05,0.45055824518203735
2005,1712340609.8026972,vehicle.toyota.prius,55.3560676574707,6.67919921875,236.69973754882812,0.0,-6.147169915493578e-05,0.4507906436920166
2006,1712340609.9048767,vehicle.toyota.prius,55.3560676574707,6.345949649810791,236.69973754882812,0.0,-6.147169915493578e-05,0.45103076100349426
2007,1712340610.00711,vehicle.toyota.prius,55.3560676574707,6.112674236297607,236.69973754882812,0.0,-6.147169915493578e-05,0.4511986970901489
2008,1712340610.1094968,vehicle.toyota.prius,55.36431121826172,5.757208347320557,236.69973754882812,0.0,-6.147169915493578e-05,0.4487886130809784
2009,1712340610.2118163,vehicle.toyota.prius,55.36431121826172,5.490608215332031,236.69973754882812,0.0,-6.147169915493578e-05,0.4583539664745331
2010,1712340610.3136878,vehicle.toyota.prius,55.36430358886719,5.235116958618164,236.69973754882812,0.0,-6.147169915493578e-05,0.45853736996650696
2011,1712340610.4160237,vehicle.toyota.prius,55.36429977416992,4.824109077453613,236.69973754882812,0.0,-6.147169915493578e-05,0.45883211493492126
2012,1712340610.518161,vehicle.toyota.prius,55.3725471496582,4.546400547027588,236.69973754882812,0.0,-6.147169915493578e-05,0.4590313136577606
2013,1712340610.6201217,vehicle.toyota.prius,55.3725471496582,4.246476173400879,236.69973754882812,0.0,-6.147169915493578e-05,0.4592459797859192
2014,1712340610.7224102,vehicle.toyota.prius,55.37254333496094,3.9243342876434326,236.69973754882812,0.0,-6.147169915493578e-05,0.4594762921333313
2015,1712340610.8244982,vehicle.toyota.prius,55.38078308105469,3.6133012771606445,236.69973754882812,0.0,-6.147169915493578e-05,0.45969870686531067
2016,1712340610.9266863,vehicle.toyota.prius,55.38077926635742,3.2689430713653564,236.69973754882812,0.0,-6.147169915493578e-05,0.45994436740875244
2017,1712340611.0288618,vehicle.toyota.prius,55.38077926635742,3.102318286895752,236.69973754882812,0.0,-6.147169915493578e-05,0.4600631594657898
2018,1712340611.1313748,vehicle.toyota.prius,55.38077926635742,2.746851682662964,236.69973754882812,0.0,-6.147169915493578e-05,0.46031635999679565
2019,1712340611.2337437,vehicle.toyota.prius,55.38902282714844,2.391385555267334,236.69973754882812,0.0,-6.147169915493578e-05,0.46056950092315674
2020,1712340611.3360705,vehicle.toyota.prius,55.38902282714844,2.2025439739227295,236.69973754882812,0.0,-6.147169915493578e-05,0.46070370078086853
2021,1712340611.4378488,vehicle.toyota.prius,55.38901901245117,1.82486093044281,236.69973754882812,0.0,-6.147169915493578e-05,0.4609718918800354
2022,1712340611.5397089,vehicle.toyota.prius,55.38901901245117,1.636019229888916,236.69973754882812,0.0,-6.147169915493578e-05,0.4611058831214905
2023,1712340611.6417997,vehicle.toyota.prius,55.39725875854492,1.0472780466079712,236.69973754882812,0.0,-6.147169915493578e-05,0.46152326464653015
2024,1712340611.7443035,vehicle.toyota.prius,55.39725875854492,1.0472780466079712,236.69973754882812,0.0,-6.147169915493578e-05,0.46152326464653015
2025,1712340611.846655,vehicle.toyota.prius,55.397254943847656,0.6251617074012756,236.69973754882812,0.0,-6.147169915493578e-05,0.4618218243122101
2026,1712340611.9483902,vehicle.toyota.prius,55.397254943847656,0.41410350799560547,236.69973754882812,0.0,-6.147169915493578e-05,0.4619709849357605
2027,1712340612.0502148,vehicle.toyota.prius,55.40549087524414,-0.26350441575050354,236.69973754882812,0.0,-6.147169915493578e-05,0.462449312210083
2028,1712340612.152295,vehicle.toyota.prius,55.40549087524414,-0.26350441575050354,236.69973754882812,0.0,-6.147169915493578e-05,0.462449312210083
2029,1712340612.25439,vehicle.toyota.prius,55.40549087524414,-0.9077872037887573,236.69973754882812,0.0,-6.147169915493578e-05,0.46290281414985657
2030,1712340612.356784,vehicle.toyota.prius,55.413734436035156,-1.1299538612365723,236.69973754882812,0.0,-6.147169915493578e-05,0.46305927634239197
2031,1712340612.459231,vehicle.toyota.prius,55.413734436035156,-1.3632285594940186,236.69973754882812,0.0,-6.147169915493578e-05,0.46322306990623474
2032,1712340612.5612183,vehicle.toyota.prius,55.41373062133789,-1.8186700344085693,236.69973754882812,0.0,-6.147169915493578e-05,0.4635426700115204
2033,1712340612.6638665,vehicle.toyota.prius,55.41373062133789,-1.8186700344085693,236.69973754882812,0.0,-6.147169915493578e-05,0.4635426700115204
2034,1712340612.766324,vehicle.toyota.prius,55.41372299194336,-2.307436466217041,236.69973754882812,0.0,-6.147169915493578e-05,0.46388503909111023
2035,1712340612.8688412,vehicle.toyota.prius,55.42197036743164,-2.5407111644744873,236.69973754882812,0.0,-6.147169915493578e-05,0.46404847502708435
2036,1712340612.9712203,vehicle.toyota.prius,55.421966552734375,-3.02947735786438,236.69973754882812,0.0,3.415094397496432e-05,0.4643900394439697
2037,1712340613.0735617,vehicle.toyota.prius,55.42196273803711,-3.2960774898529053,236.69973754882812,0.0,3.415094397496432e-05,0.4645760953426361
2038,1712340613.175961,vehicle.toyota.prius,55.43021011352539,-3.5293524265289307,236.69973754882812,0.0,3.415094397496432e-05,0.46473902463912964
2039,1712340613.2782283,vehicle.toyota.prius,55.43020248413086,-3.784843683242798,236.69973754882812,0.0,3.415094397496432e-05,0.46491703391075134
2040,1712340613.3806674,vehicle.toyota.prius,55.43020248413086,-4.040335178375244,236.69973754882812,0.0,3.415094397496432e-05,0.4650948643684387
2041,1712340613.4828494,vehicle.toyota.prius,55.43020248413086,-4.040335178375244,236.69973754882812,0.0,3.415094397496432e-05,0.4650948643684387
2042,1712340613.5853794,vehicle.toyota.prius,55.438446044921875,-4.795701503753662,236.69973754882812,0.0,3.415094397496432e-05,0.4656200408935547
2043,1712340613.6876647,vehicle.toyota.prius,55.43844223022461,-5.051192283630371,236.69973754882812,0.0,3.415094397496432e-05,0.4657972753047943
2044,1712340613.7897828,vehicle.toyota.prius,55.43844223022461,-5.328901290893555,236.7997589111328,0.0,3.415094397496432e-05,0.4659730792045593
2045,1712340613.8918934,vehicle.toyota.prius,55.43843460083008,-5.595500946044922,236.7997589111328,0.0,3.415094397496432e-05,0.46615660190582275
2046,1712340613.9944835,vehicle.toyota.prius,55.43843460083008,-5.850992202758789,236.7997589111328,0.0,3.415094397496432e-05,0.4663318991661072
2047,1712340614.096483,vehicle.toyota.prius,55.43843460083008,-5.850992202758789,236.7997589111328,0.0,3.415094397496432e-05,0.4663318991661072
2048,1712340614.1987848,vehicle.toyota.prius,55.446678161621094,-6.406408309936523,236.7997589111328,0.0,3.415094397496432e-05,0.4667109549045563
2049,1712340614.300692,vehicle.toyota.prius,55.446678161621094,-6.695225238800049,236.7997589111328,0.0,3.415094397496432e-05,0.4669068455696106
2050,1712340614.4030194,vehicle.toyota.prius,55.45491409301758,-7.217316627502441,236.79974365234375,0.0,3.415094397496432e-05,0.46725913882255554
2051,1712340614.505364,vehicle.toyota.prius,55.45491409301758,-7.483916282653809,236.79974365234375,0.0,3.415094397496432e-05,0.4674379527568817
2052,1712340614.6071637,vehicle.toyota.prius,55.45491027832031,-7.739408016204834,236.79974365234375,0.0,3.415094397496432e-05,0.46760866045951843
2053,1712340614.708953,vehicle.toyota.prius,55.45491027832031,-8.072657585144043,236.79974365234375,0.0,3.415094397496432e-05,0.4678304195404053
2054,1712340614.8110042,vehicle.toyota.prius,55.463157653808594,-8.328149795532227,236.79974365234375,0.0,3.415094397496432e-05,0.4679999351501465
2055,1712340614.913068,vehicle.toyota.prius,55.46315383911133,-8.572532653808594,236.79974365234375,0.0,3.415094397496432e-05,0.46816137433052063
2056,1712340615.015096,vehicle.toyota.prius,55.46315383911133,-8.828023910522461,236.79974365234375,0.0,3.415094397496432e-05,0.46832945942878723
2057,1712340615.116997,vehicle.toyota.prius,55.46315002441406,-9.316790580749512,236.79974365234375,0.0,8.879245433490723e-05,0.46864935755729675
2058,1712340615.2190807,vehicle.toyota.prius,55.47138977050781,-9.572281837463379,236.79974365234375,0.0,9.56226431299001e-05,0.4688158929347992
2059,1712340615.3209245,vehicle.toyota.prius,55.47138977050781,-9.794448852539062,236.79974365234375,0.0,9.56226431299001e-05,0.4689600169658661
2060,1712340615.4235163,vehicle.toyota.prius,55.47138977050781,-10.08326530456543,236.79974365234375,0.0,0.00010245283192489296,0.469146728515625
2061,1712340615.5259035,vehicle.toyota.prius,55.47963333129883,-10.52759838104248,236.79974365234375,0.0,0.00010928302071988583,0.4694325923919678
2062,1712340615.6279662,vehicle.toyota.prius,55.47962951660156,-10.771981239318848,236.79974365234375,0.0,0.00011611320951487869,0.4695889353752136
2063,1712340615.730148,vehicle.toyota.prius,55.47962951660156,-10.994146347045898,236.79974365234375,0.0,0.00011611320951487869,0.46973055601119995
2064,1712340615.832085,vehicle.toyota.prius,55.48786926269531,-11.438480377197266,236.79974365234375,0.0,0.00012294339830987155,0.4700126051902771
2065,1712340615.9342716,vehicle.toyota.prius,55.496116638183594,-11.660646438598633,236.79974365234375,0.0,0.00012294339830987155,0.4701530635356903
2066,1712340616.0366688,vehicle.toyota.prius,55.50436019897461,-11.871706008911133,236.79974365234375,0.0,0.00012294339830987155,0.4702860414981842
2067,1712340616.1390831,vehicle.toyota.prius,55.5373420715332,-12.316038131713867,236.79974365234375,0.0,0.00012977358710486442,0.4705650508403778
2068,1712340616.2409134,vehicle.toyota.prius,55.54558563232422,-12.52709674835205,236.79974365234375,0.0,0.00012977358710486442,0.47069674730300903
2069,1712340616.3430617,vehicle.toyota.prius,55.56207275390625,-12.949213981628418,236.79974365234375,0.0,0.00012977358710486442,0.4709588587284088
2070,1712340616.4452498,vehicle.toyota.prius,55.57032012939453,-13.149163246154785,236.79974365234375,0.0,0.00012977358710486442,0.4710824489593506
2071,1712340616.5480971,vehicle.toyota.prius,55.57856369018555,-13.338005065917969,236.79974365234375,0.0,0.00012977358710486442,0.47119882702827454
2072,1712340616.6502945,vehicle.toyota.prius,55.59505081176758,-13.73790454864502,236.79974365234375,0.0,0.00012977358710486442,0.47144418954849243
2073,1712340616.7526667,vehicle.toyota.prius,55.611541748046875,-14.31553840637207,236.79974365234375,0.0,0.00012977358710486442,0.4717957079410553
2074,1712340616.854631,vehicle.toyota.prius,55.611541748046875,-14.31553840637207,236.79974365234375,0.0,0.00012977358710486442,0.4717957079410553
2075,1712340616.9566455,vehicle.toyota.prius,55.62803268432617,-14.682112693786621,236.79974365234375,0.0,0.00012977358710486442,0.4720173180103302
2076,1712340617.0589552,vehicle.toyota.prius,55.6445198059082,-15.248637199401855,236.7997283935547,0.0,0.00012977358710486442,0.4723571240901947
2077,1712340617.1611998,vehicle.toyota.prius,55.65276336669922,-15.415263175964355,236.7997283935547,0.0,0.00012977358710486442,0.47245654463768005
2078,1712340617.2635024,vehicle.toyota.prius,55.65276336669922,-15.415263175964355,236.7997283935547,0.0,0.00012977358710486442,0.47245654463768005
2079,1712340617.365445,vehicle.toyota.prius,55.67749786376953,-16.103979110717773,236.7997283935547,0.0,0.00012977358710486442,0.4728645980358124
2080,1712340617.4673603,vehicle.toyota.prius,55.67749786376953,-16.103979110717773,236.7997283935547,0.0,0.00012977358710486442,0.4728645980358124
2081,1712340617.5692027,vehicle.toyota.prius,55.68574142456055,-16.44833755493164,236.7997283935547,0.0,0.00012977358710486442,0.4208569824695587
2082,1712340617.6714978,vehicle.toyota.prius,55.70222473144531,-16.914886474609375,236.7997283935547,0.0,0.00012977358710486442,0.42112934589385986
2083,1712340617.7732599,vehicle.toyota.prius,55.70222473144531,-16.914886474609375,236.7997283935547,0.0,0.00012977358710486442,0.42112934589385986
2084,1712340617.8752992,vehicle.toyota.prius,55.710472106933594,-17.225919723510742,236.7997283935547,0.0,0.00012977358710486442,0.42130976915359497
2085,1712340617.977586,vehicle.toyota.prius,55.73520278930664,-17.881311416625977,236.7997283935547,0.0,0.00012977358710486442,0.42961177229881287
2086,1712340618.0798347,vehicle.toyota.prius,55.73520278930664,-17.881311416625977,236.7997283935547,0.0,0.00012977358710486442,0.42961177229881287
2087,1712340618.1817632,vehicle.toyota.prius,55.75169372558594,-18.45894432067871,236.7997283935547,0.0,0.00012977358710486442,0.42961177229881287
2088,1712340618.2834663,vehicle.toyota.prius,55.75994110107422,-18.725543975830078,236.7997283935547,0.0,0.00012977358710486442,0.42961177229881287
2089,1712340618.385307,vehicle.toyota.prius,55.76818084716797,-19.003253936767578,236.7997283935547,0.0,0.00012977358710486442,0.42961177229881287
2090,1712340618.487107,vehicle.toyota.prius,55.78467559814453,-19.292070388793945,236.7997283935547,0.0,0.0001912452862598002,0.42961177229881287
2091,1712340618.5889182,vehicle.toyota.prius,55.80116271972656,-19.58088493347168,236.7997283935547,0.0,0.0001912452862598002,0.42961177229881287
2092,1712340618.691081,vehicle.toyota.prius,55.80940628051758,-19.84748649597168,236.89971923828125,0.0,0.00019807547505479306,0.42961177229881287
2093,1712340618.7928998,vehicle.toyota.prius,55.825897216796875,-20.236278533935547,236.89971923828125,0.0,0.00019807547505479306,0.42961177229881287
2094,1712340618.8947873,vehicle.toyota.prius,55.84238815307617,-20.525094985961914,236.79969787597656,0.0,0.00020490566384978592,0.42961177229881287
2095,1712340618.9973395,vehicle.toyota.prius,55.84238815307617,-20.525094985961914,236.79969787597656,0.0,0.00020490566384978592,0.42961177229881287
2096,1712340619.1035197,vehicle.toyota.prius,55.867122650146484,-21.002750396728516,236.89971923828125,0.0,0.0002117358526447788,0.42961177229881287
2097,1712340619.2057824,vehicle.toyota.prius,55.88361358642578,-21.380435943603516,236.79969787597656,0.0,0.0002117358526447788,0.42961177229881287
2098,1712340619.3077123,vehicle.toyota.prius,55.908348083496094,-21.658143997192383,236.89971923828125,0.0,0.0002117358526447788,0.42961177229881287
2099,1712340619.4097366,vehicle.toyota.prius,55.92483901977539,-21.90252685546875,236.89971923828125,0.0,0.0002117358526447788,0.42961177229881287
2100,1712340619.5118039,vehicle.toyota.prius,55.94132614135742,-22.19134521484375,236.89971923828125,0.0,0.00022539623023476452,0.42961177229881287
2101,1712340619.6136405,vehicle.toyota.prius,55.966064453125,-22.56902503967285,236.8997039794922,0.0,0.00022539623023476452,0.42961177229881287
2102,1712340619.7153704,vehicle.toyota.prius,55.98255157470703,-22.82451820373535,236.8997039794922,0.0,0.00022539623023476452,0.42961177229881287
2103,1712340619.8198824,vehicle.toyota.prius,55.98255157470703,-22.82451820373535,236.8997039794922,0.0,0.00022539623023476452,0.42961177229881287
2104,1712340619.9222267,vehicle.toyota.prius,56.03202438354492,-23.724294662475586,236.8997039794922,0.0,0.00023222641902975738,0.42961177229881287
2105,1712340620.0242918,vehicle.toyota.prius,56.03202438354492,-23.724294662475586,236.8997039794922,0.0,0.00023222641902975738,0.42961177229881287
2106,1712340620.127097,vehicle.toyota.prius,56.04851531982422,-24.01310920715332,236.8997039794922,0.0,0.00023222641902975738,0.42961177229881287
2107,1712340620.2289526,vehicle.toyota.prius,56.08149719238281,-24.690719604492188,236.8997039794922,0.0,0.00023222641902975738,0.42816561460494995
2108,1712340620.33108,vehicle.toyota.prius,56.08149719238281,-24.690719604492188,236.8997039794922,0.0,0.00023222641902975738,0.42816561460494995
2109,1712340620.433065,vehicle.toyota.prius,56.10622787475586,-25.26835060119629,236.8997039794922,0.0,0.00023222641902975738,0.4249185621738434
2110,1712340620.5356457,vehicle.toyota.prius,56.10622787475586,-25.26835060119629,236.8997039794922,0.0,0.00023222641902975738,0.4249185621738434
2111,1712340620.6376612,vehicle.toyota.prius,56.12272262573242,-25.579383850097656,236.8997039794922,0.0,0.00023222641902975738,0.42316994071006775
2112,1712340620.740052,vehicle.toyota.prius,56.1474494934082,-26.190343856811523,236.89968872070312,0.0,0.0002527169999666512,0.4197356402873993
2113,1712340620.8425343,vehicle.toyota.prius,56.1474494934082,-26.190343856811523,236.89968872070312,0.0,0.0002527169999666512,0.4197356402873993
2114,1712340620.94503,vehicle.toyota.prius,56.163944244384766,-26.53470230102539,236.89968872070312,0.0,0.0002527169999666512,0.41779977083206177
2115,1712340621.0477057,vehicle.toyota.prius,56.163944244384766,-26.701324462890625,236.89968872070312,0.0,0.0002527169999666512,0.4168635606765747
2116,1712340621.149441,vehicle.toyota.prius,56.18042755126953,-27.045682907104492,236.89968872070312,0.0,0.0002527169999666512,0.4149276912212372
2117,1712340621.251869,vehicle.toyota.prius,56.20516586303711,-27.63442611694336,236.89968872070312,0.0,0.0002527169999666512,0.4116182029247284
2118,1712340621.3537939,vehicle.toyota.prius,56.21340560913086,-27.967674255371094,236.89968872070312,0.0,0.00027320755179971457,0.4097452759742737
2119,1712340621.4557726,vehicle.toyota.prius,56.21340560913086,-27.967674255371094,236.89968872070312,0.0,0.00027320755179971457,0.4097452759742737
2120,1712340621.5582416,vehicle.toyota.prius,56.22990036010742,-28.34535789489746,236.89968872070312,0.0,0.00027320755179971457,0.40762215852737427
2121,1712340621.6613004,vehicle.toyota.prius,56.25463104248047,-28.934101104736328,236.9996795654297,0.0,0.00027320755179971457,0.4043126702308655
2122,1712340621.7640526,vehicle.toyota.prius,56.26287841796875,-29.178483963012695,236.9996795654297,0.0,0.0002868679293897003,0.4029390513896942
2123,1712340621.8667867,vehicle.toyota.prius,56.271121978759766,-29.367326736450195,236.9996795654297,0.0,0.0002868679293897003,0.4018774628639221
2124,1712340621.9694314,vehicle.toyota.prius,56.28761291503906,-29.789440155029297,236.9996795654297,0.0,0.0002868679293897003,0.39950472116470337
2125,1712340622.0717971,vehicle.toyota.prius,56.28760528564453,-30.022716522216797,236.9996795654297,0.0,0.00029369810363277793,0.39819398522377014
2126,1712340622.174008,vehicle.toyota.prius,56.29585266113281,-30.244884490966797,236.9996795654297,0.0,0.00029369810363277793,0.39694517850875854
2127,1712340622.2760904,vehicle.toyota.prius,56.31234359741211,-30.655893325805664,236.9996795654297,0.0,0.00029369810363277793,0.39463484287261963
2128,1712340622.3779724,vehicle.toyota.prius,56.32058334350586,-30.8780574798584,236.9996795654297,0.0,0.00029369810363277793,0.3933860659599304
2129,1712340622.4799948,vehicle.toyota.prius,56.32058334350586,-30.8780574798584,236.9996795654297,0.0,0.00029369810363277793,0.3933860659599304
2130,1712340622.5818565,vehicle.toyota.prius,56.33707809448242,-31.344608306884766,236.99966430664062,0.0,0.00029369810363277793,0.39076361060142517
2131,1712340622.6837065,vehicle.toyota.prius,56.35356140136719,-31.788942337036133,236.99966430664062,0.0,0.0003073585103265941,0.388265997171402
2132,1712340622.7856815,vehicle.toyota.prius,56.36180877685547,-32.022216796875,236.99966430664062,0.0,0.0003073585103265941,0.38695478439331055
2133,1712340622.8877125,vehicle.toyota.prius,56.378299713134766,-32.510982513427734,236.99966430664062,0.0,0.00031418868456967175,-1.6797934770584106
2134,1712340622.9896767,vehicle.toyota.prius,56.38654327392578,-32.755367279052734,237.09963989257812,0.0,0.00031418868456967175,-1.6991671323776245
2135,1712340623.0919194,vehicle.toyota.prius,56.38654327392578,-32.755367279052734,237.09963989257812,0.0,0.00031418868456967175,-1.6991671323776245
2136,1712340623.1941094,vehicle.toyota.prius,56.40303039550781,-33.22191619873047,237.09963989257812,0.0,0.0003210188588127494,-1.7362160682678223
2137,1712340623.296921,vehicle.toyota.prius,56.41952133178711,-33.6884651184082,237.09963989257812,0.0,0.0003210188588127494,-1.6948285102844238
2138,1712340623.4000838,vehicle.toyota.prius,56.41952133178711,-33.6884651184082,237.09963989257812,0.0,0.0003210188588127494,-1.6948285102844238
2139,1712340623.5024042,vehicle.toyota.prius,56.43600845336914,-34.1550178527832,237.09963989257812,0.0,0.0003278490621596575,1.1784523725509644
2140,1712340623.6048214,vehicle.toyota.prius,56.43600845336914,-34.38829040527344,237.09963989257812,0.0,0.0003278490621596575,1.1793928146362305
2141,1712340623.7071402,vehicle.toyota.prius,56.427757263183594,-34.84373474121094,237.09963989257812,0.0,0.0003278490621596575,1.1820263862609863
2142,1712340623.8097594,vehicle.toyota.prius,56.427757263183594,-35.11033248901367,237.09963989257812,0.0,0.0003278490621596575,0.3695993423461914
2143,1712340623.9121454,vehicle.toyota.prius,56.43600082397461,-35.35471725463867,237.09963989257812,0.0,0.0003415094397496432,0.36822569370269775
2144,1712340624.0148284,vehicle.toyota.prius,56.44424057006836,-35.599098205566406,237.09963989257812,0.0,0.0003415094397496432,0.3668520748615265
2145,1712340624.1171074,vehicle.toyota.prius,56.45248794555664,-35.843482971191406,237.09963989257812,0.0,0.0003415094397496432,0.36547842621803284
2146,1712340624.2188985,vehicle.toyota.prius,56.47722625732422,-36.33224868774414,237.09963989257812,0.0,0.0003415094397496432,0.3627307116985321
2147,1712340624.324419,vehicle.toyota.prius,56.48546600341797,-36.57663345336914,237.09963989257812,0.0,0.0003415094397496432,0.36135706305503845
2148,1712340624.4265404,vehicle.toyota.prius,56.493709564208984,-36.809906005859375,237.09963989257812,0.0,0.0003415094397496432,0.360045850276947
2149,1712340624.5289392,vehicle.toyota.prius,56.501956939697266,-37.032073974609375,237.09963989257812,0.0,0.0003415094397496432,0.3587970435619354
2150,1712340624.6309538,vehicle.toyota.prius,56.54318618774414,-37.47640609741211,237.09963989257812,0.0,0.0003415094397496432,0.35629802942276
2151,1712340624.7330172,vehicle.toyota.prius,56.551429748535156,-37.69857406616211,237.09963989257812,0.0,0.00036200002068653703,0.3550492227077484
2152,1712340624.8353627,vehicle.toyota.prius,56.551429748535156,-37.89852523803711,237.09963989257812,0.0,0.00036200002068653703,0.3539257347583771
2153,1712340624.93713,vehicle.toyota.prius,56.55966567993164,-38.287315368652344,237.09962463378906,0.0,0.00036200002068653703,0.3687882125377655
2154,1712340625.0398479,vehicle.toyota.prius,56.56791305541992,-38.476158142089844,237.09962463378906,0.0,0.00036200002068653703,0.37924933433532715
2155,1712340625.1422343,vehicle.toyota.prius,56.5761604309082,-38.88716506958008,237.09962463378906,0.0,0.00036200002068653703,0.4020123779773712
2156,1712340625.2441106,vehicle.toyota.prius,56.58440399169922,-39.06489944458008,237.09962463378906,0.0,0.0003756603691726923,0.4118584990501404
2157,1712340625.3461242,vehicle.toyota.prius,56.59264373779297,-39.44258117675781,237.09962463378906,0.0,0.0003756603691726923,0.56585693359375
2158,1712340625.448365,vehicle.toyota.prius,56.609134674072266,-39.97578048706055,237.09962463378906,0.0,0.0003824905725196004,0.577728271484375
2159,1712340625.550949,vehicle.toyota.prius,56.609134674072266,-39.97578048706055,237.09962463378906,0.0,0.0003824905725196004,0.577728271484375
2160,1712340625.6532328,vehicle.toyota.prius,56.642112731933594,-40.32014083862305,237.099609375,0.0,0.0003824905725196004,0.581878662109375
2161,1712340625.755101,vehicle.toyota.prius,56.67509460449219,-40.83112335205078,237.099609375,0.0,0.0003893207758665085,0.593536376953125
2162,1712340625.8571146,vehicle.toyota.prius,56.67509460449219,-40.83112335205078,237.099609375,0.0,0.0003893207758665085,0.593536376953125
2163,1712340625.9593008,vehicle.toyota.prius,56.70807647705078,-41.50872802734375,237.099609375,0.0,0.0003961509501095861,0.5472484230995178
2164,1712340626.0615025,vehicle.toyota.prius,56.70807647705078,-41.50872802734375,237.099609375,0.0,0.0003961509501095861,0.5472484230995178
2165,1712340626.1638098,vehicle.toyota.prius,56.71631622314453,-41.81976318359375,237.099609375,0.0,0.0003961509501095861,0.5644757747650146
2166,1712340626.2665305,vehicle.toyota.prius,56.72456359863281,-41.97528076171875,237.099609375,0.0,0.0003961509501095861,0.5730917453765869
2167,1712340626.368738,vehicle.toyota.prius,56.74105453491211,-42.564022064208984,237.09957885742188,0.0,0.0003961509501095861,0.6057008504867554
2168,1712340626.4710672,vehicle.toyota.prius,56.74929428100586,-42.852840423583984,237.09957885742188,0.0,0.0003961509501095861,-0.4243006408214569
2169,1712340626.5730352,vehicle.toyota.prius,56.74929428100586,-42.852840423583984,237.09957885742188,0.0,0.0003961509501095861,-0.4243006408214569
2170,1712340626.6748466,vehicle.toyota.prius,56.77402877807617,-43.54155731201172,237.09957885742188,0.0,0.00040981132769957185,-0.4234238266944885
2171,1712340626.7766597,vehicle.toyota.prius,56.7905158996582,-43.81926345825195,237.09957885742188,0.0,0.00041664153104647994,-0.42292335629463196
2172,1712340626.8784938,vehicle.toyota.prius,56.7905158996582,-43.81926345825195,237.09957885742188,0.0,0.00041664153104647994,-0.42292335629463196
2173,1712340626.980448,vehicle.toyota.prius,56.83174514770508,-44.35245895385742,237.09957885742188,0.0,0.00041664153104647994,-1.072740912437439
2174,1712340627.083145,vehicle.toyota.prius,56.856483459472656,-44.67460250854492,237.0995635986328,0.0,0.00041664153104647994,-1.0755537748336792
2175,1712340627.1859746,vehicle.toyota.prius,56.87297058105469,-44.90787887573242,237.0995635986328,0.0,0.00041664153104647994,-1.0777162313461304
2176,1712340627.2886508,vehicle.toyota.prius,56.889461517333984,-45.30778121948242,237.0995635986328,0.0,0.0004234717052895576,0.7577126622200012
2177,1712340627.3907893,vehicle.toyota.prius,56.897708892822266,-45.52994918823242,237.0995635986328,0.0,0.0004303018795326352,0.7700192332267761
2178,1712340627.4934406,vehicle.toyota.prius,56.897708892822266,-45.52994918823242,237.0995635986328,0.0,0.0004303018795326352,0.7700192332267761
2179,1712340627.5957003,vehicle.toyota.prius,56.930686950683594,-46.140907287597656,237.0995635986328,0.0,0.0004371320828795433,0.8038678765296936
2180,1712340627.6975408,vehicle.toyota.prius,56.93893051147461,-46.37417984008789,237.0995635986328,0.0,0.0004371320828795433,0.8167893886566162
2181,1712340627.800159,vehicle.toyota.prius,56.95541763305664,-46.65188980102539,237.0995635986328,0.0,0.0004371320828795433,0.8321760296821594
2182,1712340627.9018419,vehicle.toyota.prius,56.980159759521484,-47.01845932006836,237.0995635986328,0.0,0.0004371320828795433,0.8524878025054932
2183,1712340628.0038965,vehicle.toyota.prius,56.99664306640625,-47.25173568725586,237.0995635986328,0.0,0.00045079246046952903,0.8654142618179321
2184,1712340628.1063087,vehicle.toyota.prius,57.021385192871094,-47.618309020996094,237.0995635986328,0.0,0.00045762263471260667,0.8857261538505554
2185,1712340628.2086227,vehicle.toyota.prius,57.03787612915039,-47.851585388183594,237.0995635986328,0.0,0.00045762263471260667,0.8986525535583496
2186,1712340628.3110738,vehicle.toyota.prius,57.05436325073242,-48.218162536621094,237.0995635986328,0.0,0.00046445283805951476,0.9189600944519043
2187,1712340628.4131353,vehicle.toyota.prius,57.06260681152344,-48.473655700683594,237.0995635986328,0.0,0.00046445283805951476,0.9331117868423462
2188,1712340628.514997,vehicle.toyota.prius,57.08734130859375,-48.718040466308594,237.09954833984375,0.0,0.00046445283805951476,0.9466580748558044
2189,1712340628.617338,vehicle.toyota.prius,57.12032699584961,-49.08461380004883,237.09954833984375,0.0,0.00046445283805951476,0.9669746160507202
2190,1712340628.7197554,vehicle.toyota.prius,57.14506149291992,-49.35121536254883,237.09954833984375,0.0,0.00046445283805951476,0.9817510843276978
2191,1712340628.8215783,vehicle.toyota.prius,57.16155242919922,-49.60670471191406,237.09954833984375,0.0,0.00046445283805951476,0.9959072470664978
2192,1712340628.923944,vehicle.toyota.prius,57.17803955078125,-49.92884826660156,237.09954833984375,0.0,0.00046445283805951476,1.0137544870376587
2193,1712340629.025971,vehicle.toyota.prius,57.19453430175781,-50.21765899658203,237.19952392578125,0.0,0.0004849433898925781,1.02975594997406
2194,1712340629.1278248,vehicle.toyota.prius,57.21102523803711,-50.48426055908203,237.19952392578125,0.0,0.0004849433898925781,1.044527530670166
2195,1712340629.2302167,vehicle.toyota.prius,57.23575973510742,-50.77307891845703,237.19952392578125,0.0,0.0004849433898925781,1.0605340003967285
2196,1712340629.3324502,vehicle.toyota.prius,57.25225067138672,-51.06189727783203,237.19952392578125,0.0,0.0004849433898925781,1.0765358209609985
2197,1712340629.4345472,vehicle.toyota.prius,57.26873779296875,-51.37293243408203,237.19952392578125,0.0,0.0004917735932394862,1.093767762184143
2198,1712340629.5368712,vehicle.toyota.prius,57.28523254394531,-51.683963775634766,237.19952392578125,0.0,0.0004986037965863943,1.1049330234527588
2199,1712340629.6388845,vehicle.toyota.prius,57.30171585083008,-52.006107330322266,237.19952392578125,0.0,0.0004986037965863943,1.1049330234527588
2200,1712340629.7412498,vehicle.toyota.prius,57.33470153808594,-52.539306640625,237.19952392578125,0.0,0.0005122641450725496,1.1049330234527588
2201,1712340629.8431091,vehicle.toyota.prius,57.33470153808594,-52.539306640625,237.19952392578125,0.0,0.0005122641450725496,1.1049330234527588
2202,1712340629.9448643,vehicle.toyota.prius,57.359432220458984,-52.86144256591797,237.19952392578125,0.0,0.0005190943484194577,1.1049330234527588
2203,1712340630.0472007,vehicle.toyota.prius,57.38417053222656,-53.5723762512207,237.1995086669922,0.0,0.0005190943484194577,1.1049330234527588
2204,1712340630.149068,vehicle.toyota.prius,57.38417053222656,-53.5723762512207,237.1995086669922,0.0,0.0005190943484194577,1.1049330234527588
2205,1712340630.2508907,vehicle.toyota.prius,57.44188690185547,-54.1277961730957,237.1995086669922,0.0,0.0005259245517663658,1.1049330234527588
2206,1712340630.3527296,vehicle.toyota.prius,57.44188690185547,-54.1277961730957,237.1995086669922,0.0,0.0005259245517663658,1.1049330234527588
2207,1712340630.4545884,vehicle.toyota.prius,57.45838165283203,-54.3055305480957,237.1995086669922,0.0,0.0005259245517663658,1.1049330234527588
2208,1712340630.5565298,vehicle.toyota.prius,57.49960708618164,-54.6721076965332,237.1995086669922,0.0,0.0005327546969056129,1.1049330234527588
2209,1712340630.6583118,vehicle.toyota.prius,57.54083251953125,-55.27195739746094,237.2994842529297,0.0,0.0005327546969056129,1.1049330234527588
2210,1712340630.7604666,vehicle.toyota.prius,57.54083251953125,-55.27195739746094,237.2994842529297,0.0,0.0005327546969056129,1.1049330234527588
2211,1712340630.8622246,vehicle.toyota.prius,57.54907989501953,-55.48301696777344,237.2994842529297,0.0,0.000539584900252521,1.1049330234527588
2212,1712340630.964301,vehicle.toyota.prius,57.58205795288086,-55.89402389526367,237.2994842529297,0.0,0.000539584900252521,1.1048953533172607
2213,1712340631.0667346,vehicle.toyota.prius,57.59855270385742,-56.10508346557617,237.2994842529297,0.0,0.0005464151035994291,1.1048953533172607
2214,1712340631.1685944,vehicle.toyota.prius,57.63153076171875,-56.54941177368164,237.2994842529297,0.0,0.0005532453069463372,1.1048953533172607
2215,1712340631.2710214,vehicle.toyota.prius,57.65626907348633,-56.96042251586914,237.2994842529297,0.0,0.0005532453069463372,1.1048953533172607
2216,1712340631.3729439,vehicle.toyota.prius,57.65626907348633,-56.96042251586914,237.2994842529297,0.0,0.0005532453069463372,1.1048953533172607
2217,1712340631.4752128,vehicle.toyota.prius,57.68925094604492,-57.43808364868164,237.29946899414062,0.0,0.0005532453069463372,1.1048953533172607
2218,1712340631.5773573,vehicle.toyota.prius,57.73047637939453,-57.937957763671875,237.29946899414062,0.0,0.0005532453069463372,1.1049330234527588
2219,1712340631.6801267,vehicle.toyota.prius,57.76345443725586,-58.36007308959961,237.29946899414062,0.0,0.0005532453069463372,1.1055631637573242
2220,1712340631.7820156,vehicle.toyota.prius,57.77994918823242,-58.57113265991211,237.29946899414062,0.0,0.0005532453069463372,1.1040345430374146
2221,1712340631.8845284,vehicle.toyota.prius,57.77994918823242,-58.57113265991211,237.29946899414062,0.0,0.0005532453069463372,1.1040345430374146
2222,1712340631.9868112,vehicle.toyota.prius,57.79644012451172,-58.79330062866211,237.29946899414062,0.0,0.0005532453069463372,1.0998908281326294
2223,1712340632.0886397,vehicle.toyota.prius,57.82942199707031,-59.20430374145508,237.29945373535156,0.0,0.0005532453069463372,0.9474471807479858
2224,1712340632.190732,vehicle.toyota.prius,57.88713836669922,-59.82637023925781,237.29945373535156,0.0,0.0005737358587794006,0.3066941499710083
2225,1712340632.2928278,vehicle.toyota.prius,57.90362548828125,-60.03742980957031,237.29945373535156,0.0,0.0005805660621263087,0.2756154537200928
2226,1712340632.7816947,vehicle.toyota.prius,58.03555679321289,-61.42597579956055,237.39942932128906,0.0,0.000594226410612464,-0.0052333069033920765
2227,1712340632.8839507,vehicle.toyota.prius,58.068538665771484,-61.81476593017578,237.39942932128906,0.0,0.000601056613959372,0.3607522249221802
2228,1712340632.9860106,vehicle.toyota.prius,58.068538665771484,-61.81476593017578,237.39942932128906,0.0,0.000601056613959372,0.3607522249221802
2229,1712340633.088564,vehicle.toyota.prius,58.118011474609375,-62.32575225830078,237.39942932128906,0.0,0.000601056613959372,0.32785558700561523
2230,1712340633.190568,vehicle.toyota.prius,58.1509895324707,-62.67010498046875,237.39942932128906,0.0,0.0006078868173062801,0.3207395076751709
2231,1712340633.2930002,vehicle.toyota.prius,58.19221878051758,-63.01446533203125,237.3994140625,0.0,0.0006078868173062801,0.32577458024024963
2232,1712340633.3947642,vehicle.toyota.prius,58.200462341308594,-63.18109130859375,237.3994140625,0.0,0.0006078868173062801,0.3325141966342926
2233,1712340633.4970317,vehicle.toyota.prius,58.23344421386719,-63.503231048583984,237.3994140625,0.0,0.0006147170206531882,0.3536721467971802
2234,1712340633.6008084,vehicle.toyota.prius,58.26642990112305,-63.836483001708984,237.3994140625,0.0,0.0006147170206531882,0.3867211639881134
2235,1712340633.7026098,vehicle.toyota.prius,58.29116439819336,-64.14751434326172,237.3994140625,0.0,0.0006147170206531882,0.42769911885261536
2236,1712340633.805113,vehicle.toyota.prius,58.29116439819336,-64.14751434326172,237.3994140625,0.0,0.0006147170206531882,0.42769911885261536
2237,1712340633.9072313,vehicle.toyota.prius,58.34063720703125,-64.71404266357422,237.39938354492188,0.0,0.0006283773691393435,0.5277507305145264
2238,1712340634.0104232,vehicle.toyota.prius,58.34063720703125,-64.71404266357422,237.39938354492188,0.0,0.0006283773691393435,0.5277507305145264
2239,1712340634.113042,vehicle.toyota.prius,58.38186264038086,-65.31389617919922,237.39938354492188,0.0,0.0006283773691393435,0.6689775586128235
2240,1712340634.215363,vehicle.toyota.prius,58.41484832763672,-65.56938171386719,237.3993682861328,0.0,0.0006283773691393435,0.7407932877540588
2241,1712340634.317637,vehicle.toyota.prius,58.44783020019531,-65.82487487792969,237.3993682861328,0.0,0.0006283773691393435,0.8193381428718567
2242,1712340634.4200542,vehicle.toyota.prius,58.48080825805664,-66.21366882324219,237.3993682861328,0.0,0.0006283773691393435,0.9261325001716614
2243,1712340634.5223193,vehicle.toyota.prius,58.505550384521484,-66.45805358886719,237.3993682861328,0.0,0.0006420377176254988,0.9423412680625916
2244,1712340634.6241171,vehicle.toyota.prius,58.53028106689453,-66.70243835449219,237.3993682861328,0.0,0.0006420377176254988,0.9585148692131042
2245,1712340634.726348,vehicle.toyota.prius,58.546775817871094,-67.04679107666016,237.3993682861328,0.0,0.0006488679209724069,0.9810901284217834
2246,1712340634.8284528,vehicle.toyota.prius,58.5880012512207,-67.40225982666016,237.3993682861328,0.0,0.000655698124319315,1.0045245885849
2247,1712340634.930927,vehicle.toyota.prius,58.604496002197266,-67.62442779541016,237.3993682861328,0.0,0.000662528327666223,1.019055724143982
2248,1712340635.0327625,vehicle.toyota.prius,58.637474060058594,-67.93546295166016,237.3993682861328,0.0,0.0006693585310131311,1.039494514465332
2249,1712340635.135122,vehicle.toyota.prius,58.68695068359375,-68.23538970947266,237.39935302734375,0.0,0.0006761886761523783,1.0592384338378906
2250,1712340635.2375817,vehicle.toyota.prius,58.810638427734375,-68.86856079101562,237.4993438720703,0.0,0.0006761886761523783,1.1009039878845215
2251,1712340635.3399813,vehicle.toyota.prius,58.810638427734375,-68.86856079101562,237.4993438720703,0.0,0.0006761886761523783,1.1009039878845215
2252,1712340635.4418638,vehicle.toyota.prius,58.8436164855957,-69.13516235351562,237.49932861328125,0.0,0.0006830188794992864,1.1182150840759277
2253,1712340635.5438569,vehicle.toyota.prius,58.860111236572266,-69.45730590820312,237.49932861328125,0.0,0.0006898490828461945,1.138880968093872
2254,1712340635.6458955,vehicle.toyota.prius,58.88484573364258,-69.72390747070312,237.49932861328125,0.0,0.0006898490828461945,1.156030535697937
2255,1712340635.7482934,vehicle.toyota.prius,58.93431854248047,-70.0349349975586,237.49932861328125,0.0,0.0006898490828461945,1.1761566400527954
2256,1712340635.8503225,vehicle.toyota.prius,59.025028228759766,-70.5903549194336,237.59933471679688,0.0,0.0006966792279854417,1.2119722366333008
2257,1712340635.952637,vehicle.toyota.prius,59.025028228759766,-70.5903549194336,237.59933471679688,0.0,0.0006966792279854417,1.2119722366333008
2258,1712340636.0547502,vehicle.toyota.prius,59.107479095458984,-71.2235336303711,237.59930419921875,0.0,0.0007035094313323498,-0.28231295943260193
2259,1712340636.1571047,vehicle.toyota.prius,59.107479095458984,-71.2235336303711,237.59930419921875,0.0,0.0007035094313323498,-0.28231295943260193
2260,1712340636.2592697,vehicle.toyota.prius,59.14870834350586,-71.4790267944336,237.59930419921875,0.0,0.0007035094313323498,1.268716812133789
2261,1712340636.3613358,vehicle.toyota.prius,59.18993377685547,-72.10108947753906,237.59930419921875,0.0,0.0007103396346792579,1.3077877759933472
2262,1712340636.4645398,vehicle.toyota.prius,59.18993377685547,-72.10108947753906,237.59930419921875,0.0,0.0007103396346792579,1.3077877759933472
2263,1712340636.5663707,vehicle.toyota.prius,59.22291946411133,-72.41212463378906,237.5992889404297,0.0,0.0007103396346792579,1.3273392915725708
2264,1712340636.6688364,vehicle.toyota.prius,59.29712677001953,-73.00086975097656,237.5992889404297,0.0,0.0007103396346792579,1.3642864227294922
2265,1712340636.7711833,vehicle.toyota.prius,59.34659957885742,-73.35633087158203,237.5992889404297,0.0,0.0007103396346792579,1.3865317106246948
2266,1712340636.8734887,vehicle.toyota.prius,59.3878288269043,-73.65625762939453,237.5992889404297,0.0,0.0007103396346792579,1.4914082288742065
2267,1712340636.9757407,vehicle.toyota.prius,59.3878288269043,-73.65625762939453,237.5992889404297,0.0,0.0007103396346792579,1.4914082288742065
2268,1712340637.0783925,vehicle.toyota.prius,59.46204376220703,-74.25611114501953,237.5992889404297,0.0,0.0007308301865123212,1.7141156196594238
2269,1712340637.1806216,vehicle.toyota.prius,59.47853469848633,-74.5338134765625,237.5992889404297,0.0,0.0007376603898592293,1.7988721132278442
2270,1712340637.2830858,vehicle.toyota.prius,59.50326919555664,-74.8115234375,237.59927368164062,0.0,0.0007376603898592293,1.8728896379470825
2271,1712340637.3855004,vehicle.toyota.prius,59.50326919555664,-74.8115234375,237.59927368164062,0.0,0.0007376603898592293,1.8728896379470825
2272,1712340637.4875064,vehicle.toyota.prius,59.59397506713867,-75.4224853515625,237.69924926757812,0.0,0.0007444905932061374,1.9974342584609985
2273,1712340637.589841,vehicle.toyota.prius,59.65993881225586,-75.74462890625,237.69924926757812,0.0,0.0007444905932061374,2.041142702102661
2274,1712340637.6922688,vehicle.toyota.prius,59.734153747558594,-76.10009765625,237.69924926757812,0.0,0.0007444905932061374,2.071881055831909
2275,1712340637.7943993,vehicle.toyota.prius,59.75889205932617,-76.33335876464844,237.69924926757812,0.0,0.0007444905932061374,2.0818963050842285
2276,1712340637.8966973,vehicle.toyota.prius,59.791873931884766,-76.64439392089844,237.69924926757812,0.0,0.0007513207383453846,2.0830206871032715
2277,1712340637.9988267,vehicle.toyota.prius,59.824851989746094,-76.94432067871094,237.69924926757812,0.0,0.0007581509416922927,2.070859432220459
2278,1712340638.1009476,vehicle.toyota.prius,59.85783386230469,-77.24424743652344,237.69924926757812,0.0,0.0007581509416922927,2.045691728591919
2279,1712340638.2030177,vehicle.toyota.prius,59.874324798583984,-77.53306579589844,237.69924926757812,0.0,0.0007649811450392008,2.009359836578369
2280,1712340638.30535,vehicle.toyota.prius,59.8990592956543,-77.81077575683594,237.69923400878906,0.0,0.0007649811450392008,1.963984489440918
2281,1712340638.4071085,vehicle.toyota.prius,59.94029235839844,-78.07737731933594,237.69923400878906,0.0,0.0007649811450392008,1.9091453552246094
2282,1712340638.5090935,vehicle.toyota.prius,59.98151779174805,-78.42173767089844,237.69923400878906,0.0,0.000778641551733017,1.8232452869415283
2283,1712340638.6110911,vehicle.toyota.prius,60.0309944152832,-78.67723083496094,237.69923400878906,0.0,0.0007854716968722641,1.7482314109802246
2284,1712340638.7132308,vehicle.toyota.prius,60.088714599609375,-79.01048278808594,237.69921875,0.0,0.0007923019002191722,1.4190036058425903
2285,1712340638.8151793,vehicle.toyota.prius,60.13819122314453,-79.2548599243164,237.69921875,0.0,0.0007923019002191722,1.3461822271347046
2286,1712340638.9170923,vehicle.toyota.prius,60.21240234375,-79.5992202758789,237.69921875,0.0,0.0007923019002191722,1.4066742658615112
2287,1712340639.019142,vehicle.toyota.prius,60.27012252807617,-79.8658218383789,237.69918823242188,0.0,0.0007923019002191722,1.3076497316360474
2288,1712340639.1225107,vehicle.toyota.prius,60.32784652709961,-80.1213150024414,237.79920959472656,0.0,0.0007991321035660803,1.1879792213439941
2289,1712340639.2249522,vehicle.toyota.prius,60.38556671142578,-80.4878921508789,237.7991943359375,0.0,0.0007991321035660803,0.9993493556976318
2290,1712340639.327255,vehicle.toyota.prius,60.426795959472656,-80.7211685180664,237.7991943359375,0.0,0.0007991321035660803,0.8703110814094543
2291,1712340639.444168,vehicle.toyota.prius,60.47626876831055,-81.0655288696289,237.7991943359375,0.0,0.0007991321035660803,0.8029610514640808
2292,1712340639.5465314,vehicle.toyota.prius,60.51749801635742,-81.29879760742188,237.7991943359375,0.0,0.0007991321035660803,0.8059000968933105
2293,1712340639.6486714,vehicle.toyota.prius,60.56697082519531,-81.64315795898438,237.79917907714844,0.0,0.0007991321035660803,0.9981067180633545
2294,1712340639.7510245,vehicle.toyota.prius,60.60819625854492,-81.92086791992188,237.79917907714844,0.0,0.0008196226553991437,1.0484462976455688
2295,1712340639.8530781,vehicle.toyota.prius,60.71539306640625,-82.49850463867188,237.79917907714844,0.0,0.0008196226553991437,1.872727632522583
2296,1712340639.9553154,vehicle.toyota.prius,60.76486587524414,-82.74288177490234,237.7991485595703,0.0,0.0008196226553991437,1.5033470392227173
2297,1712340640.0574026,vehicle.toyota.prius,60.82258605957031,-83.08724212646484,237.7991485595703,0.0,0.0008196226553991437,1.057642936706543
2298,1712340640.1594934,vehicle.toyota.prius,60.82258605957031,-83.08724212646484,237.7991485595703,0.0,0.0008196226553991437,1.057642936706543
2299,1712340640.2615938,vehicle.toyota.prius,60.88031005859375,-83.35384368896484,237.7991485595703,0.0,0.0008196226553991437,0.7367303371429443
2300,1712340640.3633757,vehicle.toyota.prius,60.98750305175781,-83.99813079833984,237.79913330078125,0.0,0.0008401132072322071,0.2836671769618988
2301,1712340640.4656186,vehicle.toyota.prius,60.98750305175781,-83.99813079833984,237.79913330078125,0.0,0.0008401132072322071,0.2836671769618988
2302,1712340640.567363,vehicle.toyota.prius,61.045223236083984,-84.29805755615234,237.79913330078125,0.0,0.0008401132072322071,0.14886678755283356
2303,1712340640.6694767,vehicle.toyota.prius,61.08645248413086,-84.53132629394531,237.79913330078125,0.0,0.0008401132072322071,0.14672820270061493
2304,1712340640.7713063,vehicle.toyota.prius,61.13592529296875,-84.86457824707031,237.79913330078125,0.0,0.0008469434105791152,0.2162306308746338
2305,1712340640.8738792,vehicle.toyota.prius,61.2348747253418,-85.40888214111328,237.79913330078125,0.0,0.0008537736139260232,0.7117328643798828
2306,1712340640.9761996,vehicle.toyota.prius,61.2348747253418,-85.40888214111328,237.79913330078125,0.0,0.0008537736139260232,0.7117328643798828
2307,1712340641.0783315,vehicle.toyota.prius,61.29259490966797,-85.73103332519531,237.7991180419922,0.0,0.0008537736139260232,1.0508888959884644
2308,1712340641.180559,vehicle.toyota.prius,61.40803909301758,-86.33087921142578,237.7991180419922,0.0,0.0008537736139260232,1.2310194969177246
2309,1712340641.2824535,vehicle.toyota.prius,61.47400665283203,-86.69745635986328,237.8990936279297,0.0,0.0008537736139260232,1.3117146492004395
2310,1712340641.384741,vehicle.toyota.prius,61.51523208618164,-86.94184112548828,237.8990936279297,0.0,0.0008674339624121785,1.3540077209472656
2311,1712340641.4868917,vehicle.toyota.prius,61.51523208618164,-86.94184112548828,237.8990936279297,0.0,0.0008674339624121785,1.3540077209472656
2312,1712340641.5888917,vehicle.toyota.prius,61.5647087097168,-87.18622589111328,237.8990936279297,0.0,0.0008742641657590866,1.3971364498138428
2313,1712340641.6912322,vehicle.toyota.prius,61.68014907836914,-87.86382293701172,237.8990936279297,0.0,0.0008810943691059947,1.5190846920013428
2314,1712340641.7936068,vehicle.toyota.prius,61.72962188720703,-88.15264129638672,237.8990936279297,0.0,0.0008810943691059947,1.568277359008789
2315,1712340641.8955345,vehicle.toyota.prius,61.77909851074219,-88.45257568359375,237.89907836914062,0.0,0.0008810943691059947,1.6192501783370972
2316,1712340641.9975014,vehicle.toyota.prius,61.83681869506836,-88.74139404296875,237.89907836914062,0.0,0.0008810943691059947,1.6702423095703125
2317,1712340642.0997992,vehicle.toyota.prius,61.88629150390625,-89.04131317138672,237.89907836914062,0.0,0.0008810943691059947,1.720235824584961
2318,1712340642.2018175,vehicle.toyota.prius,61.94401168823242,-89.36346435546875,237.89906311035156,0.0,0.0008810943691059947,1.7745352983474731
2319,1712340642.3041131,vehicle.toyota.prius,62.001731872558594,-89.68559265136719,237.89906311035156,0.0,0.00089475471759215,1.828926682472229
2320,1712340642.406415,vehicle.toyota.prius,62.02647399902344,-89.86332702636719,237.99905395507812,0.0,0.00089475471759215,1.8407443761825562
2321,1712340642.5086176,vehicle.toyota.prius,62.08419418334961,-90.17436218261719,237.99905395507812,0.0,0.0009015849209390581,1.497867465019226
2322,1712340642.6110482,vehicle.toyota.prius,62.14191436767578,-90.51873016357422,237.99905395507812,0.0,0.0009015849209390581,1.546886920928955
2323,1712340642.713753,vehicle.toyota.prius,62.19963073730469,-90.85198211669922,237.99903869628906,0.0,0.0009152452694252133,1.5983281135559082
2324,1712340642.816101,vehicle.toyota.prius,62.26559829711914,-91.20745086669922,237.99903869628906,0.0,0.0009220754727721214,1.6581295728683472
2325,1712340642.918447,vehicle.toyota.prius,62.31507110595703,-91.48515319824219,237.99903869628906,0.0,0.0009220754727721214,1.7073476314544678
2326,1712340643.0207129,vehicle.toyota.prius,62.348060607910156,-91.65177154541016,237.99903869628906,0.0,0.0009220754727721214,1.7620126008987427
2327,1712340643.1224473,vehicle.toyota.prius,62.42226791381836,-91.95170593261719,237.9990234375,0.0,0.0009220754727721214,1.8315603733062744
2328,1712340643.2246945,vehicle.toyota.prius,62.504730224609375,-92.24052429199219,237.9990234375,0.0,0.0009220754727721214,1.9051307439804077
2329,1712340643.3264298,vehicle.toyota.prius,62.57894515991211,-92.55155944824219,237.9990234375,0.0,0.0009220754727721214,1.9851291179656982
2330,1712340643.4286046,vehicle.toyota.prius,62.63666534423828,-92.82926177978516,238.09901428222656,0.0,0.0009357358794659376,2.108867883682251
2331,1712340643.531367,vehicle.toyota.prius,62.71912384033203,-93.22916412353516,238.0989990234375,0.0,0.0009425660828128457,2.2309160232543945
2332,1712340643.6335301,vehicle.toyota.prius,62.7768440246582,-93.49576568603516,238.0989990234375,0.0,0.0009493962279520929,2.317377805709839
2333,1712340643.7356663,vehicle.toyota.prius,62.834564208984375,-93.76235961914062,238.0989990234375,0.0,0.000956226431299001,2.463491916656494
2334,1712340643.837981,vehicle.toyota.prius,62.92526626586914,-94.12894439697266,238.09898376464844,0.0,0.0009630566346459091,2.6050219535827637
2335,1712340643.9402359,vehicle.toyota.prius,62.991233825683594,-94.36221313476562,238.09898376464844,0.0,0.0009698867797851562,2.886395215988159
2336,1712340644.0419688,vehicle.toyota.prius,63.09019088745117,-94.70658111572266,238.198974609375,0.0,0.0009835471864789724,2.8374884128570557
2337,1712340644.1440847,vehicle.toyota.prius,63.29633712768555,-95.23978424072266,238.198974609375,0.0,0.0009972075931727886,2.76505708694458
2338,1712340644.2460613,vehicle.toyota.prius,63.42827606201172,-95.52860260009766,238.19895935058594,0.0,0.0010040377965196967,2.7139475345611572
2339,1712340644.3481042,vehicle.toyota.prius,63.42827606201172,-95.52860260009766,238.19895935058594,0.0,0.0010040377965196967,2.7139475345611572
2340,1712340644.4498134,vehicle.toyota.prius,63.56845474243164,-95.81742095947266,238.19895935058594,0.0,0.0010108679998666048,2.656719446182251
2341,1712340644.5517614,vehicle.toyota.prius,63.86531066894531,-96.33950805664062,238.19894409179688,0.0,0.0010108679998666048,2.5853445529937744
2342,1712340644.6538525,vehicle.toyota.prius,64.0054931640625,-96.70609283447266,238.29891967773438,0.0,0.0010108679998666048,2.475696086883545
2343,1712340644.7561584,vehicle.toyota.prius,64.09619903564453,-96.95047760009766,238.29891967773438,0.0,0.0010108679998666048,2.4195964336395264
2344,1712340644.858778,vehicle.toyota.prius,64.09619903564453,-96.95047760009766,238.29891967773438,0.0,0.0010108679998666048,2.4195964336395264
2345,1712340644.961553,vehicle.toyota.prius,64.2116470336914,-97.26151275634766,238.29891967773438,0.0,0.0010108679998666048,2.375633955001831
2346,1712340645.06354,vehicle.toyota.prius,64.4095458984375,-97.78359985351562,238.29891967773438,0.0,0.0010108679998666048,2.2450919151306152
2347,1712340645.1653671,vehicle.toyota.prius,64.52499389648438,-98.11685180664062,238.29891967773438,0.0,0.0010108679998666048,2.1609108448028564
2348,1712340645.2675068,vehicle.toyota.prius,64.64043426513672,-98.41677856445312,238.2989044189453,0.0,0.0010108679998666048,2.1416547298431396
2349,1712340645.3697593,vehicle.toyota.prius,64.73938751220703,-98.70559692382812,238.2989044189453,0.0,0.0010381886968389153,2.0442442893981934
2350,1712340645.4716449,vehicle.toyota.prius,64.8465805053711,-98.98330688476562,238.2989044189453,0.0,0.0010381886968389153,1.9697788953781128
2351,1712340645.5737855,vehicle.toyota.prius,64.8465805053711,-98.98330688476562,238.2989044189453,0.0,0.0010381886968389153,1.9697788953781128
2352,1712340645.67585,vehicle.toyota.prius,65.0857162475586,-99.56094360351562,238.3988800048828,0.0,0.0010450189001858234,1.8844958543777466
2353,1712340645.7784612,vehicle.toyota.prius,65.19291687011719,-99.84976196289062,238.3988800048828,0.0,0.0010450189001858234,1.7895249128341675
2354,1712340645.8810549,vehicle.toyota.prius,65.30010223388672,-100.11636352539062,238.3988800048828,0.0,0.0010518491035327315,1.713976502418518
2355,1712340645.9832451,vehicle.toyota.prius,65.40731048583984,-100.41629028320312,238.39886474609375,0.0,0.0010586793068796396,1.6944957971572876
2356,1712340646.08573,vehicle.toyota.prius,65.55574035644531,-100.72732543945312,238.49884033203125,0.0,0.0010586793068796396,1.3460049629211426
2357,1712340646.187829,vehicle.toyota.prius,65.67942810058594,-100.99392700195312,238.49884033203125,0.0,0.0010586793068796396,1.5703818798065186
2358,1712340646.2901263,vehicle.toyota.prius,65.78662872314453,-101.28274536132812,238.49884033203125,0.0,0.0010586793068796396,1.8985848426818848
2359,1712340646.3924234,vehicle.toyota.prius,65.91031646728516,-101.59378051757812,238.49884033203125,0.0,0.0010586793068796396,2.0902645587921143
2360,1712340646.494214,vehicle.toyota.prius,66.00926971435547,-101.84927368164062,238.49884033203125,0.0,0.0010586793068796396,2.2297098636627197
2361,1712340646.596211,vehicle.toyota.prius,66.16593933105469,-102.21583557128906,238.4988250732422,0.0,0.001079169800505042,2.445572853088379
2362,1712340646.6985905,vehicle.toyota.prius,66.28963470458984,-102.50466918945312,238.59881591796875,0.0,0.001079169800505042,2.5423758029937744
2363,1712340646.80129,vehicle.toyota.prius,66.42156982421875,-102.8268051147461,238.5988006591797,0.0,0.0010860000038519502,2.6291041374206543
2364,1712340646.9035347,vehicle.toyota.prius,66.5040283203125,-103.0489730834961,238.5988006591797,0.0,0.0010928302071988583,2.6759254932403564
2365,1712340647.0057945,vehicle.toyota.prius,66.64421081542969,-103.4044418334961,238.5988006591797,0.0,0.0010928302071988583,2.731480360031128
2366,1712340647.1082046,vehicle.toyota.prius,66.75965118408203,-103.65992736816406,238.5988006591797,0.0,0.0010996604105457664,2.7476646900177
2367,1712340647.2106807,vehicle.toyota.prius,66.8750991821289,-103.8932113647461,238.5988006591797,0.0,0.0011064906138926744,2.7519612312316895
2368,1712340647.3128684,vehicle.toyota.prius,66.99878692626953,-104.1375961303711,238.59878540039062,0.0,0.0011064906138926744,2.746147394180298
2369,1712340647.415368,vehicle.toyota.prius,67.18844604492188,-104.50416564941406,238.6987762451172,0.0,0.0011133208172395825,2.4832890033721924
2370,1712340647.5171459,vehicle.toyota.prius,67.32862854003906,-104.7374496459961,238.69876098632812,0.0,0.0011133208172395825,2.4783542156219482
2371,1712340647.6196375,vehicle.toyota.prius,67.51004028320312,-105.01515197753906,238.69876098632812,0.0,0.0011201510205864906,2.4878616333007812
2372,1712340647.7220116,vehicle.toyota.prius,67.66671752929688,-105.28175354003906,238.69876098632812,0.0,0.0011201510205864906,2.5125341415405273
2373,1712340647.8242662,vehicle.toyota.prius,67.81513977050781,-105.5594711303711,238.69876098632812,0.0,0.0011201510205864906,2.5531163215637207
2374,1712340647.9263852,vehicle.toyota.prius,67.96356964111328,-105.83717346191406,238.69876098632812,0.0,0.0011201510205864906,2.6118252277374268
2375,1712340648.0287108,vehicle.toyota.prius,68.11199951171875,-106.12599182128906,238.7987518310547,0.0,0.0011201510205864906,2.6904830932617188
2376,1712340648.1305852,vehicle.toyota.prius,68.25218200683594,-106.41481018066406,238.79872131347656,0.0,0.001133811310864985,2.7898712158203125
2377,1712340648.2327073,vehicle.toyota.prius,68.3263931274414,-106.54811096191406,238.79872131347656,0.0,0.001133811310864985,2.8423430919647217
2378,1712340648.3346002,vehicle.toyota.prius,68.3263931274414,-106.54811096191406,238.79872131347656,0.0,0.001133811310864985,2.8423430919647217
2379,1712340648.436956,vehicle.toyota.prius,68.5985107421875,-107.0924301147461,238.79872131347656,0.0,0.001133811310864985,3.095153331756592
2380,1712340648.5393553,vehicle.toyota.prius,68.73869323730469,-107.37013244628906,238.79872131347656,0.0,0.001133811310864985,3.106940507888794
2381,1712340648.6415672,vehicle.toyota.prius,68.87887573242188,-107.6256332397461,238.79872131347656,0.0,0.0011474717175588012,3.1161768436431885
2382,1712340648.7436528,vehicle.toyota.prius,69.0767822265625,-108.01441955566406,238.89871215820312,0.0,0.0011474717175588012,3.130418062210083
2383,1712340648.8457935,vehicle.toyota.prius,69.15099334716797,-108.16993713378906,238.898681640625,0.0,0.0011543019209057093,3.1379640102386475
2384,1712340648.947829,vehicle.toyota.prius,69.28292846679688,-108.4254379272461,238.898681640625,0.0,0.0011543019209057093,3.1478073596954346
2385,1712340649.049912,vehicle.toyota.prius,69.57154083251953,-108.96974182128906,238.89866638183594,0.0,0.0011611321242526174,3.1717920303344727
2386,1712340649.152034,vehicle.toyota.prius,69.57154083251953,-108.96974182128906,238.89866638183594,0.0,0.0011611321242526174,3.1717920303344727
2387,1712340649.2541354,vehicle.toyota.prius,69.76119995117188,-109.2918930053711,238.99867248535156,0.0,0.0011679623275995255,3.1854331493377686
2388,1712340649.3564496,vehicle.toyota.prius,70.09928894042969,-109.8028793334961,238.99864196777344,0.0,0.0011747924145311117,3.2090301513671875
2389,1712340649.4583898,vehicle.toyota.prius,70.09928894042969,-109.8028793334961,238.99864196777344,0.0,0.0011747924145311117,3.2090301513671875
2390,1712340649.560558,vehicle.toyota.prius,70.23947143554688,-109.99171447753906,238.99864196777344,0.0,0.0011747924145311117,3.218113422393799
2391,1712340649.6625535,vehicle.toyota.prius,70.5693130493164,-110.43606567382812,238.99862670898438,0.0,0.0011747924145311117,3.2399799823760986
2392,1712340649.7646644,vehicle.toyota.prius,70.5693130493164,-110.43606567382812,238.99862670898438,0.0,0.0011747924145311117,3.2399799823760986
2393,1712340649.8670805,vehicle.toyota.prius,70.89090728759766,-110.96926879882812,239.0986328125,0.0,0.0011747924145311117,3.2653417587280273
2394,1712340649.9689558,vehicle.toyota.prius,70.89090728759766,-110.96926879882812,239.0986328125,0.0,0.0011747924145311117,3.2653417587280273
2395,1712340650.0715842,vehicle.toyota.prius,71.17951965332031,-111.44692993164062,239.09860229492188,0.0,0.001188452821224928,3.2896475791931152
2396,1712340650.1736996,vehicle.toyota.prius,71.17951965332031,-111.44692993164062,239.09860229492188,0.0,0.001188452821224928,3.2896475791931152
2397,1712340650.2759285,vehicle.toyota.prius,71.49286651611328,-111.95791625976562,239.09860229492188,0.0,0.001195283024571836,3.315596580505371
2398,1712340650.3777552,vehicle.toyota.prius,71.67427825927734,-112.24673461914062,239.1986083984375,0.0,0.001202113227918744,3.3307368755340576
2399,1712340650.4798098,vehicle.toyota.prius,71.67427825927734,-112.24673461914062,239.1986083984375,0.0,0.001202113227918744,3.3307368755340576
2400,1712340650.5820208,vehicle.toyota.prius,72.02061462402344,-112.72439575195312,239.19859313964844,0.0,0.001202113227918744,3.3576526641845703
2401,1712340650.684515,vehicle.toyota.prius,72.2020263671875,-112.95767211914062,239.1985626220703,0.0,0.0012089434312656522,3.4013283252716064
2402,1712340650.7864575,vehicle.toyota.prius,72.2020263671875,-112.95767211914062,239.1985626220703,0.0,0.0012089434312656522,3.4013283252716064
2403,1712340650.8886902,vehicle.toyota.prius,72.4081802368164,-113.16873168945312,239.1985626220703,0.0,0.0012089434312656522,3.4575769901275635
2404,1712340650.9912307,vehicle.toyota.prius,72.76274871826172,-113.64639282226562,239.29856872558594,0.0,0.0012157736346125603,3.548257827758789
2405,1712340651.0933785,vehicle.toyota.prius,72.93592834472656,-113.89077758789062,239.29855346679688,0.0,0.0012157736346125603,3.588026285171509
2406,1712340651.1962032,vehicle.toyota.prius,73.09259796142578,-114.12406158447266,239.29855346679688,0.0,0.0012157736346125603,3.6217191219329834
2407,1712340651.2980442,vehicle.toyota.prius,73.30699920654297,-114.40176391601562,239.29855346679688,0.0,0.0012226038379594684,3.659207820892334
2408,1712340651.4001555,vehicle.toyota.prius,73.47191619873047,-114.59061431884766,239.29852294921875,0.0,0.0012226038379594684,3.6827447414398193
2409,1712340651.5023875,vehicle.toyota.prius,73.70280456542969,-114.82388305664062,239.39852905273438,0.0,0.0012226038379594684,3.7093470096588135
2410,1712340651.6046252,vehicle.toyota.prius,73.88422393798828,-115.02383422851562,239.39852905273438,0.0,0.0012226038379594684,3.728667974472046
2411,1712340651.7065313,vehicle.toyota.prius,74.0738754272461,-115.26821899414062,239.39852905273438,0.0,0.0012294340413063765,3.745598793029785
2412,1712340651.8085093,vehicle.toyota.prius,74.27178192138672,-115.52372741699219,239.3985137939453,0.0,0.0012294340413063765,3.7588553428649902
2413,1712340651.9109519,vehicle.toyota.prius,74.42845916748047,-115.73477935791016,239.3985137939453,0.0,0.0012294340413063765,3.766286849975586
2414,1712340652.013424,vehicle.toyota.prius,74.64285278320312,-115.99028015136719,239.4984893798828,0.0,0.0012294340413063765,3.7715439796447754
2415,1712340652.1158056,vehicle.toyota.prius,74.84075927734375,-116.20133209228516,239.4984893798828,0.0,0.0012294340413063765,3.7719123363494873
2416,1712340652.2182972,vehicle.toyota.prius,75.05516052246094,-116.40128326416016,239.4984893798828,0.0,0.0012294340413063765,3.7685604095458984
2417,1712340652.320268,vehicle.toyota.prius,75.29429626464844,-116.61235046386719,239.4984893798828,0.0,0.0012294340413063765,3.760655403137207
2418,1712340652.4225814,vehicle.toyota.prius,75.55815887451172,-116.81230163574219,239.49847412109375,0.0,0.0012294340413063765,3.747835159301758
2419,1712340652.5247066,vehicle.toyota.prius,75.74783325195312,-117.01225280761719,239.59844970703125,0.0,0.0012294340413063765,3.733485460281372
2420,1712340652.6268868,vehicle.toyota.prius,75.99520874023438,-117.27885437011719,239.59844970703125,0.0,0.0012294340413063765,3.709505081176758
2421,1712340652.7290063,vehicle.toyota.prius,76.18486785888672,-117.48992156982422,239.59844970703125,0.0,0.0012430943315848708,3.6881072521209717
2422,1712340652.8310568,vehicle.toyota.prius,76.36627960205078,-117.68987274169922,239.59844970703125,0.0,0.0012430943315848708,3.663374662399292
2423,1712340652.9330554,vehicle.toyota.prius,76.81156921386719,-118.16753387451172,239.69842529296875,0.0,0.001249924534931779,3.714012861251831
2424,1712340653.035364,vehicle.toyota.prius,76.81156921386719,-118.16753387451172,239.69842529296875,0.0,0.001249924534931779,3.714012861251831
2425,1712340653.1378865,vehicle.toyota.prius,77.22386169433594,-118.60076904296875,239.6984100341797,0.0,0.001249924534931779,3.709066152572632
2426,1712340653.239994,vehicle.toyota.prius,77.22386169433594,-118.60076904296875,239.6984100341797,0.0,0.001249924534931779,3.709066152572632
2427,1712340653.3419127,vehicle.toyota.prius,77.43827056884766,-118.78960418701172,239.6984100341797,0.0,0.0012430943315848708,3.7088003158569336
2428,1712340653.4439445,vehicle.toyota.prius,77.70213317871094,-118.98955535888672,239.6984100341797,0.0,0.0012430943315848708,3.7101564407348633
2429,1712340653.5459943,vehicle.toyota.prius,78.20515441894531,-119.33393096923828,239.7983856201172,0.0,0.0012430943315848708,3.7174580097198486
2430,1712340653.6482496,vehicle.toyota.prius,78.4525375366211,-119.55609893798828,239.79837036132812,0.0,0.001249924534931779,3.723529577255249
2431,1712340653.7506957,vehicle.toyota.prius,78.4525375366211,-119.55609893798828,239.79837036132812,0.0,0.001249924534931779,3.723529577255249
2432,1712340653.8530679,vehicle.toyota.prius,78.67517852783203,-119.75605010986328,239.79837036132812,0.0,0.001249924534931779,3.7277920246124268
2433,1712340653.9552197,vehicle.toyota.prius,78.9308090209961,-119.95600128173828,239.79837036132812,0.0,0.0012430943315848708,3.7307076454162598
2434,1712340654.057289,vehicle.toyota.prius,79.4832992553711,-120.27816009521484,239.8983612060547,0.0,0.0012226038379594684,3.7314162254333496
2435,1712340654.1595006,vehicle.toyota.prius,79.74717712402344,-120.41146087646484,239.8983612060547,0.0,0.0012226038379594684,3.7296142578125
2436,1712340654.2623096,vehicle.toyota.prius,79.74717712402344,-120.41146087646484,239.8983612060547,0.0,0.0012226038379594684,3.7296142578125
2437,1712340654.3642743,vehicle.toyota.prius,80.25843048095703,-120.80025482177734,239.89833068847656,0.0,0.0012362641282379627,3.7171645164489746
2438,1712340654.466749,vehicle.toyota.prius,80.50581359863281,-120.98909759521484,239.89833068847656,0.0,0.0012294340413063765,3.2641899585723877
2439,1712340654.5691814,vehicle.toyota.prius,80.72845458984375,-121.15573120117188,239.9983367919922,0.0,0.0012362641282379627,2.9406628608703613
2440,1712340654.671271,vehicle.toyota.prius,81.05005645751953,-121.36678314208984,239.99832153320312,0.0,0.0012362641282379627,2.6010777950286865
2441,1712340654.7733471,vehicle.toyota.prius,81.24795532226562,-121.51119995117188,239.99832153320312,0.0,0.0012362641282379627,2.4466094970703125
2442,1712340654.8757293,vehicle.toyota.prius,81.24795532226562,-121.51119995117188,239.99832153320312,0.0,0.0012362641282379627,2.4466094970703125
2443,1712340654.9778225,vehicle.toyota.prius,81.74272155761719,-121.87777709960938,239.998291015625,0.0,0.0012430943315848708,2.2770979404449463
2444,1712340655.0802727,vehicle.toyota.prius,81.99834442138672,-122.0666275024414,239.998291015625,0.0,0.0012430943315848708,2.314807891845703
2445,1712340655.1823611,vehicle.toyota.prius,82.23748779296875,-122.2665786743164,240.09829711914062,0.0,0.001249924534931779,2.4341037273406982
2446,1712340655.2845411,vehicle.toyota.prius,82.49311065673828,-122.4665298461914,240.09828186035156,0.0,0.001249924534931779,2.6446828842163086
2447,1712340655.3866637,vehicle.toyota.prius,82.77348327636719,-122.6886978149414,240.09828186035156,0.0,0.001256754738278687,2.978980779647827
2448,1712340655.4890938,vehicle.toyota.prius,82.77348327636719,-122.6886978149414,240.09828186035156,0.0,0.001256754738278687,2.978980779647827
2449,1712340655.5910213,vehicle.toyota.prius,83.25999450683594,-123.06639099121094,240.19825744628906,0.0,0.001249924534931779,3.8053183555603027
2450,1712340655.6930494,vehicle.toyota.prius,83.46614837646484,-123.22190856933594,240.19825744628906,0.0,0.001249924534931779,4.015383243560791
2451,1712340655.796035,vehicle.toyota.prius,83.6805419921875,-123.38854217529297,240.19825744628906,0.0,0.001249924534931779,4.0759077072143555
2452,1712340655.8977797,vehicle.toyota.prius,84.02688598632812,-123.621826171875,240.1982421875,0.0,0.001249924534931779,4.375432968139648
2453,1712340656.0001063,vehicle.toyota.prius,84.28250885009766,-123.7884521484375,240.1982421875,0.0,0.001249924534931779,4.558599948883057
2454,1712340656.101884,vehicle.toyota.prius,84.28250885009766,-123.7884521484375,240.1982421875,0.0,0.001249924534931779,4.558599948883057
2455,1712340656.2042723,vehicle.toyota.prius,84.7855224609375,-124.08838653564453,240.2982177734375,0.0,0.001256754738278687,4.821829795837402
2456,1712340656.306587,vehicle.toyota.prius,85.03290557861328,-124.24390411376953,240.2982177734375,0.0,0.001256754738278687,4.911542892456055
2457,1712340656.4086928,vehicle.toyota.prius,85.28853607177734,-124.4105224609375,240.2982177734375,0.0,0.001263584941625595,4.977774143218994
2458,1712340656.5113435,vehicle.toyota.prius,85.53591918945312,-124.57716369628906,240.398193359375,0.0,0.001263584941625595,4.987107276916504
2459,1712340656.6134326,vehicle.toyota.prius,85.77505493164062,-124.74378967285156,240.398193359375,0.0,0.001256754738278687,5.023559093475342
2460,1712340656.715306,vehicle.toyota.prius,86.0224380493164,-124.92152404785156,240.398193359375,0.0,0.001256754738278687,5.026824474334717
2461,1712340656.8175566,vehicle.toyota.prius,86.23683166503906,-125.0770492553711,240.39817810058594,0.0,0.001249924534931779,5.014467239379883
2462,1712340656.9199908,vehicle.toyota.prius,86.48421478271484,-125.2325668334961,240.39817810058594,0.0,0.0012430943315848708,4.9876532554626465
2463,1712340657.0221026,vehicle.toyota.prius,86.73159790039062,-125.37696838378906,240.49815368652344,0.0,0.0012362641282379627,4.9876532554626465
2464,1712340657.123848,vehicle.toyota.prius,87.09442901611328,-125.56582641601562,240.49815368652344,0.0,0.0012226038379594684,4.975074291229248
2465,1712340657.2266893,vehicle.toyota.prius,87.34181213378906,-125.6880111694336,240.49813842773438,0.0,0.0012157736346125603,4.939182758331299
2466,1712340657.3591607,vehicle.toyota.prius,87.564453125,-125.7768783569336,240.49813842773438,0.0,0.001195283024571836,-2.241943359375
2467,1712340657.4610717,vehicle.toyota.prius,88.19114685058594,-126.02127838134766,240.49813842773438,0.0,0.0011816226178780198,-2.2314453125
2468,1712340657.5637693,vehicle.toyota.prius,88.19114685058594,-126.02127838134766,240.49813842773438,0.0,0.0011816226178780198,-2.2314453125
2469,1712340657.6668415,vehicle.toyota.prius,88.4137954711914,-126.08793640136719,240.49813842773438,0.0,0.0011816226178780198,-2.225372314453125
2470,1712340657.7690341,vehicle.toyota.prius,88.9662857055664,-126.23235321044922,240.59811401367188,0.0,0.001188452821224928,-2.2047119140625
2471,1712340657.8713634,vehicle.toyota.prius,89.26315307617188,-126.35453796386719,240.5980987548828,0.0,0.001188452821224928,0.085113525390625
2472,1712340657.9734514,vehicle.toyota.prius,89.26315307617188,-126.35453796386719,240.5980987548828,0.0,0.001188452821224928,0.085113525390625
2473,1712340658.0756772,vehicle.toyota.prius,89.76615905761719,-126.56561279296875,240.5980987548828,0.0,0.001188452821224928,-0.081146240234375
2474,1712340658.1780007,vehicle.toyota.prius,89.93108367919922,-126.62114715576172,240.5980987548828,0.0,0.001188452821224928,-0.129486083984375
2475,1712340658.2802892,vehicle.toyota.prius,90.17021179199219,-126.72113037109375,240.5980987548828,0.0,0.001195283024571836,-0.216278076171875
2476,1712340658.3825097,vehicle.toyota.prius,90.17021179199219,-126.72113037109375,240.5980987548828,0.0,0.001195283024571836,-0.216278076171875
2477,1712340658.4845726,vehicle.toyota.prius,90.59076690673828,-126.90998077392578,240.59808349609375,0.0,0.001188452821224928,0.5216064453125
2478,1712340658.5863626,vehicle.toyota.prius,90.79692077636719,-126.98773956298828,240.59808349609375,0.0,0.0011816226178780198,0.55487060546875
2479,1712340658.6880867,vehicle.toyota.prius,91.0030746459961,-127.06549835205078,240.59808349609375,0.0,0.0011747924145311117,0.59423828125
2480,1712340658.790304,vehicle.toyota.prius,91.19273376464844,-127.12104034423828,240.69805908203125,0.0,0.0011611321242526174,0.645172119140625
2481,1712340658.892826,vehicle.toyota.prius,91.39888763427734,-127.16547393798828,240.69805908203125,0.0,0.0011474717175588012,0.697845458984375
2482,1712340658.9958344,vehicle.toyota.prius,91.39888763427734,-127.16547393798828,240.69805908203125,0.0,0.0011474717175588012,0.697845458984375
2483,1712340659.0976658,vehicle.toyota.prius,91.81118774414062,-127.24324798583984,240.69805908203125,0.0,0.0011201510205864906,0.806121826171875
2484,1712340659.200161,vehicle.toyota.prius,91.81118774414062,-127.24324798583984,240.69805908203125,0.0,0.0011201510205864906,0.806121826171875
2485,1712340659.3021624,vehicle.toyota.prius,91.9678726196289,-127.25435638427734,240.69805908203125,0.0,0.0010996604105457664,0.842620849609375
2486,1712340659.4048595,vehicle.toyota.prius,91.9678726196289,-127.25435638427734,240.69805908203125,0.0,0.0010996604105457664,0.842620849609375
2487,1712340659.5069635,vehicle.toyota.prius,91.9678726196289,-127.25435638427734,240.69805908203125,0.0,0.0010996604105457664,0.842620849609375
2488,1712340659.6091287,vehicle.toyota.prius,91.9678726196289,-127.25435638427734,240.69805908203125,0.0,0.0010996604105457664,0.842620849609375
2489,1712340659.7112396,vehicle.toyota.prius,91.9678726196289,-127.25435638427734,240.69805908203125,0.0,0.0010996604105457664,0.842620849609375
2490,1712340659.8136876,vehicle.toyota.prius,91.9678726196289,-127.25435638427734,240.69805908203125,0.0,0.0010996604105457664,0.842620849609375
2491,1712340659.9157083,vehicle.toyota.prius,91.9678726196289,-127.25435638427734,240.69805908203125,0.0,0.0010996604105457664,0.842620849609375
2492,1712340660.0183337,vehicle.toyota.prius,91.9678726196289,-127.25435638427734,240.69805908203125,0.0,0.0010996604105457664,0.842620849609375
2493,1712340660.1201935,vehicle.toyota.prius,91.9678726196289,-127.25435638427734,240.69805908203125,0.0,0.0010996604105457664,0.842620849609375
2494,1712340660.22256,vehicle.toyota.prius,91.9678726196289,-127.25435638427734,240.69805908203125,0.0,0.0010996604105457664,0.842620849609375
2495,1712340660.3249013,vehicle.toyota.prius,91.9678726196289,-127.25435638427734,240.69805908203125,0.0,0.0010996604105457664,0.842620849609375
2496,1712340660.4270182,vehicle.toyota.prius,91.9678726196289,-127.25435638427734,240.69805908203125,0.0,0.0010996604105457664,0.842620849609375
2497,1712340660.5303776,vehicle.toyota.prius,91.9678726196289,-127.25435638427734,240.69805908203125,0.0,0.0010996604105457664,0.842620849609375
2498,1712340660.6327665,vehicle.toyota.prius,91.9678726196289,-127.25435638427734,240.69805908203125,0.0,0.0010996604105457664,0.842620849609375
2499,1712340660.7348747,vehicle.toyota.prius,91.9678726196289,-127.25435638427734,240.69805908203125,0.0,0.0010996604105457664,0.842620849609375
2500,1712340660.8368754,vehicle.toyota.prius,91.9678726196289,-127.25435638427734,240.69805908203125,0.0,0.0010996604105457664,0.842620849609375
2501,1712340660.9390383,vehicle.toyota.prius,91.9678726196289,-127.25435638427734,240.69805908203125,0.0,0.0010996604105457664,0.842620849609375
2502,1712340661.0413463,vehicle.toyota.prius,91.9678726196289,-127.25435638427734,240.69805908203125,0.0,0.0010996604105457664,0.842620849609375
2503,1712340661.1432304,vehicle.toyota.prius,91.9678726196289,-127.25435638427734,240.69805908203125,0.0,0.0010996604105457664,0.842620849609375
2504,1712340661.245283,vehicle.toyota.prius,91.9678726196289,-127.25435638427734,240.69805908203125,0.0,0.0010996604105457664,0.842620849609375
2505,1712340661.3471942,vehicle.toyota.prius,91.9678726196289,-127.25435638427734,240.69805908203125,0.0,0.0010996604105457664,0.842620849609375
2506,1712340661.449,vehicle.toyota.prius,91.9678726196289,-127.25435638427734,240.69805908203125,0.0,0.0010996604105457664,0.842620849609375
2507,1712340661.5508142,vehicle.toyota.prius,91.9678726196289,-127.25435638427734,240.69805908203125,0.0,0.0010996604105457664,0.842620849609375
2508,1712340661.6531205,vehicle.toyota.prius,91.9678726196289,-127.25435638427734,240.69805908203125,0.0,0.0010996604105457664,0.842620849609375
2509,1712340661.7552245,vehicle.toyota.prius,91.9678726196289,-127.25435638427734,240.69805908203125,0.0,0.0010996604105457664,0.842620849609375
2510,1712340661.8575213,vehicle.toyota.prius,91.9678726196289,-127.25435638427734,240.69805908203125,0.0,0.0010996604105457664,0.842620849609375
2511,1712340661.959642,vehicle.toyota.prius,91.9678726196289,-127.25435638427734,240.69805908203125,0.0,0.0010996604105457664,0.842620849609375
2512,1712340662.0614872,vehicle.toyota.prius,91.9678726196289,-127.25435638427734,240.69805908203125,0.0,0.0010996604105457664,0.842620849609375
2513,1712340662.1633735,vehicle.toyota.prius,91.9678726196289,-127.25435638427734,240.69805908203125,0.0,0.0010996604105457664,0.842620849609375
2514,1712340662.2655954,vehicle.toyota.prius,91.9678726196289,-127.25435638427734,240.69805908203125,0.0,0.0010996604105457664,0.842620849609375
2515,1712340662.3675947,vehicle.toyota.prius,91.9678726196289,-127.25435638427734,240.69805908203125,0.0,0.0010996604105457664,0.842620849609375
2516,1712340662.4698029,vehicle.toyota.prius,91.9678726196289,-127.25435638427734,240.69805908203125,0.0,0.0010996604105457664,0.842620849609375
2517,1712340662.5721052,vehicle.toyota.prius,91.9678726196289,-127.25435638427734,240.69805908203125,0.0,0.0010996604105457664,0.842620849609375
2518,1712340662.6741486,vehicle.toyota.prius,91.9678726196289,-127.25435638427734,240.69805908203125,0.0,0.0010996604105457664,0.842620849609375
2519,1712340662.7763495,vehicle.toyota.prius,91.9678726196289,-127.25435638427734,240.69805908203125,0.0,0.0010996604105457664,0.842620849609375
2520,1712340662.8783245,vehicle.toyota.prius,91.9678726196289,-127.25435638427734,240.69805908203125,0.0,0.0010996604105457664,0.842620849609375
2521,1712340662.9807904,vehicle.toyota.prius,91.9678726196289,-127.25435638427734,240.69805908203125,0.0,0.0010996604105457664,0.842620849609375
2522,1712340663.0831559,vehicle.toyota.prius,91.9678726196289,-127.25435638427734,240.69805908203125,0.0,0.0010996604105457664,0.842620849609375
2523,1712340663.1856568,vehicle.toyota.prius,91.9678726196289,-127.25435638427734,240.69805908203125,0.0,0.0010996604105457664,0.842620849609375
2524,1712340663.2876906,vehicle.toyota.prius,91.9678726196289,-127.25435638427734,240.69805908203125,0.0,0.0010996604105457664,0.842620849609375
2525,1712340663.3894672,vehicle.toyota.prius,91.9678726196289,-127.25435638427734,240.69805908203125,0.0,0.0010996604105457664,0.842620849609375
2526,1712340663.4917848,vehicle.toyota.prius,91.9678726196289,-127.25435638427734,240.69805908203125,0.0,0.0010996604105457664,0.842620849609375
2527,1712340663.5946116,vehicle.toyota.prius,91.9678726196289,-127.25435638427734,240.69805908203125,0.0,0.0010996604105457664,0.842620849609375
2528,1712340663.6968195,vehicle.toyota.prius,91.9678726196289,-127.25435638427734,240.69805908203125,0.0,0.0010996604105457664,0.842620849609375
2529,1712340663.7995677,vehicle.toyota.prius,91.9678726196289,-127.25435638427734,240.69805908203125,0.0,0.0010996604105457664,0.842620849609375
2530,1712340663.9019456,vehicle.toyota.prius,91.9678726196289,-127.25435638427734,240.69805908203125,0.0,0.0010996604105457664,0.842620849609375
2531,1712340664.0040557,vehicle.toyota.prius,91.9678726196289,-127.25435638427734,240.69805908203125,0.0,0.0010996604105457664,0.842620849609375
2532,1712340664.1059723,vehicle.toyota.prius,91.9678726196289,-127.25435638427734,240.69805908203125,0.0,0.0010996604105457664,0.842620849609375
2533,1712340664.2082796,vehicle.toyota.prius,91.9678726196289,-127.25435638427734,240.69805908203125,0.0,0.0010996604105457664,0.842620849609375
2534,1712340664.3105938,vehicle.toyota.prius,91.9678726196289,-127.25435638427734,240.69805908203125,0.0,0.0010996604105457664,0.842620849609375
2535,1712340664.413198,vehicle.toyota.prius,91.9678726196289,-127.25435638427734,240.69805908203125,0.0,0.0010996604105457664,0.842620849609375
2536,1712340664.5153682,vehicle.toyota.prius,91.9678726196289,-127.25435638427734,240.69805908203125,0.0,0.0010996604105457664,0.842620849609375
2537,1712340664.6176875,vehicle.toyota.prius,91.9678726196289,-127.25435638427734,240.69805908203125,0.0,0.0010996604105457664,0.842620849609375
2538,1712340664.7200997,vehicle.toyota.prius,91.9678726196289,-127.25435638427734,240.69805908203125,0.0,0.0010996604105457664,0.842620849609375
2539,1712340664.8219666,vehicle.toyota.prius,91.9678726196289,-127.25435638427734,240.69805908203125,0.0,0.0010996604105457664,0.842620849609375
2540,1712340664.9243138,vehicle.toyota.prius,91.9678726196289,-127.25435638427734,240.69805908203125,0.0,0.0010996604105457664,0.842620849609375
2541,1712340665.026833,vehicle.toyota.prius,91.9678726196289,-127.25435638427734,240.69805908203125,0.0,0.0010996604105457664,0.842620849609375
2542,1712340665.129286,vehicle.toyota.prius,91.9678726196289,-127.25435638427734,240.69805908203125,0.0,0.0010996604105457664,0.842620849609375
2543,1712340665.2313817,vehicle.toyota.prius,91.9678726196289,-127.25435638427734,240.69805908203125,0.0,0.0010996604105457664,0.842620849609375
2544,1712340665.3335817,vehicle.toyota.prius,91.9678726196289,-127.25435638427734,240.69805908203125,0.0,0.0010996604105457664,0.842620849609375
2545,1712340665.4358404,vehicle.toyota.prius,91.9678726196289,-127.25435638427734,240.69805908203125,0.0,0.0010996604105457664,0.842620849609375
2546,1712340665.5377278,vehicle.toyota.prius,91.9678726196289,-127.25435638427734,240.69805908203125,0.0,0.0010996604105457664,0.842620849609375
2547,1712340665.639769,vehicle.toyota.prius,91.9678726196289,-127.25435638427734,240.69805908203125,0.0,0.0010996604105457664,0.842620849609375
2548,1712340665.7423074,vehicle.toyota.prius,91.9678726196289,-127.25435638427734,240.69805908203125,0.0,0.0010996604105457664,0.842620849609375
2549,1712340665.844132,vehicle.toyota.prius,91.9678726196289,-127.25435638427734,240.69805908203125,0.0,0.0010996604105457664,0.842620849609375
2550,1712340665.9465423,vehicle.toyota.prius,91.9678726196289,-127.25435638427734,240.69805908203125,0.0,0.0010996604105457664,0.842620849609375
2551,1712340666.0495725,vehicle.toyota.prius,91.9678726196289,-127.25435638427734,240.69805908203125,0.0,0.0010996604105457664,0.842620849609375
2552,1712340666.152981,vehicle.toyota.prius,91.9678726196289,-127.25435638427734,240.69805908203125,0.0,0.0010996604105457664,0.842620849609375
2553,1712340666.2561085,vehicle.toyota.prius,91.9678726196289,-127.25435638427734,240.69805908203125,0.0,0.0010996604105457664,0.842620849609375
2554,1712340666.3592257,vehicle.toyota.prius,91.9678726196289,-127.25435638427734,240.69805908203125,0.0,0.0010996604105457664,0.842620849609375
2555,1712340666.4613605,vehicle.toyota.prius,91.9678726196289,-127.25435638427734,240.69805908203125,0.0,0.0010996604105457664,0.842620849609375
2556,1712340666.5638132,vehicle.toyota.prius,91.9678726196289,-127.25435638427734,240.69805908203125,0.0,0.0010996604105457664,0.842620849609375
2557,1712340666.6656406,vehicle.toyota.prius,91.9678726196289,-127.25435638427734,240.69805908203125,0.0,0.0010996604105457664,0.842620849609375
2558,1712340666.7678492,vehicle.toyota.prius,91.9678726196289,-127.25435638427734,240.69805908203125,0.0,0.0010996604105457664,0.842620849609375
2559,1712340666.8702297,vehicle.toyota.prius,91.9678726196289,-127.25435638427734,240.69805908203125,0.0,0.0010996604105457664,0.842620849609375
2560,1712340666.9739137,vehicle.toyota.prius,91.9678726196289,-127.25435638427734,240.69805908203125,0.0,0.0010996604105457664,0.842620849609375
2561,1712340667.0765266,vehicle.toyota.prius,91.9678726196289,-127.25435638427734,240.69805908203125,0.0,0.0010996604105457664,0.842620849609375
2562,1712340667.1786642,vehicle.toyota.prius,91.9678726196289,-127.25435638427734,240.69805908203125,0.0,0.0010996604105457664,0.842620849609375
2563,1712340667.2813644,vehicle.toyota.prius,91.9678726196289,-127.25435638427734,240.69805908203125,0.0,0.0010996604105457664,0.842620849609375
2564,1712340667.3837757,vehicle.toyota.prius,91.9678726196289,-127.25435638427734,240.69805908203125,0.0,0.0010996604105457664,0.842620849609375
2565,1712340667.4864185,vehicle.toyota.prius,91.9678726196289,-127.25435638427734,240.69805908203125,0.0,0.0010996604105457664,0.842620849609375
2566,1712340667.5887773,vehicle.toyota.prius,91.9678726196289,-127.25435638427734,240.69805908203125,0.0,0.0010996604105457664,0.842620849609375
2567,1712340667.6910594,vehicle.toyota.prius,91.9678726196289,-127.25435638427734,240.69805908203125,0.0,0.0010996604105457664,0.842620849609375
2568,1712340667.793188,vehicle.toyota.prius,91.9678726196289,-127.25435638427734,240.69805908203125,0.0,0.0010996604105457664,0.842620849609375
2569,1712340667.8964267,vehicle.toyota.prius,91.9678726196289,-127.25435638427734,240.69805908203125,0.0,0.0010996604105457664,0.842620849609375
2570,1712340667.999361,vehicle.toyota.prius,91.9678726196289,-127.25435638427734,240.69805908203125,0.0,0.0010996604105457664,0.842620849609375
2571,1712340668.1012802,vehicle.toyota.prius,91.9678726196289,-127.25435638427734,240.69805908203125,0.0,0.0010996604105457664,0.842620849609375
2572,1712340668.2032619,vehicle.toyota.prius,91.9678726196289,-127.25435638427734,240.69805908203125,0.0,0.0010996604105457664,0.842620849609375
2573,1712340668.3054972,vehicle.toyota.prius,91.9678726196289,-127.25435638427734,240.69805908203125,0.0,0.0010996604105457664,0.842620849609375
2574,1712340668.4076495,vehicle.toyota.prius,91.9678726196289,-127.25435638427734,240.69805908203125,0.0,0.0010996604105457664,0.842620849609375
2575,1712340668.5097265,vehicle.toyota.prius,91.9678726196289,-127.25435638427734,240.69805908203125,0.0,0.0010996604105457664,0.842620849609375
2576,1712340668.6120327,vehicle.toyota.prius,91.9678726196289,-127.25435638427734,240.69805908203125,0.0,0.0010996604105457664,0.842620849609375
2577,1712340668.71399,vehicle.toyota.prius,91.9678726196289,-127.25435638427734,240.69805908203125,0.0,0.0010996604105457664,0.842620849609375
2578,1712340668.816523,vehicle.toyota.prius,91.9678726196289,-127.25435638427734,240.69805908203125,0.0,0.0010996604105457664,0.842620849609375
2579,1712340668.918899,vehicle.toyota.prius,91.9678726196289,-127.25435638427734,240.69805908203125,0.0,0.0010996604105457664,0.842620849609375
2580,1712340669.0213017,vehicle.toyota.prius,91.9678726196289,-127.25435638427734,240.69805908203125,0.0,0.0010996604105457664,0.842620849609375
2581,1712340669.1233616,vehicle.toyota.prius,91.9678726196289,-127.25435638427734,240.69805908203125,0.0,0.0010996604105457664,0.842620849609375
2582,1712340669.2251391,vehicle.toyota.prius,91.9678726196289,-127.25435638427734,240.69805908203125,0.0,0.0010996604105457664,0.842620849609375
2583,1712340669.327895,vehicle.toyota.prius,91.9678726196289,-127.25435638427734,240.69805908203125,0.0,0.0010996604105457664,0.842620849609375
2584,1712340669.4299204,vehicle.toyota.prius,91.9678726196289,-127.25435638427734,240.69805908203125,0.0,0.0010996604105457664,0.842620849609375
2585,1712340669.5328918,vehicle.toyota.prius,91.9678726196289,-127.25435638427734,240.69805908203125,0.0,0.0010996604105457664,0.842620849609375
2586,1712340669.6346648,vehicle.toyota.prius,91.9678726196289,-127.25435638427734,240.69805908203125,0.0,0.0010996604105457664,0.842620849609375
2587,1712340669.7368438,vehicle.toyota.prius,91.9678726196289,-127.25435638427734,240.69805908203125,0.0,0.0010996604105457664,0.842620849609375
2588,1712340669.8390892,vehicle.toyota.prius,91.9678726196289,-127.25435638427734,240.69805908203125,0.0,0.0010996604105457664,0.842620849609375
2589,1712340669.9415283,vehicle.toyota.prius,91.9678726196289,-127.25435638427734,240.69805908203125,0.0,0.0010996604105457664,0.842620849609375
2590,1712340670.0438712,vehicle.toyota.prius,91.9678726196289,-127.25435638427734,240.69805908203125,0.0,0.0010996604105457664,0.842620849609375
2591,1712340670.1461751,vehicle.toyota.prius,91.9678726196289,-127.25435638427734,240.69805908203125,0.0,0.0010996604105457664,0.842620849609375
2592,1712340670.248575,vehicle.toyota.prius,91.9678726196289,-127.25435638427734,240.69805908203125,0.0,0.0010996604105457664,0.842620849609375
2593,1712340670.3510172,vehicle.toyota.prius,91.9678726196289,-127.25435638427734,240.69805908203125,0.0,0.0010996604105457664,0.842620849609375
2594,1712340670.4531481,vehicle.toyota.prius,91.9678726196289,-127.25435638427734,240.69805908203125,0.0,0.0010996604105457664,0.842620849609375
2595,1712340670.5555925,vehicle.toyota.prius,91.9678726196289,-127.25435638427734,240.69805908203125,0.0,0.0010996604105457664,0.842620849609375
2596,1712340670.6574633,vehicle.toyota.prius,91.9678726196289,-127.25435638427734,240.69805908203125,0.0,0.0010996604105457664,0.842620849609375
2597,1712340670.759507,vehicle.toyota.prius,91.9678726196289,-127.25435638427734,240.69805908203125,0.0,0.0010996604105457664,0.842620849609375
2598,1712340670.8619664,vehicle.toyota.prius,91.9678726196289,-127.25435638427734,240.69805908203125,0.0,0.0010996604105457664,0.842620849609375
2599,1712340670.9640343,vehicle.toyota.prius,91.9678726196289,-127.25435638427734,240.69805908203125,0.0,0.0010996604105457664,0.842620849609375
2600,1712340671.0662534,vehicle.toyota.prius,91.9678726196289,-127.25435638427734,240.69805908203125,0.0,0.0010996604105457664,0.842620849609375
2601,1712340671.1686897,vehicle.toyota.prius,91.9678726196289,-127.25435638427734,240.69805908203125,0.0,0.0010996604105457664,0.842620849609375
2602,1712340671.270976,vehicle.toyota.prius,91.9678726196289,-127.25435638427734,240.69805908203125,0.0,0.0010996604105457664,0.842620849609375
2603,1712340671.373358,vehicle.toyota.prius,91.9678726196289,-127.25435638427734,240.69805908203125,0.0,0.0010996604105457664,0.842620849609375
2604,1712340671.4787364,vehicle.toyota.prius,91.9678726196289,-127.25435638427734,240.69805908203125,0.0,0.0010996604105457664,0.842620849609375
2605,1712340671.5811906,vehicle.toyota.prius,91.9678726196289,-127.25435638427734,240.69805908203125,0.0,0.0010996604105457664,0.842620849609375
2606,1712340671.6833453,vehicle.toyota.prius,91.9678726196289,-127.25435638427734,240.69805908203125,0.0,0.0010996604105457664,0.842620849609375
2607,1712340671.833788,vehicle.toyota.prius,91.9678726196289,-127.25435638427734,240.69805908203125,0.0,0.0010996604105457664,0.842620849609375
2608,1712340671.9356627,vehicle.toyota.prius,91.9678726196289,-127.25435638427734,240.69805908203125,0.0,0.0010996604105457664,0.842620849609375
2609,1712340672.0380652,vehicle.toyota.prius,91.9678726196289,-127.25435638427734,240.69805908203125,0.0,0.0010996604105457664,0.842620849609375
2610,1712340672.1402822,vehicle.toyota.prius,91.9678726196289,-127.25435638427734,240.69805908203125,0.0,0.0010996604105457664,0.842620849609375
2611,1712340672.2422981,vehicle.toyota.prius,91.9678726196289,-127.25435638427734,240.69805908203125,0.0,0.0010996604105457664,0.842620849609375
2612,1712340672.3440394,vehicle.toyota.prius,91.9678726196289,-127.25435638427734,240.69805908203125,0.0,0.0010996604105457664,0.842620849609375
2613,1712340672.4469743,vehicle.toyota.prius,91.9678726196289,-127.25435638427734,240.69805908203125,0.0,0.0010996604105457664,0.842620849609375
2614,1712340672.549294,vehicle.toyota.prius,91.9678726196289,-127.25435638427734,240.69805908203125,0.0,0.0010996604105457664,0.842620849609375
2615,1712340672.6513562,vehicle.toyota.prius,91.9678726196289,-127.25435638427734,240.69805908203125,0.0,0.0010996604105457664,0.842620849609375
2616,1712340672.7542074,vehicle.toyota.prius,91.9678726196289,-127.25435638427734,240.69805908203125,0.0,0.0010996604105457664,0.842620849609375
2617,1712340672.856302,vehicle.toyota.prius,91.9678726196289,-127.25435638427734,240.69805908203125,0.0,0.0010996604105457664,0.842620849609375
2618,1712340672.9585302,vehicle.toyota.prius,91.9678726196289,-127.25435638427734,240.69805908203125,0.0,0.0010996604105457664,0.842620849609375
2619,1712340673.0608456,vehicle.toyota.prius,91.9678726196289,-127.25435638427734,240.69805908203125,0.0,0.0010996604105457664,0.842620849609375
2620,1712340673.162748,vehicle.toyota.prius,91.9678726196289,-127.25435638427734,240.69805908203125,0.0,0.0010996604105457664,0.842620849609375
2621,1712340673.2646117,vehicle.toyota.prius,91.9678726196289,-127.25435638427734,240.69805908203125,0.0,0.0010996604105457664,0.842620849609375
2622,1712340673.367027,vehicle.toyota.prius,91.9678726196289,-127.25435638427734,240.69805908203125,0.0,0.0010996604105457664,0.842620849609375
2623,1712340673.4689837,vehicle.toyota.prius,91.9678726196289,-127.25435638427734,240.69805908203125,0.0,0.0010996604105457664,0.842620849609375
2624,1712340673.5711553,vehicle.toyota.prius,91.9678726196289,-127.25435638427734,240.69805908203125,0.0,0.0010996604105457664,0.842620849609375
2625,1712340673.673619,vehicle.toyota.prius,91.9678726196289,-127.25435638427734,240.69805908203125,0.0,0.0010996604105457664,0.842620849609375
2626,1712340673.7756944,vehicle.toyota.prius,91.9678726196289,-127.25435638427734,240.69805908203125,0.0,0.0010996604105457664,0.842620849609375
2627,1712340673.877949,vehicle.toyota.prius,91.9678726196289,-127.25435638427734,240.69805908203125,0.0,0.0010996604105457664,0.842620849609375
2628,1712340673.9803686,vehicle.toyota.prius,91.9678726196289,-127.25435638427734,240.69805908203125,0.0,0.0010996604105457664,0.842620849609375
2629,1712340674.082391,vehicle.toyota.prius,91.9678726196289,-127.25435638427734,240.69805908203125,0.0,0.0010996604105457664,0.842620849609375
2630,1712340674.1845562,vehicle.toyota.prius,91.9678726196289,-127.25435638427734,240.69805908203125,0.0,0.0010996604105457664,0.842620849609375
2631,1712340674.2864316,vehicle.toyota.prius,91.9678726196289,-127.25435638427734,240.69805908203125,0.0,0.0010996604105457664,0.842620849609375
2632,1712340674.388411,vehicle.toyota.prius,91.9678726196289,-127.25435638427734,240.69805908203125,0.0,0.0010996604105457664,0.842620849609375
2633,1712340674.4908118,vehicle.toyota.prius,91.9678726196289,-127.25435638427734,240.69805908203125,0.0,0.0010996604105457664,0.842620849609375
2634,1712340674.5927885,vehicle.toyota.prius,91.9678726196289,-127.25435638427734,240.69805908203125,0.0,0.0010996604105457664,0.842620849609375
2635,1712340674.6950288,vehicle.toyota.prius,91.9678726196289,-127.25435638427734,240.69805908203125,0.0,0.0010996604105457664,0.842620849609375
2636,1712340674.7969546,vehicle.toyota.prius,91.9678726196289,-127.25435638427734,240.69805908203125,0.0,0.0010996604105457664,0.842620849609375
2637,1712340674.8991828,vehicle.toyota.prius,91.9678726196289,-127.25435638427734,240.69805908203125,0.0,0.0010996604105457664,0.842620849609375
2638,1712340675.0018408,vehicle.toyota.prius,91.9678726196289,-127.25435638427734,240.69805908203125,0.0,0.0010996604105457664,0.842620849609375
2639,1712340675.1040626,vehicle.toyota.prius,91.9678726196289,-127.25435638427734,240.69805908203125,0.0,0.0010996604105457664,0.842620849609375
2640,1712340675.2058632,vehicle.toyota.prius,91.9678726196289,-127.25435638427734,240.69805908203125,0.0,0.0010996604105457664,0.842620849609375
2641,1712340675.3081248,vehicle.toyota.prius,91.9678726196289,-127.25435638427734,240.69805908203125,0.0,0.0010996604105457664,0.842620849609375
2642,1712340675.4100971,vehicle.toyota.prius,91.9678726196289,-127.25435638427734,240.69805908203125,0.0,0.0010996604105457664,0.842620849609375
2643,1712340675.5126405,vehicle.toyota.prius,91.9678726196289,-127.25435638427734,240.69805908203125,0.0,0.0010996604105457664,0.842620849609375
2644,1712340675.6146595,vehicle.toyota.prius,91.9678726196289,-127.25435638427734,240.69805908203125,0.0,0.0010996604105457664,0.842620849609375
2645,1712340675.716984,vehicle.toyota.prius,91.9678726196289,-127.25435638427734,240.69805908203125,0.0,0.0010996604105457664,0.842620849609375
2646,1712340675.8196592,vehicle.toyota.prius,91.9678726196289,-127.25435638427734,240.69805908203125,0.0,0.0010996604105457664,0.842620849609375
2647,1712340675.9218962,vehicle.toyota.prius,91.9678726196289,-127.25435638427734,240.69805908203125,0.0,0.0010996604105457664,0.842620849609375
2648,1712340676.024317,vehicle.toyota.prius,91.9678726196289,-127.25435638427734,240.69805908203125,0.0,0.0010996604105457664,0.842620849609375
2649,1712340676.126604,vehicle.toyota.prius,91.9678726196289,-127.25435638427734,240.69805908203125,0.0,0.0010996604105457664,0.842620849609375
2650,1712340676.2290173,vehicle.toyota.prius,91.9678726196289,-127.25435638427734,240.69805908203125,0.0,0.0010996604105457664,0.842620849609375
2651,1712340676.330806,vehicle.toyota.prius,91.9678726196289,-127.25435638427734,240.69805908203125,0.0,0.0010996604105457664,0.842620849609375
2652,1712340676.43259,vehicle.toyota.prius,91.9678726196289,-127.25435638427734,240.69805908203125,0.0,0.0010996604105457664,0.842620849609375
2653,1712340676.5347617,vehicle.toyota.prius,91.9678726196289,-127.25435638427734,240.69805908203125,0.0,0.0010996604105457664,0.842620849609375
2654,1712340676.6375551,vehicle.toyota.prius,91.9678726196289,-127.25435638427734,240.69805908203125,0.0,0.0010996604105457664,0.842620849609375
2655,1712340676.74038,vehicle.toyota.prius,91.9678726196289,-127.25435638427734,240.69805908203125,0.0,0.0010996604105457664,0.842620849609375
2656,1712340676.8425064,vehicle.toyota.prius,91.9678726196289,-127.25435638427734,240.69805908203125,0.0,0.0010996604105457664,0.842620849609375
2657,1712340676.9446013,vehicle.toyota.prius,91.9678726196289,-127.25435638427734,240.69805908203125,0.0,0.0010996604105457664,0.842620849609375
2658,1712340677.0464258,vehicle.toyota.prius,91.9678726196289,-127.25435638427734,240.69805908203125,0.0,0.0010996604105457664,0.842620849609375
2659,1712340677.1483757,vehicle.toyota.prius,91.9678726196289,-127.25435638427734,240.69805908203125,0.0,0.0010996604105457664,0.842620849609375
2660,1712340677.2506912,vehicle.toyota.prius,91.9678726196289,-127.25435638427734,240.69805908203125,0.0,0.0010996604105457664,0.842620849609375
2661,1712340677.3527727,vehicle.toyota.prius,91.9678726196289,-127.25435638427734,240.69805908203125,0.0,0.0010996604105457664,0.842620849609375
2662,1712340677.4551864,vehicle.toyota.prius,91.9678726196289,-127.25435638427734,240.69805908203125,0.0,0.0010996604105457664,0.842620849609375
2663,1712340677.5585053,vehicle.toyota.prius,91.9678726196289,-127.25435638427734,240.69805908203125,0.0,0.0010996604105457664,0.842620849609375
2664,1712340677.6606622,vehicle.toyota.prius,91.9678726196289,-127.25435638427734,240.69805908203125,0.0,0.0010996604105457664,0.842620849609375
2665,1712340677.763516,vehicle.toyota.prius,91.9678726196289,-127.25435638427734,240.69805908203125,0.0,0.0010996604105457664,0.842620849609375
2666,1712340677.8658733,vehicle.toyota.prius,91.9678726196289,-127.25435638427734,240.69805908203125,0.0,0.0010996604105457664,0.842620849609375
2667,1712340677.9678214,vehicle.toyota.prius,91.9678726196289,-127.25435638427734,240.69805908203125,0.0,0.0010996604105457664,0.842620849609375
2668,1712340678.0701876,vehicle.toyota.prius,91.9678726196289,-127.25435638427734,240.69805908203125,0.0,0.0010996604105457664,0.842620849609375
2669,1712340678.1724668,vehicle.toyota.prius,91.9678726196289,-127.25435638427734,240.69805908203125,0.0,0.0010996604105457664,0.842620849609375
2670,1712340678.274778,vehicle.toyota.prius,91.9678726196289,-127.25435638427734,240.69805908203125,0.0,0.0010996604105457664,0.842620849609375
2671,1712340678.376605,vehicle.toyota.prius,91.9678726196289,-127.25435638427734,240.69805908203125,0.0,0.0010996604105457664,0.842620849609375
2672,1712340678.4786153,vehicle.toyota.prius,91.9678726196289,-127.25435638427734,240.69805908203125,0.0,0.0010996604105457664,0.842620849609375
2673,1712340678.581058,vehicle.toyota.prius,91.9678726196289,-127.25435638427734,240.69805908203125,0.0,0.0010996604105457664,0.842620849609375
2674,1712340678.6833694,vehicle.toyota.prius,91.9678726196289,-127.25435638427734,240.69805908203125,0.0,0.0010996604105457664,0.842620849609375
2675,1712340678.7857285,vehicle.toyota.prius,91.9678726196289,-127.25435638427734,240.69805908203125,0.0,0.0010996604105457664,0.842620849609375
2676,1712340678.8878639,vehicle.toyota.prius,91.9678726196289,-127.25435638427734,240.69805908203125,0.0,0.0010996604105457664,0.842620849609375
2677,1712340678.9906433,vehicle.toyota.prius,91.9678726196289,-127.25435638427734,240.69805908203125,0.0,0.0010996604105457664,0.842620849609375
2678,1712340679.092719,vehicle.toyota.prius,91.9678726196289,-127.25435638427734,240.69805908203125,0.0,0.0010996604105457664,0.842620849609375
2679,1712340679.1947954,vehicle.toyota.prius,91.9678726196289,-127.25435638427734,240.69805908203125,0.0,0.0010996604105457664,0.842620849609375
2680,1712340679.2967865,vehicle.toyota.prius,91.9678726196289,-127.25435638427734,240.69805908203125,0.0,0.0010996604105457664,0.842620849609375
2681,1712340679.398636,vehicle.toyota.prius,91.9678726196289,-127.25435638427734,240.69805908203125,0.0,0.0010996604105457664,0.842620849609375
2682,1712340679.5008426,vehicle.toyota.prius,91.9678726196289,-127.25435638427734,240.69805908203125,0.0,0.0010996604105457664,0.842620849609375
2683,1712340679.6036112,vehicle.toyota.prius,91.9678726196289,-127.25435638427734,240.69805908203125,0.0,0.0010996604105457664,0.842620849609375
2684,1712340679.7061336,vehicle.toyota.prius,91.9678726196289,-127.25435638427734,240.69805908203125,0.0,0.0010996604105457664,0.842620849609375
2685,1712340679.8094466,vehicle.toyota.prius,91.9678726196289,-127.25435638427734,240.69805908203125,0.0,0.0010996604105457664,0.842620849609375
2686,1712340679.9118068,vehicle.toyota.prius,91.9678726196289,-127.25435638427734,240.69805908203125,0.0,0.0010996604105457664,0.842620849609375
2687,1712340680.0139031,vehicle.toyota.prius,91.9678726196289,-127.25435638427734,240.69805908203125,0.0,0.0010996604105457664,0.842620849609375
2688,1712340680.1158392,vehicle.toyota.prius,91.9678726196289,-127.25435638427734,240.69805908203125,0.0,0.0010996604105457664,0.842620849609375
2689,1712340680.2179203,vehicle.toyota.prius,91.9678726196289,-127.25435638427734,240.69805908203125,0.0,0.0010996604105457664,0.842620849609375
2690,1712340680.3203678,vehicle.toyota.prius,91.9678726196289,-127.25435638427734,240.69805908203125,0.0,0.0010996604105457664,0.842620849609375
2691,1712340680.422747,vehicle.toyota.prius,91.9678726196289,-127.25435638427734,240.69805908203125,0.0,0.0010996604105457664,0.842620849609375
2692,1712340680.5253313,vehicle.toyota.prius,91.9678726196289,-127.25435638427734,240.69805908203125,0.0,0.0010996604105457664,0.842620849609375
2693,1712340680.6277273,vehicle.toyota.prius,91.9678726196289,-127.25435638427734,240.69805908203125,0.0,0.0010996604105457664,0.842620849609375
2694,1712340680.729704,vehicle.toyota.prius,91.9678726196289,-127.25435638427734,240.69805908203125,0.0,0.0010996604105457664,0.842620849609375
2695,1712340680.8317199,vehicle.toyota.prius,91.9678726196289,-127.25435638427734,240.69805908203125,0.0,0.0010996604105457664,0.842620849609375
2696,1712340680.9342182,vehicle.toyota.prius,91.9678726196289,-127.25435638427734,240.69805908203125,0.0,0.0010996604105457664,0.842620849609375
2697,1712340681.040062,vehicle.toyota.prius,91.9678726196289,-127.25435638427734,240.69805908203125,0.0,0.0010996604105457664,0.842620849609375
2698,1712340681.1419122,vehicle.toyota.prius,91.9678726196289,-127.25435638427734,240.69805908203125,0.0,0.0010996604105457664,0.842620849609375
2699,1712340681.244231,vehicle.toyota.prius,91.9678726196289,-127.25435638427734,240.69805908203125,0.0,0.0010996604105457664,0.842620849609375
2700,1712340681.346228,vehicle.toyota.prius,91.9678726196289,-127.25435638427734,240.69805908203125,0.0,0.0010996604105457664,0.842620849609375
2701,1712340681.4481616,vehicle.toyota.prius,91.9678726196289,-127.25435638427734,240.69805908203125,0.0,0.0010996604105457664,0.842620849609375
2702,1712340681.5504544,vehicle.toyota.prius,91.9678726196289,-127.25435638427734,240.69805908203125,0.0,0.0010996604105457664,0.842620849609375
2703,1712340681.6527932,vehicle.toyota.prius,91.9678726196289,-127.25435638427734,240.69805908203125,0.0,0.0010996604105457664,0.842620849609375
2704,1712340681.755266,vehicle.toyota.prius,91.9678726196289,-127.25435638427734,240.69805908203125,0.0,0.0010996604105457664,0.842620849609375
2705,1712340681.8575828,vehicle.toyota.prius,91.9678726196289,-127.25435638427734,240.69805908203125,0.0,0.0010996604105457664,0.842620849609375
2706,1712340681.960115,vehicle.toyota.prius,91.9678726196289,-127.25435638427734,240.69805908203125,0.0,0.0010996604105457664,0.842620849609375
2707,1712340682.0624409,vehicle.toyota.prius,91.9678726196289,-127.25435638427734,240.69805908203125,0.0,0.0010996604105457664,0.842620849609375
2708,1712340682.1647599,vehicle.toyota.prius,91.9678726196289,-127.25435638427734,240.69805908203125,0.0,0.0010996604105457664,0.842620849609375
2709,1712340682.2668073,vehicle.toyota.prius,91.9678726196289,-127.25435638427734,240.69805908203125,0.0,0.0010996604105457664,0.842620849609375
2710,1712340682.3686886,vehicle.toyota.prius,91.9678726196289,-127.25435638427734,240.69805908203125,0.0,0.0010996604105457664,0.842620849609375
2711,1712340682.4711566,vehicle.toyota.prius,91.9678726196289,-127.25435638427734,240.69805908203125,0.0,0.0010996604105457664,0.842620849609375
2712,1712340682.5734193,vehicle.toyota.prius,91.9678726196289,-127.25435638427734,240.69805908203125,0.0,0.0010996604105457664,0.842620849609375
2713,1712340682.675224,vehicle.toyota.prius,91.9678726196289,-127.25435638427734,240.69805908203125,0.0,0.0010996604105457664,0.842620849609375
2714,1712340682.7789788,vehicle.toyota.prius,91.9678726196289,-127.25435638427734,240.69805908203125,0.0,0.0010996604105457664,0.842620849609375
2715,1712340682.8808625,vehicle.toyota.prius,91.9678726196289,-127.25435638427734,240.69805908203125,0.0,0.0010996604105457664,0.842620849609375
2716,1712340682.9828005,vehicle.toyota.prius,91.9678726196289,-127.25435638427734,240.69805908203125,0.0,0.0010996604105457664,0.842620849609375
2717,1712340683.0853975,vehicle.toyota.prius,91.9678726196289,-127.25435638427734,240.69805908203125,0.0,0.0010996604105457664,0.842620849609375
2718,1712340683.1871357,vehicle.toyota.prius,91.9678726196289,-127.25435638427734,240.69805908203125,0.0,0.0010996604105457664,0.842620849609375
2719,1712340683.2897477,vehicle.toyota.prius,91.9678726196289,-127.25435638427734,240.69805908203125,0.0,0.0010996604105457664,0.842620849609375
2720,1712340683.3918607,vehicle.toyota.prius,91.9678726196289,-127.25435638427734,240.69805908203125,0.0,0.0010996604105457664,0.842620849609375
2721,1712340683.4944563,vehicle.toyota.prius,91.9678726196289,-127.25435638427734,240.69805908203125,0.0,0.0010996604105457664,0.842620849609375
2722,1712340683.5967224,vehicle.toyota.prius,91.9678726196289,-127.25435638427734,240.69805908203125,0.0,0.0010996604105457664,0.842620849609375
2723,1712340683.6990807,vehicle.toyota.prius,91.9678726196289,-127.25435638427734,240.69805908203125,0.0,0.0010996604105457664,0.842620849609375
2724,1712340683.8012848,vehicle.toyota.prius,91.9678726196289,-127.25435638427734,240.69805908203125,0.0,0.0010996604105457664,0.842620849609375
2725,1712340683.903948,vehicle.toyota.prius,91.9678726196289,-127.25435638427734,240.69805908203125,0.0,0.0010996604105457664,0.842620849609375
2726,1712340684.0057669,vehicle.toyota.prius,91.9678726196289,-127.25435638427734,240.69805908203125,0.0,0.0010996604105457664,0.842620849609375
2727,1712340684.1082814,vehicle.toyota.prius,91.9678726196289,-127.25435638427734,240.69805908203125,0.0,0.0010996604105457664,0.842620849609375
2728,1712340684.2101312,vehicle.toyota.prius,91.9678726196289,-127.25435638427734,240.69805908203125,0.0,0.0010996604105457664,0.842620849609375
2729,1712340684.3131864,vehicle.toyota.prius,91.9678726196289,-127.25435638427734,240.69805908203125,0.0,0.0010996604105457664,0.842620849609375
2730,1712340684.415107,vehicle.toyota.prius,91.9678726196289,-127.25435638427734,240.69805908203125,0.0,0.0010996604105457664,0.842620849609375
2731,1712340684.5171072,vehicle.toyota.prius,91.9678726196289,-127.25435638427734,240.69805908203125,0.0,0.0010996604105457664,0.842620849609375
2732,1712340684.619511,vehicle.toyota.prius,91.9678726196289,-127.25435638427734,240.69805908203125,0.0,0.0010996604105457664,0.842620849609375
2733,1712340684.7218196,vehicle.toyota.prius,91.9678726196289,-127.25435638427734,240.69805908203125,0.0,0.0010996604105457664,0.842620849609375
2734,1712340684.8243237,vehicle.toyota.prius,91.9678726196289,-127.25435638427734,240.69805908203125,0.0,0.0010996604105457664,0.842620849609375
2735,1712340684.9263186,vehicle.toyota.prius,91.9678726196289,-127.25435638427734,240.69805908203125,0.0,0.0010996604105457664,0.842620849609375
2736,1712340685.0286572,vehicle.toyota.prius,91.9678726196289,-127.25435638427734,240.69805908203125,0.0,0.0010996604105457664,0.842620849609375
2737,1712340685.130396,vehicle.toyota.prius,91.9678726196289,-127.25435638427734,240.69805908203125,0.0,0.0010996604105457664,0.842620849609375
2738,1712340685.2322063,vehicle.toyota.prius,91.9678726196289,-127.25435638427734,240.69805908203125,0.0,0.0010996604105457664,0.842620849609375
2739,1712340685.3344276,vehicle.toyota.prius,91.9678726196289,-127.25435638427734,240.69805908203125,0.0,0.0010996604105457664,0.842620849609375
2740,1712340685.4370422,vehicle.toyota.prius,91.9678726196289,-127.25435638427734,240.69805908203125,0.0,0.0010996604105457664,0.842620849609375
2741,1712340685.5388162,vehicle.toyota.prius,91.9678726196289,-127.25435638427734,240.69805908203125,0.0,0.0010996604105457664,0.842620849609375
2742,1712340685.6408408,vehicle.toyota.prius,91.9678726196289,-127.25435638427734,240.69805908203125,0.0,0.0010996604105457664,0.842620849609375
2743,1712340685.742733,vehicle.toyota.prius,91.9678726196289,-127.25435638427734,240.69805908203125,0.0,0.0010996604105457664,0.842620849609375
2744,1712340685.8445284,vehicle.toyota.prius,91.9678726196289,-127.25435638427734,240.69805908203125,0.0,0.0010996604105457664,0.842620849609375
2745,1712340685.9466355,vehicle.toyota.prius,91.9678726196289,-127.25435638427734,240.69805908203125,0.0,0.0010996604105457664,0.842620849609375
2746,1712340686.0485473,vehicle.toyota.prius,91.9678726196289,-127.25435638427734,240.69805908203125,0.0,0.0010996604105457664,0.842620849609375
2747,1712340686.1505556,vehicle.toyota.prius,91.9678726196289,-127.25435638427734,240.69805908203125,0.0,0.0010996604105457664,0.842620849609375
2748,1712340686.2524235,vehicle.toyota.prius,91.9678726196289,-127.25435638427734,240.69805908203125,0.0,0.0010996604105457664,0.842620849609375
2749,1712340686.3561752,vehicle.toyota.prius,91.9678726196289,-127.25435638427734,240.69805908203125,0.0,0.0010996604105457664,0.842620849609375
2750,1712340686.4583068,vehicle.toyota.prius,91.9678726196289,-127.25435638427734,240.69805908203125,0.0,0.0010996604105457664,0.842620849609375
2751,1712340686.560269,vehicle.toyota.prius,91.9678726196289,-127.25435638427734,240.69805908203125,0.0,0.0010996604105457664,0.842620849609375
2752,1712340686.662665,vehicle.toyota.prius,91.9678726196289,-127.25435638427734,240.69805908203125,0.0,0.0010996604105457664,0.842620849609375
2753,1712340686.76441,vehicle.toyota.prius,91.9678726196289,-127.25435638427734,240.69805908203125,0.0,0.0010996604105457664,0.842620849609375
2754,1712340686.8662777,vehicle.toyota.prius,91.9678726196289,-127.25435638427734,240.69805908203125,0.0,0.0010996604105457664,0.842620849609375
2755,1712340686.968041,vehicle.toyota.prius,91.9678726196289,-127.25435638427734,240.69805908203125,0.0,0.0010996604105457664,0.842620849609375
2756,1712340687.0700765,vehicle.toyota.prius,91.9678726196289,-127.25435638427734,240.69805908203125,0.0,0.0010996604105457664,0.842620849609375
2757,1712340687.172529,vehicle.toyota.prius,91.9678726196289,-127.25435638427734,240.69805908203125,0.0,0.0010996604105457664,0.842620849609375
2758,1712340687.2742412,vehicle.toyota.prius,91.9678726196289,-127.25435638427734,240.69805908203125,0.0,0.0010996604105457664,0.842620849609375
2759,1712340687.3763878,vehicle.toyota.prius,91.9678726196289,-127.25435638427734,240.69805908203125,0.0,0.0010996604105457664,0.842620849609375
2760,1712340687.4784346,vehicle.toyota.prius,91.9678726196289,-127.25435638427734,240.69805908203125,0.0,0.0010996604105457664,0.842620849609375
2761,1712340687.580883,vehicle.toyota.prius,91.9678726196289,-127.25435638427734,240.69805908203125,0.0,0.0010996604105457664,0.842620849609375
2762,1712340687.6829138,vehicle.toyota.prius,91.9678726196289,-127.25435638427734,240.69805908203125,0.0,0.0010996604105457664,0.842620849609375
2763,1712340687.785074,vehicle.toyota.prius,91.9678726196289,-127.25435638427734,240.69805908203125,0.0,0.0010996604105457664,0.842620849609375
2764,1712340687.887364,vehicle.toyota.prius,91.9678726196289,-127.25435638427734,240.69805908203125,0.0,0.0010996604105457664,0.842620849609375
2765,1712340687.9898639,vehicle.toyota.prius,91.9678726196289,-127.25435638427734,240.69805908203125,0.0,0.0010996604105457664,0.842620849609375
2766,1712340688.0920959,vehicle.toyota.prius,91.9678726196289,-127.25435638427734,240.69805908203125,0.0,0.0010996604105457664,0.842620849609375
2767,1712340688.194393,vehicle.toyota.prius,91.9678726196289,-127.25435638427734,240.69805908203125,0.0,0.0010996604105457664,0.842620849609375
2768,1712340688.296781,vehicle.toyota.prius,91.9678726196289,-127.25435638427734,240.69805908203125,0.0,0.0010996604105457664,0.842620849609375
2769,1712340688.3985863,vehicle.toyota.prius,91.9678726196289,-127.25435638427734,240.69805908203125,0.0,0.0010996604105457664,0.842620849609375
2770,1712340688.5009027,vehicle.toyota.prius,91.9678726196289,-127.25435638427734,240.69805908203125,0.0,0.0010996604105457664,0.842620849609375
2771,1712340688.603044,vehicle.toyota.prius,91.9678726196289,-127.25435638427734,240.69805908203125,0.0,0.0010996604105457664,0.842620849609375
2772,1712340688.7055323,vehicle.toyota.prius,91.9678726196289,-127.25435638427734,240.69805908203125,0.0,0.0010996604105457664,0.842620849609375
2773,1712340688.8073575,vehicle.toyota.prius,91.9678726196289,-127.25435638427734,240.69805908203125,0.0,0.0010996604105457664,0.842620849609375
2774,1712340688.9093096,vehicle.toyota.prius,91.9678726196289,-127.25435638427734,240.69805908203125,0.0,0.0010996604105457664,0.842620849609375
2775,1712340689.0110893,vehicle.toyota.prius,91.9678726196289,-127.25435638427734,240.69805908203125,0.0,0.0010996604105457664,0.842620849609375
2776,1712340689.1131265,vehicle.toyota.prius,91.9678726196289,-127.25435638427734,240.69805908203125,0.0,0.0010996604105457664,0.842620849609375
2777,1712340689.2155526,vehicle.toyota.prius,91.9678726196289,-127.25435638427734,240.69805908203125,0.0,0.0010996604105457664,0.842620849609375
2778,1712340689.3174539,vehicle.toyota.prius,91.9678726196289,-127.25435638427734,240.69805908203125,0.0,0.0010996604105457664,0.842620849609375
2779,1712340689.420112,vehicle.toyota.prius,91.9678726196289,-127.25435638427734,240.69805908203125,0.0,0.0010996604105457664,0.842620849609375
2780,1712340689.5225441,vehicle.toyota.prius,91.9678726196289,-127.25435638427734,240.69805908203125,0.0,0.0010996604105457664,0.842620849609375
2781,1712340689.6251473,vehicle.toyota.prius,91.9678726196289,-127.25435638427734,240.69805908203125,0.0,0.0010996604105457664,0.842620849609375
2782,1712340689.726892,vehicle.toyota.prius,91.9678726196289,-127.25435638427734,240.69805908203125,0.0,0.0010996604105457664,0.842620849609375
2783,1712340689.8290975,vehicle.toyota.prius,91.9678726196289,-127.25435638427734,240.69805908203125,0.0,0.0010996604105457664,0.842620849609375
2784,1712340689.9316015,vehicle.toyota.prius,91.9678726196289,-127.25435638427734,240.69805908203125,0.0,0.0010996604105457664,0.842620849609375
2785,1712340690.0334072,vehicle.toyota.prius,91.9678726196289,-127.25435638427734,240.69805908203125,0.0,0.0010996604105457664,0.842620849609375
2786,1712340690.1353662,vehicle.toyota.prius,91.9678726196289,-127.25435638427734,240.69805908203125,0.0,0.0010996604105457664,0.842620849609375
2787,1712340690.2377691,vehicle.toyota.prius,91.9678726196289,-127.25435638427734,240.69805908203125,0.0,0.0010996604105457664,0.842620849609375
2788,1712340690.3402736,vehicle.toyota.prius,91.9678726196289,-127.25435638427734,240.69805908203125,0.0,0.0010996604105457664,0.842620849609375
2789,1712340690.442689,vehicle.toyota.prius,91.9678726196289,-127.25435638427734,240.69805908203125,0.0,0.0010996604105457664,0.842620849609375
2790,1712340690.5454957,vehicle.toyota.prius,91.9678726196289,-127.25435638427734,240.69805908203125,0.0,0.0010996604105457664,0.842620849609375
2791,1712340690.647787,vehicle.toyota.prius,91.9678726196289,-127.25435638427734,240.69805908203125,0.0,0.0010996604105457664,0.842620849609375
2792,1712340690.7498956,vehicle.toyota.prius,91.9678726196289,-127.25435638427734,240.69805908203125,0.0,0.0010996604105457664,0.842620849609375
2793,1712340690.8526409,vehicle.toyota.prius,91.9678726196289,-127.25435638427734,240.69805908203125,0.0,0.0010996604105457664,0.842620849609375
2794,1712340690.9547236,vehicle.toyota.prius,91.9678726196289,-127.25435638427734,240.69805908203125,0.0,0.0010996604105457664,0.842620849609375
2795,1712340691.0568006,vehicle.toyota.prius,91.9678726196289,-127.25435638427734,240.69805908203125,0.0,0.0010996604105457664,0.842620849609375
2796,1712340691.15936,vehicle.toyota.prius,91.9678726196289,-127.25435638427734,240.69805908203125,0.0,0.0010996604105457664,0.842620849609375
2797,1712340691.2612994,vehicle.toyota.prius,91.9678726196289,-127.25435638427734,240.69805908203125,0.0,0.0010996604105457664,0.842620849609375
2798,1712340691.3636634,vehicle.toyota.prius,91.9678726196289,-127.25435638427734,240.69805908203125,0.0,0.0010996604105457664,0.842620849609375
2799,1712340691.465441,vehicle.toyota.prius,91.9678726196289,-127.25435638427734,240.69805908203125,0.0,0.0010996604105457664,0.842620849609375
2800,1712340691.5675495,vehicle.toyota.prius,91.9678726196289,-127.25435638427734,240.69805908203125,0.0,0.0010996604105457664,0.842620849609375
2801,1712340691.669736,vehicle.toyota.prius,91.9678726196289,-127.25435638427734,240.69805908203125,0.0,0.0010996604105457664,0.842620849609375
2802,1712340691.7720127,vehicle.toyota.prius,91.9678726196289,-127.25435638427734,240.69805908203125,0.0,0.0010996604105457664,0.842620849609375
2803,1712340691.8739877,vehicle.toyota.prius,91.9678726196289,-127.25435638427734,240.69805908203125,0.0,0.0010996604105457664,0.842620849609375
2804,1712340691.9759743,vehicle.toyota.prius,91.9678726196289,-127.25435638427734,240.69805908203125,0.0,0.0010996604105457664,0.842620849609375
2805,1712340692.0781472,vehicle.toyota.prius,91.9678726196289,-127.25435638427734,240.69805908203125,0.0,0.0010996604105457664,0.842620849609375
2806,1712340692.1802785,vehicle.toyota.prius,91.9678726196289,-127.25435638427734,240.69805908203125,0.0,0.0010996604105457664,0.842620849609375
2807,1712340692.2826924,vehicle.toyota.prius,91.9678726196289,-127.25435638427734,240.69805908203125,0.0,0.0010996604105457664,0.842620849609375
2808,1712340692.3850286,vehicle.toyota.prius,91.9678726196289,-127.25435638427734,240.69805908203125,0.0,0.0010996604105457664,0.842620849609375
2809,1712340692.486772,vehicle.toyota.prius,91.9678726196289,-127.25435638427734,240.69805908203125,0.0,0.0010996604105457664,0.842620849609375
2810,1712340692.588908,vehicle.toyota.prius,91.9678726196289,-127.25435638427734,240.69805908203125,0.0,0.0010996604105457664,0.842620849609375
2811,1712340692.6910813,vehicle.toyota.prius,91.9678726196289,-127.25435638427734,240.69805908203125,0.0,0.0010996604105457664,0.842620849609375
2812,1712340692.7932613,vehicle.toyota.prius,91.9678726196289,-127.25435638427734,240.69805908203125,0.0,0.0010996604105457664,0.842620849609375
2813,1712340692.895293,vehicle.toyota.prius,91.9678726196289,-127.25435638427734,240.69805908203125,0.0,0.0010996604105457664,0.842620849609375
2814,1712340692.9972053,vehicle.toyota.prius,91.9678726196289,-127.25435638427734,240.69805908203125,0.0,0.0010996604105457664,0.842620849609375
2815,1712340693.0989676,vehicle.toyota.prius,91.9678726196289,-127.25435638427734,240.69805908203125,0.0,0.0010996604105457664,0.842620849609375
2816,1712340693.2010205,vehicle.toyota.prius,91.9678726196289,-127.25435638427734,240.69805908203125,0.0,0.0010996604105457664,0.842620849609375
2817,1712340693.3028886,vehicle.toyota.prius,91.9678726196289,-127.25435638427734,240.69805908203125,0.0,0.0010996604105457664,0.842620849609375
2818,1712340693.4051065,vehicle.toyota.prius,91.9678726196289,-127.25435638427734,240.69805908203125,0.0,0.0010996604105457664,0.842620849609375
2819,1712340693.5068808,vehicle.toyota.prius,91.9678726196289,-127.25435638427734,240.69805908203125,0.0,0.0010996604105457664,0.842620849609375
2820,1712340693.6087353,vehicle.toyota.prius,91.9678726196289,-127.25435638427734,240.69805908203125,0.0,0.0010996604105457664,0.842620849609375
2821,1712340693.7111204,vehicle.toyota.prius,91.9678726196289,-127.25435638427734,240.69805908203125,0.0,0.0010996604105457664,0.842620849609375
2822,1712340693.8132195,vehicle.toyota.prius,91.9678726196289,-127.25435638427734,240.69805908203125,0.0,0.0010996604105457664,0.842620849609375
2823,1712340693.9153135,vehicle.toyota.prius,91.9678726196289,-127.25435638427734,240.69805908203125,0.0,0.0010996604105457664,0.842620849609375
2824,1712340694.0177805,vehicle.toyota.prius,91.9678726196289,-127.25435638427734,240.69805908203125,0.0,0.0010996604105457664,0.842620849609375
2825,1712340694.119775,vehicle.toyota.prius,91.9678726196289,-127.25435638427734,240.69805908203125,0.0,0.0010996604105457664,0.842620849609375
2826,1712340694.2221544,vehicle.toyota.prius,91.9678726196289,-127.25435638427734,240.69805908203125,0.0,0.0010996604105457664,0.842620849609375
2827,1712340694.3245966,vehicle.toyota.prius,91.9678726196289,-127.25435638427734,240.69805908203125,0.0,0.0010996604105457664,0.842620849609375
2828,1712340694.4264598,vehicle.toyota.prius,91.9678726196289,-127.25435638427734,240.69805908203125,0.0,0.0010996604105457664,0.842620849609375
2829,1712340694.5282228,vehicle.toyota.prius,91.9678726196289,-127.25435638427734,240.69805908203125,0.0,0.0010996604105457664,0.842620849609375
2830,1712340694.6300046,vehicle.toyota.prius,91.9678726196289,-127.25435638427734,240.69805908203125,0.0,0.0010996604105457664,0.842620849609375
2831,1712340694.731974,vehicle.toyota.prius,91.9678726196289,-127.25435638427734,240.69805908203125,0.0,0.0010996604105457664,0.842620849609375
2832,1712340694.8337579,vehicle.toyota.prius,91.9678726196289,-127.25435638427734,240.69805908203125,0.0,0.0010996604105457664,0.842620849609375
2833,1712340694.9358046,vehicle.toyota.prius,91.9678726196289,-127.25435638427734,240.69805908203125,0.0,0.0010996604105457664,0.842620849609375
2834,1712340695.0381427,vehicle.toyota.prius,91.9678726196289,-127.25435638427734,240.69805908203125,0.0,0.0010996604105457664,0.842620849609375
2835,1712340695.1404855,vehicle.toyota.prius,91.9678726196289,-127.25435638427734,240.69805908203125,0.0,0.0010996604105457664,0.842620849609375
2836,1712340695.242908,vehicle.toyota.prius,91.9678726196289,-127.25435638427734,240.69805908203125,0.0,0.0010996604105457664,0.842620849609375
2837,1712340695.3448431,vehicle.toyota.prius,91.9678726196289,-127.25435638427734,240.69805908203125,0.0,0.0010996604105457664,0.842620849609375
2838,1712340695.4468582,vehicle.toyota.prius,91.9678726196289,-127.25435638427734,240.69805908203125,0.0,0.0010996604105457664,0.842620849609375
2839,1712340695.5491674,vehicle.toyota.prius,91.9678726196289,-127.25435638427734,240.69805908203125,0.0,0.0010996604105457664,0.842620849609375
2840,1712340695.651604,vehicle.toyota.prius,91.9678726196289,-127.25435638427734,240.69805908203125,0.0,0.0010996604105457664,0.842620849609375
2841,1712340695.7534666,vehicle.toyota.prius,91.9678726196289,-127.25435638427734,240.69805908203125,0.0,0.0010996604105457664,0.842620849609375
2842,1712340695.8555584,vehicle.toyota.prius,91.9678726196289,-127.25435638427734,240.69805908203125,0.0,0.0010996604105457664,0.842620849609375
2843,1712340695.957626,vehicle.toyota.prius,91.9678726196289,-127.25435638427734,240.69805908203125,0.0,0.0010996604105457664,0.842620849609375
2844,1712340696.0600374,vehicle.toyota.prius,91.9678726196289,-127.25435638427734,240.69805908203125,0.0,0.0010996604105457664,0.842620849609375
2845,1712340696.1617763,vehicle.toyota.prius,91.9678726196289,-127.25435638427734,240.69805908203125,0.0,0.0010996604105457664,0.842620849609375
2846,1712340696.264009,vehicle.toyota.prius,91.9678726196289,-127.25435638427734,240.69805908203125,0.0,0.0010996604105457664,0.842620849609375
2847,1712340696.3659241,vehicle.toyota.prius,91.9678726196289,-127.25435638427734,240.69805908203125,0.0,0.0010996604105457664,0.842620849609375
2848,1712340696.4686956,vehicle.toyota.prius,91.9678726196289,-127.25435638427734,240.69805908203125,0.0,0.0010996604105457664,0.842620849609375
2849,1712340696.570859,vehicle.toyota.prius,91.9678726196289,-127.25435638427734,240.69805908203125,0.0,0.0010996604105457664,0.842620849609375
2850,1712340696.6726692,vehicle.toyota.prius,91.9678726196289,-127.25435638427734,240.69805908203125,0.0,0.0010996604105457664,0.842620849609375
2851,1712340696.7748725,vehicle.toyota.prius,91.9678726196289,-127.25435638427734,240.69805908203125,0.0,0.0010996604105457664,0.842620849609375
2852,1712340696.8766243,vehicle.toyota.prius,91.9678726196289,-127.25435638427734,240.69805908203125,0.0,0.0010996604105457664,0.842620849609375
2853,1712340696.9784749,vehicle.toyota.prius,91.9678726196289,-127.25435638427734,240.69805908203125,0.0,0.0010996604105457664,0.842620849609375
2854,1712340697.0806246,vehicle.toyota.prius,91.9678726196289,-127.25435638427734,240.69805908203125,0.0,0.0010996604105457664,0.842620849609375
2855,1712340697.182509,vehicle.toyota.prius,91.9678726196289,-127.25435638427734,240.69805908203125,0.0,0.0010996604105457664,0.842620849609375
2856,1712340697.2849133,vehicle.toyota.prius,91.9678726196289,-127.25435638427734,240.69805908203125,0.0,0.0010996604105457664,0.842620849609375
2857,1712340697.3872418,vehicle.toyota.prius,91.9678726196289,-127.25435638427734,240.69805908203125,0.0,0.0010996604105457664,0.842620849609375
2858,1712340697.4896195,vehicle.toyota.prius,91.9678726196289,-127.25435638427734,240.69805908203125,0.0,0.0010996604105457664,0.842620849609375
2859,1712340697.5913832,vehicle.toyota.prius,91.9678726196289,-127.25435638427734,240.69805908203125,0.0,0.0010996604105457664,0.842620849609375
2860,1712340697.6933987,vehicle.toyota.prius,91.9678726196289,-127.25435638427734,240.69805908203125,0.0,0.0010996604105457664,0.842620849609375
2861,1712340697.7952943,vehicle.toyota.prius,91.9678726196289,-127.25435638427734,240.69805908203125,0.0,0.0010996604105457664,0.842620849609375
2862,1712340697.897731,vehicle.toyota.prius,91.9678726196289,-127.25435638427734,240.69805908203125,0.0,0.0010996604105457664,0.842620849609375
2863,1712340698.000014,vehicle.toyota.prius,91.9678726196289,-127.25435638427734,240.69805908203125,0.0,0.0010996604105457664,0.842620849609375
2864,1712340698.1019552,vehicle.toyota.prius,91.9678726196289,-127.25435638427734,240.69805908203125,0.0,0.0010996604105457664,0.842620849609375
2865,1712340698.2037916,vehicle.toyota.prius,91.9678726196289,-127.25435638427734,240.69805908203125,0.0,0.0010996604105457664,0.842620849609375
2866,1712340698.3056479,vehicle.toyota.prius,91.9678726196289,-127.25435638427734,240.69805908203125,0.0,0.0010996604105457664,0.842620849609375
2867,1712340698.4073853,vehicle.toyota.prius,91.9678726196289,-127.25435638427734,240.69805908203125,0.0,0.0010996604105457664,0.842620849609375
2868,1712340698.5097148,vehicle.toyota.prius,91.9678726196289,-127.25435638427734,240.69805908203125,0.0,0.0010996604105457664,0.842620849609375
2869,1712340698.6117282,vehicle.toyota.prius,91.9678726196289,-127.25435638427734,240.69805908203125,0.0,0.0010996604105457664,0.842620849609375
2870,1712340698.713438,vehicle.toyota.prius,91.9678726196289,-127.25435638427734,240.69805908203125,0.0,0.0010996604105457664,0.842620849609375
2871,1712340698.8153908,vehicle.toyota.prius,91.9678726196289,-127.25435638427734,240.69805908203125,0.0,0.0010996604105457664,0.842620849609375
2872,1712340698.9172456,vehicle.toyota.prius,91.9678726196289,-127.25435638427734,240.69805908203125,0.0,0.0010996604105457664,0.842620849609375
2873,1712340699.0192978,vehicle.toyota.prius,91.9678726196289,-127.25435638427734,240.69805908203125,0.0,0.0010996604105457664,0.842620849609375
2874,1712340699.1215217,vehicle.toyota.prius,91.9678726196289,-127.25435638427734,240.69805908203125,0.0,0.0010996604105457664,0.842620849609375
2875,1712340699.223664,vehicle.toyota.prius,91.9678726196289,-127.25435638427734,240.69805908203125,0.0,0.0010996604105457664,0.842620849609375
2876,1712340699.325794,vehicle.toyota.prius,91.9678726196289,-127.25435638427734,240.69805908203125,0.0,0.0010996604105457664,0.842620849609375
2877,1712340699.4278407,vehicle.toyota.prius,91.9678726196289,-127.25435638427734,240.69805908203125,0.0,0.0010996604105457664,0.842620849609375
2878,1712340699.5296397,vehicle.toyota.prius,91.9678726196289,-127.25435638427734,240.69805908203125,0.0,0.0010996604105457664,0.842620849609375
2879,1712340699.631698,vehicle.toyota.prius,91.9678726196289,-127.25435638427734,240.69805908203125,0.0,0.0010996604105457664,0.842620849609375
2880,1712340699.7338266,vehicle.toyota.prius,91.9678726196289,-127.25435638427734,240.69805908203125,0.0,0.0010996604105457664,0.842620849609375
2881,1712340699.835899,vehicle.toyota.prius,91.9678726196289,-127.25435638427734,240.69805908203125,0.0,0.0010996604105457664,0.842620849609375
2882,1712340699.937735,vehicle.toyota.prius,91.9678726196289,-127.25435638427734,240.69805908203125,0.0,0.0010996604105457664,0.842620849609375
2883,1712340700.0402343,vehicle.toyota.prius,91.9678726196289,-127.25435638427734,240.69805908203125,0.0,0.0010996604105457664,0.842620849609375
2884,1712340700.1424954,vehicle.toyota.prius,91.9678726196289,-127.25435638427734,240.69805908203125,0.0,0.0010996604105457664,0.842620849609375
2885,1712340700.244734,vehicle.toyota.prius,91.9678726196289,-127.25435638427734,240.69805908203125,0.0,0.0010996604105457664,0.842620849609375
2886,1712340700.3466733,vehicle.toyota.prius,91.9678726196289,-127.25435638427734,240.69805908203125,0.0,0.0010996604105457664,0.842620849609375
2887,1712340700.4610424,vehicle.toyota.prius,91.9678726196289,-127.25435638427734,240.69805908203125,0.0,0.0010996604105457664,0.842620849609375
2888,1712340700.562939,vehicle.toyota.prius,91.9678726196289,-127.25435638427734,240.69805908203125,0.0,0.0010996604105457664,0.842620849609375
2889,1712340700.6653554,vehicle.toyota.prius,91.9678726196289,-127.25435638427734,240.69805908203125,0.0,0.0010996604105457664,0.842620849609375
2890,1712340700.7676778,vehicle.toyota.prius,91.9678726196289,-127.25435638427734,240.69805908203125,0.0,0.0010996604105457664,0.842620849609375
2891,1712340700.8700075,vehicle.toyota.prius,91.9678726196289,-127.25435638427734,240.69805908203125,0.0,0.0010996604105457664,0.842620849609375
2892,1712340700.971916,vehicle.toyota.prius,91.9678726196289,-127.25435638427734,240.69805908203125,0.0,0.0010996604105457664,0.842620849609375
2893,1712340701.0743468,vehicle.toyota.prius,91.9678726196289,-127.25435638427734,240.69805908203125,0.0,0.0010996604105457664,0.842620849609375
2894,1712340701.176681,vehicle.toyota.prius,91.9678726196289,-127.25435638427734,240.69805908203125,0.0,0.0010996604105457664,0.842620849609375
2895,1712340701.2791133,vehicle.toyota.prius,91.9678726196289,-127.25435638427734,240.69805908203125,0.0,0.0010996604105457664,0.842620849609375
2896,1712340701.3811276,vehicle.toyota.prius,91.9678726196289,-127.25435638427734,240.69805908203125,0.0,0.0010996604105457664,0.842620849609375
2897,1712340701.4831054,vehicle.toyota.prius,91.9678726196289,-127.25435638427734,240.69805908203125,0.0,0.0010996604105457664,0.842620849609375
2898,1712340701.5851705,vehicle.toyota.prius,91.9678726196289,-127.25435638427734,240.69805908203125,0.0,0.0010996604105457664,0.842620849609375
2899,1712340701.6869369,vehicle.toyota.prius,91.9678726196289,-127.25435638427734,240.69805908203125,0.0,0.0010996604105457664,0.842620849609375
2900,1712340701.7897274,vehicle.toyota.prius,91.9678726196289,-127.25435638427734,240.69805908203125,0.0,0.0010996604105457664,0.842620849609375
2901,1712340701.8918853,vehicle.toyota.prius,91.9678726196289,-127.25435638427734,240.69805908203125,0.0,0.0010996604105457664,0.842620849609375
2902,1712340701.9938583,vehicle.toyota.prius,91.9678726196289,-127.25435638427734,240.69805908203125,0.0,0.0010996604105457664,0.842620849609375
2903,1712340702.0961325,vehicle.toyota.prius,91.9678726196289,-127.25435638427734,240.69805908203125,0.0,0.0010996604105457664,0.842620849609375
2904,1712340702.1980417,vehicle.toyota.prius,91.9678726196289,-127.25435638427734,240.69805908203125,0.0,0.0010996604105457664,0.842620849609375
2905,1712340702.2999403,vehicle.toyota.prius,91.9678726196289,-127.25435638427734,240.69805908203125,0.0,0.0010996604105457664,0.842620849609375
2906,1712340702.4021058,vehicle.toyota.prius,91.9678726196289,-127.25435638427734,240.69805908203125,0.0,0.0010996604105457664,0.842620849609375
2907,1712340702.503902,vehicle.toyota.prius,91.9678726196289,-127.25435638427734,240.69805908203125,0.0,0.0010996604105457664,0.842620849609375
2908,1712340702.6058125,vehicle.toyota.prius,91.9678726196289,-127.25435638427734,240.69805908203125,0.0,0.0010996604105457664,0.842620849609375
2909,1712340702.7076473,vehicle.toyota.prius,91.9678726196289,-127.25435638427734,240.69805908203125,0.0,0.0010996604105457664,0.842620849609375
2910,1712340702.809413,vehicle.toyota.prius,91.9678726196289,-127.25435638427734,240.69805908203125,0.0,0.0010996604105457664,0.842620849609375
2911,1712340702.9111714,vehicle.toyota.prius,91.9678726196289,-127.25435638427734,240.69805908203125,0.0,0.0010996604105457664,0.842620849609375
2912,1712340703.012937,vehicle.toyota.prius,91.9678726196289,-127.25435638427734,240.69805908203125,0.0,0.0010996604105457664,0.842620849609375
2913,1712340703.114993,vehicle.toyota.prius,91.9678726196289,-127.25435638427734,240.69805908203125,0.0,0.0010996604105457664,0.842620849609375
2914,1712340703.2169936,vehicle.toyota.prius,91.9678726196289,-127.25435638427734,240.69805908203125,0.0,0.0010996604105457664,0.842620849609375
2915,1712340703.319315,vehicle.toyota.prius,91.9678726196289,-127.25435638427734,240.69805908203125,0.0,0.0010996604105457664,0.842620849609375
