Time [s],Speed [mph],Speed [mps],Acceleration Command [m/s²],Calculated Acceleration [m/s²]
27.999971389770508,0.0,0.0,-0.5,-0.5
28.099971294403076,0.0,0.0,-0.5,-0.5
28.199971199035645,0.0,0.0,-0.5,-0.5
28.299971103668213,0.0,0.0,-0.5,-0.5
28.39997100830078,0.0,0.0,-0.5,-0.5
28.49997091293335,0.0,0.0,-0.5,-0.5
28.599970817565918,0.0,0.0,-0.5,-0.5
28.699970722198486,0.0,0.0,-0.5,-0.5
28.799970626831055,0.0,0.0,-0.5,-0.5
28.899970531463623,0.0,0.0,-0.5,-0.5
28.99997043609619,0.0,0.0,-0.5,-0.5
29.09997034072876,0.0,0.0,-0.5,-0.5
29.199970245361328,0.0,0.0,-0.5,-0.5
29.299970149993896,0.0,0.0,-0.5,-0.5
29.399970054626465,0.0,0.0,-0.5,-0.5
29.499969959259033,0.0,0.0,-0.5,-0.5
29.5999698638916,0.0,0.0,-0.5,-0.5
29.69996976852417,0.0,0.0,-0.5,-0.5
29.79996967315674,0.0,0.0,-0.5,-0.5
29.899969577789307,0.0,0.0,-0.5,-0.5
29.999969482421875,0.0,0.0,-0.5,-0.5
30.099969387054443,0.0,0.0,-0.5,-0.5
30.19996929168701,0.0,0.0,-0.5,-0.5
30.29996919631958,0.0,0.0,-0.5,-0.5
30.39996910095215,0.0,0.0,-0.5,-0.5
30.499969005584717,0.0,0.0,-0.5,-0.5
30.599968910217285,0.0,0.0,-0.5,-0.5
30.699968814849854,0.0,0.0,-0.5,-0.5
30.799968719482422,0.0,0.0,-0.5,-0.5
30.89996862411499,0.0,0.0,-0.5,-0.5
30.99996852874756,0.0,0.0,-0.5,-0.5
31.099968433380127,0.0,0.0,-0.5,-0.5
31.199968338012695,0.0,0.0,-0.5,-0.5
31.299968242645264,0.0,0.0,-0.5,-0.5
31.399968147277832,0.0,0.0,-0.5,-0.5
31.4999680519104,0.0,0.0,-0.5,-0.5
31.59996795654297,0.0,0.0,-0.5,-0.5
31.699967861175537,0.0,0.0,-0.5,-0.5
31.799967765808105,0.0,0.0,-0.5,-0.5
31.899967670440674,0.0,0.0,-0.5,-0.5
31.999967575073242,0.0,0.0,-0.5,-0.5
32.09996747970581,0.0,0.0,-0.5,-0.5
32.19996738433838,0.0,0.0,-0.5,-0.5
32.29996728897095,0.0,0.0,-0.5,-0.5
32.399967193603516,0.0,0.0,-0.5,-0.5
32.499967098236084,0.0,0.0,-0.5,-0.5
32.59996700286865,0.0,0.0,-0.5,-0.5
32.69996690750122,0.0,0.0,-0.5,-0.5
32.79996681213379,0.0,0.0,-0.5,-0.5
32.89996671676636,0.0,0.0,-0.5,-0.5
32.999966621398926,0.0,0.0,-0.5,-0.5
33.099966526031494,0.0,0.0,-0.5,-0.5
33.19996643066406,0.0,0.0,-0.5,-0.5
33.29996633529663,0.0,0.0,-0.5,-0.5
33.3999662399292,0.0,0.0,-0.5,-0.5
33.49996614456177,0.0,0.0,-0.5,-0.5
33.599966049194336,0.0,0.0,-0.5,-0.5
33.699965953826904,0.0,0.0,-0.5,-0.5
33.79996585845947,0.0,0.0,-0.5,-0.5
33.89996576309204,0.0,0.0,-0.5,-0.5
33.99996566772461,0.0,0.0,-0.5,-0.5
34.09996557235718,0.0,0.0,-0.5,-0.5
34.199965476989746,0.0,0.0,-0.5,-0.5
34.299965381622314,0.0,0.0,-0.5,-0.5
34.39996528625488,0.0,0.0,-0.5,-0.5
34.49996519088745,0.0,0.0,-0.5,-0.5
34.59996509552002,0.0,0.0,-0.5,-0.5
34.69996500015259,0.0,0.0,-0.5,-0.5
34.799964904785156,0.0,0.0,-0.5,-0.5
34.899964809417725,0.0,0.0,-0.5,-0.5
34.99996471405029,0.0,0.0,-0.5,-0.5
35.09996461868286,0.0,0.0,-0.5,-0.5
35.19996452331543,0.0,0.0,-0.5,-0.5
35.299964427948,0.0,0.0,-0.5,-0.5
35.399964332580566,0.0,0.0,-0.5,-0.5
35.499964237213135,0.0,0.0,-0.5,-0.5
35.5999641418457,0.0,0.0,-0.5,-0.5
35.69996404647827,0.0,0.0,-0.5,-0.5
35.79996395111084,0.0,0.0,-0.5,-0.5
35.89996385574341,0.0,0.0,-0.5,-0.5
35.99996376037598,0.0,0.0,-0.5,-0.5
36.099963665008545,0.0,0.0,-0.5,-0.5
36.19996356964111,0.0,0.0,-0.5,-0.5
36.29996347427368,0.0,0.0,-0.5,-0.5
36.39996337890625,0.0,0.0,-0.5,-0.5
36.49996328353882,0.0,0.0,-0.5,-0.5
36.59996318817139,0.0,0.0,-0.5,-0.5
36.699963092803955,0.0,0.0,-0.5,-0.5
36.79996299743652,0.0,0.0,-0.5,-0.5
36.89996290206909,0.0,0.0,-0.5,-0.5
36.99996280670166,0.0,0.0,-0.5,-0.5
37.09996271133423,0.0,0.0,-0.5,-0.5
37.1999626159668,0.0,0.0,-0.5,-0.5
37.299962520599365,0.0,0.0,-0.5,-0.5
37.399962425231934,0.0,0.0,-0.5,-0.5
37.4999623298645,0.0,0.0,-0.5,-0.5
37.59996223449707,0.0,0.0,-0.5,-0.5
37.69996213912964,0.0,0.0,-0.5,-0.5
37.79996204376221,0.0,0.0,-0.5,-0.5
37.899961948394775,0.0,0.0,-0.5,-0.5
37.999961853027344,0.0,0.0,-0.5,-0.5
38.09996175765991,0.0,0.0,-0.5,-0.5
38.19996166229248,0.0,0.0,-0.5,-0.5
38.29996156692505,0.0,0.0,-0.5,-0.5
38.39996147155762,0.0,0.0,-0.5,-0.5
38.499961376190186,0.0,0.0,-0.5,-0.5
38.599961280822754,0.0,0.0,-0.5,-0.5
38.69996118545532,0.0,0.0,-0.5,-0.5
38.79996109008789,0.0,0.0,-0.5,-0.5
38.89996099472046,0.0,0.0,-0.5,-0.5
38.99996089935303,0.0,0.0,-0.5,-0.5
39.099960803985596,0.0,0.0,-0.5,-0.5
39.199960708618164,0.0,0.0,-0.5,-0.5
39.29996061325073,0.0,0.0,-0.5,-0.5
39.3999605178833,0.0,0.0,-0.5,-0.5
39.49996042251587,0.0,0.0,-0.5,-0.5
39.59996032714844,0.0,0.0,-0.5,-0.5
39.699960231781006,0.0,0.0,-0.5,-0.5
39.799960136413574,0.0,0.0,-0.5,-0.5
39.89996004104614,0.0,0.0,-0.5,-0.5
39.99995994567871,0.0,0.0,-0.5,-0.5
40.09995985031128,0.0,0.0,-0.5,-0.5
40.19995975494385,0.0,0.0,-0.5,-0.5
40.299959659576416,0.0,0.0,-0.5,-0.5
40.399959564208984,0.0,0.0,-0.5,-0.5
40.49995946884155,0.0,0.0,-0.5,-0.5
40.59995937347412,0.0,0.0,-0.5,-0.5
40.69995927810669,0.0,0.0,-0.5,-0.5
40.79995918273926,0.0,0.0,-0.5,-0.5
40.899959087371826,0.0,0.0,-0.5,-0.5
40.999958992004395,0.0,0.0,-0.5,-0.5
41.09995889663696,0.0,0.0,-0.5,-0.5
41.19995880126953,0.0,0.0,-0.5,-0.5
41.2999587059021,0.0,0.0,-0.5,-0.5
41.39995861053467,0.0,0.0,-0.5,-0.5
41.499958515167236,0.0,0.0,-0.5,-0.5
41.599958419799805,0.0,0.0,-0.5,-0.5
41.69995832443237,0.0,0.0,-0.5,-0.5
41.79995822906494,0.0,0.0,-0.5,-0.5
41.89995813369751,0.0,0.0,-0.5,-0.5
41.99995803833008,0.0,0.0,-0.5,-0.5
42.09995794296265,0.0,0.0,-0.5,-0.5
42.199957847595215,0.0,0.0,-0.5,-0.5
42.29995775222778,0.0,0.0,-0.5,-0.5
42.39995765686035,0.0,0.0,-0.5,-0.5
42.49995756149292,0.0,0.0,-0.5,-0.5
42.59995746612549,0.0,0.0,-0.5,-0.5
42.69995737075806,0.0,0.0,-0.5,-0.5
42.799957275390625,0.0,0.0,-0.5,-0.5
42.89995718002319,0.0,0.0,-0.5,-0.5
42.99995708465576,0.0,0.0,-0.5,-0.5
43.09995698928833,0.0,0.0,-0.5,-0.5
43.1999568939209,0.0,0.0,-0.5,-0.5
43.29995679855347,0.0,0.0,-0.5,-0.5
43.399956703186035,0.0,0.0,-0.5,-0.5
43.4999566078186,0.0,0.0,-0.5,-0.5
43.59995651245117,0.0,0.0,-0.5,-0.5
43.69995641708374,0.0,0.0,-0.5,-0.5
43.79995632171631,0.0,0.0,-0.5,-0.5
43.89995622634888,0.0,0.0,-0.5,-0.5
43.999956130981445,0.0,0.0,-0.5,-0.5
44.099956035614014,0.0,0.0,-0.5,-0.5
44.19995594024658,0.0,0.0,-0.5,-0.5
44.29995584487915,0.0,0.0,-0.5,-0.5
44.39995574951172,0.0,0.0,-0.5,-0.5
44.49995565414429,0.0,0.0,-0.5,-0.5
44.599955558776855,0.0,0.0,-0.5,-0.5
44.699955463409424,0.0,0.0,-0.5,-0.5
44.79995536804199,0.0,0.0,-0.5,-0.5
44.89995527267456,0.0,0.0,-0.5,-0.5
44.99995517730713,0.0,0.0,-0.5,-0.5
45.0999550819397,0.0,0.0,-0.5,-0.5
45.199954986572266,0.0,0.0,-0.5,-0.5
45.299954891204834,0.0,0.0,-0.5,-0.5
45.3999547958374,0.0,0.0,-0.5,-0.5
45.49995470046997,0.0,0.0,-0.5,-0.5
45.59995460510254,0.0,0.0,-0.5,-0.5
45.69995450973511,0.0,0.0,-0.5,-0.5
45.799954414367676,0.0,0.0,-0.5,-0.5
45.899954319000244,0.0,0.0,-0.5,-0.5
45.99995422363281,0.0,0.0,-0.5,-0.5
46.09995412826538,0.0,0.0,-0.5,-0.5
46.19995403289795,0.0,0.0,-0.5,-0.5
46.29995393753052,0.0,0.0,-0.5,-0.5
46.399953842163086,0.0,0.0,-0.5,-0.5
46.499953746795654,0.0,0.0,-0.5,-0.5
46.59995365142822,0.0,0.0,-0.5,-0.5
46.69995355606079,0.0,0.0,-0.5,-0.5
46.79995346069336,0.0,0.0,-0.5,-0.5
46.89995336532593,0.0,0.0,-0.5,-0.5
46.999953269958496,0.0,0.0,-0.5,-0.5
47.099953174591064,0.0,0.0,-0.5,-0.5
47.19995307922363,0.0,0.0,-0.5,-0.5
47.2999529838562,0.0,0.0,-0.5,-0.5
47.39995288848877,0.0,0.0,-0.5,-0.5
47.49995279312134,0.0,0.0,-0.5,-0.5
47.599952697753906,0.0,0.0,-0.5,-0.5
47.699952602386475,0.0,0.0,-0.5,-0.5
47.79995250701904,0.0,0.0,-0.5,-0.5
47.89995241165161,0.0,0.0,-0.5,-0.5
47.99995231628418,0.0,0.0,-0.5,-0.5
48.09995222091675,0.0,0.0,-0.5,-0.5
48.199952125549316,0.0,0.0,-0.5,-0.5
48.299952030181885,0.0,0.0,-0.5,-0.5
48.39995193481445,0.0,0.0,-0.5,-0.5
48.49995183944702,0.0,0.0,-0.5,-0.5
48.59995174407959,0.0,0.0,-0.5,-0.5
48.69995164871216,0.0,0.0,-0.5,-0.5
48.79995155334473,0.0,0.0,-0.5,-0.5
48.899951457977295,0.0,0.0,-0.5,-0.5
48.99995136260986,0.0,0.0,-0.5,-0.5
49.09995126724243,0.0,0.0,-0.5,-0.5
49.199951171875,0.0,0.0,-0.5,-0.5
49.29995107650757,0.0,0.0,-0.5,-0.5
49.39995098114014,0.0,0.0,-0.5,-0.5
49.499950885772705,0.0,0.0,-0.5,-0.5
49.59995079040527,0.0,0.0,-0.5,-0.5
49.69995069503784,0.0,0.0,-0.5,-0.5
49.79995059967041,0.0,0.0,-0.5,-0.5
49.89995050430298,0.0,0.0,-0.5,-0.5
49.99995040893555,0.0,0.0,-0.5,-0.5
50.099950313568115,0.0,0.0,-0.5,-0.5
50.199950218200684,0.0,0.0,-0.5,-0.5
50.29995012283325,0.0,0.0,-0.5,-0.5
50.39995002746582,0.0,0.0,-0.5,-0.5
50.49994993209839,0.0,0.0,-0.5,-0.5
50.59994983673096,0.0,0.0,-0.5,-0.5
50.699949741363525,0.0,0.0,-0.5,-0.5
50.799949645996094,0.0,0.0,-0.5,-0.5
50.89994955062866,0.0,0.0,-0.5,-0.5
50.99994945526123,0.0,0.0,-0.5,-0.5
51.0999493598938,0.0,0.0,-0.5,-0.5
51.19994926452637,0.0,0.0,-0.5,-0.5
51.299949169158936,0.0,0.0,-0.5,-0.5
51.399949073791504,0.0,0.0,-0.5,-0.5
51.49994897842407,0.0,0.0,-0.5,-0.5
51.59994888305664,0.0,0.0,-0.5,-0.5
51.69994878768921,0.0,0.0,-0.5,-0.5
51.79994869232178,0.0,0.0,-0.5,-0.5
51.899948596954346,0.0,0.0,-0.5,-0.5
51.999948501586914,0.0,0.0,-0.5,-0.5
52.09994840621948,0.0,0.0,-0.5,-0.5
52.19994831085205,0.0,0.0,-0.5,-0.5
52.29994821548462,0.0,0.0,-0.5,-0.5
52.39994812011719,0.0,0.0,-0.5,-0.5
52.499948024749756,0.0,0.0,-0.5,-0.5
52.599947929382324,0.0,0.0,-0.5,-0.5
52.69994783401489,0.0,0.0,-0.5,-0.5
52.79994773864746,0.0,0.0,-0.5,-0.5
52.89994764328003,0.0,0.0,-0.5,-0.5
52.9999475479126,0.0,0.0,-0.5,-0.5
53.099947452545166,0.0,0.0,-0.5,-0.5
53.199947357177734,0.0,0.0,-0.5,-0.5
53.2999472618103,0.0,0.0,-0.5,-0.5
53.39994716644287,0.0,0.0,-0.5,-0.5
53.49994707107544,0.0,0.0,-0.5,-0.5
53.59994697570801,0.0,0.0,-0.5,-0.5
53.699946880340576,0.0,0.0,0.2415160383040984,-0.5
53.799946784973145,0.0,0.0,0.25,-0.5
53.89994668960571,0.0,0.0,0.25,-0.5
53.99994659423828,0.0,0.0,0.25,-0.5
54.09994649887085,0.0,0.0,0.25,-0.5
54.19994640350342,0.0,0.0,0.25,-0.5
54.299946308135986,0.0,0.0,0.25,-0.5
54.399946212768555,0.0056136256581422,0.0015593417080674243,0.25,-0.5
54.49994611740112,0.06929957439391563,0.019249897175993097,0.25,0.17690572338970156
54.59994602203369,0.26046656375122074,0.0723518811456866,0.25,0.35396303475355106
54.69994592666626,0.5057330441790986,0.14048151354598165,0.25,0.4630743477484928
54.79994583129883,0.6607886797544079,0.18355255788481994,0.25,0.4549834743479352
54.8999457359314,0.7863469498875875,0.2184298830458743,0.25,0.43374149632373876
54.999945640563965,0.9026932924236067,0.25074833738284463,0.25,0.41531538886691494
55.09994554519653,1.0011381211716373,0.2780941450228151,0.25,0.3950500957701982
55.1999454498291,1.116906090023338,0.31025193987450284,0.25,0.38586611569864837
55.29994535446167,1.2091027782322077,0.3358621515317862,0.25,0.3714479207111405
55.39994525909424,1.293878149115776,0.3594108845050821,0.25,0.3578518840711656
55.49994516372681,1.4008708329828257,0.38913109824430336,0.25,0.35233829650347126
55.599945068359375,1.49619736568693,0.4156107118457841,0.25,0.3450431375068755
55.69994497299194,1.5901624420601586,0.44171214283058674,0.25,0.33857940068103176
55.79994487762451,1.7205065011290537,0.4779188548706263,0.25,0.34025711961058935
55.89994478225708,1.805016622282091,0.5013939073042747,0.25,0.3332233615173663
55.99994468688965,1.8636417468499058,0.5176786771564732,0.25,0.32257489228664343
56.09994459152222,1.9570157758572109,0.5436159281860644,0.25,0.3188571196611379
56.199944496154785,2.0418599589746362,0.5671837756840565,0.25,0.3142360963322216
56.29994440078735,2.1275310895340125,0.590981330988579,0.25,0.3102223954724527
56.39994430541992,2.2147443904685136,0.6152072672955629,0.25,0.3068242554041597
56.49994421005249,2.2845454849061384,0.6345964757062573,0.25,0.3076735826855257
56.59994411468506,2.3389804761955837,0.6497173187166569,0.25,0.2886829940950422
56.69994401931763,2.3882200461226986,0.663394987971871,0.25,0.26145698655775756
56.799943923950195,2.4492428835421105,0.6803457897045604,0.25,0.24839685279956902
56.899943828582764,2.5130373109524617,0.6980664781617529,0.25,0.23981852626670844
56.99994373321533,2.576901218732118,0.7158064667369703,0.25,0.23252928643427118
57.0999436378479,2.6331372046734005,0.7314275864397679,0.25,0.2266669368749125
57.19994354248047,2.6821341461630372,0.7450378588528762,0.25,0.21739316681146645
57.29994344711304,2.7307881207836666,0.7585528626150454,0.25,0.21134555709645925
57.399943351745605,2.7992955993696067,0.7775827330016907,0.25,0.20908612364837037
57.499943256378174,2.85934297078394,0.7942625717384214,0.25,0.20256592992898378
57.59994316101074,2.9066512967135694,0.807403783898502,0.25,0.19589672284803222
57.69994306564331,2.9664803182343347,0.8240229698384971,0.25,0.19115559580413735
57.79994297027588,3.0119052688509735,0.8366410217708858,0.25,0.17936125450235157
57.89994287490845,3.0649738329762277,0.8513823013764706,0.25,0.1749943639237284
57.999942779541016,3.121228702805624,0.8670086666079406,0.25,0.17466516129941206
58.099942684173584,3.170168067637964,0.8806029454923384,0.25,0.16849366934122195
58.19994258880615,3.219655737308914,0.8943495313981955,0.25,0.1635830338620075
58.29994249343872,3.2688193597090516,0.908006104101261,0.25,0.1585125377256771
58.39994239807129,3.317900407156021,0.9216397392989853,0.25,0.15321638212023972
58.49994230270386,3.367582283075089,0.9354402714280321,0.25,0.1504220413145248
58.599942207336426,3.43312913324308,0.9536477443739964,0.25,0.15196535775412837
58.699942111968994,3.5044082864809263,0.9734475250020989,0.25,0.15502641635982556
58.79994201660156,3.5511435625646053,0.986429556522071,0.25,0.153042029361008
58.89994192123413,3.593252922212314,0.9981266102262923,0.25,0.1500302091122268
58.9999418258667,3.6433862804364505,1.0120525542070764,0.25,0.1481231849963302
59.09994173049927,3.6904245149059602,1.0251187409015479,0.25,0.14684571727387902
59.199941635131836,3.7494474148813515,1.041514004010912,0.25,0.1482382139499953
59.299941539764404,3.8062928947012464,1.0573044277043229,0.25,0.14937592500062186
59.39994144439697,3.8441127722018784,1.0678099576366935,0.25,0.14511375070875843
59.49994134902954,3.896594555037502,1.0823882423092073,0.25,0.1440629726745499
59.59994125366211,3.9532181841515186,1.0981170407572407,0.25,0.14535676705238482
59.69994115829468,4.020375827453024,1.1167719565982461,0.25,0.14637463297360256
59.799941062927246,4.079945526693908,1.1333191085139807,0.25,0.1483391848388181
59.899940967559814,4.129437823394368,1.147066979706841,0.25,0.1478424801587613
59.99994087219238,4.179214629714995,1.160893881412972,0.25,0.1469427475380399
60.09994077682495,4.2401974046534345,1.1778335546698218,0.25,0.14861544631947582
60.19994068145752,4.28203361593072,1.1894547337660037,0.25,0.14755274190116435
60.29994058609009,4.337738657116623,1.2049283686965415,0.25,0.1484612738813441
60.399940490722656,4.397410921512212,1.2215040109558193,0.25,0.14993227881498047
60.499940395355225,4.460569173098748,1.2390479837650241,0.25,0.15180400094007285
60.59994029998779,4.501478980698997,1.2504118283006063,0.25,0.14838218347158239
60.69994020462036,4.566716960787645,1.2685335039336707,0.25,0.14754313017387977
60.79994010925293,4.623573097822845,1.2843268879670344,0.25,0.14894880777113417
60.8999400138855,4.676512840685132,1.2990323838598348,0.25,0.15045303029996207
60.999939918518066,4.734599215085604,1.315167500768049,0.25,0.1515576178170939
61.099939823150635,4.784373178462116,1.3289936127668498,0.25,0.15193758083161954
61.1999397277832,4.833886460186464,1.3427473131376757,0.25,0.15061679820275387
61.29993963241577,4.881530356596868,1.355981739394765,0.25,0.1493387982657975
61.39993953704834,4.948191343409851,1.3744986949897018,0.25,0.1533445149172296
61.49993944168091,5.009993517641049,1.3916659793432953,0.25,0.15463901599230193
61.59993934631348,5.057957063306197,1.4049891971310688,0.25,0.15343622451510058
61.699939250946045,5.119595742131135,1.4221110660577025,0.25,0.1526697003269003
61.79993915557861,5.163936894071056,1.43442806256127,0.25,0.15055462060371955
61.89993906021118,5.21584299133364,1.448846434446676,0.25,0.1508898712697124
61.99993896484375,5.276192966165642,1.4656103297555598,0.25,0.15235836947155784
62.09993886947632,5.324208812930974,1.4789480756383402,0.25,0.15055740406698864
62.19993877410889,5.370730775366394,1.4918708533197265,0.25,0.15120820398024193
62.299938678741455,5.41790590667225,1.5049750669436044,0.25,0.1500234921970828
62.39993858337402,5.483098494401028,1.5230841335777288,0.25,0.15079020511570052
62.49993848800659,5.544517460959456,1.540144971270396,0.25,0.15054863732705476
62.59993839263916,5.5945219168877545,1.5540351090292468,0.25,0.15181178514332067
62.69993829727173,5.654626433506651,1.5707308214466107,0.25,0.15109880285551752
62.7999382019043,5.700611811705412,1.583504547831906,0.25,0.14958897259159704
62.899938106536865,5.755777881032333,1.5988284682373994,0.25,0.14989818514283157
62.999938011169434,5.809468498236418,1.6137425405031158,0.25,0.14928766223934267
63.099937915802,5.874686428194004,1.6318586466508742,0.25,0.15143266135945202
63.19993782043457,5.936035076990349,1.6488999516162253,0.25,0.15307646522436813
63.29993772506714,5.985545594594873,1.6626528841753747,0.25,0.15333571862264148
63.39993762969971,6.031666882882,1.6754643633931963,0.25,0.15048297771349817
63.499937534332275,6.071719200672626,1.686590016124441,0.25,0.14746215902144652
63.599937438964844,6.135931904427313,1.7044268925480102,0.25,0.1497189904916266
63.69993734359741,6.196083881513535,1.7211357884390668,0.25,0.149512503776917
63.79993724822998,6.24403151254419,1.7344545854915001,0.25,0.15001340452904607
63.89993715286255,6.310452918762346,1.752904990867967,0.25,0.15202942319720172
63.99993705749512,6.353535147993971,1.7648722863394695,0.25,0.14963112099131182
64.09993696212769,6.40772535721034,1.7799251342751738,0.25,0.150488672835599
64.19993686676025,6.482015632687376,1.8005613384166341,0.25,0.20636223821696925
64.29993677139282,6.527512569005367,1.813199386393173,0.25,0.15411230669773304
64.39993667602539,6.581788398100945,1.8282760176476844,0.25,0.15259608756194734
64.49993658065796,6.63589688929372,1.8433061661142311,0.25,0.15158074198057803
64.59993648529053,6.68443107199028,1.8567878943153162,0.25,0.15137653700695017
64.6999363899231,6.734042708144204,1.8705689153828808,0.25,0.14991918994221606
64.79993629455566,6.783477452649713,1.8843007998421322,0.25,0.15039826943607987
64.89993619918823,6.833135035467171,1.898094583882,0.25,0.14963320052364054
64.9999361038208,6.898555379563478,1.9162669162243842,0.25,0.15126233211563536
65.09993600845337,6.969214438678256,1.935894448347169,0.25,0.1520180458238533
65.19993591308594,7.0137101706668314,1.9482543837874913,0.25,0.1496773588290859
65.2999358177185,7.0685098658732235,1.9634765335225324,0.25,0.1504119681176097
65.39993572235107,7.113414241657734,1.9759499812192023,0.25,0.15024295219584774
65.49993562698364,7.154282895361188,1.9873023941076402,0.25,0.15035633238257212
65.59993553161621,7.2141920966647906,2.0039438522273523,0.25,0.14975862266062315
65.69993543624878,7.288848489212431,2.024681755636451,0.25,0.20737923186323365
65.79993534088135,7.332281469673094,2.036746482082853,0.25,0.15114609243982288
65.89993524551392,7.386504243073937,2.0518083756325924,0.25,0.1494518349106892
65.99993515014648,7.448647069458556,2.0690702856600587,0.25,0.15209914471334246
66.09993505477905,7.496484738052938,2.082358537566869,0.25,0.15121684585746964
66.19993495941162,7.544661291340952,2.095740924186107,0.25,0.14758993363746545
66.29993486404419,7.605591577424275,2.1126660171937606,0.25,0.14973345819724718
66.39993476867676,7.662097000465333,2.1283619805952596,0.25,0.15004312456606184
66.49993467330933,7.711313233481485,2.14203316737002,0.25,0.14936364307216468
66.5999345779419,7.759101590096537,2.1553077214938363,0.25,0.14926005593474184
66.69993448257446,7.826581363739771,2.174052118056906,0.25,0.15174174604921856
66.79993438720703,7.882814829216417,2.189672537630078,0.25,0.15268601450670344
66.8999342918396,7.931731314264137,2.2032604610136635,0.25,0.1525830840804001
66.99993419647217,7.997985106946514,2.221664307037389,0.25,0.1526988410314652
67.09993410110474,8.055247745038946,2.2375706081214286,0.25,0.15083822373766975
67.1999340057373,8.103955522341879,2.2511005570850826,0.25,0.15142323105724206
67.29993391036987,8.152414822305758,2.264561484510449,0.25,0.15054261906258776
67.39993381500244,8.200197547170855,2.277834474258026,0.25,0.15094239046929298
67.49993371963501,8.267776755242139,2.296606491517651,0.25,0.15465219619283296
67.59993362426758,8.330790916765492,2.314110439277285,0.25,0.15508344142406139
67.69993352890015,8.388766218893732,2.330214702751863,0.25,0.15276661924730733
67.79993343353271,8.443808259813634,2.345504170794512,0.25,0.15437899158310864
67.89993333816528,8.481965470843122,2.356103404559861,0.25,0.15214765956294937
67.99993324279785,8.523847639896823,2.36773734971526,0.25,0.14933367444329046
68.09993314743042,8.583670391228047,2.384354793934545,0.25,0.15099827218701195
68.19993305206299,8.637880655549786,2.3994132127373087,0.25,0.15183628907797006
68.29993295669556,8.686690240573899,2.4129714416461367,0.25,0.15015285542310983
68.39993286132812,8.736885460830779,2.4269145695386523,0.25,0.14927643683280017
68.4999327659607,8.80493927223759,2.4458184211636134,0.25,0.1518927717530319
68.59993267059326,8.865752107858537,2.462710889016729,0.25,0.15370173034283902
68.69993257522583,8.913431968502453,2.4759553053466745,0.25,0.15095173760367936
68.7999324798584,8.971230050182943,2.492010340879718,0.25,0.15116904579085627
68.89993238449097,9.028602601758925,2.5079471735113907,0.25,0.15234350153494833
68.99993228912354,9.066983344360459,2.5186084994297597,0.25,0.1484722377903453
69.0999321937561,9.137887298707117,2.5383040580602656,0.25,0.1503668683704389
69.19993209838867,9.18711258620068,2.5519777599696525,0.25,0.15043874491185213
69.29993200302124,9.235030989668672,2.5652884382481846,0.25,0.15036362026679054
69.39993190765381,9.307361234118774,2.5853801888910453,0.25,0.2009176980386545
69.49993181228638,9.369337552204463,2.6025958465762518,0.25,0.15299482343653395
69.59993171691895,9.408316167304347,2.6134232483214674,0.25,0.14965654724569655
69.69993162155151,9.462484486317443,2.628470015640287,0.25,0.14912779866356335
69.79993152618408,9.51735419498248,2.6437116135738434,0.25,0.14910386358619093
69.89993143081665,9.56604408493296,2.657236593824508,0.25,0.1505667382239547
69.99993133544922,9.616108841626037,2.6711434818091977,0.25,0.15170321072242468
70.09993124008179,9.684104538414282,2.6900311904716427,0.25,0.1528383440265522
70.19993114471436,9.72591664720682,2.7016456744278163,0.25,0.1511163749610594
70.29993104934692,9.773212130960193,2.714783319313861,0.25,0.15090608274911738
70.39993095397949,9.835746879444322,2.7321540966782853,0.25,0.15261990911950402
70.49993085861206,9.901139755582804,2.7503187990262803,0.25,0.15225033412856678
70.59993076324463,9.946036274190838,2.762790064172183,0.25,0.15003973066676451
70.6999306678772,10.017802497219048,2.782725142072513,0.25,0.15338506464231588
70.79993057250977,10.067632097053563,2.796566708655345,0.25,0.15227832911174496
70.89993047714233,10.10399968967451,2.8066688257984063,0.25,0.14936096858522735
70.9999303817749,10.170074648631637,2.825022995747599,0.25,0.15320739426887672
71.09993028640747,10.230999278089788,2.8419465174692253,0.25,0.15182137449262537
71.19993019104004,10.29244682435359,2.8590152939752915,0.25,0.1535189134098643
71.29993009567261,10.348637559906981,2.874623844115842,0.25,0.1546678504365851
71.39993000030518,10.396574945154239,2.8879397951150545,0.25,0.15127994738380504
71.49992990493774,10.444614823232008,2.901284216367741,0.25,0.14934432732159392
71.59992980957031,10.494187875037433,2.9150545195521484,0.25,0.15081577944447586
71.69992971420288,10.543238379650068,2.928679670622437,0.25,0.15010497064233028
71.79992961883545,10.604772795680029,2.945772577638407,0.25,0.15103062606631093
71.89992952346802,10.666877242540721,2.9630238266784765,0.25,0.1528937622378385
71.99992942810059,10.71809391340327,2.9772506910773338,0.25,0.153053750597499
72.09992933273315,10.778496465829178,2.994029191285098,0.25,0.15199914536440856
72.19992923736572,10.835098661154179,3.0097520358980856,0.25,0.15405332765183652
72.29992914199829,10.884063484999576,3.0233533867362126,0.25,0.1542851808489902
72.39992904663086,10.934193395803504,3.037278373099506,0.25,0.152562283705342
72.49992895126343,10.983149758713072,3.0508773736758,0.25,0.15027943064239307
72.599928855896,11.050015529430755,3.0694512137342165,0.25,0.15333072100858727
72.69992876052856,11.122879455530162,3.0896912093982576,0.25,0.20240014966423547
72.79992866516113,11.16863540819607,3.1024012064178885,0.25,0.15291739471466365
72.8999285697937,11.192075524016502,3.1089123549102564,0.25,0.15112190867700803
72.99992847442627,11.246402235029848,3.124003120042121,0.25,0.1494902047122298
73.09992837905884,11.335347543297313,3.148710169882041,0.25,0.2470707340242134
73.1999282836914,11.386847310815858,3.163015672303808,0.25,0.15200033412307293
73.29992818832397,11.4424271814882,3.1784545376194298,0.25,0.1519154916296966
73.39992809295654,11.501745747003815,3.194931930111226,0.25,0.1534962138834825
73.49992799758911,11.531363628833954,3.2031591260902386,0.25,0.15093759880656016
73.59992790222168,11.58537321973514,3.2181618022315877,0.25,0.1515537858726727
73.69992780685425,11.64728462108121,3.235359427474697,0.25,0.15334002466257313
73.79992771148682,11.706640770001389,3.251847259809446,0.25,0.15303748703344028
73.89992761611938,11.763143355048534,3.267542434878672,0.25,0.15225944930602392
73.99992752075195,11.81328487411183,3.281470645761036,0.25,0.15211012240536806
74.09992742538452,11.878420980382856,3.2995640230887893,0.25,0.15276756159234559
74.19992733001709,11.93839015148868,3.3162221395002227,0.25,0.1532351979375412
74.29992723464966,11.987130028626822,3.3297610050919015,0.25,0.1532039552845218
74.39992713928223,12.018831020051712,3.3385668430879245,0.25,0.15064437865988403
74.4999270439148,12.07387242278591,3.353856133856625,0.25,0.15148952456208123
74.59992694854736,12.132740994063772,3.3702085278490466,0.25,0.15037880046981478
74.69992685317993,12.192027580612544,3.3866770372873916,0.25,0.14849305555858022
74.7999267578125,12.249782728147931,3.402720146659476,0.25,0.15015961332416036
74.89992666244507,12.31723458551815,3.421456788696061,0.25,0.156272365925844
74.99992656707764,12.359430124726181,3.433177781186189,0.25,0.1545874779981414
75.0999264717102,12.394978170039806,3.4430522461173174,0.25,0.14717117847101113
75.19992637634277,12.474376355872158,3.4651073153814567,0.25,0.2205509029751241
75.29992628097534,12.53747591600572,3.482634984996237,0.25,0.1520903687330821
75.39992618560791,12.579964460205293,3.4944373678269063,0.25,0.14975286167329824
75.49992609024048,12.641316201486545,3.5114795318165295,0.25,0.15416034988191177
75.59992599487305,12.68598192149829,3.523886686189952,0.25,0.1528625877603061
75.69992589950562,12.739172214805027,3.5386617794841113,0.25,0.15165132063067677
75.79992580413818,12.81287631441376,3.5591351568652256,0.25,0.2047339690606712
75.89992570877075,12.872964393101382,3.575826303186916,0.25,0.154142081155466
75.99992561340332,12.922933477850583,3.5897066156103796,0.25,0.15411813190317597
76.09992551803589,12.972439534575436,3.603458309035296,0.25,0.15194728788147918
76.19992542266846,13.020977192559537,3.6169410025948032,0.25,0.1503595749413551
76.29992532730103,13.06916856059086,3.6303275044238084,0.25,0.1502833929873655
76.3999252319336,13.119159574128227,3.644213908182191,0.25,0.15282367829115015
76.49992513656616,13.180243504985713,3.6611816803279216,0.25,0.15366291978002836
76.59992504119873,13.236733389139491,3.67687332736839,0.25,0.1533325459889826
76.6999249458313,13.283112299549865,3.6897563683443626,0.25,0.1515398100481103
76.79992485046387,13.347910670181006,3.70775593014154,0.25,0.15251803719356677
76.89992475509644,13.410758691105256,3.7252137276978363,0.25,0.1518786143436214
76.999924659729,13.459695234465878,3.738807222839463,0.25,0.15281486656225024
77.09992456436157,13.509881148305057,3.7527477656138823,0.25,0.15484790742275473
77.19992446899414,13.559584430439708,3.7665542439186814,0.25,0.15072360800984624
77.29992437362671,13.607333924565204,3.7798180028978736,0.25,0.14859165065885918
77.39992427825928,13.666005454633636,3.7961156631772224,0.25,0.15083929152671627
77.49992418289185,13.723124076475903,3.811981959715324,0.25,0.15025135724025765
77.59992408752441,13.77349144802806,3.825972907450339,0.25,0.15104325467626617
77.69992399215698,13.822506509182746,3.839588213107765,0.25,0.15046336030486923
77.79992389678955,13.880680193853117,3.8557475828881316,0.25,0.1483063544474142
77.89992380142212,13.928810953662829,3.8691172490865537,0.25,0.1466456128019733
77.99992370605469,13.999002438025654,3.8886148992298906,0.25,0.14945428434046792
78.09992361068726,14.066663553163721,3.9074096684707125,0.25,0.15197582465314902
78.19992351531982,14.119939939717902,3.92220867657496,0.25,0.15263398255318733
78.29992341995239,14.155118405323693,3.9319804803940053,0.25,0.15082663182458345
78.39992332458496,14.205120003799987,3.9458698244155532,0.25,0.15082810195756818
78.49992322921753,14.28084306502636,3.9669040249168925,0.25,0.21034220561135222
78.5999231338501,14.324513621333882,3.9790347447068832,0.25,0.15108085275117566
78.69992303848267,14.380113808491876,3.9944792534952565,0.25,0.15236158787878007
78.79992294311523,14.439756804216964,4.0110467655617805,0.25,0.15164556233059828
78.8999228477478,14.499528446069046,4.027650012692168,0.25,0.15121828671016188
78.99992275238037,14.556382706407978,4.043442875420596,0.25,0.15231797155230403
79.09992265701294,14.605610661644832,4.057117318370379,0.25,0.1521849215130992
79.19992256164551,14.672691721906572,4.075750961127764,0.25,0.15459850604116593
79.29992246627808,14.733147865524352,4.092544347789624,0.25,0.15636332156555896
79.39992237091064,14.7803357403888,4.10565210129372,0.25,0.15476836665686514
79.49992227554321,14.827130044758082,4.118650529572811,0.25,0.1533344311598524
79.59992218017578,14.877034988381045,4.132513025002511,0.25,0.1532702049459437
79.69992208480835,14.92729573128005,4.1464743536435105,0.25,0.15344321660272733
79.79992198944092,14.988406770670563,4.163449655943328,0.25,0.15385118325152025
79.89992189407349,15.043784334625908,4.178832324903716,0.25,0.15485768559237872
79.99992179870605,15.091910614672798,4.192200746722581,0.25,0.15179306850749621
80.09992170333862,15.140684401846848,4.205749031776214,0.25,0.14916982391218042
80.19992160797119,15.190342814478411,4.219543046320185,0.25,0.14866732665282356
80.29992151260376,15.257328651535024,4.238150238166097,0.25,0.15308502487930217
80.39992141723633,15.330538938093987,4.258486445145872,0.25,0.20336226373911792
80.4999213218689,15.385339513245437,4.2737088393102916,0.25,0.15340255349277485
80.59992122650146,15.421137530508014,4.283652740949456,0.25,0.15230914337460436
80.69992113113403,15.473332768741347,4.298151429835435,0.25,0.15183623297240476
80.7999210357666,15.548278513601867,4.3189697089512995,0.25,0.20818298969741908
80.89992094039917,15.590431903785653,4.330678993369771,0.25,0.1515146348344175
80.99992084503174,15.645413691891024,4.345951724506105,0.25,0.15125456879035198
81.0999207496643,15.705909836772648,4.362756222639033,0.25,0.15281959787445246
81.19992065429688,15.756200952667164,4.37672598822998,0.25,0.15048765706732142
81.29992055892944,15.805648764152732,4.390461502408818,0.25,0.14895871936770183
81.39992046356201,15.866636499015298,4.407402553423472,0.25,0.1508753699508411
81.49992036819458,15.910656002892168,4.419630203171381,0.25,0.15048998031771396
81.59992027282715,15.97839842201572,4.438447556870683,0.25,0.15296741181517803
81.69992017745972,16.030388922745132,4.4528893741822975,0.25,0.15320765637960046
81.79992008209229,16.099766702141338,4.472160994987417,0.25,0.15435581672722223
81.89991998672485,16.168262864974768,4.491187722106962,0.25,0.15617784754442474
81.99991989135742,16.21791419185337,4.504979768384646,0.25,0.1563896599758345
82.09991979598999,16.26537457585204,4.518163218931028,0.25,0.1562072425482426
82.19991970062256,16.313429997991136,4.531511957981982,0.25,0.15598460458940963
82.29991960525513,16.361721902766817,4.544926386706761,0.25,0.15338822055273857
82.3999195098877,16.410144106729547,4.558377009679121,0.25,0.14994542526572546
82.49991941452026,16.47808824533308,4.577250396612133,0.25,0.15177092339095222
82.59991931915283,16.53783572683739,4.593846932529437,0.25,0.15509724370224853
82.6999192237854,16.585712745581805,4.607146115042223,0.25,0.15449748994368234
82.79991912841797,16.64678432050753,4.624110454981941,0.25,0.15257051851790568
82.89991903305054,16.70418179457972,4.640054210534767,0.25,0.15468775610423782
82.9999189376831,16.73734510597489,4.649266248847493,0.25,0.1516574068024675
83.09991884231567,16.78955454059953,4.663768881178656,0.25,0.15050647280396948
83.19991874694824,16.851546238769675,4.680988811112964,0.25,0.15213155652544996
83.29991865158081,16.918012720917115,4.699451737590915,0.25,0.1544952649292149
83.39991855621338,16.97631135135783,4.715645814557475,0.25,0.1541217775489825
83.49991846084595,17.007513178158845,4.724312995602608,0.25,0.15234154149982893
83.59991836547852,17.064530939920814,4.740151275429325,0.25,0.15085200314300182
83.69991827011108,17.123166003097406,4.756438806008392,0.25,0.1517748606568336
83.79991817474365,17.183422567596725,4.7731767539818835,0.25,0.15050802303286942
83.89991807937622,17.241112978347722,4.789201880899474,0.25,0.149007221500616
83.99991798400879,17.291292915724334,4.803140763544074,0.25,0.14908063975409117
84.09991788864136,17.329638561976704,4.8137923404687655,0.25,0.14781470173595318
84.19991779327393,17.381379773143983,4.82816491062439,0.25,0.14832661777649
84.2999176979065,17.454381913113625,4.848443299060877,0.25,0.20278407775483445
84.39991760253906,17.527283300026667,4.868693700514808,0.25,0.20250420766237492
84.49991750717163,17.5838880467808,4.884417253858677,0.25,0.15358357509198323
84.5999174118042,17.633968324298635,4.898328453187027,0.25,0.15224090551703648
84.69991731643677,17.670325148283194,4.9084275790398095,0.25,0.15064087566112735
84.79991722106934,17.721377654114217,4.922608842004539,0.25,0.14924933584655756
84.8999171257019,17.7788470482061,4.938572575356594,0.25,0.14925932475569828
84.99991703033447,17.816693552606264,4.949085501655863,0.25,0.14990976936928185
85.09991693496704,17.886691102768825,4.968529281144919,0.25,0.15238034530435302
85.19991683959961,17.953915070178986,4.987202620364179,0.25,0.15310705063986935
85.29991674423218,18.002365900287295,5.000661195050005,0.25,0.15060487235754336
85.39991664886475,18.050851362161964,5.014129389678627,0.25,0.14924192988877125
85.49991655349731,18.082835442952543,5.023013863672472,0.25,0.149350576466741
85.59991645812988,18.13718110414308,5.038109892746657,0.25,0.1489794507365422
85.69991636276245,18.198262061389052,5.055076838888528,0.25,0.14931915884191488
85.79991626739502,18.257694766078725,5.071585936731816,0.25,0.1492047336676888
85.89991617202759,18.313859893418908,5.0871873734741175,0.25,0.1489928883780129
85.99991607666016,18.381346107343955,5.1059335590057895,0.25,0.15139654211385148
86.09991598129272,18.4417704856937,5.122718121975025,0.25,0.1544630380605618
86.1999158859253,18.4905157426998,5.136258481975665,0.25,0.15404693258624066
86.29991579055786,18.551121958048277,5.153093555262735,0.25,0.15232527336962973
86.39991569519043,18.595657494595997,5.165464547533888,0.25,0.1483855650210419
86.499915599823,18.663698675634578,5.184364890720422,0.25,0.14997396145718767
86.59991550445557,18.7303903328867,5.202890365888602,0.25,0.15228110157736305
86.69991540908813,18.77902049908704,5.2163987561954,0.25,0.15398573543003638
86.7999153137207,18.829875672857565,5.230525204655029,0.25,0.1539583281513482
86.89991521835327,18.878698749648112,5.244087181279754,0.25,0.15275744864243546
86.99991512298584,18.938803817274156,5.260783046754781,0.25,0.15584892117857263
87.09991502761841,18.99594024902943,5.276654290494898,0.25,0.15406265160058347
87.19991493225098,19.04495675894246,5.2902699985855195,0.25,0.15153383362459566
87.29991483688354,19.093704040901137,5.3038109210734365,0.25,0.15157500756490772
87.39991474151611,19.14137079936336,5.317051697905557,0.25,0.15146129855821533
87.49991464614868,19.19017121725568,5.330607380386849,0.25,0.1537969050293467
87.59991455078125,19.25847527037828,5.349580743655139,0.25,0.15573557397525778
87.69991445541382,19.312845895376093,5.3646837071257805,0.25,0.1548035817508262
87.79991436004639,19.349568864823855,5.374884540133041,0.25,0.15164944632479446
87.89991426467896,19.417267027470277,5.393689600356639,0.25,0.15325125959305108
87.99991416931152,19.48257262658702,5.41183005906809,0.25,0.1529483958941072
88.09991407394409,19.54910789179152,5.430312091966066,0.25,0.15379713166789494
88.19991397857666,19.59277933638418,5.442443058502125,0.25,0.1530924342635523
88.29991388320923,19.63052624965498,5.452928320576662,0.25,0.1499175256294575
88.3999137878418,19.68008393556127,5.466694355452339,0.25,0.15061504759692826
88.49991369247437,19.74641975260755,5.485120986039821,0.25,0.15037819107151776
88.59991359710693,19.805691921348124,5.50158549052824,0.25,0.14934770474888903
88.6999135017395,19.85483822428664,5.515237252265895,0.25,0.14941939053268255
88.79991340637207,19.903487747339,5.5287510194803335,0.25,0.14911304961793792
88.89991331100464,19.964981304217996,5.545832576723067,0.25,0.15087284160521064
88.9999132156372,20.019907872560854,5.561089969024209,0.25,0.15015360433234992
89.09991312026978,20.06849274019033,5.574585776384589,0.25,0.14896588500978422
89.19991302490234,20.122088216291232,5.589473420544946,0.25,0.14960185365115894
89.29991292953491,20.18780611369419,5.607728406649746,0.25,0.15195888770744295
89.39991283416748,20.227314394062553,5.618702937753908,0.25,0.1508257637628329
89.49991273880005,20.275861506796925,5.632188257635037,0.052243405861361225,0.1507905824291998
89.59991264343262,20.339204243802214,5.649783476434892,0.0,0.15010150953783102
89.69991254806519,20.405363384211213,5.668161030139423,0.0,0.15173880621622357
89.79991245269775,20.436233873934896,5.676736173033888,0.0,0.15092596038463532
89.89991235733032,20.453957381971737,5.681659373649346,0.0,0.14398502396117263
89.99991226196289,20.463507799362112,5.684312269491209,0.0,0.1362412351413263
90.09991216659546,20.463321828992857,5.684260611013978,0.0,0.1269743806161619
90.19991207122803,20.47430550063437,5.687311633355214,0.0,0.12243440418909121
90.2999119758606,20.470887609667034,5.68636221843809,0.0,0.11671706024077647
90.39991188049316,20.474941115943338,5.687488193304509,0.0,0.11039702420889178
90.49991178512573,20.470482407076727,5.686249662072959,0.0,0.10056443392228702
90.5999116897583,20.491438527114394,5.692070811184783,0.0,0.09524275115883704
90.69991159439087,20.4831520226725,5.689769002553922,0.0,0.08726595836731636
90.79991149902344,20.474986690401586,5.687500852886372,0.0,0.07937499240091095
90.899911403656,20.49949875590123,5.694309765416732,0.0,0.07423866514634067
90.99991130828857,20.510534274516935,5.697375189706766,0.0,0.06814267532719764
91.09991121292114,20.482450863480064,5.6895742359557655,0.0,0.05749428461641062
91.19991111755371,20.47450312867034,5.68736653007579,0.0,0.04894660144453865
91.29991102218628,20.488107818446316,5.691145613592381,0.0,0.041708643247779495
91.39991092681885,20.503310666883053,5.695368630425441,0.0,0.038332882892852284
91.49991083145142,20.49960274184005,5.694338650422846,0.0,0.031075226029549603
91.59991073608398,20.486105467079913,5.690589404434524,0.0,0.02040298345761753
91.69991064071655,20.488361041274484,5.691215953323144,0.0,0.011527472585314889
91.79991054534912,20.475594545982506,5.687669701793929,0.0,0.005466769593538559
91.89991044998169,20.477835802968134,5.688292273676883,0.0,0.003316453176584561
91.99991035461426,20.47280332978858,5.686894363342012,0.0,0.001291048156640964
92.09991025924683,20.478237352887902,5.6884038154104966,0.0,0.0020716041738948867
92.1999101638794,20.473054116974417,5.68696402650492,0.0,-0.0001738035908990775
92.29991006851196,20.477907769822465,5.688312264485745,0.0,0.0009750239536829841
92.39990997314453,20.48486351930739,5.690244418666168,0.0,0.001378113995101358
92.4999098777771,20.499823716005153,5.69440003218448,0.0,0.00407518894216335
92.59990978240967,20.48168576430146,5.689361708236132,0.0,-0.001354552766127577
92.69990968704224,20.47487581992214,5.687470055506333,0.0,-0.0011494746200186644
92.7999095916748,20.471304713843885,5.686478080802127,0.0,-0.0005113865298188399
92.89990949630737,20.46348376804325,5.684305594119518,0.0,-0.0050020904189722075
92.99990940093994,20.463571682173008,5.684330014730654,0.0,-0.006522593708485994
93.09990930557251,20.492361485125898,5.692327188615302,0.0,0.001376477642479492
93.19990921020508,20.49856692249032,5.694050922595516,0.0,0.003342199447232757
93.29990911483765,20.47414518900247,5.687267102310729,0.0,-0.0019392574902460373
93.39990901947021,20.46333800341867,5.684265103913632,0.0,-0.005551768550483417
93.49990892410278,20.46349151558337,5.684307746215718,0.0,-0.005015456886676551
93.59990882873535,20.463465006964856,5.684300382704684,0.0,-0.0031445138637620678
93.69990873336792,20.463389537196033,5.68427941886324,0.0,-0.003468270537552283
93.79990863800049,20.46331991399926,5.684260079070887,0.0,-0.0017048129873575904
93.89990854263306,20.463313319559592,5.684258247280625,0.0,-0.0020170151217042656
93.99990844726562,20.463274310773606,5.684247411498071,0.0,-0.001323477184136662
94.0999083518982,20.46338959140573,5.6842794339215015,0.0,-0.0020621927111577625
94.19990825653076,20.463365873838484,5.684272845703107,0.0,-0.0013455916841627678
94.29990816116333,20.448591048706852,5.680168724327692,0.0,-0.004071773962172733
94.3999080657959,20.45298530794124,5.681389352869302,0.0,-0.004427537120861554
94.49990797042847,20.44879458488922,5.6802252622013585,0.0,-0.007087391750624181
94.59990787506104,20.453329361048834,5.681484923253423,0.0,-0.003938396247301653
94.6999077796936,20.44818051357521,5.680054686699895,0.0,-0.0037076879391456526
94.79990768432617,20.465917782726063,5.6849817098500806,0.0,-0.0007481861895491309
94.89990758895874,20.471144009687293,5.686433440722918,0.0,0.0010639243163370934
94.99990749359131,20.463646439624174,5.684350780705924,0.0,1.0382997537002926e-05
95.09990739822388,20.45205788164476,5.6811317342475185,0.0,-0.005597732522305358
95.19990730285645,20.466904984880745,5.685255932890204,0.0,-0.004397499046438068
95.29990720748901,20.470277640795302,5.686192782504838,0.0,-0.0005371604152216529
95.39990711212158,20.4634828272278,5.684305332781684,0.0,2.0114453208579414e-05
95.49990701675415,20.451984489954537,5.6811113476505914,0.0,-0.0015982008067263903
95.59990692138672,20.465884929271475,5.684972583883172,0.0,0.0003361009097747426
95.69990682601929,20.470605396589956,5.686283825853965,0.0,0.001002204451139153
95.79990673065186,20.463558443664283,5.684326337364178,0.0,3.3129178239996344e-05
95.89990663528442,20.451795299552156,5.681058794718999,0.0,-0.0015997278064322738
95.99990653991699,20.455168556218478,5.681995811209257,0.0,-0.0011258012180549253
96.09990644454956,20.46307768290723,5.684192792602605,0.0,-4.332070076196026e-05
96.19990634918213,20.46307043533538,5.684190779386591,0.0,-4.1033197390181035e-05
96.2999062538147,20.46321264094995,5.684230280977796,0.0,0.0020307802617549183
96.39990615844727,20.463042979588675,5.6841831527841835,0.0,0.001396901289629627
96.49990606307983,20.462936963365486,5.684153703809739,0.0,0.001964222677418839
96.5999059677124,20.462920835807513,5.68414922392894,0.0,0.0013321516081971276
96.69990587234497,20.46302263616244,5.68417750182793,0.0,0.002061409529930838
96.79990577697754,20.447954417534135,5.679991882193797,0.0,-0.002494916207479108
96.89990568161011,20.454071403181477,5.681691046232944,0.0,-0.0023711995063387574
96.99990558624268,20.463517545761032,5.684314976826409,0.0,-1.790195683033964e-05
97.09990549087524,20.448447895294887,5.680128959459224,0.0,-0.0005013878723080269
97.19990539550781,20.45348752101086,5.681528856611355,0.0,-0.0018635399166344608
97.29990530014038,20.463429423588455,5.684290498425554,0.0,-0.0009511429467225725
97.39990520477295,20.44814441814358,5.680044660183088,0.0,-0.002130338330946882
97.49990510940552,20.453360593641438,5.6814935989805315,0.0,0.00019112584724184878
97.59990501403809,20.45158463653377,5.681000277167078,0.0,-0.001986155252192447
97.69990491867065,20.454918633962233,5.6819263883047615,0.0,-0.0021787208523919716
97.79990482330322,20.46286016300058,5.684132370357976,0.0,-9.698359559159823e-05
97.89990472793579,20.44773298019609,5.67993037177291,0.0,-0.0005642120111191449
97.99990463256836,20.45382482455959,5.681622552116514,0.0,-0.0001866297243552502
98.09990453720093,20.463415289483677,5.684286572282198,0.0,4.6889884513960994e-05
98.1999044418335,20.46335301775623,5.68426927456629,0.0,3.92476272790878e-05
98.29990434646606,20.452047628541465,5.681128886160992,0.0,-0.0015506988872637803
98.39990425109863,20.45592221205989,5.682205160221573,0.0,-0.0009889972244866952
98.4999041557312,20.44759974828577,5.679893362879326,0.0,-0.0021301724966973816
98.59990406036377,20.45315871226538,5.681437520775654,0.0,-0.0013558528696852544
98.69990396499634,20.44856532325607,5.680161578363425,0.0,-0.0020079636471961745
98.7999038696289,20.453776678891955,5.68160917830925,0.0,0.0008086488289139107
98.89990377426147,20.448090304615118,5.680029628635379,0.0,-0.0008307095910092876
98.99990367889404,20.453913193198744,5.681647098980362,0.0,-0.0013339401951680842
99.09990358352661,20.434007216547858,5.676117656598231,0.0,-0.002005653343236328
99.19990348815918,20.442591275865603,5.678502119427396,0.0,-0.001513370035241836
99.29990339279175,20.434277666994006,5.6761927817822615,0.0,-0.004048862182942128
99.39990329742432,20.443783384871836,5.6788332610829295,0.0,-0.000605700127720041
99.49990320205688,20.43280709613236,5.675784289549456,0.0,-0.002854657437951399
99.59990310668945,20.44540808907677,5.679284568167568,0.0,-0.0008578553178694232
99.69990301132202,20.433417560424424,5.6759538630995765,0.0,-0.0029862654505171545
99.79990291595459,20.443078817294527,5.67863754771044,0.0,-0.002747413943906326
99.89990282058716,20.434272593757328,5.676191372548724,0.0,-0.0018695013949886145
99.99990272521973,20.42549897455394,5.6737542541536445,0.0,-0.003934152733335266
100.0999026298523,20.420939203116472,5.672487649963288,0.0,-0.0058994667856248975
100.19990253448486,20.413323015991967,5.6703720407362175,0.0,-0.006948623541760149
100.29990243911743,20.428192365279767,5.674502418842684,0.0,-0.0033132368189030042
100.39990234375,20.435228337006283,5.676456856996932,0.0,-0.002874154353327485
100.49990224838257,20.42135692727222,5.672603684543824,0.0,-0.0036448426437436406
100.59990215301514,20.444095671389118,5.678920007407127,0.0,-0.0012587578847082941
100.6999020576477,20.451426557492915,5.680956366287267,0.0,0.00039739434090606507
100.79990196228027,20.42585493572081,5.6738531323346555,0.0,-0.003878026685671673
100.89990186691284,20.427935022507366,5.674430934682052,0.0,-0.0027993496463312576
100.99990177154541,20.422786744081858,5.673000856197571,0.0,-0.004323125514249227
101.09990167617798,20.42816758977094,5.674495536751393,0.0,-0.0008110606969069882
101.19990158081055,20.434343637320854,5.676211106887712,0.0,-0.001145507362282729
101.29990148544312,20.421102391990722,5.6725329802424,0.0,-0.0018299025150619777
101.39990139007568,20.424738811340042,5.673543097536415,0.0,-0.002645084295806243
101.49990129470825,20.421164329110344,5.672550185011613,0.0,-0.0016170538110638587
101.59990119934082,20.413180918450465,5.670332569165334,0.0,-0.004476003769767046
101.69990110397339,20.412942631884572,5.670266378399633,0.0,-0.0028437450619782727
101.79990100860596,20.412820267745268,5.670232388333745,0.0,-0.004202583696243497
101.89990091323853,20.41294509221123,5.670267061824252,0.0,-0.0029621581871698364
101.9999008178711,20.413191174792942,5.670335418151635,0.0,-0.0017094196312344792
102.09990072250366,20.424925887922825,5.673595063295427,0.0,0.0005537071941260159
102.19990062713623,20.420731631545806,5.672429991147531,0.0,0.0010289761869650856
102.2999005317688,20.41355134268959,5.670435464869629,0.0,-0.002033478925803741
102.39990043640137,20.427437646171963,5.6742927744783564,0.0,-0.001082042291203733
102.49990034103394,20.42317625198005,5.6731090529225146,0.0,0.0002526844303239715
102.5999002456665,20.41300136431532,5.670282692976782,0.0,-0.004318661333768946
102.69990015029907,20.425453249981686,5.673741552873413,0.0,-0.003607410147221348
102.79990005493164,20.4206913676625,5.672418806726554,0.0,-0.0007171634879909409
102.89989995956421,20.41333227127031,5.670374611648924,0.0,-0.0020281634507712124
102.99989986419678,20.42766477167803,5.674355864947181,0.0,0.0006775050209242089
103.09989976882935,20.42290761546763,5.673034431609367,0.0,-0.0007305532677227317
103.19989967346191,20.41313071203537,5.670318622927762,0.0,-0.0029462447897332686
103.29989957809448,20.413042369301497,5.670294083259832,0.0,-0.0011194495588740516
103.39989948272705,20.412826341613137,5.670234075520614,0.0,-0.0016545125857664194
103.49989938735962,20.398355377610685,5.666214360081941,0.0,-0.0031679154859956893
103.59989929199219,20.40281328203279,5.667452667856504,0.0,-0.0014399520276599776
103.69989919662476,20.412594932719056,5.6701697952208345,0.0,-4.829163545383309e-05
103.79989910125732,20.41272158005324,5.6702049750640295,0.0,-1.3706647929457468e-05
103.89989900588989,20.412917213218197,5.670259317653325,0.0,-3.87208915653026e-06
103.99989891052246,20.413241815325225,5.670349484977411,0.0,7.033419595694329e-06
104.09989881515503,20.4132611342509,5.670354851349947,0.0,-0.001620107517795245
104.1998987197876,20.424477321322872,5.673470461362426,0.0,0.0005202356035824763
104.29989862442017,20.421004297443574,5.672505731735281,0.0,0.0010351344200071292
104.39989852905273,20.42558526315579,5.673778223228889,0.0,-0.0002572758700910443
104.4998984336853,20.4212655256116,5.672578295173339,0.0,-0.00026537912767314294
104.59989833831787,20.41327495438423,5.670358690278944,0.0,3.7998687319156475e-05
104.69989824295044,20.413096057007195,5.670308996523345,0.0,-0.0017162798118061453
104.79989814758301,20.41316874111202,5.670329186568615,0.0,-0.0010448110753789924
104.89989805221558,20.401270945418457,5.667024240676448,0.0,-0.0016751870838209143
104.99989795684814,20.405401833345312,5.668171710462994,0.0,-0.003092080190930723
105.09989786148071,20.401781586495744,5.667166085533616,0.0,-0.002934175836123933
105.19989776611328,20.405378522583394,5.66816523524617,0.0,-0.0010766948676120258
105.29989767074585,20.41321598180584,5.670342308994064,0.0,2.4112890111743433e-05
105.39989757537842,20.413370659996264,5.670385275192443,0.0,7.559990801178769e-05
105.49989748001099,20.413464703234546,5.670411398335086,0.0,0.0020985211278782526
105.59989738464355,20.413462788251753,5.670410866394996,0.0,0.0014791006798262718
105.69989728927612,20.413395901143637,5.6703922866278775,0.0,0.00011124580961377212
105.79989719390869,20.41330024156225,5.670365714500679,0.0,8.036979497153298e-05
105.89989709854126,20.413525314818518,5.670428234899659,0.0,8.445870371329018e-05
105.99989700317383,20.383133025925293,5.661985925675476,0.0,-0.0041817836390269855
106.0998969078064,20.39493892233957,5.665265343969642,0.0,-0.002544756117020941
106.19989681243896,20.413391673212367,5.670391112201585,0.0,-0.0015396760487696518
106.29989671707153,20.41326157879314,5.670354974834002,0.0,-0.0010753794762016617
106.3998966217041,20.40143565916973,5.66706999453285,0.0,-0.0033541175467551145
106.49989652633667,20.405856213031146,5.668297927143366,0.0,-0.002140186056026642
106.59989643096924,20.40181532346401,5.6671754569211865,0.0,-0.0015916181967639224
106.6998963356018,20.40535509880245,5.668158728635147,0.0,-0.0010751349694276898
106.79989624023438,20.38458506880544,5.662389271242637,0.0,-0.003969961449039291
106.89989614486694,20.394890050566477,5.6652517684662556,0.0,-0.0008862369502777228
106.99989604949951,20.413352206193466,5.670380149132009,0.0,0.0011042203875738406
107.09989595413208,20.39912098791061,5.666427029779834,0.0,-0.0003695282293002887
107.19989585876465,20.403366544974624,5.667606352129962,0.0,-0.00027944182460071216
107.29989576339722,20.402144924171814,5.667267012746599,0.0,-0.0015376495901492817
107.39989566802979,20.405769685905653,5.668273891811501,0.0,-0.0010556926972577173
107.49989557266235,20.38396224598909,5.662216264766358,0.0,-0.004097570692112055
107.59989547729492,20.376611269528762,5.660174325227161,0.0,-0.005118275465085306
107.69989538192749,20.390005790844484,5.6638950285692,0.0,-0.003248632127476002
107.79989528656006,20.38810992789958,5.66336839955209,0.0,-0.003498660810877521
107.89989519119263,20.390392191567198,5.664002362189153,0.0,-0.0032129394193506867
107.9998950958252,20.387837362247062,5.663292686810265,0.0,0.000653381190507139
108.09989500045776,20.39015438332466,5.663936304291158,0.0,-0.0006645204729779805
108.19989490509033,20.38754792901868,5.663212288626951,0.0,-0.0035894152104500735
108.2998948097229,20.38951481982403,5.66375864762108,0.0,-0.0032981667518377686
108.39989471435547,20.40556276500275,5.668216413736934,0.0,0.0005732101486974544
108.49989461898804,20.40149837447598,5.66708741546519,0.0,-0.0006052564163058244
108.5998945236206,20.405566907918008,5.668217564547649,0.0,0.0005210543101473115
108.69989442825317,20.40166768849501,5.667134447174767,0.0,-0.0005121412186057179
108.79989433288574,20.376545065577197,5.660155935225903,0.0,-0.0011166690733055765
108.89989423751831,20.392822780805574,5.664677526406611,0.0,-0.0002871213036425253
108.99989414215088,20.398635373465645,5.66629213677054,0.0,-0.0020440081300523603
109.09989404678345,20.392078330876647,5.6644707345942535,0.0,-0.0009781485256254829
109.19989395141602,20.375382524700196,5.6598330069461715,0.0,-0.0038866762985184863
109.29989385604858,20.37554172357137,5.659877228890209,0.0,-0.003694895451922059
109.39989376068115,20.3727401956368,5.6590990260636,0.0,-0.0045874372488718855
109.49989366531372,20.3796333291466,5.661013786903685,0.0,-0.0006012395047232409
109.59989356994629,20.374156938580505,5.659492566085016,0.0,-0.00034087989616082896
109.69989347457886,20.37658881531915,5.660168087941723,0.0,-0.0018634720908838193
109.79989337921143,20.387045890402376,5.6630728333441915,0.0,-0.00014778324488644664
109.899893283844,20.392319587799573,5.6645377504597905,0.0,0.0002676943906118398
109.99989318847656,20.39100193905578,5.664171736627037,0.0,0.00043952532755018507
110.09989309310913,20.37429863894661,5.659531927329311,0.0,-0.0022021905810959475
110.1998929977417,20.36494667652192,5.656934157910906,0.0,-0.003139068351671416
110.29989290237427,20.37605365104875,5.66001943108102,0.0,-0.0018696100530291096
110.39989280700684,20.37309104189347,5.6591964834350845,0.0,-0.004509969451966644
110.4998927116394,20.36488734670245,5.656917677392314,0.0,-0.005084873885751636
110.59989261627197,20.379502527873452,5.660977453187632,0.0,-0.0036200591323657556
110.69989252090454,20.388890680067263,5.6635852753277245,0.0,-0.0017745876159000508
110.79989242553711,20.373477604468178,5.659303862013962,0.0,-0.0004260370122712926
110.89989233016968,20.379098195909457,5.660865138663338,0.0,-0.0019061956895263562
110.99989223480225,20.374790882760244,5.659668661831375,0.0,-0.003311740627904332
111.09989213943481,20.36463708415037,5.656848159961122,0.0,-0.0038112909512961744
111.19989204406738,20.376517987603435,5.660148413560507,0.0,0.00015770345756553755
111.29989194869995,20.372199377325327,5.658948798634675,0.0,-0.0004642155704771979
111.39989185333252,20.36483084102797,5.656901981359068,0.0,-0.0010985233998992594
111.49989175796509,20.364620583669115,5.65684357649044,0.0,-0.002085107195135818
111.59989166259766,20.379538077234123,5.66098732801794,0.0,0.0007473816792206978
111.69989156723022,20.374345066573138,5.659544823902554,0.0,-0.0003116323167803545
111.7998914718628,20.38017194084288,5.661163401383455,0.0,-0.0009547168908574261
111.89989137649536,20.374450916887216,5.659574226791098,0.0,-0.002481764201141009
111.99989128112793,20.364512411888704,5.656813528749621,0.0,-0.003679107447378574
112.0998911857605,20.364691119764988,5.656863169866079,0.0,-0.0013343800041801751
112.19989109039307,20.37634920703589,5.660101530032016,0.0,0.0015836875708768628
112.29989099502563,20.372688281111156,5.659084605350495,0.0,-0.0004674133110224874
112.3998908996582,20.364963150189645,5.65693873393338,0.0,-0.0011288758274320986
112.49989080429077,20.35175586968161,5.653270041968419,0.0,-0.0018238194512771634
112.59989070892334,20.369786411200696,5.658278529730508,0.0,-0.0013494630155105366
112.69989061355591,20.373834695463717,5.659403054036521,0.0,-0.0020911126398420513
112.79989051818848,20.364634585548632,5.656847465904528,0.0,-0.001228199226018913
112.89989042282104,20.364354190840583,5.656769578423316,0.0,-0.0020477820729281134
112.99989032745361,20.364367846289614,5.656773371606637,0.0,-0.0014476464929523358
113.09989023208618,20.364382223324252,5.656777365230565,0.0,-3.539739903605685e-05
113.19989013671875,20.364211652663514,5.656729984453566,0.0,-0.0017092161835060818
113.29989004135132,20.351859787074396,5.653298907933952,0.0,-0.00282494804444188
113.39988994598389,20.356798905852813,5.654670886469983,0.0,-0.0011155485084125248
113.49988985061646,20.364475570741188,5.656803295089346,0.0,-2.014071975458727e-05
113.59988975524902,20.364601289827597,5.65683821708573,0.0,-0.0020745574445571744
113.69988965988159,20.364708289946634,5.656867939364797,0.0,-0.001338443545317704
113.79988956451416,20.364738528206573,5.656876338888166,0.0,-0.002143533291876973
113.89988946914673,20.36470420816151,5.656866805534688,0.0,-0.0013537119192053963
113.9998893737793,20.364581692474832,5.656832773372274,0.0,9.622320503400035e-06
114.09988927841187,20.36470625461212,5.656867373993646,0.0,2.102065788168482e-06
114.19988918304443,20.364702878238905,5.656866436111447,0.0,-0.001617548502898619
114.299889087677,20.364707308623224,5.656867666774742,0.0,-0.0011084703449961441
114.39988899230957,20.364734890141282,5.6568753283136655,0.0,-3.17028400914989e-05
114.49988889694214,20.36464422049121,5.656850142279608,0.0,0.0017900518627210105
114.5998888015747,20.364602794313488,5.656838634998812,0.0,-0.0007199480524436514
114.69988870620728,20.352719817942198,5.653537805588348,0.0,-0.0029326270208576465
114.79988861083984,20.35624377626067,5.654516683682137,0.0,-0.0011653922226003664
114.89988851547241,20.364520194684868,5.656815690639173,0.0,2.3056129916670423e-05
114.99988842010498,20.348490522466733,5.652363000349765,0.0,-0.0022051877314670926
115.09988832473755,20.35392138244759,5.653871573773528,0.0,-0.0014528971141091393
115.19988822937012,20.353219797178138,5.653676688820549,0.0,-0.0015266492724347763
115.29988813400269,20.338479852224214,5.649582256391138,0.0,-0.001858327543646349
115.39988803863525,20.353058457456015,5.653631872195217,0.0,-0.0005195076328239987
115.49988794326782,20.34900679144283,5.652506408513407,0.0,-0.002148445336886619
115.59988784790039,20.355674035435303,5.654358422215148,0.0,-0.0012398986177504256
115.69988775253296,20.364737617911317,5.65687608602817,0.0,4.0733355712523065e-06
115.79988765716553,20.36470969405194,5.65686832939436,0.0,-4.004750722212853e-06
115.8998875617981,20.334247188436862,5.648406515509615,0.0,-0.00423014904672088
115.99988746643066,20.326121466561904,5.646149368738633,0.0,-0.005341707411069903
116.09988737106323,20.33673229798173,5.64909682426877,0.0,-0.0038852785677284418
116.1998872756958,20.35426437713844,5.653966850152762,0.0,-0.0014497943619743152
116.29988718032837,20.33505199009499,5.6486300717046065,0.0,-0.004118801463063
116.39988708496094,20.313841161612075,5.642738170190279,0.0,-0.007068585802821848
116.4998869895935,20.325762646535857,5.646049696429438,0.0,-0.0054002280751437245
116.59988689422607,20.35257715237189,5.653498176231559,0.0,-0.0016702309764829823
116.69988679885864,20.364468835446598,5.656801424172685,0.0,0.001631810848384647
116.79988670349121,20.364352157467604,5.656769013597036,0.0,0.0011261660314452805
116.89988660812378,20.334367292217216,5.648439877697514,0.0,-0.0041879104647321
116.99988651275635,20.326457587571667,5.646242735760483,0.0,-0.0030601352130134396
117.09988641738892,20.321586607192987,5.6448896845728544,0.0,-0.004490948883239328
117.19988632202148,20.313551738350863,5.642657774775627,0.0,-0.0055094622766938646
117.29988622665405,20.329127484611046,5.6469843744202874,0.0,-0.0012989422241932156
117.39988613128662,20.335857539991018,5.648853835743625,0.0,-0.0023890205041434535
117.49988603591919,20.35230674756071,5.65342306372392,0.0,0.00045832804235200854
117.59988594055176,20.348433092963074,5.652347047697098,0.0,-0.0010056882181244127
117.69988584518433,20.354756842697658,5.654103646250871,0.0,-0.0013862212106531845
117.7998857498169,20.364262112631497,5.6567440011225525,0.0,-6.216419518816005e-05
117.89988565444946,20.36447476822895,5.656803072169101,0.0,0.00419828233353699
117.99988555908203,20.364551577074717,5.656824407976662,0.0,0.005337524709274637
118.0998854637146,20.364487169023725,5.656806516837073,0.0,0.0038548499604230705
118.19988536834717,20.351958410428185,5.653326303331921,0.0,-0.0003202737158572189
118.29988527297974,20.35608471484134,5.654472499919199,0.0,0.0029212168931855905
118.3998851776123,20.352051970750413,5.653352292331109,0.0,0.005307066131627342
118.49988508224487,20.355630293175874,5.654346271577809,0.0,0.0041482915303042624
118.59988498687744,20.333140859601713,5.648099201698445,0.0,-0.002699489840991238
118.69988489151001,20.313685440936165,5.642694914412367,0.0,-0.0070532616066736175
118.79988479614258,20.33006975367864,5.647246116037346,0.0,-0.004761453320720819
118.89988470077515,20.323485916941586,5.6454172710362,0.0,-0.0015113047719498443
118.99988460540771,20.328843904949274,5.646905602229,0.0,0.0003314335503384352
119.09988451004028,20.354405921690574,5.654006168115365,0.0,0.004558246118337553
119.19988441467285,20.36445414898611,5.656797344597064,0.0,0.0070697916529973565
119.29988431930542,20.348592339296815,5.652391282825191,0.0,0.0027034567806692904
119.39988422393799,20.324107245860766,5.645589862540713,0.0,-0.0016319881578414387
119.49988412857056,20.313666412020943,5.642689628598354,0.0,-0.005366722680888536
119.59988403320312,20.34435182136081,5.651213360233964,0.0,-0.0005668442721517251
119.6998839378357,20.3520648103652,5.653355858893625,0.0,-0.0003738940351959777
119.79988384246826,20.32490816119936,5.645812339201637,0.0,-0.005465836173085406
119.89988374710083,20.325980893387964,5.646110320603523,0.0,-0.0053463808814953155
119.9998836517334,20.35192428161929,5.653316823099644,0.0,-0.0017537941110573288
120.09988355636597,20.33446168627808,5.648466098290953,0.0,-0.004170213250085273
120.19988346099854,20.325676413293433,5.6460257427318234,0.0,-0.0036502837812307704
120.2998833656311,20.321252971902968,5.644797008029263,0.0,-0.004837750558606233
120.39988327026367,20.325925006420512,5.646094796433477,0.0,-0.003628751409462756
120.49988317489624,20.321857759401087,5.644965004690916,0.0,-0.004690637916787134
120.59988307952881,20.314182347349448,5.642832944082035,0.0,-0.0026331313193545883
120.69988298416138,20.32875364940375,5.646880531224076,0.0,0.0020928104017139916
120.79988288879395,20.323492608973453,5.645419129935428,0.0,-0.0009134939221345842
120.89988279342651,20.313621426566172,5.642677132628699,0.0,-0.001370070510351438
120.99988269805908,20.31352125028296,5.6426493058611005,0.0,-0.002128150213512108
121.09988260269165,20.313465048416518,5.642633694219044,0.0,-0.0056862423709838125
121.19988250732422,20.325408829870543,5.64595141394378,0.0,-0.0054229704983896785
121.29988241195679,20.34023845959279,5.650070758828766,0.0,-0.0011602631047256315
121.39988231658936,20.32200905298015,5.645007030718721,0.0,-0.0002914161889122649
121.49988222122192,20.311561256337612,5.64210486266295,0.0,-0.0002923832465403488
121.59988212585449,20.313586387000996,5.642667399408363,0.0,-0.004272984487836114
121.69988203048706,20.313593144828538,5.642669276584182,0.0,-0.00534329625048594
121.79988193511963,20.313401706857285,5.6426160993274035,0.0,-0.0015981214612040642
121.8998818397522,20.313374601645158,5.642608570095789,0.0,-0.001750876923632989
121.99988174438477,20.298361865608648,5.638438362305039,0.0,-0.00743923749191205
122.09988164901733,20.318606286538117,5.644061817061986,-0.14763132819132352,-0.0022021427146105992
122.1998815536499,20.324014471912566,5.64556409197893,-0.25,-0.25
122.29988145828247,20.313520495862726,5.642649096299757,-0.25,-0.25
122.39988136291504,20.283380344859687,5.634276825434434,-0.25,-0.25
122.49988126754761,20.24938189515205,5.624832804071547,-0.25,-0.25
122.59988117218018,20.225486188471507,5.618195102461239,-0.25,-0.25
122.69988107681274,20.187871548694368,5.607746583053225,-0.25,-0.25
122.79988098144531,20.137865895037823,5.593856112591817,-0.25,-0.25
122.89988088607788,20.088976705705743,5.58027577135753,-0.25,-0.25
122.99988079071045,20.02825545355622,5.5634087433779404,-0.25,-0.25
123.09988069534302,19.972782069683937,5.547999457752665,-0.25,-0.25
123.19988059997559,19.923928926009797,5.534429129209149,-0.25,-0.25
123.29988050460815,19.857024277535015,5.515844489765122,-0.25,-0.25
123.39988040924072,19.814308726983523,5.5039790495640295,-0.25,-0.25
123.49988031387329,19.757944852514218,5.488322405241695,-0.25,-0.25
123.59988021850586,19.68522375772689,5.468122084973861,-0.25,-0.25
123.69988012313843,19.630344272891595,5.452877771435282,-0.25,-0.25
123.799880027771,19.58168882155688,5.439362357474428,-0.25,-0.25
123.89987993240356,19.504216332066502,5.417842204288769,-0.25,-0.25
123.99987983703613,19.435023309568752,5.398621904885389,-0.25,-0.25
124.0998797416687,19.3857129894356,5.384924582779442,-0.25,-0.25
124.19987964630127,19.321676130844637,5.367136552273762,-0.25,-0.25
124.29987955093384,19.278790815914263,5.355223955263033,-0.25,-0.25
124.3998794555664,19.223828762977806,5.339956706122449,-0.25,-0.25
124.49987936019897,19.14943175583045,5.319290854271071,-0.25,-0.1527711205941317
124.59987926483154,19.092551892852825,5.303490879692872,-0.25,-0.1573522614469935
124.69987916946411,19.04579233526498,5.290502103305236,-0.25,-0.1586223911480947
124.79987907409668,18.98009660705957,5.272253275315793,-0.25,-0.16080157199034123
124.89987897872925,18.90589393845543,5.251641406436273,-0.25,-0.1643173391658545
124.99987888336182,18.860291049326808,5.238973927099902,-0.25,-0.16221756284174244
125.09987878799438,18.806264166636456,5.223966447679942,-0.25,-0.16201665954748862
125.19987869262695,18.732231919910365,5.203401918248862,-0.25,-0.16551376332636872
125.29987859725952,18.674531339133807,5.187373966321911,-0.25,-0.16423541834870575
125.39987850189209,18.626943104366248,5.174155001644648,-0.25,-0.16491218123220258
125.49987840652466,18.565745242811644,5.157155582057733,-0.25,-0.16558356950477823
125.59987831115723,18.509439525189908,5.141515092428203,-0.25,-0.16330365201132777
125.6998782157898,18.4430991644799,5.123087199710898,-0.25,-0.16489544311874074
125.79987812042236,18.382752954655302,5.106324350238241,-0.25,-0.16651916242314188
125.89987802505493,18.334807140692487,5.093006057927278,-0.25,-0.1624182280748383
125.9998779296875,18.27521696863454,5.0764532191133656,-0.25,-0.16108449650815893
126.09987783432007,18.217826340073593,5.060511365092963,-0.25,-0.16220676353566404
126.19987773895264,18.150722672415522,5.041871442498239,-0.25,-0.16263270998639995
126.2998776435852,18.09151408227969,5.025424598747488,-0.25,-0.16489983551851023
126.39987754821777,18.042852639092075,5.011907520381719,-0.25,-0.16402474929655583
126.49987745285034,17.99210738508807,4.997811605214994,-0.25,-0.16073977782143628
126.59987735748291,17.931741374017488,4.98104325539183,-0.25,-0.16122396590567661
126.69987726211548,17.85920149614984,4.96089327319751,-0.25,-0.16480457222375072
126.79987716674805,17.798156391167993,4.943936286025863,-0.25,-0.16415865119885445
126.89987707138062,17.739283370302527,4.927582656035896,-0.25,-0.16202952972358967
126.99987697601318,17.694504896035824,4.91514418101104,-0.25,-0.16191502745863443
127.09987688064575,17.622362034729772,4.895104481283167,-0.25,-0.16443114001214248
127.19987678527832,17.571925504273334,4.881094322726039,-0.25,-0.1611539514497962
127.29987668991089,17.523341011233565,4.8675986194184375,-0.25,-0.15988782593265002
127.39987659454346,17.451487471887443,4.847639286965951,-0.25,-0.16325801303432258
127.49987649917603,17.390148329543322,4.830600622683885,-0.25,-0.1632776354006112
127.5998764038086,17.340863937769765,4.81691050290581,-0.25,-0.16230244954487388
127.69987630844116,17.273673330164456,4.798246430306423,-0.25,-0.1624205395985347
127.79987621307373,17.199156888626455,4.77754740220888,-0.25,-0.16438863078789567
127.8998761177063,17.154695827053008,4.765197097447131,-0.25,-0.16390463655171575
127.99987602233887,17.103409254766277,4.750950815970468,-0.25,-0.16275135678323788
128.09987592697144,17.04641554073257,4.735119216073612,-0.25,-0.16269622966889088
128.199875831604,16.979395044275453,4.716502396608747,-0.25,-0.1626846780929454
128.29987573623657,16.90672362034481,4.696315873812141,-0.25,-0.16455451939909232
128.39987564086914,16.849096262948805,4.680308261729394,-0.25,-0.1657997874451615
128.4998755455017,16.80128381359429,4.667027015172595,-0.25,-0.165392452751734
128.59987545013428,16.753704704349268,4.653810585364731,-0.25,-0.16361649105039483
128.69987535476685,16.704791964382125,4.640223702282138,-0.25,-0.16033493836499896
128.7998752593994,16.637016930614898,4.621397288952346,-0.25,-0.16126965233548435
128.89987516403198,16.576643416153704,4.604626854852344,-0.25,-0.16147805458924924
128.99987506866455,16.51783895609475,4.588292269546088,-0.25,-0.16342611158776124
129.09987497329712,16.460590539358506,4.572389918841927,-0.25,-0.1613574351030615
129.1998748779297,16.393914365747378,4.553868744688575,-0.25,-0.1636129450521953
129.29987478256226,16.333456856391425,4.537074978654697,-0.25,-0.16526197798797398
129.39987468719482,16.284448180681572,4.523461446733366,-0.25,-0.16208907469647976
129.4998745918274,16.225618614088113,4.507119887384168,-0.25,-0.1617405218976402
129.59987449645996,16.16965481522873,4.491574375264606,-0.25,-0.16266821895310468
129.69987440109253,16.102752382562194,4.472990351323362,-0.25,-0.162628194585863
129.7998743057251,16.05826639961342,4.460633123951816,-0.25,-0.15845729024517963
129.89987421035767,15.990705223646245,4.441866115614007,-0.25,-0.16166564509293535
129.99987411499023,15.93468882348406,4.426305992009755,-0.25,-0.16232256678321905
130.0998740196228,15.882301187170315,4.411753859169796,-0.25,-0.1616828326446732
130.19987392425537,15.809352422715275,4.391490297277004,-0.25,-0.1625062046438651
130.29987382888794,15.746733527406999,4.374096145776062,-0.25,-0.16111001766452546
130.3998737335205,15.684384330252293,4.356776910488822,-0.25,-0.1617658298922031
130.49987363815308,15.638912902828682,4.3441459483219464,-0.25,-0.16144068738716136
130.59987354278564,15.599290425209778,4.333139695733922,-0.25,-0.16033559772334594
130.6998734474182,15.54038592805765,4.316777322323999,-0.25,-0.16172334421046936
130.79987335205078,15.453298334402138,4.2925863047335575,-0.25,-0.1644056488988388
130.89987325668335,15.38480581937467,4.273560590894258,-0.25,-0.16553328984389018
130.99987316131592,15.336205918893778,4.260060607738477,-0.25,-0.16411598741700759
131.0998730659485,15.287945261871302,4.246654858952087,-0.25,-0.16286768526764864
131.19987297058105,15.239402613614084,4.233170779204493,-0.25,-0.16034913566289336
131.29987287521362,15.173875892748846,4.214968897735989,-0.25,-0.1610531940516487
131.3998727798462,15.113715867423997,4.198257766221303,-0.25,-0.16260199532537817
131.49987268447876,15.052029296345983,4.181122593880395,-0.25,-0.16299880219965796
131.59987258911133,14.994743509169533,4.165209862490095,-0.25,-0.1631824120101306
131.6998724937439,14.94671640158374,4.151868988599129,-0.25,-0.16056083448486042
131.79987239837646,14.887411979259424,4.135395524774725,-0.25,-0.1626189546740662
131.89987230300903,14.838539930724085,4.121819944876675,-0.25,-0.1600232379787182
131.9998722076416,14.779923180961505,4.105537501361125,-0.25,-0.16038439827879652
132.09987211227417,14.709710858494365,4.086034062850848,-0.25,-0.1628600534749241
132.19987201690674,14.655169446426887,4.070883658489568,-0.25,-0.16030347227102232
132.2998719215393,14.589723164305267,4.052704121134389,-0.25,-0.16069616557264238
132.39987182617188,14.545854255356659,4.040518303344462,-0.25,-0.1581294543761793
132.49987173080444,14.489467505757652,4.024855304814349,-0.25,-0.1596454740035868
132.599871635437,14.42927440261922,4.008134985010762,-0.25,-0.1625025103360505
132.69987154006958,14.370143495163285,3.9917097197994673,-0.25,-0.16253395626672532
132.79987144470215,14.325627074756577,3.9793440375717326,-0.25,-0.1566212829466074
132.89987134933472,14.26979821974225,3.9638360098835634,-0.25,-0.15486243819367704
132.99987125396729,14.19535220462304,3.9431565446957793,-0.25,-0.15845218263312563
133.09987115859985,14.12405135183747,3.9233507364107094,-0.25,-0.1616522154342547
133.19987106323242,14.065362092247804,3.907048151260411,-0.25,-0.1630614694795766
133.299870967865,13.998728872979898,3.8885389088786106,-0.25,-0.16321515008278603
133.39987087249756,13.939341676206846,3.8720424521333854,-0.25,-0.16310781259569057
133.49987077713013,13.889415285237781,3.858173999102781,-0.25,-0.16147445138284408
133.5998706817627,13.828812299758726,3.8413398230023796,-0.25,-0.16193517417727438
133.69987058639526,13.772535679523392,3.825707415986649,-0.25,-0.16308094183234573
133.79987049102783,13.7246354327006,3.8124017812247075,-0.25,-0.1614970257905744
133.8998703956604,13.675782885399121,3.7988316183403974,-0.25,-0.16149431728112146
133.99987030029297,13.608445042146366,3.7801266469173336,-0.25,-0.1627055823900308
134.09987020492554,13.548668228984825,3.763521963310947,-0.25,-0.16125620355585016
134.1998701095581,13.486875508779,3.7463573050776136,-0.25,-0.16226333145234895
134.29987001419067,13.414255882019935,3.726185170395734,-0.25,-0.16325963106584454
134.39986991882324,13.382307801469025,3.717310696476463,-0.25,-0.16160395755154322
134.4998698234558,13.324037456272658,3.7011244765285065,-0.25,-0.16186556850995681
134.59986972808838,13.255187045057175,3.6819993470018924,-0.25,-0.1630679745181739
134.69986963272095,13.195598259790184,3.665446893407998,-0.25,-0.16313156877012197
134.79986953735352,13.138326418238261,3.649538035805388,-0.25,-0.16490315814707882
134.89986944198608,13.09011881233811,3.6361470234536557,-0.25,-0.16384464946938793
134.99986934661865,13.02367437979985,3.617690221872043,-0.25,-0.16273331660645257
135.09986925125122,12.962781930802919,3.6007756391745733,-0.25,-0.16128770243400742
135.1998691558838,12.900856278663131,3.5835740553744877,-0.25,-0.16173720218757737
135.29986906051636,12.844246957827007,3.567849231451271,-0.25,-0.1603449916305702
135.39986896514893,12.797076534597123,3.55474632562732,-0.25,-0.15864821455176026
135.4998688697815,12.729882569617885,3.536081320423317,-0.25,-0.16104649292563594
135.59986877441406,12.656483680563015,3.5156927238194338,-0.25,-0.1628237048722584
135.69986867904663,12.626897934441224,3.507474454433215,-0.25,-0.15911663252216293
135.7998685836792,12.565383662808046,3.4903871430874935,-0.25,-0.1610074726172984
135.89986848831177,12.49626060717053,3.4711862789386156,-0.25,-0.16382282593451242
135.99986839294434,12.445767821853456,3.45716049401881,-0.25,-0.1614832304516713
136.0998682975769,12.380410763383871,3.439005741031245,-0.25,-0.16225826588139172
136.19986820220947,12.318678041513559,3.4218577490155537,-0.25,-0.16224993276462368
136.29986810684204,12.258195158283085,3.405056934677559,-0.25,-0.16056427098510895
136.3998680114746,12.201260997278043,3.3892418773019006,-0.25,-0.1640345660228339
136.49986791610718,12.153753939831905,3.3760454618986273,-0.25,-0.162539662324841
136.59986782073975,12.07786426079246,3.354964978634408,-0.25,-0.16351734012602975
136.69986772537231,12.019826065975609,3.338843244954573,-0.25,-0.1633019799636167
136.79986763000488,11.978577007044533,3.3273851638628167,-0.25,-0.16107658958589222
136.89986753463745,11.91651935317749,3.310146912886937,-0.25,-0.16300021073247378
136.99986743927002,11.862184076741153,3.295053768469004,-0.25,-0.16131838054671568
137.0998673439026,11.813478671587639,3.2815244784362716,-0.25,-0.15962573260011226
137.19986724853516,11.763363622275868,3.2676036202685466,-0.25,-0.1579853682195586
137.29986715316772,11.6978045634841,3.2493927560354865,-0.25,-0.15922838955991772
137.3998670578003,11.625744770477903,3.229376130853811,-0.25,-0.1626852525355014
137.49986696243286,11.57037789094269,3.213996429790279,-0.25,-0.1610425988987093
137.59986686706543,11.522126540953051,3.200593266292857,-0.25,-0.15754987901456147
137.699866771698,11.45625904853104,3.1822967259828556,-0.25,-0.16258901928215144
137.79986667633057,11.394968906646874,3.1652716729505554,-0.25,-0.16255789009575378
137.89986658096313,11.344994179019821,3.151389793059768,-0.25,-0.15989839543041678
137.9998664855957,11.296020787631921,3.13778606234682,-0.25,-0.15968736812573664
138.09986639022827,11.2484837027171,3.124581305973351,-0.25,-0.15721236745834405
138.19986629486084,11.188559219176831,3.107935602784502,-0.25,-0.15696122280541264
138.2998661994934,11.113940759946757,3.087208236416491,-0.25,-0.15892450069274866
138.39986610412598,11.052127984765582,3.0700380073522138,-0.25,-0.15960208718325483
138.49986600875854,10.990328172806679,3.052871379185894,-0.25,-0.16158719545792485
138.5998659133911,10.93473402470745,3.037428547915186,-0.25,-0.1587683667729247
138.69986581802368,10.885562718162047,3.0237698407256173,-0.25,-0.15753685235332776
138.79986572265625,10.819045650666908,3.0052928627509528,-0.25,-0.16104630414165597
138.89986562728882,10.745400760304523,2.98483593239587,-0.25,-0.16265564536604488
138.9998655319214,10.688997232613378,2.969168273280879,-0.25,-0.16294290298852418
139.09986543655396,10.641478651975776,2.9559686569885275,-0.25,-0.1627780659611328
139.19986534118652,10.575259609089645,2.9375744636937036,-0.25,-0.16501473565773672
139.2998652458191,10.53106757703709,2.925298889414209,-0.25,-0.16204708785078442
139.39986515045166,10.465026923450864,2.9069542487423345,-0.25,-0.16121109479861892
139.49986505508423,10.42450422010184,2.895697933251449,-0.25,-0.15914940004611028
139.5998649597168,10.346179170140243,2.8739409575232164,-0.25,-0.16332631014492752
139.69986486434937,10.288762171694176,2.857991778528865,-0.25,-0.16215262836779226
139.79986476898193,10.252290617475177,2.84786078314102,-0.25,-0.15870559625821884
139.8998646736145,10.18364123248871,2.8287914942782493,-0.25,-0.16129930321776215
139.99986457824707,10.140338941274601,2.8167630704293765,-0.25,-0.16051164903455892
140.09986448287964,10.073553044548975,2.798211417608725,-0.25,-0.16318509980775153
140.1998643875122,10.020564940955005,2.7834924881685996,-0.25,-0.16222171201463162
140.29986429214478,9.979124639520471,2.7719812841167175,-0.25,-0.15761362646195415
140.39986419677734,9.918886195365939,2.75524836957636,-0.25,-0.15739496899146632
140.4998641014099,9.862031040598945,2.739455258395494,-0.25,-0.1567082098437949
140.59986400604248,9.800317213810814,2.7223125150179404,-0.25,-0.1575581667077997
140.69986391067505,9.72779406554901,2.702167179940073,-0.25,-0.1608014837450173
140.79986381530762,9.667130762545233,2.68531624895829,-0.25,-0.15998845947321616
140.89986371994019,9.616897349711682,2.6713625120082116,-0.25,-0.15673685966974676
140.99986362457275,9.551162921745076,2.653102934076504,-0.25,-0.1580328203140293
141.09986352920532,9.4954962164421,2.6376399480108543,-0.25,-0.1591645062799383
141.1998634338379,9.428944744286607,2.6191534131784455,-0.25,-0.15921067709276265
141.29986333847046,9.352642286214783,2.5979582689801703,-0.25,-0.16367046630533943
141.39986324310303,9.293288354173042,2.5814710524454796,-0.25,-0.16274175335105784
141.4998631477356,9.261830329169296,2.572732705175989,-0.25,-0.16148276803969855
141.59986305236816,9.224704413167084,2.5624199424807266,-0.25,-0.1557606560661821
141.69986295700073,9.146171211863757,2.540605146889091,-0.25,-0.15869346716177093
141.7998628616333,9.08007001258253,2.52224368795515,-0.25,-0.16280870285941323
141.89986276626587,9.043238833907699,2.512012796805213,-0.25,-0.15838949978851616
141.99986267089844,8.989773677781972,2.4971613526669207,-0.25,-0.15980101127934807
142.099862575531,8.932979596130076,2.4813852062538206,-0.25,-0.1584132567521066
142.19986248016357,8.866618419285986,2.462951531272423,-0.25,-0.16027063129407315
142.29986238479614,8.80719170453944,2.446444097303557,-0.25,-0.16276874863495544
142.3998622894287,8.74766114323098,2.4299078170444153,-0.25,-0.16267043140058485
142.49986219406128,8.673020142818684,2.4091741892318885,-0.25,-0.16514069207223928
142.59986209869385,8.609843482433927,2.391625102863532,-0.25,-0.16534386376140056
142.69986200332642,8.57855849617369,2.3829348219501356,-0.25,-0.1596163312169642
142.79986190795898,8.542398991877072,2.3728905071656294,-0.25,-0.1562130198726751
142.89986181259155,8.477934209757748,2.3549836089180882,-0.25,-0.15818960240642263
142.99986171722412,8.406124125204466,2.3350363472510463,-0.25,-0.159033445078841
143.0998616218567,8.349387500298914,2.3192761610580317,-0.25,-0.15918204528423954
143.19986152648926,8.30032466493655,2.3056475847767453,-0.25,-0.156753063692221
143.29986143112183,8.230795035326134,2.286333783322823,-0.25,-0.15581239142294953
143.3998613357544,8.173290972005795,2.270360419621826,-0.25,-0.15555546476107834
143.49986124038696,8.113662750398827,2.2537970114802857,-0.25,-0.15946799892838653
143.59986114501953,8.055751860154913,2.237710640210112,-0.25,-0.16235480596891594
143.6998610496521,8.017813234768468,2.227172124727516,-0.25,-0.15671666053744168
143.79986095428467,7.945678639651416,2.207134721165091,-0.25,-0.1575546336508371
143.89986085891724,7.896978292586013,2.193606836157958,-0.25,-0.15920313215156573
143.9998607635498,7.842783062459694,2.178552593523929,-0.25,-0.15930453149613608
144.09986066818237,7.7802251872326815,2.16117539205912,-0.25,-0.16010505978543382
144.19986057281494,7.718634894456272,2.1440669637122745,-0.25,-0.1594424358362302
144.2998604774475,7.66135585488962,2.128156106659529,-0.25,-0.15914414709369962
144.39986038208008,7.612025374435225,2.114453184459868,-0.25,-0.15772746671290766
144.49986028671265,7.564546808007595,2.101264683234734,-0.25,-0.15395489982141103
144.59986019134521,7.516344055154165,2.0878750189526136,-0.25,-0.151875186794924
144.69986009597778,7.449099821330255,2.0691960501694755,-0.25,-0.1568695354927771
144.79986000061035,7.405628220490061,2.057120595831288,-0.25,-0.1578851062381414
144.89985990524292,7.33750444198191,2.0381973088848513,-0.25,-0.15839330107224156
144.9998598098755,7.271791290599241,2.019943641120076,-0.25,-0.15754650331353887
145.09985971450806,7.2345978339739085,2.0096121171256045,-0.25,-0.1548321696256771
145.19985961914062,7.181260540330505,1.9947961903719271,-0.25,-0.15542584542804597
145.2998595237732,7.1251083166719456,1.9791983379884999,-0.25,-0.15356786912089418
145.39985942840576,7.074616926987979,1.9651729407448668,-0.25,-0.15259388496334847
145.49985933303833,7.026607803048667,1.9518370623152528,-0.25,-0.15098011856837784
145.5998592376709,6.963185855344902,1.9342198405259963,-0.25,-0.1517455445578863
145.69985914230347,6.902891860643591,1.9174714952658558,-0.25,-0.1548504624077389
145.79985904693604,6.8525561051680945,1.903489329781383,-0.25,-0.15182284048139766
145.8998589515686,6.803525827376774,1.8898697972770657,-0.25,-0.1518686642736907
145.99985885620117,6.75404359721424,1.8761247223469772,-0.25,-0.15121407979746004
146.09985876083374,6.706130433656643,1.862815499600275,-0.25,-0.25
146.1998586654663,6.656377119878524,1.8489951236056168,-0.25,-0.25
146.29985857009888,6.607779346231195,1.835495731237409,-0.25,-0.25
146.39985847473145,6.547623480256787,1.8187857550987698,-0.25,-0.25
146.499858379364,6.502334820535287,1.8062055617786512,-0.25,-0.25
146.59985828399658,6.449964366816733,1.7916582018856186,-0.25,-0.25
146.69985818862915,6.405632170676069,1.7793436931060571,-0.25,-0.25
146.79985809326172,6.363641644377858,1.7676796486919928,-0.25,-0.25
146.8998579978943,6.30087606129944,1.750244750555636,-0.25,-0.25
146.99985790252686,6.243395049495243,1.7342777900586899,-0.25,-0.25
147.09985780715942,6.208789915578074,1.7246652451694464,-0.25,-0.25
147.199857711792,6.1582047894640946,1.7106138100077575,-0.25,-0.25
147.29985761642456,6.101400198539657,1.694834744349949,-0.25,-0.25
147.39985752105713,6.05270502306814,1.6813082958978218,-0.25,-0.25
147.4998574256897,6.003899581392908,1.6677512179201592,-0.25,-0.25
147.59985733032227,5.9665968086081795,1.657389328301563,-0.25,-0.25
147.69985723495483,5.926562808982896,1.646268763953651,-0.25,-0.25
147.7998571395874,5.866172904038725,1.6294937769380693,-0.25,-0.25
147.89985704421997,5.820619709306668,1.616840101611788,-0.25,-0.25
147.99985694885254,5.7673728604272805,1.6020492984237693,-0.25,-0.25
148.0998568534851,5.723446319373311,1.5898474717028797,-0.25,-0.25
148.19985675811768,5.682290657981659,1.5784153343928295,-0.25,-0.25
148.29985666275024,5.6228100284857305,1.5618929240927093,-0.25,-0.25
148.3998565673828,5.576947936556563,1.549153443920809,-0.25,-0.25
148.49985647201538,5.535337216429707,1.5375949013054113,-0.25,-0.25
148.59985637664795,5.485105885834863,1.5236417427554367,-0.25,-0.25
148.69985628128052,5.438361163765124,1.5106570873483487,-0.25,-0.25
148.7998561859131,5.391657260355735,1.4976837704670953,-0.25,-0.25
148.89985609054565,5.331600821550558,1.481001413008671,-0.25,-0.25
148.99985599517822,5.274020269525725,1.465006802428317,-0.25,-0.25
149.0998558998108,5.237014574681253,1.4547274345258092,-0.25,-0.25
149.19985580444336,5.194103761389778,1.4428077546313298,-0.25,-0.25
149.29985570907593,5.164594215004791,1.434610651855601,-0.25,-0.25
149.3998556137085,5.139944663980494,1.427763548871174,-0.25,-0.25
149.49985551834106,5.086423922521743,1.412896664350245,-0.25,-0.25
149.59985542297363,5.029370723095692,1.3970485407200752,-0.25,-0.25
149.6998553276062,4.980216898500368,1.3833946896316354,-0.25,-0.25
149.79985523223877,4.932285485768079,1.3700803976656857,-0.25,-0.25
149.89985513687134,4.894660997829073,1.3596291426549643,-0.25,-0.25
149.9998550415039,4.854408830338805,1.3484479760738528,-0.25,-0.25
150.09985494613647,4.804981763406405,1.3347182242755047,-0.25,-0.25
150.19985485076904,4.77258362346389,1.3257187337585525,-0.25,-0.25
150.2998547554016,4.735803772532814,1.3155021003266203,-0.25,-0.25
150.39985466003418,4.698178216731353,1.305050548687202,-0.25,-0.25
150.49985456466675,4.656282095856288,1.293412728022768,-0.25,-0.25
150.59985446929932,4.607357293037404,1.279822494145344,-0.25,-0.25
150.69985437393188,4.559083179575765,1.266413007456197,-0.25,-0.25
150.79985427856445,4.508891886202393,1.2524709703655283,-0.25,-0.25
150.89985418319702,4.461548619343653,1.2393200523840415,-0.25,-0.25
150.9998540878296,4.413411162222171,1.2259485258197502,-0.25,-0.25
151.09985399246216,4.381774418204739,1.2171605343400762,-0.25,-0.25
151.19985389709473,4.325650484797243,1.2015705403660086,-0.25,-0.25
151.2998538017273,4.282505249948003,1.1895857433200565,-0.25,-0.25
151.39985370635986,4.229061831002265,1.1747403372921472,-0.25,-0.25
151.49985361099243,4.170235887788099,1.1583997844380027,-0.25,-0.25
151.599853515625,4.119952173903497,1.1444320749625658,-0.25,-0.25
151.69985342025757,4.058703253206493,1.1274184722691931,-0.25,-0.25
151.79985332489014,4.001386612878171,1.1114971705520729,-0.25,-0.25
151.8998532295227,3.952872344878591,1.0980209742156855,-0.25,-0.25
151.99985313415527,3.904445482980476,1.0845690573713507,-0.25,-0.25
152.09985303878784,3.8560077585067285,1.071114123142482,-0.25,-0.25
152.1998529434204,3.819420280614119,1.060950926708429,-0.25,-0.25
152.29985284805298,3.7662152344181683,1.04617173538621,-0.25,-0.25
152.39985275268555,3.720591259299427,1.0334983988256763,-0.25,-0.25
152.49985265731812,3.6980607901010805,1.027239930152698,-0.25,-0.25
152.59985256195068,3.6736659202969486,1.0204635720082458,-0.25,-0.25
152.69985246658325,3.6321840611931364,1.0089408241501072,-0.25,-0.25
152.79985237121582,3.583408381596895,0.9953920134232224,-0.25,-0.25
152.8998522758484,3.5326489806864325,0.981292168557116,-0.25,-0.25
152.99985218048096,3.513328119972328,0.9759252585096735,-0.25,-0.25
153.09985208511353,3.485803404090107,0.9682794979813418,-0.25,-0.25
153.1998519897461,3.454679739074533,0.9596340285606457,-0.25,-0.25
153.29985189437866,3.4288839400320867,0.952468523094233,-0.25,-0.25
153.39985179901123,3.387359453617498,0.9409339343069614,-0.25,-0.25
153.4998517036438,3.3690305296589798,0.9358425624676122,-0.25,-0.25
153.59985160827637,3.33885216216285,0.9274596759012722,-0.25,-0.25
153.69985151290894,3.317713720198045,0.9215878817691726,-0.25,-0.25
153.7998514175415,3.303855476540714,0.9177383665625265,-0.25,-0.25
153.89985132217407,3.280048206252865,0.9111252306365084,-0.25,-0.25
153.99985122680664,3.258567713277176,0.9051584222587076,-0.25,-0.25
154.0998511314392,3.2323552007065808,0.8978771629418727,-0.25,-0.25
154.19985103607178,3.220316785262151,0.8945331559765498,-0.25,-0.25
154.29985094070435,3.208962608657514,0.891379215507667,-0.25,-0.25
154.3998508453369,3.1831623061938488,0.884212459089915,-0.25,-0.25
154.49985074996948,3.1716601529337836,0.8810174139616406,-0.25,-0.25
154.59985065460205,3.141136420531019,0.8725385926222654,-0.25,-0.25
154.69985055923462,3.105599986510502,0.8626673530529143,-0.25,-0.25
154.7998504638672,3.0985026669114224,0.8606958738093212,-0.25,-0.25
154.89985036849976,3.083950723613439,0.856653664103894,-0.25,-0.25
154.99985027313232,3.0726782611097248,0.8535224220145372,-0.25,-0.25
155.0998501777649,3.072901836075478,0.8535845262213743,-0.25,-0.25
155.19985008239746,3.0439628242188053,0.8455459053858514,-0.25,-0.25
155.29984998703003,3.023608819103486,0.8398920105529282,-0.25,-0.25
155.3998498916626,3.0099757784734757,0.8361050517928053,-0.25,-0.25
155.49984979629517,3.003255093903253,0.8342381934742579,-0.25,-0.25
155.59984970092773,2.9870748654320565,0.8297436819699858,-0.25,-0.25
155.6998496055603,2.9764629048862665,0.8267959127934974,-0.25,-0.25
155.79984951019287,2.9641537119293213,0.823376689792303,-0.25,-0.25
155.89984941482544,2.952940200108351,0.8202618229056976,-0.25,-0.25
155.999849319458,2.9661742826507274,0.8239379598861538,-0.25,-0.25
156.09984922409058,2.9443242014187168,0.8178684880216883,-0.25,-0.25
156.19984912872314,2.9380602925662282,0.8161285119484618,-0.25,-0.25
156.2998490333557,2.9348493266114333,0.8152365762474708,-0.25,-0.25
156.39984893798828,2.9258125118086893,0.8127263479051942,-0.25,-0.25
156.49984884262085,2.925991264885886,0.8127760015774717,-0.25,-0.25
156.59984874725342,2.926283179315356,0.8128570889838611,-0.25,-0.25
156.699848651886,2.914935253210947,0.8097048847664305,-0.25,-0.25
156.79984855651855,2.8912389992677605,0.8031225867386,-0.25,-0.25
156.89984846115112,2.8796130841891077,0.799893163299882,-0.25,-0.25
156.9998483657837,2.863846428973816,0.7955135333474888,-0.25,-0.25
157.09984827041626,2.869232996349828,0.7970098032600627,-0.25,-0.25
157.19984817504883,2.8793487270426152,0.7998197307004437,-0.25,-0.25
157.2998480796814,2.8793676546486746,0.7998249883729996,-0.25,-0.25
157.39984798431396,2.8504930319803425,0.7918042534374357,-0.25,-0.25
157.49984788894653,2.8592821843255436,0.7942456865975809,-0.25,-0.25
157.5998477935791,2.848825912296931,0.791341164266017,-0.25,-0.25
157.69984769821167,2.829935909038071,0.7860939369407773,-0.25,-0.25
157.79984760284424,2.8301299275586613,0.7861478310173899,-0.25,-0.25
157.8998475074768,2.829936476115417,0.7860940944623883,-0.25,-0.25
157.99984741210938,2.829653106875022,0.78601538072153,-0.25,-0.25
158.09984731674194,2.829593570437102,0.7859988428088774,-0.25,-0.25
158.1998472213745,2.8174927933594036,0.7826375131537885,-0.25,-0.25
158.29984712600708,2.821335584564495,0.7837049560091564,-0.25,-0.25
158.39984703063965,2.818462122107209,0.7829067713546963,-0.25,-0.25
158.49984693527222,2.82160534496479,0.7837798895136295,-0.25,-0.25
158.59984683990479,2.8004566549304655,0.7779052486932749,-0.25,-0.25
158.69984674453735,2.7962704057732846,0.7767424007748915,-0.25,-0.25
158.79984664916992,2.790326293106355,0.7750912570464972,-0.25,-0.25
158.8998465538025,2.781548957890068,0.7726531064247874,-0.25,-0.25
158.99984645843506,2.7819081194411104,0.7727528736021129,-0.25,-0.25
159.09984636306763,2.7818919051470377,0.7727483696279339,-0.25,-0.25
159.1998462677002,2.7818694423855166,0.7727421299669641,-0.25,-0.25
159.29984617233276,2.7817734636625397,0.772715469189253,-0.25,-0.25
159.39984607696533,2.7814507392672154,0.7726258234521687,-0.25,-0.25
159.4998459815979,2.781541554997167,0.7726510500640031,-0.25,-0.25
159.59984588623047,2.7819151973516907,0.772754839689958,-0.25,-0.25
159.69984579086304,2.765871670069805,0.7682983007686504,-0.25,-0.25
159.7998456954956,2.771820928567453,0.76995087389561,-0.25,-0.25
159.89984560012817,2.7664679636411726,0.7684639380043177,-0.25,-0.25
159.99984550476074,2.7591101223883503,0.7664200915767913,-0.25,-0.25
160.0998454093933,2.7432715185480876,0.7620204758792507,-0.25,-0.25
160.19984531402588,2.7309487591554604,0.7585974844206855,-0.25,-0.25
160.29984521865845,2.730882885362569,0.7585791861302437,-0.25,-0.25
160.39984512329102,2.7307194828261174,0.7585337965004734,-0.25,-0.25
160.49984502792358,2.731048226297828,0.7586251142045581,-0.25,-0.25
160.59984493255615,2.7307537969718676,0.7585433282152515,-0.25,-0.25
160.69984483718872,2.7306495523025585,0.7585143713395002,-0.25,-0.25
160.7998447418213,2.7307432974302097,0.7585404116735689,-0.25,-0.25
160.89984464645386,2.7194480988575016,0.7554028540044392,-0.25,-0.25
160.99984455108643,2.6957117426995367,0.748809416463592,-0.25,-0.25
161.099844455719,2.684868655517617,0.7457974453923727,-0.25,-0.25
161.19984436035156,2.6845006409072663,0.7456952190299386,-0.25,-0.25
161.29984426498413,2.6842021949713644,0.7456123173147557,-0.25,-0.25
161.3998441696167,2.6843490901339453,0.7456531215592271,-0.25,-0.25
161.49984407424927,2.6846038403402637,0.7457238855620378,-0.25,-0.25
161.59984397888184,2.68442266049868,0.7456735577880024,-0.25,-0.25
161.6998438835144,2.6843787201249047,0.7456613521188559,-0.25,-0.25
161.79984378814697,2.684712240899632,0.745753996852618,-0.25,-0.25
161.89984369277954,2.6844352468069976,0.7456770539875542,-0.25,-0.25
161.9998435974121,2.684251902138014,0.7456261248720932,-0.25,-0.25
162.09984350204468,2.6694139026127712,0.7415044550399704,-0.25,-0.25
162.19984340667725,2.674634938747883,0.7429547440155095,-0.25,-0.25
162.29984331130981,2.684475485829376,0.7456882315027125,-0.25,-0.25
162.39984321594238,2.684646771696799,0.7457358109483936,-0.25,-0.25
162.49984312057495,2.684434915118698,0.7456769618518418,-0.25,-0.25
162.59984302520752,2.672218932932071,0.7422836307520049,-0.25,-0.25
162.6998429298401,2.6613559173002703,0.7392661239958346,-0.25,-0.25
162.79984283447266,2.645061724531535,0.7347399557169207,-0.25,-0.25
162.89984273910522,2.665001320686819,0.7402787368577433,-0.25,-0.25
162.9998426437378,2.654002226134866,0.7372234303712909,-0.25,-0.25
163.09984254837036,2.6354255602067664,0.7320632412631153,-0.25,-0.25
163.19984245300293,2.6350827319575325,0.7319680111176995,-0.25,-0.25
163.2998423576355,2.621310378142029,0.7281423542195367,-0.25,-0.25
163.39984226226807,2.6142697557279244,0.7261866242065914,-0.25,-0.25
163.49984216690063,2.6275298880530746,0.729869997243607,-0.25,-0.25
163.5998420715332,2.635052067038872,0.7319594930779239,-0.25,-0.25
163.69984197616577,2.6352432721877435,0.7320126056617671,-0.25,-0.25
163.79984188079834,2.606267243396667,0.7239637023362395,-0.25,-0.25
163.8998417854309,2.58703249037502,0.7186207111113924,-0.25,-0.25
163.99984169006348,2.5871333785044452,0.7186487356142078,-0.25,-0.25
164.09984159469604,2.59959341908285,0.7221098607659959,-0.25,-0.25
164.1998414993286,2.5954064391926908,0.7209468098660673,-0.25,-0.25
164.29984140396118,2.587453969446246,0.7187377887248394,-0.25,-0.25
164.39984130859375,2.5875316109334263,0.7187593558218653,-0.25,-0.25
164.49984121322632,2.587030865399128,0.718620259728839,-0.25,-0.25
164.5998411178589,2.5870614254237334,0.7186287486313538,-0.25,-0.25
164.69984102249146,2.587407858812958,0.7187249802053459,-0.25,-0.25
164.79984092712402,2.5873373458352256,0.7187053932514174,-0.25,-0.25
164.8998408317566,2.58699072753153,0.7186091103122534,-0.25,-0.25
164.99984073638916,2.5873312394700823,0.7187036970375206,-0.25,-0.25
165.09984064102173,2.5747273396059,0.7152026109410478,-0.25,-0.25
165.1998405456543,2.5610179092717957,0.7113944328017009,-0.25,-0.25
165.29984045028687,2.5449620822273,0.706934477276935,-0.25,-0.25
165.39984035491943,2.536659813595739,0.7046282897009972,-0.25,-0.25
165.499840259552,2.5520449839172703,0.7089019515425716,-0.25,-0.25
165.59984016418457,2.561944731984889,0.7116518837612986,-0.25,-0.25
165.69984006881714,2.562612792550265,0.7118374562890276,-0.25,-0.25
165.7998399734497,2.562060676269968,0.7116840905329191,-0.25,-0.25
165.89983987808228,2.546474685208352,0.7073546451078058,-0.25,-0.25
165.99983978271484,2.5366849745732303,0.7046352788670028,-0.25,-0.25
166.0998396873474,2.5368594720800903,0.7046837504354634,-0.25,-0.25
166.19983959197998,2.507731324954867,0.6965925919833131,-0.25,-0.25
166.29983949661255,2.504200822116948,0.6956118959660016,-0.25,-0.25
166.39983940124512,2.4996594711879006,0.6943504085876328,-0.25,-0.25
166.49983930587769,2.50024430719985,0.69451286316536,-0.25,-0.25
166.59983921051025,2.497134545630812,0.6936490398162358,-0.25,-0.25
166.69983911514282,2.4897938739980536,0.6916099627314314,-0.25,-0.25
166.7998390197754,2.489901733035486,0.6916399235991312,-0.25,-0.25
166.89983892440796,2.4896796872778824,0.6915782441726757,-0.25,-0.25
166.99983882904053,2.478016964764152,0.6883385964382567,-0.25,-0.25
167.0998387336731,2.4638887880269214,0.6844140997605422,-0.25,-0.25
167.19983863830566,2.44760836523852,0.6798917564792257,-0.25,-0.25
167.29983854293823,2.4397936552484913,0.6777210019676155,-0.25,-0.25
167.3998384475708,2.439884971400371,0.6777463675856523,-0.25,-0.25
167.49983835220337,2.411394413584825,0.6698323174167656,-0.25,-0.25
167.59983825683594,2.4203397806159304,0.672317143579932,-0.25,-0.25
167.6998381614685,2.4256188126665634,0.6737835425448927,-0.25,-0.25
167.79983806610107,2.419007634268473,0.671947102631828,-0.25,-0.25
167.89983797073364,2.417095383012639,0.671415921302485,-0.25,-0.25
167.9998378753662,2.4156218658793165,0.6710066106602248,-0.25,-0.25
168.09983777999878,2.415667123113175,0.6710191821241317,-0.25,-0.25
168.19983768463135,2.4157562843428986,0.6710439491522018,-0.25,-0.25
168.29983758926392,2.4158293858187467,0.6710642551339598,-0.25,-0.25
168.39983749389648,2.4160474125828464,0.671124818172438,-0.25,-0.25
168.49983739852905,2.430082479974362,0.6750234511223184,-0.25,-0.25
168.59983730316162,2.424598454527271,0.6735001095016764,-0.25,-0.25
168.6998372077942,2.4007220155427658,0.6668677600334384,-0.25,-0.25
168.79983711242676,2.391478698089171,0.6643001697978138,-0.25,-0.25
168.89983701705933,2.3597599112102428,0.6554893886161589,-0.25,-0.25
168.9998369216919,2.3401694216287723,0.6500475816011971,-0.25,-0.25
169.09983682632446,2.352348925023462,0.6534307796951673,-0.25,-0.25
169.19983673095703,2.367405725361323,0.6576132275794176,-0.25,-0.25
169.2998366355896,2.352082865292185,0.6533568741551325,-0.25,-0.25
169.39983654022217,2.3564067613791053,0.6545579573623652,-0.25,-0.25
169.49983644485474,2.363126037868863,0.6564244245471371,-0.25,-0.25
169.5998363494873,2.348993057750688,0.6524985935958706,-0.25,-0.25
169.69983625411987,2.3266200779164508,0.6462838720034759,-0.25,-0.25
169.79983615875244,2.3200337955482864,0.6444543476598119,-0.25,-0.25
169.899836063385,2.3056613754211526,0.6404620055417369,-0.25,-0.25
169.99983596801758,2.294620872833709,0.637395196814002,-0.25,-0.25
170.09983587265015,2.294507747227978,0.6373637730094933,-0.25,-0.25
170.19983577728271,2.294454450422541,0.6373489683294726,-0.25,-0.25
170.29983568191528,2.294708290556127,0.6374194795340999,-0.25,-0.25
170.39983558654785,2.2948184275438095,0.6374500731662643,-0.25,-0.25
170.49983549118042,2.2946904453566295,0.6374145225302739,-0.25,-0.25
170.599835395813,2.2950370638809523,0.6375108055307233,-0.25,-0.25
170.69983530044556,2.283367084975701,0.6342691421303803,-0.25,-0.25
170.79983520507812,2.271951247795454,0.6310980737101257,-0.25,-0.25
170.8998351097107,2.2849999553061378,0.6347227175850284,-0.25,-0.25
170.99983501434326,2.2794196145205765,0.6331726216822967,-0.25,-0.25
171.09983491897583,2.270205596795248,0.6306131702665905,-0.25,-0.25
171.1998348236084,2.2556054723448136,0.6265575768969976,-0.25,-0.25
171.29983472824097,2.2454764579610558,0.6237439595395062,-0.25,-0.25
171.39983463287354,2.260469262931284,0.6279086309185262,-0.25,-0.25
171.4998345375061,2.25482242221319,0.6263400627975355,-0.25,-0.25
171.59983444213867,2.2151976096888575,0.6153331616241515,-0.25,-0.25
171.69983434677124,2.225802731254784,0.6182790310824915,-0.25,-0.25
171.7998342514038,2.2451736695966567,0.6236598515932201,-0.25,-0.25
171.89983415603638,2.233604024133238,0.6204460586156827,-0.25,-0.25
171.99983406066895,2.2375380193453402,0.62153883593771,-0.25,-0.25
172.0998339653015,2.2332741454274427,0.6203544255685443,-0.25,-0.25
172.19983386993408,2.223271472588317,0.6175759031126375,-0.25,-0.25
172.29983377456665,2.218612340340206,0.6162816986750218,-0.25,-0.25
172.39983367919922,2.2051920274085477,0.6125538309894916,-0.25,-0.25
172.4998335838318,2.1975842047310503,0.6104405452217817,-0.25,-0.25
172.59983348846436,2.197568437481725,0.6104361654267987,-0.25,-0.25
172.69983339309692,2.2115733675077878,0.6143264268795783,-0.25,-0.25
172.7998332977295,2.2212702764777315,0.6170200148594314,-0.25,-0.25
172.89983320236206,2.207908309387451,0.6133083543650274,-0.25,-0.25
172.99983310699463,2.197852356563522,0.610515031901502,-0.25,-0.25
173.0998330116272,2.1973716363581586,0.6103814984042967,-0.25,-0.25
173.19983291625977,2.184866898073429,0.606907957213041,-0.25,-0.25
173.29983282089233,2.189504651970251,0.6081962232149924,-0.25,-0.25
173.3998327255249,2.1825059949565158,0.606252150267031,-0.25,-0.25
173.49983263015747,2.187795588249991,0.6077214829129061,-0.25,-0.25
173.59983253479004,2.185317275845179,0.6070330622497222,-0.25,-0.25
173.6998324394226,2.1589464690326587,0.599707832274954,-0.25,-0.25
173.79983234405518,2.146988729996299,0.596386235440912,-0.25,-0.25
173.89983224868774,2.1465592623512078,0.5962669387773939,-0.25,-0.25
173.9998321533203,2.1622821933839105,0.6006344231137959,-0.25,-0.25
174.09983205795288,2.1573091072219124,0.5992530091858884,-0.25,-0.25
174.19983196258545,2.1474651658826325,0.596518578848546,-0.25,-0.25
174.29983186721802,2.1471910485800696,0.5964424350924746,-0.25,-0.25
174.3998317718506,2.1470347584876146,0.5963990211431727,-0.25,-0.25
174.49983167648315,2.1475847113339683,0.5965517859449271,-0.25,-0.25
174.59983158111572,2.1472351377993006,0.5964546821076142,-0.25,-0.25
174.6998314857483,2.146853183288017,0.5963485835473789,-0.25,-0.25
174.79983139038086,2.1352952670198464,0.593138048682239,-0.25,-0.25
174.89983129501343,2.111528804944463,0.5865362483798631,-0.25,-0.25
174.999831199646,2.1005682631185207,0.5834916509925365,-0.25,-0.25
175.09983110427856,2.100373992223383,0.5834376868118268,-0.25,-0.25
175.19983100891113,2.100188978464473,0.5833862940599045,-0.25,-0.25
175.2998309135437,2.100551746629366,0.5834870630752121,-0.25,-0.25
175.39983081817627,2.100086649228163,0.5833578692493007,-0.25,-0.25
175.49983072280884,2.099659416817415,0.583239193484708,-0.25,-0.25
175.5998306274414,2.09976507190556,0.5832685421437827,-0.25,-0.25
175.69983053207397,2.0998240947604816,0.5832849373943771,-0.25,-0.25
175.79983043670654,2.0877570991545817,0.5799329914889615,-0.25,-0.25
175.8998303413391,2.077041196043342,0.5769563493545274,-0.25,-0.25
175.99983024597168,2.0606720749888368,0.5724093676462492,-0.25,-0.25
176.09983015060425,2.0506432324251596,0.5696235758165961,-0.25,-0.25
176.19983005523682,2.0504861993696406,0.5695799554885,-0.25,-0.25
176.29982995986938,2.0502253352922173,0.5695074931868016,-0.25,-0.25
176.39982986450195,2.05052031410541,0.5695894318115726,-0.25,-0.25
176.49982976913452,2.050440874504636,0.5695673652381488,-0.25,-0.25
176.5998296737671,2.0503153447792033,0.5695324958420775,-0.25,-0.25
176.69982957839966,2.050202104106125,0.5695010400743913,-0.25,-0.25
176.79982948303223,2.0501523315534986,0.5694872143542677,-0.25,-0.25
176.8998293876648,2.0200623982655572,0.56112889286541,-0.25,-0.25
176.99982929229736,2.002228049610515,0.5561749031647096,-0.25,-0.25
177.09982919692993,2.0019315433533653,0.5560925402496112,-0.25,-0.25
177.1998291015625,2.0019811969784564,0.5561063329342817,-0.25,-0.25
177.29982900619507,2.0022353088857376,0.5561769196316625,-0.25,-0.25
177.39982891082764,1.9864544857195874,0.5517933541342156,-0.25,-0.25
177.4998288154602,1.979366126191109,0.549824363801114,-0.25,-0.25
177.59982872009277,1.963616560688845,0.545449480995026,-0.25,-0.25
177.69982862472534,1.9506802146867266,0.5418560486752496,-0.25,-0.25
177.7998285293579,1.951407949348652,0.5420581973541699,-0.25,-0.25
177.89982843399048,1.9511305055125883,0.5419811295602758,-0.25,-0.25
177.99982833862305,1.9506285051358148,0.5418416848996164,-0.25,-0.25
178.09982824325562,1.9508681052219243,0.5419082405323358,-0.25,-0.25
178.19982814788818,1.9509582169321202,0.5419332715829706,-0.25,-0.25
178.29982805252075,1.9511378451394528,0.541983168347147,-0.25,-0.25
178.39982795715332,1.951068544115443,0.5419639180472996,-0.25,-0.25
178.4998278617859,1.950966703687954,0.5419356290170325,-0.25,-0.25
178.59982776641846,1.9510636681959843,0.5419625636241442,-0.25,-0.25
178.69982767105103,1.951676022278243,0.5421326621164059,-0.25,-0.25
178.7998275756836,1.9513936734782544,0.5420542318314426,-0.25,-0.25
178.89982748031616,1.9389234110017624,0.5385902672612476,-0.25,-0.25
178.99982738494873,1.9435434608749251,0.539873615474915,-0.25,-0.25
179.0998272895813,1.923049876531069,0.5341809486030473,-0.25,-0.25
179.19982719421387,1.904508079736509,0.5290304453730481,-0.25,-0.25
179.29982709884644,1.9046505444158812,0.5290700189267546,-0.25,-0.25
179.399827003479,1.904631454389302,0.5290647161373515,-0.25,-0.25
179.49982690811157,1.9048030768081783,0.5291123890696222,-0.25,-0.25
179.59982681274414,1.9052032238665402,0.5292235411191999,-0.25,-0.25
179.6998267173767,1.8928054302919848,0.525779706815647,-0.25,-0.25
179.79982662200928,1.881489976544785,0.5226365227046573,-0.25,-0.25
179.89982652664185,1.8770142608419649,0.5213932673481594,-0.25,-0.25
179.9998264312744,1.8629574071324622,0.5174885826384411,-0.25,-0.25
180.09982633590698,1.8551911997566555,0.5153313010860043,-0.25,-0.25
180.19982624053955,1.8552518642031244,0.5153481523346155,-0.25,-0.25
180.29982614517212,1.8548665599302034,0.5152411232842921,-0.25,-0.25
180.3998260498047,1.8548664108198685,0.5152410818647215,-0.25,-0.25
180.49982595443726,1.8435923336532247,0.5121093912575255,-0.25,-0.25
180.59982585906982,1.8296930888039036,0.5082484868217708,-0.25,-0.25
180.6998257637024,1.8312630671923928,0.5086845922785685,-0.25,-0.25
180.79982566833496,1.8464000747392653,0.5128893199609237,-0.25,-0.25
180.89982557296753,1.854737414064637,0.5152052494040468,-0.25,-0.25
180.9998254776001,1.8552801883658643,0.5153560201638931,-0.25,-0.25
181.09982538223267,1.8554905068971568,0.5154144420248785,-0.25,-0.25
181.19982528686523,1.8429363510244061,0.5119271737148575,-0.25,-0.25
181.2998251914978,1.8182140909839388,0.5050598737653366,-0.25,-0.25
181.39982509613037,1.8190983932109044,0.5053055134693386,-0.25,-0.25
181.49982500076294,1.8437659395920702,0.5121576151680062,-0.25,-0.25
181.5998249053955,1.8258819974987543,0.507189849501209,-0.25,-0.25
181.69982481002808,1.8067316206902075,0.5018702961320846,-0.25,-0.25
181.79982471466064,1.806787421260128,0.5018857963027958,-0.25,-0.25
181.8998246192932,1.7768561538541434,0.4935715487052963,-0.25,-0.25
181.99982452392578,1.7562401179255394,0.4878448674771205,-0.25,-0.25
182.09982442855835,1.7272967597451652,0.47980503932849256,-0.25,-0.25
182.19982433319092,1.720657705028714,0.4779608559874661,-0.25,-0.25
182.2998242378235,1.7328347992108473,0.4813433848551908,-0.25,-0.25
182.39982414245605,1.7343945179945204,0.4817766404194819,-0.25,-0.25
182.49982404708862,1.7061910176845496,0.4739423285103789,-0.25,-0.25
182.5998239517212,1.669855482343601,0.4638491161744408,-0.25,-0.25
182.69982385635376,1.6583353872009305,0.46064908718590014,-0.25,-0.25
182.79982376098633,1.6742963376710935,0.46508268808560105,-0.25,-0.25
182.8998236656189,1.6562475503734266,0.4600691320476297,-0.25,-0.25
182.99982357025146,1.6499517917349233,0.45832030880454355,-0.25,-0.25
183.09982347488403,1.629998711440307,0.45277778206646563,-0.25,-0.25
183.1998233795166,1.6099573914124894,0.44721074427177854,-0.25,-0.25
183.29982328414917,1.6100865739474568,0.4472466283379767,-0.25,-0.25
183.39982318878174,1.5979258917452328,0.4438686583572073,-0.25,-0.25
183.4998230934143,1.6012275333129127,0.4447857817485943,-0.25,-0.25
183.59982299804688,1.5946254682296688,0.44295187331390096,-0.25,-0.25
183.69982290267944,1.5440950985305166,0.4289156482796099,-0.25,-0.25
183.799822807312,1.4697696632450026,0.4082696775168704,-0.25,-0.25
183.89982271194458,1.5183526919901786,0.4217649740756479,-0.25,-0.25
183.99982261657715,1.6217566677155213,0.4504883236446821,-0.25,-0.25
184.09982252120972,1.6590752877089117,0.4608546152692061,-0.25,-0.25
184.19982242584229,1.6175200225299007,0.4493114768183108,-0.25,-0.25
184.29982233047485,1.4992272007615852,0.4164523333731517,-0.25,-0.25
184.39982223510742,1.348844892182361,0.3746794364606319,-0.25,-0.25
184.49982213974,1.4196255376360198,0.39434074259345836,-0.25,-0.25
184.59982204437256,1.5223512446794738,0.42287568404457493,-0.25,-0.25
184.69982194900513,1.5080266428949052,0.418896624810061,-0.25,-0.25
184.7998218536377,1.458501053899638,0.40513950575013363,-0.25,-0.25
184.89982175827026,1.3918122711705485,0.38661482906121264,-0.25,-0.25
184.99982166290283,1.3222601055468983,0.36729476759860635,-0.25,-0.25
185.0998215675354,1.2773335980466827,0.35481517219821146,-0.25,-0.25
185.19982147216797,1.224195424781465,0.34005455670494583,-0.25,-0.25
185.29982137680054,1.1503247127137854,0.31953489804820995,-0.25,-0.25
185.3998212814331,1.1200709772986643,0.3111310759320684,-0.25,-0.25
185.49982118606567,1.090037459255569,0.3027884253570935,-0.25,-0.25
185.59982109069824,1.056519188841587,0.2934777872380384,-0.25,-0.25
185.6998209953308,1.019618582384868,0.2832276105777039,-0.25,-0.25
185.79982089996338,0.9834291124795034,0.2731749720063315,-0.25,-0.25
185.89982080459595,0.9603467787318414,0.2667632075025735,-0.25,-0.25
185.99982070922852,0.9229323326933163,0.256370297510884,-0.25,-0.25
186.09982061386108,0.9015628505543002,0.2504343255012724,-0.25,-0.25
186.19982051849365,0.8843181751115715,0.24564413404614213,-0.25,-0.25
186.29982042312622,0.84512152022799,0.23475616564589064,-0.25,-0.25
186.3998203277588,0.813166101890514,0.2258796534509432,-0.25,-0.25
186.49982023239136,0.7858674202393886,0.21829668025925691,-0.25,-0.25
186.59982013702393,0.7742519571398264,0.2150701601503867,-0.25,-0.25
186.6998200416565,0.7637709118772386,0.2121587563594356,-0.25,-0.25
186.79981994628906,0.7394972086674081,0.2054160556292153,-0.25,-0.25
186.89981985092163,0.7161595410552382,0.19893336499524197,-0.25,-0.25
186.9998197555542,0.6903837699439639,0.1917734228474944,-0.25,-0.25
187.09981966018677,0.6792927735388252,0.18869258804806782,-0.25,-0.25
187.19981956481934,0.6793056937252216,0.18869617699160462,-0.25,-0.25
187.2998194694519,0.6530342649083801,0.18139855203772004,-0.25,-0.25
187.39981937408447,0.6335276853092803,0.17598005336984127,-0.25,-0.25
187.49981927871704,0.6201288974908602,0.17225816488721618,-0.25,-0.25
187.5998191833496,0.6059027971570848,0.16830646718870074,-0.25,-0.25
187.69981908798218,0.5897900089156348,0.16383068909656723,-0.25,-0.25
187.79981899261475,0.5934359387809819,0.1648434482027036,-0.25,-0.25
187.89981889724731,0.5893683708584526,0.16371356732031928,-0.25,-0.25
187.99981880187988,0.5692253590884674,0.15811828179687631,-0.25,-0.25
188.09981870651245,0.5594439990417364,0.15540123516581544,-0.25,-0.25
188.19981861114502,0.555591253414575,0.15433102719099384,-0.25,-0.25
188.2998185157776,0.5429247235233586,0.15081254385087153,-0.25,-0.25
188.39981842041016,0.5349111500997051,0.1485865494523959,-0.25,-0.25
188.49981832504272,0.5345361477319693,0.148482382044691,-0.25,-0.25
188.5998182296753,0.5211319899818352,0.14475900191317423,-0.25,-0.25
188.69981813430786,0.5084089822777578,0.141224830279151,-0.25,-0.25
188.79981803894043,0.49297050960219435,0.13693636221627836,-0.25,-0.25
188.899817943573,0.48397103638602196,0.13443650654523642,-0.25,-0.25
188.99981784820557,0.4839667899906526,0.13443532699002353,-0.25,-0.25
189.09981775283813,0.48166529144440134,0.13379602132684293,-0.25,-0.25
189.1998176574707,0.4822125965590249,0.13394805064697282,-0.25,-0.25
189.29981756210327,0.4983893823053824,0.1384416058380245,-0.25,-0.25
189.39981746673584,0.4936485812500163,0.13712471560246706,-0.25,-0.25
189.4998173713684,0.483586420586082,0.1343296687375607,-0.25,-0.25
189.59981727600098,0.4687549467132292,0.1302098115881074,-0.25,-0.25
189.69981718063354,0.47434415491419885,0.13176237066375635,-0.25,-0.25
189.7998170852661,0.4836596300070417,0.13435000470409605,-0.25,-0.25
189.89981698989868,0.471901279043032,0.13108379349001534,-0.25,-0.25
189.99981689453125,0.4466531303744501,0.12407041324915401,-0.25,-0.25
190.09981679916382,0.42239881735898666,0.1173330986883446,-0.25,-0.25
190.1998167037964,0.42678727563326735,0.11855211585085774,-0.25,-0.25
190.29981660842896,0.42253161812434487,0.11736998781934428,-0.25,-0.25
190.39981651306152,0.4117157466935277,0.11436557668503473,-0.25,-0.25
190.4998164176941,0.4100923113481591,0.11391462206166895,-0.25,-0.25
190.59981632232666,0.43767414550798706,0.12157624879091763,-0.25,-0.25
190.69981622695923,0.413656445736964,0.11490466018392238,-0.25,-0.25
190.7998161315918,0.35685443067419503,0.09912631004381656,-0.25,-0.25
190.89981603622437,0.3266652483844951,0.0907404193657483,-0.25,-0.25
190.99981594085693,0.2567052607206255,0.07130707391245392,-0.25,-0.25
191.0998158454895,0.18755808183903672,0.05209950885708395,-0.25,-0.25
191.19981575012207,0.1396965770993602,0.038804635793506084,-0.25,-0.25
191.29981565475464,0.089496738198384,0.024860224943270712,-0.25,-0.25
191.3998155593872,0.040916892164016186,0.011365812471536089,-0.25,-0.25
191.49981546401978,0.008801899174400838,0.002444973948866716,-0.25,-0.25
191.59981536865234,0.0,0.0,-0.25,-0.25
191.6998152732849,0.0,0.0,-0.25,-0.25
191.79981517791748,0.0,0.0,-0.25,-0.25
191.89981508255005,0.0,0.0,-0.25,-0.25
191.99981498718262,0.0,0.0,-0.25,-0.25
192.09981489181519,0.0,0.0,-0.25,-0.25
192.19981479644775,0.0,0.0,-0.25,-0.25
192.29981470108032,0.0,0.0,-0.25,-0.25
192.3998146057129,0.0,0.0,-0.25,-0.25
192.49981451034546,0.0,0.0,-0.25,-0.25
192.59981441497803,0.0,0.0,-0.25,-0.25
192.6998143196106,0.0,0.0,-0.25,-0.25
192.79981422424316,0.0,0.0,-0.25,-0.25
192.89981412887573,0.0,0.0,-0.25,-0.25
192.9998140335083,0.0,0.0,-0.25,-0.25
193.09981393814087,0.0,0.0,-0.25,-0.25
193.19981384277344,0.0,0.0,-0.25,-0.25
193.299813747406,0.0,0.0,-0.25,-0.25
193.39981365203857,0.0,0.0,-0.25,-0.25
193.49981355667114,0.0,0.0,-0.25,-0.25
193.5998134613037,0.0,0.0,-0.25,-0.25
193.69981336593628,0.0,0.0,-0.25,-0.25
193.79981327056885,0.0,0.0,-0.25,-0.25
193.89981317520142,0.0,0.0,-0.25,-0.25
193.99981307983398,0.0,0.0,-0.25,-0.25
194.09981298446655,0.0,0.0,-0.25,-0.25
194.19981288909912,0.0,0.0,-0.25,-0.25
194.2998127937317,0.0,0.0,-0.25,-0.25
194.39981269836426,0.0,0.0,-0.25,-0.25
194.49981260299683,0.0,0.0,-0.25,-0.25
194.5998125076294,0.0,0.0,-0.25,-0.25
194.69981241226196,0.0,0.0,-0.25,-0.25
194.79981231689453,0.0,0.0,-0.25,-0.25
194.8998122215271,0.0,0.0,-0.25,-0.25
194.99981212615967,0.0,0.0,-0.25,-0.25
195.09981203079224,0.0,0.0,-0.25,-0.25
195.1998119354248,0.0,0.0,-0.25,-0.25
195.29981184005737,0.0,0.0,-0.25,-0.25
195.39981174468994,0.0,0.0,-0.25,-0.25
195.4998116493225,0.0,0.0,-0.25,-0.25
195.59981155395508,0.0,0.0,-0.25,-0.25
195.69981145858765,0.0,0.0,-0.25,-0.25
195.79981136322021,0.0,0.0,-0.25,-0.25
195.89981126785278,0.0,0.0,-0.25,-0.25
195.99981117248535,0.0,0.0,-0.25,-0.25
196.09981107711792,0.0,0.0,-0.25,-0.25
196.1998109817505,0.0,0.0,-0.25,-0.25
196.29981088638306,0.0,0.0,-0.25,-0.25
196.39981079101562,0.0,0.0,-0.25,-0.25
196.4998106956482,0.0,0.0,-0.25,-0.25
196.59981060028076,0.0,0.0,-0.25,-0.25
196.69981050491333,0.0,0.0,-0.25,-0.25
196.7998104095459,0.0,0.0,-0.25,-0.25
196.89981031417847,0.0,0.0,-0.25,-0.25
196.99981021881104,0.0,0.0,-0.25,-0.25
197.0998101234436,0.0,0.0,-0.25,-0.25
197.19981002807617,0.0,0.0,-0.25,-0.25
197.29980993270874,0.0,0.0,-0.25,-0.25
197.3998098373413,0.0,0.0,-0.25,-0.25
197.49980974197388,0.0,0.0,-0.25,-0.25
197.59980964660645,0.0,0.0,-0.25,-0.25
197.699809551239,0.0,0.0,-0.25,-0.25
197.79980945587158,0.0,0.0,-0.25,-0.25
197.89980936050415,0.0,0.0,-0.25,-0.25
197.99980926513672,0.0,0.0,-0.25,-0.25
198.0998091697693,0.0,0.0,-0.25,-0.25
198.19980907440186,0.0,0.0,-0.25,-0.25
198.29980897903442,0.0,0.0,-0.25,-0.25
198.399808883667,0.0,0.0,-0.25,-0.25
198.49980878829956,0.0,0.0,-0.25,-0.25
198.59980869293213,0.0,0.0,-0.25,-0.25
198.6998085975647,0.0,0.0,-0.25,-0.25
198.79980850219727,0.0,0.0,-0.25,-0.25
198.89980840682983,0.0,0.0,-0.25,-0.25
198.9998083114624,0.0,0.0,-0.25,-0.25
199.09980821609497,0.0,0.0,-0.25,-0.25
199.19980812072754,0.0,0.0,-0.25,-0.25
199.2998080253601,0.0,0.0,-0.25,-0.25
199.39980792999268,0.0,0.0,-0.25,-0.25
199.49980783462524,0.0,0.0,-0.25,-0.25
199.5998077392578,0.0,0.0,-0.25,-0.25
199.69980764389038,0.0,0.0,-0.25,-0.25
199.79980754852295,0.0,0.0,-0.25,-0.25
199.89980745315552,0.0,0.0,-0.25,-0.25
199.9998073577881,0.0,0.0,-0.25,-0.25
200.09980726242065,0.0,0.0,-0.25,-0.25
200.19980716705322,0.0,0.0,-0.25,-0.25
200.2998070716858,0.0,0.0,-0.25,-0.25
200.39980697631836,0.0,0.0,-0.25,-0.25
200.49980688095093,0.0,0.0,-0.25,-0.25
200.5998067855835,0.0,0.0,-0.25,-0.25
200.69980669021606,0.0,0.0,-0.25,-0.25
200.79980659484863,0.0,0.0,-0.25,-0.25
200.8998064994812,0.0,0.0,-0.25,-0.25
200.99980640411377,0.0,0.0,-0.25,-0.25
201.09980630874634,0.0,0.0,-0.25,-0.25
201.1998062133789,0.0,0.0,-0.25,-0.25
201.29980611801147,0.0,0.0,-0.25,-0.25
201.39980602264404,0.0,0.0,-0.25,-0.25
201.4998059272766,0.0,0.0,-0.25,-0.25
201.59980583190918,0.0,0.0,-0.25,-0.25
201.69980573654175,0.0,0.0,-0.25,-0.25
201.79980564117432,0.0,0.0,-0.25,-0.25
201.89980554580688,0.0,0.0,-0.25,-0.25
201.99980545043945,0.0,0.0,-0.25,-0.25
202.09980535507202,0.0,0.0,-0.25,-0.25
202.1998052597046,0.0,0.0,-0.25,-0.25
202.29980516433716,0.0,0.0,-0.25,-0.25
202.39980506896973,0.0,0.0,-0.25,-0.25
202.4998049736023,0.0,0.0,-0.25,-0.25
202.59980487823486,0.0,0.0,-0.25,-0.25
202.69980478286743,0.0,0.0,-0.25,-0.25
202.7998046875,0.0,0.0,-0.25,-0.25
202.89980459213257,0.0,0.0,-0.25,-0.25
202.99980449676514,0.0,0.0,-0.25,-0.25
203.0998044013977,0.0,0.0,-0.25,-0.25
203.19980430603027,0.0,0.0,-0.25,-0.25
203.29980421066284,0.0,0.0,-0.25,-0.25
203.3998041152954,0.0,0.0,-0.25,-0.25
203.49980401992798,0.0,0.0,-0.25,-0.25
203.59980392456055,0.0,0.0,-0.25,-0.25
203.69980382919312,0.0,0.0,-0.25,-0.25
203.79980373382568,0.0,0.0,-0.25,-0.25
203.89980363845825,0.0,0.0,-0.25,-0.25
203.99980354309082,0.0,0.0,-0.25,-0.25
204.0998034477234,0.0,0.0,-0.25,-0.25
204.19980335235596,0.0,0.0,-0.25,-0.25
204.29980325698853,0.0,0.0,-0.25,-0.25
204.3998031616211,0.0,0.0,-0.25,-0.25
204.49980306625366,0.0,0.0,-0.25,-0.25
204.59980297088623,0.0,0.0,-0.25,-0.25
204.6998028755188,0.0,0.0,-0.25,-0.25
204.79980278015137,0.0,0.0,-0.25,-0.25
204.89980268478394,0.0,0.0,-0.25,-0.25
204.9998025894165,0.0,0.0,-0.25,-0.25
205.09980249404907,0.0,0.0,-0.25,-0.25
205.19980239868164,0.0,0.0,-0.25,-0.25
205.2998023033142,0.0,0.0,-0.25,-0.25
205.39980220794678,0.0,0.0,-0.25,-0.25
205.49980211257935,0.0,0.0,-0.25,-0.25
205.5998020172119,0.0,0.0,-0.25,-0.25
205.69980192184448,0.0,0.0,-0.25,-0.25
205.79980182647705,0.0,0.0,-0.25,-0.25
205.89980173110962,0.0,0.0,-0.25,-0.25
205.9998016357422,0.0,0.0,-0.25,-0.25
206.09980154037476,0.0,0.0,-0.25,-0.25
206.19980144500732,0.0,0.0,-0.25,-0.25
206.2998013496399,0.0,0.0,-0.25,-0.25
206.39980125427246,0.0,0.0,-0.25,-0.25
206.49980115890503,0.0,0.0,-0.25,-0.25
206.5998010635376,0.0,0.0,-0.25,-0.25
206.69980096817017,0.0,0.0,-0.25,-0.25
206.79980087280273,0.0,0.0,-0.25,-0.25
206.8998007774353,0.0,0.0,-0.25,-0.25
206.99980068206787,0.0,0.0,-0.25,-0.25
207.09980058670044,0.0,0.0,-0.25,-0.25
207.199800491333,0.0,0.0,-0.25,-0.25
207.29980039596558,0.0,0.0,-0.25,-0.25
207.39980030059814,0.0,0.0,-0.25,-0.25
207.4998002052307,0.0,0.0,-0.25,-0.25
207.59980010986328,0.0,0.0,-0.25,-0.25
207.69980001449585,0.0,0.0,-0.25,-0.25
207.79979991912842,0.0,0.0,-0.25,-0.25
207.899799823761,0.0,0.0,-0.25,-0.25
207.99979972839355,0.0,0.0,-0.25,-0.25
208.09979963302612,0.0,0.0,-0.25,-0.25
208.1997995376587,0.0,0.0,-0.25,-0.25
208.29979944229126,0.0,0.0,-0.25,-0.25
208.39979934692383,0.0,0.0,-0.25,-0.25
208.4997992515564,0.0,0.0,-0.25,-0.25
208.59979915618896,0.0,0.0,-0.25,-0.25
208.69979906082153,0.0,0.0,-0.25,-0.25
208.7997989654541,0.0,0.0,-0.25,-0.25
208.89979887008667,0.0,0.0,-0.25,-0.25
208.99979877471924,0.0,0.0,-0.25,-0.25
209.0997986793518,0.0,0.0,-0.25,-0.25
209.19979858398438,0.0,0.0,-0.25,-0.25
209.29979848861694,0.0,0.0,-0.25,-0.25
209.3997983932495,0.0,0.0,-0.25,-0.25
209.49979829788208,0.0,0.0,-0.25,-0.25
209.59979820251465,0.0,0.0,-0.25,-0.25
209.69979810714722,0.0,0.0,-0.25,-0.25
209.79979801177979,0.0,0.0,-0.25,-0.25
209.89979791641235,0.0,0.0,-0.25,-0.25
209.99979782104492,0.0,0.0,-0.25,-0.25
210.0997977256775,0.0,0.0,-0.25,-0.25
210.19979763031006,0.0,0.0,-0.25,-0.25
210.29979753494263,0.0,0.0,-0.25,-0.25
210.3997974395752,0.0,0.0,-0.25,-0.25
210.49979734420776,0.0,0.0,-0.25,-0.25
210.59979724884033,0.0,0.0,-0.25,-0.25
210.6997971534729,0.0,0.0,-0.25,-0.25
210.79979705810547,0.0,0.0,-0.25,-0.25
210.89979696273804,0.0,0.0,-0.25,-0.25
210.9997968673706,0.0,0.0,-0.25,-0.25
211.09979677200317,0.0,0.0,-0.25,-0.25
211.19979667663574,0.0,0.0,-0.25,-0.25
211.2997965812683,0.0,0.0,-0.25,-0.25
211.39979648590088,0.0,0.0,-0.25,-0.25
211.49979639053345,0.0,0.0,-0.25,-0.25
211.59979629516602,0.0,0.0,-0.25,-0.25
211.69979619979858,0.0,0.0,-0.25,-0.25
211.79979610443115,0.0,0.0,-0.25,-0.25
211.89979600906372,0.0,0.0,-0.25,-0.25
211.9997959136963,0.0,0.0,-0.25,-0.25
212.09979581832886,0.0,0.0,-0.25,-0.25
212.19979572296143,0.0,0.0,-0.25,-0.25
212.299795627594,0.0,0.0,-0.25,-0.25
212.39979553222656,0.0,0.0,-0.25,-0.25
212.49979543685913,0.0,0.0,-0.25,-0.25
212.5997953414917,0.0,0.0,-0.25,-0.25
212.69979524612427,0.0,0.0,-0.25,-0.25
212.79979515075684,0.0,0.0,-0.25,-0.25
212.8997950553894,0.0,0.0,-0.25,-0.25
212.99979496002197,0.0,0.0,-0.25,-0.25
213.09979486465454,0.0,0.0,-0.25,-0.25
213.1997947692871,0.0,0.0,-0.25,-0.25
213.29979467391968,0.0,0.0,-0.25,-0.25
213.39979457855225,0.0,0.0,-0.25,-0.25
213.49979448318481,0.0,0.0,-0.25,-0.25
213.59979438781738,0.0,0.0,-0.25,-0.25
213.69979429244995,0.0,0.0,-0.25,-0.25
213.79979419708252,0.0,0.0,-0.25,-0.25
213.8997941017151,0.0,0.0,-0.25,-0.25
213.99979400634766,0.0,0.0,-0.25,-0.25
214.09979391098022,0.0,0.0,-0.25,-0.25
214.1997938156128,0.0,0.0,-0.25,-0.25
214.29979372024536,0.0,0.0,-0.25,-0.25
214.39979362487793,0.0,0.0,-0.25,-0.25
214.4997935295105,0.0,0.0,-0.25,-0.25
214.59979343414307,0.0,0.0,-0.25,-0.25
214.69979333877563,0.0,0.0,-0.25,-0.25
214.7997932434082,0.0,0.0,-0.25,-0.25
214.89979314804077,0.0,0.0,-0.25,-0.25
214.99979305267334,0.0,0.0,-0.25,-0.25
215.0997929573059,0.0,0.0,-0.25,-0.25
215.19979286193848,0.0,0.0,-0.25,-0.25
215.29979276657104,0.0,0.0,-0.25,-0.25
215.3997926712036,0.0,0.0,-0.25,-0.25
215.49979257583618,0.0,0.0,-0.25,-0.25
215.59979248046875,0.0,0.0,-0.25,-0.25
215.69979238510132,0.0,0.0,-0.25,-0.25
215.7997922897339,0.0,0.0,-0.25,-0.25
215.89979219436646,0.0,0.0,-0.25,-0.25
215.99979209899902,0.0,0.0,-0.25,-0.25
216.0997920036316,0.0,0.0,-0.25,-0.25
216.19979190826416,0.0,0.0,-0.25,-0.25
216.29979181289673,0.0,0.0,-0.25,-0.25
216.3997917175293,0.0,0.0,-0.25,-0.25
216.49979162216187,0.0,0.0,-0.25,-0.25
216.59979152679443,0.0,0.0,-0.25,-0.25
216.699791431427,0.0,0.0,-0.25,-0.25
216.79979133605957,0.0,0.0,-0.25,-0.25
216.89979124069214,0.0,0.0,-0.25,-0.25
216.9997911453247,0.0,0.0,-0.25,-0.25
217.09979104995728,0.0,0.0,-0.25,-0.25
217.19979095458984,0.0,0.0,-0.25,-0.25
217.2997908592224,0.0,0.0,-0.25,-0.25
217.39979076385498,0.0,0.0,-0.25,-0.25
217.49979066848755,0.0,0.0,-0.25,-0.25
217.59979057312012,0.0,0.0,-0.25,-0.25
217.69979047775269,0.0,0.0,-0.25,-0.25
217.79979038238525,0.0,0.0,-0.25,-0.25
217.89979028701782,0.0,0.0,-0.25,-0.25
217.9997901916504,0.0,0.0,-0.25,-0.25
218.09979009628296,0.0,0.0,-0.25,-0.25
218.19979000091553,0.0,0.0,-0.25,-0.25
218.2997899055481,0.0,0.0,-0.25,-0.25
218.39978981018066,0.0,0.0,-0.25,-0.25
218.49978971481323,0.0,0.0,-0.25,-0.25
218.5997896194458,0.0,0.0,-0.25,-0.25
218.69978952407837,0.0,0.0,-0.25,-0.25
218.79978942871094,0.0,0.0,-0.25,-0.25
218.8997893333435,0.0,0.0,-0.25,-0.25
218.99978923797607,0.0,0.0,-0.25,-0.25
219.09978914260864,0.0,0.0,-0.25,-0.25
219.1997890472412,0.0,0.0,-0.25,-0.25
219.29978895187378,0.0,0.0,-0.25,-0.25
219.39978885650635,0.0,0.0,-0.25,-0.25
219.49978876113892,0.0,0.0,-0.25,-0.25
219.59978866577148,0.0,0.0,-0.25,-0.25
219.69978857040405,0.0,0.0,-0.25,-0.25
219.79978847503662,0.0,0.0,-0.25,-0.25
219.8997883796692,0.0,0.0,-0.25,-0.25
219.99978828430176,0.0,0.0,-0.25,-0.25
220.09978818893433,0.0,0.0,-0.25,-0.25
220.1997880935669,0.0,0.0,-0.25,-0.25
220.29978799819946,0.0,0.0,-0.25,-0.25
220.39978790283203,0.0,0.0,-0.25,-0.25
220.4997878074646,0.0,0.0,-0.25,-0.25
220.59978771209717,0.0,0.0,-0.25,-0.25
220.69978761672974,0.0,0.0,-0.25,-0.25
220.7997875213623,0.0,0.0,-0.25,-0.25
220.89978742599487,0.0,0.0,-0.25,-0.25
220.99978733062744,0.0,0.0,-0.25,-0.25
221.09978723526,0.0,0.0,-0.25,-0.25
221.19978713989258,0.0,0.0,-0.25,-0.25
221.29978704452515,0.0,0.0,-0.25,-0.25
221.39978694915771,0.0,0.0,-0.25,-0.25
221.49978685379028,0.0,0.0,-0.25,-0.25
221.59978675842285,0.0,0.0,-0.25,-0.25
221.69978666305542,0.0,0.0,-0.25,-0.25
221.799786567688,0.0,0.0,-0.25,-0.25
221.89978647232056,0.0,0.0,0.49102910824865376,-0.25
221.99978637695312,0.0,0.0,0.5,-0.25
222.0997862815857,0.0,0.0,0.5,-0.25
222.19978618621826,0.0,0.0,0.5,-0.25
222.29978609085083,0.0,0.0,0.5,-0.25
222.3997859954834,0.0,0.0,0.5,-0.25
222.49978590011597,0.03773890831438885,0.010483038473754307,0.5,-0.25
222.59978580474854,0.1227963102790525,0.034110113476694646,0.5,-0.05206893097495232
222.6997857093811,0.27517933353709395,0.07643876491126689,0.5,-0.03168086535191613
222.79978561401367,0.5052461220530998,0.14034625729166597,0.5,-0.0010209069422715655
222.89978551864624,0.6601298140308287,0.18336953948185555,0.5,0.022123861832435126
222.9997854232788,0.7726044391794815,0.21461251590639804,0.5,0.04125205840720683
223.09978532791138,0.8669024034452932,0.24080641582422668,0.5,0.057717681349367556
223.19978523254395,0.9718924456959277,0.2699703397805234,0.5,0.071690148071442
223.2997851371765,1.0942641385281549,0.30396250387207385,0.5,0.08927731090539945
223.39978504180908,1.1973287289883616,0.3325915796809292,0.5,0.10509406946101829
223.49978494644165,1.2935653221534726,0.3593239880571474,0.5,0.11868576392286019
223.59978485107422,1.4086220684045356,0.39128422091727516,0.5,0.1308350785747891
223.6997847557068,1.5328043540882885,0.42577932786993666,0.5,0.15141844598444631
223.79978466033936,1.628539526988484,0.45237245272780713,0.5,0.17260420368774745
223.89978456497192,1.728384682201198,0.4801072402524844,0.5,0.19066456001281817
223.9997844696045,1.8449374086361352,0.5124830234961284,0.5,0.21656914906582864
224.09978437423706,1.9406036748438997,0.5390570075907888,0.5,0.23945994547120844
224.19978427886963,2.032150272369608,0.5644866383582849,0.5,0.2588222158520454
224.2997841835022,2.1601115025857904,0.6000314529652757,0.5,0.28356685217898264
224.39978408813477,2.2475018003531084,0.6243065550984858,0.5,0.30245162749138016
224.49978399276733,2.352660565096582,0.6535173464513985,0.5,0.32151746061176667
224.5997838973999,2.4669845942514406,0.6852740466219768,0.5,0.3255822770720966
224.69978380203247,2.566947135930341,0.7130414415244584,0.5,0.31830164186269644
224.79978370666504,2.6658941668207055,0.740526749871122,0.5,0.30009053247836137
224.8997836112976,2.7643067045034546,0.7678635877635607,0.5,0.2922473028495993
224.99978351593018,2.8879464888736157,0.8022079997863353,0.5,0.29379802212759654
225.09978342056274,2.991210502241896,0.8308924708917496,0.5,0.29504330890898733
225.1997833251953,3.093901950339821,0.8594178959614949,0.5,0.2947240591612514
225.29978322982788,3.20240606660498,0.8895579523693983,0.5,0.29279800348259805
225.39978313446045,3.3147692968048093,0.9207699857278464,0.5,0.2940894834890458
225.49978303909302,3.4223700523089495,0.9506591083902755,0.5,0.2956678421373913
225.5997829437256,3.533667681196998,0.9815751411475397,0.5,0.29514574158804563
225.69978284835815,3.641394333036155,1.0114992350421173,0.5,0.2928602328793727
225.79978275299072,3.7403622564624626,1.03899034687563,0.5,0.2933092267953879
225.8997826576233,3.837480066015568,1.0659675377776725,0.5,0.29293042812281983
225.99978256225586,3.936415512725624,1.0934496282938986,0.5,0.2904835794256141
226.09978246688843,4.060967472900295,1.128047422687298,0.5,0.2944954884010381
226.199782371521,4.177250857772729,1.1603483887703934,0.5,0.29793115933534886
226.29978227615356,4.287787645538078,1.1910530766022762,0.5,0.29551109363984046
226.39978218078613,4.39440364043937,1.2206686544339673,0.5,0.29818133403562064
226.4997820854187,4.499001550596741,1.2497236527216617,0.5,0.29810343742872353
226.59978199005127,4.608184382319944,1.2800522413520696,0.5,0.297389380977661
226.69978189468384,4.714565813300647,1.3096026624870272,0.5,0.298280894944113
226.7997817993164,4.814789499892483,1.3374425977011344,0.5,0.29845820854693417
226.89978170394897,4.913909884722299,1.3649760599583909,0.5,0.298556520823101
226.99978160858154,5.029104504872798,1.3969745911545561,0.5,0.29738357929119213
227.0997815132141,5.119044180961278,1.4219578544990619,0.5,0.2955329736458628
227.19978141784668,5.2324502959398265,1.4534595783055733,0.5,0.297021124433457
227.29978132247925,5.350599344915413,1.4862787848319137,0.5,0.29836070077019505
227.39978122711182,5.4480961211176755,1.5133612443318258,0.5,0.29629591187179094
227.49978113174438,5.576690064732872,1.5490818128013677,0.5,0.29921163755600005
227.59978103637695,5.694314231367841,1.5817552185608963,0.5,0.3000903248951138
227.69978094100952,5.772477101816517,1.6034671443883888,0.5,0.2959842369457006
227.7997808456421,5.87386256785177,1.631629796372729,0.5,0.29632000734133
227.89978075027466,5.996803819313978,1.6657801713213984,0.5,0.29990660278508735
227.99978065490723,6.120320376583728,1.700090353566675,0.5,0.3033206519055035
228.0997805595398,6.228233605125804,1.7300662743646358,0.5,0.30100971290390105
228.19978046417236,6.323114179882098,1.7564220106592896,0.5,0.29803709517477117
228.29978036880493,6.420906054302164,1.7835864419519467,0.5,0.2962669652170308
228.3997802734375,6.519993352011455,1.8111107133350381,0.5,0.29522131099551735
228.49978017807007,6.618210307382853,1.8383932227641944,0.5,0.2943350657210589
228.59978008270264,6.748027205326928,1.8744535010413037,0.5,0.2972009132774948
228.6997799873352,6.861498321796468,1.9059732808319794,0.5,0.29818559354441815
228.79977989196777,6.956464220541908,1.9323527182536901,0.5,0.29745534395179973
228.89977979660034,7.0851841768503485,1.9681082902771363,0.5,0.3015664027555057
228.9997797012329,7.20509370664592,2.0014165196446907,0.5,0.30222125246571363
229.09977960586548,7.29114929811233,2.025320869731047,0.5,0.3016817953221725
229.19977951049805,7.395212310424295,2.05422728516504,0.5,0.30038413989837265
229.29977941513062,7.4969402295121705,2.082485063073432,0.5,0.29810342341433765
229.39977931976318,7.59286530492961,2.1091309386727373,0.5,0.2978851312558546
229.49977922439575,7.708284587239013,2.1411918760740787,0.5,0.2960553139767046
229.59977912902832,7.833098065329456,2.175862314391086,0.5,0.29705383120770423
229.6997790336609,7.941612706560632,2.2060052944029995,0.5,0.3012693623201585
229.79977893829346,8.036712095901938,2.2324218125754487,0.5,0.3003962945815907
229.89977884292603,8.149024181048434,2.263619638963272,0.5,0.29892001889328146
229.9997787475586,8.272200800740318,2.2978353940280445,0.5,0.2988728052580031
230.09977865219116,8.366029918063457,2.323899058579831,0.5,0.2969166752694051
230.19977855682373,8.452859485699692,2.348018402218689,0.5,0.29579847787511104
230.2997784614563,8.561259714238068,2.378129600901622,0.5,0.2972718629753785
230.39977836608887,8.66768581015701,2.407692428973794,0.5,0.2982911422919793
230.49977827072144,8.794862651297146,2.4430193575520187,0.5,0.30231335570239504
230.599778175354,8.914713897343114,2.476311396976176,0.5,0.30092923495591845
230.69977807998657,9.01352587165316,2.503759189576072,0.5,0.298893239418852
230.79977798461914,9.112445921794485,2.531237003264229,0.5,0.2994424280758222
230.8997778892517,9.23563839206931,2.5654571612722292,0.5,0.2986747203359562
230.99977779388428,9.337990286966779,2.593888265933058,0.5,0.2962361556569969
231.09977769851685,9.44150983821425,2.6226437198394783,0.5,0.2986617098802177
231.1997776031494,9.550160283488488,2.6528244232268654,0.5,0.2992988544645431
231.29977750778198,9.666192347657457,2.6850555779475935,0.5,0.30128554476536673
231.39977741241455,9.767279619529953,2.7131353981537916,0.5,0.3020025177525718
231.49977731704712,9.860801021247527,2.7391135860800957,0.5,0.2989611401145694
231.5997772216797,9.977316799702027,2.77147910598763,0.5,0.29780867981076115
231.69977712631226,10.102838413291503,2.806346248767287,0.5,0.3001707634472915
231.79977703094482,10.226265610330334,2.8406316087063397,0.5,0.30410518808275283
231.8997769355774,10.316189239115404,2.8656104144629992,0.5,0.3009956748017081
231.99977684020996,10.4141458636903,2.892820609724164,0.5,0.29749289155938974
232.09977674484253,10.522155272706124,2.922823247341762,0.5,0.29946237997054587
232.1997766494751,10.638513509920191,2.9551450057586113,0.5,0.30356359127076143
232.29977655410767,10.74337209127174,2.9842724127692817,0.5,0.3030716949655213
232.39977645874023,10.856385926981966,3.015665170025197,0.5,0.3039866604299719
232.4997763633728,10.964122974344638,3.0455921515675053,0.5,0.30128668433711603
232.59977626800537,11.075016362897657,3.0763958952529857,0.5,0.3000425352812647
232.69977617263794,11.18607116926616,3.107244477256416,0.5,0.3017429316046561
232.7997760772705,11.28203237789442,3.133900389866757,0.5,0.3013319806738347
232.89977598190308,11.395958387100128,3.1655465288518996,0.5,0.30004496993501684
232.99977588653564,11.501291040542378,3.194805622659781,0.5,0.30045896490335955
233.0997757911682,11.609271112013085,3.224800110952771,0.5,0.3010784826874625
233.19977569580078,11.733090749294778,3.2591944821576053,0.5,0.3031853186054214
233.29977560043335,11.843099895884096,3.2897526028788926,0.5,0.30234880080793547
233.39977550506592,11.959767263577563,3.3221602309420484,0.5,0.3045127068000759
233.4997754096985,12.060422140387479,3.350119941312553,0.5,0.30550346896704067
233.59977531433105,12.17019841434399,3.380613375139645,0.5,0.30456742503413836
233.69977521896362,12.279214942515297,3.4108957683020145,0.5,0.3022750480393135
233.7997751235962,12.376757266062,3.437990879852171,0.5,0.2986799204162845
233.89977502822876,12.498968377352247,3.4719384379241527,0.5,0.3031643008505841
233.99977493286133,12.612118725296051,3.503369115275287,0.5,0.3052745439080534
234.0997748374939,12.720819533883347,3.5335638084830485,0.5,0.30537057179471466
234.19977474212646,12.8410938472087,3.566973366689939,0.5,0.3059144722084389
234.29977464675903,12.93474700265451,3.5929881529033647,0.5,0.30435816032560203
234.3997745513916,13.052342021304252,3.6256534619938527,0.5,0.304994436849689
234.49977445602417,13.153392260817522,3.6537229954253703,0.5,0.30406571190859244
234.59977436065674,13.254397882241738,3.681780134933346,0.5,0.302692408510156
234.6997742652893,13.362295184037421,3.711751631631547,0.5,0.30225386543931415
234.79977416992188,13.47429448484514,3.7428625734113137,0.5,0.3044813821483524
234.89977407455444,13.597341812168068,3.7770424139004217,0.5,0.3057482341084993
234.999773979187,13.707314215541448,3.8075903281646726,0.5,0.30639264495124197
235.09977388381958,13.802310765172418,3.8339782797280644,0.5,0.30458937486671056
235.19977378845215,13.925600118673394,3.868225349764858,0.5,0.30451572421245154
235.29977369308472,14.029724750212582,3.8971488816645508,0.5,0.3036984290222208
235.39977359771729,14.11850262639793,3.9218094225555644,0.5,0.2998248817420472
235.49977350234985,14.234826244069504,3.9541215644251393,0.5,0.3020010995669853
235.59977340698242,14.344975315783149,3.9847185532676117,0.5,0.30205287712405443
235.699773311615,14.440528903663425,4.011261237801819,0.5,0.3001830210267397
235.79977321624756,14.553484576924323,4.042637838808885,0.5,0.30232376779676945
235.89977312088013,14.658978280691835,4.071941668854017,0.5,0.3000019015690406
235.9997730255127,14.783934230476929,4.10665168267342,0.5,0.301641571366886
236.09977293014526,14.889314153447044,4.135923906916213,0.5,0.30118033644453374
236.19977283477783,15.005112327478388,4.168090092102292,0.5,0.30055864934124116
236.2997727394104,15.121435711222917,4.200402168992079,0.5,0.30370729768220683
236.39977264404297,15.22004972598722,4.227794972785278,0.5,0.3010710425194335
236.49977254867554,15.336247964893193,4.260072287192102,0.5,0.30317493501351483
236.5997724533081,15.458811114570352,4.294117633783124,0.5,0.3061690414104401
236.69977235794067,15.560317493486519,4.322313872705698,0.5,0.3052814116761172
236.79977226257324,15.656358279438733,4.348991890145933,0.5,0.3030649473925661
236.8997721672058,15.755847235381264,4.376627733349737,0.5,0.29979294562949044
236.99977207183838,15.867540508868029,4.407653667472344,0.5,0.300031955786606
237.09977197647095,15.962173180065905,4.433940541612348,0.5,0.2999814170267145
237.19977188110352,16.084052692734293,4.467795988882346,0.5,0.2997856054565765
237.29977178573608,16.214376338908203,4.503997030669243,0.5,0.303424363870369
237.39977169036865,16.333021549124503,4.5369540598727065,0.5,0.3075726119826715
237.49977159500122,16.440596980203484,4.5668361479669635,0.5,0.30635758393627155
237.5997714996338,16.540406096571868,4.594560924693541,0.5,0.30492147650874524
237.69977140426636,16.669176263886943,4.630330444229988,0.5,0.3095348984095669
237.79977130889893,16.766343659392184,4.6573214090186426,0.5,0.3073420782091253
237.8997712135315,16.869844217444427,4.686071587033279,0.5,0.30706525192987505
237.99977111816406,16.978724722776565,4.716316196043429,0.5,0.3048325473959758
238.09977102279663,17.07641200917994,4.743451575085985,0.5,0.30376412377692913
238.1997709274292,17.189497948500456,4.77486436113856,0.5,0.3033874238509279
238.29977083206177,17.310768225186003,4.808550576055718,0.5,0.3040744935198541
238.39977073669434,17.418338064525877,4.8384311108878695,0.5,0.30531836022557407
238.4997706413269,17.527985052201277,4.868888631830367,0.5,0.3044084626256648
238.59977054595947,17.622624728030335,4.895177451702811,0.5,0.3005301955677723
238.69977045059204,17.741331701578762,4.928151637401146,0.5,0.30291917123395734
238.7997703552246,17.85914794084369,4.96087839671168,0.5,0.3059435450533746
238.89977025985718,17.965474543295002,4.990413587687399,0.5,0.3068932198450127
238.99977016448975,18.07554568598257,5.0209889295608665,0.5,0.3066679235055837
239.09977006912231,18.19112798472697,5.053095149341488,0.5,0.3095775991007757
239.19976997375488,18.296761845826126,5.08243791200989,0.5,0.30732125464815946
239.29976987838745,18.394540844798218,5.10959876678636,0.5,0.3028011568322447
239.39976978302002,18.517300170004425,5.14369860662349,0.5,0.303372562694013
239.4997696876526,18.634197476333853,5.176170106581066,0.5,0.3046672698604015
239.59976959228516,18.74431428110225,5.206758132376021,0.5,0.30609889575989524
239.69976949691772,18.855505588449528,5.237644631348333,0.5,0.3036573831494199
239.7997694015503,18.94021619857263,5.261175375207109,0.5,0.30192727103451683
239.89976930618286,19.053839914234953,5.292737543696357,0.5,0.3033332676126856
239.99976921081543,19.171103838355815,5.325310882010802,0.5,0.30449763337525865
240.099769115448,19.269505641211012,5.352644738004313,0.5,0.3045968719453776
240.19976902008057,19.37942498821309,5.383177914375856,0.5,0.30415706668543063
240.29976892471313,19.502847454497445,5.417461960215392,0.5,0.3044559824316878
240.3997688293457,19.594799909729907,5.443004329324955,0.5,0.3022868975017931
240.49976873397827,19.697970698702303,5.471662904744129,0.5,0.3013874238823265
240.59976863861084,19.805913726469285,5.5016471031111855,0.5,0.3032351148917285
240.6997685432434,19.933621023206285,5.537121380584196,0.5,0.3044851619712039
240.79976844787598,20.06534745319308,5.573712084853068,0.5,0.3064171362928473
240.89976835250854,20.15864477884815,5.599628029378882,0.5,0.3046075113421013
240.9997682571411,20.261850983999683,5.628296442633465,0.5,0.303654046123364
241.09976816177368,20.38349392730893,5.66208617614002,0.5,0.3044958037890935
241.19976806640625,20.492032046565164,5.692235677830778,0.5,0.304899173684955
241.29976797103882,20.591127747160016,5.719762283350615,0.5,0.30508204923104243
241.3997678756714,20.720855449722244,5.755797785112946,0.5,0.3060498811166391
241.49976778030396,20.82196815063353,5.783884668946682,0.5,0.3038575709639692
241.59976768493652,20.921833692971802,5.8116251195663216,0.5,0.3024337820184806
241.6997675895691,21.027811142760687,5.841063323613779,0.16986666029038133,0.3017096338654516
241.79976749420166,21.126167701830337,5.868384611879028,0.0,0.3036049078761628
241.89976739883423,21.224206296669283,5.895617576676201,0.0,0.3014403039657977
241.9997673034668,21.34068211751851,5.927971997240058,0.0,0.30133084498611556
242.09976720809937,21.43013312183229,5.952819518316331,0.0,0.30008767634191846
242.19976711273193,21.459600872041204,5.961005011033862,0.0,0.28891382385869663
242.2997670173645,21.487544162152084,5.968767042274282,0.0,0.2756528039124441
242.39976692199707,21.536227567312164,5.982290221192839,0.0,0.26964320308573936
242.49976682662964,21.542839855943324,5.984126969504225,0.0,0.25623227674218957
242.5997667312622,21.54904851925648,5.985851599582027,0.0,0.24210247912233696
242.69976663589478,21.54496316698936,5.984716778599971,0.0,0.2237979124382085
242.79976654052734,21.549335638286774,5.985931354932024,0.0,0.20610983160113078
242.8997664451599,21.54459428358583,5.984614310905905,0.0,0.19249332433945127
242.99976634979248,21.564522716298317,5.990149991087915,0.0,0.1809269467726072
243.09976625442505,21.583163278913,5.995327929289895,0.0,0.16662103547713963
243.19976615905762,21.595370527144706,5.998718834289202,0.0,0.15324172437190878
243.29976606369019,21.608336913772476,6.002320611233891,0.0,0.14127929867607655
243.39976596832275,21.607486527605744,6.002084392665269,0.0,0.12314342121487984
243.49976587295532,21.606906484751335,6.0019232695212565,0.0,0.1090194042562933
243.5997657775879,21.592774146910845,5.9979976169806015,0.0,0.09318633757655675
243.69976568222046,21.583186334104692,5.995334333514934,0.0,0.07713557851279762
243.79976558685303,21.595589085815295,5.998779545079602,0.0,0.06519752877749548
243.8997654914856,21.60640631604074,6.001784333657165,0.0,0.053083429114785016
243.99976539611816,21.60765147666412,6.002130211884807,0.0,0.037079142683800456
244.09976530075073,21.609815571447246,6.002731349805473,0.0,0.024955939544409705
244.1997652053833,21.609471285830953,6.002635714835551,0.0,0.02081537175193014
244.29976511001587,21.622244540009333,6.006183843834713,0.0,0.018708418621954194
244.39976501464844,21.61989984024411,6.005532537823329,0.0,0.011621169398055572
244.499764919281,21.624493868157963,6.0068086577091835,0.0,0.01134085491796121
244.59976482391357,21.632672049467818,6.009080376557072,0.0,0.01161439956387695
244.69976472854614,21.618961424065237,6.0052718664539935,0.0,0.010277553728450326
244.7997646331787,21.623211934011678,6.006452564605897,0.0,0.010260614622220884
244.89976453781128,21.618656673817362,6.00518721353964,0.0,0.01028646112680101
244.99976444244385,21.62314544026585,6.006434094106168,0.0,0.008142059273999427
245.09976434707642,21.633070381665124,6.009191024478175,0.0,0.00693155420458527
245.19976425170898,21.632850178071347,6.009129856764304,0.0,0.005205516201917748
245.29976415634155,21.632743383422664,6.009100191560381,0.0,0.003389793396003821
245.39976406097412,21.6328614501649,6.0091329879039055,0.0,0.0035243009803534904
245.4997639656067,21.632918823215864,6.009148924875257,0.0,0.0036128311224644704
245.59976387023926,21.632905136824224,6.00914512309676,0.0,0.005573758373629264
245.69976377487183,21.632973633901234,6.009164150077817,0.0,0.0069149148760184204
245.7997636795044,21.63283508820397,6.009125665131123,0.0,0.005173064959179645
245.89976358413696,21.632926605762776,6.009151086695573,0.0,0.003683380031948852
245.99976348876953,21.633026734004076,6.009178900118185,0.0,0.0035243474777686768
246.0997633934021,21.645131962157357,6.012541466184147,0.0,0.004905062867169319
246.19976329803467,21.640609567147923,6.011285244343216,0.0,0.00432476887825326
246.29976320266724,21.632766176973547,6.009106523107358,0.0,0.0014613410299659639
246.3997631072998,21.632653935701722,6.009075344951353,0.0,0.001771405253355869
246.49976301193237,21.63273928421193,6.009099052889822,0.0,0.0011451986824659623
246.59976291656494,21.632777922818523,6.009109785844684,0.0,1.4704657829606106e-05
246.6997628211975,21.64498409314597,6.012500391425902,0.0,0.003614265932786682
246.79976272583008,21.640769748929543,6.0113297393181515,0.0,0.0024385896817478007
246.89976263046265,21.644668582797948,6.012412749592449,0.0,0.0036127714718120077
246.99976253509521,21.65715008766634,6.015879837051782,0.0,0.004722875976892441
247.09976243972778,21.644047600086022,6.012240254256696,0.0,0.0015246163432477051
247.19976234436035,21.632875556668598,6.009136906380291,0.0,3.5248113550044244e-06
247.29976224899292,21.63260458698634,6.009061636963892,0.0,-1.9277316628639928e-05
247.3997621536255,21.632533504673248,6.009041891861126,0.0,-4.5548064827693965e-05
247.49976205825806,21.632736839783174,6.009098373881291,0.0,-2.5275521087561715e-05
247.59976196289062,21.63273999003148,6.009099248950966,0.0,-2.2937094771540785e-05
247.6997618675232,21.632798697002904,6.009115556456074,0.0,-2.4296834042949633e-05
247.79976177215576,21.632922565395116,6.009149964370325,0.0,1.214963118784505e-05
247.89976167678833,21.632873416921022,6.009136312005488,0.0,-7.3873520874816764e-06
247.9997615814209,21.632902379140553,6.0091443570729055,0.0,-1.7271539111062952e-05
248.09976148605347,21.644374318618265,6.012331009477145,0.0,-0.00010522845385469298
248.19976139068604,21.64042964258222,6.011235265257205,0.0,-2.4989566837468803e-05
248.2997612953186,21.660777540811214,6.016887463731458,0.0,0.0038904740222950743
248.39976119995117,21.667111390946985,6.018646867954472,0.0,0.004785766065621808
248.49976110458374,21.671316187345383,6.019814867888426,0.0,0.005357912609005628
248.5997610092163,21.651760372428516,6.014382692732449,0.0,0.0026364559582026364
248.69976091384888,21.63276600850474,6.009106476310429,0.0,-0.0016969591760825167
248.79976081848145,21.63282061148633,6.00912164381745,0.0,-0.0011040488032535445
248.899760723114,21.632744408305474,6.009100476250278,0.0,-0.001656138250501732
248.99976062774658,21.632629227677665,6.009068481605847,0.0,-0.0034056809708778745
249.09976053237915,21.659732136118286,6.016597073306666,0.0,0.0021784116024800215
249.19976043701172,21.651963558858228,6.014439133452521,0.0,0.002651116064416658
249.2997603416443,21.63272648609522,6.009095497854558,0.0,1.6930461478943325e-05
249.39976024627686,21.632789799337736,6.009113084880438,0.0,3.559654360340918e-05
249.49976015090942,21.63281540280051,6.00912019695912,0.0,1.091154932070175e-05
249.599760055542,21.632814660431837,6.009119990745435,0.0,1.0370907125235863e-05
249.69975996017456,21.632800349612562,6.009116015514679,0.0,2.2952952157236092e-07
249.79975986480713,21.63304923060876,6.00918514918004,0.0,1.7592421635209694e-05
249.8997597694397,21.633110644009694,6.009202208471725,0.0,3.294826454063744e-05
249.99975967407227,21.633219779639838,6.009232523948795,0.0,4.4083479986213764e-05
250.09975957870483,21.63322442496652,6.009233814318351,0.0,-0.001548599056256329
250.1997594833374,21.63303866058922,6.009182213061154,0.0,-0.0010265270769980678
250.29975938796997,21.632826509586607,6.009123282179949,0.0,-0.0038820944780082077
250.39975929260254,21.61985903712003,6.005521203613128,0.0,-0.006562838429482558
250.4997591972351,21.62456094985192,6.006827291527967,0.0,-0.006493794373194741
250.59975910186768,21.632946289610395,6.009156554435397,0.0,-0.0026130716405450816
250.69975900650024,21.632949744668554,6.009157514174542,0.0,2.5518956393151786e-05
250.7997589111328,21.632780834991582,6.0091105947822925,0.0,-5.524522847554116e-06
250.89975881576538,21.632986246023012,6.009167653447781,0.0,3.35886307838585e-05
250.99975872039795,21.633057158948237,6.009187351498324,0.0,5.9435002920025844e-05
251.09975862503052,21.632831662299992,6.009124713490368,0.0,-0.0037361834712510028
251.1997585296631,21.604248761882136,6.001185012578096,0.0,-0.006627066757275866
251.29975843429565,21.61249804248744,6.003476481246077,0.0,-0.0028095109835990046
251.39975833892822,21.61777925577934,6.004943486111874,0.0,-0.0020848013725033787
251.4997582435608,21.623170521366294,6.006441061084087,0.0,-0.0013395692150295283
251.59975814819336,21.632715211759184,6.009092366092043,0.0,-1.3812339868646446e-05
251.69975805282593,21.632840674338176,6.00912721683631,0.0,5.600666156774713e-06
251.7997579574585,21.61808689638055,6.005028941902797,0.0,-0.002078105620457667
251.89975786209106,21.610024505537005,6.0027893870990585,0.0,-0.0032064137442078637
251.99975776672363,21.62428689369738,6.006751164757471,0.0,-0.0012406807788674919
252.0997576713562,21.616959608243377,6.00471580605863,0.0,-0.002259006284216739
252.19975757598877,21.622106851391916,6.006145596965944,0.0,-0.001518309495577437
252.29975748062134,21.632572497414365,6.009052723186768,0.0,-3.527953023594998e-05
252.3997573852539,21.63261035696475,6.009063239736955,0.0,0.0017710197508895374
252.49975728988647,21.619523743421997,6.005428066400276,0.0,-0.0006996132310486007
252.59975719451904,21.608861443873888,6.002466314156401,0.0,-0.0033451233296560427
252.6997570991516,21.622059327895307,6.006132395984103,0.0,-0.0015125605377095497
252.79975700378418,21.62090493114178,6.005811729962702,0.0,-0.0016494339828179191
252.89975690841675,21.6095961808409,6.002670407921624,0.0,-0.003248625861209627
252.99975681304932,21.607735295963575,6.002153495042171,0.0,-0.0035169315820837996
253.09975671768188,21.605152786450567,6.001436130714667,0.0,-0.003844295054056154
253.19975662231445,21.606462838546317,6.001800034365719,0.0,0.0003075111870770567
253.29975652694702,21.61029523810422,6.002864590650115,0.0,-0.0003059455897532321
253.3997564315796,21.60958060592969,6.002666081553938,0.0,-0.0011387033649201044
253.49975633621216,21.622669652314574,6.006301930680638,0.0,-6.956526806701814e-05
253.59975624084473,21.617481920203584,6.004860892830312,0.0,-0.002115738648591115
253.6997561454773,21.607494975865297,6.002086739405911,0.0,-0.003520242072364027
253.79975605010986,21.607202371338794,6.002005460305748,0.0,-0.0015117422402343113
253.89975595474243,21.607289077094247,6.002029545257086,0.0,-0.00037992128330743613
253.999755859375,21.60749479926127,6.002086690349198,0.0,-0.0023322394283336197
254.09975576400757,21.60971769074092,6.002704160698632,0.0,-0.0010058236392271078
254.19975566864014,21.609551794494394,6.002658078371065,0.0,-0.0017437609604199033
254.2997555732727,21.608312290841067,6.00231377152525,0.0,-0.003369479044144596
254.39975547790527,21.607613584514095,6.002119686279157,0.0,-0.003471780039846657
254.49975538253784,21.607417355577876,6.002065178197712,0.0,-0.0016814457048335975
254.5997552871704,21.60762899593596,6.0021239672331,0.0,-0.00017117362489463175
254.69975519180298,21.607532260743596,6.002097096324835,0.0,-0.002017651753816695
254.79975509643555,21.607597380397642,6.002115185132097,0.0,-0.001848274177954223
254.89975500106812,21.60740637559705,6.002062128200598,0.0,-0.000304140150563459
254.99975490570068,21.60725021052205,6.0020187489783945,0.0,-6.737309614007659e-05
255.09975481033325,21.607166419644187,6.001995473715923,0.0,0.000279671767344135
255.19975471496582,21.592522935181997,5.997927835888985,0.0,-0.001936101084776896
255.2997546195984,21.596000853947892,5.9988939252079385,0.0,-0.0019853346144509936
255.39975452423096,21.606204782857997,6.001728352172729,0.0,-0.0004688651377492267
255.49975442886353,21.60779550652352,6.002170220211091,0.0,-0.002065857204928608
255.5997543334961,21.60710034652226,6.00197712005626,0.0,-0.0014418877621171298
255.69975423812866,21.60711033529664,6.001979894718031,0.0,-5.342239488768973e-05
255.79975414276123,21.60940588977401,6.002617549249646,0.0,0.0003060447638159605
255.8997540473938,21.608762261586286,6.002438763498915,0.0,0.00020460931604533912
255.99975395202637,21.607790096729715,6.002168717489387,0.0,4.101360920840899e-05
256.09975385665894,21.62248657621739,6.006251076168515,0.0,0.0017734594262442363
256.1997537612915,21.617335286439477,6.0048201611965855,0.0,0.001081042443722855
256.2997536659241,21.607390244262394,6.002057647270719,0.0,-0.0001280622493949165
256.39975357055664,21.5921058134808,5.99781196865707,0.0,-0.0021538608651252514
256.4997534751892,21.612606402002452,6.003506581135437,0.0,0.0007207021561779637
256.5997533798218,21.6322161333137,6.008953733079614,0.0,0.003414886179946222
256.69975328445435,21.618104176980022,6.005033742073157,0.0,0.0014683242744639152
256.7997531890869,21.59325186843895,5.998130317511236,0.0,-0.0019924357105654466
256.8997530937195,21.598485042596128,5.999583978162268,0.0,-0.0012390762008402411
256.99975299835205,21.608469115847623,6.002357334061921,0.0,0.00016929270321344709
257.0997529029846,21.60653786513689,6.001820875101996,0.0,-8.729939021901446e-05
257.1997528076172,21.59192393073996,5.997761445633085,0.0,-8.319520729143035e-05
257.29975271224976,21.598338877604796,5.999543376743306,0.0,0.0003247260773666402
257.3997526168823,21.605649781160853,6.0015741849113,0.0,-7.708370422720711e-05
257.4997525215149,21.591792497658936,5.997724936414705,0.0,-0.0022226440178715035
257.59975242614746,21.59804326890448,5.999461263149749,0.0,-0.0012579296529106542
257.69975233078003,21.608291546924313,6.002308009321543,0.0,0.0001640574582134442
257.7997522354126,21.593062040596713,5.998077587512874,0.0,-0.002269983033210218
257.89975214004517,21.583008379158553,5.995284901545905,0.0,-0.003576934387735478
257.99975204467773,21.596257797728974,5.998965298537559,0.0,-0.001601711003424627
258.0997519493103,21.591985068248423,5.997778428287911,0.0,-0.004236327980379013
258.19975185394287,21.59555541876445,5.998770193113552,0.0,-0.003024986926368969
258.29975175857544,21.59175686679115,5.997715038943513,0.0,-0.002171306234322326
258.399751663208,21.596118867182092,5.998926706688108,0.0,0.0005573695470681933
258.4997515678406,21.591388568172405,5.997612733689795,0.0,-0.002946926533229162
258.59975147247314,21.59598081239279,5.998888358104844,0.0,-0.005032692286934099
258.6997513771057,21.592256223570242,5.997853749270895,0.0,-0.003589999824821407
258.7997512817383,21.59598859278077,5.998890519325458,0.0,0.00038010126960375527
258.89975118637085,21.591674877720312,5.997692264183393,0.0,-0.0009458578914777662
258.9997510910034,21.596007433483642,5.998895752858219,0.0,-0.0017307922524630026
259.099750995636,21.592022037194976,5.997788697447946,0.0,-0.0020160907497186096
259.19975090026855,21.583410692524524,5.9953966553480775,0.0,-0.001182396270124577
259.2997508049011,21.583264320335473,5.995355996374148,0.0,-0.002093692181279626
259.3997507095337,21.58311171133373,5.995313604950861,0.0,-0.003130292965499473
259.49975061416626,21.583138156129372,5.995320950733305,0.0,-0.001201993987010677
259.5997505187988,21.58347810663798,5.995415381505685,0.0,-0.0020229427512605718
259.6997504234314,21.58335205581645,5.995380367360583,0.0,-0.0034638242838402923
259.79975032806396,21.58304249424913,5.995294377967536,0.0,-0.0013916060998081928
259.89975023269653,21.583220757109572,5.995343895468383,0.0,2.949698936940495e-05
259.9997501373291,21.58331290096796,5.9953694910050785,0.0,-0.001797905480856619
260.09975004196167,21.58327263521201,5.995358306063922,0.0,-0.0012100622659998134
260.19974994659424,21.58316187969133,5.995327540616898,0.0,-0.0017213278899130813
260.2997498512268,21.58297361335257,5.995275244369851,0.0,-0.001219898450216738
260.3997497558594,21.598299759186666,5.999532510507354,0.0,0.00030290219849305676
260.49974966049194,21.593041362696063,5.998071843646987,0.0,0.00022955519751689896
260.5997495651245,21.59631561271472,5.9989813582686695,0.0,4.650012625851286e-05
260.6997494697571,21.58026816684191,5.994523730849013,0.0,-0.0016650107988189617
260.79974937438965,21.574869537091985,5.993024110274338,0.0,-0.002933207322884163
260.8997492790222,21.58330826290941,5.995368202654451,0.0,-0.001162031872671252
260.9997491836548,21.583378519175216,5.995387718299454,0.0,-0.0017540189521456722
261.09974908828735,21.5686726579082,5.991302753568424,0.0,-0.003242975032503305
261.1997489929199,21.57363791504254,5.992681992764687,0.0,-0.001357332586148689
261.2997488975525,21.582794136652787,5.9952253896911385,0.0,-6.53034037827422e-05
261.39974880218506,21.58273385544457,5.995208644897682,0.0,-5.2480076638652895e-05
261.4997487068176,21.570284572913383,5.991750508094734,0.0,-0.0017852230218068355
261.5997486114502,21.574974643036146,5.993053306393295,0.0,-0.0011810386825211777
261.69974851608276,21.56857252078317,5.991274937678108,0.0,-0.0020527167988605476
261.79974842071533,21.573477183161312,5.992637344984184,0.0,-0.0013285177586493558
261.8997483253479,21.583203291407713,5.995339043880652,0.0,-2.4257961787543456e-06
261.99974822998047,21.58337420089801,5.995386518777048,0.0,8.513894104144288e-06
262.09974813461304,21.58340841678133,5.995396023196685,0.0,1.8858584366344212e-05
262.1997480392456,21.583300505710394,5.995366047875223,0.0,1.9253647523817335e-05
262.2997479438782,21.55489771818877,5.9874763783630405,0.0,-0.0038994367221978792
262.39974784851074,21.534976842214114,5.981942797276552,0.0,-0.008794865002837673
262.4997477531433,21.54725992625723,5.985354767795881,0.0,-0.006358543989533169
262.5997476577759,21.560163136203805,5.988938995648421,0.0,-0.005021186098700632
262.69974756240845,21.560409427728462,5.9890074100155575,0.0,-0.002758163047117197
262.799747467041,21.574114598660085,5.992814404986602,0.0,-0.00010485274386364888
262.8997473716736,21.554009416501735,5.98722962769702,0.0,-0.004069291359494033
262.99974727630615,21.549478921404045,5.985971155829773,0.0,-0.00470828572501141
263.0997471809387,21.545176143201903,5.984775938706339,0.0,-0.0032634105432730724
263.1997470855713,21.535020048303846,5.981954798977746,0.0,-0.005363602008599691
263.29974699020386,21.535040697286824,5.98196053481094,0.0,-0.006632433765280802
263.3997468948364,21.56379323380772,5.989947356900641,0.0,-0.002630646507300209
263.499746799469,21.554739204980798,5.987432346881157,0.0,-0.002159082665850284
263.59974670410156,21.534921634237723,5.981927461715286,0.0,-0.00556292764422579
263.69974660873413,21.547967561208655,5.985551333217418,0.0,-0.0028618049595749333
263.7997465133667,21.56016083932357,5.9889383576256225,0.0,-0.001849495443096858
263.89974641799927,21.558818407413195,5.988565459574423,0.0,-0.0033867953830143205
263.99974632263184,21.572019092748953,5.992232319545619,0.0,-0.0015771011197553385
264.0997462272644,21.58315303897134,5.995325084859381,0.0,-3.5469202478004105e-05
264.199746131897,21.582940212719393,5.995265966408768,0.0,-5.004078094994924e-05
264.29974603652954,21.58280287899501,5.995227818121477,0.0,0.0038757235753963414
264.3997459411621,21.582798314576873,5.995226550226535,0.0,0.00664188280918442
264.4997458457947,21.570225979425366,5.99173423211282,0.0,0.003189735200437831
264.59974575042725,21.545876946644558,5.9849706064850325,0.0,-0.0019841964739712925
264.6997456550598,21.54712199645522,5.985316453931339,0.0,-0.0018454798020960163
264.7997455596924,21.57209305301101,5.992252864079293,0.0,-0.00028077072141809156
264.89974546432495,21.570483899416896,5.991805876612227,0.0,0.002288126639731012
264.9997453689575,21.545869294955178,5.98496848101406,0.0,-0.0005013378859696927
265.0997452735901,21.546265289104106,5.985078479476761,0.0,0.00015127052947371894
265.19974517822266,21.57150600039247,5.99208979377702,0.0,0.005067502232383695
265.2997450828552,21.57048269427213,5.991805541849525,0.0,0.0049225082137617894
265.3997449874878,21.545327093637955,5.984817869416564,0.0,-0.0025647461879712
265.49974489212036,21.546829706828532,5.985235262303417,0.0,-0.0010985433365226396
265.59974479675293,21.57101272306068,5.99195277218635,0.0,0.005012660015976965
265.6997447013855,21.55485328525504,5.987464035871574,0.0,0.0009563522391266222
265.79974460601807,21.547142514845625,5.985322153488789,0.0,-0.0018081037927590096
265.89974451065063,21.55739360463642,5.988169680708696,-0.19449755377627298,-0.00019788962158605628
265.9997444152832,21.54347100739254,5.9843022894914855,-0.5,-0.5
266.09974431991577,21.54916335941928,5.985883499652769,-0.5,-0.5
266.19974422454834,21.53154209605496,5.980988700357955,-0.5,-0.5
266.2997441291809,21.483827160404832,5.967734540962934,-0.5,-0.5
266.3997440338135,21.406310361227415,5.946202079521029,-0.5,-0.5
266.49974393844604,21.295091419326678,5.915307904277727,-0.5,-0.5
266.5997438430786,21.16352463017096,5.87876154471963,-0.5,-0.5
266.6997437477112,21.031754818981334,5.842158790106997,-0.5,-0.5
266.79974365234375,20.88199692501577,5.800559341837031,-0.5,-0.5
266.8997435569763,20.736106598941415,5.760034218840749,-0.5,-0.5
266.9997434616089,20.594308911969957,5.720645940949192,-0.5,-0.5
267.09974336624146,20.46950088715042,5.68597701743087,-0.5,-0.5
267.199743270874,20.363929179908666,5.65665151973667,-0.5,-0.5
267.2997431755066,20.247112996811392,5.624202554028275,-0.5,-0.5
267.39974308013916,20.137161635181755,5.593660484697518,-0.5,-0.5
267.49974298477173,20.00896635575588,5.558050656369158,-0.5,-0.5
267.5997428894043,19.906424543575543,5.5295667968653275,-0.5,-0.5
267.69974279403687,19.804911174223182,5.501368616153368,-0.5,-0.5
267.79974269866943,19.698977685647826,5.471942623563883,-0.5,-0.5
267.899742603302,19.58811715390605,5.441148006777715,-0.5,-0.5
267.99974250793457,19.476338965212538,5.410098485078809,-0.5,-0.5
268.09974241256714,19.37922275836668,5.38312173937358,-0.5,-0.3013811675590735
268.1997423171997,19.299132768216978,5.360874502089776,-0.5,-0.31005739482786343
268.2997422218323,19.210189350742354,5.33616797747051,-0.5,-0.3157835829009044
268.39974212646484,19.100200445825102,5.305615479440406,-0.5,-0.3202936054960969
268.4997420310974,19.00561115139484,5.279340654412157,-0.5,-0.3179839281858904
268.59974193573,18.90191813042899,5.250537014434304,-0.5,-0.3141125647037485
268.69974184036255,18.809201951021226,5.224782499550774,-0.5,-0.3086884396663482
268.7997417449951,18.70547458496844,5.195969319263363,-0.5,-0.3022952995780973
268.8997416496277,18.61317255761938,5.170329846710397,-0.5,-0.5
268.99974155426025,18.509957507246977,5.141658976448051,-0.5,-0.5
269.0997414588928,18.417254394147626,5.115908091097539,-0.5,-0.5
269.1997413635254,18.329297539501,5.091475611927509,-0.5,-0.5
269.29974126815796,18.21704072100742,5.0602931374,-0.5,-0.5
269.3997411727905,18.098362726177704,5.027327001352191,-0.5,-0.5
269.4997410774231,18.008946722111943,5.002489202574812,-0.5,-0.5
269.59974098205566,17.93527536405109,4.982024920075384,-0.5,-0.5
269.69974088668823,17.844593068303094,4.956835373327097,-0.5,-0.5
269.7997407913208,17.749588791955144,4.930445275451716,-0.5,-0.5
269.89974069595337,17.65171813762585,4.903258960833433,-0.5,-0.5
269.99974060058594,17.56581110036135,4.879395875836176,-0.5,-0.5
270.0997405052185,17.47983349442982,4.855513188415727,-0.5,-0.5
270.1997404098511,17.365652980444686,4.823796353601964,-0.5,-0.5
270.29974031448364,17.276789357327846,4.799111994099815,-0.5,-0.5
270.3997402191162,17.203002926288573,4.778615746858588,-0.5,-0.5
270.4997401237488,17.112625058394855,4.753510763470806,-0.5,-0.5
270.59974002838135,17.013973515109488,4.726107535080084,-0.5,-0.5
270.6997399330139,16.91525283143921,4.698685101011522,-0.5,-0.5
270.7997398376465,16.816451664514513,4.671240310465513,-0.5,-0.5
270.89973974227905,16.751392668462906,4.653168352660289,-0.5,-0.5
270.9997396469116,16.64716623942835,4.624216543655929,-0.5,-0.5
271.0997395515442,16.55587187487781,4.598856977659809,-0.5,-0.5
271.19973945617676,16.475895989492646,4.576641436169289,-0.5,-0.5
271.2997393608093,16.365170908941405,4.545884444743926,-0.5,-0.5
271.3997392654419,16.276094120753044,4.52114087267454,-0.5,-0.5
271.49973917007446,16.187424371322248,4.496510367017152,-0.5,-0.5
271.59973907470703,16.10071538863762,4.472424519224981,-0.5,-0.5
271.6997389793396,16.013162742740548,4.448104320352984,-0.5,-0.5
271.79973888397217,15.93037633873644,4.425108078621531,-0.5,-0.5
271.89973878860474,15.844120563704589,4.4011481219447335,-0.5,-0.5
271.9997386932373,15.747787279513823,4.374388854928791,-0.5,-0.5
272.0997385978699,15.659655366646842,4.349907748436427,-0.5,-0.5
272.19973850250244,15.569484466294128,4.32486025607825,-0.5,-0.5
272.299738407135,15.488005176529946,4.302227101926135,-0.5,-0.5
272.3997383117676,15.417121143597894,4.282537077026336,-0.5,-0.5
272.49973821640015,15.331525530374762,4.258760498776441,-0.5,-0.5
272.5997381210327,15.248416762727333,4.235674711516873,-0.5,-0.5
272.6997380256653,15.160220325039273,4.2111756814487595,-0.5,-0.5
272.79973793029785,15.073776428596261,4.187163468782613,-0.5,-0.5
272.8997378349304,14.98832530254437,4.16342702589017,-0.5,-0.5
272.999737739563,14.908116588061153,4.141146809598451,-0.5,-0.5
273.09973764419556,14.820282414296866,4.116748408478555,-0.5,-0.5
273.1997375488281,14.73755752396031,4.093769253890647,-0.5,-0.5
273.2997374534607,14.662406323524175,4.072893903735899,-0.5,-0.5
273.39973735809326,14.572644439880746,4.047960027221194,-0.5,-0.5
273.49973726272583,14.47739509526504,4.0215018547725325,-0.5,-0.5
273.5997371673584,14.409126961020187,4.0025384689782655,-0.5,-0.5
273.69973707199097,14.314068492077192,3.9761333175922187,-0.5,-0.5
273.79973697662354,14.221513020979476,3.950423443941637,-0.5,-0.5
273.8997368812561,14.146819942814252,3.929675350075058,-0.5,-0.5
273.9997367858887,14.07197795278146,3.9088858917677287,-0.5,-0.5
274.09973669052124,13.985205466164608,3.8847824039802727,-0.5,-0.5
274.1997365951538,13.900954094936054,3.8613792265831477,-0.5,-0.5
274.2997364997864,13.828561632399632,3.8412701931247053,-0.5,-0.5
274.39973640441895,13.741003813549757,3.8169485573202246,-0.5,-0.5
274.4997363090515,13.671724158822867,3.7977041933894986,-0.5,-0.5
274.5997362136841,13.608387547999108,3.7801106763080967,-0.5,-0.5
274.69973611831665,13.507746511488179,3.7521548104681637,-0.5,-0.5
274.7997360229492,13.429605117116889,3.7304488502224955,-0.5,-0.5
274.8997359275818,13.351601056810766,3.7087810383587816,-0.5,-0.5
274.99973583221436,13.26462364655889,3.6846206272938358,-0.5,-0.5
275.0997357368469,13.19422161850641,3.665064492745474,-0.5,-0.5
275.1997356414795,13.137385317564089,3.649276618742318,-0.5,-0.5
275.29973554611206,13.059862225903753,3.627742409387093,-0.5,-0.5
275.39973545074463,12.976952146669735,3.604711813397626,-0.5,-0.5
275.4997353553772,12.901792821176182,3.583834206280678,-0.5,-0.5
275.59973526000977,12.825144675850558,3.5625430377684166,-0.5,-0.5
275.69973516464233,12.741021904049019,3.5391755824629287,-0.5,-0.5
275.7997350692749,12.659429685488549,3.5165110591756386,-0.5,-0.5
275.89973497390747,12.598420933585777,3.4995641700895903,-0.5,-0.5
275.99973487854004,12.515454806968698,3.4765180053701514,-0.5,-0.5
276.0997347831726,12.412936017687956,3.4480405411213253,-0.5,-0.5
276.1997346878052,12.346787920026674,3.4296660548491698,-0.5,-0.5
276.29973459243774,12.26992814582256,3.4083161004902993,-0.5,-0.5
276.3997344970703,12.171079559753803,3.3808581379492924,-0.5,-0.5
276.4997344017029,12.10214693432925,3.361710171124111,-0.5,-0.5
276.59973430633545,12.036500236866626,3.343474962796338,-0.5,-0.5
276.699734210968,11.966870457726522,3.324133342006358,-0.5,-0.5
276.7997341156006,11.894470543918196,3.3040222387485088,-0.5,-0.5
276.89973402023315,11.820058488599892,3.2833522068463012,-0.5,-0.5
276.9997339248657,11.760770202744188,3.2668832253778755,-0.5,-0.5
277.0997338294983,11.682525877130285,3.2451486730974968,-0.5,-0.5
277.19973373413086,11.598756073884154,3.2218792646913927,-0.5,-0.5
277.2997336387634,11.527214487572168,3.2020065859288223,-0.5,-0.5
277.399733543396,11.454670527985705,3.1818554699228137,-0.5,-0.5
277.49973344802856,11.382279446890456,3.161746820198337,-0.5,-0.5
277.59973335266113,11.323619955542343,3.1454525040106414,-0.5,-0.5
277.6997332572937,11.228488308075054,3.119027025240473,-0.5,-0.5
277.79973316192627,11.150551265443195,3.09737782941228,-0.5,-0.5
277.89973306655884,11.089702439007041,3.0804753641024982,-0.5,-0.5
277.9997329711914,11.01566812963215,3.0599102617129597,-0.5,-0.5
278.099732875824,10.940867222089038,3.039132215217449,-0.5,-0.5
278.19973278045654,10.864950910131082,3.018044333914392,-0.5,-0.5
278.2997326850891,10.807282360043502,3.002025279408164,-0.5,-0.5
278.3997325897217,10.746610365260269,2.9851719340412672,-0.5,-0.5
278.49973249435425,10.660520374451368,2.961258028574352,-0.5,-0.5
278.5997323989868,10.578945771652174,2.938598398557998,-0.5,-0.5
278.6997323036194,10.504935708296937,2.918040031179307,-0.5,-0.5
278.79973220825195,10.43043432357841,2.897345185534964,-0.5,-0.5
278.8997321128845,10.35762122754012,2.8771193093436396,-0.5,-0.5
278.9997320175171,10.298356207597392,2.8606567906339886,-0.5,-0.5
279.09973192214966,10.220716334419913,2.8390901419424948,-0.5,-0.5
279.1997318267822,10.151376944302722,2.819829184834522,-0.5,-0.5
279.2997317314148,10.102221001340252,2.806174745310293,-0.5,-0.5
279.39973163604736,10.02571280816744,2.784922452427135,-0.5,-0.5
279.49973154067993,9.942283951666733,2.761747751526082,-0.5,-0.5
279.5997314453125,9.881004300567051,2.7447256126029145,-0.5,-0.5
279.69973134994507,9.81757838122059,2.7271072875786935,-0.5,-0.5
279.79973125457764,9.743466228898821,2.706520562131057,-0.5,-0.5
279.8997311592102,9.67291952182952,2.6869242389347607,-0.5,-0.5
279.9997310638428,9.61573181105561,2.6710387510114058,-0.5,-0.5
280.09973096847534,9.550936279634927,2.653039977884431,-0.5,-0.5
280.1997308731079,9.489708837591792,2.636032341488573,-0.5,-0.5
280.2997307777405,9.408147704729913,2.613376453124466,-0.5,-0.5
280.39973068237305,9.339541739269153,2.594319225250707,-0.5,-0.5
280.4997305870056,9.263680800360472,2.5732467253625315,-0.5,-0.5
280.5997304916382,9.18328378567422,2.5509142034170136,-0.5,-0.5
280.69973039627075,9.12647133467637,2.5351329544037333,-0.5,-0.5
280.7997303009033,9.060300587565917,2.5167521766128855,-0.5,-0.5
280.8997302055359,8.99901196135765,2.4997275446020057,-0.5,-0.5
280.99973011016846,8.939287248986052,2.483137333448848,-0.5,-0.5
281.099730014801,8.883607410158842,2.467670699179103,-0.5,-0.5
281.1997299194336,8.822524746923827,2.450703279151007,-0.5,-0.5
281.29972982406616,8.74802003238542,2.430007508555957,-0.5,-0.5
281.39972972869873,8.67004170094987,2.408346843606453,-0.5,-0.5
281.4997296333313,8.610269561137926,2.391743458153771,-0.5,-0.5
281.59972953796387,8.550988850400895,2.37527658088666,-0.5,-0.5
281.69972944259644,8.478426793031865,2.3551204377148056,-0.5,-0.5
281.799729347229,8.404534900747892,2.334594895659948,-0.5,-0.5
281.8997292518616,8.346589729870463,2.3184990019839575,-0.5,-0.5
281.99972915649414,8.280118867518397,2.3000348587815256,-0.5,-0.5
282.0997290611267,8.208409828546202,2.280115665353907,-0.5,-0.5
282.1997289657593,8.135882975107378,2.2599693010593778,-0.5,-0.5
282.29972887039185,8.06298048127948,2.2397185921288516,-0.5,-0.5
282.3997287750244,8.004436658338067,2.2234564060798316,-0.5,-0.5
282.499728679657,7.955327086674679,2.209814847482319,-0.5,-0.5
282.59972858428955,7.877789968714857,2.1882767419296756,-0.5,-0.5
282.6997284889221,7.820131357477747,2.172260448217454,-0.5,-0.5
282.7997283935547,7.765919807484033,2.1572016722833,-0.5,-0.5
282.89972829818726,7.691833883078766,2.1366222323738535,-0.5,-0.5
282.9997282028198,7.618947772942933,2.116376074472542,-0.5,-0.5
283.0997281074524,7.547437743365782,2.09651216147666,-0.5,-0.5
283.19972801208496,7.475515731524536,2.0765338088714227,-0.5,-0.5
283.29972791671753,7.416379905485511,2.0601071773859543,-0.5,-0.5
283.3997278213501,7.367834536799902,2.0466223419632033,-0.5,-0.5
283.49972772598267,7.3029319800462416,2.028593839553285,-0.5,-0.5
283.59972763061523,7.229065973282312,2.008075487926414,-0.5,-0.5
283.6997275352478,7.172770403934724,1.99243781726418,-0.5,-0.5
283.79972743988037,7.094766647594186,1.9707700898354181,-0.5,-0.5
283.89972734451294,7.024269443510336,1.9511875174794144,-0.5,-0.5
283.9997272491455,6.959151311834944,1.9330991330988871,-0.5,-0.5
284.0997271537781,6.886784871453712,1.9129973280226695,-0.5,-0.5
284.19972705841064,6.8311303873998614,1.8975377367511588,-0.5,-0.5
284.2997269630432,6.766349161914339,1.8795429374982413,-0.5,-0.5
284.3997268676758,6.692493872484211,1.8590275629109192,-0.5,-0.5
284.49972677230835,6.618446372160725,1.8384587963660621,-0.5,-0.5
284.5997266769409,6.557405417400108,1.8215029620345675,-0.5,-0.5
284.6997265815735,6.49648676090905,1.8045810994717943,-0.5,-0.5
284.79972648620605,6.424248001454105,1.7845147613479184,-0.5,-0.5
284.8997263908386,6.350505746378455,1.7640307852175146,-0.5,-0.5
284.9997262954712,6.291942358094672,1.7477631643468219,-0.5,-0.5
285.09972620010376,6.226766869318791,1.7296588474256351,-0.5,-0.5
285.1997261047363,6.1544265561031635,1.7095642999012246,-0.5,-0.5
285.2997260093689,6.099434307375181,1.6942886630340632,-0.5,-0.5
285.39972591400146,6.051379274939736,1.68094003223421,-0.5,-0.5
285.49972581863403,5.956208454847725,1.6545036721706916,-0.5,-0.5
285.5997257232666,5.893557238254269,1.6371005425277945,-0.5,-0.5
285.69972562789917,5.826203124839198,1.618391051611583,-0.5,-0.5
285.79972553253174,5.759747624670977,1.5999311756858547,-0.5,-0.5
285.8997254371643,5.711200976029121,1.5864459847194174,-0.5,-0.5
285.9997253417969,5.645403602738511,1.568168921961498,-0.5,-0.5
286.09972524642944,5.572127036778159,1.5478143040221637,-0.5,-0.5
286.199725151062,5.4959721223333995,1.5266601441975272,-0.5,-0.5
286.2997250556946,5.4386300899658115,1.5107317891305234,-0.5,-0.5
286.39972496032715,5.379496675211076,1.4943058274467824,-0.5,-0.5
286.4997248649597,5.322142120135923,1.4783739938471165,-0.5,-0.5
286.5997247695923,5.243810260466489,1.4566151265318605,-0.5,-0.5
286.69972467422485,5.157456462895676,1.4326279413502352,-0.5,-0.5
286.7997245788574,5.114007692560026,1.420558828823939,-0.5,-0.5
286.89972448349,5.047164280696053,1.4019911995631882,-0.5,-0.5
286.99972438812256,4.964344709811714,1.3789857448020784,-0.5,-0.5
287.0997242927551,4.919706677726205,1.3665862815254297,-0.5,-0.5
287.1997241973877,4.851993274277943,1.3477769877423784,-0.5,-0.5
287.29972410202026,4.782924620367753,1.328591235196514,-0.5,-0.5
287.39972400665283,4.716860702520773,1.3102401322248154,-0.5,-0.5
287.4997239112854,4.672754396671396,1.297988370798587,-0.5,-0.5
287.59972381591797,4.6183421691522675,1.2828738510627786,-0.5,-0.5
287.69972372055054,4.558427612676889,1.266230905394161,-0.5,-0.5
287.7997236251831,4.495541903267161,1.2487626388057456,-0.5,-0.5
287.8997235298157,4.424101755797389,1.2289181375218874,-0.5,-0.5
287.99972343444824,4.381206634732299,1.2170028165826687,-0.5,-0.5
288.0997233390808,4.342963578040899,1.206379736781045,-0.5,-0.5
288.1997232437134,4.2768842197828905,1.1880243448028518,-0.5,-0.5
288.29972314834595,4.204382763499476,1.1678850352793575,-0.5,-0.5
288.3997230529785,4.1463883219254205,1.1517754552877995,-0.5,-0.5
288.4997229576111,4.09817193803286,1.1383820046028919,-0.5,-0.5
288.59972286224365,4.033508702225083,1.1204199802866792,-0.5,-0.5
288.6997227668762,3.9732419552236102,1.103679203838104,-0.5,-0.5
288.7997226715088,3.895477929188264,1.0820780682140578,-0.5,-0.5
288.89972257614136,3.857128849275965,1.071425537494179,-0.5,-0.5
288.9997224807739,3.799944714990921,1.0555410430407481,-0.5,-0.5
289.0997223854065,3.7352460766726447,1.037569184685974,-0.5,-0.5
289.19972229003906,3.6845621046990265,1.0234902923190863,-0.5,-0.5
289.29972219467163,3.6192612788257232,1.0053511595096518,-0.5,-0.5
289.3997220993042,3.560441744102376,0.98901238679327,-0.5,-0.5
289.49972200393677,3.4842992213316664,0.9678616691030677,-0.5,-0.5
289.59972190856934,3.4161850113480856,0.9489410400822486,-0.5,-0.5
289.6997218132019,3.33753602268552,0.9270940813095385,-0.5,-0.5
289.7997217178345,3.23761085275368,0.8993370674562119,-0.5,-0.5
289.89972162246704,3.167956335250991,0.8799885748933499,-0.5,-0.5
289.9997215270996,3.0874654062389624,0.8576299656142465,-0.5,-0.5
290.0997214317322,2.9613308974391295,0.8225925740288466,-0.5,-0.5
290.19972133636475,2.84745009331505,0.7909589920208681,-0.5,-0.5
290.2997212409973,2.7212919124781605,0.7559150248643586,-0.5,-0.5
290.3997211456299,2.6161125101180414,0.7266985008355693,-0.5,-0.5
290.49972105026245,2.5120063619783077,0.6977801032176104,-0.5,-0.5
290.599720954895,2.4087791085092936,0.6691058432034946,-0.5,-0.5
290.6997208595276,2.312898738265722,0.6424723857179758,-0.5,-0.5
290.79972076416016,2.183834311848746,0.606621127476721,-0.5,-0.5
290.8997206687927,2.096602543334267,0.5823900612823061,-0.5,-0.5
290.9997205734253,2.0038010130649364,0.556611837807152,-0.5,-0.5
291.09972047805786,1.8846661778653553,0.5235188015550827,-0.5,-0.5
291.19972038269043,1.7646256502452768,0.49017418387383255,-0.5,-0.5
291.299720287323,1.6699632228907613,0.4638790441281499,-0.5,-0.5
291.39972019195557,1.4957873318641322,0.41549681347055495,-0.5,-0.5
291.49972009658813,1.231003107035717,0.34194558106616746,-0.5,-0.31295834247878346
291.5997200012207,1.2273236546333612,0.3409235101367458,-0.5,-0.3040090548983789
291.69971990585327,1.2195633983075052,0.3387678816550622,-0.5,-0.5
291.79971981048584,1.0880626109428553,0.3022398559424845,-0.5,-0.5
291.8997197151184,0.8964072469770425,0.24900221225078895,-0.5,-0.3154934821993114
291.999719619751,0.6747470945704801,0.18742989843559885,-0.5,-0.335100353165924
292.09971952438354,0.4696239322149221,0.13045119664279664,-0.5,-0.34607101873206714
292.1997194290161,0.18889181230336277,0.05246998983800351,-0.5,-0.3692448532307652
292.2997193336487,0.020280381628446257,0.005633443847986545,-0.5,-0.37514114827066414
292.39971923828125,0.0,0.0,-0.5,-0.5
292.4997191429138,0.013061439379663971,0.003628180508004299,-0.5,-0.5
292.5997190475464,0.08142382851616914,0.022617748237564433,-0.5,-0.35103807940501175
292.69971895217896,0.0596472718577012,0.016568699882088526,-0.5,-0.33960339386880434
292.7997188568115,0.007752552731578502,0.002153488592672413,-0.5,-0.3324738627072038
292.8997187614441,0.0,0.0,-0.5,-0.5
292.99971866607666,0.01939342479036079,0.0053870667514168405,-0.5,-0.5
293.09971857070923,0.05415125947618911,0.01504202855477686,-0.5,-0.3143296357590811
293.1997184753418,0.026634138622653333,0.007398377758323398,-0.5,-0.30022581858623226
293.29971837997437,0.0,0.0,-0.5,-0.5
293.39971828460693,0.0,0.0,-0.5,-0.5
293.4997181892395,0.02475306875360547,0.00687585793223902,-0.5,-0.5
293.59971809387207,0.0277564733843823,0.007710137663766947,-0.5,-0.5
293.69971799850464,0.007390574523671341,0.002052939010036378,-0.5,-0.5
293.7997179031372,0.0,0.0,-0.5,-0.5
293.8997178077698,0.0,0.0,-0.5,-0.5
293.99971771240234,0.007456781908031497,0.0020713299648491734,-0.5,-0.5
294.0997176170349,0.016609723231817787,0.0046138156998878814,-0.5,-0.5
294.1997175216675,0.007222219444423257,0.0020061736728330037,-0.5,-0.5
294.29971742630005,0.0,0.0,-0.5,-0.5
294.3997173309326,0.0,0.0,-0.5,-0.5
294.4997172355652,0.0,0.0,-0.5,-0.5
294.59971714019775,0.0,0.0,-0.5,-0.5
294.6997170448303,0.0,0.0,-0.5,-0.5
294.7997169494629,0.0,0.0,-0.5,-0.5
294.89971685409546,0.0,0.0,-0.5,-0.5
294.999716758728,0.0,0.0,-0.5,-0.5
295.0997166633606,0.0,0.0,-0.5,-0.5
295.19971656799316,0.0,0.0,-0.5,-0.5
295.29971647262573,0.0,0.0,-0.5,-0.5
295.3997163772583,0.0,0.0,-0.5,-0.5
295.49971628189087,0.0,0.0,-0.5,-0.5
295.59971618652344,0.0,0.0,-0.5,-0.5
295.699716091156,0.0,0.0,-0.5,-0.5
295.7997159957886,0.0,0.0,-0.5,-0.5
295.89971590042114,0.0,0.0,-0.5,-0.5
295.9997158050537,0.0,0.0,-0.5,-0.5
296.0997157096863,0.0,0.0,-0.5,-0.5
296.19971561431885,0.0,0.0,-0.5,-0.5
296.2997155189514,0.0,0.0,-0.5,-0.5
296.399715423584,0.0,0.0,-0.5,-0.5
296.49971532821655,0.0,0.0,-0.5,-0.5
296.5997152328491,0.0,0.0,-0.5,-0.5
296.6997151374817,0.0,0.0,-0.5,-0.5
296.79971504211426,0.0,0.0,-0.5,-0.5
296.8997149467468,0.0,0.0,-0.5,-0.5
296.9997148513794,0.0,0.0,-0.5,-0.5
297.09971475601196,0.0,0.0,-0.5,-0.5
297.19971466064453,0.0,0.0,-0.5,-0.5
297.2997145652771,0.0,0.0,-0.5,-0.5
297.39971446990967,0.0,0.0,-0.5,-0.5
297.49971437454224,0.0,0.0,-0.5,-0.5
297.5997142791748,0.0,0.0,-0.5,-0.5
297.6997141838074,0.0,0.0,-0.5,-0.5
297.79971408843994,0.0,0.0,-0.5,-0.5
297.8997139930725,0.0,0.0,-0.5,-0.5
297.9997138977051,0.0,0.0,-0.5,-0.5
298.09971380233765,0.0,0.0,-0.5,-0.5
298.1997137069702,0.0,0.0,-0.5,-0.5
298.2997136116028,0.0,0.0,-0.5,-0.5
298.39971351623535,0.0,0.0,-0.5,-0.5
298.4997134208679,0.0,0.0,-0.5,-0.5
298.5997133255005,0.0,0.0,-0.5,-0.5
298.69971323013306,0.0,0.0,-0.5,-0.5
298.7997131347656,0.0,0.0,-0.5,-0.5
298.8997130393982,0.0,0.0,-0.5,-0.5
298.99971294403076,0.0,0.0,-0.5,-0.5
299.09971284866333,0.0,0.0,-0.5,-0.5
299.1997127532959,0.0,0.0,-0.5,-0.5
299.29971265792847,0.0,0.0,-0.5,-0.5
299.39971256256104,0.0,0.0,-0.5,-0.5
299.4997124671936,0.0,0.0,-0.5,-0.5
299.5997123718262,0.0,0.0,-0.5,-0.5
299.69971227645874,0.0,0.0,-0.5,-0.5
299.7997121810913,0.0,0.0,-0.5,-0.5
299.8997120857239,0.0,0.0,-0.5,-0.5
299.99971199035645,0.0,0.0,-0.5,-0.5
300.099711894989,0.0,0.0,-0.5,-0.5
300.1997117996216,0.0,0.0,-0.5,-0.5
300.29971170425415,0.0,0.0,-0.5,-0.5
300.3997116088867,0.0,0.0,-0.5,-0.5
300.4997115135193,0.0,0.0,-0.5,-0.5
300.59971141815186,0.0,0.0,-0.5,-0.5
300.6997113227844,0.0,0.0,-0.5,-0.5
300.799711227417,0.0,0.0,-0.5,-0.5
300.89971113204956,0.0,0.0,-0.5,-0.5
300.99971103668213,0.0,0.0,-0.21929895959556234,-0.21929895959556234
301.0997109413147,0.0,0.0,1.0,-0.21929895959556234
301.19971084594727,0.0,0.0,1.0,-0.21929895959556234
301.29971075057983,0.0,0.0,1.0,-0.21929895959556234
301.3997106552124,0.0,0.0,1.0,-0.21929895959556234
301.49971055984497,0.0,0.0,1.0,-0.21929895959556234
301.59971046447754,0.0,0.0,1.0,-0.21929895959556234
301.6997103691101,0.007679085716857711,0.0021330810722573015,1.0,-0.21929895959556234
301.7997102737427,0.09428508588241605,0.026190322586245766,1.0,-0.2192701165566881
301.89971017837524,0.409022927144272,0.1136175706562816,1.0,-0.15136531243380502
301.9997100830078,0.6856489659033316,0.19045819845069564,1.0,-0.07616931062190857
302.0997099876404,0.8628297482577739,0.23967512181154796,1.0,-0.051049789520929444
302.19970989227295,1.0592802179307252,0.294244740376361,1.0,-0.02268713894894974
302.2997097969055,1.2666471698531003,0.35184671754745456,1.0,0.02437790737761178
302.3997097015381,1.4715522451433534,0.40876483955143045,1.0,0.07945584275185982
302.49970960617065,1.6696538608278004,0.46379311015302477,1.0,0.13775619055979638
302.5997095108032,1.8955107454248488,0.5265311838426237,1.0,0.19761463538645838
302.6997094154358,2.100410355202956,0.5834477876475668,1.0,0.26506360501567655
302.79970932006836,2.3021794124352084,0.6394947928274274,1.0,0.3165054296593623
302.8997092247009,2.5181073061623747,0.6994748112911722,1.0,0.3370006745722433
302.9997091293335,2.7360893358193903,0.7600254235252387,1.0,0.3703005366242377
303.09970903396606,2.939623452291854,0.8165627233307267,1.0,0.4057768260045157
303.19970893859863,3.136990314226381,0.8713868955051757,1.0,0.4283614527284387
303.2997088432312,3.3671911313259666,0.9353316180774645,1.0,0.46415567354883897
303.39970874786377,3.6035381395389106,1.0009836173248396,1.0,0.4965645642142892
303.49970865249634,3.8008920605601717,1.0558041947982835,1.0,0.5268034811159548
303.5997085571289,4.01852783766239,1.1162586256901834,1.0,0.555759481308979
303.6997084617615,4.237808787134268,1.177170049272583,1.0,0.5875190444019859
303.79970836639404,4.446499113813571,1.2351396308369063,1.0,0.6044752305978326
303.8997082710266,4.647640635773391,1.2910123205238613,1.0,0.5886979363598919
303.9997081756592,4.840496468666131,1.3445834280731406,1.0,0.577063165141542
304.09970808029175,5.051162174104477,1.4031017263983936,1.0,0.5817138570589878
304.1997079849243,5.285808660359875,1.4682813580574454,1.0,0.5870188686653606
304.2997078895569,5.501124080376698,1.5280912447988786,1.0,0.5881228245033447
304.39970779418945,5.7180007853604335,1.5883348221558506,1.0,0.589785553765545
304.499707698822,5.947748288235946,1.6521536240096049,1.0,0.5941808235832808
304.5997076034546,6.129506046478135,1.7026419305786036,1.0,0.588055934181831
304.69970750808716,6.334519191719955,1.7595900720375857,1.0,0.5880717030238888
304.7997074127197,6.564390888203882,1.8234433721434982,1.0,0.5919748542092498
304.8997073173523,6.789033475772547,1.8858441408331466,1.0,0.5931852304765065
304.99970722198486,6.98988076663641,1.941635099594729,1.0,0.5908054014706825
305.09970712661743,7.195122875267432,1.998646842046037,1.0,0.5910426230198247
305.19970703125,7.419717804414055,2.0610343722745275,1.0,0.5948243056533389
305.29970693588257,7.628565882032997,2.119047773579362,1.0,0.5918586421913349
305.39970684051514,7.855302304391303,2.1820301635092076,1.0,0.5905238362596
305.4997067451477,8.065655747995507,2.240461722366696,1.0,0.592329328673474
305.5997066497803,8.286960269772123,2.301935249816761,1.0,0.5928388774385001
305.69970655441284,8.50421627056525,2.362284187205074,1.0,0.5925576340732424
305.7997064590454,8.701824655958921,2.4171754492829574,1.0,0.5910184728621638
305.899706363678,8.899617509931137,2.4721179526736514,1.0,0.5905533792704853
305.99970626831055,9.139002691746589,2.538613889707984,1.0,0.5970158001760568
306.0997061729431,9.37357555107492,2.6037730694264893,1.0,0.600336244039305
306.1997060775757,9.579161492843134,2.6608803211589804,1.0,0.5963000502268101
306.29970598220825,9.79337083718177,2.7203829644106783,1.0,0.5961464283354373
306.3997058868408,9.996824911089195,2.776898030152535,1.0,0.5942821707499849
306.4997057914734,10.208885211245482,2.8358037162093477,1.0,0.5918256105087559
306.59970569610596,10.437495569735072,2.899306644369869,1.0,0.5983329275103785
306.6997056007385,10.653143431113913,2.9592088760079607,1.0,0.5998099740085545
306.7997055053711,10.863167882131233,3.0175490479626497,1.0,0.5970534073040759
306.89970541000366,11.08603027454296,3.0794553176019948,1.0,0.5968061575431285
306.99970531463623,11.304347206499003,3.14009895832688,1.0,0.5992325008387211
307.0997052192688,11.520678504689304,3.2001910336755857,1.0,0.6007726687562384
307.19970512390137,11.726118843054547,3.257257839986006,1.0,0.5981123042600821
307.29970502853394,11.948432621560114,3.3190117167517257,1.0,0.599982543774124
307.3997049331665,12.148310225920552,3.3745333179357595,1.0,0.5962521458436333
307.4997048377991,12.367047614235952,3.4352937521872344,1.0,0.5974165846511221
307.59970474243164,12.607419900149194,3.5020638850236434,1.0,0.6000648898699149
307.6997046470642,12.82146202072928,3.5615200771941384,1.0,0.5996185168353113
307.7997045516968,13.038803778711126,3.6218928360428193,1.0,0.6023592678344939
307.89970445632935,13.258426117171165,3.6828990899755722,1.0,0.6053911459969477
307.9997043609619,13.481341925416883,3.744820197358451,1.0,0.60310372898977
308.0997042655945,13.690078601453628,3.8028026537545863,1.0,0.5995153639064531
308.19970417022705,13.880640871252854,3.855736659934876,1.0,0.5974287391403921
308.2997040748596,14.090604675302805,3.9140599854962628,1.0,0.5968390797328935
308.3997039794922,14.316813257077616,3.976895752924506,1.0,0.5999994335900352
308.49970388412476,14.55504686464297,4.043071807966795,1.0,0.6036346215495587
308.5997037887573,14.755565210721356,4.098771393103757,1.0,0.5997329463168514
308.6997036933899,14.951894152768995,4.153307253967866,1.0,0.597049758370973
308.79970359802246,15.151714822788119,4.208813040044438,1.0,0.5956325640803726
308.89970350265503,15.375746417576293,4.271044088381508,1.0,0.5957949535841017
308.9997034072876,15.624621657266138,4.340176154712074,1.0,0.6000391704345425
309.09970331192017,15.84053341123244,4.400151689905325,1.0,0.5999809003012446
309.19970321655273,16.055005873566234,4.459727421547481,1.0,0.6012353641634626
309.2997031211853,16.252887957323306,4.514694711009354,1.0,0.5978420672754391
309.39970302581787,16.460197488160084,4.572280737866132,1.0,0.5988742810962069
309.49970293045044,16.69640658161303,4.637894427427304,1.0,0.6013009110652703
309.599702835083,16.924543366230925,4.701265807184894,1.0,0.5996015329052075
309.6997027397156,17.146946786465424,4.763044584450793,1.0,0.6007628265604055
309.79970264434814,17.37889982477629,4.827476035526709,1.0,0.6027921746093597
309.8997025489807,17.59654397048313,4.887932791032863,1.0,0.6025174251340392
309.9997024536133,17.794190393537114,4.942834619135953,1.0,0.5990077821470878
310.09970235824585,18.01929080931612,5.005362562430214,1.0,0.6012805277636103
310.1997022628784,18.233278560906236,5.064803652091412,1.0,0.6045340726068866
310.299702167511,18.453811412734495,5.126062826606563,1.0,0.6060019984836917
310.39970207214355,18.662194033374394,5.183946934202673,1.0,0.6035261662064877
310.4997019767761,18.88581675370001,5.246064406209282,1.0,0.6014968727533624
310.5997018814087,19.120232330252037,5.311179896232751,1.0,0.6062048296864739
310.69970178604126,19.312072557726292,5.364468890940095,1.0,0.6055813960135382
310.7997016906738,19.53439994921796,5.426226549093867,1.0,0.6087073350332664
310.8997015953064,19.756068367193375,5.487801158902242,1.0,0.608379115455904
310.99970149993896,19.971074005068772,5.547524994979994,1.0,0.603674995843299
311.09970140457153,20.19156125636692,5.608771502671091,1.0,0.6043104826982698
311.1997013092041,20.417385828402644,5.67150060064203,1.0,0.6058871673663047
311.29970121383667,20.62494393856443,5.729155677366551,0.8092474755449075,0.6072310622792667
311.39970111846924,20.83055851753944,5.786270883885071,0.0,0.606995651885633
311.4997010231018,21.018926127560913,5.838595261861616,0.0,0.6003509897564755
311.5997009277344,21.20510425018067,5.890311448406687,0.0,0.5945233875925819
311.69970083236694,21.371905735410937,5.93664523137098,0.0,0.5868008830770242
311.7997007369995,21.51975712268408,5.977715094024939,0.0,0.575120077726362
311.8997006416321,21.65106320290842,6.014189034377496,0.0,0.5631286587136551
311.99970054626465,21.757670564026952,6.0438022139342795,0.0,0.5504843223819231
312.0997004508972,21.855614083021983,6.071008768753681,0.0,0.5328236113019266
312.1997003555298,21.925857739115838,6.09052091105612,0.0,0.512859118582923
312.29970026016235,21.963106222570346,6.100867720293146,0.0,0.4874029116669301
312.3997001647949,22.00478465167223,6.11244507097221,0.0,0.4642495111276032
312.4997000694275,22.035840547745337,6.121071715671605,0.0,0.4375040719675584
312.59969997406006,22.05989779489228,6.127754289669588,0.0,0.408287586091803
312.6996998786926,22.070854261038612,6.130797754922784,0.0,0.3831647974057709
312.7996997833252,22.071006541913587,6.1308400551996725,0.0,0.352307089039125
312.89969968795776,22.070887242515436,6.130806916451453,0.0,0.3215031853839362
312.99969959259033,22.100437844921256,6.139015423686537,0.0,0.2957454963981557
313.0996994972229,22.09228944216124,6.136751976664665,0.0,0.2639904887577356
313.19969940185547,22.101033566080805,6.139180901918794,0.0,0.2338403736459404
313.29969930648804,22.13452272841547,6.1484834544537925,0.0,0.20966408849487705
313.3996992111206,22.12964587651571,6.147128772286782,0.0,0.1804291162714694
313.4996991157532,22.12153604558628,6.144876039670866,0.0,0.15314053495081997
313.59969902038574,22.13526637387594,6.148690022802511,0.0,0.1291894104025345
313.6996989250183,22.143683043759598,6.151027988529454,0.0,0.10719148080499927
313.7996988296509,22.144326252859944,6.15120665786693,0.0,0.08674586464829874
313.89969873428345,22.14553826131572,6.151543327151759,0.0,0.06867721188282447
313.999698638916,22.145632463348857,6.15156949440412,0.0,0.053883691622412855
314.0996985435486,22.160349799430875,6.15565764658631,0.0,0.042324479280083496
314.19969844818115,22.16950355350649,6.158200358085927,0.0,0.033839755787009464
314.2996983528137,22.18477344984428,6.162441999350845,0.0,0.03078716888978173
314.3996982574463,22.178958463229588,6.160826723998989,0.0,0.0241908495835816
314.49969816207886,22.200062391246423,6.166688930915649,0.0,0.022808629374025995
314.5996980667114,22.206200078624843,6.168393845440252,0.0,0.02031979726380067
314.699697971344,22.181486654315364,6.161528999862414,0.0,0.015365637123628356
314.79969787597656,22.169727410420915,6.158262540611902,0.0,0.013711255782187052
314.89969778060913,22.169542578255463,6.158211198302647,0.0,0.013702153992989194
314.9996976852417,22.16962985843691,6.158235442816888,0.0,0.009610018730003698
315.09969758987427,22.169784413448756,6.158278374798969,0.0,0.010763209331748253
315.19969749450684,22.169774355311613,6.15827558086975,0.0,0.009547348580539053
315.2996973991394,22.18265245160004,6.161852832700556,0.0,0.006684695498404236
315.399697303772,22.208051298953947,6.16890807372083,0.0,0.01088966110221452
315.49969720840454,22.21898988058027,6.171946571047827,0.0,0.013535278596728187
315.5996971130371,22.21908331910734,6.171972526215,0.0,0.011641262808217655
315.6996970176697,22.18939729440268,6.163726401644588,0.0,0.006349212612648212
315.79969692230225,22.182769906303957,6.161885459033301,0.0,0.005339405675239553
315.8996968269348,22.2080969612788,6.1689207577101035,0.0,0.008688723565384651
315.9996967315674,22.20539719711087,6.1681708226190635,0.0,0.008300672023609597
316.09969663619995,22.210227028352506,6.169512443481703,0.0,0.006927405054184578
316.1996965408325,22.21868102327348,6.171860777282861,0.0,0.006830216112268602
316.2996964454651,22.190006646975682,6.1638956663836115,0.0,0.000726834209546369
316.39969635009766,22.199198930110384,6.166449080408203,0.0,0.0028111808855579767
316.4996962547302,22.18851707175572,6.163481895158161,0.0,-0.001603519407979407
316.5996961593628,22.183345496845202,6.162045345422667,0.0,-0.0031742530359959394
316.69969606399536,22.207872954433753,6.168858533536699,0.0,0.0036647703321401257
316.79969596862793,22.204837294823246,6.168015294081412,0.0,0.004876381385234957
316.8996958732605,22.179797619206646,6.161059823067984,0.0,0.0014243137410001473
316.99969577789307,22.198651634438207,6.166297053710977,0.0,0.0040308092911236675
317.09969568252563,22.18848240572081,6.163472265696315,0.0,0.0025969479253157095
317.1996955871582,22.18328166278263,6.162027613724434,0.0,0.00187601821645231
317.29969549179077,22.17829005539517,6.16064105500756,0.0,-0.000605889424319109
317.39969539642334,22.198780439876586,6.166332833028039,0.0,-0.0012876215743672487
317.4996953010559,22.21907512042647,6.171970248801824,0.0,1.1838888289181573e-05
317.5996952056885,22.219161163905248,6.171994149787273,0.0,1.0811796447532591e-05
317.69969511032104,22.2191033976247,6.171978103585395,0.0,0.004125854905125045
317.7996950149536,22.189484063746814,6.163750504259463,0.0,0.00093252350240468
317.8996949195862,22.198200174404576,6.166171648045755,0.0,-0.0013745561430530803
317.99969482421875,22.18861556243721,6.163509253702684,0.0,-0.002330786681001077
318.0996947288513,22.199714368713956,6.166592257912626,0.0,-0.0014600941769928291
318.1996946334839,22.205450264771713,6.168185563647757,0.0,-0.0018376085700319484
318.29969453811646,22.180639736066507,6.161293744605083,0.0,-0.001300962129958405
318.399694442749,22.18353984375391,6.162099330718274,0.0,-0.0021748769190888502
318.4996943473816,22.17957992489291,6.160999352376903,0.0,-0.00124127257439868
318.59969425201416,22.19803901773486,6.166126882268355,0.0,0.0020407703690739068
318.69969415664673,22.188598707860045,6.163504571871949,0.0,-0.0026769833853457414
318.7996940612793,22.20015717221633,6.166715258983908,0.0,-0.0006500181686576782
318.89969396591187,22.205808214017555,6.168284994073369,0.0,0.003612588947925796
318.99969387054443,22.181227384581398,6.161456980434252,0.0,-0.00242003894629142
319.099693775177,22.198400499530496,6.166227293958583,0.0,0.0013775154448349507
319.19969367980957,22.20566952580719,6.16824646953967,0.0,0.003109430873002397
319.29969358444214,22.210307914870572,6.1695349119769185,0.0,0.004446932725604619
319.3996934890747,22.205864287360264,6.16830057001436,0.0,0.0009838694314512413
319.4996933937073,22.19384356083989,6.164961476642984,0.0,-0.003504389421466571
319.59969329833984,22.20788156393155,6.168860925065779,0.0,-0.0015666138547863512
319.6996932029724,22.18872632644053,6.163540021505998,0.0,-0.004219045063293195
319.799693107605,22.200314756856493,6.166759032530083,0.0,0.0015042655698896804
319.89969301223755,22.21878784162797,6.171890449071736,0.0,0.0028594032399297045
319.9996929168701,22.189941916653616,6.163877685724208,0.0,0.00018421618644437476
320.0996928215027,22.198496425168354,6.1662539399904155,0.0,-0.00016915912242796357
320.19969272613525,22.20567575018621,6.168248198535226,0.0,3.131747360097231e-05
320.2996926307678,22.19396970637652,6.164996517097857,0.0,0.0018513880120083405
320.3996925354004,22.208797223113244,6.169115275041952,0.0,0.0035079755073051016
320.49969244003296,22.18918528388548,6.163667509787141,0.0,0.0013340799773966232
320.5996923446655,22.197849461419526,6.166074227694193,0.0,-2.6327312188311088e-05
320.6996922492981,22.20587299692691,6.168302989340364,0.0,0.002399211022273668
320.79969215393066,22.180387054283234,6.161223555164689,0.0,-0.002745854528260461
320.89969205856323,22.200058711743605,6.166687908830716,0.0,-0.0007985433828769292
320.9996919631958,22.218710953862217,6.171869091341939,0.0,0.005206060418729672
321.09969186782837,22.189872321344946,6.163858353678557,0.0,-0.0011844712696128228
321.19969177246094,22.182373599450493,6.16177537370816,0.0,-0.0032355510014169774
321.2996916770935,22.194496990913205,6.165142985141888,0.0,-0.002195965511750954
321.3996915817261,22.179883750166763,6.161083748353824,0.0,-0.0036084142715198746
321.49969148635864,22.19819239235576,6.166169486363799,0.0,0.0006040054364321535
321.5996913909912,22.204305690926862,6.167867626214282,0.0,-0.0004966498993905944
321.6996912956238,22.19568584704483,6.1654732232204195,0.0,0.0009666017790339664
321.79969120025635,22.1804125623422,6.161230640742293,0.0,-0.0027641985300404593
321.8996911048889,22.198602735780653,6.166283470739679,0.0,-0.0028034918396464036
321.9996910095215,22.218820781036378,6.171899598914724,0.0,0.004010960420407679
322.09969091415405,22.189070086172094,6.163635510396713,0.0,-0.0013092160454171386
322.1996908187866,22.183972211323063,6.162219432916898,0.0,-0.0030143856839059797
322.2996907234192,22.179697785675476,6.161032091509363,0.0,-0.0019822146846342746
322.39969062805176,22.169402250940202,6.158172218461668,0.0,-0.005471533508202837
322.4996905326843,22.184529848965596,6.162374332385966,0.0,-0.0006465893172231615
322.5996904373169,22.193118042709663,6.164759943667805,0.0,-0.0006571426398940588
322.69969034194946,22.207768543693557,6.168829530530109,0.0,0.0002632708459472763
322.79969024658203,22.218766698921424,6.171884576092996,0.0,0.005330515547729219
322.8996901512146,22.203897690845796,6.167754292767764,0.0,0.0005331924770160538
322.99969005584717,22.209336899197375,6.169265185185249,0.0,-0.00130195431998575
323.09968996047974,22.204478095439143,6.167915516394895,0.0,0.0020285832927766424
323.1996898651123,22.208604224742484,6.169061664340518,0.0,0.003643148790556363
323.2996897697449,22.21883156058335,6.171902593235722,0.0,0.0033798072701522333
323.39968967437744,22.205115764520507,6.168092646836977,0.0,0.0035044525836832015
323.49968957901,22.19346431703152,6.164856131056382,0.0,-0.0006566782799656806
323.5996894836426,22.177815151640445,6.16050913719238,0.0,-0.0036792480197553705
323.69968938827515,22.169462847814806,6.158189050940302,0.0,-0.0036420896134261097
323.7996892929077,22.1693208537652,6.15814960811719,0.0,-0.0015405177817034961
323.8996891975403,22.169254257544786,6.158131109152276,0.0,-0.004076184681054395
323.99968910217285,22.199734492311737,6.16659784780537,0.0,-0.002650878082751146
324.0996890068054,22.219261390266162,6.172021990465354,0.0,0.004193244033309893
324.199688911438,22.2190634016688,6.171966993588757,0.0,0.004873784983933119
324.29968881607056,22.191014228248164,6.164175550294319,0.0,0.0015717308913971231
324.3996887207031,22.169569660898873,6.158218721265167,0.0,2.3251423924033204e-05
324.4996886253357,22.18277972509471,6.161888186477359,0.0,-0.00024307318611591322
324.59968852996826,22.2086721193116,6.169080523958138,0.0,0.0021602922053816902
324.69968843460083,22.189646113858856,6.163795518215486,0.0,-0.002517008557718069
324.7996883392334,22.169673711128702,6.158247624129909,0.0,-0.006818482484155125
324.89968824386597,22.169664644436683,6.158245105602333,0.0,-0.0047545981170536815
324.99968814849854,22.184207929889244,6.162284910348775,0.0,-0.0034901407466945964
325.0996880531311,22.179270316257476,6.16091334990937,0.0,-0.003501086581658791
325.1996879577637,22.169621798939357,6.158233204065777,0.0,-0.005414235300787674
325.29968786239624,22.198729550396394,6.16631869705001,0.0,-0.0027919507554677184
325.3996877670288,22.20602831890287,6.1683461343682024,0.0,0.00012674388648489104
325.4996876716614,22.1931889105538,6.164779629195814,0.0,-3.825096676305477e-05
325.59968757629395,22.177739246298938,6.160488052358427,0.0,-1.0542427030775167e-05
325.6996874809265,22.169508845684685,6.158201828136601,0.0,6.388604242256804e-06
325.7996873855591,22.16946025292628,6.1581883301373574,0.0,1.9361028547711937e-05
325.89968729019165,22.169441499404265,6.158183120821518,0.0,2.6005859422432443e-05
325.9996871948242,22.169534606774473,6.1582089840006,0.0,-0.004194435902510792
326.0996870994568,22.169585469316605,6.158223112495828,0.0,-0.006899445564587006
326.19968700408936,22.16959757237529,6.158226474459265,0.0,-0.006870266116742639
326.2996869087219,22.169371633189485,6.158163713524109,0.0,-0.003005921251774673
326.3996868133545,22.169153643103282,6.158103160673944,0.0,-5.778035071529062e-05
326.49968671798706,22.169206490578553,6.15811784053993,0.0,-0.0018851747665573567
326.59968662261963,22.169139433866768,6.158099213660644,0.0,-0.0054906603850490366
326.6996865272522,22.169262109654614,6.15813329029564,0.0,-0.002831116659886105
326.79968643188477,22.16952999213595,6.15820770215554,0.0,-1.9961006220785684e-05
326.89968633651733,22.184520595300988,6.162371761921518,0.0,0.002063330127337486
326.9996862411499,22.16564888595121,6.157129616241756,0.0,-0.0025776495117476273
327.09968614578247,22.159776061219336,6.155498274733385,0.0,-0.0027075401701038802
327.19968605041504,22.169551922253216,6.158213793859654,0.0,-9.705112316714046e-06
327.2996859550476,22.16943822704763,6.158182211832837,0.0,-0.004068246488368924
327.3996858596802,22.155121688884925,6.1542053924950775,0.0,-0.007070377679400085
327.49968576431274,22.159544413099333,6.155433927981907,0.0,-0.004672855063335406
327.5996856689453,22.169478103968448,6.158193288764148,0.0,-0.0011473828913688413
327.6996855735779,22.16931907835849,6.158149114948266,0.0,-2.6356619303240292e-05
327.79968547821045,22.16934463299069,6.158156213462888,0.0,-1.605835254905341e-05
327.899685382843,22.15512677602019,6.154206805589337,0.0,-0.0019881595121473885
327.9996852874756,22.14527707211528,6.151470774538039,0.0,-0.00336910794431243
328.09968519210815,22.15920291252879,6.155339066636423,0.0,-0.001442024304924068
328.1996850967407,22.156686168031555,6.15463997038347,0.0,-0.001793253748077417
328.2996850013733,22.145921185190673,6.151649694979895,0.0,-0.0032570123782362007
328.39968490600586,22.15968154404574,6.1554720199419375,0.0,-0.0013155716206301377
328.4996848106384,22.15455944512919,6.154049213549097,0.0,-0.0020343154354907664
328.599684715271,22.159341157043272,6.155377467921166,0.0,-0.0013608741675694798
328.69968461990356,22.154246837534505,6.153962378036661,0.0,-0.0020854581183376943
328.79968452453613,22.144509393798007,6.151257530390423,0.0,-0.003475089196661607
328.8996844291687,22.14465671470299,6.151298452896768,0.0,-0.005536659792545415
328.99968433380127,22.144973321394062,6.1513863992702005,0.0,-0.002871611224359481
329.09968423843384,22.144687752918227,6.15130707463012,0.0,-0.0020956020501544147
329.1996841430664,22.146266137267403,6.151745515077866,0.0,-0.003234142475212956
329.299684047699,22.14465598935861,6.151298251412057,0.0,-0.0034419834929210274
329.39968395233154,22.144478878576287,6.151249053933165,0.0,-0.0014781706906498763
329.4996838569641,22.159700439435078,6.155477268665398,0.0,2.1670362411962962e-05
329.5996837615967,22.15562963167123,6.154346487826371,0.0,-0.0019234023031882124
329.69968366622925,22.146789467232036,6.151890884628781,0.0,-0.003129118143902175
329.7996835708618,22.146268631076854,6.151746207803267,0.0,-0.0032050058863423076
329.8996834754944,22.159984971929493,6.155556305532631,0.0,0.0006747506151394024
329.99968338012695,22.155748148642896,6.154379409233727,0.0,0.001454318734790717
330.0996832847595,22.146049305807704,6.151685284068653,0.0,-0.001826893026146204
330.1996831893921,22.145229760196294,6.151457632327807,0.0,-0.0015911705452901115
330.29968309402466,22.14410965171358,6.151146490833696,0.0,-0.0002516023130460417
330.3996829986572,22.129895399432943,6.147198084263684,0.0,-0.004136971784450276
330.4996829032898,22.15074159298218,6.152988698215404,0.0,-0.0005302581725400459
330.59968280792236,22.15678598354911,6.154667696938305,0.0,-0.00035488582987609085
330.69968271255493,22.14464676802498,6.1512956899284434,0.0,-0.0013333453256857571
330.7996826171875,22.12968919244148,6.14714080449801,0.0,-0.002058364909216507
330.89968252182007,22.136201809791565,6.148949866320282,0.0,-0.0011742944081372278
330.99968242645264,22.130374124830514,6.147331063647171,0.0,-0.00202766974525109
331.0996823310852,22.133621989122105,6.1482332488943605,0.0,-0.0015369143335954398
331.1996822357178,22.130170443817214,6.147274485542659,0.0,-0.00223551689955847
331.29968214035034,22.13564936820811,6.148796410202113,0.0,-0.0012509217979439957
331.3996820449829,22.143545141840242,6.150989682410099,-0.9886863339452248,-0.00012968588521081339
331.4996819496155,22.158827253450582,6.155234716808996,-1.0,-1.0
331.59968185424805,22.138816097459515,6.14967605792011,-1.0,-1.0
331.6996817588806,22.078625071979662,6.132956315244367,-1.0,-1.0
331.7996816635132,21.951831794607834,6.097735932242576,-1.0,-1.0
331.89968156814575,21.682439966319663,6.022904808964344,-1.0,-1.0
331.9996814727783,21.32114189031611,5.9225441520082285,-1.0,-1.0
332.0996813774109,20.985851206423803,5.829407776417992,-1.0,-1.0
332.19968128204346,20.68961325295329,5.7471193901788595,-1.0,-1.0
332.299681186676,20.451291206391975,5.680918768729151,-1.0,-1.0
332.3996810913086,20.1775296672391,5.604873835906343,-1.0,-1.0
332.49968099594116,19.930693254674658,5.536308110897018,-1.0,-1.0
332.59968090057373,19.704583297760934,5.473499739285437,-1.0,-1.0
332.6996808052063,19.481030538739212,5.411401700989901,-1.0,-1.0
332.79968070983887,19.27805726492272,5.355020190935703,-1.0,-1.0
332.89968061447144,19.064780293864395,5.295776540469064,-1.0,-1.0
332.999680519104,18.860093187740436,5.238918965504163,-1.0,-1.0
333.0996804237366,18.648509582521584,5.180145694813681,-1.0,-1.0
333.19968032836914,18.440269403148413,5.122301154267761,-1.0,-1.0
333.2996802330017,18.222159159434128,5.061714926989294,-1.0,-1.0
333.3996801376343,18.01085363270623,5.003018900385872,-1.0,-1.0
333.49968004226685,17.81255190978608,4.947935044396559,-1.0,-1.0
333.5996799468994,17.58779212882033,4.885501721959454,-1.0,-1.0
333.699679851532,17.387851334141327,4.82996256789511,-1.0,-1.0
333.79967975616455,17.189940744645465,4.774987360166128,-1.0,-1.0
333.8996796607971,16.985514937384952,4.718202368276918,-1.0,-1.0
333.9996795654297,16.774665698181526,4.6596330883094685,-1.0,-1.0
334.09967947006226,16.581735215442503,4.606041244675188,-1.0,-1.0
334.1996793746948,16.378216600267674,4.549508250789154,-1.0,-1.0
334.2996792793274,16.163945715995354,4.4899885130977575,-1.0,-1.0
334.39967918395996,15.961242685584192,4.433682070716206,-1.0,-1.0
334.49967908859253,15.750032435726318,4.375012509931185,-1.0,-1.0
334.5996789932251,15.542889513170953,4.317472763189602,-1.0,-1.0
334.69967889785767,15.360294667660847,4.266751932193495,-1.0,-1.0
334.79967880249023,15.140189647588887,4.205611599927946,-1.0,-1.0
334.8996787071228,14.932552241032827,4.147934496409617,-1.0,-1.0
334.99967861175537,14.740922657723335,4.094704014017073,-1.0,-1.0
335.09967851638794,14.543624869692364,4.039899029053406,-1.0,-1.0
335.1996784210205,14.34511934578233,3.984758561632724,-1.0,-1.0
335.2996783256531,14.117117958939078,3.9214247923981795,-1.0,-1.0
335.39967823028564,13.907028904800702,3.86306667511773,-1.0,-1.0
335.4996781349182,13.71387889213207,3.809413850898663,-1.0,-1.0
335.5996780395508,13.51577203813439,3.7543841252088948,-1.0,-1.0
335.69967794418335,13.333464633487987,3.7037431389610265,-1.0,-1.0
335.7996778488159,13.13055350781684,3.6473788922943466,-1.0,-1.0
335.8996777534485,12.929938055108748,3.591652333071998,-1.0,-1.0
335.99967765808105,12.735819572418361,3.537730489187228,-1.0,-1.0
336.0996775627136,12.534313362058366,3.4817564970858492,-1.0,-1.0
336.1996774673462,12.336136924452532,3.4267074426005757,-1.0,-1.0
336.29967737197876,12.1387167270228,3.3718684549989395,-1.0,-1.0
336.3996772766113,11.925127230197829,3.3125379917498927,-1.0,-1.0
336.4996771812439,11.72548673007147,3.2570822529057932,-1.0,-1.0
336.59967708587646,11.532459115460837,3.2034634281744805,-1.0,-1.0
336.69967699050903,11.320699053119096,3.1446411415773166,-1.0,-1.0
336.7996768951416,11.142769789006147,3.0952163064505496,-1.0,-1.0
336.89967679977417,10.963333382434627,3.045372820305926,-1.0,-1.0
336.99967670440674,10.7575647126119,2.9882148107399087,-1.0,-1.0
337.0996766090393,10.570273656527785,2.9361894757629754,-1.0,-1.0
337.1996765136719,10.383236079618898,2.8842345517243784,-1.0,-1.0
337.29967641830444,10.187401181646807,2.829835925435487,-1.0,-1.0
337.399676322937,10.021896567062704,2.783862384605544,-1.0,-1.0
337.4996762275696,9.83373352026773,2.73159482979293,-1.0,-1.0
337.59967613220215,9.615618633944973,2.6710073128999667,-1.0,-1.0
337.6996760368347,9.424688884573483,2.617971228979053,-1.0,-1.0
337.7996759414673,9.25306437652439,2.5702977163821923,-1.0,-1.0
337.89967584609985,9.06683628153628,2.5185676486125854,-1.0,-1.0
337.9996757507324,8.867695928496545,2.4632508396259136,-1.0,-1.0
338.099675655365,8.66167200798349,2.4060219270336383,-1.0,-1.0
338.19967555999756,8.473530749700096,2.3537604245901935,-1.0,-1.0
338.2996754646301,8.289056737920568,2.3025176025460996,-1.0,-1.0
338.3996753692627,8.107855166067228,2.2521837923198227,-1.0,-1.0
338.49967527389526,7.915795295522899,2.19883378559976,-1.0,-1.0
338.59967517852783,7.724930004757576,2.14581560686155,-1.0,-1.0
338.6996750831604,7.545422679129983,2.0959524209633686,-1.0,-1.0
338.79967498779297,7.342949404820997,2.039709799772367,-1.0,-1.0
338.89967489242554,7.133269824346368,1.9814654252672856,-1.0,-1.0
338.9996747970581,6.9498530709954105,1.9305162863549634,-1.0,-1.0
339.0996747016907,6.7704968092588445,1.8806950626823034,-1.0,-1.0
339.19967460632324,6.591611194149595,1.8310045742884864,-1.0,-1.0
339.2996745109558,6.3885080670909975,1.7745869938604033,-1.0,-1.0
339.3996744155884,6.18374312308695,1.717707797244847,-1.0,-1.0
339.49967432022095,6.018994669339433,1.6719443012597692,-1.0,-1.0
339.5996742248535,5.82450175550153,1.6179184486397042,-1.0,-1.0
339.6996741294861,5.639588007182744,1.5665534774592085,-1.0,-1.0
339.79967403411865,5.457459057066587,1.5159620619538425,-1.0,-1.0
339.8996739387512,5.260220888538945,1.4611736379765712,-1.0,-1.0
339.9996738433838,5.078914731729857,1.4108107763504565,-1.0,-1.0
340.09967374801636,4.90481395264085,1.36244941013667,-1.0,-1.0
340.1996736526489,4.72145140226076,1.3115153276171896,-1.0,-1.0
340.2996735572815,4.513160757136317,1.253656768795812,-1.0,-1.0
340.39967346191406,4.26291219801586,1.1841432245404495,-1.0,-1.0
340.49967336654663,4.023215181168531,1.1175606665946325,-1.0,-1.0
340.5996732711792,3.785277210867937,1.051466733080474,-1.0,-1.0
340.69967317581177,3.519849663522415,0.9777367998339295,-1.0,-1.0
340.79967308044434,3.2485169921354378,0.9023665530413977,-1.0,-1.0
340.8996729850769,2.9614738681372996,0.8226322881434429,-1.0,-1.0
340.9996728897095,2.676443334132812,0.7434570764687444,-1.0,-1.0
341.09967279434204,2.402717060372291,0.6674219395960943,-1.0,-1.0
341.1996726989746,2.162183571396112,0.6006070280952692,-1.0,-1.0
341.2996726036072,1.962381995793146,0.5451065460274286,-1.0,-1.0
341.39967250823975,1.7560641635470844,0.4877959912217821,-1.0,-1.0
341.4996724128723,1.506652847587389,0.4185150146971298,-1.0,-1.0
341.5996723175049,1.1740236828072725,0.3261179505628386,-1.0,-1.0
341.69967222213745,1.0216370914545208,0.2837883079900539,-1.0,-1.0
341.79967212677,0.9636463805535356,0.26767976429740004,-1.0,-1.0
341.8996720314026,0.7575636910422175,0.21043452697032514,-1.0,-1.0
341.99967193603516,0.46134943356311275,0.12815272295629435,-1.0,-1.0
342.0996718406677,0.13252175276802275,0.036811627440395824,-1.0,-1.0
342.1996717453003,0.0,0.0,-1.0,-1.0
342.29967164993286,0.0,0.0,-1.0,-1.0
342.39967155456543,0.10837773229721895,0.03010494972205689,-1.0,-1.0
342.499671459198,0.19284805142920297,0.05356894602990115,-1.0,-1.0
342.59967136383057,0.07927250756841504,0.022020158607339194,-1.0,-1.0
342.69967126846313,0.0,0.0,-1.0,-1.0
342.7996711730957,0.0,0.0,-1.0,-1.0
342.89967107772827,0.09934859558079674,0.02759685418324256,-1.0,-1.0
342.99967098236084,0.13833077822984935,0.0384252469151311,-1.0,-1.0
343.0996708869934,0.048401602842483876,0.013444900434379488,-1.0,-1.0
343.199670791626,0.0,0.0,-1.0,-1.0
343.29967069625854,0.0,0.0,-1.0,-1.0
343.3996706008911,0.05308482661399768,0.01474579696718305,-1.0,-1.0
343.4996705055237,0.07850631688488124,0.021807327691648545,-1.0,-1.0
343.59967041015625,0.028572506953843058,0.007936813836624618,-1.0,-1.0
343.6996703147888,0.0,0.0,-1.0,-1.0
343.7996702194214,0.0,0.0,-1.0,-1.0
343.89967012405396,0.05409221253829753,0.015025626614463213,-1.0,-1.0
343.9996700286865,0.0386185464810322,0.010727382604408163,-1.0,-1.0
344.0996699333191,0.0,0.0,-1.0,-1.0
344.19966983795166,0.0,0.0,-1.0,-1.0
344.29966974258423,0.0,0.0,-1.0,-1.0
344.3996696472168,0.02646743449910051,0.007352071020291142,-1.0,-1.0
344.49966955184937,0.01732465467157565,0.004812407925360942,-1.0,-1.0
344.59966945648193,0.0,0.0,-1.0,-1.0
344.6996693611145,0.0,0.0,-1.0,-1.0
344.79966926574707,0.0,0.0,-1.0,-1.0
344.89966917037964,0.0,0.0,-1.0,-1.0
344.9996690750122,0.0,0.0,-1.0,-1.0
345.0996689796448,0.0,0.0,-1.0,-1.0
345.19966888427734,0.0,0.0,-1.0,-1.0
345.2996687889099,0.0,0.0,-1.0,-1.0
345.3996686935425,0.0,0.0,-1.0,-1.0
345.49966859817505,0.0,0.0,-1.0,-1.0
345.5996685028076,0.0,0.0,-1.0,-1.0
345.6996684074402,0.0,0.0,-1.0,-1.0
345.79966831207275,0.0,0.0,-1.0,-1.0
345.8996682167053,0.0,0.0,-1.0,-1.0
345.9996681213379,0.0,0.0,-1.0,-1.0
346.09966802597046,0.0,0.0,-1.0,-1.0
346.199667930603,0.0,0.0,-1.0,-1.0
346.2996678352356,0.0,0.0,-1.0,-1.0
346.39966773986816,0.0,0.0,-1.0,-1.0
346.49966764450073,0.0,0.0,-1.0,-1.0
346.5996675491333,0.0,0.0,-1.0,-1.0
346.69966745376587,0.0,0.0,-1.0,-1.0
346.79966735839844,0.0,0.0,-1.0,-1.0
346.899667263031,0.0,0.0,-1.0,-1.0
346.9996671676636,0.0,0.0,-1.0,-1.0
347.09966707229614,0.0,0.0,-1.0,-1.0
347.1996669769287,0.0,0.0,-1.0,-1.0
347.2996668815613,0.0,0.0,-1.0,-1.0
347.39966678619385,0.0,0.0,-1.0,-1.0
347.4996666908264,0.0,0.0,-1.0,-1.0
347.599666595459,0.0,0.0,-1.0,-1.0
347.69966650009155,0.0,0.0,-1.0,-1.0
347.7996664047241,0.0,0.0,-1.0,-1.0
347.8996663093567,0.0,0.0,-1.0,-1.0
347.99966621398926,0.0,0.0,-1.0,-1.0
348.0996661186218,0.0,0.0,-1.0,-1.0
348.1996660232544,0.0,0.0,-1.0,-1.0
348.29966592788696,0.0,0.0,-1.0,-1.0
348.39966583251953,0.0,0.0,-1.0,-1.0
348.4996657371521,0.0,0.0,-1.0,-1.0
348.59966564178467,0.0,0.0,-1.0,-1.0
348.69966554641724,0.0,0.0,-1.0,-1.0
348.7996654510498,0.0,0.0,-1.0,-1.0
348.8996653556824,0.0,0.0,-1.0,-1.0
348.99966526031494,0.0,0.0,-1.0,-1.0
349.0996651649475,0.0,0.0,-1.0,-1.0
349.1996650695801,0.0,0.0,-1.0,-1.0
349.29966497421265,0.0,0.0,-1.0,-1.0
349.3996648788452,0.0,0.0,-1.0,-1.0
349.4996647834778,0.0,0.0,-1.0,-1.0
349.59966468811035,0.0,0.0,-1.0,-1.0
349.6996645927429,0.0,0.0,-1.0,-1.0
349.7996644973755,0.0,0.0,-1.0,-1.0
349.89966440200806,0.0,0.0,-1.0,-1.0
349.9996643066406,0.0,0.0,-1.0,-1.0
350.0996642112732,0.0,0.0,-1.0,-1.0
350.19966411590576,0.0,0.0,-1.0,-1.0
350.29966402053833,0.0,0.0,-1.0,-1.0
350.3996639251709,0.0,0.0,-1.0,-1.0
350.49966382980347,0.0,0.0,-1.0,-1.0
350.59966373443604,0.0,0.0,-1.0,-1.0
350.6996636390686,0.0,0.0,-1.0,-1.0
350.7996635437012,0.0,0.0,-1.0,-1.0
350.89966344833374,0.0,0.0,-1.0,-1.0
350.9996633529663,0.0,0.0,-1.0,-1.0
351.0996632575989,0.0,0.0,-1.0,-1.0
351.19966316223145,0.0,0.0,-1.0,-1.0
351.299663066864,0.0,0.0,-1.0,-1.0
351.3996629714966,0.0,0.0,-1.0,-1.0
351.49966287612915,0.0,0.0,-1.0,-1.0
351.5996627807617,0.0,0.0,-1.0,-1.0
351.6996626853943,0.0,0.0,-1.0,-1.0
351.79966259002686,0.0,0.0,-1.0,-1.0
351.8996624946594,0.0,0.0,-1.0,-1.0
351.999662399292,0.0,0.0,-1.0,-1.0
352.09966230392456,0.0,0.0,-1.0,-1.0
352.19966220855713,0.0,0.0,-1.0,-1.0
352.2996621131897,0.0,0.0,-1.0,-1.0
352.39966201782227,0.0,0.0,-1.0,-1.0
352.49966192245483,0.0,0.0,-1.0,-1.0
352.5996618270874,0.0,0.0,-1.0,-1.0
352.69966173171997,0.0,0.0,-1.0,-1.0
352.79966163635254,0.0,0.0,-1.0,-1.0
352.8996615409851,0.0,0.0,-1.0,-1.0
352.9996614456177,0.0,0.0,-1.0,-1.0
353.09966135025024,0.0,0.0,-1.0,-1.0
353.1996612548828,0.0,0.0,-1.0,-1.0
353.2996611595154,0.0,0.0,-1.0,-1.0
353.39966106414795,0.0,0.0,-1.0,-1.0
353.4996609687805,0.0,0.0,-1.0,-1.0
353.5996608734131,0.0,0.0,-1.0,-1.0
353.69966077804565,0.0,0.0,-1.0,-1.0
353.7996606826782,0.0,0.0,-1.0,-1.0
353.8996605873108,0.0,0.0,-1.0,-1.0
353.99966049194336,0.0,0.0,-1.0,-1.0
354.0996603965759,0.0,0.0,-1.0,-1.0
354.1996603012085,0.0,0.0,-1.0,-1.0
354.29966020584106,0.0,0.0,-1.0,-1.0
354.39966011047363,0.0,0.0,-1.0,-1.0
354.4996600151062,0.0,0.0,-1.0,-1.0
354.59965991973877,0.0,0.0,-1.0,-1.0
354.69965982437134,0.0,0.0,-1.0,-1.0
354.7996597290039,0.0,0.0,-1.0,-1.0
354.8996596336365,0.0,0.0,-1.0,-1.0
354.99965953826904,0.0,0.0,-1.0,-1.0
355.0996594429016,0.0,0.0,-1.0,-1.0
355.1996593475342,0.0,0.0,-1.0,-1.0
355.29965925216675,0.0,0.0,-1.0,-1.0
355.3996591567993,0.0,0.0,-1.0,-1.0
355.4996590614319,0.0,0.0,-1.0,-1.0
355.59965896606445,0.0,0.0,-1.0,-1.0
355.699658870697,0.0,0.0,-1.0,-1.0
355.7996587753296,0.0,0.0,-1.0,-1.0
355.89965867996216,0.0,0.0,-1.0,-1.0
355.9996585845947,0.0,0.0,-1.0,-1.0
356.0996584892273,0.0,0.0,-1.0,-1.0
356.19965839385986,0.0,0.0,-1.0,-1.0
356.29965829849243,0.0,0.0,-1.0,-1.0
356.399658203125,0.0,0.0,-1.0,-1.0
356.49965810775757,0.0,0.0,-1.0,-1.0
356.59965801239014,0.0,0.0,-1.0,-1.0
356.6996579170227,0.0,0.0,-1.0,-1.0
356.7996578216553,0.0,0.0,-1.0,-1.0
356.89965772628784,0.0,0.0,-1.0,-1.0
356.9996576309204,0.0,0.0,-1.0,-1.0
357.099657535553,0.0,0.0,-1.0,-1.0
357.19965744018555,0.0,0.0,-1.0,-1.0
357.2996573448181,0.0,0.0,-1.0,-1.0
357.3996572494507,0.0,0.0,-1.0,-1.0
357.49965715408325,0.0,0.0,-1.0,-1.0
357.5996570587158,0.0,0.0,-1.0,-1.0
357.6996569633484,0.0,0.0,-1.0,-1.0
357.79965686798096,0.0,0.0,-1.0,-1.0
357.8996567726135,0.0,0.0,-1.0,-1.0
357.9996566772461,0.0,0.0,-1.0,-1.0
358.09965658187866,0.0,0.0,-1.0,-1.0
358.19965648651123,0.0,0.0,-1.0,-1.0
358.2996563911438,0.0,0.0,-1.0,-1.0
358.39965629577637,0.0,0.0,-1.0,-1.0
358.49965620040894,0.0,0.0,-1.0,-1.0
358.5996561050415,0.0,0.0,-1.0,-1.0
358.6996560096741,0.0,0.0,-1.0,-1.0
358.79965591430664,0.0,0.0,0.96697362060263,-1.0
358.8996558189392,0.0,0.0,1.5,-1.0
358.9996557235718,0.0,0.0,1.5,-1.0
359.09965562820435,0.0,0.0,1.5,-1.0
359.1996555328369,0.0,0.0,1.5,-1.0
359.2996554374695,0.0,0.0,1.5,-1.0
359.39965534210205,0.033320206367765656,0.00925562028442521,1.5,-1.0
359.4996552467346,0.27798143281914073,0.07721712644563528,1.5,-0.3372841106423251
359.5996551513672,0.6662222727160751,0.18506189047052593,1.5,-0.24534407251270177
359.69965505599976,0.951574218886989,0.26432638337399006,1.5,-0.17230430065440266
359.7996549606323,1.2290728803612492,0.3414094065609871,1.5,-0.10601248480618164
359.8996548652649,1.5111367989899491,0.4197605577498301,1.5,-0.03818156712033284
359.99965476989746,1.7941303889378393,0.4983699511783752,1.5,0.03576368837595683
360.09965467453003,2.092262032251448,0.5811843627947427,1.5,0.12336950979870812
360.1996545791626,2.431583565421943,0.6754404196357765,1.5,0.1916624246348162
360.29965448379517,2.753361312711635,0.7648231987224127,1.5,0.24440813632669176
360.39965438842773,3.0674380712368734,0.8520668125520363,1.5,0.3166526308027599
360.4996542930603,3.375671138483231,0.937687177505595,1.5,0.4006037953486241
360.59965419769287,3.6903100125432307,1.0250869346642335,1.5,0.48997430691625415
360.69965410232544,3.99847547013531,1.1106885191432463,1.5,0.5210431306313776
360.799654006958,4.324619346555481,1.2012841128474887,1.5,0.582115379437815
360.8996539115906,4.640884082610914,1.2891354986994947,1.5,0.6206269127253339
360.99965381622314,4.955085181783296,1.3764136516254006,1.5,0.6767562159577375
361.0996537208557,5.279893816344336,1.466638344516497,1.5,0.7183378366963766
361.1996536254883,5.610900795183435,1.5585848010844643,1.5,0.7712463723653837
361.29965353012085,5.940661203068467,1.650184987665953,1.5,0.8191956333891344
361.3996534347534,6.249755614000802,1.7360446149459148,1.5,0.8633953207286872
361.499653339386,6.560827637249519,1.822453579419897,1.5,0.8726190586815152
361.59965324401855,6.88123955498568,1.9114569611048124,1.5,0.8631983585272476
361.6996531486511,7.204165351248726,2.001158642939169,1.5,0.868416957969538
361.7996530532837,7.512746277647168,2.0868756355122753,1.5,0.8727339467795941
361.89965295791626,7.840990559274416,2.178054675574129,1.5,0.8791478973329193
361.9996528625488,8.17033427820154,2.2695391151302675,1.5,0.8855854265360223
362.0996527671814,8.481792056953559,2.356055233996446,1.5,0.8874362819260408
362.19965267181396,8.797540556253338,2.44376322063494,1.5,0.8841622437024048
362.29965257644653,9.114144019063874,2.531708697327525,1.5,0.8834435918200197
362.3996524810791,9.448069102858325,2.62446573925378,1.5,0.8862003084973452
362.49965238571167,9.77881744286636,2.7163403516445324,1.5,0.8893274351982023
362.59965229034424,10.088934913816622,2.802484162490154,1.5,0.8886994614428115
362.6996521949768,10.401875362326948,2.889412134396455,1.5,0.8893626557889271
362.7996520996094,10.72430800341312,2.97897682857209,1.5,0.8888472055330517
362.89965200424194,11.046578823835905,3.06849657252749,1.5,0.8896813853802845
362.9996519088745,11.380203682222035,3.161170218440273,1.5,0.892379134446497
363.0996518135071,11.698264595244295,3.24952054273777,1.5,0.8914419492559278
363.19965171813965,12.026200986927629,3.3406140577467833,1.5,0.8910154780697365
363.2996516227722,12.342938821008287,3.4285968598220404,1.5,0.8892067840917157
363.3996515274048,12.670400421823421,3.5195584883732667,1.5,0.8917577871601742
363.49965143203735,13.018574767786257,3.6162736618461313,1.5,0.8969108965740034
363.5996513366699,13.336185926270463,3.7044990542275573,1.5,0.8965219015512842
363.6996512413025,13.635235161910854,3.7875683528052737,1.5,0.8932057067603946
363.79965114593506,13.96399047372655,3.8788893458108142,1.5,0.8960077096488097
363.8996510505676,14.295807676521719,3.9710608647688503,1.5,0.8965039495701521
363.9996509552002,14.63049113272589,4.064028565866333,1.5,0.8972455810480989
364.09965085983276,14.961409084142236,4.155950292574863,1.5,0.8999483875468719
364.19965076446533,15.254872901937832,4.237468084954488,1.5,0.8968532874657198
364.2996506690979,15.55920929707191,4.322006040122041,1.5,0.8951495250783692
364.39965057373047,15.898015444139137,4.416118934042082,1.5,0.8958274517217836
364.49965047836304,16.215997520081594,4.504447359133225,1.5,0.8940543563810236
364.5996503829956,16.536373390938994,4.593440727788252,1.5,0.8954791366445025
364.6996502876282,16.85294239204988,4.681376631778832,1.5,0.8959831031672622
364.79965019226074,17.16956379537275,4.769327091951052,1.5,0.895175985395827
364.8996500968933,17.509181296999838,4.863665362318021,1.5,0.8975852508992661
364.9996500015259,17.83564982907087,4.954351138219649,1.5,0.8965913149457976
365.09964990615845,18.18476650905983,5.051328071353622,1.5,0.9009046234775273
365.199649810791,18.51230398094706,5.142310775219513,1.5,0.9008492178531269
365.2996497154236,18.796790021663817,5.221334738637732,1.5,0.8963697942526968
365.39964962005615,19.086491655023924,5.301807478949236,1.5,0.8911253451313392
365.4996495246887,19.380898970901963,5.383587354339206,1.5,0.8836576889681801
365.5996494293213,19.67633618149967,5.4656533118246164,1.5,0.8805779685831217
365.69964933395386,19.959544233655965,5.544322278136487,1.5,0.8783778003519552
365.7996492385864,20.193259073041084,5.609243118791206,1.5,0.8651777115879588
365.899649143219,20.42531059449484,5.673701926317587,1.5,0.851321342657668
365.99964904785156,20.67343109866893,5.742624343726059,1.5,0.8392986893474671
366.09964895248413,20.890254090784378,5.802853000829903,1.5,0.8234521394326766
366.1996488571167,21.102957802910865,5.8619374125769745,1.5,0.8122354384193201
366.29964876174927,21.302983384058624,5.9175001184570375,1.5,0.7977477999590863
366.39964866638184,21.496534564163692,5.971264378164262,1.5,0.7775734636129318
366.4996485710144,21.67971510419336,6.022147902212623,1.5,0.7588509952364033
366.599648475647,21.85019582574467,6.069503696083704,1.5,0.7380321879900683
366.69964838027954,21.995228807244096,6.109790667618651,1.5,0.7142076990414489
366.7996482849121,22.166630717319563,6.157402347395594,1.5,0.6940382896087628
366.8996481895447,22.31499770879056,6.198615433552425,1.5,0.6674756721716075
366.99964809417725,22.435466309504196,6.2320789605214575,1.5,0.6388645204195892
367.0996479988098,22.55551220810173,6.265425070142084,1.5,0.6070490783213456
367.1996479034424,22.678639939791058,6.299627245195281,1.5,0.5786587868399071
367.29964780807495,22.788241860692647,6.330072247579483,1.5,0.5543692831586226
367.3996477127075,22.883979363289733,6.356666019575896,1.5,0.5274297733095585
367.4996476173401,22.99363914208609,6.38712709361039,1.5,0.5017703481610857
367.59964752197266,23.103617670527182,6.4176767092837,1.5,0.4760121526901063
367.6996474266052,23.187925006778567,6.441095432532937,1.5,0.4483870048133952
367.7996473312378,23.27619800635327,6.465615729808799,1.5,0.4281867138594679
367.89964723587036,23.371139084746243,6.491988272682643,1.5,0.4091435633722358
367.99964714050293,23.425509825114784,6.507091268200735,1.5,0.3822338267639215
368.0996470451355,23.493061143462985,6.5258555383088614,1.5,0.36150161349428334
368.19964694976807,23.564428173597765,6.545679729205641,1.5,0.3418714843483871
368.29964685440063,23.628452963001912,6.563464407156745,1.5,0.3229824523699234
368.3996467590332,23.68758064177975,6.579888775512296,1.5,0.3043124888890215
368.49964666366577,23.735356583573864,6.593159881071982,1.5,0.28550626170966814
368.59964656829834,23.78282681726581,6.606346067646463,1.5,0.26842144176801463
368.6996464729309,23.832231317434026,6.62006955089419,1.5,0.25513968495793393
368.7996463775635,23.898118420823604,6.638371538699539,1.5,0.24048482499617369
368.89964628219604,23.9270224792205,6.646400450232913,1.5,0.22389272186098236
368.9996461868286,23.955612435250643,6.654342111039053,1.5,0.21113177660975063
369.0996460914612,23.98992105839314,6.66387229175833,1.5,0.1992238008027452
369.19964599609375,24.0278863323262,6.674418209620908,1.5,0.18739566092724252
369.2996459007263,24.077137604226557,6.6880991294268455,1.5,0.1790136116443652
369.3996458053589,24.112282014884375,6.697861473530552,1.5,0.17059788967215386
369.49964570999146,24.121861215163513,6.700522364625691,1.5,0.15669778494630335
369.599645614624,24.134914530646373,6.704148288493889,1.5,0.14323592620551845
369.6996455192566,24.172210831443167,6.71450838033662,1.5,0.13670660427541892
369.79964542388916,24.206907018874077,6.724146217888804,1.5,0.1292653673170634
369.89964532852173,24.203105809412286,6.723090325526926,1.5,0.115551136620293
369.9996452331543,24.20804712678045,6.72446291478282,1.5,0.10868592694201944
370.09964513778687,24.2171585881788,6.726993878307131,1.5,0.1005692659094608
370.19964504241943,24.21713238989004,6.726986600998876,0.6152350134796052,0.09065352235055353
370.299644947052,24.217104559523058,6.726978870335197,0.0,0.08175730955907196
370.39964485168457,24.230972968021437,6.730831209111059,0.0,0.07547128877441157
370.49964475631714,24.256796104874343,6.738004308419786,0.0,0.0724222827411731
370.5996446609497,24.267771360808638,6.741052993062702,0.0,0.06735352694144836
370.6996445655823,24.267922780181134,6.741095054033155,0.0,0.06051280927899479
370.79964447021484,24.26792862255054,6.741096676914844,0.0,0.05136261809086194
370.8996443748474,24.268031922521743,6.741125371374245,0.0,0.04736250573907147
370.99964427948,24.267924218663953,6.741095453612036,0.0,0.043376712653748366
371.09964418411255,24.267611322057817,6.741008537818577,0.0,0.038568159811587024
371.1996440887451,24.28140437887806,6.744839945555991,0.0,0.0352109015472736
371.2996439933777,24.290543398153915,6.747378564052399,0.0,0.029639745579440803
371.39964389801025,24.290912928197123,6.747481211368741,0.0,0.02480989257965166
371.4996438026428,24.277151512389178,6.743658592808441,0.0,0.021568134660351346
371.5996437072754,24.281281187136294,6.744805725600346,0.0,0.020328737940223857
371.69964361190796,24.29238738207728,6.747890782218663,0.0,0.01669121685900622
371.7996435165405,24.278750836394092,6.7441028498318785,0.0,0.009978325487609936
371.8996434211731,24.282044906753494,6.745017870108173,0.0,0.010963782746501302
371.99964332580566,24.27694235701913,6.743600494048061,0.0,0.009568798758138037
372.09964323043823,24.28245559405042,6.745131950004137,0.0,0.00906904449741786
372.1996431350708,24.306073827755686,6.751692575726319,0.0,0.012352999144459826
372.29964303970337,24.301910726884355,6.7505361578924825,0.0,0.011778655011643671
372.39964294433594,24.29323498905373,6.748126228789367,0.0,0.008647518086069755
372.4996428489685,24.292904184721795,6.748034338623651,0.0,0.005015019884628466
372.5996427536011,24.290562933167475,6.7473839904493955,0.0,0.0031655017122043843
372.69964265823364,24.290604969009042,6.747395667081395,0.0,0.003150309528488915
372.7996425628662,24.29139555468385,6.747615274388971,0.0,0.0032593018453758913
372.8996424674988,24.30602982358758,6.751680352336511,0.0,0.005277495514144946
372.99964237213135,24.3160650197828,6.7544679090652275,0.0,0.006686234103085288
373.0996422767639,24.301877201706624,6.7505268453356635,0.0,0.004759158297230224
373.1996421813965,24.277128396264924,6.743652171657679,0.0,-0.0005938875155310133
373.29964208602905,24.282126563556755,6.745040552571669,0.0,-0.0011690068552168617
373.3996419906616,24.290796323702853,6.7474488212055315,0.0,-1.6195097049512795e-05
373.4996418952942,24.29241067172941,6.747897251571652,0.0,0.0021193314027574545
373.59964179992676,24.307366959298303,6.752051779219965,0.0,0.0036230302650001045
373.6996417045593,24.30136653222293,6.750384992587821,0.0,0.0012471063739123633
373.7996416091919,24.29281143924707,6.748008575971173,0.0,0.0019528649320446098
373.89964151382446,24.292424460918262,6.747901081904954,0.0,0.0014416072732142044
373.99964141845703,24.290526894854636,6.747373979798931,0.0,0.001886744674775159
374.0996413230896,24.27635528565441,6.7434374185385115,0.0,-0.0008472665408292472
374.19964122772217,24.282126269565026,6.7450404709072345,0.0,-0.0033260555815162072
374.29964113235474,24.305730062809722,6.75159708538716,0.0,0.0005304642532288059
374.3996410369873,24.302369103045287,6.750663484705714,0.0,0.0012686291680325617
374.4996409416199,24.292709760730368,6.74798033191616,0.0,-2.700337949793248e-05
374.59964084625244,24.29217483061977,6.747831740099899,0.0,0.00022387503875575428
374.699640750885,24.290363311671705,6.747328539989543,0.0,-3.356357793437435e-05
374.7996406555176,24.275928476219846,6.743318860267397,0.0,-0.0021482091094786318
374.89964056015015,24.282269520514806,6.745080262869562,0.0,-0.003300047880645468
374.9996404647827,24.305708289224157,6.751591037164109,0.0,-0.00143843732236021
375.0996403694153,24.301240220935277,6.75034990609096,0.0,-8.846970672282579e-05
375.19964027404785,24.276840578118208,6.74357222210852,0.0,-3.997481270235012e-05
375.2996401786804,24.282304847472734,6.745090075921282,0.0,2.4761698421180145e-05
375.399640083313,24.30622872486764,6.751735602736284,0.0,0.002143392809474958
375.49963998794556,24.301508888774258,6.750424536105936,0.0,0.001263643472246254
375.5996398925781,24.277107610640016,6.743646397868363,0.0,-0.004202694683802793
375.6996397972107,24.297399068779526,6.74928291852744,0.0,-0.0005510375557010241
375.79963970184326,24.302021796058497,6.750567010465538,0.0,0.001279218467140072
375.89963960647583,24.291473760327335,6.747636998196207,0.0,-0.000132041980298144
375.9996395111084,24.291178634163657,6.747555018640713,0.0,9.05195072170189e-05
376.09963941574097,24.292861277079517,6.748022419824594,0.0,0.0022925028293424975
376.19963932037354,24.29244756315238,6.747907499197342,0.0,0.0014335155121605874
376.2996392250061,24.27727696268148,6.743693440139737,0.0,-0.003951826392466965
376.3996391296387,24.28172230266535,6.744928257789776,0.0,-0.002867616192740955
376.49963903427124,24.291590043818466,6.747669299191807,0.0,-0.00015551651048902222
376.5996389389038,24.29222574714926,6.747845883591628,0.0,7.071752608601143e-06
376.6996388435364,24.29208451950927,6.747806653660247,0.0,0.00023905706333421893
376.79963874816895,24.29395272030065,6.748325598739674,0.0,0.0025033716235396976
376.8996386528015,24.293048650420815,6.748074468016593,0.0,0.001497104001265177
376.9996385574341,24.2917721370319,6.747719880680448,0.0,-0.0019355800877434554
377.09963846206665,24.291950746607142,6.747769494491039,0.0,-0.001290207030397949
377.1996383666992,24.277542242692626,6.743767129090672,0.0,9.745358401501876e-05
377.2996382713318,24.280578833768367,6.74461062728651,0.0,-0.0002397245460053113
377.39963817596436,24.275868066237987,6.743302079703456,0.0,-0.004216765537834917
377.4996380805969,24.28038816269549,6.744557663057229,0.0,-0.0029334393218993673
377.5996379852295,24.291042467079375,6.747517194420375,0.0,0.0019354001217473603
377.69963788986206,24.277595856587357,6.743782021851124,0.0,-0.0027504509611924024
377.79963779449463,24.28070353675213,6.744645267031935,0.0,-0.0029608745405117084
377.8996376991272,24.290768270159653,6.747441028548408,0.0,-9.798491734525401e-05
377.99963760375977,24.291857443435823,6.7477435769227165,0.0,9.427923091336625e-05
378.09963750839233,24.277358296091027,6.743716032771574,0.0,-0.0021531955799575443
378.1996374130249,24.280694916084386,6.744642872400089,0.0,-0.00163231495532331
378.29963731765747,24.291123997000327,6.7475398416387575,0.0,0.0019232025836193767
378.39963722229004,24.277427244287363,6.743735185063656,0.0,-0.0005965369319619581
378.4996371269226,24.267646897913693,6.74101842000867,0.0,-0.0033254427629576338
378.5996370315552,24.26761337697766,6.741009108630101,0.0,-0.0034183907407948485
378.69963693618774,24.28132235711868,6.744817161715713,0.0,-0.0014947473977689342
378.7996368408203,24.27749604496269,6.743754296377646,0.0,-0.002285653360782998
378.8996367454529,24.28214986195563,6.745047024354312,0.0,-0.0015137232747397446
378.99963665008545,24.290387978734742,6.747335391956979,0.0,-0.00019224454507283626
379.099636554718,24.276880370525813,6.74358327556392,0.0,-0.0020931114597060904
379.1996364593506,24.279981680739688,6.74444475131251,0.0,0.0003388114340343645
379.29963636398315,24.27656874440282,6.743496712682727,0.0,-0.0005569578330474731
379.3996362686157,24.26755271244151,6.740992257356578,0.0,-0.0011549122748491956
379.4996361732483,24.267770232742546,6.7410526797107595,0.0,-0.0017524933445426613
379.59963607788086,24.28284250351931,6.745239424942587,0.0,-0.001138885825020391
379.6996359825134,24.290389662445783,6.747335859654865,0.0,0.001776920596474129
379.799635887146,24.27672908958293,6.743541253046168,0.0,-0.0005520075193188852
379.89963579177856,24.2680735813021,6.741136943266936,0.0,-0.0031520456467612956
379.99963569641113,24.282295537660843,6.745087489860355,0.0,-0.0013280447977030922
380.0996356010437,24.276532148867147,6.743486547248019,0.0,-0.00011474287120469395
380.19963550567627,24.26740000769931,6.7409498393387,0.0,-0.0018465182916713007
380.29963541030884,24.267583476700036,6.741000802990783,0.0,-0.0032695224420469155
380.3996353149414,24.26794421876254,6.741101009199421,0.0,-0.0013170891881915088
380.499635219574,24.268014320642145,6.741120481959334,0.0,5.103102399907639e-05
380.59963512420654,24.26784811703358,6.741074314253354,0.0,3.260284271891848e-05
380.6996350288391,24.267761073714414,6.741050135534243,0.0,-0.0018835148869948617
380.7996349334717,24.267752804267527,6.7410478384638255,0.0,-0.0013532302474511886
380.89963483810425,24.26793765003124,6.741099184550378,0.0,-0.001973921784445556
380.9996347427368,24.26801929787485,6.7411218645250806,0.0,-0.0031067666787930126
381.0996346473694,24.252761905084178,6.736883696470473,0.0,-0.0033497927413349052
381.19963455200195,24.25879973396684,6.738560872501841,0.0,-0.0029419422109889974
381.2996344566345,24.267940153948032,6.741099880083377,0.0,-0.0011984174425751439
381.3996343612671,24.25451199767746,6.737369833690851,0.0,-0.0018112135601715557
381.49963426589966,24.257877556698602,6.738304711944625,0.0,-0.001373985193401477
381.5996341705322,24.23696645384927,6.732496067617343,0.0,-0.00637168473913387
381.6996340751648,24.263516237937466,6.739871013541794,0.0,-0.0037324266160548305
381.79963397979736,24.248326890088737,6.73565174687507,0.0,-0.003944756847562047
381.89963388442993,24.246404061560575,6.7351176274121745,0.0,-0.0030096607976168198
381.9996337890625,24.267683274379973,6.741028524590721,0.0,-0.0020294845702841474
382.09963369369507,24.26774316023134,6.741045159562742,0.0,-0.0012206950067839297
382.19963359832764,24.23679131717817,6.732447418503118,0.0,-0.004251214472065251
382.2996335029602,24.23104605337369,6.730851510614037,0.0,-0.005074651027937406
382.3996334075928,24.256459032509614,6.737910677132456,0.0,-0.0015951675547528576
382.49963331222534,24.23812572238269,6.73281808691202,0.0,-0.00415120148255146
382.5996332168579,24.247132818195883,6.735320059972817,0.0,-0.0028771298841136516
382.6996331214905,24.25300178778431,6.736950330607151,0.0,-0.0020499044184872786
382.79963302612305,24.243523309788646,6.734317417946471,0.0,-0.0033652134679948514
382.8996329307556,24.25803031450372,6.738347144702215,0.0,-0.0013760212363576514
382.9996328353882,24.26769456639418,6.741031661263843,0.0,-4.510167363096871e-05
383.09963274002075,24.267750294050273,6.741047141180697,0.0,0.002081724340399207
383.1996326446533,24.23750229652321,6.732644912923625,0.0,-0.0029579826100599887
383.2996325492859,24.217065870066182,6.7269681232552445,0.0,-0.007065885152619444
383.39963245391846,24.21713829595345,6.726988241573358,0.0,-0.005190801009079887
383.499632358551,24.2462073196394,6.735062976834794,0.0,-0.0016208691006970922
383.5996322631836,24.2674636651517,6.740967521978509,0.0,0.004235731220090925
383.69963216781616,24.267528395578008,6.740985502666868,0.0,0.0005572450939673636
383.79963207244873,24.267518086226822,6.740982638955915,0.0,0.0026654485823921466
383.8996319770813,24.2544117192683,6.737341978554911,0.0,0.0011121766320224013
383.99963188171387,24.257915881694412,6.738315357785311,0.0,-0.0013565846964451534
384.09963178634644,24.253120601306325,6.736983334389669,0.0,-0.002030914523367558
384.199631690979,24.227538902829643,6.729877301350213,0.0,-0.0012850598019808642
384.2996315956116,24.216987766310524,6.726946427750205,0.0,-0.0019525432940063127
384.39963150024414,24.216967640029374,6.72694083711208,0.0,-0.005484925241020406
384.4996314048767,24.23214394320543,6.731156480255718,0.0,-0.0008308041204673274
384.5996313095093,24.227652810050273,6.7299089422701455,0.0,-0.00270556143156006
384.69963121414185,24.246971403730388,6.73527522258542,0.0,-0.0008375548096198938
384.7996311187744,24.25255031762804,6.736824922130082,0.0,0.0012537532874777578
384.899631023407,24.257924894125303,6.738317861240339,0.0,-1.4641744901359912e-05
384.99963092803955,24.253823240996287,6.737178512237467,0.0,-0.0019265763505146127
385.0996308326721,24.257475325111372,6.738192980858788,0.0,-0.0014270815219258252
385.1996307373047,24.267484590724127,6.740973334642167,0.0,0.004164214830575498
385.29963064193726,24.26768036728251,6.741027717063002,0.0,0.007029803608021764
385.3996305465698,24.252396898470842,6.736782305663434,0.0,0.004897036715216026
385.4996304512024,24.227563435464997,6.7298841159765965,0.0,-0.002589432898574188
385.59963035583496,24.21699068518034,6.726947238548025,0.0,-0.007010148400640431
385.69963026046753,24.21696139549627,6.7269391025181635,0.0,-0.007023206772204337
385.7996301651001,24.23094553090099,6.7308235876826155,0.0,-0.005079530480867354
385.89963006973267,24.2571124750246,6.738092189087384,0.0,0.00037510562396522935
385.99962997436523,24.236016248835604,6.732232121569057,0.0,-0.0030416210088428115
386.0996298789978,24.21678595408289,6.726890368753238,0.0,-0.005046487630921377
386.19962978363037,24.21681695183714,6.726898979247418,0.0,-0.0014891624715738495
386.29962968826294,24.246842941549872,6.735239538617841,0.0,0.004146559388285221
386.3996295928955,24.25387490907145,6.73719286449205,0.0,0.00512601857853715
386.4996294975281,24.243046551494043,6.734184984980913,0.0,0.0015142538067022425
386.59962940216064,24.227252022855577,6.729797612404777,0.0,-5.566498577043097e-05
386.6996293067932,24.21704699452512,6.7269628800452,0.0,-0.004156175233747719
386.7996292114258,24.246852128229335,6.735242090475289,0.0,-0.0007914165821501708
386.89962911605835,24.253735285802673,6.737154080219695,0.0,-0.0005818910652564348
386.9996290206909,24.227532509780115,6.7298755255017015,0.0,-0.003651496850221382
387.0996289253235,24.23080059982837,6.7307833290191255,0.0,-0.003704829453031819
387.19962882995605,24.255688800811956,6.737696723711944,0.0,-0.001638307027522569
387.2996287345886,24.23777355808592,6.732720263417991,0.0,-0.004153730783811732
387.3996286392212,24.230758247990394,6.730771564610277,0.0,-0.0030053733927260925
387.49962854385376,24.242806707493997,6.734118361594268,0.0,0.0021171248278832643
387.5996284484863,24.227520776017275,6.729872266120528,0.0,0.0014625151810145607
387.6996283531189,24.247474661274104,6.735415016459399,0.0,0.004237961012252256
387.79962825775146,24.2374828366239,6.732639507391714,0.0,0.0009079607204482084
387.89962816238403,24.23192869040006,6.731096687761949,0.0,-0.0034977539984357786
387.9996280670166,24.227343891847045,6.729823131589489,0.0,-0.0012044961384808438
388.09962797164917,24.217301394663714,6.727033546806898,0.0,7.158909510281367e-05
388.19962787628174,24.217338309994123,6.727043801073548,0.0,7.241098212169587e-05
388.2996277809143,24.21716370236076,6.726995298914368,0.0,-0.0041221237828998536
388.3996276855469,24.216889254124524,6.726919063232203,0.0,-0.005136905528858204
388.49962759017944,24.216947424430572,6.726935221663476,0.0,-0.0036248851156781615
388.599627494812,24.217007720735918,6.726951970650583,0.0,-0.0014228222340062413
388.6996273994446,24.23108571359266,6.730862527350342,0.0,0.0019498255120697489
388.79962730407715,24.227075072163636,6.729748459395471,0.0,-0.0027468181594790062
388.8996272087097,24.217003789626958,6.726950878674998,0.0,-0.005101605637618827
388.9996271133423,24.216925893233295,6.726929240770559,0.0,-0.001473143770470546
389.09962701797485,24.216654124716833,6.726853749455593,0.0,-0.001964791655537625
389.1996269226074,24.216466686109477,6.726801683134119,0.0,-0.005447525484077742
389.29962682724,24.216619454087503,6.726844118717519,0.0,-0.0029380751522027227
389.39962673187256,24.216621309889607,6.726844634218516,0.0,-0.0019634670683885353
389.4996266365051,24.231411937507442,6.730953145176943,0.0,-0.001582609717956758
389.5996265411377,24.21284145617187,6.72579467401251,0.0,-0.002038797998357983
389.69962644577026,24.194492410720734,6.720697712865185,0.0,-0.007358658814870844
389.79962635040283,24.207547850272178,6.7243242267529055,0.0,-0.004157644284442925
389.8996262550354,24.216419950220665,6.726788700932397,0.0,-0.002153995468986224
389.99962615966797,24.21680601719956,6.72689594184566,0.0,-0.0014635962677087783
390.09962606430054,24.20270142125919,6.722977995394536,0.0,-0.0020277776400205215
390.1996259689331,24.207438539177446,6.724293862535633,0.0,-0.0013749705802314322
390.2996258735657,24.216723390550243,6.726872989980266,0.0,-6.115452537273827e-05
390.39962577819824,24.21690674446736,6.726923921664654,0.0,2.4292185421917e-06
390.4996256828308,24.21684641616894,6.726907163790576,0.0,-1.4028949828910082e-05
390.5996255874634,24.21697615126673,6.726943201346571,0.0,-4.384656187451374e-06
390.69962549209595,24.202854593477255,6.723020543266926,0.0,-0.003920995781061231
390.7996253967285,24.193927268738317,6.7205407288555925,0.0,-0.004603869660531418
390.8996253013611,24.19564600704353,6.721018156544538,0.0,-0.00296636389417502
390.99962520599365,24.208387049288003,6.7245573377771235,0.0,-0.0011859526277304138
391.0996251106262,24.20424982767871,6.7234081086329365,0.0,-0.001722822054339352
391.1996250152588,24.20815368853788,6.724492515294676,0.0,-0.0011545850208196438
391.29962491989136,24.21638854226579,6.726779976493507,0.0,-3.2071142591517944e-05
391.3996248245239,24.21659186931077,6.726836456273407,0.0,-4.08897645387941e-06
391.4996247291565,24.216631911696854,6.7268475791673294,0.0,-0.0020527849624950097
391.59962463378906,24.216622141526596,6.726844865228975,0.0,0.0005250961090032236
391.69962453842163,24.21654009631018,6.7268220748728496,0.0,0.0030621839241584256
391.7996244430542,24.21662992491572,6.726847027283239,0.0,0.0012614014681329286
391.89962434768677,24.216642999021655,6.726850658982237,0.0,3.0979054464370056e-05
391.99962425231934,24.216672482217525,6.726858848765421,0.0,-1.8546557807055078e-05
392.0996241569519,24.18970583525578,6.71936810750568,0.0,-0.0018049456657581963
392.1996240615845,24.184600816201637,6.717950045522859,0.0,-0.0031719115313576054
392.29962396621704,24.207448980459542,6.724296762894092,0.0,-0.0012881147715290843
392.3996238708496,24.20335549366541,6.72315968231939,0.0,-0.0018821214675628696
392.4996237754822,24.19434376119777,6.720656421297996,0.0,-0.003125374226879549
392.59962368011475,24.207149246855856,6.724213503493127,0.0,-0.0013648502283445598
392.6996235847473,24.216979308619774,6.726944078389784,0.0,0.001961769432318306
392.7996234893799,24.203285753617447,6.723140310068348,0.0,0.0012997918459557386
392.89962339401245,24.194181687400132,6.7206114007626345,0.0,-0.0002033780849082725
392.999623298645,24.207922391922924,6.724428266183566,0.0,-6.453585832475427e-05
393.0996232032776,24.205111548935946,6.7236474758403295,0.0,0.00011968371783580688
393.19962310791016,24.19478246292047,6.7207782829851235,0.0,-0.0018571179258619075
393.2996230125427,24.192937703020306,6.720265849269575,0.0,-0.0032570667181468583
393.3996229171753,24.193570901109762,6.720441737768468,0.0,-0.0031973623017119744
393.49962282180786,24.207581493259738,6.724333572034704,0.0,-0.0012570047650860244
393.59962272644043,24.204837698701578,6.723571406269928,0.0,-0.0016367310404322248
393.699622631073,24.207965090453207,6.724440126895912,-0.27863047176356304,-0.0011909751242711784
393.79962253570557,24.20310138250138,6.723089095828469,-1.5,-1.5
393.89962244033813,24.195210543181616,6.7208971942639035,-1.5,-1.5
393.9996223449707,24.149679061014872,6.708249550210589,-1.5,-1.5
394.09962224960327,24.022272149263593,6.672858713078143,-1.5,-1.5
394.19962215423584,23.730207104953738,6.59172946919984,-1.5,-1.5
394.2996220588684,23.304401008760514,6.4734499034114785,-1.5,-1.5
394.399621963501,22.90384385003,6.362183936973634,-1.5,-1.5
394.49962186813354,22.491784699835,6.247722970350767,-1.5,-1.5
394.5996217727661,22.07594734472775,6.132212501523786,-1.5,-1.5
394.6996216773987,21.677461414777472,6.021521876874057,-1.5,-1.5
394.79962158203125,21.283472966561384,5.912080553705488,-1.5,-1.5
394.8996214866638,20.906640849993384,5.807404882029463,-1.5,-1.5
394.9996213912964,20.53586332313826,5.7044110421747,-1.5,-1.5
395.09962129592896,20.178911697613163,5.60525773353959,-1.5,-1.5
395.1996212005615,19.834224024113475,5.509511080970193,-1.5,-1.5
395.2996211051941,19.473240243954724,5.409237728485255,-1.5,-1.5
395.39962100982666,19.08667675821327,5.301858896542966,-1.5,-1.5
395.49962091445923,18.7495190687972,5.208203907892349,-1.5,-1.5
395.5996208190918,18.408237425595306,5.113403375607014,-1.5,-1.5
395.69962072372437,18.081387203911113,5.022611574728022,-1.5,-1.5
395.79962062835693,17.75165066155028,4.931018017464114,-1.5,-1.5
395.8996205329895,17.390785245350276,4.83077754388291,-1.5,-1.5
395.99962043762207,17.02619437297527,4.729502220536324,-1.5,-1.5
396.09962034225464,16.68799880335832,4.635558931599268,-1.5,-1.5
396.1996202468872,16.36467224874502,4.545745927911894,-1.5,-1.5
396.2996201515198,16.012432122776687,4.447901370200663,-1.5,-1.5
396.39962005615234,15.667625755586025,4.352121747135175,-1.5,-1.5
396.4996199607849,15.349403036419305,4.263726476650482,-1.5,-1.5
396.5996198654175,15.015099364442884,4.170864271256216,-1.5,-1.5
396.69961977005005,14.710061380234336,4.0861314300787335,-1.5,-1.5
396.7996196746826,14.39206956734838,3.9978003002788984,-1.5,-1.5
396.8996195793152,14.06157478932214,3.9059961218283257,-1.5,-1.5
396.99961948394775,13.725315235610287,3.8125906155173546,-1.5,-1.5
397.0996193885803,13.421289801678373,3.7281390385306157,-1.5,-1.5
397.1996192932129,13.103791844634548,3.639945091018896,-1.5,-1.5
397.29961919784546,12.781218367456166,3.550341275675239,-1.5,-1.5
397.399619102478,12.460967539085155,3.461382641071997,-1.5,-1.5
397.4996190071106,12.142669627241629,3.3729664837159254,-1.5,-1.5
397.59961891174316,11.82826546151829,3.285631923369628,-1.5,-1.5
397.69961881637573,11.507850084181268,3.1966275806837046,-1.5,-1.5
397.7996187210083,11.194431472653523,3.1095667856107507,-1.5,-1.5
397.89961862564087,10.892361936741018,3.025658514064047,-1.5,-1.5
397.99961853027344,10.564386757158863,2.934554224630075,-1.5,-1.5
398.099618434906,10.236459693005731,2.843463300603746,-1.5,-1.5
398.1996183395386,9.934737770228628,2.759651588338568,-1.5,-1.5
398.29961824417114,9.630349650777719,2.6750992652937335,-1.5,-1.5
398.3996181488037,9.304749561128514,2.5846547235911563,-1.5,-1.5
398.4996180534363,8.977936712881203,2.493873304230715,-1.5,-1.5
398.59961795806885,8.671780004001988,2.4088297059516646,-1.5,-1.5
398.6996178627014,8.358765249671848,2.3218810935233467,-1.5,-1.5
398.799617767334,8.050337008988086,2.2362065136826925,-1.5,-1.5
398.89961767196655,7.731653243688704,2.147683174725361,-1.5,-1.5
398.9996175765991,7.424731000012794,2.062426927721554,-1.5,-1.5
399.0996174812317,7.100745362824864,1.9724308453947652,-1.5,-1.5
399.19961738586426,6.783934925807575,1.8844278758209767,-1.5,-1.5
399.2996172904968,6.486062450233878,1.8016854553010664,-1.5,-1.5
399.3996171951294,6.200237931119957,1.7222896920306394,-1.5,-1.5
399.49961709976196,5.897179061579957,1.6381066053675573,-1.5,-1.5
399.59961700439453,5.592318060170338,1.5534229261179962,-1.5,-1.5
399.6996169090271,5.24164984808732,1.4560150115019999,-1.5,-1.5
399.79961681365967,4.879878404345042,1.355522863402157,-1.5,-1.5
399.89961671829224,4.531460032795045,1.258739904989742,-1.5,-1.5
399.9996166229248,4.129693793351242,1.1471380825295214,-1.5,-1.5
400.0996165275574,3.696875110542654,1.0269105744563174,-1.5,-1.5
400.19961643218994,3.2315512732673386,0.8976538495856549,-1.5,-1.5
400.2996163368225,2.78513277626024,0.773648612324017,-1.5,-1.5
400.3996162414551,2.351773860887107,0.6532710395294988,-1.5,-1.5
400.49961614608765,1.9475537217591383,0.5409875777228099,-1.5,-1.5
400.5996160507202,1.491245874290862,0.4142352964687671,-1.5,-1.5
400.6996159553528,0.8712320939154417,0.24200910858364358,-1.5,-1.5
400.79961585998535,0.34068135665048427,0.09463378588765822,-1.5,-1.5
400.8996157646179,0.10628121420197059,0.02952258311859499,-1.5,-1.5
400.9996156692505,0.027441635880486724,0.007622682731609842,-1.5,-1.5
401.09961557388306,0.0,0.0,-1.5,-1.5
401.1996154785156,0.0,0.0,-1.5,-1.5
401.2996153831482,0.0,0.0,-1.5,-1.5
401.39961528778076,0.24786508385904374,0.06885146726419746,-1.5,-1.5
401.49961519241333,0.3117763284594453,0.0866046049668078,-1.5,-1.5
401.5996150970459,0.10364939137261014,0.028791520636700905,-1.5,-1.5
401.69961500167847,0.0,0.0,-1.5,-1.5
401.79961490631104,0.0,0.0,-1.5,-1.5
401.8996148109436,0.1905973709068814,0.0529437564957717,-1.5,-1.5
401.9996147155762,0.22263829350892433,0.06184401989432199,-1.5,-1.5
402.09961462020874,0.06750149074002174,0.018750429094781758,-1.5,-1.5
402.1996145248413,0.0,0.0,-1.5,-1.5
402.2996144294739,0.0,0.0,-1.5,-1.5
402.39961433410645,0.11480068518169766,0.03188910472840161,-1.5,-1.5
402.499614238739,0.11413169455266464,0.031703273849450084,-1.5,-1.5
402.5996141433716,0.028076158090022986,0.007798939041930406,-1.5,-1.5
402.69961404800415,0.0,0.0,-1.5,-1.5
402.7996139526367,0.017024562169143134,0.004729048830220242,-1.5,-1.5
402.8996138572693,0.0824915296574614,0.022914332125190316,-1.5,-1.5
402.99961376190186,0.05645845315551512,0.015682916200632682,-1.5,-1.5
403.0996136665344,0.007737577135192799,0.0021493287014595856,-1.5,-1.5
403.199613571167,0.0,0.0,-1.5,-1.5
403.29961347579956,0.020081381659925013,0.0055781660347306505,-1.5,-1.5
403.39961338043213,0.05466734553784497,0.015185385908811501,-1.5,-1.5
403.4996132850647,0.02663367075485374,0.007398247794941763,-1.5,-1.5
403.59961318969727,0.0,0.0,-1.5,-1.5
403.69961309432983,0.0,0.0,-1.5,-1.5
403.7996129989624,0.007768211139270635,0.0021578381538443184,-1.5,-1.5
403.89961290359497,0.01645431816614965,0.004570647591556717,-1.5,-1.5
403.99961280822754,0.007420126326950114,0.002061147850847549,-1.5,-1.5
404.0996127128601,0.0,0.0,-1.5,-1.5
404.1996126174927,0.0,0.0,-1.5,-1.5
404.29961252212524,0.0,0.0,-1.5,-1.5
404.3996124267578,0.0,0.0,-1.5,-1.5
404.4996123313904,0.0,0.0,-1.5,-1.5
404.59961223602295,0.0,0.0,-1.5,-1.5
404.6996121406555,0.0,0.0,-1.5,-1.5
404.7996120452881,0.0,0.0,-1.5,-1.5
404.89961194992065,0.0,0.0,-1.5,-1.5
404.9996118545532,0.0,0.0,-1.5,-1.5
405.0996117591858,0.0,0.0,-1.5,-1.5
405.19961166381836,0.0,0.0,-1.5,-1.5
405.2996115684509,0.0,0.0,-1.5,-1.5
405.3996114730835,0.0,0.0,-1.5,-1.5
405.49961137771606,0.0,0.0,-1.5,-1.5
405.59961128234863,0.0,0.0,-1.5,-1.5
405.6996111869812,0.0,0.0,-1.5,-1.5
405.79961109161377,0.0,0.0,-1.5,-1.5
405.89961099624634,0.0,0.0,-1.5,-1.5
405.9996109008789,0.0,0.0,-1.5,-1.5
406.0996108055115,0.0,0.0,-1.5,-1.5
406.19961071014404,0.0,0.0,-1.5,-1.5
406.2996106147766,0.0,0.0,-1.5,-1.5
406.3996105194092,0.0,0.0,-1.5,-1.5
406.49961042404175,0.0,0.0,-1.5,-1.5
406.5996103286743,0.0,0.0,-1.5,-1.5
406.6996102333069,0.0,0.0,-1.5,-1.5
406.79961013793945,0.0,0.0,-1.5,-1.5
406.899610042572,0.0,0.0,-1.5,-1.5
406.9996099472046,0.0,0.0,-1.5,-1.5
407.09960985183716,0.0,0.0,-1.5,-1.5
407.1996097564697,0.0,0.0,-1.5,-1.5
407.2996096611023,0.0,0.0,-1.5,-1.5
407.39960956573486,0.0,0.0,-1.5,-1.5
407.49960947036743,0.0,0.0,-1.5,-1.5
407.599609375,0.0,0.0,-1.5,-1.5
407.69960927963257,0.0,0.0,-1.5,-1.5
407.79960918426514,0.0,0.0,-1.5,-1.5
407.8996090888977,0.0,0.0,-1.5,-1.5
407.9996089935303,0.0,0.0,-1.5,-1.5
408.09960889816284,0.0,0.0,-1.5,-1.5
408.1996088027954,0.0,0.0,-1.5,-1.5
408.299608707428,0.0,0.0,-1.5,-1.5
408.39960861206055,0.0,0.0,-1.5,-1.5
408.4996085166931,0.0,0.0,-1.5,-1.5
408.5996084213257,0.0,0.0,-1.5,-1.5
408.69960832595825,0.0,0.0,-1.5,-1.5
408.7996082305908,0.0,0.0,-1.5,-1.5
408.8996081352234,0.0,0.0,-1.5,-1.5
408.99960803985596,0.0,0.0,-1.5,-1.5
409.0996079444885,0.0,0.0,-1.5,-1.5
409.1996078491211,0.0,0.0,-1.5,-1.5
409.29960775375366,0.0,0.0,-1.5,-1.5
409.39960765838623,0.0,0.0,-1.5,-1.5
409.4996075630188,0.0,0.0,-1.5,-1.5
409.59960746765137,0.0,0.0,-1.5,-1.5
409.69960737228394,0.0,0.0,-1.5,-1.5
409.7996072769165,0.0,0.0,-1.5,-1.5
409.8996071815491,0.0,0.0,-1.5,-1.5
409.99960708618164,0.0,0.0,-1.5,-1.5
410.0996069908142,0.0,0.0,-1.5,-1.5
410.1996068954468,0.0,0.0,-1.5,-1.5
410.29960680007935,0.0,0.0,-1.5,-1.5
410.3996067047119,0.0,0.0,-1.5,-1.5
410.4996066093445,0.0,0.0,-1.5,-1.5
410.59960651397705,0.0,0.0,-1.5,-1.5
410.6996064186096,0.0,0.0,-1.5,-1.5
410.7996063232422,0.0,0.0,-1.5,-1.5
410.89960622787476,0.0,0.0,-1.5,-1.5
410.9996061325073,0.0,0.0,-1.5,-1.5
411.0996060371399,0.0,0.0,-1.5,-1.5
411.19960594177246,0.0,0.0,-1.5,-1.5
411.29960584640503,0.0,0.0,-1.5,-1.5
411.3996057510376,0.0,0.0,-1.5,-1.5
411.49960565567017,0.0,0.0,-1.5,-1.5
411.59960556030273,0.0,0.0,-1.5,-1.5
411.6996054649353,0.0,0.0,-1.5,-1.5
411.79960536956787,0.0,0.0,-1.5,-1.5
411.89960527420044,0.0,0.0,-1.5,-1.5
411.999605178833,0.0,0.0,-1.5,-1.5
412.0996050834656,0.0,0.0,-1.5,-1.5
412.19960498809814,0.0,0.0,-1.5,-1.5
412.2996048927307,0.0,0.0,-1.5,-1.5
412.3996047973633,0.0,0.0,-1.5,-1.5
412.49960470199585,0.0,0.0,-1.5,-1.5
412.5996046066284,0.0,0.0,-1.5,-1.5
412.699604511261,0.0,0.0,-1.5,-1.5
412.79960441589355,0.0,0.0,-1.5,-1.5
412.8996043205261,0.0,0.0,-1.5,-1.5
412.9996042251587,0.0,0.0,-1.5,-1.5
413.09960412979126,0.0,0.0,-1.5,-1.5
413.1996040344238,0.0,0.0,-1.5,-1.5
413.2996039390564,0.0,0.0,-1.5,-1.5
413.39960384368896,0.0,0.0,-1.5,-1.5
413.49960374832153,0.0,0.0,-1.5,-1.5
413.5996036529541,0.0,0.0,-1.5,-1.5
413.69960355758667,0.0,0.0,-1.5,-1.5
413.79960346221924,0.0,0.0,-1.5,-1.5
413.8996033668518,0.0,0.0,-1.5,-1.5
413.9996032714844,0.0,0.0,-1.5,-1.5
414.09960317611694,0.0,0.0,-1.5,-1.5
414.1996030807495,0.0,0.0,-1.5,-1.5
414.2996029853821,0.0,0.0,-1.5,-1.5
414.39960289001465,0.0,0.0,-1.5,-1.5
414.4996027946472,0.0,0.0,-1.5,-1.5
414.5996026992798,0.0,0.0,-1.5,-1.5
414.69960260391235,0.0,0.0,-1.5,-1.5
414.7996025085449,0.0,0.0,-1.5,-1.5
414.8996024131775,0.0,0.0,-1.5,-1.5
414.99960231781006,0.0,0.0,-1.5,-1.5
415.0996022224426,0.0,0.0,-1.5,-1.5
415.1996021270752,0.0,0.0,-1.5,-1.5
415.29960203170776,0.0,0.0,-1.5,-1.5
415.39960193634033,0.0,0.0,-1.5,-1.5
415.4996018409729,0.0,0.0,-1.5,-1.5
415.59960174560547,0.0,0.0,-1.5,-1.5
415.69960165023804,0.0,0.0,-1.5,-1.5
415.7996015548706,0.0,0.0,-1.5,-1.5
415.8996014595032,0.0,0.0,-1.5,-1.5
415.99960136413574,0.0,0.0,-1.5,-1.5
416.0996012687683,0.0,0.0,-1.5,-1.5
416.1996011734009,0.0,0.0,-1.5,-1.5
416.29960107803345,0.0,0.0,-1.5,-1.5
416.399600982666,0.0,0.0,-1.5,-1.5
416.4996008872986,0.0,0.0,-1.5,-1.5
416.59960079193115,0.0,0.0,-1.5,-1.5
416.6996006965637,0.0,0.0,-1.5,-1.5
416.7996006011963,0.0,0.0,-1.5,-1.5
416.89960050582886,0.0,0.0,-1.5,-1.5
416.9996004104614,0.0,0.0,-1.5,-1.5
417.099600315094,0.0,0.0,-1.5,-1.5
417.19960021972656,0.0,0.0,-1.5,-1.5
417.29960012435913,0.0,0.0,-1.5,-1.5
417.3996000289917,0.0,0.0,-1.5,-1.5
417.49959993362427,0.0,0.0,-1.5,-1.5
417.59959983825684,0.0,0.0,-1.5,-1.5
417.6995997428894,0.0,0.0,-1.5,-1.5
417.799599647522,0.0,0.0,-1.5,-1.5
417.89959955215454,0.0,0.0,-1.5,-1.5
417.9995994567871,0.0,0.0,-1.5,-1.5
418.0995993614197,0.0,0.0,-1.5,-1.5
418.19959926605225,0.0,0.0,-1.5,-1.5
418.2995991706848,0.0,0.0,-1.5,-1.5
418.3995990753174,0.0,0.0,-1.5,-1.5
418.49959897994995,0.0,0.0,-1.5,-1.5
418.5995988845825,0.0,0.0,-1.5,-1.5
418.6995987892151,0.0,0.0,-1.5,-1.5
418.79959869384766,0.0,0.0,-1.5,-1.5
418.8995985984802,0.0,0.0,-1.5,-1.5
418.9995985031128,0.0,0.0,-1.5,-1.5
419.09959840774536,0.0,0.0,-1.5,-1.5
419.19959831237793,0.0,0.0,-1.5,-1.5
419.2995982170105,0.0,0.0,-1.5,-1.5
419.39959812164307,0.0,0.0,-1.5,-1.5
419.49959802627563,0.0,0.0,-1.5,-1.5
419.5995979309082,0.0,0.0,-1.5,-1.5
419.69959783554077,0.0,0.0,-1.5,-1.5
419.79959774017334,0.0,0.0,-1.5,-1.5
419.8995976448059,0.0,0.0,-1.5,-1.5
419.9995975494385,0.0,0.0,-1.5,-1.5
420.09959745407104,0.0,0.0,-1.5,-1.5
420.1995973587036,0.0,0.0,-1.5,-1.5
420.2995972633362,0.0,0.0,-1.5,-1.5
420.39959716796875,0.0,0.0,-1.5,-1.5
420.4995970726013,0.0,0.0,-1.5,-1.5
420.5995969772339,0.0,0.0,-1.5,-1.5
420.69959688186646,0.0,0.0,-1.5,-1.5
420.799596786499,0.0,0.0,-1.5,-1.5
420.8995966911316,0.0,0.0,-1.5,-1.5
420.99959659576416,0.0,0.0,-1.5,-1.5
421.09959650039673,0.0,0.0,-1.5,-1.5
421.1995964050293,0.0,0.0,-1.5,-1.5
421.29959630966187,0.0,0.0,-1.5,-1.5
421.39959621429443,0.0,0.0,-1.5,-1.5
421.499596118927,0.0,0.0,-1.5,-1.5
421.59959602355957,0.0,0.0,-1.5,-1.5
421.69959592819214,0.0,0.0,-1.5,-1.5
421.7995958328247,0.0,0.0,-1.5,-1.5
421.8995957374573,0.0,0.0,-1.5,-1.5
421.99959564208984,0.0,0.0,-1.5,-1.5
422.0995955467224,0.0,0.0,-1.5,-1.5
422.199595451355,0.0,0.0,-1.5,-1.5
422.29959535598755,0.0,0.0,-1.5,-1.5
422.3995952606201,0.0,0.0,-1.5,-1.5
422.4995951652527,0.0,0.0,-1.5,-1.5
422.59959506988525,0.0,0.0,-1.5,-1.5
422.6995949745178,0.0,0.0,-1.5,-1.5
422.7995948791504,0.0,0.0,-1.5,-1.5
422.89959478378296,0.0,0.0,-1.5,-1.5
422.9995946884155,0.0,0.0,-1.5,-1.5
423.0995945930481,0.0,0.0,-1.5,-1.5
423.19959449768066,0.0,0.0,-1.5,-1.5
423.29959440231323,0.0,0.0,-1.5,-1.5
423.3995943069458,0.0,0.0,-1.5,-1.5
423.49959421157837,0.0,0.0,-1.5,-1.5
423.59959411621094,0.0,0.0,-1.5,-1.5
423.6995940208435,0.0,0.0,-1.5,-1.5
423.7995939254761,0.0,0.0,-1.5,-1.5
423.89959383010864,0.0,0.0,-1.5,-1.5
423.9995937347412,0.0,0.0,-1.5,-1.5
424.0995936393738,0.0,0.0,-1.5,-1.5
424.19959354400635,0.0,0.0,-1.5,-1.5
424.2995934486389,0.0,0.0,1.976713017255861,-1.5
424.3995933532715,0.0,0.0,2.0,-1.5
424.49959325790405,0.0,0.0,2.0,-1.5
424.5995931625366,0.0,0.0,2.0,-1.5
424.6995930671692,0.0,0.0,2.0,-1.5
424.79959297180176,0.0,0.0,2.0,-1.5
424.8995928764343,0.0,0.0,2.0,-1.5
424.9995927810669,0.0,0.0,2.0,-1.5
425.09959268569946,0.0,0.0,2.0,-1.5
425.19959259033203,0.19283386144606074,0.053565004364763864,2.0,-1.5
425.2995924949646,0.6525901208707093,0.1812751785952239,2.0,-0.30856926975155374
425.39959239959717,1.0486214441471193,0.2912839675122985,2.0,-0.1974230383923658
425.49959230422974,1.3908886071321442,0.3863582555119528,2.0,-0.08650964799026549
425.5995922088623,1.80701691232015,0.5019495438704666,2.0,0.057399227373751346
425.6995921134949,2.282481580855536,0.6340231685668891,2.0,0.19712383432172437
425.79959201812744,2.7841718392279695,0.773381685157067,2.0,0.2993587915001978
425.89959192276,3.3264112141896938,0.9240038542551848,2.0,0.3856199085077611
425.9995918273926,3.9110418288818347,1.0864013771431384,2.0,0.45794217007231613
426.09959173202515,4.499841189764608,1.2499568860104333,2.0,0.5686265722278885
426.1995916366577,5.106959406175737,1.4186009699286841,2.0,0.6484985586596009
426.2995915412903,5.738872881426547,1.5941326312569033,2.0,0.7578112889722239
426.39959144592285,6.336917846622367,1.760256365599068,2.0,0.8409661508854382
426.4995913505554,6.944485908759511,1.9290254067633998,2.0,0.9373029307452766
426.599591255188,7.560213622614904,2.1000610196627227,2.0,1.0137281684322395
426.69959115982056,8.147399477452861,2.263168332047901,2.0,1.09889761381102
426.7995910644531,8.748960318173301,2.4302686992615437,2.0,1.1892146773004915
426.8995909690857,9.366242467375068,2.601736100102512,2.0,1.2701448449649577
426.99959087371826,9.98459127736051,2.773499795842648,2.0,1.3599203475085517
427.09959077835083,10.560730079491238,2.933538480020917,2.0,1.438733360040776
427.1995906829834,11.123619462574435,3.0898967670750017,2.0,1.518167329192309
427.29959058761597,11.705205443781514,3.2514485577627417,2.0,1.5350881535579044
427.39959049224854,12.30064791470239,3.416849376450201,2.0,1.5627841948560999
427.4995903968811,12.913943656451677,3.5872094410018343,2.0,1.6004271190311798
427.5995903015137,13.505816473424026,3.7516186883547795,2.0,1.6248361218066343
427.69959020614624,14.070451386898108,3.908461845349783,2.0,1.637220899766969
427.7995901107788,14.631060381170201,4.064186690560696,2.0,1.645404071881418
427.8995900154114,15.195374017736631,4.220940603898846,2.0,1.6484699469252806
427.99958992004395,15.763606754344945,4.378783157008431,2.0,1.6461924598641147
428.0995898246765,16.329271487802348,4.535912375338761,2.0,1.6429793115313351
428.1995897293091,16.877201789815956,4.688115358771497,2.0,1.634758753448843
428.29958963394165,17.422719786600148,4.839648256882216,2.0,1.62275936039658
428.3995895385742,17.947752612354503,4.985490825154609,2.0,1.6126187676908714
428.4995894432068,18.464128676271,5.128928735437206,2.0,1.5999531901711683
428.59958934783936,18.969285599948414,5.2692502153824705,2.0,1.584596109048485
428.6995892524719,19.419933553417064,5.394430302601085,2.0,1.5656324783800755
428.7995891571045,19.870188085319473,5.519501105963873,2.0,1.5446176764133717
428.89958906173706,20.29227966125721,5.636748859744706,2.0,1.5175078270293372
428.99958896636963,20.672964947192007,5.742494857101102,2.0,1.484498946357745
429.0995888710022,21.046746322307335,5.846323099917887,2.0,1.4563936988737503
429.19958877563477,21.430666635653125,5.9529677167184545,2.0,1.4315368400416435
429.29958868026733,21.737422787422737,6.038177827044714,0.013077652149149799,1.3933659634583186
429.3995885848999,22.03208217081321,6.120027721244153,0.0,1.3515904613740852
429.49958848953247,22.32351567615015,6.200981537489637,0.0,1.3068872945887489
429.59958839416504,22.60808894286713,6.280029730371746,0.0,1.264206726649969
429.6995882987976,22.861316217494675,6.350370696263236,0.0,1.2209555898507138
429.7995882034302,23.06125020470276,6.405907959361923,0.0,1.1708617510213934
429.89958810806274,23.254608828833724,6.459618731255775,0.0,1.1193401311643987
429.9995880126953,23.441179989991166,6.511444095259767,0.0,1.0663314860586195
430.0995879173279,23.59716553609668,6.5547734482858635,0.0,1.0094314991424462
430.19958782196045,23.74503179048924,6.59584744069852,0.0,0.953866950641924
430.299587726593,23.861304008012382,6.628145304737664,0.0,0.8942493767503871
430.3995876312256,23.94565237632654,6.651575425791234,0.0,0.8330430947701164
430.49958753585815,24.047259520203262,6.6797996550030225,0.0,0.7754361992964955
430.5995874404907,24.125475633083,6.70152637040653,0.0,0.7161387604751726
430.6995873451233,24.23301889018362,6.731399521277426,0.0,0.6684852468553812
430.79958724975586,24.321123725615486,6.755873106254019,0.0,0.6181865896937463
430.8995871543884,24.383619277772823,6.773232995741179,0.0,0.568242609916619
430.999587059021,24.456058847327764,6.793355114493012,0.0,0.5254306297856519
431.09958696365356,24.530615878832382,6.814065417590302,0.0,0.48387162029214403
431.19958686828613,24.603331184777268,6.83426412984506,0.0,0.4406486267985807
431.2995867729187,24.66136596958172,6.850384916298472,0.0,0.4061039319177687
431.39958667755127,24.736905409053012,6.871368110715928,0.0,0.37567055300324564
431.49958658218384,24.765277015846145,6.879249118907711,0.0,0.3391341141325313
431.5995864868164,24.814363772748294,6.892884340066476,0.0,0.3064275970794941
431.699586391449,24.866322514586656,6.9073173354568524,0.0,0.27847358516991405
431.79958629608154,24.890929708604258,6.914152672596674,0.0,0.2541225989675713
431.8995862007141,24.914035826006636,6.920571043676472,0.0,0.23047637600974893
431.9995861053467,24.9099070466498,6.919424159604288,0.0,0.20399022671250053
432.09958600997925,24.92956230417718,6.924883957729729,0.0,0.1850554312045445
432.1995859146118,24.93495470195594,6.926381847199918,0.0,0.1652673608619364
432.2995858192444,24.93959193699754,6.927669969075303,0.0,0.14976247499344547
432.39958572387695,24.94935186736222,6.930381063012144,0.0,0.1394029515554695
432.4995856285095,24.92034415992563,6.922323360055822,0.0,0.12126196817082438
432.5995855331421,24.9148721398381,6.920803353259948,0.0,0.10963859598622208
432.69958543777466,24.92385029385924,6.923297286927633,0.0,0.09594897432917568
432.7995853424072,24.911918962668597,6.919983025612158,0.0,0.08205503793285161
432.8995852470398,24.901929243796566,6.9172081014833235,0.0,0.07198762152381782
432.99958515167236,24.872472449421974,6.909025652055537,0.0,0.057835323937325475
433.09958505630493,24.852899506205492,6.90358871903475,0.0,0.04476169341030132
433.1995849609375,24.837489728371335,6.899308221767533,0.0,0.032522076976705824
433.29958486557007,24.812440096434567,6.892349985107402,0.0,0.020982554414988402
433.39958477020264,24.802791441171774,6.889669800945813,0.0,0.009150853841876744
433.4995846748352,24.789719751942943,6.8860387732552075,0.0,0.0033948304113108558
433.5995845794678,24.766391971285135,6.8795588289996426,0.0,-0.006662761887521551
433.69958448410034,24.75561471830687,6.876565145221846,0.0,-0.015376109781304026
433.7995843887329,24.74196190292192,6.872772693469845,0.0,-0.020690009294944748
433.8995842933655,24.71686072018225,6.865800137130786,0.0,-0.027385479389671362
433.99958419799805,24.692249317772454,6.858963630992197,0.0,-0.030230293135899616
434.0995841026306,24.681664648581908,6.856023442753786,0.0,-0.03443029032325494
434.1995840072632,24.667360201374382,6.852049982017374,0.0,-0.03716596803550126
434.29958391189575,24.65769618766083,6.84936553161605,0.0,-0.039152256068127535
434.3995838165283,24.627554579944103,6.840992856107714,0.0,-0.04469414607587424
434.4995837211609,24.60704443073159,6.83529558787976,0.0,-0.043513927586146015
434.59958362579346,24.60725825081792,6.835354982395701,0.0,-0.04272422617712039
434.699583530426,24.58052586078348,6.827929312556715,0.0,-0.04768403266049611
434.7995834350586,24.574051999585567,6.82613101634088,0.0,-0.046926049387807076
434.89958333969116,24.569550967634594,6.824880728687603,0.0,-0.04616373042302434
434.99958324432373,24.560517502019987,6.8223714306761085,0.0,-0.043327152009706466
435.0995831489563,24.546770383643782,6.818552783627803,0.0,-0.04251800825180595
435.19958305358887,24.5223184902826,6.811760585593721,0.0,-0.04377385983291192
435.29958295822144,24.49761271610684,6.804897865054726,0.0,-0.043726101726798236
435.399582862854,24.502163468267753,6.8061619638884805,0.0,-0.04175395834834408
435.4995827674866,24.511213895999113,6.808675973602842,0.0,-0.03868143671567551
435.59958267211914,24.49674380172269,6.804656499754926,0.0,-0.037451200338606196
435.6995825767517,24.48747061535046,6.802080612590821,0.0,-0.0372423018325395
435.7995824813843,24.47333042543466,6.79815277891639,0.0,-0.03730999285830964
435.89958238601685,24.463372804075235,6.795386770770411,0.0,-0.03520671675592914
435.9995822906494,24.463391668830685,6.79539201098445,0.0,-0.03178584031721302
436.099582195282,24.46337983225585,6.795388723044366,0.0,-0.030317388767625186
436.19958209991455,24.463328013521767,6.79537432894005,0.0,-0.02833785356374514
436.2995820045471,24.44968930963198,6.791585797050953,0.0,-0.02888989483409954
436.3995819091797,24.424129395369878,6.784485815187055,0.0,-0.028253547405011865
436.49958181381226,24.413185850152555,6.781445939083677,0.0,-0.026924850075579543
436.5995817184448,24.413153632690324,6.7814369897814535,0.0,-0.02695902201725084
436.6995816230774,24.428125145117853,6.785595746560547,0.0,-0.021166803184320276
436.79958152770996,24.439085928477407,6.788640411040598,0.0,-0.018745320527071695
436.89958143234253,24.424385358964912,6.784556916242556,0.0,-0.02016192545043403
436.9995813369751,24.400365490343784,6.777884725176716,0.0,-0.02224337396263059
437.09958124160767,24.38934421779818,6.774823258131543,0.0,-0.021864783600012424
437.19958114624023,24.374543339151888,6.770711899662934,0.0,-0.020524362538950815
437.2995810508728,24.379329849883376,6.772041487040905,0.0,-0.016428204674067318
437.39958095550537,24.402694230847786,6.7785315980564365,0.0,-0.013815196091219705
437.49958086013794,24.385359043213203,6.773716264305678,0.0,-0.017479871318686255
437.5995807647705,24.366146713257912,6.768379501715357,0.0,-0.01813851631802174
437.6995806694031,24.365954844917244,6.768326204911423,0.0,-0.01687721993507011
437.79958057403564,24.366151322748888,6.768380782130541,0.0,-0.014886012589332248
437.8995804786682,24.36645309793874,6.768464608639229,0.0,-0.0134610939030906
437.9995803833008,24.394091547707244,6.7761419619390235,0.0,-0.009625033701860845
438.09958028793335,24.385138137224217,6.773654901481869,0.0,-0.010866921144751834
438.1995801925659,24.366213104669328,6.768397943788837,0.0,-0.013488205438961839
438.2995800971985,24.366212756974647,6.768397847206904,0.0,-0.01159398597891106
438.39958000183105,24.366045894384524,6.768351496450345,0.0,-0.008067167061805035
438.4995799064636,24.351474237132237,6.764303810642119,0.0,-0.00857107239479085
438.5995798110962,24.34209330437446,6.761697993902529,0.0,-0.00986950735175791
438.69957971572876,24.356985072047348,6.765834599343169,0.0,-0.009880583031547593
438.7995796203613,24.350349543699025,6.7639913955496285,0.0,-0.01232451949906248
438.8995795249939,24.341244864470056,6.761462315962764,0.0,-0.011547311152269868
438.99957942962646,24.340847695566723,6.761351991179134,0.0,-0.008266374882220656
439.09957933425903,24.35517990187751,6.765333162783731,0.0,-0.004745052199140345
439.1995792388916,24.350456908109926,6.76402121902096,0.0,-0.0033453435113550653
439.29957914352417,24.32561815342421,6.75712155942187,0.0,-0.007459970923900082
439.39957904815674,24.331013342405654,6.758620224226759,0.0,-0.009955696409330915
439.4995789527893,24.340976848662955,6.761387867067898,0.0,-0.006164204497533349
439.5995788574219,24.340375211538607,6.761220745510772,0.0,-0.0035793815158565835
439.69957876205444,24.326025271172558,6.757234647775771,0.0,-0.005545783856697527
439.799578666687,24.331468995014763,6.7587467944972115,0.0,-0.00481699841051256
439.8995785713196,24.326704409042833,6.757423297335101,0.0,-0.005520660916976469
439.99957847595215,24.3303261318384,6.758429332249808,0.0,-0.008856323290655976
440.0995783805847,24.326665145437957,6.757412390769465,0.0,-0.008121263101242043
440.1995782852173,24.34556313423585,6.762661836301766,0.0,-0.0028680564787270718
440.29957818984985,24.335993701548414,6.760003658428716,0.0,-0.0041970983917588205
440.3995780944824,24.31613773667798,6.754488108218936,0.0,-0.00693170072628922
440.499577999115,24.31622687901142,6.754512869998035,0.0,-0.004895474990730839
440.59957790374756,24.316245748330854,6.7545181114798485,0.0,-0.003589944634978261
440.6995778083801,24.30280932098135,6.750785767563558,0.0,-0.007524423065654371
440.7995777130127,24.321979787690815,6.7561109014651795,0.0,-0.003940250799940499
440.89957761764526,24.325525114077188,6.757095715138133,0.0,-0.0021833024944750293
440.99957752227783,24.331155322659754,6.758659663217782,0.0,-0.0013461652644792357
441.0995774269104,24.326975645088435,6.7574986407413755,0.0,-0.003917264756972745
441.19957733154297,24.30264384334653,6.750739801517113,0.0,-0.006640715085002772
441.29957723617554,24.292058819944636,6.747799514886582,0.0,-0.004661026712745663
441.3995771408081,24.292279685998402,6.747860866617264,0.0,-0.0053796839352135
441.4995770454407,24.30639864824379,6.751782803711864,0.0,-0.004802536258072848
441.59957695007324,24.2888504866218,6.746908310472831,0.0,-0.007156224343677913
441.6995768547058,24.29587534783274,6.7488596623702835,0.0,-0.004187496696251927
441.7995767593384,24.302055348298335,6.750576330539616,0.0,-0.004085235874782373
441.89957666397095,24.29250492208963,6.747923432248214,0.0,-0.004749937073336239
441.9995765686035,24.29189986725325,6.747755361325874,0.0,-0.0053369905517177425
442.0995764732361,24.306256933900354,6.751743438584973,0.0,-0.0028344787954157026
442.19957637786865,24.316362019260854,6.754550408986242,0.0,-0.004055717525595556
442.2995762825012,24.316288393880946,6.754529957475462,0.0,-0.00273685308669347
442.3995761871338,24.316186624599094,6.754501688207887,0.0,6.790000951013581e-06
442.49957609176636,24.316219213089266,6.754510740573511,0.0,-1.0647132773018405e-06
442.5995759963989,24.302861952173682,6.7508003873509015,0.0,-0.001858863837224199
442.6995759010315,24.292380815958733,6.747888958295386,0.0,-0.0014484060153937476
442.79957580566406,24.306478288757017,6.751804926094347,0.0,-0.002152989738667293
442.89957571029663,24.316194267263075,6.754503811171803,0.0,-0.0012959532190823125
442.9995756149292,24.302514981578078,6.750704006552796,0.0,-0.003977832126049051
443.09957551956177,24.278691213903386,6.744086288015655,0.0,-0.006706182758374454
443.19957542419434,24.29556668930126,6.7487739238207265,0.0,-0.0009829397855978775
443.2995753288269,24.31642156884869,6.754566950551652,0.0,0.003383721059502972
443.3995752334595,24.287737900536776,6.746599258535305,0.0,-0.0006308046425618913
443.49957513809204,24.29705356308443,6.749186944646467,0.0,-0.0012979307705017127
443.5995750427246,24.301266889659768,6.750357314075912,0.0,0.0017245034461552456
443.6995749473572,24.27772644054436,6.743818295201532,0.0,-0.0025206859882893366
443.79957485198975,24.296480252074215,6.749027691460672,0.0,-0.0007743202779214083
443.8995747566223,24.28790555215436,6.746645828466335,0.0,-0.0006388025001493267
443.9995746612549,24.296870411025925,6.74913606903396,0.0,0.0006903545124164028
444.09957456588745,24.30241073383161,6.750675048822278,0.0,-0.0005341953907959636
444.19957447052,24.306815438085376,6.75189857876048,0.0,-0.0013259163773734442
444.2995743751526,24.28812520875643,6.746706844237944,0.0,-0.0039115603491137255
444.39957427978516,24.281555474433972,6.74488191657732,0.0,-0.004809890402352574
444.4995741844177,24.277068882808834,6.743635640128873,0.0,-0.005437555407975891
444.5995740890503,24.2680358652289,6.741126466571554,0.0,-0.0048369650025629225
444.69957399368286,24.268040707050343,6.741127811523031,0.0,-0.003380576610146677
444.79957389831543,24.295972982336846,6.748886783087565,0.0,-0.0014590728948712106
444.899573802948,24.30250117754525,6.750700172096165,0.0,-0.0019018213515372736
444.99957370758057,24.277934621461334,6.743876123280287,0.0,-0.0034139448920464215
445.09957361221313,24.28144367665959,6.744850861615148,0.0,0.0003822871643237282
445.1995735168457,24.276382791798994,6.743445059140342,0.0,-0.0026644348811954285
445.29957342147827,24.28205134528626,6.745019658590927,0.0,-0.004773650532870583
445.39957332611084,24.29101793421345,6.7475103797299445,0.0,0.0004555610317766252
445.4995732307434,24.292169335955744,6.747830213803115,0.0,-0.0006783660686160617
445.599573135376,24.2927381794401,6.747988226008513,0.0,-0.0011845451633700202
445.69957304000854,24.306923310690877,6.751928543397091,0.0,0.004055127965051139
445.7995729446411,24.303050926159017,6.7508528801666,0.0,0.0009125952232828267
445.8995728492737,24.292625732575477,6.747956990743352,0.0,0.0006555817637199883
445.99957275390625,24.292572881200275,6.747942309794051,0.0,-0.0005968801891837786
446.0995726585388,24.291702094810258,6.747700424492204,0.0,-0.0014873135834497131
446.1995725631714,24.291937961706253,6.74776594312684,0.0,-0.002066319787416208
446.29957246780396,24.278014381923615,6.743898278981979,0.0,-0.001404283967212309
446.3995723724365,24.26810735818154,6.741146325740952,0.0,-0.0018677971994542665
446.4995722770691,24.296630738560758,6.749069493295931,0.0,0.002716929174594529
446.59957218170166,24.301703521711005,6.75047860085384,0.0,0.004676071600592156
446.69957208633423,24.292201637812873,6.747839186548385,0.0,0.0033556907129130543
446.7995719909668,24.292083025351342,6.747806238616046,0.0,-0.0005402727510039447
446.89957189559937,24.291957607935704,6.7477714004171645,0.0,-0.0014643872360487569
446.99957180023193,24.292410801288568,6.7478972875603365,0.0,0.0020105840574672963
447.0995717048645,24.278034117781118,6.743903761169004,0.0,-0.0004735506746850549
447.19957160949707,24.282691977791686,6.745197612207019,0.0,0.0008762773690219928
447.29957151412964,24.292053857259546,6.747798136361843,0.0,0.0013892402103408742
447.3995714187622,24.292102209249922,6.747811567481025,0.0,0.00015059401915804284
447.4995713233948,24.30575895090596,6.751605109864757,0.0,0.001887449830833287
447.59957122802734,24.287750573705253,6.746602778862698,0.0,-0.0006927242335405936
447.6995711326599,24.282384128642892,6.745112098486166,0.0,-0.003408225705800115
447.7995710372925,24.27721442268744,6.743676067905272,0.0,-0.0035884095528379407
447.89957094192505,24.282236095039572,6.745070978007903,0.0,-0.0014430077438836325
447.9995708465576,24.278253014816567,6.7439645659497165,0.0,-0.0019888738189051142
448.0995707511902,24.281834222322395,6.744959346608271,0.0,-0.001370540249015739
448.19957065582275,24.291878666586257,6.747749472246998,0.0,-8.235447775058018e-06
448.2995705604553,24.277241631900193,6.743683626025972,0.0,-0.00010732658035775902
448.3995704650879,24.26779417342467,6.741059329905558,0.0,-4.349795917997449e-05
448.49957036972046,24.28172399144465,6.7449287268955125,0.0,-0.002070385174682302
448.599570274353,24.277417750214916,6.743732547819199,0.0,-0.0033730297340920147
448.6995701789856,24.267803099527814,6.741061809380637,0.0,-0.0033886918155819957
448.79957008361816,24.267625391932143,6.741012446120127,0.0,-0.003396899487495155
448.89956998825073,24.282398477560054,6.745116084299678,0.0,-0.0013276593248979524
448.9995698928833,24.27813271845434,6.7439311502668104,0.0,-0.0019830705379664483
449.09956979751587,24.26798622578428,6.741112677825907,0.0,-0.0013955430024420584
449.19956970214844,24.268069922358052,6.741135926892776,0.0,-0.0020308445938861637
449.299569606781,24.283256358069742,6.745354384631898,0.0,-0.0012218770302454304
449.3995695114136,24.277633923680806,6.743792596052208,0.0,-0.0020094876308055856
449.49956941604614,24.26780792396113,6.741063149502075,0.0,-0.005270985208144082
449.5995693206787,24.267812540823545,6.741064431964883,0.0,-0.0027691760897995948
449.6995692253113,24.267666881940464,6.741023971131659,0.0,-0.0020440656266262937
449.79956912994385,24.267578199616658,6.7409993371331165,0.0,-0.001338366662443812
449.8995690345764,24.267841374421547,6.741072441304069,0.0,-0.0019992702585699125
449.999568939209,24.28295115204001,6.74526960511137,0.0,0.0006525202031186633
450.09956884384155,24.26174113941688,6.739377930224943,0.0,-0.0027907108530933135
450.1995687484741,24.24310940035197,6.73420244301097,0.0,-0.006773521077746982
450.2995686531067,24.271448626755003,6.742074456642752,0.0,-0.000804585458922754
450.39956855773926,24.261981809910218,6.739444783193241,0.0,-0.0008072741260352004
450.4995684623718,24.25796256343684,6.73832832494636,0.0,-0.0033002041218963053
450.5995683670044,24.253149685099896,6.736991413227679,0.0,-0.0033705705101865465
450.69956827163696,24.2567883857813,6.738002164225558,0.0,-0.0015298240364934217
450.79956817626953,24.253401600667225,6.737061389830141,0.0,-0.00197553002900516
450.8995680809021,24.258085972529216,6.738362605277221,0.0,-0.0033767427315413378
450.99956798553467,24.267770224601538,6.741052677449367,0.0,-0.001439237781286008
451.09956789016724,24.2532252134675,6.737012393346576,0.0,-0.0020501441948353495
451.1995677947998,24.25710940583456,6.738091336533913,0.0,-0.0015222966312067863
451.2995676994324,24.237846676230426,6.732740574029936,0.0,-0.006306911315720106
451.39956760406494,24.246824294821653,6.73523435896697,0.0,-0.004279122623508097
451.4995675086975,24.267493699974153,6.740975864991421,0.0,-4.364229694747389e-05
451.5995674133301,24.253152948169635,6.7369923196366654,0.0,-0.002036058105845168
451.69956731796265,24.257825826606236,6.738290342463028,0.0,-0.001366815637812482
451.7995672225952,24.2382802138863,6.732861001252909,0.0,-0.004069171820768579
451.8995671272278,24.231269747339503,6.7309136478764735,0.0,-0.0050794015578924535
451.99956703186035,24.25695081418575,6.7380472832628895,0.0,-0.0036111643681151196
452.0995669364929,24.25264731088522,6.736851864723075,0.0,-0.001263033955456802
452.1995668411255,24.22754622631569,6.7298793356535205,0.0,-0.002161555740144919
452.29956674575806,24.230950238769378,6.730824895424881,0.0,-0.005624785973149261
452.3995666503906,24.257016836654827,6.7380656228523055,0.0,-0.0006895808281031327
452.4995665550232,24.267584708484396,6.741001145153379,0.0,0.0013364113780108076
452.59956645965576,24.253197558318636,6.7370047113546345,0.0,6.649069818628894e-06
452.69956636428833,24.228267480466403,6.730079684188997,0.0,-0.003961243796017156
452.7995662689209,24.245785596528652,6.734945831432537,0.0,-0.0010577802075800488
452.89956617355347,24.267512925561867,6.740981205436725,0.0,0.0013093013283992122
452.99956607818604,24.267633882753753,6.741014804683573,0.0,-1.8936400956008876e-05
453.0995659828186,24.26803484392913,6.741126182876946,0.0,0.0020568967267946938
453.1995658874512,24.236521497157696,6.732372468437471,0.0,-0.0028594367751922775
453.29956579208374,24.217514665633338,6.727092788790298,0.0,-0.0028238953128956216
453.3995656967163,24.217247736151457,6.72701864165268,0.0,-0.0041078625747082795
453.4995656013489,24.23135496439716,6.730937319300315,0.0,-0.005019277632309313
453.59956550598145,24.226602824725425,6.72961727944658,0.0,-0.003687523611739367
453.699565410614,24.232457373928103,6.731243544415001,0.0,-0.00352340238419169
453.7995653152466,24.22739705905072,6.729837900268992,0.0,-0.001511551933486759
453.89956521987915,24.246447712170458,6.735129752591286,0.0,0.002108054367803496
453.9995651245117,24.23768817722024,6.732696546491884,0.0,-0.0026753709369350797
454.0995650291443,24.232591383042163,6.731280769198687,0.0,-0.002785550418701977
454.19956493377686,24.241870667214855,6.733858350197608,0.0,0.0019895091693877412
454.2995648384094,24.242981276808454,6.734166853109299,0.0,0.0016709804357800285
454.399564743042,24.22863064069766,6.730180562111715,0.0,-0.003942534130188669
454.49956464767456,24.216922720628993,6.726928359490881,0.0,-0.007036399541682653
454.59956455230713,24.21702603994213,6.726957059323046,0.0,-0.0050238308068928424
454.6995644569397,24.231840208616337,6.73107210946903,0.0,0.0004962131132420151
454.79956436157227,24.242585383097712,6.734056882546117,0.0,-0.0004444748670942078
454.89956426620483,24.258010061565138,6.738341518881441,0.0,-0.0013198445363438453
454.9995641708374,24.253552311853678,6.737103254082092,0.0,-0.001955777165915101
455.09956407546997,24.22794104758425,6.729989008315858,0.0,-0.005568592591167725
455.19956398010254,24.232046484285803,6.731129408311943,0.0,-0.0006215306555019316
455.2995638847351,24.242830716843525,6.734125030863361,0.0,0.0035161243897692844
455.3995637893677,24.257748080117658,6.738268746198924,0.0,0.005625057637595042
455.49956369400024,24.238907514393777,6.733035251533275,0.0,0.0010489671168530854
455.5995635986328,24.217320668531137,6.727038900663243,0.0,-0.0012891906211364283
455.6995635032654,24.231487645087018,6.730974175076982,0.0,-0.00013468479745499772
455.79956340789795,24.257189553760593,6.73811359986451,0.0,0.004137853743924171
455.8995633125305,24.238155346674944,6.732826315888673,0.0,-0.0011517194496718226
455.9995632171631,24.217345944446098,6.727045921756349,0.0,-0.0028253150621981404
456.09956312179565,24.2470543225797,6.735298255617544,0.0,0.00200874512511731
456.1995630264282,24.238041532936094,6.732794700935923,0.0,-0.0005318251380307564
456.2995629310608,24.231491453868596,6.730975233072711,0.0,-0.001595811540178267
456.39956283569336,24.24304268168619,6.734183910033427,0.0,0.0020016758698027984
456.4995627403259,24.228099256241254,6.730032955200183,0.0,0.0015522993350393932
456.5995626449585,24.230658568761164,6.73074387591334,0.0,0.0018934101008435313
456.69956254959106,24.242225063027718,6.733956793557714,0.0,0.0014423434198680017
456.79956245422363,24.241831822339826,6.733847559945913,0.0,-0.00010466139991500563
456.8995623588562,24.242510031660952,6.734035951574716,0.0,-0.0021527857064187936
456.99956226348877,24.227752821098427,6.72993672313908,0.0,-0.003583268888777512
457.09956216812134,24.231989379424903,6.731113545837891,0.0,0.0005622692972382923
457.1995620727539,24.227314956174713,6.7298150938963,0.0,-0.0006571578345358841
457.2995619773865,24.216986855393092,6.726946174717383,0.0,-0.0035894314961379707
457.39956188201904,24.21692741279613,6.726929662871685,0.0,-0.005669547070520866
457.4995617866516,24.216872670193062,6.726914456580889,0.0,-0.0030604003948181656
457.5995616912842,24.216911708914473,6.726925300678845,0.0,-5.6800046367731254e-05
457.69956159591675,24.2170822500949,6.726972673266862,0.0,-0.0020007528131267055
457.7995615005493,24.217206911870583,6.727007301565587,0.0,-0.005553154445362359
457.8995614051819,24.217074789917717,6.726970600993765,0.0,-0.002927860239679165
457.99956130981445,24.21708960144223,6.72697471530942,0.0,-3.560325741843263e-05
458.099561214447,24.217122609161073,6.726983884127545,0.0,-0.004157189709604624
458.1995611190796,24.217191772509647,6.727003096184185,0.0,-0.002895805137523935
458.29956102371216,24.232671734082594,6.731303088949995,0.0,0.00016392809497607527
458.3995609283447,24.242042020923563,6.733905948488106,0.0,-0.00013898090520313294
458.4995608329773,24.213145195852473,6.7258790462135085,0.0,-0.0020769564740774917
458.59956073760986,24.20788524431638,6.7244179473957155,0.0,-0.003162967275252672
458.69956064224243,24.21712744313243,6.7269852268984405,0.0,-0.0034857866539418766
458.799560546875,24.217255510530446,6.727020801204127,0.0,-0.0034133826261483766
458.89956045150757,24.21736817729036,6.727052097551362,0.0,-0.0034919303418413914
458.99956035614014,24.232832205987194,6.731347664514711,0.0,0.0007054713606057073
459.0995602607727,24.227727074790067,6.729929571381036,0.0,-0.0005919877929910139
459.1995601654053,24.204783471096654,6.723556343034287,0.0,-0.003129378415414486
459.29956007003784,24.207471407776254,6.724302992709273,0.0,-0.001321592264423534
459.3995599746704,24.204082401097427,6.723361601212042,0.0,-0.0017840325312075977
459.499559879303,24.208398440926505,6.724560502123683,0.0,-0.0011769783510570187
459.59955978393555,24.202894759424044,6.7230317004832925,0.0,-0.0019468019543912815
459.6995596885681,24.20791027965162,6.724424901661068,0.0,-0.00127388701777
459.7995595932007,24.21709838092732,6.72697715405723,0.0,-1.5073768554106984e-05
459.89955949783325,24.219084141645624,6.727528754698039,0.0,0.00027907711828569637
459.9995594024658,24.218405485546942,6.727340238964259,0.0,0.00018276200171492402
460.0995593070984,24.21721222891903,6.727008778524671,0.0,1.244721043355461e-05
460.19955921173096,24.217206083779807,6.7270070715401875,0.0,1.987679896901696e-06
460.2995591163635,24.217185255074675,6.727001285784134,0.0,-0.002150903634192407
460.3995590209961,24.217329775389484,6.727041430348141,0.0,-0.003432262343242902
460.49955892562866,24.20317896079098,6.723110645370597,0.0,-0.001384201741533356
460.59955883026123,24.20815852658254,6.724493859197046,0.0,3.7955936862733244e-05
460.6995587348938,24.217189088771566,6.727002350700788,0.0,8.56190933909238e-06
460.79955863952637,24.21720707424037,6.727007346668342,0.0,-6.727274307711192e-06
460.89955854415894,24.217101941306925,6.726978143052356,0.0,-3.6977284767532283e-05
460.9995584487915,24.21712560433001,6.726984716119582,0.0,-0.0021814762779824364
461.0995583534241,24.20375745332248,6.723271337869013,0.0,-0.003329119930907616
461.19955825805664,24.19429056333911,6.720641644103211,0.0,-0.0014573508553757416
461.2995581626892,24.2078765355795,6.724415528300203,0.0,5.626784912639501e-05
461.3995580673218,24.20331165745166,6.723147505583608,0.0,-0.00010704791630573602
461.49955797195435,24.207813068041727,6.724397898414495,0.0,-8.130193212954936e-05
461.5995578765869,24.216952897793465,6.726936742043274,0.0,0.0019525226420615584
461.6995577812195,24.202774364140627,6.7229982573222555,0.0,-0.0007133228496841306
461.79955768585205,24.20687134973651,6.7241363097871085,0.0,-0.0014204234896820623
461.8995575904846,24.204181372579495,6.723389093312387,0.0,-0.00206983266677199
461.9995574951172,24.194156689509754,6.720604456898641,0.0,-0.0033678942446830097
462.09955739974976,24.194408979532486,6.720674537516576,0.0,-0.003167123524451911
462.1995573043823,24.194228463869777,6.720624394236819,0.0,-0.0031913416951848037
462.2995572090149,24.192946474429746,6.7202682857741465,0.0,-0.0033665032155412644
462.39955711364746,24.193456118051024,6.720409853559978,0.0,-0.0033157915562665556
462.49955701828003,24.207452723440653,6.724297802611899,0.0,0.0005935791867320177
462.5995569229126,24.189883350344324,6.719417417291946,0.0,-0.0025382233731884034
462.69955682754517,24.18494602921409,6.718045938103032,0.0,-0.004478210569632588
462.79955673217773,24.20826259501144,6.724522767117088,0.0,-0.001242290960367997
462.8995566368103,24.21729714400001,6.727032366066036,0.0,2.711153269555448e-05
462.99955654144287,24.204084854372574,6.723362282677906,0.0,-0.0018112184481506879
463.09955644607544,24.180885243720407,6.716917941230168,0.0,-0.003176701348961064
463.199556350708,24.198940010809192,6.721933158322557,0.0,0.0006457577255152971
463.2995562553406,24.21740859066637,6.727063323498124,0.0,0.001323898861528575
463.39955615997314,24.217346213332554,6.727045996447091,0.0,0.0019492472906884315
463.4995560646057,24.204330798630977,6.723430600582116,0.0,-0.0004836493774336719
463.5995559692383,24.2076421458531,6.724350419990783,0.0,-0.001293162259501292
463.69955587387085,24.216821750970333,6.726900312341038,0.0,0.001951029370037847
463.7995557785034,24.20308835764016,6.723085477808569,0.0,-0.0005254164903460184
463.899555683136,24.195076859410445,6.720860059853315,0.0,-0.0012645179354742572
463.99955558776855,24.20780621711214,6.724395995376977,0.0,0.001895771047115836
464.0995554924011,24.203839710725077,6.723294187165791,0.0,0.0013098260737552168
464.1995553970337,24.180709968815584,6.716869253717656,0.0,-0.001877572050173925
464.29955530166626,24.184340496932403,6.71787773455689,0.0,-0.001195276748533156
464.3995552062988,24.17957839658966,6.716554927847882,0.0,-0.0019274646942215202
464.4995551109314,24.184804047779224,6.718006498784018,0.0,-0.0031456549138708613
464.59955501556396,24.19310154518535,6.720311361018497,0.0,0.00044697228954135206
464.69955492019653,24.194121803086936,6.720594766217884,0.0,0.0012744152728032356
464.7995548248291,24.19347677796431,6.7204155924293705,-1.1832191534886078,-0.002053589302314339
464.89955472946167,24.179543777236177,6.716545311353111,-2.0,-2.0
464.99955463409424,24.17109138897146,6.7141974238457145,-2.0,-2.0
465.0995545387268,24.129765177652217,6.702717911517878,-2.0,-2.0
465.1995544433594,23.960444340861763,6.655684308115899,-2.0,-2.0
465.29955434799194,23.543937814952837,6.53998795836197,-2.0,-2.0
465.3995542526245,23.0167126659139,6.393536410912232,-2.0,-2.0
465.4995541572571,22.5138709869927,6.253858055024859,-2.0,-2.0
465.59955406188965,21.975929949409203,6.10442986948699,-2.0,-2.0
465.6995539665222,21.463422924947704,5.962066693246124,-2.0,-2.0
465.7995538711548,20.926650232800053,5.812963048366734,-2.0,-2.0
465.89955377578735,20.40898427198274,5.669166833102822,-2.0,-2.0
465.9995536804199,19.895958587674702,5.526659584567104,-2.0,-2.0
466.0995535850525,19.3949867131604,5.38750061920827,-2.0,-2.0
466.19955348968506,18.937070976418514,5.260301701687583,-2.0,-2.0
466.2995533943176,18.454460625941792,5.12624316375286,-2.0,-2.0
466.3995532989502,17.986497781321763,4.996253380699997,-2.0,-2.0
466.49955320358276,17.51738290832045,4.865943589507438,-2.0,-2.0
466.59955310821533,17.04833994541172,4.735653773356577,-2.0,-2.0
466.6995530128479,16.5854813292988,4.607081832689963,-2.0,-2.0
466.79955291748047,16.11622011713882,4.476731391698587,-2.0,-2.0
466.89955282211304,15.649832778566777,4.347179249564722,-2.0,-2.0
466.9995527267456,15.182718921752794,4.217425296646648,-2.0,-2.0
467.0995526313782,14.728646316895304,4.091293916614545,-2.0,-2.0
467.19955253601074,14.286971001674212,3.9686062309030596,-2.0,-2.0
467.2995524406433,13.853724640575987,3.8482599232099166,-2.0,-2.0
467.3995523452759,13.420035011794946,3.7277904855063766,-2.0,-2.0
467.49955224990845,13.007715439876371,3.613257179457979,-2.0,-2.0
467.599552154541,12.560161333977158,3.4889364950295074,-2.0,-2.0
467.6995520591736,12.116789917953213,3.3657776698292077,-2.0,-2.0
467.79955196380615,11.686553154922699,3.2462673622681177,-2.0,-2.0
467.8995518684387,11.25763803051663,3.1271241768408484,-2.0,-2.0
467.9995517730713,10.836601595355885,3.0101695179547674,-2.0,-2.0
468.09955167770386,10.384133136010762,2.8844837342547978,-2.0,-2.0
468.1995515823364,9.962658597433775,2.7674073798779593,-2.0,-2.0
468.299551486969,9.52736304784676,2.6464918527047776,-2.0,-2.0
468.39955139160156,9.082776212475322,2.5229954107489703,-2.0,-2.0
468.49955129623413,8.662162079382831,2.4061580580868043,-2.0,-2.0
468.5995512008667,8.231420647720222,2.286507564682428,-2.0,-2.0
468.69955110549927,7.8045729054673805,2.167938652534918,-2.0,-2.0
468.79955101013184,7.427720441589864,2.0632573288239495,-2.0,-2.0
468.8995509147644,7.041275302913483,1.9559113710927019,-2.0,-2.0
468.999550819397,6.587237645717724,1.829789698752178,-2.0,-2.0
469.09955072402954,6.1498285937682375,1.7082870871197537,-2.0,-2.0
469.1995506286621,5.677727842589186,1.577147884658739,-2.0,-2.0
469.2995505332947,5.201499407740447,1.444862102483326,-2.0,-2.0
469.39955043792725,4.727824455178548,1.3132856215105868,-2.0,-2.0
469.4995503425598,4.208559527214102,1.169045248350479,-2.0,-2.0
469.5995502471924,3.6530070089084727,1.0147249809205778,-2.0,-2.0
469.69955015182495,3.105539478841631,0.8626505453536707,-2.0,-2.0
469.7995500564575,2.577460394010193,0.7159617933273634,-2.0,-2.0
469.8995499610901,2.028538109513776,0.5634832589845177,-2.0,-2.0
469.99954986572266,1.4302049213763501,0.39727946265007985,-2.0,-2.0
470.0995497703552,0.6655008524106693,0.1848614957809309,-2.0,-2.0
470.1995496749878,0.12525769803147582,0.034793832843787294,-2.0,-2.0
470.29954957962036,0.0,0.0,-2.0,-2.0
470.39954948425293,0.0,0.0,-2.0,-2.0
470.4995493888855,0.05759321266672013,0.015998127428136184,-2.0,-2.0
470.59954929351807,0.26920120372506906,0.07477817196834224,-2.0,-2.0
470.69954919815063,0.23763487818892012,0.06600974119356186,-2.0,-2.0
470.7995491027832,0.05375079739144309,0.01493078899780028,-2.0,-2.0
470.89954900741577,0.0,0.0,-2.0,-2.0
470.99954891204834,0.07246237016740845,0.020128452260362386,-2.0,-2.0
471.0995488166809,0.22252710632678202,0.06181313454124086,-2.0,-2.0
471.1995487213135,0.12552493183695568,0.034868064515805874,-2.0,-2.0
471.29954862594604,0.005964146684797181,0.0016567087378095914,-2.0,-2.0
471.3995485305786,0.0,0.0,-2.0,-2.0
471.4995484352112,0.04902943582428183,0.01361929862439736,-2.0,-2.0
471.59954833984375,0.13283096314936882,0.03689751928170538,-2.0,-2.0
471.6995482444763,0.06604261923269213,0.018345186685218756,-2.0,-2.0
471.7995481491089,0.0,0.0,-2.0,-2.0
471.89954805374146,0.0,0.0,-2.0,-2.0
471.999547958374,0.07981994768199811,0.022172225427210073,-2.0,-2.0
472.0995478630066,0.12723408541482284,0.03534282977835866,-2.0,-2.0
472.19954776763916,0.0483492257142774,0.013430351220460547,-2.0,-2.0
472.29954767227173,0.0,0.0,-2.0,-2.0
472.3995475769043,0.0,0.0,-2.0,-2.0
472.49954748153687,0.03912546722420218,0.010868194034604435,-2.0,-2.0
472.59954738616943,0.05176992205116567,0.0143805454075287,-2.0,-2.0
472.699547290802,0.016712730506421233,0.004642428854612678,-2.0,-2.0
472.79954719543457,0.0,0.0,-2.0,-2.0
472.89954710006714,0.0,0.0,-2.0,-2.0
472.9995470046997,0.02451175473398377,0.006808826206496544,-2.0,-2.0
473.0995469093323,0.017895192485177357,0.004970890778147596,-2.0,-2.0
473.19954681396484,0.0,0.0,-2.0,-2.0
473.2995467185974,0.0,0.0,-2.0,-2.0
473.39954662323,0.0,0.0,-2.0,-2.0
473.49954652786255,0.009286614293658475,0.002579617145263864,-2.0,-2.0
473.5995464324951,0.00690702681737897,0.0019186200952778958,-2.0,-2.0
473.6995463371277,0.0,0.0,-2.0,-2.0
473.79954624176025,0.0,0.0,-2.0,-2.0
473.8995461463928,0.0,0.0,-2.0,-2.0
473.9995460510254,0.0,0.0,-2.0,-2.0
474.09954595565796,0.0,0.0,-2.0,-2.0
474.1995458602905,0.0,0.0,-2.0,-2.0
474.2995457649231,0.0,0.0,-2.0,-2.0
474.39954566955566,0.0,0.0,-2.0,-2.0
474.49954557418823,0.0,0.0,-2.0,-2.0
474.5995454788208,0.0,0.0,-2.0,-2.0
474.69954538345337,0.0,0.0,-2.0,-2.0
474.79954528808594,0.0,0.0,-2.0,-2.0
474.8995451927185,0.0,0.0,-2.0,-2.0
474.9995450973511,0.0,0.0,-2.0,-2.0
475.09954500198364,0.0,0.0,-2.0,-2.0
475.1995449066162,0.0,0.0,-2.0,-2.0
475.2995448112488,0.0,0.0,-2.0,-2.0
475.39954471588135,0.0,0.0,-2.0,-2.0
475.4995446205139,0.0,0.0,-2.0,-2.0
475.5995445251465,0.0,0.0,-2.0,-2.0
475.69954442977905,0.0,0.0,-2.0,-2.0
475.7995443344116,0.0,0.0,-2.0,-2.0
475.8995442390442,0.0,0.0,-2.0,-2.0
475.99954414367676,0.0,0.0,-2.0,-2.0
476.0995440483093,0.0,0.0,-2.0,-2.0
476.1995439529419,0.0,0.0,-2.0,-2.0
476.29954385757446,0.0,0.0,-2.0,-2.0
476.39954376220703,0.0,0.0,-2.0,-2.0
476.4995436668396,0.0,0.0,-2.0,-2.0
476.59954357147217,0.0,0.0,-2.0,-2.0
476.69954347610474,0.0,0.0,-2.0,-2.0
476.7995433807373,0.0,0.0,-2.0,-2.0
476.8995432853699,0.0,0.0,-2.0,-2.0
476.99954319000244,0.0,0.0,-2.0,-2.0
477.099543094635,0.0,0.0,-2.0,-2.0
477.1995429992676,0.0,0.0,-2.0,-2.0
477.29954290390015,0.0,0.0,-2.0,-2.0
477.3995428085327,0.0,0.0,-2.0,-2.0
477.4995427131653,0.0,0.0,-2.0,-2.0
477.59954261779785,0.0,0.0,-2.0,-2.0
477.6995425224304,0.0,0.0,-2.0,-2.0
477.799542427063,0.0,0.0,-2.0,-2.0
477.89954233169556,0.0,0.0,-2.0,-2.0
477.9995422363281,0.0,0.0,-2.0,-2.0
478.0995421409607,0.0,0.0,-2.0,-2.0
478.19954204559326,0.0,0.0,-2.0,-2.0
478.29954195022583,0.0,0.0,-2.0,-2.0
478.3995418548584,0.0,0.0,-2.0,-2.0
478.49954175949097,0.0,0.0,-2.0,-2.0
478.59954166412354,0.0,0.0,-2.0,-2.0
478.6995415687561,0.0,0.0,-2.0,-2.0
478.7995414733887,0.0,0.0,-2.0,-2.0
478.89954137802124,0.0,0.0,-2.0,-2.0
478.9995412826538,0.0,0.0,-2.0,-2.0
479.0995411872864,0.0,0.0,-2.0,-2.0
479.19954109191895,0.0,0.0,-2.0,-2.0
479.2995409965515,0.0,0.0,-2.0,-2.0
479.3995409011841,0.0,0.0,-2.0,-2.0
479.49954080581665,0.0,0.0,-2.0,-2.0
479.5995407104492,0.0,0.0,-2.0,-2.0
479.6995406150818,0.0,0.0,-2.0,-2.0
479.79954051971436,0.0,0.0,-2.0,-2.0
479.8995404243469,0.0,0.0,-2.0,-2.0
479.9995403289795,0.0,0.0,-2.0,-2.0
480.09954023361206,0.0,0.0,-2.0,-2.0
480.19954013824463,0.0,0.0,-2.0,-2.0
480.2995400428772,0.0,0.0,-2.0,-2.0
480.39953994750977,0.0,0.0,-2.0,-2.0
480.49953985214233,0.0,0.0,-2.0,-2.0
480.5995397567749,0.0,0.0,-2.0,-2.0
480.69953966140747,0.0,0.0,-2.0,-2.0
480.79953956604004,0.0,0.0,-2.0,-2.0
480.8995394706726,0.0,0.0,-2.0,-2.0
480.9995393753052,0.0,0.0,-2.0,-2.0
481.09953927993774,0.0,0.0,-2.0,-2.0
481.1995391845703,0.0,0.0,-2.0,-2.0
481.2995390892029,0.0,0.0,-2.0,-2.0
481.39953899383545,0.0,0.0,-2.0,-2.0
481.499538898468,0.0,0.0,-2.0,-2.0
481.5995388031006,0.0,0.0,-2.0,-2.0
481.69953870773315,0.0,0.0,-2.0,-2.0
481.7995386123657,0.0,0.0,-2.0,-2.0
481.8995385169983,0.0,0.0,-2.0,-2.0
481.99953842163086,0.0,0.0,-2.0,-2.0
482.0995383262634,0.0,0.0,-2.0,-2.0
482.199538230896,0.0,0.0,-2.0,-2.0
482.29953813552856,0.0,0.0,-2.0,-2.0
482.39953804016113,0.0,0.0,-2.0,-2.0
482.4995379447937,0.0,0.0,-2.0,-2.0
482.59953784942627,0.0,0.0,-2.0,-2.0
482.69953775405884,0.0,0.0,-2.0,-2.0
482.7995376586914,0.0,0.0,-2.0,-2.0
482.899537563324,0.0,0.0,-2.0,-2.0
482.99953746795654,0.0,0.0,-2.0,-2.0
483.0995373725891,0.0,0.0,-2.0,-2.0
483.1995372772217,0.0,0.0,-2.0,-2.0
483.29953718185425,0.0,0.0,-2.0,-2.0
483.3995370864868,0.0,0.0,-2.0,-2.0
483.4995369911194,0.0,0.0,-2.0,-2.0
483.59953689575195,0.0,0.0,-2.0,-2.0
483.6995368003845,0.0,0.0,-2.0,-2.0
483.7995367050171,0.0,0.0,-2.0,-2.0
483.89953660964966,0.0,0.0,-2.0,-2.0
483.9995365142822,0.0,0.0,-2.0,-2.0
484.0995364189148,0.0,0.0,-2.0,-2.0
484.19953632354736,0.0,0.0,-2.0,-2.0
484.29953622817993,0.0,0.0,-2.0,-2.0
484.3995361328125,0.0,0.0,-2.0,-2.0
484.49953603744507,0.0,0.0,-2.0,-2.0
484.59953594207764,0.0,0.0,-2.0,-2.0
484.6995358467102,0.0,0.0,-2.0,-2.0
484.7995357513428,0.0,0.0,-2.0,-2.0
484.89953565597534,0.0,0.0,-2.0,-2.0
484.9995355606079,0.0,0.0,-2.0,-2.0
485.0995354652405,0.0,0.0,-2.0,-2.0
485.19953536987305,0.0,0.0,-2.0,-2.0
485.2995352745056,0.0,0.0,-2.0,-2.0
485.3995351791382,0.0,0.0,-2.0,-2.0
485.49953508377075,0.0,0.0,-2.0,-2.0
485.5995349884033,0.0,0.0,-2.0,-2.0
485.6995348930359,0.0,0.0,-2.0,-2.0
485.79953479766846,0.0,0.0,-2.0,-2.0
485.899534702301,0.0,0.0,-2.0,-2.0
485.9995346069336,0.0,0.0,-2.0,-2.0
486.09953451156616,0.0,0.0,-2.0,-2.0
486.19953441619873,0.0,0.0,-2.0,-2.0
486.2995343208313,0.0,0.0,-2.0,-2.0
486.39953422546387,0.0,0.0,-2.0,-2.0
486.49953413009644,0.0,0.0,-2.0,-2.0
486.599534034729,0.0,0.0,-2.0,-2.0
486.6995339393616,0.0,0.0,-2.0,-2.0
486.79953384399414,0.0,0.0,-2.0,-2.0
486.8995337486267,0.0,0.0,-2.0,-2.0
486.9995336532593,0.0,0.0,-2.0,-2.0
487.09953355789185,0.0,0.0,-2.0,-2.0
487.1995334625244,0.0,0.0,-2.0,-2.0
487.299533367157,0.0,0.0,-2.0,-2.0
487.39953327178955,0.0,0.0,-2.0,-2.0
487.4995331764221,0.0,0.0,-2.0,-2.0
487.5995330810547,0.0,0.0,-2.0,-2.0
487.69953298568726,0.0,0.0,-2.0,-2.0
487.7995328903198,0.0,0.0,-2.0,-2.0
487.8995327949524,0.0,0.0,-2.0,-2.0
487.99953269958496,0.0,0.0,-2.0,-2.0
488.09953260421753,0.0,0.0,-2.0,-2.0
488.1995325088501,0.0,0.0,-2.0,-2.0
488.29953241348267,0.0,0.0,-2.0,-2.0
488.39953231811523,0.0,0.0,-2.0,-2.0
488.4995322227478,0.0,0.0,-2.0,-2.0
488.59953212738037,0.0,0.0,-2.0,-2.0
488.69953203201294,0.0,0.0,-2.0,-2.0
488.7995319366455,0.0,0.0,-2.0,-2.0
488.8995318412781,0.0,0.0,-2.0,-2.0
488.99953174591064,0.0,0.0,-2.0,-2.0
489.0995316505432,0.0,0.0,-2.0,-2.0
489.1995315551758,0.0,0.0,-2.0,-2.0
489.29953145980835,0.0,0.0,-2.0,-2.0
489.3995313644409,0.0,0.0,-2.0,-2.0
489.4995312690735,0.0,0.0,-2.0,-2.0
489.59953117370605,0.0,0.0,-2.0,-2.0
489.6995310783386,0.0,0.0,-2.0,-2.0
489.7995309829712,0.0,0.0,-2.0,-2.0
489.89953088760376,0.0,0.0,-2.0,-2.0
489.9995307922363,0.0,0.0,-2.0,-2.0
490.0995306968689,0.0,0.0,-2.0,-2.0
490.19953060150146,0.0,0.0,-2.0,-2.0
490.29953050613403,0.0,0.0,-2.0,-2.0
490.3995304107666,0.0,0.0,-2.0,-2.0
490.49953031539917,0.0,0.0,-2.0,-2.0
490.59953022003174,0.0,0.0,-2.0,-2.0
490.6995301246643,0.0,0.0,-2.0,-2.0
490.7995300292969,0.0,0.0,-2.0,-2.0
490.89952993392944,0.0,0.0,-2.0,-2.0
490.999529838562,0.0,0.0,-2.0,-2.0
491.0995297431946,0.0,0.0,-2.0,-2.0
491.19952964782715,0.0,0.0,-2.0,-2.0
491.2995295524597,0.0,0.0,-2.0,-2.0
491.3995294570923,0.0,0.0,-2.0,-2.0
491.49952936172485,0.0,0.0,-2.0,-2.0
491.5995292663574,0.0,0.0,-2.0,-2.0
491.69952917099,0.0,0.0,-2.0,-2.0
491.79952907562256,0.0,0.0,-2.0,-2.0
491.8995289802551,0.0,0.0,-2.0,-2.0
491.9995288848877,0.0,0.0,-2.0,-2.0
492.09952878952026,0.0,0.0,-2.0,-2.0
492.19952869415283,0.0,0.0,-2.0,-2.0
492.2995285987854,0.0,0.0,-2.0,-2.0
492.39952850341797,0.0,0.0,-2.0,-2.0
492.49952840805054,0.0,0.0,-2.0,-2.0
492.5995283126831,0.0,0.0,-2.0,-2.0
492.6995282173157,0.0,0.0,-2.0,-2.0
492.79952812194824,0.0,0.0,-2.0,-2.0
492.8995280265808,0.0,0.0,-2.0,-2.0
492.9995279312134,0.0,0.0,-2.0,-2.0
493.09952783584595,0.0,0.0,-2.0,-2.0
493.1995277404785,0.0,0.0,-2.0,-2.0
493.2995276451111,0.0,0.0,-2.0,-2.0
493.39952754974365,0.0,0.0,-2.0,-2.0
493.4995274543762,0.0,0.0,-2.0,-2.0
493.5995273590088,0.0,0.0,-2.0,-2.0
493.69952726364136,0.0,0.0,-2.0,-2.0
493.7995271682739,0.0,0.0,-2.0,-2.0
493.8995270729065,0.0,0.0,-2.0,-2.0
493.99952697753906,0.0,0.0,-2.0,-2.0
494.09952688217163,0.0,0.0,-2.0,-2.0
494.1995267868042,0.0,0.0,-2.0,-2.0
494.29952669143677,0.0,0.0,-2.0,-2.0
494.39952659606934,0.0,0.0,-2.0,-2.0
494.4995265007019,0.0,0.0,-2.0,-2.0
494.5995264053345,0.0,0.0,-2.0,-2.0
494.69952630996704,0.0,0.0,-2.0,-2.0
494.7995262145996,0.0,0.0,-2.0,-2.0
494.8995261192322,0.0,0.0,-2.0,-2.0
494.99952602386475,0.0,0.0,-2.0,-2.0
495.0995259284973,0.0,0.0,-2.0,-2.0
495.1995258331299,0.0,0.0,-2.0,-2.0
495.29952573776245,0.0,0.0,-2.0,-2.0
495.399525642395,0.0,0.0,-2.0,-2.0
495.4995255470276,0.0,0.0,-2.0,-2.0
495.59952545166016,0.0,0.0,-2.0,-2.0
495.6995253562927,0.0,0.0,-2.0,-2.0
495.7995252609253,0.0,0.0,-2.0,-2.0
495.89952516555786,0.0,0.0,-2.0,-2.0
495.99952507019043,0.0,0.0,-2.0,-2.0
496.099524974823,0.0,0.0,-2.0,-2.0
496.19952487945557,0.0,0.0,-2.0,-2.0
496.29952478408813,0.0,0.0,-2.0,-2.0
496.3995246887207,0.0,0.0,-2.0,-2.0
496.49952459335327,0.0,0.0,-2.0,-2.0
496.59952449798584,0.0,0.0,-2.0,-2.0
496.6995244026184,0.0,0.0,-2.0,-2.0
496.799524307251,0.0,0.0,-2.0,-2.0
496.89952421188354,0.0,0.0,-2.0,-2.0
496.9995241165161,0.0,0.0,-2.0,-2.0
497.0995240211487,0.0,0.0,-2.0,-2.0
497.19952392578125,0.0,0.0,-2.0,-2.0
497.2995238304138,0.0,0.0,-2.0,-2.0
497.3995237350464,0.0,0.0,-2.0,-2.0
497.49952363967896,0.0,0.0,-2.0,-2.0
497.5995235443115,0.0,0.0,-2.0,-2.0
497.6995234489441,0.0,0.0,-2.0,-2.0
497.79952335357666,0.0,0.0,-2.0,-2.0
497.89952325820923,0.0,0.0,-2.0,-2.0
497.9995231628418,0.0,0.0,-2.0,-2.0
498.09952306747437,0.0,0.0,-2.0,-2.0
498.19952297210693,0.0,0.0,-2.0,-2.0
498.2995228767395,0.0,0.0,-2.0,-2.0
498.39952278137207,0.0,0.0,-2.0,-2.0
498.49952268600464,0.0,0.0,-2.0,-2.0
498.5995225906372,0.0,0.0,-2.0,-2.0
498.6995224952698,0.0,0.0,-2.0,-2.0
498.79952239990234,0.0,0.0,-2.0,-2.0
498.8995223045349,0.0,0.0,-2.0,-2.0
498.9995222091675,0.0,0.0,-2.0,-2.0
499.09952211380005,0.0,0.0,-2.0,-2.0
499.1995220184326,0.0,0.0,-2.0,-2.0
499.2995219230652,0.0,0.0,-2.0,-2.0
499.39952182769775,0.0,0.0,-2.0,-2.0
499.4995217323303,0.0,0.0,-2.0,-2.0
499.5995216369629,0.0,0.0,-2.0,-2.0
499.69952154159546,0.0,0.0,-2.0,-2.0
499.799521446228,0.0,0.0,-2.0,-2.0
499.8995213508606,0.0,0.0,-2.0,-2.0
499.99952125549316,0.0,0.0,-2.0,-2.0
500.09952116012573,0.0,0.0,-2.0,-2.0
500.1995210647583,0.0,0.0,-2.0,-2.0
500.29952096939087,0.0,0.0,-2.0,-2.0
500.39952087402344,0.0,0.0,-2.0,-2.0
500.499520778656,0.0,0.0,-2.0,-2.0
500.5995206832886,0.0,0.0,-2.0,-2.0
500.69952058792114,0.0,0.0,-2.0,-2.0
500.7995204925537,0.0,0.0,-2.0,-2.0
500.8995203971863,0.0,0.0,-2.0,-2.0
500.99952030181885,0.0,0.0,-2.0,-2.0
501.0995202064514,0.0,0.0,-2.0,-2.0
501.199520111084,0.0,0.0,-2.0,-2.0
501.29952001571655,0.0,0.0,-2.0,-2.0
501.3995199203491,0.0,0.0,-2.0,-2.0
501.4995198249817,0.0,0.0,-2.0,-2.0
501.59951972961426,0.0,0.0,-2.0,-2.0
501.6995196342468,0.0,0.0,-2.0,-2.0
501.7995195388794,0.0,0.0,-2.0,-2.0
501.89951944351196,0.0,0.0,-2.0,-2.0
501.99951934814453,0.0,0.0,-2.0,-2.0
502.0995192527771,0.0,0.0,-2.0,-2.0
502.19951915740967,0.0,0.0,-2.0,-2.0
502.29951906204224,0.0,0.0,-2.0,-2.0
502.3995189666748,0.0,0.0,-2.0,-2.0
502.4995188713074,0.0,0.0,-2.0,-2.0
502.59951877593994,0.0,0.0,-2.0,-2.0
502.6995186805725,0.0,0.0,-2.0,-2.0
502.7995185852051,0.0,0.0,-2.0,-2.0
502.89951848983765,0.0,0.0,-2.0,-2.0
502.9995183944702,0.0,0.0,-2.0,-2.0
503.0995182991028,0.0,0.0,-2.0,-2.0
503.19951820373535,0.0,0.0,-2.0,-2.0
503.2995181083679,0.0,0.0,-2.0,-2.0
503.3995180130005,0.0,0.0,-2.0,-2.0
503.49951791763306,0.0,0.0,-2.0,-2.0
503.5995178222656,0.0,0.0,-2.0,-2.0
503.6995177268982,0.0,0.0,-2.0,-2.0
503.79951763153076,0.0,0.0,-2.0,-2.0
503.89951753616333,0.0,0.0,-2.0,-2.0
503.9995174407959,0.0,0.0,-2.0,-2.0
504.09951734542847,0.0,0.0,-2.0,-2.0
504.19951725006104,0.0,0.0,-2.0,-2.0
504.2995171546936,0.0,0.0,-2.0,-2.0
504.3995170593262,0.0,0.0,-2.0,-2.0
504.49951696395874,0.0,0.0,-2.0,-2.0
504.5995168685913,0.0,0.0,-2.0,-2.0
504.6995167732239,0.0,0.0,-2.0,-2.0
504.79951667785645,0.0,0.0,-2.0,-2.0
504.899516582489,0.0,0.0,-2.0,-2.0
504.9995164871216,0.0,0.0,-2.0,-2.0
505.09951639175415,0.0,0.0,-2.0,-2.0
505.1995162963867,0.0,0.0,-2.0,-2.0
505.2995162010193,0.0,0.0,-2.0,-2.0
505.39951610565186,0.0,0.0,-2.0,-2.0
505.4995160102844,0.0,0.0,-2.0,-2.0
505.599515914917,0.0,0.0,-2.0,-2.0
505.69951581954956,0.0,0.0,-2.0,-2.0
505.79951572418213,0.0,0.0,-2.0,-2.0
505.8995156288147,0.0,0.0,-2.0,-2.0
505.99951553344727,0.0,0.0,-2.0,-2.0
506.09951543807983,0.0,0.0,-2.0,-2.0
506.1995153427124,0.0,0.0,-2.0,-2.0
506.29951524734497,0.0,0.0,-2.0,-2.0
506.39951515197754,0.0,0.0,-2.0,-2.0
506.4995150566101,0.0,0.0,-2.0,-2.0
506.5995149612427,0.0,0.0,-2.0,-2.0
506.69951486587524,0.0,0.0,-2.0,-2.0
506.7995147705078,0.0,0.0,-2.0,-2.0
506.8995146751404,0.0,0.0,-2.0,-2.0
506.99951457977295,0.0,0.0,-2.0,-2.0
507.0995144844055,0.0,0.0,-2.0,-2.0
507.1995143890381,0.0,0.0,-2.0,-2.0
507.29951429367065,0.0,0.0,-2.0,-2.0
507.3995141983032,0.0,0.0,-2.0,-2.0
507.4995141029358,0.0,0.0,-2.0,-2.0
507.59951400756836,0.0,0.0,-2.0,-2.0
507.6995139122009,0.0,0.0,-2.0,-2.0
