Time [s],Speed [mph],Speed [mps],Acceleration Requested [mps2],Acceleration Achieved [mps2],Calculated Acceleration [mps2]
0.0,0.0,0.0,-0.5,-0.5,0.0
0.1,0.0,0.0,-0.5,-0.5,0.0
0.2,0.0,0.0,-0.5,-0.5,0.0
0.30000000000000004,0.0,0.0,-0.5,-0.5,0.0
0.4,0.0,0.0,-0.5,-0.5,0.0
0.5,0.0,0.0,-0.5,-0.5,0.0
0.6,0.0,0.0,-0.5,-0.5,0.0
0.7,0.0,0.0,-0.5,-0.5,0.0
0.7999999999999999,0.0,0.0,-0.5,-0.5,0.0
0.8999999999999999,0.0,0.0,-0.5,-0.5,0.0
0.9999999999999999,0.0,0.0,-0.5,-0.5,0.0
1.0999999999999999,0.0,0.0,-0.5,-0.5,0.0
1.2,0.0,0.0,-0.5,-0.5,0.0
1.3,0.0,0.0,-0.5,-0.5,0.0
1.4000000000000001,0.0,0.0,-0.5,-0.5,0.0
1.5000000000000002,0.0,0.0,-0.5,-0.5,0.0
1.6000000000000003,0.0,0.0,-0.5,-0.5,0.0
1.7000000000000004,0.0,0.0,-0.5,-0.5,0.0
1.8000000000000005,0.0,0.0,-0.5,-0.5,0.0
1.9000000000000006,0.0,0.0,-0.5,-0.5,0.0
2.0000000000000004,0.0,0.0,-0.5,-0.5,0.0
2.1000000000000005,0.0,0.0,-0.5,-0.5,0.0
2.2000000000000006,0.0,0.0,-0.5,-0.5,0.0
2.3000000000000007,0.0,0.0,-0.5,-0.5,0.0
2.400000000000001,0.0,0.0,-0.5,-0.5,0.0
2.500000000000001,0.0,0.0,-0.5,-0.5,0.0
2.600000000000001,0.0,0.0,-0.5,-0.5,0.0
2.700000000000001,0.0,0.0,-0.5,-0.5,0.0
2.800000000000001,0.0,0.0,-0.5,-0.5,0.0
2.9000000000000012,0.0,0.0,-0.5,-0.5,0.0
3.0000000000000013,0.0,0.0,-0.5,-0.5,0.0
3.1000000000000014,0.0,0.0,-0.5,-0.5,0.0
3.2000000000000015,0.0,0.0,-0.5,-0.5,0.0
3.3000000000000016,0.0,0.0,-0.5,-0.5,0.0
3.4000000000000017,0.0,0.0,-0.5,-0.5,0.0
3.5000000000000018,0.0,0.0,-0.5,-0.5,0.0
3.600000000000002,0.0,0.0,-0.5,-0.5,0.0
3.700000000000002,0.0,0.0,-0.5,-0.5,0.0
3.800000000000002,0.0,0.0,-0.5,-0.5,0.0
3.900000000000002,0.0,0.0,-0.5,-0.5,0.0
4.000000000000002,0.0,0.0,-0.5,-0.5,0.0
4.100000000000001,0.0,0.0,-0.5,-0.5,0.0
4.200000000000001,0.0,0.0,-0.5,-0.5,0.0
4.300000000000001,0.0,0.0,-0.5,-0.5,0.0
4.4,0.0,0.0,-0.5,-0.5,0.0
4.5,0.0,0.0,-0.5,-0.5,0.0
4.6,0.0,0.0,-0.5,-0.5,0.0
4.699999999999999,0.0,0.0,-0.5,-0.5,0.0
4.799999999999999,0.0,0.0,-0.5,-0.5,0.0
4.899999999999999,0.0,0.0,-0.5,-0.5,0.0
4.999999999999998,0.0,0.0,-0.5,-0.5,0.0
5.099999999999998,0.0,0.0,-0.5,-0.5,0.0
5.1999999999999975,0.0,0.0,-0.5,-0.5,0.0
5.299999999999997,0.0,0.0,-0.5,-0.5,0.0
5.399999999999997,0.0,0.0,-0.5,-0.5,0.0
5.4999999999999964,0.0,0.0,-0.5,-0.5,0.0
5.599999999999996,0.0,0.0,-0.5,-0.5,0.0
5.699999999999996,0.0,0.0,-0.5,-0.5,0.0
5.799999999999995,0.0,0.0,-0.5,-0.5,0.0
5.899999999999995,0.0,0.0,-0.5,-0.5,0.0
5.999999999999995,0.0,0.0,-0.5,-0.5,0.0
6.099999999999994,0.0,0.0,-0.5,-0.5,0.0
6.199999999999994,0.0,0.0,-0.5,-0.5,0.0
6.299999999999994,0.0,0.0,-0.5,-0.5,0.0
6.399999999999993,0.0,0.0,-0.5,-0.5,0.0
6.499999999999993,0.0,0.0,-0.5,-0.5,0.0
6.5999999999999925,0.0,0.0,-0.5,-0.5,0.0
6.699999999999992,0.0,0.0,-0.5,-0.5,0.0
6.799999999999992,0.0,0.0,-0.5,-0.5,0.0
6.8999999999999915,0.0,0.0,-0.5,-0.5,0.0
6.999999999999991,0.0,0.0,-0.5,-0.5,0.0
7.099999999999991,0.0,0.0,-0.5,-0.5,0.0
7.19999999999999,0.0,0.0,-0.5,-0.5,0.0
7.29999999999999,0.0,0.0,-0.5,-0.5,0.0
7.39999999999999,0.0,0.0,-0.5,-0.5,0.0
7.499999999999989,0.0,0.0,-0.5,-0.5,0.0
7.599999999999989,0.0,0.0,-0.5,-0.5,0.0
7.699999999999989,0.0,0.0,-0.5,-0.5,0.0
7.799999999999988,0.0,0.0,-0.5,-0.5,0.0
7.899999999999988,0.0,0.0,-0.5,-0.5,0.0
7.999999999999988,0.0,0.0,-0.5,-0.5,0.0
8.099999999999987,0.0,0.0,-0.5,-0.5,0.0
8.199999999999987,0.0,0.0,-0.5,-0.5,0.0
8.299999999999986,0.0,0.0,-0.5,-0.5,0.0
8.399999999999986,0.0,0.0,-0.5,-0.5,0.0
8.499999999999986,0.0,0.0,-0.5,-0.5,0.0
8.599999999999985,0.0,0.0,-0.5,-0.5,0.0
8.699999999999985,0.0,0.0,-0.5,-0.5,0.0
8.799999999999985,0.0,0.0,-0.5,-0.5,0.0
8.899999999999984,0.0,0.0,-0.5,-0.5,0.0
8.999999999999984,0.0,0.0,-0.5,-0.5,0.0
9.099999999999984,0.0,0.0,-0.5,-0.5,0.0
9.199999999999983,0.0,0.0,-0.5,-0.5,0.0
9.299999999999983,0.0,0.0,-0.5,-0.5,0.0
9.399999999999983,0.0,0.0,-0.5,-0.5,0.0
9.499999999999982,0.0,0.0,-0.5,-0.5,0.0
9.599999999999982,0.0,0.0,-0.5,-0.5,0.0
9.699999999999982,0.0,0.0,-0.5,-0.5,0.0
9.799999999999981,0.0,0.0,-0.5,-0.5,0.0
9.89999999999998,0.0,0.0,-0.5,-0.5,0.0
9.99999999999998,0.0,0.0,-0.5,-0.5,0.0
10.09999999999998,0.0,0.0,-0.5,-0.5,0.0
10.19999999999998,0.0,0.0,-0.5,-0.5,0.0
10.29999999999998,0.0,0.0,-0.5,-0.5,0.0
10.399999999999979,0.0,0.0,-0.5,-0.5,0.0
10.499999999999979,0.0,0.0,-0.5,-0.5,0.0
10.599999999999978,0.0,0.0,-0.5,-0.5,0.0
10.699999999999978,0.0,0.0,-0.5,-0.5,0.0
10.799999999999978,0.0,0.0,-0.5,-0.5,0.0
10.899999999999977,0.0,0.0,-0.5,-0.5,0.0
10.999999999999977,0.0,0.0,-0.5,-0.5,0.0
11.099999999999977,0.0,0.0,-0.5,-0.5,0.0
11.199999999999976,0.0,0.0,-0.5,-0.5,0.0
11.299999999999976,0.0,0.0,-0.5,-0.5,0.0
11.399999999999975,0.0,0.0,-0.5,-0.5,0.0
11.499999999999975,0.0,0.0,-0.5,-0.5,0.0
11.599999999999975,0.0,0.0,-0.5,-0.5,0.0
11.699999999999974,0.0,0.0,-0.5,-0.5,0.0
11.799999999999974,0.0,0.0,-0.5,-0.5,0.0
11.899999999999974,0.0,0.0,-0.5,-0.5,0.0
11.999999999999973,0.0,0.0,-0.5,-0.5,0.0
12.099999999999973,0.0,0.0,-0.5,-0.5,0.0
12.199999999999973,0.0,0.0,-0.5,-0.5,0.0
12.299999999999972,0.0,0.0,-0.5,-0.5,0.0
12.399999999999972,0.0,0.0,-0.5,-0.5,0.0
12.499999999999972,0.0,0.0,-0.5,-0.5,0.0
12.599999999999971,0.0,0.0,-0.5,-0.5,0.0
12.69999999999997,0.0,0.0,-0.5,-0.5,0.0
12.79999999999997,0.0,0.0,-0.5,-0.5,0.0
12.89999999999997,0.0,0.0,-0.5,-0.5,0.0
12.99999999999997,0.0,0.0,-0.5,-0.5,0.0
13.09999999999997,0.0,0.0,-0.5,-0.5,0.0
13.199999999999969,0.0,0.0,-0.5,-0.5,0.0
13.299999999999969,0.0,0.0,-0.5,-0.5,0.0
13.399999999999968,0.0,0.0,-0.5,-0.5,0.0
13.499999999999968,0.0,0.0,-0.5,-0.5,0.0
13.599999999999968,0.0,0.0,-0.5,-0.5,0.0
13.699999999999967,0.0,0.0,-0.5,-0.5,0.0
13.799999999999967,0.0,0.0,-0.5,-0.5,0.0
13.899999999999967,0.0,0.0,-0.5,-0.5,0.0
13.999999999999966,0.0,0.0,-0.5,-0.5,0.0
14.099999999999966,0.0,0.0,-0.5,-0.5,0.0
14.199999999999966,0.0,0.0,-0.5,-0.5,0.0
14.299999999999965,0.0,0.0,-0.5,-0.5,0.0
14.399999999999965,0.0,0.0,-0.5,-0.5,0.0
14.499999999999964,0.0,0.0,-0.5,-0.5,0.0
14.599999999999964,0.0,0.0,-0.5,-0.5,0.0
14.699999999999964,0.0,0.0,-0.5,-0.5,0.0
14.799999999999963,0.0,0.0,-0.5,-0.5,0.0
14.899999999999963,0.0,0.0,-0.5,-0.5,0.0
14.999999999999963,0.0,0.0,-0.5,-0.5,0.0
15.099999999999962,0.0,0.0,-0.5,-0.5,0.0
15.199999999999962,0.0,0.0,-0.5,-0.5,0.0
15.299999999999962,0.0,0.0,-0.5,-0.5,0.0
15.399999999999961,0.0,0.0,-0.5,-0.5,0.0
15.499999999999961,0.0,0.0,-0.5,-0.5,0.0
15.59999999999996,0.0,0.0,-0.5,-0.5,0.0
15.69999999999996,0.0,0.0,-0.5,-0.5,0.0
15.79999999999996,0.0,0.0,-0.5,-0.5,0.0
15.89999999999996,0.0,0.0,-0.5,-0.5,0.0
15.99999999999996,0.0,0.0,-0.5,-0.5,0.0
16.09999999999996,0.0,0.0,-0.5,-0.5,0.0
16.19999999999996,0.0,0.0,-0.5,-0.5,0.0
16.29999999999996,0.0,0.0,-0.5,-0.5,0.0
16.399999999999963,0.0,0.0,-0.5,-0.5,0.0
16.499999999999964,0.0,0.0,-0.5,-0.5,0.0
16.599999999999966,0.0,0.0,-0.5,-0.5,0.0
16.699999999999967,0.0,0.0,-0.5,-0.5,0.0
16.79999999999997,0.0,0.0,-0.5,-0.5,0.0
16.89999999999997,0.0,0.0,-0.5,-0.5,0.0
16.99999999999997,0.0,0.0,-0.5,-0.5,0.0
17.099999999999973,0.0,0.0,-0.5,-0.5,0.0
17.199999999999974,0.0,0.0,-0.5,-0.5,0.0
17.299999999999976,0.0,0.0,-0.5,-0.5,0.0
17.399999999999977,0.0,0.0,-0.5,-0.5,0.0
17.49999999999998,0.0,0.0,-0.5,-0.5,0.0
17.59999999999998,0.0,0.0,-0.5,-0.5,0.0
17.69999999999998,0.0,0.0,-0.5,-0.5,0.0
17.799999999999983,0.0,0.0,-0.5,-0.5,0.0
17.899999999999984,0.0,0.0,-0.5,-0.5,0.0
17.999999999999986,0.0,0.0,-0.5,-0.5,0.0
18.099999999999987,0.0,0.0,-0.5,-0.5,0.0
18.19999999999999,0.0,0.0,-0.5,-0.5,0.0
18.29999999999999,0.0,0.0,-0.5,-0.5,0.0
18.39999999999999,0.0,0.0,-0.5,-0.5,0.0
18.499999999999993,0.0,0.0,-0.5,-0.5,0.0
18.599999999999994,0.0,0.0,-0.5,-0.5,0.0
18.699999999999996,0.0,0.0,-0.5,-0.5,0.0
18.799999999999997,0.0,0.0,-0.5,-0.5,0.0
18.9,0.0,0.0,-0.5,-0.5,0.0
19.0,0.0,0.0,-0.5,-0.5,0.0
19.1,0.0,0.0,-0.5,-0.5,0.0
19.200000000000003,0.0,0.0,-0.5,-0.5,0.0
19.300000000000004,0.0,0.0,-0.5,-0.5,0.0
19.400000000000006,0.0,0.0,-0.5,-0.5,0.0
19.500000000000007,0.0,0.0,-0.5,-0.5,0.0
19.60000000000001,0.0,0.0,-0.5,-0.5,0.0
19.70000000000001,0.0,0.0,-0.5,-0.5,0.0
19.80000000000001,0.0,0.0,-0.5,-0.5,0.0
19.900000000000013,0.0,0.0,-0.5,-0.5,0.0
20.000000000000014,0.0,0.0,-0.5,-0.5,0.0
20.100000000000016,0.0,0.0,-0.5,-0.5,0.0
20.200000000000017,0.0,0.0,-0.5,-0.5,0.0
20.30000000000002,0.0,0.0,-0.5,-0.5,0.0
20.40000000000002,0.0,0.0,-0.5,-0.5,0.0
20.50000000000002,0.0,0.0,-0.5,-0.5,0.0
20.600000000000023,0.0,0.0,-0.5,-0.5,0.0
20.700000000000024,0.0,0.0,-0.5,-0.5,0.0
20.800000000000026,0.0,0.0,-0.5,-0.5,0.0
20.900000000000027,0.0,0.0,-0.5,-0.5,0.0
21.00000000000003,0.0,0.0,-0.5,-0.5,0.0
21.10000000000003,0.0,0.0,-0.5,-0.5,0.0
21.20000000000003,0.0,0.0,-0.5,-0.5,0.0
21.300000000000033,0.0,0.0,-0.5,-0.5,0.0
21.400000000000034,0.0,0.0,-0.5,-0.5,0.0
21.500000000000036,0.0,0.0,-0.5,-0.5,0.0
21.600000000000037,0.0,0.0,-0.5,-0.5,0.0
21.70000000000004,0.0,0.0,-0.5,-0.5,0.0
21.80000000000004,0.0,0.0,-0.5,-0.5,0.0
21.90000000000004,0.0,0.0,-0.5,-0.5,0.0
22.000000000000043,0.0,0.0,-0.5,-0.5,0.0
22.100000000000044,0.0,0.0,-0.5,-0.5,0.0
22.200000000000045,0.0,0.0,-0.5,-0.5,0.0
22.300000000000047,0.0,0.0,-0.5,-0.5,0.0
22.40000000000005,0.0,0.0,-0.5,-0.5,0.0
22.50000000000005,0.0,0.0,-0.5,-0.5,0.0
22.60000000000005,0.0,0.0,-0.5,-0.5,0.0
22.700000000000053,0.0,0.0,-0.5,-0.5,0.0
22.800000000000054,0.0,0.0,-0.5,-0.5,0.0
22.900000000000055,0.0,0.0,-0.5,-0.5,0.0
23.000000000000057,0.0,0.0,-0.5,-0.5,0.0
23.10000000000006,0.0,0.0,-0.5,-0.5,0.0
23.20000000000006,0.0,0.0,-0.5,-0.5,0.0
23.30000000000006,0.0,0.0,-0.5,-0.5,0.0
23.400000000000063,0.0,0.0,-0.5,-0.5,0.0
23.500000000000064,0.0,0.0,-0.5,-0.5,0.0
23.600000000000065,0.0,0.0,-0.5,-0.5,0.0
23.700000000000067,0.0,0.0,-0.5,-0.5,0.0
23.800000000000068,0.0,0.0,-0.5,-0.5,0.0
23.90000000000007,0.0,0.0,-0.5,-0.5,0.0
24.00000000000007,0.0,0.0,-0.5,-0.5,0.0
24.100000000000072,0.0,0.0,-0.5,-0.5,0.0
24.200000000000074,0.0,0.0,-0.5,-0.5,0.0
24.300000000000075,0.0,0.0,-0.5,-0.5,0.0
24.400000000000077,0.0,0.0,-0.5,-0.5,0.0
24.500000000000078,0.0,0.0,-0.5,-0.5,0.0
24.60000000000008,0.0,0.0,-0.5,-0.5,0.0
24.70000000000008,0.0,0.0,-0.5,-0.5,0.0
24.800000000000082,0.0,0.0,-0.5,-0.5,0.0
24.900000000000084,0.0,0.0,-0.5,-0.5,0.0
25.000000000000085,0.0,0.0,-0.5,-0.5,0.0
25.100000000000087,0.0,0.0,-0.5,-0.5,0.0
25.200000000000088,0.0,0.0,-0.5,-0.5,0.0
25.30000000000009,0.0,0.0,-0.5,-0.5,0.0
25.40000000000009,0.0,0.0,-0.5,-0.5,0.0
25.500000000000092,0.0,0.0,-0.5,-0.5,0.0
25.600000000000094,0.0,0.0,-0.5,-0.5,0.0
25.700000000000095,0.0,0.0,-0.5,-0.5,0.0
25.800000000000097,0.0,0.0,-0.5,-0.5,0.0
25.900000000000098,0.0,0.0,-0.5,-0.5,0.0
26.0000000000001,0.0,0.0,-0.5,-0.5,0.0
26.1000000000001,0.0,0.0,-0.5,-0.5,0.0
26.200000000000102,0.0,0.0,-0.5,-0.5,0.0
26.300000000000104,0.0,0.0,-0.5,-0.5,0.0
26.400000000000105,0.0,0.0,-0.5,-0.5,0.0
26.500000000000107,0.0,0.0,-0.5,-0.5,0.0
26.600000000000108,0.0,0.0,-0.5,-0.5,0.0
26.70000000000011,0.0,0.0,-0.5,-0.5,0.0
26.80000000000011,0.0,0.0,-0.5,-0.5,0.0
26.900000000000112,0.0,0.0,-0.5,-0.5,0.0
27.000000000000114,0.0,0.0,-0.5,-0.5,0.0
27.100000000000115,0.0,0.0,-0.5,-0.5,0.0
27.200000000000117,0.0,0.0,-0.5,-0.5,0.0
27.300000000000118,0.0,0.0,-0.5,-0.5,0.0
27.40000000000012,0.0,0.0,-0.5,-0.5,0.0
27.50000000000012,0.0,0.0,-0.5,-0.5,0.0
27.600000000000122,0.0,0.0,-0.5,-0.5,0.0
27.700000000000124,0.0,0.0,-0.5,-0.5,0.0
27.800000000000125,0.0,0.0,-0.5,-0.5,0.0
27.900000000000126,0.0,0.0,-0.5,-0.5,0.0
28.000000000000128,0.0,0.0,-0.5,-0.5,0.0
28.10000000000013,0.0,0.0,-0.5,-0.5,0.0
28.20000000000013,0.0,0.0,-0.5,-0.5,0.0
28.300000000000132,0.0,0.0,-0.5,-0.5,0.0
28.400000000000134,0.0,0.0,-0.5,-0.5,0.0
28.500000000000135,0.0,0.0,-0.5,-0.5,0.0
28.600000000000136,0.0,0.0,-0.5,-0.5,0.0
28.700000000000138,0.0,0.0,-0.5,-0.5,0.0
28.80000000000014,0.0,0.0,-0.5,-0.5,0.0
28.90000000000014,0.0,0.0,-0.5,-0.5,0.0
29.000000000000142,0.0,0.0,-0.5,-0.5,0.0
29.100000000000144,0.0,0.0,-0.5,-0.5,0.0
29.200000000000145,0.0,0.0,-0.5,-0.5,0.0
29.300000000000146,0.0,0.0,-0.5,-0.5,0.0
29.400000000000148,0.0,0.0,-0.5,-0.5,0.0
29.50000000000015,0.0,0.0,-0.5,-0.5,0.0
29.60000000000015,0.0,0.0,-0.5,-0.5,0.0
29.700000000000152,0.0,0.0,-0.5,-0.5,0.0
29.800000000000153,0.0,0.0,-0.5,-0.5,0.0
29.900000000000155,0.0,0.0,-0.5,-0.5,0.0
30.000000000000156,0.0,0.0,-0.5,-0.5,0.0
30.100000000000158,0.0,0.0,-0.5,-0.5,0.0
30.20000000000016,0.0,0.0,-0.5,-0.5,0.0
30.30000000000016,0.0,0.0,-0.5,-0.5,0.0
30.400000000000162,0.0,0.0,-0.5,-0.5,0.0
30.500000000000163,0.0,0.0,-0.5,-0.5,0.0
30.600000000000165,0.0,0.0,-0.5,-0.5,0.0
30.700000000000166,0.0,0.0,-0.5,-0.5,0.0
30.800000000000168,0.0,0.0,-0.5,-0.5,0.0
30.90000000000017,0.0,0.0,-0.5,-0.5,0.0
31.00000000000017,0.0,0.0,-0.5,-0.5,0.0
31.100000000000172,0.0,0.0,-0.5,-0.5,0.0
31.200000000000173,0.0,0.0,-0.5,-0.5,0.0
31.300000000000175,0.0,0.0,-0.5,-0.5,0.0
31.400000000000176,0.0,0.0,-0.5,-0.5,0.0
31.500000000000178,0.0,0.0,0.5,-0.5,0.0
31.60000000000018,0.0,0.0,0.5,-0.5,0.0
31.70000000000018,0.0,0.0,0.5,-0.5,0.0
31.800000000000182,0.0,0.0,0.5,-0.5,0.0
31.900000000000183,0.0,0.0,0.5,-0.5,0.0
32.000000000000185,0.0,0.0,0.5,-0.5,0.0
32.100000000000186,0.0,0.0,0.5,-0.5,0.0
32.20000000000019,0.0,0.0,0.5,-0.5,0.0
32.30000000000019,0.0,0.0,0.5,-0.5,0.0
32.40000000000019,0.0,0.0,0.5,-0.5,0.0
32.50000000000019,0.0,0.0,0.5,-0.5,0.0
32.60000000000019,0.0,0.0,0.5,-0.5,0.0
32.700000000000195,0.0,0.0,0.5,-0.5,0.0
32.800000000000196,0.0,0.0,0.5,-0.5,0.0
32.9000000000002,0.0,0.0,0.5,-0.5,0.0
33.0000000000002,0.0,0.0,0.5,-0.5,0.0
33.1000000000002,0.0,0.0,0.5,-0.5,0.0
33.2000000000002,0.0,0.0,0.5,-0.5,0.0
33.3000000000002,0.0,0.0,0.5,-0.5,0.0
33.400000000000205,0.0,0.0,0.5,-0.5,0.0
33.500000000000206,0.0,0.0,0.5,-0.5,0.0
33.60000000000021,0.0,0.0,0.5,-0.5,0.0
33.70000000000021,0.0,0.0,0.5,-0.5,0.0
33.80000000000021,0.0,0.0,0.5,-0.5,0.0
33.90000000000021,0.0,0.0,0.5,-0.5,0.0
34.00000000000021,0.0,0.0,0.5,-0.5,0.0
34.100000000000215,0.0,0.0,0.5,-0.5,0.0
34.200000000000216,0.0,0.0,0.5,-0.5,0.0
34.30000000000022,0.0,0.0,0.5,-0.5,0.0
34.40000000000022,0.0,0.0,0.5,-0.5,0.0
34.50000000000022,0.0,0.0,0.5,-0.5,0.0
34.60000000000022,0.0,0.0,0.5,-0.5,0.0
34.70000000000022,0.0,0.0,0.5,-0.5,0.0
34.800000000000225,0.0,0.0,0.5,-0.5,0.0
34.900000000000226,0.0,0.0,0.5,-0.5,0.0
35.00000000000023,0.0,0.0,0.5,-0.5,0.0
35.10000000000023,0.0,0.0,0.5,-0.5,0.0
35.20000000000023,0.0,0.0,0.5,-0.5,0.0
35.30000000000023,0.0,0.0,0.5,-0.5,0.0
35.40000000000023,0.0,0.0,0.5,-0.5,0.0
35.500000000000234,0.0,0.0,0.5,-0.5,0.0
35.600000000000236,0.0,0.0,0.5,-0.5,0.0
35.70000000000024,0.0,0.0,0.5,-0.5,0.0
35.80000000000024,0.0,0.0,0.5,-0.5,0.0
35.90000000000024,0.0,0.0,0.5,-0.5,0.0
36.00000000000024,0.0,0.0,0.5,-0.5,0.0
36.10000000000024,0.0,0.0,0.5,-0.5,0.0
36.200000000000244,0.0,0.0,0.5,-0.5,0.0
36.300000000000246,0.0,0.0,0.5,-0.5,0.0
36.40000000000025,0.0,0.0,0.5,-0.5,0.0
36.50000000000025,0.0,0.0,0.5,-0.5,0.0
36.60000000000025,0.0,0.0,0.5,-0.5,0.0
36.70000000000025,0.0,0.0,0.5,-0.5,0.0
36.80000000000025,0.0,0.0,0.5,-0.5,0.0
36.900000000000254,0.0,0.0,0.5,-0.5,0.0
37.000000000000256,0.0,0.0,0.5,-0.5,0.0
37.10000000000026,0.0,0.0,0.5,-0.5,0.0
37.20000000000026,0.0,0.0,0.5,-0.5,0.0
37.30000000000026,0.0,0.0,0.5,-0.5,0.0
37.40000000000026,0.0,0.0,0.5,-0.5,0.0
37.50000000000026,0.8699194,0.3888892,0.5,-0.5,0.0
37.600000000000264,0.8699194,0.3888892,0.5,1.9425034965034045,0.0
37.700000000000266,0.9941936,0.4444448000000001,0.5,0.5,0.555555999999993
37.80000000000027,1.1184678000000001,0.5000004,0.5,0.5,0.556112112112122
37.90000000000027,1.1184678000000001,0.5000004,0.5,0.9993350210237848,0.0
38.00000000000027,1.242742,0.555556,0.5,0.5,0.5555559999999925
38.10000000000027,1.4291532999999998,0.6388894,0.5,0.5,0.8333339999999881
38.20000000000027,1.4291532999999998,0.6388894,0.5,0.798195638139863,0.0
38.300000000000274,1.4912904,0.6666672,0.5,0.7403406227354901,0.2775004995005057
38.400000000000276,1.7398388,0.7777784,0.5,0.5,1.112224224224245
38.50000000000028,1.7398388,0.7777784,0.5,0.7068445298948777,0.0
38.60000000000028,1.8019759,0.8055562000000001,0.5,0.6711121570749764,0.2780560560560621
38.70000000000028,1.9883872,0.8888896000000002,0.5,0.5,0.8325014985015193
38.80000000000028,1.9883872,0.8888896000000002,0.5,0.6347033845286597,0.0
38.90000000000028,2.1747985,0.9722230000000001,0.5,0.5,0.834168168168183
39.000000000000284,2.2369356000000002,1.0000008,0.5,0.6248620969730885,0.2777779999999957
39.100000000000286,2.2369356000000002,1.0000008,0.5,0.5881055030334951,0.0
39.20000000000029,2.3612098,1.0555564,0.5,0.5862355920754352,0.5544471057884172
39.30000000000029,2.485484,1.111112,0.5,0.5846794734755357,0.5566693386773457
39.40000000000029,2.485484,1.111112,0.5,0.555445499801759,0.0
39.50000000000029,2.6718953,1.1944454,0.5,0.4029453505522193,0.8350040080160152
39.60000000000029,2.6718953,1.1944454,0.5,0.4029453505522193,0.0
39.700000000000294,2.7340324000000003,1.2222232000000002,0.5,0.38905645055221955,0.2777779999999979
39.800000000000296,2.8583065999999997,1.2777788,0.5,0.38902864494661293,0.5555559999999914
39.9000000000003,2.9825808,1.3333344,0.5,0.41680644494661445,0.5555560000000308
40.0000000000003,2.9825808,1.3333344,0.5,0.3890286449466148,0.0
40.1000000000003,3.106855,1.3888900000000002,0.5,0.37559141649133154,0.5645894308943217
40.2000000000003,3.1689920999999996,1.4166678,0.5,0.3894803164913312,0.2777779999999935
40.3000000000003,3.1689920999999996,1.4166678,0.5,0.37560529151630595,0.0
40.400000000000304,3.2311292000000003,1.4444456,0.5,0.33388298030509456,0.2777780000000176
40.500000000000306,3.4175405,1.5277790000000002,0.5,0.3754665132392259,0.8316706586826279
40.60000000000031,3.4175405,1.5277790000000002,0.5,0.36156371043642277,0.0
40.70000000000031,3.4796776,1.5555568,0.5,0.33381366048637195,0.2775004995005035
40.80000000000031,3.6660889,1.6388902000000003,0.5,0.37552206889477835,0.834168168168128
40.90000000000031,3.6660889,1.6388902000000003,0.5,0.3338136604863693,0.0
41.00000000000031,3.7903631,1.6944458,0.5,0.34775822742023854,0.5566693386773809
41.100000000000314,3.8525002,1.7222236000000002,0.5,0.3616471274202384,0.2777779999999979
41.200000000000315,3.8525002,1.7222236000000002,0.5,0.3339247721308176,0.0
41.30000000000032,4.0389115,1.805557,0.5,0.34775800519694966,0.833333999999987
41.40000000000032,4.1010485999999995,1.8333348,0.5,0.3616469051969504,0.2777780000000154
41.50000000000032,4.1010485999999995,1.8333348,0.5,0.31989670479614973,0.0
41.60000000000032,4.1631857000000005,1.8611126000000002,0.5,0.3338134382630834,0.27833466933867396
41.70000000000032,4.349597,1.9444460000000001,0.5,0.3615912382630829,0.833333999999987
41.800000000000324,4.349597,1.9444460000000001,0.5,0.3338134382630833,0.0
41.900000000000325,4.4738712000000005,2.0000016,0.5,0.3338134382630833,0.5555560000000308
42.00000000000033,4.5981454,2.0555572000000004,0.5,0.3615912382630831,0.5555559999999958
42.10000000000033,4.5981454,2.0555572000000004,0.5,0.33336176671836704,0.0
42.20000000000033,4.6602825,2.0833350000000004,0.5,0.3333617667183681,0.2777780000000154
42.30000000000033,4.7845567,2.1388906000000003,0.5,0.36111181666841674,0.555000999000972
42.40000000000033,4.7845567,2.1388906000000003,0.5,0.34722291666841587,0.0
42.500000000000334,4.970968,2.222224,0.5,0.34738958413508814,0.8350040080160747
42.600000000000335,5.0331051,2.2500018,0.5,0.3612784841350879,0.2777779999999957
42.70000000000034,5.0331051,2.2500018,0.5,0.34740345916006277,0.0
42.80000000000034,5.0952421999999995,2.2777796,0.5,0.3195839507516562,0.2777779999999957
42.90000000000034,5.2816535,2.361113,0.5,0.3612506507516585,0.8333340000000463
43.00000000000034,5.2816535,2.361113,0.5,0.3334171838177894,0.0
43.10000000000034,5.3437906,2.3888908,0.5,0.33341718381778934,0.2777779999999957
43.200000000000344,5.530201900000001,2.4722242000000003,0.5,0.3750838838177889,0.8333339999999915
43.300000000000345,5.530201900000001,2.4722242000000003,0.5,0.33341718381778956,0.0
43.40000000000035,5.592339,2.5000020000000003,0.5,0.33341718381778956,0.2777780000000154
43.50000000000035,5.840887400000001,2.6111132,0.5,0.38891728371788675,1.110001998001944
43.60000000000035,5.840887400000001,2.6111132,0.5,0.375000550250953,0.0
43.70000000000035,5.9030245,2.638891,0.5,0.34722275025095345,0.2777779999999957
43.80000000000035,6.151572900000001,2.7500022000000004,0.5,0.4027783502509529,1.1111119999999872
43.900000000000354,6.151572900000001,2.7500022000000004,0.5,0.37500055025095125,0.0
44.000000000000355,6.21371,2.7777800000000004,0.5,0.36112555305375454,0.278056056056061
44.10000000000036,6.337984199999999,2.8333356,0.5,0.3889033530537539,0.555555999999987
44.20000000000036,6.4622584000000005,2.8888912,0.5,0.4027922530537529,0.5555559999999958
44.30000000000036,6.7108068,3.0000024000000005,0.5,0.43059780310370366,1.1111119999999872
44.40000000000036,6.835081,3.0555580000000004,0.5,0.45837560310370523,0.5555560000000308
44.50000000000036,6.835081,3.0555580000000004,0.5,0.4166254027029014,0.0
44.600000000000364,6.9593552,3.1111136,0.5,0.4305143027029009,0.555555999999987
44.700000000000365,7.2079036,3.2222248000000002,0.5,0.48618123657063556,1.1133386773546914
44.80000000000037,7.2079036,3.2222248000000002,0.5,0.47229233657063574,0.0
44.90000000000037,7.3321778,3.2777804000000006,0.5,0.4584034365706352,0.5555560000000352
45.00000000000037,7.5807262,3.3888916,0.5,0.5139590365706341,1.1111119999999783
45.10000000000037,7.5807262,3.3888916,0.5,0.5000701365706345,0.0
45.20000000000037,7.7050004,3.4444472000000004,0.5,0.48620904217624117,0.5561121121121264
45.300000000000374,7.9535488,3.5555584000000007,0.5,0.5417646421762405,1.1111119999999872
45.400000000000375,7.9535488,3.5555584000000007,0.5,0.5278757421762398,0.0
45.50000000000038,8.202097199999999,3.6666696,0.5,0.5279868534873545,1.1122242242242395
45.60000000000038,8.326371400000001,3.7222252000000005,0.5,0.5557646534873543,0.5555559999999958
45.70000000000038,8.326371400000001,3.7222252000000005,0.5,0.5418757534873544,0.0
45.80000000000038,8.512782699999999,3.8055586000000003,0.5,0.5279036864214864,0.8316706586826257
45.90000000000038,8.637056900000001,3.8611142000000003,0.5,0.5557371533553556,0.5566693386773831
46.000000000000384,8.637056900000001,3.8611142000000003,0.5,0.5418343505525525,0.0
46.100000000000385,8.8856053,3.9722254000000006,0.5,0.5696121505525524,1.1111119999999872
46.20000000000039,9.0098795,4.027781,0.5,0.5695844005026031,0.555000999001007
46.30000000000039,9.0098795,4.027781,0.5,0.5140288005026038,0.0
46.40000000000039,9.134153699999999,4.0833366,0.5,0.5140288005026038,0.5555560000000308
46.50000000000039,9.3827021,4.1944478,0.5,0.5695289004027011,1.110001998001944
46.60000000000039,9.3827021,4.1944478,0.5,0.5417511004027016,0.0
46.700000000000394,9.5691134,4.277781200000001,0.5,0.5277508665349668,0.8333339999999959
46.800000000000395,9.5691134,4.277781200000001,0.5,0.5277508665349668,0.0
46.9000000000004,9.6933876,4.3333368000000005,0.5,0.5277231164850156,0.5550009990010114
47.0000000000004,9.8797989,4.4166702,0.5,0.5138759248934258,0.834168168168183
47.1000000000004,10.1283473,4.5277814,0.5,0.569431524893425,1.1111119999999828
47.2000000000004,10.1283473,4.5277814,0.5,0.5416259192878187,0.0
47.3000000000004,10.314758600000001,4.611114800000001,0.5,0.5276953942128957,0.832501498501526
47.400000000000404,10.4390328,4.666670400000001,0.5,0.5554731942128953,0.5555559999999914
47.500000000000405,10.4390328,4.666670400000001,0.5,0.49986198300168316,0.0
47.600000000000406,10.563307,4.722226,0.5,0.5001709372989527,0.5617350859453872
47.70000000000041,10.811855399999999,4.8333372,0.5,0.5555603690038395,1.1077886340977368
47.80000000000041,10.811855399999999,4.8333372,0.5,0.5139768360697083,0.0
47.90000000000041,11.060403800000001,4.944448400000001,0.5,0.5416989691358427,1.1111120000000705
48.00000000000041,11.184678,5.000004000000001,0.5,0.5694767691358423,0.5555559999999914
48.10000000000041,11.184678,5.000004000000001,0.5,0.513921169135843,0.0
48.200000000000415,11.3089522,5.0555596000000005,0.5,0.5139489191857922,0.5555559999999914
48.300000000000416,11.557500600000001,5.166670800000001,0.5,0.5695045191857918,1.1111119999999917
48.40000000000042,11.557500600000001,5.166670800000001,0.5,0.5417267191857903,0.0
48.50000000000042,11.806049,5.277782,0.5,0.5417267191857897,1.110001998001935
48.60000000000042,11.806049,5.277782,0.5,0.5417267191857897,0.0
48.70000000000042,11.8681861,5.305559800000001,0.5,0.5139489191857902,0.2777780000000046
48.80000000000042,12.054597399999999,5.3888932,0.5,0.5556156191857891,0.8333339999999781
48.900000000000425,12.2410087,5.4722266,0.5,0.5695322692357409,0.8333340000000463
49.000000000000426,12.2410087,5.4722266,0.5,0.5278238608273317,0.0
49.10000000000043,12.4895571,5.583337800000001,0.5,0.5277129714061747,1.1088942115768432
49.20000000000043,12.5516942,5.611115600000001,0.5,0.5416297048731084,0.27833466933867174
49.30000000000043,12.675968399999999,5.6666712,0.5,0.5277546798980821,0.5550009990010025
49.40000000000043,12.8002426,5.7222268000000005,0.5,0.5278103468319502,0.5566693386773524
49.50000000000043,12.924516800000001,5.7777824,0.5,0.5554774783060537,0.5533426294820682
49.600000000000435,12.924516800000001,5.7777824,0.5,0.5273907240087843,0.0
49.700000000000436,13.1109281,5.861115800000001,0.5,0.513709700712307,0.8341681681681918
49.80000000000044,13.235202300000001,5.916671400000001,0.5,0.5414597506623556,0.555000999000972
49.90000000000044,13.3594765,5.972227,0.5,0.5136819506623531,0.5555560000000219
50.00000000000044,13.4837507,6.0277826,0.5,0.5136819506623531,0.5555559999999914
50.10000000000044,13.608024899999998,6.0833382,0.5,0.5414875562679573,0.5561121121120824
50.20000000000044,13.7322991,6.138893800000001,0.5,0.5414044721204017,0.5538943170488771
50.300000000000445,13.8565733,6.194449400000001,0.5,0.5136823390542692,0.5566693386773435
50.400000000000446,14.0429846,6.277782800000001,0.5,0.5553490390542716,0.8333340000000463
50.50000000000045,14.0429846,6.277782800000001,0.5,0.4998489391541748,0.0
50.60000000000045,14.1672588,6.333338400000001,0.5,0.527682406088042,0.5566693386773435
50.70000000000045,14.291533,6.3888940000000005,0.5,0.5415713060880413,0.5555559999999914
50.80000000000045,14.291533,6.3888940000000005,0.5,0.49990460608804244,0.0
50.90000000000045,14.4779443,6.4722274,0.5,0.499862981013116,0.8325014985015171
51.000000000000455,14.6022185,6.527783,0.5,0.5276685866187221,0.556112112112122
51.100000000000456,14.7264927,6.5833386,0.5,0.5000016760398793,0.5555559999999914
51.20000000000046,14.7264927,6.5833386,0.5,0.4860849425729457,0.0
51.30000000000046,14.912904000000001,6.666672,0.5,0.5000015926228949,0.833333999999987
51.40000000000046,14.912904000000001,6.666672,0.5,0.4721681256890273,0.0
51.50000000000046,15.1614524,6.7777832,0.5,0.5000010941150211,1.110001998001944
51.60000000000046,15.2857266,6.833338800000001,0.5,0.5278066997206278,0.5561121121121309
51.700000000000465,15.4721379,6.9166722,0.5,0.5277649913122169,0.8333339999999781
51.800000000000466,15.534275000000001,6.944450000000001,0.5,0.5139038413621686,0.2777780000000046
51.90000000000047,15.5964121,6.972227800000001,0.5,0.5000149413621684,0.2777780000000154
52.00000000000047,15.5964121,6.972227800000001,0.5,0.47223714136216877,0.0
52.10000000000047,15.7828234,7.0555612000000005,0.5,0.48613994416497375,0.834168168168183
52.20000000000047,15.9070976,7.111116800000001,0.5,0.48622302831253006,0.5555560000000003
52.30000000000047,16.031371800000002,7.166672400000001,0.5,0.4861673613786624,0.5555559999999914
52.400000000000475,16.031371800000002,7.166672400000001,0.5,0.4445006613786601,0.0
52.500000000000476,16.3420573,7.305561400000001,0.5,0.5139451613786591,1.3888899999999784
52.60000000000048,16.3420573,7.305561400000001,0.5,0.4861116944447918,0.0
52.70000000000048,16.4663315,7.361117000000001,0.5,0.48608394439484276,0.5550009990010114
52.80000000000048,16.5906057,7.4166726,0.5,0.5138895500004464,0.5561121121120735
52.90000000000048,16.652742800000002,7.444450400000001,0.5,0.4861533750753718,0.2777780000000243
53.00000000000048,16.777017,7.500006000000001,0.5,0.4861255694697653,0.5555559999999914
53.100000000000485,16.9012912,7.555561600000001,0.5,0.4860424853222072,0.5538943170488291
53.200000000000486,16.9012912,7.555561600000001,0.5,0.4860424853222072,0.0
53.30000000000049,17.1498396,7.6666728000000015,0.5,0.49993138532220743,1.1111119999999917
53.40000000000049,17.2119767,7.694450600000001,0.5,0.5138202853222078,0.2777780000000065
53.50000000000049,17.3362509,7.7500062000000005,0.5,0.48601490127455194,0.5538943170488291
53.60000000000049,17.398388,7.7777840000000005,0.5,0.47209819566894523,0.2777779999999957
53.70000000000049,17.5847993,7.861117400000001,0.5,0.4722235718976334,0.835841524573741
53.800000000000495,17.646936399999998,7.8888952,0.5,0.47222357189763253,0.2777779999999868
53.900000000000496,17.7712106,7.944450800000001,0.5,0.48611247189763374,0.5555560000000397
54.0000000000005,17.895484800000002,8.0000064,0.5,0.5138902718976329,0.5555559999999825
54.1000000000005,18.019759,8.055562,0.5,0.4999596634892233,0.5555559999999914
54.2000000000005,18.1440332,8.1111176,0.5,0.499959663489223,0.5555559999999914
54.3000000000005,18.268307399999998,8.1666732,0.5,0.499959663489223,0.5555559999999914
54.4000000000005,18.3304445,8.194451,0.5,0.5138346884642487,0.2775004995005146
54.500000000000504,18.4547187,8.2500066,0.5,0.47216798846424923,0.5555559999999914
54.600000000000506,18.64113,8.333340000000002,0.5,0.5138763968726588,0.8341681681681918
54.70000000000051,18.8275413,8.4166734,0.5,0.527709879856739,0.8316706586826168
54.80000000000051,18.8896784,8.4444512,0.5,0.513807077053938,0.2780560560560521
54.90000000000051,18.9518155,8.472229,0.5,0.5138209798567402,0.27805605605606987
55.00000000000051,18.9518155,8.472229,0.5,0.4860431798567405,0.0
55.10000000000051,19.2003639,8.5833402,0.5,0.5139596752155073,1.112224224224165
55.200000000000514,19.3246381,8.638895800000002,0.5,0.5415992772055589,0.5527920398010301
55.300000000000516,19.4489123,8.6944514,0.5,0.5135737069379659,0.5506005946481325
55.40000000000052,19.5731865,8.750007,0.5,0.5277715612352354,0.5617350859453962
55.50000000000052,19.6974607,8.8055626,0.5,0.5278546453827955,0.5555560000000308
55.60000000000052,19.7595978,8.8333404,0.5,0.5278824788497297,0.2783346693386806
55.70000000000052,20.008146200000002,8.9444516,0.5,0.5415351131998843,1.1088942115768343
55.80000000000052,20.008146200000002,8.9444516,0.03,0.0,0.0
55.900000000000524,20.2566946,9.0555628,0.03,0.5550009990010114,1.1100019980020228
56.000000000000526,20.0702833,8.9722294,0.03,0.09194460994461033,-0.8341681681681918
56.10000000000053,20.2566946,9.0555628,0.03,0.2772919574584567,0.8333339999999959
56.20000000000053,20.3188317,9.083340600000001,0.03,0.27738916596676627,0.2777780000000046
56.30000000000053,20.3188317,9.083340600000001,0.03,0.23115763830563854,0.0
56.40000000000053,20.380968799999998,9.1111184,0.03,0.23781768997626254,0.2777780000000065
56.50000000000053,20.3188317,9.083340600000001,0.03,0.1734029162916701,-0.2775004995004771
56.600000000000534,20.4431059,9.1388962,0.03,0.21592616027171832,0.5561121121121042
56.700000000000536,20.380968799999998,9.1111184,0.03,0.16655574424454783,-0.2777779999999868
56.80000000000054,20.380968799999998,9.1111184,0.03,0.15141431294958893,0.0
56.90000000000054,20.505243,9.166674,0.03,0.18509278687045908,0.5555560000000308
57.00000000000054,20.4431059,9.1388962,0.03,0.1494873417265788,-0.2777779999999848
57.10000000000054,20.4431059,9.1388962,0.03,0.13880967446039458,0.0
57.20000000000054,20.505243,9.166674,0.03,0.1480742294963699,0.2777780000000243
57.300000000000544,20.4431059,9.1388962,0.03,0.12145846515284774,-0.2777779999999848
57.400000000000546,20.505243,9.166674,0.03,0.130653731908564,0.2777780000000243
57.50000000000055,20.4431059,9.1388962,0.03,0.10799388275285392,-0.27722355289421746
57.60000000000055,20.505243,9.166674,0.03,0.1169591873100027,0.2783346693386806
57.70000000000055,20.505243,9.166674,0.03,0.11111122794450257,0.0
57.80000000000055,20.505243,9.166674,0.03,0.11111122794450257,0.0
57.90000000000055,20.505243,9.166674,0.03,0.05561112804440142,0.0
58.000000000000554,20.5673801,9.194451800000001,0.03,0.11120843645281027,0.2777779999999848
58.100000000000556,20.505243,9.166674,0.03,0.05565283645280924,-0.2777780000000243
58.20000000000056,20.629517200000002,9.222229600000002,0.03,0.06954173645281145,0.5555560000000486
58.30000000000056,20.505243,9.166674,0.03,0.04176393645281296,-0.5555559999999696
58.40000000000056,20.629517200000002,9.222229600000002,0.03,0.05565283645281507,0.5555560000000486
58.50000000000056,20.5673801,9.194451800000001,0.03,0.055666683783128036,-0.27722355289421746
58.60000000000056,20.629517200000002,9.222229600000002,0.03,0.04177781164445686,0.2783346693386806
58.700000000000564,20.5673801,9.194451800000001,0.03,0.041777811644455,-0.2777780000000243
58.800000000000566,20.629517200000002,9.222229600000002,0.03,0.055666711644454234,0.2777779999999848
58.90000000000057,20.6916543,9.2500074,0.03,0.04176393661947664,0.27750049950047906
59.00000000000057,20.629517200000002,9.222229600000002,0.03,0.04175003381667515,-0.2780560560560145
59.10000000000057,20.629517200000002,9.222229600000002,0.03,0.04175003381667515,0.0
59.20000000000057,20.629517200000002,9.222229600000002,0.03,0.027861133816673943,0.0
59.30000000000057,20.6916543,9.2500074,0.03,0.05563893381667064,0.2777779999999493
59.400000000000574,20.629517200000002,9.222229600000002,0.03,0.027875008841645475,-0.27750049950047906
59.500000000000576,20.7537914,9.2777852,0.03,0.069513986486357,0.555556000000013
59.60000000000058,20.7537914,9.2777852,0.03,0.05559725301942296,0.0
59.70000000000058,20.7537914,9.2777852,0.03,0.05559725301942296,0.0
59.80000000000058,20.7537914,9.2777852,0.03,0.05559725301942296,0.0
59.90000000000058,20.6916543,9.2500074,0.03,0.04169445021661848,-0.27805605605608963
60.00000000000058,20.815928500000002,9.305563000000001,0.03,0.055583350216617734,0.5555559999999696
60.100000000000584,20.7537914,9.2777852,0.03,0.05558335021661772,-0.2777780000000243
60.200000000000585,20.815928500000002,9.305563000000001,0.03,0.04168057519164104,0.2775004995005146
60.30000000000059,20.7537914,9.2777852,0.03,0.055555572388837016,-0.2780560560560501
60.40000000000059,20.8780656,9.333340800000002,0.03,0.05552782233888605,0.5550009990010292
60.50000000000059,20.7537914,9.2777852,0.03,0.041611199983594485,-0.5555560000000486
60.60000000000059,20.8780656,9.333340800000002,0.03,0.055500072122265466,0.5561121121121002
60.70000000000059,20.7537914,9.2777852,0.03,0.04161117212226425,-0.5555560000000486
60.800000000000594,20.9402027,9.361118600000001,0.03,0.06938897212226185,0.8333339999999367
60.900000000000595,20.7537914,9.2777852,0.03,0.013847247147235137,-0.8333340000000552
61.0000000000006,20.8780656,9.333340800000002,0.03,0.05552784995003433,0.5555559999999696
61.1000000000006,20.7537914,9.2777852,0.03,0.027750049950031906,-0.5555560000000486
61.2000000000006,20.9402027,9.361118600000001,0.03,0.06941674995003466,0.8333340000000552
61.3000000000006,20.815928500000002,9.305563000000001,0.03,0.02775004995003962,-0.5555559999999519
61.4000000000006,20.9402027,9.361118600000001,0.03,0.06937512487511414,0.5550009990010114
61.500000000000604,20.815928500000002,9.305563000000001,0.03,0.01381952487511195,-0.5555560000000308
61.600000000000605,20.9402027,9.361118600000001,0.03,0.041625130480716074,0.5561121121120824
61.70000000000061,20.9402027,9.361118600000001,0.03,0.041625130480716074,0.0
61.80000000000061,20.8780656,9.333340800000002,0.03,0.02772232767791446,-0.2780560560560323
61.90000000000061,21.002339799999998,9.3888964,0.03,0.06940293048071958,0.555556000000013
62.00000000000061,20.9402027,9.361118600000001,0.03,0.027736230480722757,-0.27777799999996705
62.10000000000061,21.002339799999998,9.3888964,0.03,0.05548630812543396,0.2772235528941997
62.200000000000614,20.8780656,9.333340800000002,0.03,0.013777816216537985,-0.5566693386774049
62.300000000000615,21.002339799999998,9.3888964,0.03,0.055183391296563675,0.5500554455444637
62.40000000000062,20.9402027,9.361118600000001,0.03,0.013418306028650923,-0.2803007063572258
62.50000000000062,21.0644769,9.416674200000001,0.03,0.06894615597870393,0.5550009990010114
62.60000000000062,20.9402027,9.361118600000001,0.03,0.013610520640689466,-0.5506005946481889
62.70000000000062,21.002339799999998,9.3888964,0.03,0.05543169778932635,0.2808675429726891
62.80000000000062,21.002339799999998,9.3888964,0.03,0.01376499778932952,0.0
62.900000000000624,21.002339799999998,9.3888964,0.03,0.05543169778933228,0.0
63.000000000000625,21.002339799999998,9.3888964,0.03,0.027653897789333793,0.0
63.10000000000063,21.0644769,9.416674200000001,0.03,0.06941850544291175,0.2797361530715105
63.20000000000063,21.0644769,9.416674200000001,0.03,0.027751805442908985,0.0
63.30000000000063,21.0644769,9.416674200000001,0.03,0.05552960544290658,0.0
63.40000000000063,21.002339799999998,9.3888964,0.03,0.013664819720497576,-0.2822947154471687
63.50000000000063,21.126614,9.444452,0.03,0.06916497500991999,0.5544471057884172
63.600000000000634,21.1887511,9.472229800000001,0.03,0.05527610287124988,0.2783346693386806
63.700000000000635,21.126614,9.444452,0.03,0.04138720287124866,-0.2777780000000243
63.80000000000064,21.126614,9.444452,0.03,0.05529000567405028,0.0
63.90000000000064,21.126614,9.444452,0.03,0.027512205674049627,0.0
64.00000000000064,21.250888200000002,9.500007600000002,0.03,0.06917890567404646,0.5555559999999696
64.10000000000063,21.1887511,9.472229800000001,0.03,0.04144270305431075,-0.2775004995005146
64.20000000000063,21.126614,9.444452,0.03,0.05537336718537652,-0.27805605605608963
64.30000000000062,21.126614,9.444452,0.03,0.027870594908153322,0.0
64.40000000000062,21.1887511,9.472229800000001,0.03,0.05591482214520843,0.2805838383838766
64.50000000000061,21.250888200000002,9.500007600000002,0.03,0.042012130121379054,0.2769471585244234
64.6000000000006,21.1887511,9.472229800000001,0.03,0.055611467777559175,-0.2786138415245863
64.7000000000006,21.250888200000002,9.500007600000002,0.03,0.05545699062892593,0.2777780000000243
64.8000000000006,21.250888200000002,9.500007600000002,0.03,0.05545699062892593,0.0
64.90000000000059,21.250888200000002,9.500007600000002,0.03,0.05545699062892593,0.0
65.00000000000058,21.250888200000002,9.500007600000002,0.03,0.05545699062892593,0.0
65.10000000000058,21.250888200000002,9.500007600000002,0.03,0.04147018297535041,0.0
65.20000000000057,21.3751624,9.5555632,0.03,0.06924798297535106,0.555556000000013
65.30000000000057,21.3130253,9.5277854,0.03,0.05534518017254945,-0.2780560560560323
65.40000000000056,21.250888200000002,9.500007600000002,0.03,0.05558489096988305,-0.2775004995004968
65.50000000000055,21.3130253,9.5277854,0.03,0.041723713325172176,0.2772235528941997
65.60000000000055,21.250888200000002,9.500007600000002,0.03,0.013890246391305002,-0.27833466933866285
65.70000000000054,21.4372995,9.583341,0.03,0.06944584639130809,0.8333340000000374
65.80000000000054,21.250888200000002,9.500007600000002,0.03,0.027779146391312137,-0.833333999999919
65.90000000000053,21.4372995,9.583341,0.03,0.06944584639131401,0.8333340000000374
66.00000000000053,21.250888200000002,9.500007600000002,0.03,1.346391319573259e-06,-0.833333999999919
66.10000000000052,21.3751624,9.5555632,0.03,0.04165417136634595,0.555556000000013
66.20000000000051,21.3130253,9.5277854,0.03,0.04166807416915012,-0.2777780000000065
66.30000000000051,21.3751624,9.5555632,0.03,0.05555697416914847,0.27777799999996705
66.4000000000005,21.4372995,9.583341,0.03,0.05541668224995585,0.2777780000000243
66.5000000000005,21.3751624,9.5555632,0.03,0.02772196639751351,-0.2769471585244234
66.60000000000049,21.3751624,9.5555632,0.03,0.04165265847374282,0.0
66.70000000000049,21.3751624,9.5555632,0.03,0.027763758473741608,0.0
66.80000000000048,21.499436600000003,9.611118800000002,0.03,0.05551380842378913,0.5550009990009503
66.90000000000047,21.4372995,9.583341,0.03,0.041776024051878094,-0.27475568743822054
67.00000000000047,21.3751624,9.5555632,0.03,0.027746832132686278,-0.2805838383838364
67.10000000000046,21.4372995,9.583341,0.03,0.041635732132685524,0.2777779999999848
67.20000000000046,21.5615737,9.638896600000002,0.03,0.04141527340252904,0.5511468253968835
67.30000000000045,21.4372995,9.583341,0.03,0.02725969236694703,-0.5611676767676728
67.40000000000045,21.5615737,9.638896600000002,0.03,0.06882943319441422,0.5538943170488468
67.50000000000044,21.499436600000003,9.611118800000002,0.03,0.04106545274689973,-0.27805605605608963
67.60000000000043,21.623710799999998,9.6666744,0.03,0.08281565314769916,0.5566693386773257
67.70000000000043,21.499436600000003,9.611118800000002,0.03,0.01337115314769664,-0.555556000000013
67.80000000000042,21.623710799999998,9.6666744,0.03,0.08281565314768931,0.5555559999999341
67.90000000000042,21.499436600000003,9.611118800000002,0.03,0.01339890319763774,-0.5550009990009936
68.00000000000041,21.623710799999998,9.6666744,0.03,0.08287120880323692,0.5561121121120646
68.1000000000004,21.499436600000003,9.611118800000002,0.03,0.027371053513816284,-0.5544471057883994
68.2000000000004,21.6858479,9.6944522,0.03,0.08301015391462288,0.8350040080161252
68.3000000000004,21.499436600000003,9.611118800000002,0.03,0.027454553914628567,-0.833333999999919
68.40000000000039,21.6858479,9.6944522,0.03,0.05523235391462924,0.8333340000000374
68.50000000000038,21.6858479,9.6944522,0.03,0.0690797118408504,0.0
68.60000000000038,21.623710799999998,9.6666744,0.03,0.05516297837391637,-0.2783346693386806
68.70000000000037,21.6858479,9.6944522,0.03,0.06905187837391759,0.2777780000000243
68.80000000000037,21.623710799999998,9.6666744,0.03,0.02741292842387084,-0.2777779999999848
68.90000000000036,21.6858479,9.6944522,0.03,0.05503961279578308,0.2777780000000243
69.00000000000036,21.623710799999998,9.6666744,0.03,0.05517990471497567,-0.2777779999999848
69.10000000000035,21.623710799999998,9.6666744,0.03,0.04129100471497642,0.0
69.20000000000034,21.747985,9.722230000000001,0.03,0.04145601873455398,0.5544471057884349
69.30000000000034,21.747985,9.722230000000001,0.03,0.06951440257293764,0.0
69.40000000000033,21.6858479,9.6944522,0.03,0.02793078672049406,-0.2777780000000243
69.50000000000033,21.747985,9.722230000000001,0.03,0.05570861449832428,0.2775004995005146
69.60000000000032,21.6858479,9.6944522,0.03,0.013972344761655486,-0.2780560560560501
69.70000000000032,21.8101221,9.7500078,0.03,0.06950019471170672,0.5550009990010114
69.80000000000031,21.6858479,9.6944522,0.03,0.013916789106105876,-0.5561121121120824
69.9000000000003,21.8101221,9.7500078,0.03,0.0694446390561571,0.5555560000000308
70.0000000000003,21.6858479,9.6944522,0.03,0.013861233450556282,-0.5555559999999519
70.10000000000029,21.872259200000002,9.777785600000001,0.03,0.083250288739979,0.8333340000000552
70.20000000000029,21.747985,9.722230000000001,0.03,0.013722288339171208,-0.5555560000000308
70.30000000000028,21.8101221,9.7500078,0.03,0.06926401331419003,0.2775004995004574
70.40000000000028,21.872259200000002,9.777785600000001,0.03,0.04148621331418938,0.2777780000000243
70.50000000000027,21.9343963,9.8055634,0.03,0.055292276932479165,0.2761212723657959
70.60000000000026,21.747985,9.722230000000001,0.03,0.027290801143881698,-0.8383641851106302
70.70000000000026,21.872259200000002,9.777785600000001,0.03,0.041179701143882017,0.5555560000000308
70.80000000000025,21.747985,9.722230000000001,0.03,0.027262995538277136,-0.5561121121120824
70.90000000000025,21.9965334,9.833341200000001,0.03,0.06892969553827899,1.1111120000000616
71.00000000000024,21.747985,9.722230000000001,0.03,0.027262995538283052,-1.1111119999999037
71.10000000000024,21.9965334,9.833341200000001,0.03,0.08281859553828613,1.1111120000000616
71.20000000000023,21.8101221,9.7500078,0.03,0.01342954024886162,-0.8333340000000552
71.30000000000022,21.9965334,9.833341200000001,0.03,0.055096240248858466,0.8333339999999367
71.40000000000022,21.8101221,9.7500078,0.03,0.027318440248856928,-0.8333340000000552
71.50000000000021,21.872259200000002,9.777785600000001,0.03,0.027318440248856928,0.2775004995005146
71.60000000000021,21.9965334,9.833341200000001,0.03,0.06902684865726354,0.5561121121120824
71.7000000000002,21.9343963,9.8055634,0.03,0.027387898707211762,-0.2777780000000243
71.8000000000002,21.9343963,9.8055634,0.03,0.055193504312815875,0.0
71.90000000000019,21.9343963,9.8055634,0.03,0.027415704312814343,0.0
72.00000000000018,21.9343963,9.8055634,0.03,0.05519350431281195,0.0
72.10000000000018,21.9343963,9.8055634,0.03,0.013526804312809181,0.0
72.20000000000017,21.9343963,9.8055634,0.03,0.041304604312810723,0.0
72.30000000000017,22.0586705,9.861119,0.03,0.055207379337785446,0.5555559999999519
72.40000000000016,21.9343963,9.8055634,0.03,0.013540679337782685,-0.5555560000000308
72.50000000000016,22.0586705,9.861119,0.5,0.5555559999999519,0.5555559999999519
72.60000000000015,21.9965334,9.833341200000001,0.5,0.13888899999997267,-0.2777780000000065
72.70000000000014,22.245081799999998,9.9444524,0.5,0.4629633333333298,1.1111120000000438
72.80000000000014,22.369356,10.000008000000001,0.5,0.4859727497502349,0.5550009990009503
72.90000000000013,22.369356,10.000008000000001,0.5,0.3887781998001879,0.0
73.00000000000013,22.369356,10.000008000000001,0.5,0.3239818331668233,0.0
73.10000000000012,22.6179044,10.111119200000001,0.5,0.43642899985728584,1.1111120000000616
73.20000000000012,22.6800415,10.138897,0.5,0.41659762487512597,0.2777780000000065
73.30000000000011,22.742178600000003,10.166674800000001,0.5,0.4011732221112214,0.2777779999999848
73.4000000000001,22.9285899,10.2500082,0.5,0.444389299900103,0.8333340000000374
73.5000000000001,22.990727,10.277786,0.5,0.42924281809100134,0.2777779999999848
73.6000000000001,23.115001200000002,10.333341600000002,0.5,0.439768916583422,0.5555560000000486
73.70000000000009,23.2392754,10.3888972,0.5,0.44867561530777517,0.555556000000013
73.80000000000008,23.425686700000004,10.472230600000001,0.5,0.47615121421435813,0.8333339999999367
73.90000000000008,23.487823799999997,10.5000084,0.5,0.4629263332667347,0.2777780000000065
74.00000000000007,23.612098,10.555564,0.5,0.4687156874375608,0.5555559999999519
74.10000000000007,23.7985093,10.6388974,0.5,0.49016382347064763,0.8333340000000374
74.20000000000006,23.984920600000002,10.722230800000002,0.5,0.509228833277838,0.833334000000073
74.30000000000005,24.047057700000003,10.750008600000001,0.5,0.4969024590407008,0.27502772277223186
74.40000000000005,24.1713319,10.805564200000001,0.5,0.5001157199270525,0.5611676767677353
74.50000000000004,24.2956061,10.8611198,0.5,0.5001157199270524,0.5555559999999519
74.60000000000004,24.2956061,10.8611198,0.5,0.5140046199270527,0.0
74.70000000000003,24.606291600000002,11.000008800000002,0.5,0.5280326872617288,1.3916733466935658
74.80000000000003,24.606291600000002,11.000008800000002,0.5,0.5002826373116813,0.0
74.90000000000002,24.7927029,11.0833422,0.5,0.5419910457200929,0.8341681681682334
75.00000000000001,24.85484,11.111120000000001,0.5,0.5558522233648038,0.27722355289421746
75.10000000000001,25.0412513,11.1944534,0.5,0.5420468237656011,0.8350040080160063
75.2,25.1033884,11.222231200000001,0.5,0.5420607265684033,0.2780560560560501
75.3,25.289799700000003,11.305564600000002,0.5,0.5698385265684068,0.8333340000000552
75.39999999999999,25.414073899999998,11.3611202,0.5,0.5558665424208455,0.5538943170488114
75.49999999999999,25.476211,11.388898000000001,0.5,0.5558943758877805,0.2783346693386806
75.59999999999998,25.6626223,11.4722314,0.5,0.5697832758877799,0.8333340000000374
75.69999999999997,25.7247594,11.500009200000001,0.5,0.5535892123348186,0.23167472894078872
75.79999999999997,25.911170700000003,11.583342600000002,0.5,0.5639408643947463,1.0403670411984907
75.89999999999996,25.973307799999997,11.6111204,0.5,0.5639131420394559,0.2772235528941997
75.99999999999996,26.1597191,11.694453800000002,0.5,0.5778855424402595,0.835004008016024
76.09999999999995,26.2839933,11.7500094,0.5,0.5639966424402584,0.555556000000013
76.19999999999995,26.3461304,11.7777872,0.5,0.5362188424402559,0.2777780000000243
76.29999999999994,26.470404600000002,11.833342800000002,0.5,0.5502452563016427,0.5555559999999696
76.39999999999993,26.594678799999997,11.8888984,0.5,0.5499646724632566,0.555556000000013
76.49999999999993,26.7810901,11.972231800000001,0.5,0.563853572463256,0.8333339999999367
76.59999999999992,26.8432272,12.000009600000002,0.5,0.5777424724632572,0.2777780000000243
76.69999999999992,26.9675014,12.0555652,0.5,0.5359366051285794,0.555556000000013
76.79999999999991,27.091775600000002,12.111120800000002,0.5,0.563714405128578,0.5555559999999696
76.8999999999999,27.278186899999998,12.194454200000001,0.5,0.5636726967201682,0.8333340000000374
76.9999999999999,27.340324,12.222232000000002,0.5,0.5637004190754566,0.2777779999999848
77.0999999999999,27.4645982,12.277787600000002,0.5,0.5497280186746578,0.5555560000000308
77.19999999999989,27.7131466,12.388898800000002,0.5,0.5913253157719565,1.1100019980020228
77.29999999999988,27.7131466,12.388898800000002,0.5,0.5496586157719536,0.0
77.39999999999988,27.8374208,12.4444544,0.5,0.5497695055251204,0.5561121121121437
77.49999999999987,27.961695,12.500010000000001,0.5,0.5633555443354151,0.5500554455445763
77.59999999999987,28.0859692,12.555565600000001,0.5,0.5497472281737958,0.5611676767676548
77.69999999999986,28.1481063,12.5833434,0.5,0.5520385167017812,0.2775004995004968
77.79999999999986,28.3345176,12.666676800000001,0.5,0.5417285730502633,0.8341681681681324
77.89999999999985,28.396654700000003,12.694454600000002,0.5,0.5417424203805791,0.2775004995005146
77.99999999999984,28.583066,12.777788000000001,0.5,0.5416589199797797,0.8333340000000374
78.09999999999984,28.7073402,12.833343600000003,0.5,0.5416589199797774,0.5555559999999696
78.19999999999983,28.7694773,12.8611214,0.5,0.541672822782579,0.2780560560560541
78.29999999999983,28.9558886,12.9444548,0.5,0.5553544257676511,0.8291880597014103
78.39999999999982,29.018025700000003,12.972232600000002,0.5,0.5415073178438798,0.2786138415245863
78.49999999999982,29.1422999,13.027788200000002,0.5,0.5276740847777501,0.5566693386773435
78.59999999999981,29.2665741,13.083343800000002,0.5,0.5415629847777504,0.5555560000000308
78.6999999999998,29.3908483,13.1388994,0.5,0.541590790383353,0.5561121121120646
78.7999999999998,29.5772596,13.222232800000002,0.5,0.5554380653084318,0.8325014985015436
78.89999999999979,29.639396700000002,13.250010600000001,0.5,0.5276602653084301,0.2777780000000065
78.99999999999979,29.639396700000002,13.250010600000001,0.5,0.513771365308431,0.0
79.09999999999978,29.9500822,13.388899600000002,0.5,0.5483875455420326,1.2478796046720644
79.19999999999978,29.9500822,13.388899600000002,0.5,0.49288744564193143,0.0
79.29999999999977,30.012219299999998,13.416677400000001,0.5,0.5067763456419299,0.27777799999996705
79.39999999999976,30.1364935,13.472233000000001,0.5,0.5015910983425119,0.4524071661237852
79.49999999999976,30.260767700000002,13.527788600000003,0.5,0.5098844600859075,0.7159226804124883
79.59999999999975,30.3229048,13.5555664,0.5,0.4957567683237503,0.2786138415245109
79.69999999999975,30.633590299999998,13.6944554,0.5,0.5394642474946647,1.1516500829187832
79.79999999999974,30.633590299999998,13.6944554,0.5,0.497755839086258,0.0
79.89999999999974,30.7578645,13.750011,0.5,0.5191766209727326,0.7059161372300063
79.99999999999973,30.8200016,13.777788800000002,0.5,0.49139882097273196,0.2777780000000243
80.09999999999972,31.0064129,13.8611222,0.5,0.4980278748125313,0.6881370767959563
80.19999999999972,31.068550000000002,13.888900000000001,0.5,0.4979862496544413,0.27722355289425676
80.29999999999971,31.1928242,13.944455600000001,0.5,0.4918675591375602,0.7068142493637889
80.39999999999971,31.4413726,14.055566800000001,0.5,0.533548078272547,1.112224224224323
80.4999999999997,31.503509700000002,14.083344600000002,0.5,0.5172886946720132,0.231481666666665
80.5999999999997,31.689921000000002,14.166678000000001,0.5,0.5311359695970872,0.8325014985015082
80.69999999999969,31.689921000000002,14.166678000000001,0.5,0.5033303639914839,0.0
80.79999999999968,31.752058100000003,14.194455800000002,0.5,0.4790664140664046,0.34722249999995636
80.89999999999968,31.9384694,14.2777892,0.5,0.49995773109478503,0.6956043405676166
80.99999999999967,32.0006065,14.305567000000002,0.5,0.5138327560698107,0.2775004995005146
81.09999999999967,32.124880700000006,14.361122600000002,0.5,0.47918882578625804,0.5550009990010114
81.19999999999966,32.1870178,14.3889004,0.5,0.4965716793532173,0.3476570713391843
81.29999999999966,32.435566200000004,14.500011600000002,0.5,0.5288636604837266,0.9236176226101526
81.39999999999965,32.435566200000004,14.500011600000002,0.03,0.0,0.0
81.49999999999964,32.3734291,14.472233800000001,0.03,-0.1733945068664188,-0.3467890137328376
81.59999999999964,32.5598404,14.5555672,0.03,0.11550016791268446,0.693289517470891
81.69999999999963,32.5598404,14.5555672,0.03,0.08662512593451334,0.0
81.79999999999963,32.4977033,14.5277894,0.03,0.013744500747613709,-0.2777779999999848
81.89999999999962,32.6219775,14.583345000000001,0.03,0.10423197373590497,0.5566693386773612
81.99999999999962,32.6219775,14.583345000000001,0.03,0.08934169177363283,0.0
82.09999999999961,32.5598404,14.5555672,0.03,0.0434864178643644,-0.2775004995005146
82.1999999999996,32.5598404,14.5555672,0.03,0.0386545936572128,0.0
82.2999999999996,32.6841146,14.611122800000002,0.03,0.09040034550270945,0.5561121121121793
82.3999999999996,32.7462517,14.638900600000001,0.03,0.1137084062509009,0.3467890137328154
82.49999999999959,32.6219775,14.583345000000001,0.03,0.058028780247624395,-0.5544471057884172
82.59999999999958,32.6219775,14.583345000000001,0.03,0.05356502792088406,0.0
82.69999999999958,32.6841146,14.611122800000002,0.03,0.06958024021225122,0.2777780000000243
82.79999999999957,32.6841146,14.611122800000002,0.03,0.06494155753143446,0.0
82.89999999999957,32.6841146,14.611122800000002,0.03,0.060882710185719814,0.0
82.99999999999956,32.6841146,14.611122800000002,0.03,0.05730137429244218,0.0
83.09999999999955,32.808388799999996,14.6666784,0.03,0.08498218683175167,0.555556000000013
83.19999999999955,32.6841146,14.611122800000002,0.03,0.0440053334476789,-0.6935780274656308
83.29999999999954,32.6841146,14.611122800000002,0.03,0.041805066775294955,0.0
83.39999999999954,32.7462517,14.638900600000001,0.03,0.05916619177529475,0.3472224999999958
83.49999999999953,32.8705259,14.694456200000001,0.03,0.10428344246193422,0.5555559999999519
83.59999999999953,32.6841146,14.611122800000002,0.03,0.034896716588387305,-0.6944450000000476
83.69999999999952,32.808388799999996,14.6666784,0.03,0.06270232219399054,0.5561121121120646
83.79999999999951,32.808388799999996,14.6666784,0.03,0.07659122219398978,0.0
83.89999999999951,32.6841146,14.611122800000002,0.03,0.02097995526012105,-0.555556000000013
83.9999999999995,32.808388799999996,14.6666784,0.03,0.04410884784962751,0.46257785179012917
84.0999999999995,32.6841146,14.611122800000002,0.03,0.03017826721904605,-0.5561121121121437
84.19999999999949,32.808388799999996,14.6666784,0.03,0.06490051721904563,0.6944449999999917
84.29999999999949,32.8705259,14.694456200000001,0.03,0.05096993658846043,0.2775004995004752
84.39999999999948,32.7462517,14.638900600000001,0.03,0.010463013007741532,-0.4633494578815626
84.49999999999947,32.6841146,14.611122800000002,0.03,0.024296468297162054,-0.2777780000000065
84.59999999999947,32.808388799999996,14.6666784,0.03,0.05897536967044359,0.6935780274656308
84.69999999999946,32.8705259,14.694456200000001,0.03,0.05896149464546811,0.2775004995005146
84.79999999999946,32.7462517,14.638900600000001,0.03,0.03577468329321398,-0.4637362270450826
84.89999999999945,32.808388799999996,14.6666784,0.03,0.04962204121943427,0.2769471585244057
84.99999999999945,32.808388799999996,14.6666784,0.03,0.04962204121943427,0.0
85.09999999999944,32.7462517,14.638900600000001,0.03,0.007941438416632005,-0.2780560560560323
85.19999999999943,32.8705259,14.694456200000001,0.03,0.0703703897399641,0.5550009990010114
85.29999999999943,32.7462517,14.638900600000001,0.03,0.04720291684588597,-0.4633494578815626
85.39999999999942,32.8705259,14.694456200000001,0.03,0.05761959184588773,0.5555560000000308
85.49999999999942,32.8705259,14.694456200000001,0.03,0.02984179184589013,0.0
85.59999999999941,32.8705259,14.694456200000001,0.03,0.06456404184589251,0.0
85.6999999999994,32.7462517,14.638900600000001,0.03,0.008980636240287753,-0.5555560000000308
85.7999999999994,32.808388799999996,14.6666784,0.03,0.022691297642062975,0.2742132280355044
85.8999999999994,32.932663,14.722234000000002,0.03,0.07858427982830012,0.5623036437247301
85.99999999999939,32.808388799999996,14.6666784,0.03,0.027705337288742214,-0.5550009990010292
86.09999999999938,32.7462517,14.638900600000001,0.03,0.041580250818120966,-0.2786138415245685
86.19999999999938,32.7462517,14.638900600000001,0.03,0.0068580008181213905,0.0
86.29999999999937,32.808388799999996,14.6666784,0.03,0.006747990709301913,0.2753002973240856
86.39999999999937,32.808388799999996,14.6666784,0.03,0.029915463603380044,0.0
86.49999999999936,32.808388799999996,14.6666784,0.03,0.04380436360338037,0.0
86.59999999999935,32.7462517,14.638900600000001,0.03,-0.00476343776989952,-0.27777799999996705
86.69999999999935,32.808388799999996,14.6666784,0.03,-0.004735659942121656,0.27805605605607187
86.79999999999934,32.932663,14.722234000000002,0.03,0.046201201360179994,0.5550009990009503
86.89999999999934,32.808388799999996,14.6666784,0.03,0.004959563355062907,-0.547885601577936
86.99999999999933,32.808388799999996,14.6666784,0.03,0.004959563355062907,0.0
87.09999999999933,32.7462517,14.638900600000001,0.03,0.004945632690931376,-0.27833466933866285
87.19999999999932,32.932663,14.722234000000002,0.03,0.018696279952039308,0.83001394422317
87.29999999999932,32.8705259,14.694456200000001,0.03,0.027905059378781193,-0.279173869346725
87.39999999999931,32.808388799999996,14.6666784,0.03,-0.013733918265931223,-0.27722355289421746
87.4999999999993,32.7462517,14.638900600000001,0.03,-0.027622818265931548,-0.2777780000000065
87.5999999999993,32.8705259,14.694456200000001,0.03,0.00021064866793562564,0.5566693386773435
87.69999999999929,32.808388799999996,14.6666784,0.03,0.014099548667935956,-0.2777780000000243
87.79999999999929,32.808388799999996,14.6666784,0.03,0.00038888726616072565,0.0
87.89999999999928,32.808388799999996,14.6666784,0.03,-0.02772629492007577,0.0
87.99999999999928,32.932663,14.722234000000002,0.03,0.027801555029974168,0.5555559999999696
88.09999999999927,32.808388799999996,14.6666784,0.03,0.013954447106200168,-0.5555560000000486
88.19999999999926,32.808388799999996,14.6666784,0.03,0.013954447106200168,0.0
88.29999999999926,32.932663,14.722234000000002,0.03,0.027939482190043396,0.5550009990009503
88.39999999999925,32.9948001,14.750011800000001,0.03,0.04182838219004372,0.2777780000000065
88.49999999999925,32.808388799999996,14.6666784,0.03,0.00016168219004096264,-0.8333340000000552
88.59999999999924,32.8705259,14.694456200000001,0.03,0.027925607165063083,0.2775004995004752
88.69999999999924,32.8705259,14.694456200000001,0.03,0.014022804362259477,0.0
88.79999999999923,32.932663,14.722234000000002,0.03,0.00014777938723571914,0.2775004995004752
88.89999999999922,32.932663,14.722234000000002,0.03,0.027542059466132522,0.0
88.99999999999922,32.808388799999996,14.6666784,0.03,-0.00031932468632610566,-0.5572276830491726
89.09999999999921,32.808388799999996,14.6666784,0.03,0.013597408780607034,0.0
89.1999999999992,32.932663,14.722234000000002,0.03,-0.00012548843054903668,0.5555560000000486
89.2999999999992,32.932663,14.722234000000002,0.03,0.01383320503678721,0.0
89.3999999999992,32.8705259,14.694456200000001,0.03,0.013819357706472357,-0.2775004995005146
89.49999999999919,32.932663,14.722234000000002,0.03,0.04162499117340671,0.2783346693386806
89.59999999999918,32.932663,14.722234000000002,0.03,0.01379152423953954,0.0
89.69999999999918,32.808388799999996,14.6666784,0.03,-6.962571051070122e-05,-0.5550009990010292
89.79999999999917,32.932663,14.722234000000002,0.03,0.02773597989509431,0.5561121121121002
89.89999999999917,32.9948001,14.750011800000001,0.03,0.041624879895094634,0.2777780000000065
89.99999999999916,32.932663,14.722234000000002,0.03,-4.182010490220434e-05,-0.27777799999996705
90.09999999999916,32.9948001,14.750011800000001,0.03,0.04161100487012507,0.2775004995004968
90.19999999999915,32.9948001,14.750011800000001,0.03,0.04161100487012507,0.0
90.29999999999914,32.932663,14.722234000000002,0.03,-2.794507992080475e-05,-0.27777799999996705
90.39999999999914,32.8705259,14.694456200000001,0.03,-0.027805745079922346,-0.2777780000000243
90.49999999999913,32.932663,14.722234000000002,0.03,0.027735979895106157,0.2775004995005146
90.59999999999913,32.932663,14.722234000000002,0.03,0.013860954920082389,0.0
90.69999999999912,32.932663,14.722234000000002,0.03,0.013860954920082389,0.0
90.79999999999912,32.9948001,14.750011800000001,0.03,0.013874829945056986,0.27777799999996705
90.89999999999911,32.9948001,14.750011800000001,0.03,0.013874829945056986,0.0
90.9999999999991,32.9948001,14.750011800000001,0.03,0.041736214097515614,0.0
91.0999999999991,32.932663,14.722234000000002,0.03,0.027847314097515286,-0.2777780000000065
91.1999999999991,32.8705259,14.694456200000001,0.03,-0.013791663547198019,-0.27722355289421746
91.29999999999909,32.9948001,14.750011800000001,0.03,0.014041803386669155,0.5566693386773435
91.39999999999908,32.9948001,14.750011800000001,0.03,0.02791682836169489,0.0
91.49999999999908,32.9948001,14.750011800000001,0.03,0.014000094894760857,0.0
91.59999999999907,32.8705259,14.694456200000001,0.03,-0.013749955055285774,-0.5550009990009326
91.69999999999906,32.9948001,14.750011800000001,0.03,0.04183356182863683,0.5566693386774227
91.79999999999906,32.932663,14.722234000000002,0.03,0.00013905622303345965,-0.27777799999996705
91.89999999999905,32.932663,14.722234000000002,0.03,-0.013749843776966867,0.0
91.99999999999905,32.9948001,14.750011800000001,0.03,0.014027956223031813,0.2777780000000065
92.09999999999904,33.0569372,14.777789600000002,0.03,0.014055734050809478,0.2780560560560501
92.19999999999904,32.932663,14.722234000000002,0.03,-0.01372206594919206,-0.5555560000000308
92.29999999999903,32.932663,14.722234000000002,0.03,0.000166834050806286,0.0
92.39999999999903,32.932663,14.722234000000002,0.03,0.0140557340508075,0.0
92.49999999999902,33.0569372,14.777789600000002,0.03,0.027958509075779365,0.5555559999999519
92.59999999999901,32.8705259,14.694456200000001,0.03,-0.013708190924223396,-0.8333340000000552
92.69999999999901,33.0569372,14.777789600000002,0.03,0.027958509075779365,0.8333340000000552
92.799999999999,33.0569372,14.777789600000002,0.03,0.014069609075781014,0.0
92.899999999999,32.932663,14.722234000000002,-0.1,-0.5550009990010114,-0.5550009990010114
92.99999999999899,32.932663,14.722234000000002,-0.1,-0.2775004995005057,0.0
93.09999999999899,32.9948001,14.750011800000001,-0.1,-0.09240766633368146,0.27777799999996705
93.19999999999898,33.0569372,14.777789600000002,-0.1,0.00020826426376131801,0.27805605605608963
93.29999999999897,32.932663,14.722234000000002,-0.1,-0.11072280974667437,-0.5544471057884172
93.39999999999897,32.808388799999996,14.6666784,-0.1,-0.18495436014091202,-0.5561121121121002
93.49999999999896,32.808388799999996,14.6666784,-0.1,-0.1585323086922103,0.0
93.59999999999896,32.808388799999996,14.6666784,-0.1,-0.138715770105684,0.0
93.69999999999895,32.808388799999996,14.6666784,-0.1,-0.12330290676060801,0.0
93.79999999999895,32.808388799999996,14.6666784,-0.1,-0.1109726160845472,0.0
93.89999999999894,32.6841146,14.611122800000002,-0.1,-0.15138928734958956,-0.555556000000013
93.99999999999893,32.6841146,14.611122800000002,-0.1,-0.13877351340379043,0.0
94.09999999999893,32.4977033,14.5277894,-0.1,-0.1922654099241258,-0.8341681681681503
94.19999999999892,32.435566200000004,14.500011600000002,-0.1,-0.19835363060815103,-0.27750049950047906
94.29999999999892,32.4977033,14.5277894,-0.1,-0.16661152190094433,0.2777779999999493
94.39999999999891,32.3734291,14.472233800000001,-0.1,-0.19092055178213613,-0.555556000000013
94.4999999999989,32.2491549,14.416678200000002,-0.1,-0.21236969579495346,-0.5555560000000308
94.5999999999989,32.311292,14.444456,-0.1,-0.18515468494520843,0.2775004995004574
94.6999999999989,32.2491549,14.416678200000002,-0.1,-0.19005889465012915,-0.27833466933870243
94.79999999999889,32.062743600000005,14.333344800000003,-0.1,-0.22213948285175356,-0.8316706586826168
94.89999999999888,32.124880700000006,14.361122600000002,-0.1,-0.1805144079266801,0.2775004995004574
94.99999999999888,32.062743600000005,14.333344800000003,-0.1,-0.19426579406529362,-0.27502772277227056
95.09999999999887,32.0006065,14.305567000000002,-0.1,-0.2222265279052122,-0.2814366767984053
95.19999999999887,31.9384694,14.2777892,-0.1,-0.2499766886342379,-0.2769471585244234
95.29999999999886,31.876332299999998,14.2500114,-0.1,-0.23618502542104639,-0.2786138415245863
95.39999999999885,31.876332299999998,14.2500114,-0.1,-0.20837941981544134,0.0
95.49999999999885,31.689921000000002,14.166678000000001,-0.1,-0.2500461198154373,-0.833333999999919
95.59999999999884,31.5656468,14.111122400000001,-0.1,-0.2777961697654879,-0.5550009990010114
95.69999999999884,31.6277839,14.1389002,-0.1,-0.2638933669626843,0.27805605605607187
95.79999999999883,31.503509700000002,14.083344600000002,-0.1,-0.29164341691273,-0.5550009990009148
95.89999999999883,31.3792355,14.027789000000002,-0.1,-0.29167122251833744,-0.5561121121121615
95.99999999999882,31.4413726,14.055566800000001,-0.1,-0.2779605611165622,0.2742132280355044
96.09999999999881,31.3792355,14.027789000000002,-0.1,-0.250309743801272,-0.28115182186234705
96.19999999999881,31.3170984,14.000011200000001,-0.1,-0.2503375216290526,-0.27805605605608963
96.2999999999988,31.254961299999998,13.9722334,-0.1,-0.27811532162904934,-0.2777779999999848
96.3999999999988,31.130687100000003,13.916677800000002,-0.1,-0.2781153216290493,-0.555556000000013
96.49999999999879,31.130687100000003,13.916677800000002,-0.1,-0.2503375216290477,0.0
96.59999999999879,31.068550000000002,13.888900000000001,-0.1,-0.27803234759909634,-0.27639601990051504
96.69999999999878,30.9442758,13.8333444,-0.1,-0.29203300106683766,-0.5583477386935297
96.79999999999878,30.9442758,13.8333444,0.03,0.0,0.0
96.89999999999877,31.068550000000002,13.888900000000001,0.03,0.2777779999999848,0.5555559999999696
96.99999999999876,31.3792355,14.027789000000002,0.03,0.6495417358742884,1.3930692076228957
97.09999999999876,30.5093161,13.6388998,0.03,-0.4850666980943421,-3.888892000000234
97.19999999999875,30.6957274,13.722233200000002,0.03,-0.22171922673894678,0.8316706586826346
97.29999999999875,31.130687100000003,13.916677800000002,0.03,0.13930831105089717,1.944446000000117
97.39999999999874,30.6957274,13.722233200000002,0.03,-0.15837087624206533,-1.9444459999998405
97.49999999999874,30.9442758,13.8333444,0.03,0.0005928179575264703,1.1133386773546692
97.59999999999873,30.7578645,13.750011,0.03,-0.0917887702125712,-0.8308414755733525
97.69999999999872,30.6957274,13.722233200000002,0.03,-0.11044336012518037,-0.27833466933866285
97.79999999999872,30.882138700000002,13.805566600000002,0.03,-0.024569584825788294,0.8341681681681324
97.89999999999871,30.882138700000002,13.805566600000002,0.03,-0.02252211942363927,0.0
97.9999999999987,30.882138700000002,13.805566600000002,0.03,-0.020789648698743942,0.0
98.0999999999987,30.7578645,13.750011,0.03,-0.05894760229175868,-0.5550009990009503
98.1999999999987,30.8200016,13.777788800000002,0.03,-0.03646211751639342,0.27833466933872025
98.29999999999869,30.8200016,13.777788800000002,0.03,-0.034183235171618837,0.0
98.39999999999868,30.882138700000002,13.805566600000002,0.03,-0.015832574279169242,0.2777780000000243
98.49999999999868,30.882138700000002,13.805566600000002,0.03,-0.014952986819215395,0.0
98.59999999999867,30.8200016,13.777788800000002,0.03,-0.028785882249782204,-0.2777779999999848
98.69999999999867,30.8200016,13.777788800000002,0.03,-0.02734658813729309,0.0
98.79999999999866,30.8200016,13.777788800000002,0.03,-0.02734658813729309,0.0
98.89999999999866,30.882138700000002,13.805566600000002,0.03,-0.04124936316226585,0.2775004995005146
98.99999999999865,30.882138700000002,13.805566600000002,0.03,-0.11090282354341066,0.0
99.09999999999864,30.8200016,13.777788800000002,0.03,0.06965287645660181,-0.2777779999999848
99.19999999999864,30.882138700000002,13.805566600000002,0.03,0.04197214632527459,0.27805605605608963
99.29999999999863,31.0064129,13.8611222,0.03,-0.02747235367473457,0.5555559999999341
99.39999999999863,30.9442758,13.8333444,0.03,0.05584714352245298,-0.27805605605608963
99.49999999999862,31.0064129,13.8611222,0.03,0.014069109654718756,0.2777779999999848
99.59999999999862,31.0064129,13.8611222,0.03,0.05561118343338638,0.0
99.69999999999861,31.0064129,13.8611222,0.03,0.06952791690031952,0.0
99.7999999999986,31.0064129,13.8611222,0.03,0.027819508491912903,0.0
99.8999999999986,31.068550000000002,13.888900000000001,0.03,0.04155729286382393,0.27475568743822054
99.9999999999986,30.9442758,13.8333444,0.03,0.013442110677591473,-0.5623036437246491
100.09999999999859,31.0064129,13.8611222,0.03,0.05506718560266473,0.2775004995005146
100.19999999999858,30.9442758,13.8333444,0.03,0.02727542716070297,-0.2775004995005146
100.29999999999858,30.9442758,13.8333444,0.03,0.02727542716070297,0.0
100.39999999999857,31.0064129,13.8611222,0.03,0.027275427160702977,0.2777780000000243
100.49999999999856,30.9442758,13.8333444,0.03,0.013400402185677247,-0.2775004995005146
100.59999999999856,30.9442758,13.8333444,0.03,0.02728930218567648,0.0
100.69999999999855,31.068550000000002,13.888900000000001,0.03,0.055150686338135115,0.5572276830491726
100.79999999999855,31.0064129,13.8611222,0.03,0.041261786338135875,-0.2777779999999848
100.89999999999854,31.0064129,13.8611222,0.03,0.027386761363110145,0.0
100.99999999999854,30.9442758,13.8333444,0.03,0.013511736388084417,-0.2775004995005146
101.09999999999853,31.0064129,13.8611222,0.03,0.041275661363109395,0.2775004995005146
101.19999999999852,31.068550000000002,13.888900000000001,0.03,0.04128959202723894,0.2783346693386806
101.29999999999852,31.0064129,13.8611222,0.03,-0.0003910107755602715,-0.2780560560560501
101.39999999999851,31.130687100000003,13.916677800000002,0.03,0.04126184197729567,0.5550009990010292
101.49999999999851,31.068550000000002,13.888900000000001,0.03,0.013484041977295214,-0.2777780000000243
101.5999999999985,31.068550000000002,13.888900000000001,0.03,0.013484041977295214,0.0
101.6999999999985,31.068550000000002,13.888900000000001,0.03,0.013484041977295214,0.0
101.79999999999849,31.130687100000003,13.916677800000002,0.03,0.02737294197729445,0.2777779999999848
101.89999999999849,31.130687100000003,13.916677800000002,0.03,0.013635157605383424,0.0
101.99999999999848,31.130687100000003,13.916677800000002,0.03,0.04175033979161589,0.0
102.09999999999847,31.130687100000003,13.916677800000002,0.03,0.02787531481659016,0.0
102.19999999999847,31.068550000000002,13.888900000000001,0.03,0.02786143979161467,-0.2777780000000243
102.29999999999846,31.0064129,13.8611222,0.03,0.014110053653000266,-0.27502772277228815
102.39999999999846,31.1928242,13.944455600000001,0.03,0.04188785365299589,0.8333339999999367
102.49999999999845,31.068550000000002,13.888900000000001,0.03,0.027676124330751804,-0.5617350859453962
102.59999999999845,31.0064129,13.8611222,0.03,0.013842558593698675,-0.2766713147410626
102.69999999999844,31.1928242,13.944455600000001,0.03,0.027773250669927096,0.835841524573741
102.79999999999843,31.130687100000003,13.916677800000002,0.03,0.02781479274370604,-0.2769471585244057
102.89999999999843,31.130687100000003,13.916677800000002,0.03,0.02781479274370604,0.0
102.99999999999842,31.130687100000003,13.916677800000002,0.03,0.04168981771873177,0.0
103.09999999999842,31.130687100000003,13.916677800000002,0.03,0.02781479274370604,0.0
103.19999999999841,31.068550000000002,13.888900000000001,0.03,-4.743526032471857e-06,-0.27805605605608963
103.2999999999984,31.1928242,13.944455600000001,0.03,0.04167585927676763,0.5555559999999519
103.3999999999984,31.130687100000003,13.916677800000002,0.03,5.0784351691327e-05,-0.2775004995004968
103.4999999999984,31.068550000000002,13.888900000000001,0.03,5.078435169132422e-05,-0.2777780000000243
103.59999999999839,31.068550000000002,13.888900000000001,0.03,5.078435169132422e-05,0.0
103.69999999999838,31.254961299999998,13.9722334,0.03,0.041717484351693195,0.8333340000000374
103.79999999999838,31.068550000000002,13.888900000000001,0.03,-0.013796490573375536,-0.83250149850139
103.89999999999837,31.068550000000002,13.888900000000001,0.03,-0.013796490573375536,0.0
103.99999999999837,31.1928242,13.944455600000001,0.03,0.013953559376675034,0.5550009990010114
104.09999999999836,31.1928242,13.944455600000001,0.03,0.013953559376675034,0.0
104.19999999999835,31.1928242,13.944455600000001,0.03,0.027842459376676242,0.0
104.29999999999835,31.1928242,13.944455600000001,0.03,0.041593845515290655,0.0
104.39999999999834,31.1928242,13.944455600000001,0.03,-7.285448470618073e-05,0.0
104.49999999999834,31.1928242,13.944455600000001,0.03,0.028013899812563626,0.0
104.59999999999833,31.1928242,13.944455600000001,0.03,0.04184746554961676,0.0
104.69999999999833,31.130687100000003,13.916677800000002,0.03,-0.013833510679070609,-0.2777780000000065
104.79999999999832,31.068550000000002,13.888900000000001,0.03,-0.013875052752849568,-0.2777779999999848
104.89999999999831,31.1928242,13.944455600000001,0.03,0.013902747247151973,0.5555560000000308
104.99999999999831,31.130687100000003,13.916677800000002,0.03,2.772227212713141e-05,-0.2775004995004968
105.0999999999983,31.130687100000003,13.916677800000002,0.03,2.772227212713141e-05,0.0
105.1999999999983,31.1928242,13.944455600000001,0.03,0.02798811616804896,0.28115182186234705
105.29999999999829,31.254961299999998,13.9722334,0.03,0.014085341143076215,0.2775004995004968
105.39999999999829,31.1928242,13.944455600000001,0.03,0.014043632651167912,-0.27833466933866285
105.49999999999828,31.130687100000003,13.916677800000002,0.03,0.014043632651170776,-0.27777799999996705
105.59999999999827,31.3170984,14.000011200000001,0.03,0.055710332651172645,0.8333340000000374
105.69999999999827,31.1928242,13.944455600000001,0.03,-0.013734167348830767,-0.5555560000000308
105.79999999999826,31.1928242,13.944455600000001,0.03,0.027890907576238733,0.0
105.89999999999826,31.3170984,14.000011200000001,0.03,0.055668707576240276,0.5555560000000308
105.99999999999825,31.1928242,13.944455600000001,0.03,0.00027905563614298855,-0.5527920398009343
106.09999999999825,31.254961299999998,13.9722334,0.03,0.014223734351002628,0.2788935742971928
106.19999999999824,31.3170984,14.000011200000001,0.03,0.028084911995713502,0.27722355289421746
106.29999999999824,31.1928242,13.944455600000001,0.03,0.00022352784325576635,-0.5572276830491547
106.39999999999823,31.1928242,13.944455600000001,0.03,0.00022352784325576635,0.0
106.49999999999822,31.254961299999998,13.9722334,0.03,0.01412633064605738,0.2780560560560323
106.59999999999822,31.3170984,14.000011200000001,0.03,0.028015230646058598,0.2777780000000243
106.69999999999821,31.1928242,13.944455600000001,0.03,0.014126330646057384,-0.5555560000000308
106.7999999999982,31.254961299999998,13.9722334,0.03,0.041890255621079495,0.2775004995004574
106.8999999999982,31.3170984,14.000011200000001,0.03,0.028015258423882434,0.27805605605608963
106.9999999999982,31.254961299999998,13.9722334,0.03,0.02800138339890803,-0.2777779999999848
107.09999999999819,31.1928242,13.944455600000001,0.03,0.014154025472685784,-0.27694715852444496
107.19999999999818,31.3170984,14.000011200000001,0.03,0.027902039985172555,0.5561121121120824
107.29999999999818,31.254961299999998,13.9722334,0.03,0.000124212207345209,-0.2780560560560501
107.39999999999817,31.254961299999998,13.9722334,0.03,0.01404094567427835,0.0
107.49999999999817,31.3170984,14.000011200000001,0.03,0.04180487064930244,0.2775004995005146
107.59999999999816,31.254961299999998,13.9722334,0.03,-0.013764632153501943,-0.2780560560560501
107.69999999999816,31.1928242,13.944455600000001,0.03,0.00013814287147475567,-0.2775004995004968
107.79999999999815,31.3170984,14.000011200000001,0.03,0.027943748477078877,0.5561121121120824
107.89999999999814,31.3792355,14.027789000000002,0.03,0.01402712612178821,0.27722355289421746
107.99999999999814,31.254961299999998,13.9722334,0.03,0.013861122506225964,-0.5561121121121793
108.09999999999813,31.1928242,13.944455600000001,0.03,-0.013972456208632031,-0.27777799999996705
108.19999999999813,31.3170984,14.000011200000001,0.03,-2.802824773482926e-05,0.5561121121121615
108.29999999999812,31.254961299999998,13.9722334,0.03,0.01394445590472367,-0.2777779999999848
108.39999999999812,31.1928242,13.944455600000001,0.03,6.943092969882992e-05,-0.2775004995004968
108.49999999999811,31.3170984,14.000011200000001,0.03,0.013972233732501333,0.5561121121120824
108.5999999999981,31.3792355,14.027789000000002,0.03,0.013944511377210986,0.27722355289421746
108.6999999999981,31.254961299999998,13.9722334,0.03,0.013916705771603578,-0.5561121121121793
108.7999999999981,31.3792355,14.027789000000002,0.03,0.02784728640218571,0.5561121121121002
108.89999999999809,31.3170984,14.000011200000001,0.03,5.5583599380013e-05,-0.2777780000000243
108.99999999999808,31.254961299999998,13.9722334,0.03,6.945862435352446e-05,-0.2775004995005146
109.09999999999808,31.254961299999998,13.9722334,0.03,0.013916816550575783,0.0
109.19999999999807,31.3792355,14.027789000000002,0.03,0.013916816550580611,0.5561121121121793
109.29999999999806,31.4413726,14.055566800000001,0.03,0.041694644328405986,0.2775004995004574
109.39999999999806,31.3170984,14.000011200000001,0.03,0.013916844328404449,-0.5555560000000308
109.49999999999805,31.3170984,14.000011200000001,0.03,4.1819353378713675e-05,0.0
109.59999999999805,31.3170984,14.000011200000001,0.03,0.013944622156181224,0.0
109.69999999999804,31.3792355,14.027789000000002,0.03,0.04169467210623181,0.2775004995005146
109.79999999999804,31.4413726,14.055566800000001,0.03,0.027791869303429285,0.2780560560560323
109.89999999999803,31.3792355,14.027789000000002,0.03,4.1791658718096095e-05,-0.2777780000000065
109.99999999999802,31.3170984,14.000011200000001,0.03,0.01394459446152454,-0.2780560560560501
110.09999999999802,31.4413726,14.055566800000001,0.03,0.05555584975094376,0.5544471057884172
110.19999999999801,31.3792355,14.027789000000002,0.03,0.013861344145335358,-0.2777780000000065
110.29999999999801,31.3170984,14.000011200000001,0.03,0.013861344145333382,-0.2777780000000243
110.399999999998,31.4413726,14.055566800000001,0.03,0.055569836054225386,0.5566693386773435
110.499999999998,31.4413726,14.055566800000001,0.03,0.027764230448621273,0.0
110.59999999999799,31.503509700000002,14.083344600000002,0.03,0.027833744880139715,0.2786138415245863
110.69999999999798,31.3170984,14.000011200000001,0.03,0.013972650485745914,-0.8333340000000552
110.79999999999798,31.503509700000002,14.083344600000002,0.03,0.02787545328854753,0.8341681681681324
110.89999999999797,31.3792355,14.027789000000002,0.03,0.01401430333849817,-0.5550009990010114
110.99999999999797,31.3170984,14.000011200000001,0.03,0.014000428313522684,-0.2777780000000243
111.09999999999796,31.4413726,14.055566800000001,0.03,0.04180603391912681,0.5561121121120824
111.19999999999796,31.503509700000002,14.083344600000002,0.03,0.027889328313519063,0.2777780000000243
111.29999999999795,31.503509700000002,14.083344600000002,0.03,0.014014303338496199,0.0
111.39999999999795,31.503509700000002,14.083344600000002,0.03,0.041792103338497734,0.0
111.49999999999794,31.4413726,14.055566800000001,0.03,0.027903203338498495,-0.2777779999999848
111.59999999999793,31.3792355,14.027789000000002,0.03,0.01401430333849817,-0.2777780000000065
111.69999999999793,31.503509700000002,14.083344600000002,0.03,0.02788932831352301,0.5550009990010114
111.79999999999792,31.503509700000002,14.083344600000002,0.03,0.013986525510721395,0.0
111.89999999999792,31.4413726,14.055566800000001,0.03,0.013958692043787687,-0.2783346693386806
111.99999999999791,31.4413726,14.055566800000001,0.03,0.027861494846590194,0.0
112.0999999999979,31.503509700000002,14.083344600000002,0.03,0.014014164532195061,0.2775004995005146
112.1999999999979,31.4413726,14.055566800000001,0.03,0.014000261729390917,-0.27805605605608963
112.2999999999979,31.4413726,14.055566800000001,0.03,0.027889161729392133,0.0
112.39999999999789,31.5656468,14.111122400000001,0.03,0.027750410647966406,0.5538943170488291
112.49999999999788,31.5656468,14.111122400000001,0.03,0.027750410647966406,0.0
112.59999999999788,31.4413726,14.055566800000001,0.03,-0.013958081428264449,-0.5555560000000308
112.69999999999787,31.4413726,14.055566800000001,0.03,0.027708618571738307,0.0
112.79999999999787,31.5656468,14.111122400000001,0.03,0.013778010163329283,0.5555559999999519
112.89999999999786,31.4413726,14.055566800000001,0.03,0.013750260113378316,-0.5555560000000308
112.99999999999785,31.4413726,14.055566800000001,0.03,0.027639160113379524,0.0
113.09999999999785,31.5656468,14.111122400000001,0.03,0.027639160113379524,0.5561121121120824
113.19999999999784,31.503509700000002,14.083344600000002,0.03,-0.00013863988662201344,-0.2777780000000065
113.29999999999784,31.503509700000002,14.083344600000002,0.03,-0.00013863988662201344,0.0
113.39999999999783,31.5656468,14.111122400000001,0.03,0.013736385088402827,0.2775004995004968
113.49999999999783,31.5656468,14.111122400000001,0.03,0.02762528508840207,0.0
113.59999999999782,31.6277839,14.1389002,0.03,0.05538921006342723,0.2775004995004968
113.69999999999781,31.5656468,14.111122400000001,0.03,0.013736357310573067,-0.27805605605607187
113.79999999999781,31.6277839,14.1389002,0.03,0.027625257310571416,0.27777799999996705
113.8999999999978,31.503509700000002,14.083344600000002,0.03,0.013791940827455773,-0.5550009990009936
113.9999999999978,31.503509700000002,14.083344600000002,0.03,0.013791940827455773,0.0
114.09999999999779,31.5656468,14.111122400000001,0.03,0.013819718655231659,0.2780560560560323
114.19999999999779,31.503509700000002,14.083344600000002,0.03,0.013833621458035817,-0.2777780000000065
114.29999999999778,31.503509700000002,14.083344600000002,0.03,0.013833621458035817,0.0
114.39999999999777,31.5656468,14.111122400000001,0.03,5.5639072527499665e-05,0.27833466933866285
114.49999999999777,31.503509700000002,14.083344600000002,0.03,-0.013833260927470854,-0.27777799999996705
114.59999999999776,31.503509700000002,14.083344600000002,0.03,0.01394453907253069,0.0
114.69999999999776,31.5656468,14.111122400000001,0.03,0.027833439072531017,0.2777780000000065
114.79999999999775,31.689921000000002,14.166678000000001,0.03,0.027833439072531014,0.5555559999999519
114.89999999999775,31.503509700000002,14.083344600000002,0.03,0.013944539072530687,-0.8333340000000374
114.99999999999774,31.5656468,14.111122400000001,0.03,0.027791896998750974,0.2769471585244057
115.09999999999773,31.5656468,14.111122400000001,0.03,-1.3708606853155002e-05,0.0
115.19999999999773,31.5656468,14.111122400000001,0.03,0.013875191393147166,0.0
115.29999999999772,31.5656468,14.111122400000001,0.03,0.013875191393147166,0.0
115.39999999999772,31.6277839,14.1389002,0.03,0.013889066418122657,0.2777780000000065
115.49999999999771,31.5656468,14.111122400000001,0.03,-1.3736384678958435e-05,-0.2780560560560323
115.5999999999977,31.689921000000002,14.166678000000001,0.03,0.013889038640297741,0.5555560000000308
115.6999999999977,31.689921000000002,14.166678000000001,0.03,0.027791841443101335,0.0
115.7999999999977,31.5656468,14.111122400000001,0.03,-0.013874858556894609,-0.5555559999999519
115.89999999999769,31.6277839,14.1389002,0.03,0.027764091393155395,0.2777780000000065
115.99999999999768,31.689921000000002,14.166678000000001,0.03,0.0416668941959579,0.2780560560560501
116.09999999999768,31.689921000000002,14.166678000000001,0.03,0.027764091393156286,0.0
116.19999999999767,31.689921000000002,14.166678000000001,0.03,0.041652991393156605,0.0
116.29999999999767,31.5656468,14.111122400000001,0.03,0.013847385787552485,-0.5561121121120824
116.39999999999766,31.689921000000002,14.166678000000001,0.03,0.027597783794724717,0.5533426294821074
116.49999999999766,31.689921000000002,14.166678000000001,0.03,0.04148668379472307,0.0
116.59999999999765,31.5656468,14.111122400000001,0.03,0.013681078189118945,-0.5561121121120824
116.69999999999764,31.5656468,14.111122400000001,0.03,-0.00020782181088137562,0.0
116.79999999999764,31.6277839,14.1389002,0.03,-0.014068888343945827,0.27833466933866285
116.89999999999763,31.6277839,14.1389002,0.03,0.027597811656056036,0.0
116.99999999999763,31.6277839,14.1389002,0.03,0.013750453729835757,0.0
117.09999999999762,31.6277839,14.1389002,0.03,0.013750453729835757,0.0
117.19999999999762,31.752058100000003,14.194455800000002,0.03,0.04150050367988721,0.5550009990010292
117.29999999999761,31.752058100000003,14.194455800000002,0.03,0.04150050367988721,0.0
117.3999999999976,31.6277839,14.1389002,0.03,-0.00044678015850077026,-0.5611676767677533
117.4999999999976,31.6277839,14.1389002,0.03,0.013456022644300842,0.0
117.59999999999759,31.6277839,14.1389002,0.03,-0.014321777355700695,0.0
117.69999999999759,31.752058100000003,14.194455800000002,0.03,0.013511689578167365,0.5566693386773612
117.79999999999758,31.6277839,14.1389002,0.03,0.01351168957816648,-0.5555559999999696
117.89999999999758,31.689921000000002,14.166678000000001,0.03,0.013511689578167368,0.2777780000000243
117.99999999999757,31.689921000000002,14.166678000000001,0.03,-0.00039111322463513954,0.0
118.09999999999756,31.752058100000003,14.194455800000002,0.03,0.013511689578167365,0.2780560560560501
118.19999999999756,31.752058100000003,14.194455800000002,0.03,0.013511689578167365,0.0
118.29999999999755,31.689921000000002,14.166678000000001,0.03,0.027386603107542172,-0.2786138415245863
118.39999999999755,31.752058100000003,14.194455800000002,0.03,0.013608371633438015,0.2777780000000243
118.49999999999754,31.8141952,14.222233600000003,0.03,0.027483396608463745,0.2775004995005146
118.59999999999754,31.752058100000003,14.194455800000002,0.03,0.041386199411265354,-0.2780560560560501
118.69999999999753,31.689921000000002,14.166678000000001,0.03,0.027538841485044187,-0.2769471585244234
118.79999999999752,31.689921000000002,14.166678000000001,0.03,0.013622108018111045,0.0
118.89999999999752,31.689921000000002,14.166678000000001,0.03,0.013622108018111045,0.0
118.99999999999751,31.689921000000002,14.166678000000001,0.03,0.013622108018111045,0.0
119.09999999999751,31.689921000000002,14.166678000000001,0.03,0.013622108018111045,0.0
119.1999999999975,31.689921000000002,14.166678000000001,0.03,-0.01412794193194041,0.0
119.2999999999975,31.689921000000002,14.166678000000001,0.03,-0.01412794193194041,0.0
119.39999999999749,31.752058100000003,14.194455800000002,0.03,0.02781934190644847,0.2777780000000243
119.49999999999748,31.8141952,14.222233600000003,0.03,0.041708241906449686,0.2777780000000243
119.59999999999748,31.8141952,14.222233600000003,0.03,0.041708241906449686,0.0
119.69999999999747,31.752058100000003,14.194455800000002,0.03,-2.5000244411044205e-07,-0.2775004995005146
119.79999999999747,31.689921000000002,14.166678000000001,0.03,0.013930192071333202,-0.2769471585244234
119.89999999999746,31.876332299999998,14.2500114,0.03,0.04187532821591179,0.8366807228915961
119.99999999999746,31.752058100000003,14.194455800000002,0.03,0.01409752821591509,-0.5555559999999341
120.09999999999745,31.8141952,14.222233600000003,0.03,0.014083625413113792,0.2777780000000243
120.19999999999744,31.876332299999998,14.2500114,0.03,0.027958650388137746,0.27750049950047906
120.29999999999744,31.752058100000003,14.194455800000002,0.03,0.014083736858763834,-0.5561121121120646
120.39999999999743,31.752058100000003,14.194455800000002,0.03,0.00019483685876262036,0.0
120.49999999999743,31.876332299999998,14.2500114,0.03,0.014069861833786574,0.5550009990009936
120.59999999999742,31.876332299999998,14.2500114,0.03,0.027972664636589078,0.0
120.69999999999742,31.8141952,14.222233600000003,0.03,0.02793112256281081,-0.27777799999998876
120.79999999999741,31.876332299999998,14.2500114,0.03,0.04182002256280828,0.2777779999999493
120.8999999999974,31.876332299999998,14.2500114,0.03,0.04182002256280828,0.0
120.9999999999974,31.8141952,14.222233600000003,0.03,0.028082238190900943,-0.27475568743814677
121.0999999999974,31.752058100000003,14.194455800000002,0.03,0.014067202873038757,-0.28030070635724375
121.19999999999739,31.8141952,14.222233600000003,0.03,0.027983936339970806,0.278334669338641
121.29999999999738,31.9384694,14.2777892,0.03,0.05576173633997146,0.555556000000013
121.39999999999738,31.8141952,14.222233600000003,0.03,0.01409503633996959,-0.555556000000013
121.49999999999737,31.8141952,14.222233600000003,0.03,0.00020613633996837132,0.0
121.59999999999737,31.9384694,14.2777892,0.03,0.028039603273838615,0.5566693386774049
121.69999999999736,31.8141952,14.222233600000003,0.03,0.014109022643265074,-0.5561121121119855
121.79999999999735,31.8141952,14.222233600000003,0.03,0.027956380569486246,0.0
121.89999999999735,31.876332299999998,14.2500114,0.03,-2.6306000696169064e-06,0.27750049950047906
121.99999999999734,31.8141952,14.222233600000003,0.03,0.013858435932992862,-0.27833466933868467
122.09999999999734,31.8141952,14.222233600000003,0.03,-3.0464067008356686e-05,0.0
122.19999999999733,31.8141952,14.222233600000003,0.03,-0.013905489042032306,0.0
122.29999999999733,31.9384694,14.2777892,0.03,0.041677916563571574,0.555556000000013
122.39999999999732,32.0006065,14.305567000000002,0.03,0.055566816563572784,0.2777780000000243
122.49999999999731,31.8141952,14.222233600000003,0.03,-0.01384993338647877,-0.8333340000000374
122.59999999999731,31.9384694,14.2777892,0.03,0.013900116563570913,0.5550009990009936
122.6999999999973,31.876332299999998,14.2500114,0.03,0.013886213760769825,-0.2780560560560105
122.7999999999973,31.9384694,14.2777892,0.03,0.013858491405483236,0.27722355289421746
122.89999999999729,31.9384694,14.2777892,0.03,0.013858491405483236,0.0
122.99999999999729,31.876332299999998,14.2500114,0.03,0.013707375777389359,-0.2777780000000243
123.09999999999728,31.876332299999998,14.2500114,0.03,0.027722411095251552,0.0
123.19999999999727,31.9384694,14.2777892,0.03,0.027694577628316765,0.27777799999994535
123.29999999999727,31.9384694,14.2777892,0.03,-8.322237168388869e-05,0.0
123.39999999999726,31.9384694,14.2777892,0.03,0.027694577628316765,0.0
123.49999999999726,31.876332299999998,14.2500114,0.03,0.01380567762831555,-0.2777780000000243
123.59999999999725,31.9384694,14.2777892,0.03,-0.00013888930555742697,0.27777799999994535
123.69999999999725,31.9384694,14.2777892,0.03,0.02766671630004185,0.0
123.79999999999724,31.876332299999998,14.2500114,0.03,0.013901701433836688,-0.2753002973241032
123.89999999999723,32.0006065,14.305567000000002,0.03,0.02805674709453711,0.5606014127144875
123.99999999999723,32.0006065,14.305567000000002,0.03,0.04197348056147134,0.0
124.09999999999722,31.9384694,14.2777892,0.03,0.02808458056147013,-0.2777780000000243
124.19999999999722,31.9384694,14.2777892,0.03,0.02808458056147013,0.0
124.29999999999721,32.062743600000005,14.333344800000003,0.03,0.028056830511520935,0.5550009990010292
124.3999999999972,32.0006065,14.305567000000002,0.03,0.0002790305115185132,-0.2777780000000243
124.4999999999972,32.062743600000005,14.333344800000003,0.03,0.0558346305115216,0.2777780000000243
124.5999999999972,32.062743600000005,14.333344800000003,0.03,0.028084580561471912,0.0
124.69999999999719,31.9384694,14.2777892,0.03,0.014237333414228859,-0.5550009990008715
124.79999999999718,32.0006065,14.305567000000002,0.03,0.01427895857232247,0.27805605605608963
124.89999999999718,32.062743600000005,14.333344800000003,0.03,0.028167858572323685,0.2777780000000243
124.99999999999717,32.062743600000005,14.333344800000003,0.03,0.042056758572324895,0.0
125.09999999999717,32.062743600000005,14.333344800000003,0.03,0.042056758572324895,0.0
125.19999999999716,32.0006065,14.305567000000002,0.03,0.014278958572330363,-0.27777799999994535
125.29999999999715,32.062743600000005,14.333344800000003,0.03,0.02815398354735609,0.2775004995005146
125.39999999999715,32.124880700000006,14.361122600000002,0.03,0.042056786350159685,0.27805605605607187
125.49999999999714,32.0006065,14.305567000000002,0.03,0.028167886350159366,-0.5555560000000308
125.59999999999714,32.062743600000005,14.333344800000003,0.03,0.02815401132518782,0.2775004995005146
125.69999999999713,32.124880700000006,14.361122600000002,0.03,0.0420429113251842,0.2777779999999276
125.79999999999713,32.0006065,14.305567000000002,0.03,0.028002320585781292,-0.5561121121121615
125.89999999999712,32.0006065,14.305567000000002,0.03,-2.7750049943087162e-05,0.0
125.99999999999712,32.124880700000006,14.361122600000002,0.03,0.027777855555664987,0.5561121121121615
126.09999999999711,32.062743600000005,14.333344800000003,0.03,0.027791730580641362,-0.2775004995004968
126.1999999999971,32.0006065,14.305567000000002,0.03,0.013902830580644093,-0.27777799999994535
126.2999999999971,32.124880700000006,14.361122600000002,0.03,0.01395838623620071,0.5561121121121615
126.39999999999709,32.062743600000005,14.333344800000003,0.03,0.013972261261177083,-0.2775004995004968
126.49999999999709,32.124880700000006,14.361122600000002,0.03,0.013930719187396154,0.2769471585244057
126.59999999999708,32.062743600000005,14.333344800000003,0.03,2.7916384592560627e-05,-0.27805605605607187
126.69999999999708,32.062743600000005,14.333344800000003,0.03,0.02777796633463614,0.0
126.79999999999707,32.1870178,14.3889004,0.03,0.04165296353183231,0.555556000000013
126.89999999999706,32.062743600000005,14.333344800000003,0.03,-4.154207377609076e-05,-0.5561121121121437
126.99999999999706,32.1870178,14.3889004,0.03,0.027708507876273592,0.5550009990009936
127.09999999999705,32.062743600000005,14.333344800000003,0.03,-9.709772932568472e-05,-0.5561121121119855
127.19999999999705,32.062743600000005,14.333344800000003,0.03,0.013791802270671578,0.0
127.29999999999704,32.1870178,14.3889004,0.03,0.0276945772956465,0.555556000000013
127.39999999999704,32.1870178,14.3889004,0.03,0.013791774492842909,0.0
127.49999999999703,32.1870178,14.3889004,0.03,0.041569574492844444,0.0
127.59999999999702,32.1870178,14.3889004,0.03,0.027694549517818717,0.0
127.69999999999702,32.1870178,14.3889004,0.03,0.01380564951782234,0.0
127.79999999999701,32.124880700000006,14.361122600000002,0.03,0.027859868984816894,-0.27502772277227056
127.89999999999701,32.1870178,14.3889004,0.03,0.04191746007793222,0.2811518218623066
127.999999999997,32.124880700000006,14.361122600000002,0.03,0.0002782887352738572,-0.2766713147410057
128.099999999997,32.1870178,14.3889004,0.03,0.027945667235622473,0.2758470705064754
128.199999999997,32.2491549,14.416678200000002,0.03,0.055892158328735966,0.28115182186232457
128.299999999997,32.1870178,14.3889004,0.03,0.014197652723126675,-0.2777780000000243
128.399999999997,32.062743600000005,14.333344800000003,0.03,0.000350322408731546,-0.5544471057883994
128.499999999997,32.2491549,14.416678200000002,0.03,0.02825316488331752,0.8350040080161252
128.59999999999698,32.124880700000006,14.361122600000002,0.03,0.014405917736070546,-0.5550009990010114
128.69999999999698,32.124880700000006,14.361122600000002,0.03,0.014405917736070546,0.0
128.79999999999697,32.1870178,14.3889004,0.03,0.000544851203005009,0.27833466933870243
128.89999999999696,32.1870178,14.3889004,0.03,0.0283504568086122,0.0
128.99999999999696,32.124880700000006,14.361122600000002,0.03,-0.013288493141437813,-0.2777780000000065
129.09999999999695,32.124880700000006,14.361122600000002,0.03,0.014517112464161463,0.0
129.19999999999695,32.311292,14.444456,0.03,0.05618381246416333,0.8333340000000374
129.29999999999694,32.1870178,14.3889004,0.03,0.0006282124641611486,-0.5555560000000308
129.39999999999694,32.1870178,14.3889004,0.03,0.0006282124641611486,0.0
129.49999999999693,32.2491549,14.416678200000002,0.03,0.014517112464162363,0.2777780000000243
129.59999999999692,32.311292,14.444456,0.03,0.02840601246415874,0.2777779999999276
129.69999999999692,32.1870178,14.3889004,0.03,0.0006559625141081716,-0.5550009990010114
129.7999999999969,32.2491549,14.416678200000002,0.03,0.028310151455526178,0.27805605605608963
129.8999999999969,32.311292,14.444456,0.03,0.028141460362411174,0.2777780000000065
129.9999999999969,32.311292,14.444456,0.03,0.04197502609946146,0.0
130.0999999999969,32.2491549,14.416678200000002,0.03,0.01429377257414131,-0.2777779999999276
130.1999999999969,32.1870178,14.3889004,0.03,-0.013638843494000647,-0.2775004995005146
130.29999999999688,32.1870178,14.3889004,0.03,0.00025005650600056775,0.0
130.39999999999688,32.1870178,14.3889004,0.03,0.027972411795420545,0.0
130.49999999999687,32.311292,14.444456,0.03,0.013972261344664848,0.5550009990010114
130.59999999999687,32.311292,14.444456,0.03,0.04172231129471542,0.0
130.69999999999686,32.2491549,14.416678200000002,0.03,0.02786113365000543,-0.2772235528941997
130.79999999999686,32.1870178,14.3889004,0.03,1.3708106842985624e-05,-0.27861384152454655
130.89999999999685,32.311292,14.444456,0.03,0.027763758056893555,0.5550009990010114
130.99999999999685,32.311292,14.444456,0.03,0.04165265805689389,0.0
131.09999999999684,32.311292,14.444456,0.03,0.04165265805689389,0.0
131.19999999999683,32.311292,14.444456,0.03,-1.4041943107989673e-05,0.0
131.29999999999683,32.2491549,14.416678200000002,0.03,0.013860955254089957,-0.27805605605607187
131.39999999999682,32.2491549,14.416678200000002,0.03,0.013860955254089957,0.0
131.49999999999682,32.1870178,14.3889004,0.03,-0.013930747548715738,-0.27805605605608963
131.5999999999968,32.311292,14.444456,0.03,-4.184754871847107e-05,0.5555559999998729
131.6999999999968,32.3734291,14.472233800000001,0.03,0.041555560327557195,0.2769471585245019
131.7999999999968,32.2491549,14.416678200000002,0.03,-0.0001807094091104966,-0.5566693386772642
131.8999999999968,32.2491549,14.416678200000002,0.03,-0.014069609409110822,0.0
131.9999999999968,32.311292,14.444456,0.03,-0.0001807094091104966,0.2777780000000065
132.09999999999678,32.2491549,14.416678200000002,0.03,-0.00018070940911444345,-0.2777780000000065
132.19999999999678,32.3734291,14.472233800000001,0.03,0.04147211556590493,0.5555559999998729
132.29999999999677,32.3734291,14.472233800000001,0.03,0.04147211556590493,0.0
132.39999999999677,32.435566200000004,14.500011600000002,0.03,0.055347140540930664,0.2775004995005146
132.49999999999676,32.311292,14.444456,0.03,-0.00015295935917136738,-0.5550009990010292
132.59999999999675,32.311292,14.444456,0.03,-0.00015295935917136738,0.0
132.69999999999675,32.311292,14.444456,0.03,0.013708218285538615,0.0
132.79999999999674,32.311292,14.444456,0.03,0.027638910361765946,0.0
132.89999999999674,32.435566200000004,14.500011600000002,0.03,0.027694466017324337,0.5561121121121793
132.99999999999673,32.3734291,14.472233800000001,0.03,0.01394307987870993,-0.27502772277228815
133.09999999999673,32.3734291,14.472233800000001,0.03,0.01394307987870993,0.0
133.19999999999672,32.311292,14.444456,0.03,0.0001232788836822235,-0.2763960199005541
133.29999999999671,32.311292,14.444456,0.03,0.014026081686485817,0.0
133.3999999999967,32.435566200000004,14.500011600000002,0.03,0.0421128359837525,0.5617350859453335
133.4999999999967,32.435566200000004,14.500011600000002,0.03,0.05601563878655698,0.0
133.5999999999967,32.311292,14.444456,0.03,0.00032045185188285253,-0.5583477386936095
133.6999999999967,32.435566200000004,14.500011600000002,0.03,0.014306560859521852,0.556669338677282
133.7999999999967,32.3734291,14.472233800000001,0.03,0.028265002818359336,-0.2775004995005146
133.89999999999668,32.3734291,14.472233800000001,0.03,0.028265002818359336,0.0
133.99999999999667,32.435566200000004,14.500011600000002,0.03,0.028278905621163492,0.27805605605608963
134.09999999999667,32.4977033,14.5277894,0.03,0.05605670562115931,0.2777779999999098
134.19999999999666,32.3734291,14.472233800000001,0.25,-0.5544471057883994,-0.5544471057883994
134.29999999999666,32.311292,14.444456,0.25,-0.41611255289421184,-0.2777780000000243
134.39999999999665,32.435566200000004,14.500011600000002,0.25,-0.09203766455874814,0.5561121121121793
134.49999999999665,32.5598404,14.5555672,0.25,0.06999977960897483,0.5561121121121437
134.59999999999664,32.435566200000004,14.500011600000002,0.25,-0.05511137631279117,-0.5555559999998552
134.69999999999663,32.5598404,14.5555672,0.25,0.04657401957283963,0.5550009990009936
134.79999999999663,32.6841146,14.611122800000002,0.25,0.1192857310624409,0.5555560000000486
134.89999999999662,32.6841146,14.611122800000002,0.25,0.1043750146796358,0.0
134.99999999999662,32.808388799999996,14.6666784,0.25,0.15444456849312,0.5550009990009936
135.0999999999966,32.7462517,14.638900600000001,0.25,0.11119450603820871,-0.27805605605599276
135.1999999999966,32.8705259,14.694456200000001,0.25,0.15149019692459129,0.5544471057884172
135.2999999999966,32.8705259,14.694456200000001,0.25,0.13886601384754202,0.0
135.3999999999966,32.932663,14.722234000000002,0.25,0.14946642160857904,0.2766713147410234
135.4999999999966,33.0569372,14.777789600000002,0.25,0.17867222997179422,0.5583477386935917
135.59999999999658,33.0569372,14.777789600000002,0.25,0.1667607479736746,0.0
135.69999999999658,33.1190743,14.805567400000001,0.25,0.173681982444101,0.2775004995004968
135.79999999999657,33.305485600000004,14.888900800000002,0.25,0.2124360716239495,0.832501498501526
135.89999999999657,33.367622700000005,14.916678600000003,0.25,0.216081626314624,0.27805605605608963
135.99999999999656,33.367622700000005,14.916678600000003,0.25,0.2047089091401701,0.0
136.09999999999656,33.367622700000005,14.916678600000003,0.25,0.1944734636831616,0.0
136.19999999999655,33.4297598,14.9444564,0.25,0.23607084394760158,0.2775004995004003
136.29999999999654,33.4297598,14.9444564,0.25,0.2499597439476028,0.0
136.39999999999654,33.4918969,14.9722342,0.25,0.2360569411447983,0.27805605605608963
136.49999999999653,33.6161711,15.027789800000003,0.25,0.23605694114480008,0.5561121121121793
136.59999999999653,33.678308200000004,15.055567600000002,0.25,0.2777097661198177,0.2775004995004968
136.69999999999652,33.7404453,15.0833454,0.25,0.2638486161697644,0.2777779999999276
136.79999999999652,33.8647195,15.138901,0.25,0.2638764217753701,0.5561121121121615
136.8999999999965,33.8025824,15.111123200000002,0.25,0.2499875217753697,-0.2777780000000065
136.9999999999965,33.8647195,15.138901,0.25,0.23609864947003004,0.2772235528941997
137.0999999999965,33.9889937,15.194456600000002,0.25,0.2778070578784385,0.5561121121121793
137.1999999999965,33.9889937,15.194456600000002,0.25,0.2500847025890177,0.0
137.2999999999965,34.1132679,15.2500122,0.25,0.27791816952288007,0.5566693386772464
137.39999999999648,34.2375421,15.305567800000002,0.25,0.29189020939143784,0.5561121121121793
137.49999999999648,34.2375421,15.305567800000002,0.25,0.2639728224567583,0.0
137.59999999999647,34.2996792,15.333345600000003,0.25,0.27786172245675556,0.27777799999994535
137.69999999999646,34.2996792,15.333345600000003,0.25,0.2639866974817307,0.0
137.79999999999646,34.4239534,15.388901200000001,0.25,0.2501950894905168,0.5566693386772464
137.89999999999645,34.4239534,15.388901200000001,0.25,0.23629228668771227,0.0
137.99999999999645,34.4860905,15.416679000000002,0.25,0.2501811866877135,0.2777780000000243
138.09999999999644,34.548227600000004,15.444456800000001,0.25,0.2640423643324235,0.2772235528941997
138.19999999999644,34.610364700000005,15.472234600000002,0.25,0.2640840728243355,0.278334669338641
138.29999999999643,34.796776,15.555568000000001,0.25,0.3057091477494109,0.8325014985015082
138.39999999999642,34.8589131,15.583345800000002,0.25,0.30570914774941094,0.27805605605608963
138.49999999999642,34.796776,15.555568000000001,0.25,0.26402851716877623,-0.2775004995005146
138.5999999999964,34.796776,15.555568000000001,0.25,0.2501534921937514,0.0
138.6999999999964,34.9210502,15.611123600000003,0.25,0.26404239219375747,0.5555560000000486
138.7999999999964,34.9831873,15.6389014,0.25,0.2501118115631733,0.27750049950047906
138.8999999999964,34.9210502,15.611123600000003,0.25,0.2501256865881497,-0.27750049950047906
138.9999999999964,35.1074615,15.694457000000002,0.25,0.278014709344246,0.8350040080161252
139.09999999999638,35.2317357,15.750012600000002,0.25,0.27798690373863066,0.5555559999998729
139.19999999999638,35.1695986,15.722234800000003,0.25,0.2641118787636058,-0.2775004995004968
139.29999999999637,35.293872799999995,15.7777904,0.25,0.26408401743535065,0.5561121121121437
139.39999999999637,35.293872799999995,15.7777904,0.25,0.23627841182974169,0.0
139.49999999999636,35.418147,15.833346,0.25,0.2640284617797922,0.5550009990010114
139.59999999999636,35.418147,15.833346,0.25,0.250139561779795,0.0
139.69999999999635,35.418147,15.833346,0.25,0.250139561779795,0.0
139.79999999999634,35.5424212,15.888901600000002,0.25,0.2500838948459351,0.5555560000000486
139.89999999999634,35.6666954,15.9444572,0.25,0.2778339447959848,0.5550009990009936
139.99999999999633,35.5424212,15.888901600000002,0.25,0.2361672447959829,-0.555556000000013
140.09999999999633,35.7288325,15.972235000000001,0.25,0.26397276715127477,0.8333340000000374
140.19999999999632,35.790969600000004,16.0000128,0.25,0.26394493368433913,0.2777779999999276
140.29999999999632,35.790969600000004,16.0000128,0.25,0.22231985875926372,0.0
140.3999999999963,35.790969600000004,16.0000128,0.25,0.20841705595645924,0.0
140.4999999999963,35.9152438,16.055568400000002,0.25,0.2500976865370939,0.5561121121121793
140.5999999999963,35.9152438,16.055568400000002,0.25,0.2500976865370939,0.0
140.6999999999963,35.9152438,16.055568400000002,0.25,0.2223198865370915,0.0
140.7999999999963,35.9773809,16.0833462,0.25,0.2223476643648672,0.27805605605599276
140.89999999999628,36.1637922,16.166679600000002,0.25,0.2778893893398939,0.8333340000000552
140.99999999999628,36.1637922,16.166679600000002,0.25,0.23613918893908764,0.0
141.09999999999627,36.1637922,16.166679600000002,0.25,0.20836138893909398,0.0
141.19999999999627,36.2880664,16.2222352,0.25,0.25021002922126806,0.5594723061429852
141.29999999999626,36.2880664,16.2222352,0.25,0.2224044236156609,0.0
141.39999999999625,36.3502035,16.250013000000003,0.25,0.2363072264184663,0.27805605605610745
141.49999999999625,36.4123406,16.277790800000002,0.25,0.22245997927121933,0.27805605605607187
141.59999999999624,36.536614799999995,16.3333464,0.25,0.25023777927122,0.555556000000013
141.69999999999624,36.598751899999996,16.361124200000003,0.25,0.2641405820740214,0.27805605605602834
141.79999999999623,36.536614799999995,16.3333464,0.25,0.22248775709899235,-0.2775004995005323
141.89999999999623,36.660889,16.388902,0.25,0.22251550714894508,0.5555560000000486
141.99999999999622,36.660889,16.388902,0.25,0.25029330714894577,0.0
142.09999999999621,36.7230261,16.4166798,0.25,0.2225016321239687,0.2775004995004968
142.1999999999962,36.7851632,16.444457600000003,0.25,0.22250163212397048,0.2777779999999631
142.2999999999962,36.9094374,16.5000132,0.25,0.2502794321239711,0.555556000000013
142.3999999999962,36.9715745,16.527791,0.25,0.26416833212397145,0.2777780000000065
142.4999999999962,36.9715745,16.527791,0.25,0.2363627265183625,0.0
142.5999999999962,36.9715745,16.527791,0.25,0.2363627265183625,0.0
142.69999999999618,37.1579858,16.6111244,0.25,0.27819676266293725,0.8366807228914946
142.79999999999617,37.095848700000005,16.583346600000002,0.25,0.25039115705733395,-0.27805605605607187
142.89999999999617,37.28226,16.666680000000003,0.25,0.25039115705733395,0.8333340000000552
142.99999999999616,37.1579858,16.6111244,0.25,0.22261335705733148,-0.5555560000000486
143.09999999999616,37.3443971,16.694457800000002,0.25,0.2642800570573224,0.8333339999998183
143.19999999999615,37.3443971,16.694457800000002,0.25,0.23630644175017315,0.0
143.29999999999615,37.4065342,16.7222356,0.25,0.250181466725198,0.2775004995004968
143.39999999999614,37.4065342,16.7222356,0.25,0.23627866392239266,0.0
143.49999999999613,37.4686713,16.7500134,0.25,0.23626476111958944,0.2777780000000065
143.59999999999613,37.5308084,16.7777912,0.25,0.2223897639223884,0.27805605605599276
143.69999999999612,37.6550826,16.8333468,0.25,0.23623701106963843,0.5550009990010292
143.79999999999612,37.5929455,16.805569000000002,0.25,0.23620923324186144,-0.27805605605607187
143.8999999999961,37.7793568,16.8889024,0.25,0.25005650816693353,0.8325014985014905
143.9999999999961,37.7172197,16.861124600000004,0.25,0.2361537053641317,-0.2780560560560363
144.0999999999961,37.7793568,16.8889024,0.25,0.2361675803891014,0.27777799999989206
144.1999999999961,37.903631,16.944458,0.25,0.2500564803891058,0.5555560000000486
144.2999999999961,37.9657681,16.972235800000004,0.25,0.23615370536413174,0.2775004995005323
144.39999999999608,37.9657681,16.972235800000004,0.25,0.22226480536413146,0.0
144.49999999999608,38.0279052,17.000013600000003,0.25,0.23615370536413177,0.2777780000000065
144.59999999999607,38.0900423,17.0277914,0.25,0.25005650816693537,0.27805605605607187
144.69999999999607,38.2143165,17.083347,0.25,0.23602807762795988,0.5561121121119855
144.79999999999606,38.1521794,17.0555692,0.25,0.23604198043076313,-0.2777780000000065
144.89999999999606,38.1521794,17.0555692,0.25,0.19437528043076036,0.0
144.99999999999605,38.4007278,17.1666804,0.25,0.27776429164197897,1.112224224224323
145.09999999999604,38.338590700000005,17.1389026,0.25,0.2222086916419917,-0.2777779999999276
145.19999999999604,38.4007278,17.1666804,0.25,0.23604225737904588,0.27667131474108403
145.29999999999603,38.4007278,17.1666804,0.25,0.22216723240402106,0.0
145.39999999999603,38.4628649,17.1944582,0.25,0.2360561324040214,0.2777780000000065
145.49999999999602,38.6492762,17.277791600000004,0.25,0.2633398608625189,0.8234525691699567
145.59999999999602,38.5871391,17.2500138,0.25,0.23539368091108104,-0.2808675429727654
145.699999999996,38.6492762,17.277791600000004,0.25,0.22154643376383096,0.27805605605602834
145.799999999996,38.6492762,17.277791600000004,0.25,0.23544923656663458,0.0
145.899999999996,38.7735504,17.333347200000002,0.25,0.2216297672471672,0.5561121121121437
145.999999999996,38.8356875,17.361125,0.25,0.24942147004996934,0.2777780000000065
146.099999999996,38.8356875,17.361125,0.25,0.23553257004997477,0.0
146.19999999999598,38.9599617,17.416680600000003,0.25,0.23550482000002373,0.5550009990010292
146.29999999999598,38.9599617,17.416680600000003,0.25,0.2216297950249971,0.0
146.39999999999597,38.9599617,17.416680600000003,0.25,0.2216297950249971,0.0
146.49999999999596,39.146373,17.500014,0.25,0.24940759502499774,0.8333340000000197
146.59999999999596,39.146373,17.500014,0.25,0.23550479222219414,0.0
146.69999999999595,39.146373,17.500014,0.25,0.20769918661659487,0.0
146.79999999999595,39.2706472,17.555569600000002,0.25,0.24939369222220414,0.5561121121121793
146.89999999999594,39.3327843,17.5833474,0.25,0.26325486986691415,0.2772235528941997
146.99999999999594,39.3327843,17.5833474,0.25,0.20764365865569806,0.0
147.09999999999593,39.4570585,17.638903000000003,0.25,0.24933816426130342,0.5561121121121793
147.19999999999592,39.3949214,17.6111252,0.25,0.221615698524251,-0.2777779999999631
147.29999999999592,39.3949214,17.6111252,0.25,0.221615698524251,0.0
147.3999999999959,39.5191956,17.6666808,0.25,0.23556026545812267,0.5566693386774405
147.4999999999959,39.581332700000004,17.6944586,0.25,0.2082765369996252,0.2777780000000065
147.5999999999959,39.581332700000004,17.6944586,0.25,0.22231991414826346,0.0
147.6999999999959,39.767744,17.777792,0.25,0.250083811345453,0.8333339999998183
147.7999999999959,39.7056069,17.750014200000003,0.25,0.23619491134545262,-0.2777780000000065
147.89999999999588,39.767744,17.777792,0.25,0.2222782057398458,0.2777780000000065
147.99999999999588,39.767744,17.777792,0.25,0.20838930573984546,0.0
148.09999999999587,40.016292400000005,17.8889032,0.25,0.2639449057398485,1.1111120000000616
148.19999999999587,40.016292400000005,17.8889032,0.25,0.2361948557897971,0.0
148.29999999999586,40.016292400000005,17.8889032,0.25,0.2361948557897971,0.0
148.39999999999586,40.016292400000005,17.8889032,0.25,0.2361948557897971,0.0
148.49999999999585,40.0784295,17.916681,0.25,0.20843095859259972,0.27805605605607187
148.59999999999584,40.1405666,17.9444588,0.25,0.22230598356762457,0.2775004995004968
148.69999999999584,40.2027037,17.972236600000002,0.25,0.2360709984338306,0.2753002973241208
148.79999999999583,40.2027037,17.972236600000002,0.25,0.2082653928282216,0.0
148.89999999999583,40.389115000000004,18.055570000000003,0.25,0.2360709151835144,0.8333340000000552
148.99999999999582,40.4512521,18.0833478,0.25,0.24998764865044776,0.27833466933866685
149.09999999999582,40.389115000000004,18.055570000000003,0.25,0.20829314304484026,-0.277777999999971
149.1999999999958,40.389115000000004,18.055570000000003,0.25,0.2221820430448384,0.0
149.2999999999958,40.5755263,18.1389034,0.25,0.2638487430448394,0.8333340000000197
149.3999999999958,40.5755263,18.1389034,0.25,0.23601527611096734,0.0
149.4999999999958,40.6376634,18.166681200000003,0.25,0.23601527611096912,0.27777800000004205
149.5999999999958,40.6376634,18.166681200000003,0.25,0.23601527611096912,0.0
149.69999999999578,40.6376634,18.166681200000003,0.25,0.19434857611097817,0.0
149.79999999999578,40.6998005,18.194459000000002,0.25,0.22211250108600336,0.2775004995004968
149.89999999999577,40.824074700000004,18.250014600000004,0.25,0.236029206691612,0.5561121121121793
149.99999999999577,40.824074700000004,18.250014600000004,0.25,0.236029206691612,0.0
150.09999999999576,40.8862118,18.2777924,0.25,0.19436250669160743,0.277777999999971
150.19999999999575,41.010486,18.333348,0.25,0.22214030669160198,0.5555559999998907
150.29999999999575,41.072623099999994,18.3611258,0.25,0.23602920669160232,0.2777780000000065
150.39999999999574,41.010486,18.333348,0.25,0.22214030669160198,-0.2777780000000065
150.49999999999574,41.072623099999994,18.3611258,0.25,0.22212640388879873,0.2777780000000065
150.59999999999573,41.072623099999994,18.3611258,0.25,0.20825137891377393,0.0
150.69999999999573,41.1347602,18.388903600000003,0.25,0.208375264047566,0.2777779999999631
150.79999999999572,41.196897299999996,18.4166814,0.25,0.22215393468248723,0.27557341269842417
150.8999999999957,41.3211715,18.472237000000003,0.25,0.20837659211220155,0.5577871485943416
150.9999999999957,41.3211715,18.472237000000003,0.25,0.1944598586452682,0.0
151.0999999999957,41.3833086,18.5000148,0.25,0.22223765864526532,0.277777999999971
151.1999999999957,41.5075828,18.5555704,0.25,0.2499877085953089,0.5550009990008715
151.2999999999957,41.5697199,18.583348200000003,0.25,0.22222381139811326,0.27805605605610745
151.39999999999569,41.5075828,18.5555704,0.25,0.20833491139811114,-0.27777800000004205
151.49999999999568,41.5697199,18.583348200000003,0.25,0.20832103637313565,0.2775004995005323
151.59999999999567,41.5697199,18.583348200000003,0.25,0.20832103637313565,0.0
151.69999999999567,41.631857000000004,18.611126000000002,0.25,0.22220993637313202,0.2777779999999276
151.79999999999566,41.8182683,18.6944594,0.25,0.24954826451383189,0.824267062314493
151.89999999999566,41.8182683,18.6944594,0.25,0.22174265890822292,0.0
151.99999999999565,41.8182683,18.6944594,0.25,0.22174265890822292,0.0
152.09999999999565,41.8804054,18.722237200000002,0.25,0.22178445098445657,0.2786138415246438
152.19999999999564,42.004679599999996,18.7777928,0.25,0.2217844509844548,0.5555559999998552
152.29999999999563,41.9425425,18.750015,0.25,0.19403437333974446,-0.2772235528941997
152.39999999999563,42.1289538,18.833348400000002,0.25,0.24963168174815734,0.8341681681682511
152.49999999999562,42.1289538,18.833348400000002,0.25,0.23574278174815705,0.0
152.59999999999562,42.1289538,18.833348400000002,0.25,0.23574278174815705,0.0
152.6999999999956,42.191090900000006,18.861126200000005,0.25,0.23572890672318153,0.2775004995004535
152.7999999999956,42.315365099999994,18.9166818,0.25,0.24970028603830824,0.5550009990009581
152.8999999999956,42.3775022,18.944459600000002,0.25,0.23572766207552806,0.27833466933873807
152.9999999999956,42.3775022,18.944459600000002,0.25,0.23572766207552806,0.0
153.0999999999956,42.315365099999994,18.9166818,0.25,0.20793595927272412,-0.27805605605610745
153.19999999999558,42.501776400000004,19.000015200000004,0.25,0.22185260932267328,0.8333339999998538
153.29999999999558,42.439639299999996,18.9722374,0.25,0.19406090651986574,-0.27777800000004205
153.39999999999557,42.501776400000004,19.000015200000004,0.25,0.22179716444608993,0.27694715852444113
153.49999999999557,42.5639135,19.027793000000003,0.25,0.2218528315472937,0.27861384152460816
153.59999999999556,42.6260506,19.0555708,0.25,0.23574173154729405,0.2777780000000065
153.69999999999555,42.6260506,19.0555708,0.25,0.22185283154729762,0.0
153.79999999999555,42.8124619,19.138904200000002,0.25,0.22205766928645,0.82836381709754
153.89999999999554,42.874599,19.166682,0.25,0.23601636275378532,0.2791738693467071
153.99999999999554,42.874599,19.166682,0.25,0.23601636275378532,0.0
154.09999999999553,42.8124619,19.138904200000002,0.25,0.20822449303284313,-0.2772235528941997
154.19999999999553,42.874599,19.166682,0.25,0.1943634264997816,0.2783346693386232
154.29999999999552,42.9367361,19.1944598,0.25,0.22211350414449188,0.2777780000000065
154.39999999999552,42.998873200000006,19.222237600000003,0.25,0.1942939957360815,0.27777800000004205
154.4999999999955,42.998873200000006,19.222237600000003,0.25,0.1942939957360815,0.0
154.5999999999955,43.1231474,19.277793200000005,0.25,0.2221274626699535,0.5566693386774405
154.6999999999955,43.1231474,19.277793200000005,0.25,0.2082524376949308,0.0
154.7999999999955,43.309558700000004,19.361126600000002,0.25,0.22216908774488392,0.8333340000000197
154.8999999999955,43.309558700000004,19.361126600000002,0.25,0.208252354277947,0.0
154.99999999999548,43.3716958,19.3889044,0.25,0.2221551570807506,0.27805605605607187
155.09999999999548,43.433832900000006,19.416682200000004,0.25,0.24994685988355808,0.27777800000004205
155.19999999999547,43.433832900000006,19.416682200000004,0.25,0.20828015988356538,0.0
155.29999999999546,43.433832900000006,19.416682200000004,0.25,0.2221690598835675,0.0
155.39999999999546,43.433832900000006,19.416682200000004,0.25,0.20832170195734542,0.0
155.49999999999545,43.6202442,19.5000156,0.25,0.23601608480618955,0.8325014985014905
155.59999999999545,43.6202442,19.5000156,0.25,0.2221271848061892,0.0
155.69999999999544,43.6202442,19.5000156,0.25,0.2221271848061892,0.0
155.79999999999544,43.682381299999996,19.5277934,0.25,0.19459789395131252,0.2777780000000065
155.89999999999543,43.8066555,19.583349000000002,0.25,0.20844480608958618,0.5561121121121793
155.99999999999542,43.8687926,19.6111268,0.25,0.22233370608958652,0.2777780000000065
156.09999999999542,43.9309297,19.638904600000004,0.25,0.2500699087093231,0.2775004995005323
156.1999999999954,43.8687926,19.6111268,0.25,0.2222503724395905,-0.27805605605602834
156.2999999999954,43.8687926,19.6111268,0.25,0.20836147243959013,0.0
156.3999999999954,43.9309297,19.638904600000004,0.25,0.20836147243959013,0.27777800000004205
156.4999999999954,44.117341,19.722238,0.25,0.24998654736466466,0.8325014985014905
156.5999999999954,44.117341,19.722238,0.25,0.22215308043079265,0.0
156.69999999999538,44.117341,19.722238,0.25,0.22215308043079265,0.0
156.79999999999538,44.1794781,19.7500158,0.25,0.19436140540581653,0.2775004995004968
156.89999999999537,44.1794781,19.7500158,0.25,0.19436140540581653,0.0
156.99999999999537,44.241615200000005,19.777793600000003,0.25,0.19433362757803954,0.2775004995005323
157.09999999999536,44.241615200000005,19.777793600000003,0.25,0.18044472757803742,0.0
157.19999999999536,44.4280265,19.861127000000003,0.25,0.22261750085738524,0.8434554655869557
157.29999999999535,44.36588940000001,19.833349200000004,0.25,0.2087286008573849,-0.2777780000000065
157.39999999999534,44.490163599999995,19.8889048,0.25,0.23650640085738378,0.5555559999999775
157.49999999999534,44.490163599999995,19.8889048,0.25,0.19488132593230925,0.0
157.59999999999533,44.6144378,19.9444604,0.25,0.22268693153791821,0.5561121121121793
157.69999999999533,44.5523007,19.9166826,0.25,0.20878412873511856,-0.27805605605599276
157.79999999999532,44.738712,20.000016000000002,0.25,0.23639592594628261,0.8300139442232876
157.89999999999532,44.80084909999999,20.0277938,0.25,0.2225210124169001,0.2786138415245287
157.9999999999953,44.738712,20.000016000000002,0.25,0.19474321241689943,-0.2777780000000065
158.0999999999953,44.738712,20.000016000000002,0.25,0.1808681874418728,0.0
158.1999999999953,44.80084909999999,20.0277938,0.25,0.20865989024467058,0.2777779999999276
158.2999999999953,44.8629862,20.055571600000004,0.25,0.22252106788938236,0.27722355289423517
158.3999999999953,44.987260400000004,20.111127200000002,0.25,0.2364656348232505,0.5566693386774049
158.49999999999528,45.0493975,20.138905,0.25,0.20872945989817632,0.2777780000000065
158.59999999999528,45.1115346,20.1666828,0.25,0.22260448487320117,0.2775004995004968
158.69999999999527,45.1736717,20.194460600000003,0.25,0.2365072876760026,0.27805605605602834
158.79999999999526,45.1736717,20.194460600000003,0.25,0.22263226270097775,0.0
158.89999999999526,45.1736717,20.194460600000003,0.25,0.22263226270097775,0.0
158.99999999999525,45.1115346,20.1666828,0.25,0.19486833772594903,-0.27777800000004205
159.09999999999525,45.2358088,20.222238400000002,0.25,0.2226461377259515,0.5555560000000486
159.19999999999524,45.360083,20.277794,0.25,0.2082511644465964,0.5555559999998552
159.29999999999524,45.484357200000005,20.333349600000002,0.25,0.24989011439664818,0.5550009990010292
159.39999999999523,45.360083,20.277794,0.25,0.1943345143966469,-0.5555560000000486
159.49999999999523,45.360083,20.277794,0.25,0.1943345143966469,0.0
159.59999999999522,45.5464943,20.3611274,0.25,0.20819560879104068,0.8333340000000552
159.6999999999952,45.5464943,20.3611274,0.25,0.2220984115938403,0.0
159.7999999999952,45.484357200000005,20.333349600000002,0.25,0.16675035645645178,-0.27694715852448415
159.8999999999952,45.6707685,20.416683000000003,0.25,0.1946117406089064,0.8358415245736218
159.9999999999952,45.7950427,20.472238600000004,0.25,0.23627844060890918,0.5555560000000486
160.0999999999952,45.732905599999995,20.4444608,0.25,0.22238954060890706,-0.27777800000004205
160.19999999999519,45.732905599999995,20.4444608,0.25,0.20850064060891066,0.0
160.29999999999518,45.919316900000005,20.527794200000002,0.25,0.23630616296420165,0.8333340000000552
160.39999999999517,45.7950427,20.472238600000004,0.25,0.18069489603033076,-0.555556000000013
160.49999999999517,45.981454,20.555572,0.25,0.20847269603033142,0.8333340000000197
160.59999999999516,45.8571798,20.5000164,0.25,0.16681987105530416,-0.5555560000000486
160.69999999999516,46.0435911,20.5833498,0.25,0.19458376825249368,0.8333339999998183
160.79999999999515,46.0435911,20.5833498,0.25,0.19458376825249368,0.0
160.89999999999515,46.0435911,20.5833498,0.25,0.19458376825249368,0.0
160.99999999999514,46.0435911,20.5833498,0.25,0.20847266825249577,0.0
161.09999999999513,46.230002400000004,20.666683200000005,0.25,0.2223199431775714,0.8325014985015614
161.19999999999513,46.230002400000004,20.666683200000005,0.25,0.19454214317757865,0.0
161.29999999999512,46.2921395,20.694461,0.25,0.1806532708722354,0.2772235528941642
161.39999999999512,46.4164137,20.750016600000002,0.25,0.23626453780610984,0.5566693386774405
161.4999999999951,46.3542766,20.7222388,0.25,0.22238951283108324,-0.2775004995005323
161.5999999999951,46.4164137,20.750016600000002,0.25,0.1944878276972865,0.2753002973241208
161.6999999999951,46.4785508,20.7777944,0.25,0.20851701961647545,0.28058383838377815
161.7999999999951,46.5406879,20.805572200000004,0.25,0.23622555518741137,0.27722355289423517
161.8999999999951,46.4785508,20.7777944,0.25,0.1805167454917934,-0.27833466933873807
161.99999999999508,46.6649621,20.861127800000002,0.25,0.19432247842592268,0.8316706586826346
162.09999999999508,46.602825,20.833350000000003,0.25,0.19429464495898968,-0.27833466933870243
162.19999999999507,46.6649621,20.861127800000002,0.25,0.20814200288520995,0.2769471585244057
162.29999999999507,46.6649621,20.861127800000002,0.25,0.16647530288520723,0.0
162.39999999999506,46.7892363,20.9166834,0.25,0.2221985757222283,0.5589094567404082
162.49999999999505,46.7892363,20.9166834,0.25,0.1805318757222273,0.0
162.59999999999505,46.975647599999995,21.0000168,0.25,0.24997637572223247,0.8333340000000552
162.69999999999504,46.9135105,20.972239000000002,0.25,0.1944207757222452,-0.2777779999999276
162.79999999999504,46.85137340000001,20.944461200000003,0.25,0.18057341779602099,-0.27694715852448415
162.89999999999503,46.9135105,20.972239000000002,0.25,0.19450410987224742,0.2786138415245287
162.99999999999503,46.975647599999995,21.0000168,0.25,0.20837913484727225,0.2775004995004968
163.09999999999502,47.0377847,21.027794600000004,0.25,0.18065686272499956,0.27805605605610745
163.19999999999501,47.0999218,21.055572400000003,0.25,0.1943946470969078,0.2747556874381643
163.299999999995,47.0999218,21.055572400000003,0.25,0.18053346945219956,0.0
163.399999999995,47.224196,21.111128,0.25,0.1804778025183282,0.555556000000013
163.499999999995,47.2863331,21.1389058,0.25,0.2082556302961584,0.27805605605607187
163.599999999995,47.3484702,21.166683600000002,0.25,0.20821482491611892,0.2744841897233306
163.699999999995,47.2863331,21.1389058,0.25,0.18014225584829574,-0.2808675429726847
163.79999999999498,47.410607299999995,21.1944614,0.25,0.19394820967769416,0.5533426294822035
163.89999999999498,47.4727444,21.222239200000004,0.25,0.22182363661196822,0.2791738693467429
163.99999999999497,47.410607299999995,21.1944614,0.25,0.1663650787028098,-0.2775004995005323
164.09999999999496,47.4727444,21.222239200000004,0.25,0.194129170095967,0.27694715852444113
164.19999999999496,47.5970186,21.2777948,0.25,0.2081431963221978,0.5572276830490218
164.29999999999495,47.5348815,21.250017000000003,0.25,0.19424039351939598,-0.2780560560560363
164.39999999999495,47.5970186,21.2777948,0.25,0.18016994565739866,0.27750049950046135
164.49999999999494,47.6591557,21.3055726,0.25,0.19407274846020403,0.27805605605610745
164.59999999999494,47.7212928,21.3333504,0.25,0.1662949484602016,0.2777780000000065
164.69999999999493,47.7212928,21.3333504,0.25,0.180183848460198,0.0
164.79999999999492,47.7212928,21.3333504,0.25,0.19403120638642218,0.0
164.89999999999492,47.9077041,21.4166838,0.25,0.22185071471100293,0.8350040080161429
164.9999999999949,47.845567,21.388906000000002,0.25,0.19408678973597776,-0.2777780000000065
165.0999999999949,47.845567,21.388906000000002,0.25,0.18018398693317236,0.0
165.1999999999949,47.9077041,21.4166838,0.25,0.18033510256126056,0.2777779999999276
165.2999999999949,48.09411540000001,21.500017200000002,0.25,0.22196017748633684,0.832501498501526
165.3999999999949,48.09411540000001,21.500017200000002,0.25,0.19418237748633618,0.0
165.49999999999488,48.0319783,21.4722394,0.25,0.16639067468353047,-0.27777800000004205
165.59999999999488,48.09411540000001,21.500017200000002,0.25,0.16655536519736605,0.27777800000004205
165.69999999999487,48.218389599999995,21.5555728,0.25,0.2082934581984409,0.5538943170488114
165.79999999999487,48.218389599999995,21.5555728,0.25,0.18062632672433068,0.0
165.89999999999486,48.218389599999995,21.5555728,0.25,0.16666763325699357,0.0
165.99999999999486,48.218389599999995,21.5555728,0.25,0.18054265823202015,0.0
166.09999999999485,48.404800900000005,21.638906200000005,0.25,0.20844550070660706,0.8350040080161786
166.19999999999484,48.466938,21.666684000000004,0.25,0.19447301655415233,0.2777779999999276
166.29999999999484,48.404800900000005,21.638906200000005,0.25,0.19448691935695378,-0.2777780000000065
166.39999999999483,48.404800900000005,21.638906200000005,0.25,0.18061189438193073,0.0
166.49999999999483,48.5290751,21.6944618,0.25,0.1945146971847308,0.5561121121121082
166.59999999999482,48.466938,21.666684000000004,0.25,0.16673689718473192,-0.277777999999971
166.69999999999482,48.6533493,21.7500174,0.25,0.20840359718472107,0.8333339999997827
166.7999999999948,48.5912122,21.7222396,0.25,0.1945424195400111,-0.2772235528941997
166.8999999999948,48.7154864,21.777795200000003,0.25,0.18062568607307597,0.5566693386774405
166.9999999999948,48.7154864,21.777795200000003,0.25,0.1945145860730763,0.0
167.0999999999948,48.8397606,21.8333508,0.25,0.22229238607307694,0.555556000000013
167.1999999999948,48.7154864,21.777795200000003,0.25,0.1806256860730878,-0.5555559999998552
167.29999999999478,48.9018977,21.861128600000004,0.25,0.18058414408214324,0.8316706586826346
167.39999999999478,48.9640348,21.8889064,0.25,0.19450087754907658,0.27833466933866685
167.49999999999477,48.8397606,21.8333508,0.25,0.18063972759902902,-0.5550009990009936
167.59999999999476,48.9018977,21.861128600000004,0.25,0.18065363040183227,0.27805605605610745
167.69999999999476,49.088309,21.944462,0.25,0.19458398947445438,0.8325014985012541
167.79999999999475,49.0261719,21.916684200000002,0.25,0.18069508947445406,-0.2777780000000065
167.89999999999475,49.0261719,21.916684200000002,0.25,0.18069508947445406,0.0
167.99999999999474,49.088309,21.944462,0.25,0.1945839894744544,0.2777780000000065
168.09999999999474,49.150446099999996,21.9722398,0.25,0.16672268907364582,0.2777780000000065
168.19999999999473,49.212583200000005,22.000017600000003,0.25,0.1667226890736476,0.2777779999999631
168.29999999999472,49.33685740000001,22.055573200000005,0.25,0.2083893890736504,0.5555560000000486
168.39999999999472,49.33685740000001,22.055573200000005,0.25,0.2083893890736504,0.0
168.4999999999947,49.33685740000001,22.055573200000005,0.25,0.18058378346804493,0.0
168.5999999999947,49.3989945,22.083351,0.25,0.20836158346804204,0.277777999999971
168.6999999999947,49.461131599999995,22.1111288,0.25,0.18043266783996106,0.2747556874381643
168.7999999999947,49.3989945,22.083351,0.25,0.18026465356548216,-0.28058383838377815
168.8999999999947,49.3989945,22.083351,0.25,0.15243118663161015,0.0
168.99999999999469,49.5232687,22.138906600000002,0.25,0.18020898663161258,0.5555560000000486
169.09999999999468,49.5854058,22.1666844,0.25,0.1662785445578322,0.2769471585244057
169.19999999999467,49.5232687,22.138906600000002,0.25,0.18012565248159854,-0.2786138415245287
169.29999999999467,49.647542900000005,22.194462200000004,0.25,0.16631991954746922,0.5555560000000486
169.39999999999466,49.70968,22.222240000000003,0.25,0.16629208608053622,0.2777780000000065
169.49999999999466,49.70968,22.222240000000003,0.25,0.1940421360305859,0.0
169.59999999999465,49.70968,22.222240000000003,0.25,0.18013933322778053,0.0
169.69999999999465,49.7718171,22.250017800000002,0.25,0.15240315830271417,0.2777779999999276
169.79999999999464,49.8339542,22.2777956,0.25,0.18018095830271488,0.2777780000000065
169.89999999999463,49.8960913,22.3055734,0.25,0.1940559832777397,0.2775004995004968
169.99999999999463,49.8960913,22.3055734,0.25,0.18016708327773934,0.0
170.09999999999462,49.8960913,22.3055734,0.25,0.16627818327773905,0.0
170.19999999999462,49.9582284,22.333351200000003,0.25,0.16626430825276356,0.2775004995004535
170.2999999999946,50.0825026,22.3889068,0.25,0.16629211385836828,0.5561121121121437
170.3999999999946,50.0825026,22.3889068,0.25,0.16629211385836828,0.0
170.4999999999946,50.0825026,22.3889068,0.25,0.16629211385836828,0.0
170.5999999999946,50.2067768,22.444462400000003,0.25,0.18018101385837215,0.5555560000000486
170.6999999999946,50.1446397,22.416684600000004,0.25,0.1525264960195328,-0.2783346693386232
170.79999999999458,50.2067768,22.444462400000003,0.25,0.18041686558343167,0.2772235528941997
170.89999999999458,50.2689139,22.472240200000005,0.25,0.1943335990503686,0.27833466933873807
170.99999999999457,50.2689139,22.472240200000005,0.25,0.16655579905036616,0.0
171.09999999999457,50.331051,22.500018,0.25,0.16676603221726344,0.2811518218623515
171.19999999999456,50.331051,22.500018,0.08,0.0,0.0
171.29999999999455,50.455325200000004,22.555573600000002,0.08,0.2747556874381819,0.5495113748763638
171.39999999999455,50.393188099999996,22.5277958,0.08,0.08954794396786614,-0.2808675429727654
171.49999999999454,50.2689139,22.472240200000005,0.08,-0.07172804202409477,-0.5555559999999775
171.59999999999454,50.455325200000004,22.555573600000002,0.08,0.108951698117244,0.8316706586825992
171.69999999999453,50.455325200000004,22.555573600000002,0.08,0.09079308176437001,0.0
171.79999999999453,50.393188099999996,22.5277958,0.08,0.03817971301224111,-0.2775004995005323
171.89999999999452,50.331051,22.500018,0.08,-0.0014544479014331549,-0.278893574297153
171.99999999999451,50.331051,22.500018,0.08,-0.0012928425790516933,0.0
172.0999999999945,50.393188099999996,22.5277958,0.08,0.02661424167885413,0.2777780000000065
172.1999999999945,50.455325200000004,22.555573600000002,0.08,0.049396906334797853,0.27722355289423517
172.2999999999945,50.331051,22.500018,0.08,-0.0011086140828754643,-0.556669338677282
172.3999999999945,50.331051,22.500018,0.08,-0.0010233360765004285,0.0
172.4999999999945,50.455325200000004,22.555573600000002,0.08,0.038851736718196174,0.557227683049252
172.59999999999448,50.393188099999996,22.5277958,0.08,0.017743087603646956,-0.27777800000004205
172.69999999999447,50.393188099999996,22.5277958,0.08,0.01663414462841902,0.0
172.79999999999447,50.331051,22.500018,0.08,-0.0006516022846761972,-0.2772235528941997
172.89999999999446,50.455325200000004,22.555573600000002,0.08,0.030310672213219172,0.5566693386774405
172.99999999999446,50.393188099999996,22.5277958,0.08,0.014095478938837003,-0.27777800000004205
173.09999999999445,50.393188099999996,22.5277958,0.08,0.013390704991895153,0.0
173.19999999999445,50.455325200000004,22.555573600000002,0.08,0.02727960499189331,0.2777779999999631
173.29999999999444,50.455325200000004,22.555573600000002,0.08,-0.00019596375192487692,0.0
173.39999999999444,50.331051,22.500018,0.08,-0.013902636553338066,-0.5550009990010292
173.49999999999443,50.331051,22.500018,0.08,0.013875163446660815,0.0
173.59999999999442,50.455325200000004,22.555573600000002,0.08,4.1680462582305286e-05,0.5550009990010292
173.69999999999442,50.455325200000004,22.555573600000002,0.08,4.1680462582305286e-05,0.0
173.7999999999944,50.455325200000004,22.555573600000002,0.08,0.013916705437608926,0.0
173.8999999999944,50.393188099999996,22.5277958,0.08,0.013972484152464475,-0.27777800000004205
173.9999999999944,50.331051,22.500018,0.08,5.575068552935436e-05,-0.27833466933870243
174.0999999999944,50.331051,22.500018,0.08,-0.013833149314470975,0.0
174.1999999999944,50.331051,22.500018,0.08,-0.02769432695918273,0.0
174.29999999999438,50.331051,22.500018,0.08,0.00013913997468136818,0.0
174.39999999999438,50.331051,22.500018,0.08,0.00013913997468136818,0.0
174.49999999999437,50.455325200000004,22.555573600000002,0.08,2.7805772270222962e-05,0.5550009990010292
174.59999999999437,50.331051,22.500018,0.08,-0.0138610942277301,-0.5555560000000486
174.69999999999436,50.455325200000004,22.555573600000002,0.08,0.013944511377870953,0.556112112112021
174.79999999999436,50.331051,22.500018,0.08,8.333373315919101e-05,-0.5544471057884349
174.89999999999435,50.331051,22.500018,0.08,-0.027750133200712835,0.0
174.99999999999434,50.331051,22.500018,0.08,-0.013861233200710732,0.0
175.09999999999434,50.331051,22.500018,0.08,-0.013861233200710732,0.0
175.19999999999433,50.455325200000004,22.555573600000002,0.08,2.7666799285647192e-05,0.5555559999998907
175.29999999999433,50.455325200000004,22.555573600000002,0.08,2.7666799285647192e-05,0.0
175.39999999999432,50.331051,22.500018,0.08,2.7666799285647192e-05,-0.5550009990010292
175.49999999999432,50.393188099999996,22.5277958,0.08,0.01393046960208924,0.27805605605607187
175.5999999999943,50.455325200000004,22.555573600000002,0.08,6.931965203988422e-05,0.27777800000004205
175.6999999999943,50.331051,22.500018,0.08,-0.027680730298003692,-0.5550009990008715
175.7999999999943,50.393188099999996,22.5277958,0.08,-0.013777927495200099,0.27805605605607187
175.8999999999943,50.331051,22.500018,0.08,-0.013777927495198322,-0.2777780000000065
175.9999999999943,50.455325200000004,22.555573600000002,0.08,0.027888855921788257,0.5550009990010292
176.09999999999428,50.331051,22.500018,0.08,0.0001110559217858298,-0.5555560000000486
176.19999999999428,50.455325200000004,22.555573600000002,0.08,0.027916661527386883,0.556112112112021
176.29999999999427,50.331051,22.500018,0.08,0.0002770595373314699,-0.5527920398011082
176.39999999999426,50.331051,22.500018,0.08,0.0002770595373314699,0.0
176.49999999999426,50.393188099999996,22.5277958,0.08,-0.013597965437695148,0.2775004995004968
176.59999999999425,50.331051,22.500018,0.08,0.00031865691759729584,-0.2772235528941997
176.69999999999425,50.331051,22.500018,0.08,-0.027486948688003755,0.0
176.79999999999424,50.393188099999996,22.5277958,0.08,0.01415214006834915,0.2783346693386232
176.89999999999424,50.2689139,22.472240200000005,0.08,-0.013570215221069049,-0.554447105788364
176.99999999999423,50.393188099999996,22.5277958,0.08,0.014207584778929827,0.5555559999999775
177.09999999999422,50.331051,22.500018,0.08,0.00029085131199470536,-0.27833466933870243
177.19999999999422,50.331051,22.500018,0.08,-0.027486948687999828,0.0
177.2999999999942,50.331051,22.500018,0.08,-0.027486948687999828,0.0
177.3999999999942,50.393188099999996,22.5277958,0.08,0.014000885633959844,0.2747556874381643
177.4999999999942,50.331051,22.500018,0.08,-0.013763094813553733,-0.2772235528941997
177.5999999999942,50.331051,22.500018,0.08,-0.027651994813555836,0.0
177.6999999999942,50.393188099999996,22.5277958,0.08,0.01398695513648412,0.2777779999999276
177.79999999999418,50.455325200000004,22.555573600000002,0.08,0.013986955136485898,0.27805605605610745
177.89999999999418,50.2689139,22.472240200000005,0.08,-0.013749219788588295,-0.8325014985014905
177.99999999999417,50.393188099999996,22.5277958,0.08,-0.01372146973864088,0.5555559999999775
178.09999999999417,50.331051,22.500018,0.08,0.00015352745855795602,-0.27805605605607187
178.19999999999416,50.393188099999996,22.5277958,0.08,-0.013763178147046713,0.2777779999999276
178.29999999999416,50.331051,22.500018,0.08,1.398867983853913e-06,-0.2775004995004968
178.39999999999415,50.393188099999996,22.5277958,0.08,0.013876423843008695,0.2775004995004968
178.49999999999415,50.455325200000004,22.555573600000002,0.08,0.013904201670789226,0.27805605605610745
178.59999999999414,50.331051,22.500018,0.08,0.0002626070382703904,-0.5500554455445763
178.69999999999413,50.331051,22.500018,0.08,0.0002626070382703904,0.0
178.79999999999413,50.2689139,22.472240200000005,0.08,-0.02752915140368383,-0.27750049950046135
178.89999999999412,50.393188099999996,22.5277958,0.08,0.02797100388573325,0.5555559999999775
178.99999999999412,50.455325200000004,22.555573600000002,0.08,0.014082103885736469,0.27777800000004205
179.0999999999941,50.331051,22.500018,0.08,0.0001932317470626277,-0.5561121121121793
179.1999999999941,50.331051,22.500018,0.08,0.0001932317470626277,0.0
179.2999999999941,50.393188099999996,22.5277958,0.08,0.014040589673282913,0.2769471585244057
179.3999999999941,50.393188099999996,22.5277958,0.08,0.00030280530137469507,0.0
179.4999999999941,50.331051,22.500018,0.08,0.00034418195106177273,-0.2763960199004583
179.59999999999408,50.393188099999996,22.5277958,0.08,0.014246984753865367,0.27805605605607187
179.69999999999408,50.393188099999996,22.5277958,0.08,0.00035808475386897576,0.0
179.79999999999407,50.331051,22.500018,0.08,-0.02744752085173998,-0.27805605605607187
179.89999999999407,50.331051,22.500018,0.08,0.014177554073334542,0.0
179.99999999999406,50.331051,22.500018,0.08,-0.01360024592666434,0.0
180.09999999999405,50.331051,22.500018,0.08,0.0003025568761392594,0.0
180.19999999999405,50.393188099999996,22.5277958,0.08,0.00030255687613925386,0.2777779999999276
180.29999999999404,50.455325200000004,22.555573600000002,0.08,0.028052606826190707,0.2775004995005323
180.39999999999404,50.331051,22.500018,0.08,-0.013628023754443094,-0.5561121121121793
180.49999999999403,50.331051,22.500018,0.08,-0.027530826557248467,0.0
180.59999999999403,50.331051,22.500018,0.08,-2.8054280019651488e-05,0.0
180.69999999999402,50.393188099999996,22.5277958,0.08,0.013860845719976728,0.2777779999999276
180.79999999999401,50.2689139,22.472240200000005,0.08,-1.4179255048113459e-05,-0.5550009990009581
180.899999999994,50.331051,22.500018,0.08,-0.014026964388844463,0.2753002973240504
180.999999999994,50.2067768,22.444462400000003,0.08,-0.05597424822723244,-0.5611676767677174
181.099999999994,50.393188099999996,22.5277958,0.08,0.013498057378377509,0.8333340000000197
181.199999999994,50.393188099999996,22.5277958,0.08,0.013498057378377509,0.0
181.299999999994,50.2689139,22.472240200000005,0.08,-0.028154906153448185,-0.5561121121121082
181.39999999999398,50.2689139,22.472240200000005,0.08,-0.028154906153448185,0.0
181.49999999999397,50.331051,22.500018,0.08,-0.00044620515842672126,0.277777999999971
181.59999999999397,50.331051,22.500018,0.08,-0.014349007961230315,0.0
181.69999999999396,50.393188099999996,22.5277958,0.08,-0.0004601079612339354,0.2777779999999276
181.79999999999396,50.331051,22.500018,0.08,-0.0004462051584306681,-0.2777780000000065
181.89999999999395,50.2689139,22.472240200000005,0.08,-0.014335105158429218,-0.277777999999971
181.99999999999395,50.393188099999996,22.5277958,0.08,0.013442694841569658,0.5555559999999775
182.09999999999394,50.2689139,22.472240200000005,0.08,-0.014335105158429218,-0.5555559999999775
182.19999999999393,50.331051,22.500018,0.08,-0.014335105158431,0.27777799999989206
182.29999999999393,50.2689139,22.472240200000005,0.08,-0.04209903013345616,-0.277777999999971
182.39999999999392,50.331051,22.500018,0.08,-0.0004322468831389814,0.2772235528941642
182.49999999999392,50.393188099999996,22.5277958,0.08,0.01348448658379614,0.27833466933870243
182.5999999999939,50.2689139,22.472240200000005,0.08,-0.01421022926864266,-0.553894317048776
182.6999999999939,50.2689139,22.472240200000005,0.08,-0.028099129268639046,0.0
182.7999999999939,50.2689139,22.472240200000005,0.08,-0.00034907931859113337,0.0
182.8999999999939,50.331051,22.500018,0.08,-0.00021129138199184327,0.2780560560560363
182.9999999999939,50.331051,22.500018,0.08,0.02784709245639403,0.0
183.09999999999388,50.393188099999996,22.5277958,0.08,6.92924563933689e-05,0.2777780000000065
183.19999999999388,50.331051,22.500018,0.08,-0.013819607543603011,-0.2777779999999276
183.29999999999387,50.331051,22.500018,0.08,0.013985998062002397,0.0
183.39999999999387,50.2689139,22.472240200000005,0.08,5.5305985777742706e-05,-0.2786138415244931
183.49999999999386,50.331051,22.500018,0.08,2.7583630487407196e-05,0.2772235528941642
183.59999999999386,50.2689139,22.472240200000005,0.08,-0.013889149836445935,-0.27833466933866685
183.69999999999385,50.331051,22.500018,0.08,-0.013889149836447706,0.27777799999989206
183.79999999999384,50.393188099999996,22.5277958,0.08,0.013888650163552941,0.2777780000000065
183.89999999999384,50.393188099999996,22.5277958,0.08,0.02777755016355149,0.0
183.99999999999383,50.2067768,22.444462400000003,0.08,-0.04158378277057734,-0.8316706586825992
184.09999999999383,50.2067768,22.444462400000003,0.08,-0.013805982770578467,0.0
184.19999999999382,50.331051,22.500018,0.08,5.516717946873473e-05,0.5550009990008361
184.29999999999382,50.2067768,22.444462400000003,0.08,-0.013833732820533374,-0.555556000000013
184.3999999999938,50.2689139,22.472240200000005,0.08,-0.013792107662436206,0.27805605605610745
184.4999999999938,50.331051,22.500018,0.08,-0.01381994112937277,0.277777999999971
184.5999999999938,50.331051,22.500018,0.08,0.013874774723066021,0.0
184.6999999999938,50.2689139,22.472240200000005,0.08,-1.412527692858101e-05,-0.27777799999989206
184.7999999999938,50.2067768,22.444462400000003,0.08,-0.013903025276930683,-0.27777800000004205
184.89999999999378,50.331051,22.500018,0.08,-2.8028079731845512e-05,0.555556000000013
184.99999999999378,50.2689139,22.472240200000005,0.08,-0.013916928079730394,-0.277777999999971
185.09999999999377,50.331051,22.500018,0.08,-0.013916928079732166,0.277777999999971
185.19999999999376,50.2067768,22.444462400000003,0.08,-0.0277780780297776,-0.5550009990008361
185.29999999999376,50.331051,22.500018,0.08,-2.780297769511275e-07,0.555556000000013
185.39999999999375,50.393188099999996,22.5277958,0.08,0.027805439021472544,0.2775004995004968
185.49999999999375,50.331051,22.500018,0.08,2.7527909829216933e-05,-0.27833466933870243
185.59999999999374,50.331051,22.500018,0.08,0.013944261376762562,0.0
185.69999999999374,50.2689139,22.472240200000005,0.08,-0.013819663598251167,-0.2775004995003825
185.79999999999373,50.2689139,22.472240200000005,0.08,-0.027708563598251502,0.0
185.89999999999372,50.331051,22.500018,0.08,-0.013805760795449687,0.2780560560560363
185.99999999999372,50.2689139,22.472240200000005,0.08,0.013874969335878465,-0.2780560560560363
186.0999999999937,50.2689139,22.472240200000005,0.08,0.013874969335878465,0.0
186.1999999999937,50.2067768,22.444462400000003,0.08,-0.027612864986073314,-0.27475568743819945
186.2999999999937,50.331051,22.500018,0.08,0.028251689311192207,0.5617350859452975
186.3999999999937,50.2689139,22.472240200000005,0.08,0.0004877088636786292,-0.2772235528941642
186.4999999999937,50.331051,22.500018,0.08,0.0005155423306134249,0.27833466933866685
186.59999999999368,50.2067768,22.444462400000003,0.08,-0.02720681295880655,-0.5544471057883994
186.69999999999368,50.2067768,22.444462400000003,0.08,-0.013317912958811944,0.0
186.79999999999367,50.331051,22.500018,0.08,0.028376592646797344,0.5561121121121437
186.89999999999367,50.331051,22.500018,0.08,0.0005987926467966864,0.0
186.99999999999366,50.331051,22.500018,0.08,0.014487692646795242,0.0
187.09999999999366,50.2067768,22.444462400000003,0.08,-0.027123562642623285,-0.5544471057883994
187.19999999999365,50.2067768,22.444462400000003,0.08,0.0006264873074185217,0.0
187.29999999999364,50.331051,22.500018,0.08,0.0007100714598707481,0.5572276830490575
187.39999999999364,50.2689139,22.472240200000005,0.08,-0.027053853515152642,-0.277777999999971
187.49999999999363,50.2067768,22.444462400000003,0.08,-0.027026020048219628,-0.27777800000004205
187.59999999999363,50.2067768,22.444462400000003,0.08,-0.027026020048219628,0.0
187.69999999999362,50.2067768,22.444462400000003,0.08,-0.013150995073200496,0.0
187.79999999999362,50.2689139,22.472240200000005,0.08,0.0006140197930016661,0.27530029732404326
187.8999999999936,50.331051,22.500018,0.08,0.0007262523080593497,0.28030070635718995
187.9999999999936,50.2067768,22.444462400000003,0.08,-0.013176550494746022,-0.5561121121121437
188.0999999999936,50.2067768,22.444462400000003,0.08,-0.013176550494746022,0.0
188.1999999999936,50.331051,22.500018,0.08,0.028255949729604525,0.5538943170488114
188.2999999999936,50.2067768,22.444462400000003,0.08,-0.02763641017325963,-0.5561121121119855
188.39999999999358,50.2067768,22.444462400000003,0.08,-0.01377523252855142,0.0
188.49999999999358,50.2067768,22.444462400000003,0.08,-0.027691965995484763,0.0
188.59999999999357,50.2067768,22.444462400000003,0.08,3.038929393520684e-05,0.0
188.69999999999357,50.2689139,22.472240200000005,0.08,0.013905414268961821,0.2775004995005323
188.79999999999356,50.2689139,22.472240200000005,0.08,-0.013900191336645365,0.0
188.89999999999355,50.2689139,22.472240200000005,0.08,-0.013900191336645365,0.0
188.99999999999355,50.2067768,22.444462400000003,0.08,-0.027789091336647465,-0.27777800000004205
189.09999999999354,50.331051,22.500018,0.08,0.027711063952773153,0.555556000000013
189.19999999999354,50.2067768,22.444462400000003,0.08,-6.673604721960658e-05,-0.5555559999998552
189.29999999999353,50.2689139,22.472240200000005,0.08,-0.014039220199670377,0.27777800000004205
189.39999999999353,50.2067768,22.444462400000003,0.08,-0.014039220199673927,-0.27777800000004205
189.49999999999352,50.331051,22.500018,0.08,0.027627479800328824,0.555556000000013
189.5999999999935,50.331051,22.500018,0.08,0.027627479800328824,0.0
189.6999999999935,50.331051,22.500018,0.08,0.027627479800328824,0.0
189.7999999999935,50.1446397,22.416684600000004,0.08,-0.027804235065874316,-0.8333340000000197
189.8999999999935,50.2067768,22.444462400000003,0.08,-0.02793037038373349,0.2777780000000065
189.9999999999935,50.2689139,22.472240200000005,0.08,0.013736412866585456,0.27722355289423517
190.09999999999349,50.2067768,22.444462400000003,0.08,-0.00018032060035144681,-0.27833466933873807
190.19999999999348,50.2067768,22.444462400000003,0.08,-0.027875036452792025,0.0
190.29999999999347,50.2689139,22.472240200000005,0.08,0.013833371955608676,0.27805605605602834
190.39999999999347,50.2067768,22.444462400000003,0.08,-6.943084719669701e-05,-0.27805605605610745
190.49999999999346,50.331051,22.500018,0.08,0.027708369152803957,0.555556000000013
190.59999999999346,50.331051,22.500018,0.08,0.027708369152803957,0.0
190.69999999999345,50.2689139,22.472240200000005,0.08,-6.945862502052147e-05,-0.2780560560559572
190.79999999999345,50.2067768,22.444462400000003,0.08,-0.013958358625022625,-0.27777800000004205
190.89999999999344,50.2067768,22.444462400000003,0.08,-0.013958358625022625,0.0
190.99999999999343,50.2689139,22.472240200000005,0.08,0.013805566350006095,0.2775004995005323
191.09999999999343,50.2689139,22.472240200000005,0.08,-0.013972233649994555,0.0
191.19999999999342,50.2067768,22.444462400000003,0.08,-9.723645280321491e-05,-0.27805605605602834
191.29999999999342,50.2067768,22.444462400000003,0.08,-0.01398613645280532,0.0
191.3999999999934,50.2689139,22.472240200000005,0.08,0.013791663547198888,0.27777800000004205
191.4999999999934,50.2067768,22.444462400000003,0.08,-0.02787503645280387,-0.27777800000004205
191.5999999999934,50.2067768,22.444462400000003,0.08,-0.02787503645280387,0.0
191.6999999999934,50.2689139,22.472240200000005,0.08,-0.013986136452805715,0.2777779999999631
191.7999999999934,50.2067768,22.444462400000003,0.08,0.013791663547193161,-0.27777800000004205
191.89999999999338,50.331051,22.500018,0.08,0.027625118836612804,0.5544471057883994
191.99999999999338,50.2067768,22.444462400000003,0.08,-0.01406952574196919,-0.5566693386774049
192.09999999999337,50.1446397,22.416684600000004,0.08,-0.014041692275032613,-0.2777780000000065
192.19999999999337,50.2689139,22.472240200000005,0.08,0.013708357675010963,0.5550009990008715
192.29999999999336,50.2067768,22.444462400000003,0.08,-0.014083345127792557,-0.27777800000004205
192.39999999999336,50.2689139,22.472240200000005,0.08,0.013722260477818184,0.27805605605610745
192.49999999999335,50.2689139,22.472240200000005,0.08,-0.014055539522182466,0.0
192.59999999999334,50.2067768,22.444462400000003,0.08,-0.02791671716689422,-0.27722355289423517
192.69999999999334,50.2067768,22.444462400000003,0.08,-0.014013914364096361,0.0
192.79999999999333,50.2067768,22.444462400000003,0.08,-0.0001250143640942586,0.0
192.89999999999333,50.2689139,22.472240200000005,0.08,0.013918362784539975,0.2808675429726847
192.99999999999332,50.1446397,22.416684600000004,0.08,-0.027734462190489074,-0.5555560000000486
193.09999999999332,50.2067768,22.444462400000003,0.08,-0.01383165938768548,0.27805605605607187
193.1999999999933,50.2067768,22.444462400000003,0.08,7.114341511594014e-05,0.0
193.2999999999933,50.2689139,22.472240200000005,0.08,0.013960043415118042,0.27777800000004205
193.3999999999933,50.2689139,22.472240200000005,0.08,7.114341511593736e-05,0.0
193.4999999999933,50.2067768,22.444462400000003,0.08,8.501844009142778e-05,-0.2775004995005323
193.5999999999933,50.1446397,22.416684600000004,0.08,-0.013803881559908898,-0.2777780000000065
193.69999999999328,50.2689139,22.472240200000005,0.08,0.00011282404569399884,0.556112112112021
193.79999999999328,50.2689139,22.472240200000005,0.08,0.014001724045696102,0.0
193.89999999999327,50.2067768,22.444462400000003,0.08,-0.027609531243725966,-0.27777800000004205
193.99999999999326,50.2067768,22.444462400000003,0.08,0.00022393569014427238,0.0
194.09999999999326,50.2689139,22.472240200000005,0.08,0.0280017356901467,0.27777800000004205
194.19999999999325,50.2689139,22.472240200000005,0.08,0.00025168574010311917,0.0
194.29999999999325,50.2067768,22.444462400000003,0.08,0.00027940809538953837,-0.2772235528943138
194.39999999999324,50.331051,22.500018,0.08,0.014237989445037036,0.5572276830490575
194.49999999999324,50.1446397,22.416684600000004,0.08,-0.027387085480037487,-0.8325014985014905
194.59999999999323,50.2689139,22.472240200000005,0.08,0.01427969777028324,0.5561121121121793
194.69999999999322,50.2689139,22.472240200000005,0.08,0.01427969777028324,0.0
194.79999999999322,50.2067768,22.444462400000003,0.08,0.000390797770285084,-0.2777779999999631
194.8999999999932,50.2067768,22.444462400000003,0.08,-0.013652579378349156,0.0
194.9999999999932,50.2689139,22.472240200000005,0.08,0.02804195408859018,0.27833466933873807
195.0999999999932,50.2067768,22.444462400000003,0.08,0.00025025128578448077,-0.27777800000004205
195.1999999999932,50.1446397,22.416684600000004,0.08,-0.013638648714211898,-0.2777779999999276
195.2999999999932,50.2689139,22.472240200000005,0.08,0.0002502512857884276,0.5555560000000486
195.39999999999318,50.2689139,22.472240200000005,0.08,0.0002502512857884276,0.0
195.49999999999318,50.1446397,22.416684600000004,0.08,-0.013652523739187383,-0.5555560000000486
195.59999999999317,50.2689139,22.472240200000005,0.08,0.028041981866421907,0.5561121121121793
195.69999999999317,50.2689139,22.472240200000005,0.08,0.00023637626082085306,0.0
195.79999999999316,50.2689139,22.472240200000005,0.08,0.00023637626082085306,0.0
195.89999999999316,50.1446397,22.416684600000004,0.08,-0.013486850975762304,-0.5522425447317052
195.99999999999315,50.1446397,22.416684600000004,0.08,-0.013486850975762304,0.0
196.09999999999314,50.2067768,22.444462400000003,0.08,-0.015792014528725713,0.2316747289407739
196.19999999999314,50.2689139,22.472240200000005,0.08,0.0016126220627533522,0.3480927318295813
196.29999999999313,50.2067768,22.444462400000003,0.08,0.0038997163741323103,-0.23148166666673461
196.39999999999313,50.1446397,22.416684600000004,0.08,-0.03782284542303055,-0.2772235528941997
196.49999999999312,50.2689139,22.472240200000005,0.08,0.03160783510764502,0.556112112112021
196.59999999999312,50.2689139,22.472240200000005,0.08,0.003802229502036064,0.0
196.6999999999931,50.1446397,22.416684600000004,0.08,-0.019326663087471874,-0.46257785179015876
196.7999999999931,50.1446397,22.416684600000004,0.08,-0.005437763087473718,0.0
196.8999999999931,50.1446397,22.416684600000004,0.08,-0.005437763087473718,0.0
196.9999999999931,50.2067768,22.444462400000003,0.08,-0.005465596554410296,0.2777780000000065
197.0999999999931,50.0825026,22.3889068,0.08,-0.014744169448487065,-0.46334945788157744
197.19999999999308,50.2067768,22.444462400000003,0.08,0.026922530551511736,0.5555560000000486
197.29999999999308,50.2689139,22.472240200000005,0.08,0.01650585555150824,0.34722249999997856
197.39999999999307,50.2689139,22.472240200000005,0.08,0.01650585555150824,0.0
197.49999999999307,50.2067768,22.444462400000003,0.08,0.030394755551508564,-0.27777800000004205
197.59999999999306,50.1446397,22.416684600000004,0.08,-0.008984933387432904,-0.23148166666665018
197.69999999999305,50.1446397,22.416684600000004,0.08,-0.008984933387432904,0.0
197.79999999999305,50.2067768,22.444462400000003,0.08,0.008376191612563803,0.34722249999993415
197.89999999999304,50.2689139,22.472240200000005,0.08,0.04984949649386082,0.27722355289423517
197.99999999999304,50.1446397,22.416684600000004,0.08,0.022043890888251854,-0.5561121121121793
198.09999999999303,50.1446397,22.416684600000004,0.08,0.010460154441213166,0.0
198.19999999999303,50.1446397,22.416684600000004,0.08,-0.006944482150265896,0.0
198.29999999999302,50.1446397,22.416684600000004,0.08,0.004629601183070831,0.0
198.399999999993,50.1446397,22.416684600000004,0.08,0.01849077882778082,0.0
198.499999999993,50.2067768,22.444462400000003,0.08,0.002259256555512275,0.23148166666665018
198.599999999993,50.2689139,22.472240200000005,0.08,0.016148156555514374,0.27777800000004205
198.699999999993,50.1446397,22.416684600000004,0.08,0.00451134201110785,-0.6953141426782893
198.799999999993,50.0825026,22.3889068,-0.25,-0.27777800000004205,-0.27777800000004205
198.89999999999299,50.1446397,22.416684600000004,-0.25,-0.00027722355290343836,0.27722355289423517
198.99999999999298,50.331051,22.500018,-0.25,0.23168329782059827,0.6956043405676017
199.09999999999297,49.8339542,22.2777956,-0.25,-0.5198155541003274,-2.7743121098631045
199.19999999999297,49.8960913,22.3055734,-0.25,-0.3602412320690634,0.27805605605599276
199.29999999999296,49.9582284,22.333351200000003,-0.25,-0.2543630729288352,0.27502772277230575
199.39999999999296,49.70968,22.222240000000003,-0.25,-0.351412285799746,-0.9337075630252106
199.49999999999295,49.7718171,22.250017800000002,-0.25,-0.27279818763721564,0.2775004995004968
199.59999999999295,49.7718171,22.250017800000002,-0.25,-0.24248727789974722,0.0
199.69999999999294,49.5854058,22.1666844,-0.25,-0.30157195010975435,-0.8333339999998183
199.79999999999293,49.5232687,22.138906600000002,-0.25,-0.29516509153829057,-0.23109650582365274
199.89999999999293,49.461131599999995,22.1111288,-0.25,-0.2937625563549879,-0.2783346693386588
199.99999999999292,49.33685740000001,22.055573200000005,-0.25,-0.3245175925942742,-0.6935780274657095
200.09999999999292,49.212583200000005,22.000017600000003,-0.25,-0.3410600582741245,-0.5561121121121793
200.1999999999929,49.150446099999996,21.9722398,-0.25,-0.33375483216696156,-0.2314816666666798
200.2999999999929,49.088309,21.944462,-0.25,-0.33025628015652686,-0.2777780000000065
200.3999999999929,48.8397606,21.8333508,-0.25,-0.3761236753238904,-1.1100019980017075
200.4999999999929,48.8397606,21.8333508,-0.25,-0.3552279155836743,0.0
200.5999999999929,48.7776235,21.805573000000003,-0.25,-0.3511369989477176,-0.2775004995004968
200.69999999999288,48.6533493,21.7500174,-0.25,-0.3613857546059407,-0.5561121121121793
200.79999999999288,48.5912122,21.7222396,-0.25,-0.3613857546059389,-0.2777780000000065
200.89999999999287,48.466938,21.666684000000004,-0.25,-0.4030247322506435,-0.5555559999998552
200.99999999999287,48.404800900000005,21.638906200000005,-0.25,-0.4516661269237335,-0.2772235528941997
201.09999999999286,48.2805267,21.583350600000003,-0.25,-0.34078398836445023,-0.5566693386774405
201.19999999999285,48.218389599999995,21.5555728,-0.25,-0.36857569116725203,-0.27777800000004205
201.29999999999285,48.09411540000001,21.500017200000002,-0.25,-0.4100494325952873,-0.5544471057883994
201.39999999999284,48.0319783,21.4722394,-0.25,-0.3772807879109597,-0.2783346693386588
201.49999999999284,47.969841200000005,21.444461600000004,-0.25,-0.4050031708122031,-0.2769471585243703
201.59999999999283,47.845567,21.388906000000002,-0.25,-0.43280877641781207,-0.5561121121121793
201.69999999999283,47.7834299,21.361128200000003,-0.25,-0.4050171013928461,-0.2775004995004968
201.79999999999282,47.6591557,21.3055726,-0.25,-0.42126788170727225,-0.5561121121121793
201.89999999999281,47.4727444,21.222239200000004,-0.25,-0.44901784824034036,-0.8333340000000197
201.9999999999928,47.4727444,21.222239200000004,-0.25,-0.41433894686705486,0.0
202.0999999999928,47.410607299999995,21.1944614,-0.25,-0.40027112563335576,-0.27475568743819945
202.1999999999928,47.2863331,21.1389058,-0.25,-0.4167837965972966,-0.5617350859454949
202.2999999999928,47.224196,21.111128,-0.25,-0.4167837965972966,-0.2777780000000065
202.3999999999928,47.162058900000005,21.0833502,-0.25,-0.3751725966972116,-0.2777780000000065
202.49999999999278,47.0377847,21.027794600000004,-0.25,-0.4029503966972043,-0.5555559999998552
202.59999999999278,46.975647599999995,21.0000168,-0.25,-0.4029642717221815,-0.27777800000004205
202.69999999999277,46.9135105,20.972239000000002,-0.25,-0.3890614689193762,-0.27805605605607187
202.79999999999276,46.727099200000005,20.8889056,-0.25,-0.4168809773277885,-0.8341681681682511
202.89999999999276,46.727099200000005,20.8889056,-0.25,-0.3891031773277957,0.0
202.99999999999275,46.602825,20.833350000000003,-0.25,-0.4032720703188083,-0.5606014127144516
203.09999999999275,46.4785508,20.7777944,-0.25,-0.4032164033849387,-0.5555560000000486
203.19999999999274,46.5406879,20.805572200000004,-0.25,-0.3754247005821313,0.27805605605610745
203.29999999999274,46.4785508,20.7777944,-0.25,-0.3615912452927134,-0.27777800000004205
203.39999999999273,46.2921395,20.694461,-0.25,-0.38934121182577136,-0.8333339999998183
203.49999999999272,46.230002400000004,20.666683200000005,-0.25,-0.38934121182577136,-0.2769471585243703
203.59999999999272,46.230002400000004,20.666683200000005,-0.25,-0.36153560622016245,0.0
203.6999999999927,46.1057282,20.611127600000003,-0.25,-0.375410631195189,-0.5550009990010292
203.7999999999927,46.1057282,20.611127600000003,-0.25,-0.34760502558958006,0.0
203.8999999999927,46.0435911,20.5833498,-0.25,-0.31984112839238044,-0.27805605605602834
203.9999999999927,45.981454,20.555572,-0.25,-0.33370230603709045,-0.2772235528941997
204.0999999999927,45.8571798,20.5000164,-0.25,-0.34777012727078943,-0.5561121121121793
204.19999999999268,45.8571798,20.5000164,-0.25,-0.3196833729735147,0.0
204.29999999999268,45.7950427,20.472238600000004,-0.25,-0.3196972757763162,-0.2780560560560363
204.39999999999267,45.732905599999995,20.4444608,-0.25,-0.319697275776314,-0.2777779999999631
204.49999999999267,45.5464943,20.3611274,-0.25,-0.33354455070139755,-0.832501498501526
204.59999999999266,45.60863140000001,20.388905200000004,-0.25,-0.30575284789859003,0.27805605605610745
204.69999999999266,45.5464943,20.3611274,-0.25,-0.3057389450957886,-0.27777800000004205
204.79999999999265,45.484357200000005,20.333349600000002,-0.25,-0.2778503376823989,-0.2763960199004583
204.89999999999264,45.4222201,20.3055718,-0.25,-0.29180903114973605,-0.2791738693467429
204.99999999999264,45.2979459,20.250016200000005,-0.25,-0.2915567605140124,-0.5555559999999775
205.09999999999263,45.2979459,20.250016200000005,-0.25,-0.26377896051400995,0.0
205.19999999999263,45.1115346,20.1666828,-0.25,-0.3193484633168198,-0.8333340000000907
205.29999999999262,45.1736717,20.194460600000003,-0.25,-0.2915845383417911,0.2775004995005323
205.39999999999262,45.1115346,20.1666828,-0.25,-0.2638206411446016,-0.27805605605602834
205.4999999999926,45.0493975,20.138905,-0.25,-0.26383446086309303,-0.2772235528941997
205.5999999999926,44.925123299999996,20.0833494,-0.25,-0.29164006646870205,-0.5561121121121793
205.6999999999926,44.925123299999996,20.0833494,-0.25,-0.26389001651865057,0.0
205.7999999999926,44.738712,20.000016000000002,-0.25,-0.30559842492706135,-0.8341681681682156
205.8999999999926,44.738712,20.000016000000002,-0.25,-0.2916956221242599,0.0
205.99999999999258,44.738712,20.000016000000002,-0.25,-0.27783444447954997,0.0
206.09999999999258,44.6144378,19.9444604,-0.25,-0.277862305807813,-0.5566693386774405
206.19999999999257,44.490163599999995,19.8889048,-0.25,-0.3056401058078154,-0.5555560000000486
206.29999999999256,44.490163599999995,19.8889048,-0.25,-0.2917373030050136,0.0
206.39999999999256,44.4280265,19.861127000000003,-0.25,-0.29170958064972363,-0.2772235528941642
206.49999999999255,44.36588940000001,19.833349200000004,-0.25,-0.26400123919157853,-0.2783346693386232
206.59999999999255,44.241615200000005,19.777793600000003,-0.25,-0.30568184199438625,-0.5555560000000486
206.69999999999254,44.1794781,19.7500158,-0.25,-0.30568184199438636,-0.27777800000004205
206.79999999999254,44.117341,19.722238,-0.25,-0.3057509409993638,-0.2777780000000065
206.89999999999253,44.0552039,19.6944602,-0.25,-0.305681147532023,-0.2777779999999276
206.99999999999253,43.9930668,19.666682400000003,-0.25,-0.2917922475320245,-0.2777780000000065
207.09999999999252,43.9930668,19.666682400000003,-0.25,-0.2917922475320245,0.0
207.1999999999925,43.9309297,19.638904600000004,-0.25,-0.2640144475320203,-0.2777780000000065
207.2999999999925,43.8687926,19.6111268,-0.25,-0.291778372507049,-0.27777800000004205
207.3999999999925,43.8066555,19.583349000000002,-0.25,-0.29176446970424397,-0.2777779999999276
207.4999999999925,43.744518400000004,19.555571200000003,-0.25,-0.2917921920595343,-0.2777780000000065
207.5999999999925,43.682381299999996,19.5277934,-0.25,-0.277861611428952,-0.2775004995005323
207.69999999999249,43.6202442,19.5000156,-0.25,-0.2917644142317556,-0.27805605605607187
207.79999999999248,43.558107099999994,19.4722378,-0.25,-0.26394490582334695,-0.27777800000004205
207.89999999999247,43.49597,19.444460000000003,-0.25,-0.2778199307983661,-0.2775004995003825
207.99999999999247,43.433832900000006,19.416682200000004,-0.25,-0.29168110844307604,-0.2772235528941997
208.09999999999246,43.309558700000004,19.361126600000002,-0.25,-0.2917090256616666,-0.557227683049252
208.19999999999246,43.247421599999996,19.3333488,-0.25,-0.2777785835878862,-0.27694715852444113
208.29999999999245,43.1852845,19.305571,-0.25,-0.2916953170548214,-0.27833466933870243
208.39999999999245,43.1231474,19.277793200000005,-0.25,-0.29172303941010774,-0.27777799999989206
208.49999999999244,43.1231474,19.277793200000005,-0.25,-0.27780630594317657,0.0
208.59999999999243,42.998873200000006,19.222237600000003,-0.25,-0.27780630594317657,-0.5555560000000486
208.69999999999243,42.998873200000006,19.222237600000003,-0.25,-0.2639174059431745,0.0
208.79999999999242,42.9367361,19.1944598,-0.25,-0.26394523941011094,-0.27833466933873807
208.89999999999242,42.874599,19.166682,-0.25,-0.2639313643851394,-0.2775004995004968
208.9999999999924,42.874599,19.166682,-0.25,-0.2500424643851391,0.0
209.0999999999924,42.7503248,19.1111264,-0.25,-0.2778202643851415,-0.5555560000000486
209.1999999999924,42.7503248,19.1111264,-0.25,-0.2639313643851412,0.0
209.2999999999924,42.6260506,19.0555708,-0.25,-0.27782026438513974,-0.555556000000013
209.3999999999924,42.5639135,19.027793000000003,-0.25,-0.2778063893601682,-0.2775004995004968
209.49999999999238,42.501776400000004,19.000015200000004,-0.25,-0.2778063893601643,-0.2777779999999276
209.59999999999238,42.501776400000004,19.000015200000004,-0.25,-0.2639313643851377,0.0
209.69999999999237,42.3775022,18.944459600000002,-0.25,-0.2778063615823365,-0.5555560000000486
209.79999999999237,42.253228,18.888904,-0.25,-0.29169526158233683,-0.5555560000000486
209.89999999999236,42.253228,18.888904,-0.25,-0.27782023660731775,0.0
209.99999999999235,42.253228,18.888904,-0.25,-0.2639590589626078,0.0
210.09999999999235,42.1289538,18.833348400000002,-0.25,-0.2637923906625857,-0.5538943170488114
210.19999999999234,42.1289538,18.833348400000002,-0.25,-0.24994503273636362,0.0
210.29999999999234,42.004679599999996,18.7777928,-0.25,-0.26380609926943094,-0.5555560000000486
210.39999999999233,42.004679599999996,18.7777928,-0.25,-0.24991719926943637,0.0
210.49999999999233,41.8804054,18.722237200000002,-0.25,-0.2776395545588563,-0.5544471057883994
210.59999999999232,41.7561312,18.666681600000004,-0.25,-0.27766736016445315,-0.5561121121119855
210.69999999999231,41.7561312,18.666681600000004,-0.25,-0.27766736016445315,0.0
210.7999999999923,41.631857000000004,18.611126000000002,-0.25,-0.2915562323031252,-0.5561121121121793
210.8999999999923,41.631857000000004,18.611126000000002,-0.25,-0.2776812073281003,0.0
210.9999999999923,41.5697199,18.583348200000003,-0.25,-0.2915701073281006,-0.2777780000000065
211.0999999999923,41.5075828,18.5555704,-0.25,-0.2776812073280964,-0.2777779999999631
211.1999999999923,41.3211715,18.472237000000003,-0.25,-0.3193479073280974,-0.8333340000000197
211.29999999999228,41.3833086,18.5000148,-0.25,-0.2776812073280982,0.277777999999971
211.39999999999227,41.3211715,18.472237000000003,-0.25,-0.2777089851558752,-0.2780560560560363
211.49999999999227,41.259034400000004,18.444459200000004,-0.25,-0.27769511013090364,-0.2775004995004968
211.59999999999226,41.196897299999996,18.4166814,-0.25,-0.2915701351059302,-0.2775004995005323
211.69999999999226,41.196897299999996,18.4166814,-0.25,-0.2637923351059278,0.0
211.79999999999225,41.1347602,18.388903600000003,-0.25,-0.24990343510592572,-0.2777780000000065
211.89999999999225,41.010486,18.333348,-0.25,-0.2776534850559772,-0.5550009990010292
211.99999999999224,40.8862118,18.2777924,-0.25,-0.3053758403453989,-0.5544471057884349
212.09999999999224,40.824074700000004,18.250014600000004,-0.25,-0.29159785795988774,-0.2783346693385876
212.19999999999223,40.824074700000004,18.250014600000004,-0.25,-0.29159785795988774,0.0
212.29999999999222,40.824074700000004,18.250014600000004,-0.25,-0.2638200579598853,0.0
212.39999999999222,40.761937599999996,18.2222368,-0.25,-0.2776950829349119,-0.2775004995005323
212.4999999999922,40.6998005,18.194459000000002,-0.25,-0.26386162764549226,-0.2777780000000065
212.5999999999922,40.6376634,18.166681200000003,-0.25,-0.24995882484269266,-0.27805605605599276
212.6999999999922,40.5755263,18.1389034,-0.25,-0.2638477248426948,-0.27777800000004205
212.7999999999922,40.5133892,18.1111256,-0.25,-0.2499310192370862,-0.2777780000000065
212.8999999999922,40.389115000000004,18.055570000000003,-0.25,-0.27770881923708685,-0.555556000000013
212.99999999999218,40.389115000000004,18.055570000000003,-0.25,-0.26381991923708653,0.0
213.09999999999218,40.2648408,18.0000144,-0.25,-0.2776257350895385,-0.5538943170490038
213.19999999999217,40.2648408,18.0000144,-0.25,-0.23595903508953747,0.0
213.29999999999217,40.2027037,17.972236600000002,-0.25,-0.26375073789233966,-0.27805605605607187
213.39999999999216,40.1405666,17.9444588,-0.25,-0.2637368350895399,-0.27777800000004205
213.49999999999216,40.0784295,17.916681,-0.25,-0.2637229877592251,-0.2772235528941997
213.59999999999215,40.016292400000005,17.8889032,-0.25,-0.26376469625112964,-0.2783346693386232
213.69999999999214,39.9541553,17.861125400000002,-0.25,-0.27765359625112995,-0.2777780000000065
213.79999999999214,39.767744,17.777792,-0.25,-0.3054313962511324,-0.8333340000000552
213.89999999999213,39.829881099999994,17.8055698,-0.25,-0.26383398837486066,0.2769471585244057
213.99999999999213,39.767744,17.777792,-0.25,-0.25002836655237404,-0.27833466933870243
214.09999999999212,39.7056069,17.750014200000003,-0.25,-0.2500144358882443,-0.27805605605599276
214.19999999999212,39.6434698,17.7222364,-0.25,-0.26390333588824644,-0.27777800000004205
214.2999999999921,39.581332700000004,17.6944586,-0.25,-0.27777836086327123,-0.2775004995004968
214.3999999999921,39.5191956,17.6666808,-0.25,-0.277792235888245,-0.2777780000000065
214.4999999999921,39.4570585,17.638903000000003,-0.25,-0.2778061386910443,-0.27805605605599276
214.5999999999921,39.2706472,17.555569600000002,-0.25,-0.3055700358882474,-0.8333340000000552
214.6999999999921,39.2706472,17.555569600000002,-0.25,-0.29168113588824524,0.0
214.79999999999208,39.2706472,17.555569600000002,-0.25,-0.27779223588824487,0.0
214.89999999999208,39.2085101,17.527791800000003,-0.25,-0.2638894608632691,-0.2775004995004968
214.99999999999207,39.146373,17.500014,-0.25,-0.27782015293949736,-0.27861384152456437
215.09999999999206,39.0220988,17.444458400000002,-0.25,-0.27787548703709686,-0.5550009990009936
215.19999999999206,39.0220988,17.444458400000002,-0.25,-0.27787548703709686,0.0
215.29999999999205,38.9599617,17.416680600000003,-0.25,-0.2778615842342936,-0.2777780000000065
215.39999999999205,38.8978246,17.3889028,-0.25,-0.2778615842342936,-0.27777800000004205
215.49999999999204,38.8356875,17.361125,-0.25,-0.27786158423429363,-0.2772235528941997
215.59999999999204,38.7735504,17.333347200000002,-0.25,-0.2778615842342936,-0.2783346693386232
215.69999999999203,38.7114133,17.3055694,-0.25,-0.27786158423429536,-0.27777800000004205
215.79999999999202,38.7114133,17.3055694,-0.25,-0.23619488423429255,0.0
215.89999999999202,38.5871391,17.2500138,-0.25,-0.27779229211056256,-0.5550009990009936
215.999999999992,38.4628649,17.1944582,-0.25,-0.29170902557749157,-0.556669338677282
216.099999999992,38.4628649,17.1944582,-0.25,-0.2778062227746919,0.0
216.199999999992,38.4007278,17.1666804,-0.25,-0.27783405624162094,-0.2783346693386232
216.299999999992,38.338590700000005,17.1389026,-0.25,-0.2778479312665964,-0.2777780000000065
216.399999999992,38.2764536,17.111124800000002,-0.25,-0.2778479312665964,-0.2777780000000065
216.49999999999199,38.2764536,17.111124800000002,-0.25,-0.2639451284637968,0.0
216.59999999999198,38.1521794,17.0555692,-0.25,-0.25002847841384546,-0.5550009990010292
216.69999999999197,38.0279052,17.000013600000003,-0.25,-0.27783408401945264,-0.5561121121121437
216.79999999999197,38.0279052,17.000013600000003,-0.25,-0.27783408401945264,0.0
216.89999999999196,38.0279052,17.000013600000003,-0.25,-0.26395905904442785,0.0
216.99999999999196,37.9657681,16.972235800000004,-0.25,-0.2639033919432245,-0.2775004995004968
217.09999999999195,37.903631,16.944458,-0.25,-0.25005614479597627,-0.27805605605602834
217.19999999999195,37.841493899999996,16.916680200000002,-0.25,-0.2639450447959766,-0.2777780000000065
217.29999999999194,37.6550826,16.8333468,-0.25,-0.291722844795979,-0.8333340000000552
217.39999999999193,37.6550826,16.8333468,-0.25,-0.27783394479597684,0.0
217.49999999999193,37.6550826,16.8333468,-0.25,-0.26397276715126683,0.0
217.59999999999192,37.5929455,16.805569000000002,-0.25,-0.2640852256035246,-0.28058383838377815
217.69999999999192,37.5308084,16.7777912,-0.25,-0.2640852256035246,-0.27777800000004205
217.7999999999919,37.4065342,16.7222356,-0.25,-0.2918630256035253,-0.555556000000013
217.8999999999919,37.4065342,16.7222356,-0.25,-0.2641129756534756,0.0
217.9999999999919,37.3443971,16.694457800000002,-0.25,-0.2501962421865426,-0.2783346693386232
218.0999999999919,37.28226,16.666680000000003,-0.25,-0.26408514218654294,-0.2777780000000065
218.1999999999919,37.2201229,16.6389022,-0.25,-0.26375833044172897,-0.2717984344423434
218.29999999999188,37.1579858,16.6111244,-0.25,-0.264070759685081,-0.2840265848670472
218.39999999999188,36.9715745,16.527791,-0.25,-0.2917653926192124,-0.8316706586826346
218.49999999999187,36.9094374,16.5000132,-0.25,-0.30568212608614354,-0.2783346693386232
218.59999999999187,36.9715745,16.527791,-0.25,-0.26405705116106726,0.2775004995004968
218.69999999999186,36.9094374,16.5000132,-0.25,-0.2501264705304849,-0.2775004995004968
218.79999999999185,36.9094374,16.5000132,-0.25,-0.2501264705304849,0.0
218.89999999999185,36.7851632,16.444457600000003,-0.25,-0.2776020392743014,-0.5495113748763286
218.99999999999184,36.660889,16.388902,-0.25,-0.2918706819791129,-0.5628733535967295
219.09999999999184,36.598751899999996,16.361124200000003,-0.25,-0.29182905682102545,-0.27722355289427836
219.19999999999183,36.598751899999996,16.361124200000003,-0.25,-0.27794015682102513,0.0
219.29999999999183,36.536614799999995,16.3333464,-0.25,-0.2501762596238278,-0.27805605605610745
219.39999999999182,36.536614799999995,16.3333464,-0.25,-0.2501762596238278,0.0
219.49999999999181,36.3502035,16.250013000000003,-0.25,-0.2918429596238287,-0.8333340000000197
219.5999999999918,36.2880664,16.2222352,-0.25,-0.2917305011715728,-0.2783346693386588
219.6999999999918,36.3502035,16.250013000000003,-0.25,-0.26395270117156855,0.27777800000004205
219.7999999999918,36.2880664,16.2222352,-0.25,-0.25006380117157,-0.27777800000004205
219.8999999999918,36.2259293,16.1944574,-0.25,-0.2639527011715703,-0.2777780000000065
219.9999999999918,36.1637922,16.166679600000002,-0.25,-0.2639248677046356,-0.2777779999999276
220.09999999999178,36.1016551,16.138901800000003,-0.25,-0.2639248677046356,-0.2777780000000065
220.19999999999177,36.039518,16.111124,-0.25,-0.2642238459825205,-0.27777800000004205
220.29999999999177,35.9773809,16.0833462,-0.25,-0.2639114167391685,-0.2777780000000065
220.39999999999176,35.9152438,16.055568400000002,-0.25,-0.23621678380503713,-0.2777780000000065
220.49999999999176,35.790969600000004,16.0000128,-0.25,-0.25007785033810054,-0.5555559999998907
220.59999999999175,35.7288325,15.972235000000001,-0.25,-0.2778417753131257,-0.2777780000000065
220.69999999999175,35.7288325,15.972235000000001,-0.25,-0.26396675033810085,0.0
220.79999999999174,35.6666954,15.9444572,-0.25,-0.2778556503381021,-0.2777780000000243
220.89999999999173,35.5424212,15.888901600000002,-0.25,-0.27815788159428634,-0.555556000000013
220.99999999999173,35.418147,15.833346,-0.25,-0.2777365692038715,-0.5544471057884349
221.09999999999172,35.418147,15.833346,-0.25,-0.26387539155915757,0.0
221.19999999999172,35.418147,15.833346,-0.25,-0.26387539155915757,0.0
221.2999999999917,35.418147,15.833346,-0.25,-0.24997258875635225,0.0
221.3999999999917,35.293872799999995,15.7777904,-0.25,-0.2777781943619603,-0.5561121121121615
221.4999999999917,35.1695986,15.722234800000003,-0.25,-0.2638892943619521,-0.5555559999998552
221.5999999999917,35.1695986,15.722234800000003,-0.25,-0.24997256089501912,0.0
221.6999999999917,35.1695986,15.722234800000003,-0.25,-0.26386146089502127,0.0
221.79999999999168,35.1074615,15.694457000000002,-0.25,-0.2638614608950204,-0.2777780000000243
221.89999999999168,34.9210502,15.611123600000003,-0.25,-0.2915560938291509,-0.8316706586826168
221.99999999999167,34.9210502,15.611123600000003,-0.25,-0.27766719382915445,0.0
222.09999999999167,34.9210502,15.611123600000003,-0.25,-0.26377829382915413,0.0
222.19999999999166,34.8589131,15.583345800000002,-0.25,-0.2637644188041778,-0.2775004995005146
222.29999999999166,34.7346389,15.527790200000002,-0.25,-0.27768112440978554,-0.5561121121121615
222.39999999999165,34.7346389,15.527790200000002,-0.25,-0.26379222440978517,0.0
222.49999999999164,34.610364700000005,15.472234600000002,-0.25,-0.2637922244097843,-0.5555559999998729
222.59999999999164,34.610364700000005,15.472234600000002,-0.25,-0.24990332440978397,0.0
222.69999999999163,34.548227600000004,15.444456800000001,-0.25,-0.26379222440978517,-0.2777780000000243
222.79999999999163,34.4239534,15.388901200000001,-0.25,-0.27768112440978554,-0.5555560000000308
222.89999999999162,34.4239534,15.388901200000001,-0.25,-0.24990332440978485,0.0
222.99999999999162,34.3618163,15.3611234,-0.25,-0.23606986912036035,-0.27777799999994535
223.0999999999916,34.2375421,15.305567800000002,-0.25,-0.26384766912036095,-0.555556000000013
223.1999999999916,34.1132679,15.2500122,-0.25,-0.29159771907041243,-0.5550009990010292
223.2999999999916,34.175405,15.277790000000001,-0.25,-0.2777226940953867,0.2775004995005146
223.3999999999916,34.1132679,15.2500122,-0.25,-0.2638198912925832,-0.27805605605608963
223.4999999999916,34.051130799999996,15.222234400000001,-0.25,-0.24993099129259075,-0.2777780000000065
223.59999999999158,33.8647195,15.138901,-0.25,-0.29155606621766705,-0.832501498501526
223.69999999999158,33.9268566,15.166678800000001,-0.25,-0.27763933275073505,0.278334669338641
223.79999999999157,33.8647195,15.138901,-0.25,-0.27763933275073505,-0.2777780000000243
223.89999999999156,33.8025824,15.111123200000002,-0.25,-0.24994469981660453,-0.2777780000000065
223.99999999999156,33.678308200000004,15.055567600000002,-0.25,-0.27766705510602535,-0.5544471057884172
224.09999999999155,33.678308200000004,15.055567600000002,-0.25,-0.27766705510602535,0.0
224.19999999999155,33.678308200000004,15.055567600000002,-0.25,-0.2637920301309996,0.0
224.29999999999154,33.6161711,15.027789800000003,-0.25,-0.24987532452539182,-0.2777780000000065
224.39999999999154,33.4297598,14.9444564,-0.25,-0.29154202452539546,-0.833334000000073
224.49999999999153,33.4297598,14.9444564,-0.25,-0.2637642245254018,0.0
224.59999999999152,33.4297598,14.9444564,-0.25,-0.2637642245254018,0.0
224.69999999999152,33.305485600000004,14.888900800000002,-0.25,-0.2776809301310078,-0.5561121121121437
224.7999999999915,33.305485600000004,14.888900800000002,-0.25,-0.24990313013100626,0.0
224.8999999999915,33.2433485,14.861123000000001,-0.25,-0.263778155106032,-0.2775004995005146
224.9999999999915,33.1812114,14.8333452,-0.25,-0.2637920579088352,-0.2780560560560105
225.0999999999915,32.9948001,14.750011800000001,-0.25,-0.2776809579088365,-0.8333340000000374
225.1999999999915,33.0569372,14.777789600000002,-0.25,-0.2360420079587838,0.2777780000000243
225.29999999999148,32.9948001,14.750011800000001,-0.25,-0.26380593293381077,-0.2777780000000243
225.39999999999148,32.932663,14.722234000000002,-0.25,-0.2637920301310066,-0.2777780000000065
225.49999999999147,32.8705259,14.694456200000001,-0.25,-0.263778155106032,-0.2775004995005146
225.59999999999147,32.808388799999996,14.6666784,-0.25,-0.23605588298375624,-0.2780560560560105
225.69999999999146,32.7462517,14.638900600000001,-0.25,-0.2637240025893018,-0.27502772277227056
225.79999999999146,32.6841146,14.611122800000002,-0.25,-0.2638642945084935,-0.2805838383838587
225.89999999999145,32.5598404,14.5555672,-0.25,-0.2776701103609355,-0.5538943170488468
225.99999999999145,32.5598404,14.5555672,-0.25,-0.2499477550715147,0.0
226.09999999999144,32.5598404,14.5555672,-0.25,-0.2499477550715147,0.0
226.19999999999143,32.3734291,14.472233800000001,-0.25,-0.29148982885017644,-0.8308414755732348
226.29999999999143,32.3734291,14.472233800000001,-0.25,-0.27760092885017607,0.0
226.39999999999142,32.311292,14.444456,-0.25,-0.24986492092640372,-0.278613841524626
226.49999999999142,32.2491549,14.416678200000002,-0.25,-0.26372609857111373,-0.2772235528941997
226.5999999999914,32.124880700000006,14.361122600000002,-0.25,-0.29153170417671387,-0.5561121121120033
226.6999999999914,32.124880700000006,14.361122600000002,-0.25,-0.2637260985711067,0.0
226.7999999999914,32.124880700000006,14.361122600000002,-0.25,-0.2637260985711067,0.0
226.8999999999914,31.9384694,14.2777892,-0.25,-0.29147614852115733,-0.832501498501526
226.9999999999914,31.9384694,14.2777892,-0.25,-0.27757334571835673,0.0
227.09999999999138,31.876332299999998,14.2500114,-0.25,-0.24982337918528694,-0.278334669338641
227.19999999999138,31.876332299999998,14.2500114,-0.25,-0.2637122791852881,0.0
227.29999999999137,31.689921000000002,14.166678000000001,-0.25,-0.2914900791852888,-0.8333340000000374
227.39999999999137,31.689921000000002,14.166678000000001,-0.25,-0.2776011791852885,0.0
227.49999999999136,31.689921000000002,14.166678000000001,-0.25,-0.2637261542102627,0.0
227.59999999999135,31.503509700000002,14.083344600000002,-0.25,-0.29149005140746403,-0.8333340000000374
227.69999999999135,31.503509700000002,14.083344600000002,-0.25,-0.27773866526885055,0.0
227.79999999999134,31.503509700000002,14.083344600000002,-0.25,-0.2637094733496576,0.0
227.89999999999134,31.3170984,14.000011200000001,-0.25,-0.2776398324222916,-0.832501498501526
227.99999999999133,31.3170984,14.000011200000001,-0.25,-0.2776398324222916,0.0
228.09999999999133,31.3170984,14.000011200000001,-0.25,-0.2776398324222916,0.0
228.19999999999132,31.254961299999998,13.9722334,-0.25,-0.2499727836186556,-0.2775004995005146
228.29999999999131,31.1928242,13.944455600000001,-0.25,-0.2638755864214592,-0.27805605605607187
228.3999999999913,31.130687100000003,13.916677800000002,-0.25,-0.2638199193202527,-0.2775004995004968
228.4999999999913,30.9442758,13.8333444,-0.25,-0.29166715008394434,-0.8341681681680316
228.5999999999913,30.882138700000002,13.805566600000002,-0.25,-0.27775044447834357,-0.27777799999998876
228.6999999999913,30.9442758,13.8333444,-0.25,-0.26386154447834415,0.27777799999998876
228.7999999999913,30.882138700000002,13.805566600000002,-0.25,-0.27775044447834357,-0.27777799999998876
228.89999999999128,30.6957274,13.722233200000002,-0.25,-0.2776674433319299,-0.8308414755732525
228.99999999999127,30.7578645,13.750011,-0.25,-0.26373675125570345,0.2786138415245287
229.09999999999127,30.6957274,13.722233200000002,0.02,-0.2777780000000065,-0.2777780000000065
229.19999999999126,30.5093161,13.6388998,0.02,-0.5555560000000308,-0.8333340000000552
229.29999999999126,30.5714532,13.666677600000002,0.02,-0.27777800000001246,0.2777780000000243
229.39999999999125,31.130687100000003,13.916677800000002,0.02,0.41541949401196215,2.495011976047886
229.49999999999125,30.260767700000002,13.527788600000003,0.02,-0.4470014789386001,-3.8966853707408493
229.59999999999124,30.7578645,13.750011,0.02,-0.0021305657821491706,2.2222240000001054
229.69999999999123,30.447179000000002,13.611122000000002,0.02,-0.20023905638470904,-1.3888900000000683
229.79999999999123,30.633590299999998,13.6944554,0.02,-0.07104242433661574,0.8333340000000374
229.89999999999122,30.5093161,13.6388998,0.02,-0.12481559929932635,-0.5550009990010114
229.99999999999122,30.633590299999998,13.6944554,0.02,-0.05672282815819339,0.5561121121120033
230.0999999999912,30.5714532,13.666677600000002,0.02,-0.0768187528710855,-0.2777780000000065
230.1999999999912,30.5093161,13.6388998,0.02,-0.09356535679849705,-0.2777780000000243
230.2999999999912,30.633590299999998,13.6944554,0.02,-0.043632944737071834,0.5555560000000308
230.3999999999912,30.5093161,13.6388998,0.02,-0.08015923432735324,-0.5550009990010114
230.4999999999912,30.5093161,13.6388998,0.02,-0.07481528537219635,0.0
230.59999999999118,30.5714532,13.666677600000002,0.02,-0.05277820503643256,0.2777780000000243
230.69999999999118,30.5093161,13.6388998,0.02,-0.06601348709311443,-0.2777780000000243
230.79999999999117,30.5093161,13.6388998,0.02,-0.06234607114349696,0.0
230.89999999999117,30.633590299999998,13.6944554,0.02,-0.029912366501795587,0.5538943170488291
230.99999999999116,30.633590299999998,13.6944554,0.02,-0.02841674817670581,0.0
231.09999999999116,30.633590299999998,13.6944554,0.02,-0.014527848176705504,0.0
231.19999999999115,30.6957274,13.722233200000002,0.02,0.04100002946800814,0.27722355289421746
231.29999999999114,30.633590299999998,13.6944554,0.02,0.0131943960010709,-0.27833466933872025
231.39999999999114,30.633590299999998,13.6944554,0.02,-0.11155620280132343,0.0
231.49999999999113,30.5714532,13.666677600000002,0.02,0.0693891657357227,-0.2777779999999276
231.59999999999113,30.5714532,13.666677600000002,0.02,-0.04172203426428257,0.0
231.69999999999112,30.5714532,13.666677600000002,0.02,0.02772246573572083,0.0
231.79999999999112,30.633590299999998,13.6944554,0.02,-4.143146147744803e-05,0.27805605605607187
231.8999999999911,30.633590299999998,13.6944554,0.02,0.027708618488573117,0.0
231.9999999999911,30.5714532,13.666677600000002,0.02,-0.013985887117023421,-0.2777779999999276
232.0999999999911,30.6957274,13.722233200000002,0.02,0.027680812882978446,0.5555560000000308
232.1999999999911,30.633590299999998,13.6944554,0.02,0.027680812882978446,-0.2777780000000243
232.2999999999911,30.6957274,13.722233200000002,0.02,0.01379191288297812,0.2777780000000243
232.39999999999108,30.6957274,13.722233200000002,0.02,0.04154196283302869,0.0
232.49999999999108,30.8200016,13.777788800000002,0.02,0.06931976283302234,0.5555559999998729
232.59999999999107,30.633590299999998,13.6944554,0.02,0.013764162833018363,-0.8333340000000552
232.69999999999106,30.6957274,13.722233200000002,0.02,0.04154196283302079,0.2777780000000243
232.79999999999106,30.8200016,13.777788800000002,0.02,0.06931976283302232,0.5555560000000308
232.89999999999105,30.6957274,13.722233200000002,0.02,0.013902691691160018,-0.5544471057884172
232.99999999999105,30.6957274,13.722233200000002,0.02,0.013902691691160018,0.0
233.09999999999104,30.8200016,13.777788800000002,0.02,0.04168049169116156,0.5555560000000308
233.19999999999104,30.6957274,13.722233200000002,0.02,4.151404644914813e-05,-0.5555560000000308
233.29999999999103,30.7578645,13.750011,0.02,0.02783327248841,0.2775004995004968
233.39999999999102,30.7578645,13.750011,0.02,0.02783327248841,0.0
233.49999999999102,30.6957274,13.722233200000002,0.02,0.02784714751338153,-0.2775004995004968
233.599999999991,30.6957274,13.722233200000002,0.02,0.02784714751338153,0.0
233.699999999991,30.8200016,13.777788800000002,0.02,0.0555971974634321,0.5550009990010114
233.799999999991,30.7578645,13.750011,0.02,0.02779159185782403,-0.27805605605608963
233.899999999991,30.6957274,13.722233200000002,0.02,0.013985528239536188,-0.2761212723657569
233.999999999991,30.882138700000002,13.805566600000002,0.02,0.06979263749506495,0.838364185110648
234.09999999999098,30.7578645,13.750011,0.02,0.014237037495061,-0.5555560000000486
234.19999999999098,30.6957274,13.722233200000002,0.02,0.014237037495061888,-0.2777780000000065
234.29999999999097,30.882138700000002,13.805566600000002,0.02,0.0418902112737233,0.8308414755732525
234.39999999999097,30.882138700000002,13.805566600000002,0.02,0.0418902112737233,0.0
234.49999999999096,30.7578645,13.750011,0.02,-0.013721055660134446,-0.556669338677282
234.59999999999096,30.882138700000002,13.805566600000002,0.02,0.05564036019231851,0.5538943170490038
234.69999999999095,30.9442758,13.8333444,0.02,0.05565426299511604,0.278056056055975
234.79999999999094,30.8200016,13.777788800000002,0.02,4.299606124426036e-05,-0.5566693386774049
234.89999999999094,30.882138700000002,13.805566600000002,0.02,0.041626528995375986,0.27722355289421746
234.99999999999093,30.9442758,13.8333444,0.02,0.05554326246230625,0.2783346693386054
235.09999999999093,30.8200016,13.777788800000002,0.02,-1.2337537695938927e-05,-0.555556000000013
235.19999999999092,30.882138700000002,13.805566600000002,0.02,0.04165436246230682,0.2777780000000243
235.29999999999092,30.9442758,13.8333444,0.02,0.04166823748728142,0.27777799999998876
235.3999999999909,30.8200016,13.777788800000002,0.02,0.013890437487280766,-0.555556000000013
235.4999999999909,30.882138700000002,13.805566600000002,0.02,0.04164048743733133,0.2775004995005146
235.5999999999909,30.9442758,13.8333444,0.02,0.05552938743732683,0.2777779999999098
235.6999999999909,30.8200016,13.777788800000002,0.02,0.00011220601316784818,-0.5533426294821681
235.7999999999909,30.8200016,13.777788800000002,0.02,0.014015008815972336,0.0
235.89999999999088,30.8200016,13.777788800000002,0.02,0.027821072434260193,0.0
235.99999999999088,30.882138700000002,13.805566600000002,0.02,-0.00020823682127495412,0.27777799999994535
236.09999999999087,30.8200016,13.777788800000002,0.02,0.01368066317872626,-0.2777780000000243
236.19999999999087,30.9442758,13.8333444,0.02,0.05534736317872724,0.555556000000013
236.29999999999086,30.882138700000002,13.805566600000002,0.02,-8.361059993482467e-05,-0.27777799999998876
236.39999999999085,30.8200016,13.777788800000002,0.02,-0.013972510599936039,-0.2777780000000243
236.49999999999085,31.0064129,13.8611222,0.02,0.05548603125900348,0.8325014985015082
236.59999999999084,30.9442758,13.8333444,0.02,0.013902415406556012,-0.27777799999994535
236.69999999999084,30.882138700000002,13.805566600000002,0.02,-0.013903190199045446,-0.2780560560560541
236.79999999999083,30.882138700000002,13.805566600000002,0.02,0.013930276734824798,0.0
236.89999999999083,31.0064129,13.8611222,0.02,0.02784689909011458,0.555556000000013
236.99999999999082,30.9442758,13.8333444,0.02,4.12656231870423e-05,-0.27777799999994535
237.0999999999908,30.882138700000002,13.805566600000002,0.02,0.013930165623188256,-0.27777799999998876
237.1999999999908,31.068550000000002,13.888900000000001,0.02,0.04170796562318892,0.8333340000000374
237.2999999999908,30.9442758,13.8333444,0.02,4.126562318704785e-05,-0.5555560000000486
237.3999999999908,31.0064129,13.8611222,0.02,0.04170796562318892,0.2777780000000243
237.4999999999908,31.068550000000002,13.888900000000001,0.02,0.04172184064816045,0.27777799999994535
237.59999999999079,30.9442758,13.8333444,0.02,5.5140648162532724e-05,-0.5555560000000486
237.69999999999078,31.0064129,13.8611222,0.02,0.04161117212227215,0.2777780000000243
237.79999999999077,31.0064129,13.8611222,0.02,0.04161117212227215,0.0
237.89999999999077,30.9442758,13.8333444,0.02,0.027722272122270943,-0.2777780000000243
237.99999999999076,30.9442758,13.8333444,0.02,0.013833372122273669,0.0
238.09999999999076,31.0064129,13.8611222,0.02,0.04161117212227609,0.2777780000000243
238.19999999999075,30.9442758,13.8333444,0.02,-4.165285275028463e-05,-0.2775004995005146
238.29999999999075,30.9442758,13.8333444,0.02,0.013847247147249154,0.0
238.39999999999074,31.068550000000002,13.888900000000001,0.02,0.05548619709730181,0.5550009990010292
238.49999999999073,31.130687100000003,13.916677800000002,0.02,0.027763924975026943,0.2780560560560105
238.59999999999073,30.9442758,13.8333444,0.02,6.929204087979257e-05,-0.8316706586828883
238.69999999999072,30.9442758,13.8333444,0.02,0.013972094843682498,0.0
238.79999999999072,31.130687100000003,13.916677800000002,0.02,0.05559716976875968,0.8325014985015436
238.8999999999907,31.0064129,13.8611222,0.02,1.3764163150065122e-05,-0.5561121121121793
238.9999999999907,30.9442758,13.8333444,0.02,1.3764163150070674e-05,-0.27777799999994535
239.0999999999907,31.130687100000003,13.916677800000002,0.02,0.055569364163153154,0.833334000000073
239.1999999999907,31.068550000000002,13.888900000000001,0.02,1.3764163150070674e-05,-0.2777780000000243
239.2999999999907,31.130687100000003,13.916677800000002,0.02,0.041680464163153706,0.2777780000000243
239.39999999999068,31.130687100000003,13.916677800000002,0.02,0.027791564163152493,0.0
239.49999999999068,31.068550000000002,13.888900000000001,0.02,1.3764163157958809e-05,-0.27777799999994535
239.59999999999067,31.068550000000002,13.888900000000001,0.02,0.027791564163160393,0.0
239.69999999999067,31.130687100000003,13.916677800000002,0.02,0.027819397630091225,0.278334669338641
239.79999999999066,31.1928242,13.944455600000001,0.02,0.041708297630091554,0.2777780000000065
239.89999999999065,31.068550000000002,13.888900000000001,0.02,0.027819397630091225,-0.5555560000000308
239.99999999999065,31.0064129,13.8611222,0.02,0.01408161325818213,-0.2747556874381819
240.09999999999064,31.130687100000003,13.916677800000002,0.02,0.02827946755544759,0.5617350859453335
240.19999999999064,31.068550000000002,13.888900000000001,0.02,0.028265592530472106,-0.2777780000000243
240.29999999999063,31.068550000000002,13.888900000000001,0.02,0.028265592530472106,0.0
240.39999999999063,31.1928242,13.944455600000001,0.02,0.02829334258042219,0.5555560000000308
240.49999999999062,31.068550000000002,13.888900000000001,0.02,-0.013331815511799194,-0.5544471057884172
240.59999999999062,31.068550000000002,13.888900000000001,0.02,0.028251717422345217,0.0
240.6999999999906,31.1928242,13.944455600000001,0.02,0.0560573230279533,0.5561121121121615
240.7999999999906,31.1928242,13.944455600000001,0.02,0.01443224810287611,0.0
240.8999999999906,31.068550000000002,13.888900000000001,0.02,0.014460053708483528,-0.5555560000000308
240.9999999999906,31.130687100000003,13.916677800000002,0.02,0.042237853708478074,0.27777799999994535
241.0999999999906,31.1928242,13.944455600000001,0.02,0.014460053708474746,0.2777780000000065
241.19999999999058,31.068550000000002,13.888900000000001,0.02,0.0005711537084744145,-0.5555560000000308
241.29999999999058,31.1928242,13.944455600000001,0.02,0.014460053708474746,0.5555560000000308
241.39999999999057,31.1928242,13.944455600000001,0.02,0.014460053708474746,0.0
241.49999999999056,31.068550000000002,13.888900000000001,0.02,0.0005711537084783669,-0.5555559999998729
241.59999999999056,31.068550000000002,13.888900000000001,0.02,0.0005711537084783669,0.0
241.69999999999055,31.1928242,13.944455600000001,0.02,0.014432220241547855,0.5555560000000308
241.79999999999055,31.130687100000003,13.916677800000002,0.02,-0.013345579758452797,-0.2777780000000065
241.89999999999054,31.068550000000002,13.888900000000001,0.02,0.0005294174387442619,-0.27805605605608963
241.99999999999054,31.130687100000003,13.916677800000002,0.02,0.028142226785675146,0.27750049950043576
242.09999999999053,31.130687100000003,13.916677800000002,0.02,5.547248840847008e-05,0.0
242.19999999999052,31.068550000000002,13.888900000000001,0.02,4.15696856052028e-05,-0.27805605605608963
242.29999999999052,31.1928242,13.944455600000001,0.02,0.027791619635655775,0.5550009990010114
242.3999999999905,31.1928242,13.944455600000001,0.02,1.3819635654233054e-05,0.0
242.4999999999905,31.254961299999998,13.9722334,0.02,0.04162507492507147,0.2777779999999276
242.5999999999905,31.254961299999998,13.9722334,0.02,0.04162507492507147,0.0
242.6999999999905,31.1928242,13.944455600000001,0.02,-6.943068053693047e-05,-0.2777780000000065
242.7999999999905,31.130687100000003,13.916677800000002,0.02,-0.013958330680537256,-0.2777780000000065
242.89999999999048,31.254961299999998,13.9722334,0.02,0.04159726931946493,0.555556000000013
242.99999999999048,31.3170984,14.000011200000001,0.02,0.04159726931946493,0.27777799999994535
243.09999999999047,31.1928242,13.944455600000001,0.02,-4.168063058596072e-05,-0.5550009990010114
243.19999999999047,31.1928242,13.944455600000001,0.02,0.027736119369415578,0.0
243.29999999999046,31.254961299999998,13.9722334,0.02,0.013847219369414365,0.2777780000000065
243.39999999999046,31.3170984,14.000011200000001,0.02,0.027736119369415578,0.2777780000000243
243.49999999999045,31.1928242,13.944455600000001,0.02,0.027736119369415578,-0.5555559999998729
243.59999999999044,31.3170984,14.000011200000001,0.02,0.05551391936941712,0.5555560000000308
243.69999999999044,31.3170984,14.000011200000001,0.02,0.027736119369415578,0.0
243.79999999999043,31.1928242,13.944455600000001,0.02,0.013481351689580335,-0.5628733535967114
243.89999999999043,31.130687100000003,13.916677800000002,0.02,0.013495254492384489,-0.2777780000000065
243.99999999999042,31.1928242,13.944455600000001,0.02,0.01350912951735908,0.2777779999999276
244.09999999999042,31.1928242,13.944455600000001,0.02,0.01350912951735908,0.0
244.1999999999904,31.3170984,14.000011200000001,0.02,0.05518973232016511,0.5555560000000308
244.2999999999904,31.1928242,13.944455600000001,0.02,-0.0003381176298870081,-0.5555560000000308
244.3999999999904,31.1928242,13.944455600000001,0.02,-0.0003381176298870081,0.0
244.4999999999904,31.254961299999998,13.9722334,0.02,-0.0003381176298870081,0.2777779999999276
244.5999999999904,31.3170984,14.000011200000001,0.02,0.013550782370114206,0.2777780000000243
244.69999999999038,31.3170984,14.000011200000001,0.02,0.027439682370114533,0.0
244.79999999999038,31.1928242,13.944455600000001,0.02,0.013550782370113318,-0.5555560000000308
244.89999999999037,31.3170984,14.000011200000001,0.02,0.013550782370114206,0.5555560000000308
244.99999999999037,31.3170984,14.000011200000001,0.02,-0.00033811762988306127,0.0
245.09999999999036,31.1928242,13.944455600000001,0.02,-0.000421534613695701,-0.5566693386772642
245.19999999999035,31.3170984,14.000011200000001,0.02,0.02735626538630584,0.5555560000000308
245.29999999999035,31.3792355,14.027789000000002,0.02,0.027356265386306727,0.2777780000000243
245.39999999999034,31.254961299999998,13.9722334,0.02,-0.014199766087796828,-0.5533426294820468
245.49999999999034,31.1928242,13.944455600000001,0.02,-0.0003666448026608315,-0.278893574297153
245.59999999999033,31.254961299999998,13.9722334,0.02,-0.014255544802662046,0.2777780000000065
245.69999999999033,31.3170984,14.000011200000001,0.02,-0.0003666448026608315,0.2777780000000243
245.79999999999032,31.3170984,14.000011200000001,0.02,0.02777702287717474,0.0
245.8999999999903,31.3170984,14.000011200000001,0.02,0.04166592287717507,0.0
245.9999999999903,31.3170984,14.000011200000001,0.02,0.027777022877178686,0.0
246.0999999999903,31.3170984,14.000011200000001,0.02,0.027777022877178686,0.0
246.1999999999903,31.3170984,14.000011200000001,0.02,-7.771228228536931e-07,0.0
246.2999999999903,31.254961299999998,13.9722334,0.02,0.013901997902152958,-0.2775004995005146
246.39999999999029,31.3170984,14.000011200000001,0.02,0.027804800704957437,0.27805605605608963
246.49999999999028,31.254961299999998,13.9722334,0.02,2.7000704963792144e-05,-0.27777799999994535
246.59999999999027,31.3792355,14.027789000000002,0.02,0.013915900704965007,0.5555560000000486
246.69999999999027,31.3170984,14.000011200000001,0.02,2.7000704963792144e-05,-0.2777780000000243
246.79999999999026,31.3170984,14.000011200000001,0.02,0.027804800704965334,0.0
246.89999999999026,31.3792355,14.027789000000002,0.02,0.013915900704965007,0.2777780000000243
246.99999999999025,31.4413726,14.055566800000001,0.02,0.027804800704961385,0.2777779999999276
247.09999999999025,31.3170984,14.000011200000001,0.02,0.02788821768877403,-0.5550009990010114
247.19999999999024,31.3792355,14.027789000000002,0.02,0.014013220491576966,0.27805605605608963
247.29999999999023,31.4413726,14.055566800000001,0.02,0.014013220491576078,0.2777780000000065
247.39999999999023,31.3170984,14.000011200000001,0.02,0.01390255196567688,-0.5555560000000308
247.49999999999022,31.3170984,14.000011200000001,0.02,0.02784723068053453,0.0
247.59999999999022,31.4413726,14.055566800000001,0.02,0.04173613068053574,0.5555560000000308
247.6999999999902,31.4413726,14.055566800000001,0.02,0.02784723068053453,0.0
247.7999999999902,31.3792355,14.027789000000002,0.02,0.013958330680534203,-0.2777780000000065
247.8999999999902,31.3792355,14.027789000000002,0.02,0.013958330680534203,0.0
247.9999999999902,31.3170984,14.000011200000001,0.02,6.943068053693601e-05,-0.27777799999994535
248.0999999999902,31.3792355,14.027789000000002,0.02,0.01395833068053815,0.2777780000000243
248.19999999999018,31.4413726,14.055566800000001,0.02,0.027819508325248134,0.2772235528941997
248.29999999999018,31.4413726,14.055566800000001,0.02,0.04169453330027386,0.0
248.39999999999017,31.3792355,14.027789000000002,0.02,0.013902830497469054,-0.2777780000000065
248.49999999999017,31.3170984,14.000011200000001,0.02,0.013916705522440597,-0.2775004995005146
248.59999999999016,31.4413726,14.055566800000001,0.02,0.013944511128038331,0.5561121121120033
248.69999999999015,31.3792355,14.027789000000002,0.02,0.013944511128039221,-0.2777780000000065
248.79999999999015,31.3170984,14.000011200000001,0.02,0.0002203016418735715,-0.274484189723313
248.89999999999014,31.503509700000002,14.083344600000002,0.02,0.02791493457600408,0.8316706586826346
248.99999999999014,31.3792355,14.027789000000002,0.02,-0.013863322853708487,-0.5577871485943238
249.09999999999013,31.3170984,14.000011200000001,0.02,-0.00011418016172340117,-0.2800181451613097
249.19999999999013,31.503509700000002,14.083344600000002,0.02,0.027649717035486722,0.833334000000292
249.29999999999012,31.3792355,14.027789000000002,0.02,-0.014016982964507253,-0.5555559999998729
249.39999999999011,31.4413726,14.055566800000001,0.02,0.027512203174107817,0.27502772277227056
249.4999999999901,31.3792355,14.027789000000002,0.02,0.013454612080988446,-0.28115182186238746
249.5999999999901,31.3792355,14.027789000000002,0.02,-0.014323187919013098,0.0
249.6999999999901,31.4413726,14.055566800000001,0.02,-0.00042038511620950405,0.27805605605607187
249.7999999999901,31.3792355,14.027789000000002,0.02,-0.00040651009122613934,-0.2775004995003392
249.8999999999901,31.503509700000002,14.083344600000002,0.02,0.027371289908783302,0.5555560000001888
249.99999999999008,31.4413726,14.055566800000001,0.02,0.02737128990878331,-0.27777799999994535
250.09999999999008,31.4413726,14.055566800000001,0.02,0.013482389908782083,0.0
250.19999999999007,31.503509700000002,14.083344600000002,0.02,0.013678803357192376,0.28115182186240545
250.29999999999006,31.4413726,14.055566800000001,0.02,-0.00021009664280489116,-0.27777799999994535
250.39999999999006,31.4413726,14.055566800000001,0.02,0.01367880335719544,0.0
250.49999999999005,31.503509700000002,14.083344600000002,0.02,0.04144272833222633,0.2777780000001033
250.59999999999005,31.5656468,14.111122400000001,0.02,0.027512147701651002,0.2775004995004968
250.69999999999004,31.4413726,14.055566800000001,0.02,0.013595442096043252,-0.5561121121121615
250.79999999999004,31.503509700000002,14.083344600000002,0.02,0.04120855158220617,0.27777799999994535
250.89999999999003,31.5656468,14.111122400000001,0.02,0.013513918648070816,0.2777779999999276
250.99999999999002,31.4413726,14.055566800000001,0.02,0.01362547607777757,-0.5555560000001888
251.09999999999002,31.3792355,14.027789000000002,0.02,0.013737483335846679,-0.2777779999999276
251.19999999999,31.503509700000002,14.083344600000002,0.02,-0.00023450081172647353,0.5538943170488291
251.29999999999,31.5656468,14.111122400000001,0.02,0.04147399126449759,0.27861384152460816
251.39999999999,31.4413726,14.055566800000001,0.02,-5.519487410958757e-05,-0.5555559999998729
251.49999999999,31.4413726,14.055566800000001,0.02,0.014002396219009783,0.0
251.59999999999,31.503509700000002,14.083344600000002,0.02,0.02789129621900705,0.27777799999994535
251.69999999998998,31.503509700000002,14.083344600000002,0.02,0.013988493416203457,0.0
251.79999999998998,31.5656468,14.111122400000001,0.02,0.041752418391216795,0.2777779999999276
251.89999999998997,31.6277839,14.1389002,0.02,0.027863518391203733,0.2777779999999276
251.99999999998997,31.503509700000002,14.083344600000002,0.02,0.014249646113973946,-0.5500554455445411
252.09999999998996,31.4413726,14.055566800000001,0.02,0.00022045419478011475,-0.2805838383838766
252.19999999998996,31.5656468,14.111122400000001,0.02,0.01394066310166928,0.5555560000001888
252.29999999998995,31.503509700000002,14.083344600000002,0.02,0.013940663101670175,-0.2777779999999276
252.39999999998994,31.5656468,14.111122400000001,0.02,0.027829563101666555,0.2777779999999276
252.49999999998994,31.5656468,14.111122400000001,0.02,0.013940663101661385,0.0
252.59999999998993,31.503509700000002,14.083344600000002,0.02,-0.013823261873359827,-0.2777779999999276
252.69999999998993,31.503509700000002,14.083344600000002,0.02,0.013982343732248242,0.0
252.79999999998992,31.503509700000002,14.083344600000002,0.02,9.34437322509779e-05,0.0
252.89999999998992,31.6277839,14.1389002,0.02,0.014010149337861788,0.5561121121121437
252.9999999999899,31.5656468,14.111122400000001,0.02,0.027899049337866945,-0.2777780000000855
253.0999999999899,31.503509700000002,14.083344600000002,0.02,0.02789904933786695,-0.2777779999999276
253.1999999999899,31.6277839,14.1389002,0.02,0.027982133485434036,0.555556000000171
253.2999999999899,31.5656468,14.111122400000001,0.02,0.00016254140920725913,-0.2777779999999276
253.3999999999899,31.503509700000002,14.083344600000002,0.02,0.014051441409204524,-0.2777779999999276
253.49999999998988,31.5656468,14.111122400000001,0.02,0.027912619053918442,0.27722355289427836
253.59999999998988,31.5656468,14.111122400000001,0.02,0.014023719053921168,0.0
253.69999999998987,31.503509700000002,14.083344600000002,0.02,0.00013481905391689308,-0.2777780000000855
253.79999999998986,31.6277839,14.1389002,0.02,0.01402371905391328,0.5555559999998552
253.89999999998986,31.5656468,14.111122400000001,0.02,-0.013726358590789153,-0.2772235528941211
253.99999999998985,31.5656468,14.111122400000001,0.02,0.013776413686437897,0.0
254.09999999998985,31.6277839,14.1389002,0.02,0.0416945056056281,0.2777779999999276
254.19999999998984,31.6277839,14.1389002,0.02,0.013916705605618671,0.0
254.29999999998984,31.5656468,14.111122400000001,0.02,0.013916705605618668,-0.2777779999999276
254.39999999998983,31.5656468,14.111122400000001,0.02,2.7805605622291397e-05,0.0
254.49999999998983,31.689921000000002,14.166678000000001,0.02,0.027805605605631733,0.5555560000001888
254.59999999998982,31.689921000000002,14.166678000000001,0.02,0.04169450560562811,0.0
254.6999999999898,31.5656468,14.111122400000001,0.02,0.013944455655577536,-0.5550009990010114
254.7999999999898,31.689921000000002,14.166678000000001,0.02,0.04175006126118561,0.5561121121121615
254.8999999999898,31.689921000000002,14.166678000000001,0.02,0.013944455655578433,0.0
254.9999999999898,31.6277839,14.1389002,0.02,0.01394445565557754,-0.2777780000001033
255.0999999999898,31.5656468,14.111122400000001,0.02,0.013944455655577542,-0.2777779999999276
255.19999999998979,31.689921000000002,14.166678000000001,0.02,0.013944455655578425,0.5555560000001888
255.29999999998978,31.6277839,14.1389002,0.02,0.013944455655577542,-0.27777799999994535
255.39999999998977,31.689921000000002,14.166678000000001,0.02,0.04172225565557118,0.27777799999994535
255.49999999998977,31.689921000000002,14.166678000000001,0.02,0.027861078010857264,0.0
255.59999999998976,31.6277839,14.1389002,0.02,0.013972178010859999,-0.27777799999994535
255.69999999998976,31.5656468,14.111122400000001,0.02,0.01397217801086,-0.2777780000000855
255.79999999998975,31.6277839,14.1389002,0.02,8.327801086362163e-05,0.2777779999999276
255.89999999998975,31.6277839,14.1389002,0.02,0.01394445565556968,0.0
255.99999999998974,31.6277839,14.1389002,0.02,0.01394445565556968,0.0
256.09999999998973,31.6277839,14.1389002,0.02,5.5555655573297226e-05,0.0
256.19999999998976,31.689921000000002,14.166678000000001,0.02,0.013944455655578461,0.2777780000001033
256.2999999999898,31.6277839,14.1389002,0.02,0.013944455655577576,-0.27777799999994535
256.3999999999898,31.6277839,14.1389002,0.02,0.013944455655577576,0.0
256.4999999999898,31.689921000000002,14.166678000000001,0.02,0.00012534912290837198,0.27917386934680477
256.59999999998985,31.752058100000003,14.194455800000002,0.02,0.01401424912290564,0.27777799999994535
256.69999999998987,31.689921000000002,14.166678000000001,0.02,0.027903121428241407,-0.27722355289429607
256.7999999999899,31.6277839,14.1389002,0.02,-0.013777509152392398,-0.2775004995005146
256.8999999999899,31.752058100000003,14.194455800000002,0.02,0.014083875000054313,0.5572276830489342
256.99999999998994,31.689921000000002,14.166678000000001,0.02,0.01424856551389383,-0.274484189723313
257.09999999998996,31.6277839,14.1389002,0.02,0.014094088365248794,-0.2808675429728282
257.19999999999,31.752058100000003,14.194455800000002,0.02,0.014094088365233895,0.5555559999998907
257.29999999999,31.8141952,14.222233600000003,0.02,0.041858013340256885,0.2775004995005146
257.39999999999003,31.689921000000002,14.166678000000001,0.02,0.00013564640639552317,-0.556669338677282
257.49999999999005,31.6277839,14.1389002,0.02,-0.01372553123831928,-0.27722355289429607
257.5999999999901,31.8141952,14.222233600000003,0.02,0.041871777170091426,0.8341681681682689
257.6999999999901,31.689921000000002,14.166678000000001,0.02,0.02801062722004425,-0.5550009990010292
257.7999999999901,31.689921000000002,14.166678000000001,0.02,0.014121727220047864,0.0
257.89999999999014,31.8141952,14.222233600000003,0.02,0.0418164430724902,0.5538943170488468
257.99999999999017,31.752058100000003,14.194455800000002,0.02,0.027885750996258906,-0.278613841524626
258.0999999999902,31.689921000000002,14.166678000000001,0.02,0.013996850996261639,-0.27777799999994535
258.1999999999902,31.752058100000003,14.194455800000002,0.02,0.013996850996261648,0.2777780000001033
258.29999999999023,31.689921000000002,14.166678000000001,0.02,0.013996850996261639,-0.27777799999994535
258.39999999999026,31.689921000000002,14.166678000000001,0.02,0.013996850996261639,0.0
258.4999999999903,31.689921000000002,14.166678000000001,0.02,3.815752892140922e-05,0.0
258.5999999999903,31.752058100000003,14.194455800000002,0.02,3.815752892140367e-05,0.27777799999994535
258.6999999999903,31.752058100000003,14.194455800000002,0.02,0.01389933517363621,0.0
258.79999999999035,31.689921000000002,14.166678000000001,0.02,0.01388546014866467,-0.27777799999994535
258.89999999999037,31.8141952,14.222233600000003,0.02,0.013801875996212496,0.5555559999998907
258.9999999999904,31.8141952,14.222233600000003,0.02,0.02752608548237815,0.0
259.0999999999904,31.689921000000002,14.166678000000001,0.02,0.013763857025410591,-0.5561121121121793
259.19999999999044,31.8141952,14.222233600000003,0.02,0.013763857025426388,0.5555560000002066
259.29999999999046,31.876332299999998,14.2500114,0.02,0.013722397787446147,0.2766713147409097
259.3999999999905,31.752058100000003,14.194455800000002,0.02,0.013666507291594942,-0.557787148594306
259.4999999999905,31.8141952,14.222233600000003,0.02,0.04137504286253091,0.2769471585244234
259.59999999999053,31.876332299999998,14.2500114,0.02,0.01359732653034699,0.27861384152459034
259.69999999999055,31.8141952,14.222233600000003,0.02,0.027458476480395066,-0.27777800000006775
259.7999999999906,31.752058100000003,14.194455800000002,0.02,0.0135695764803978,-0.27777799999994535
259.8999999999906,31.8141952,14.222233600000003,0.02,-0.00023623937204728107,0.27777799999994535
259.9999999999906,31.876332299999998,14.2500114,0.02,0.0275833527041874,0.27777800000006775
260.09999999999064,31.8141952,14.222233600000003,0.02,0.027583352704189185,-0.2777779999999098
260.19999999999067,31.8141952,14.222233600000003,0.02,0.013694452704184013,0.0
260.2999999999907,31.876332299999998,14.2500114,0.02,0.04147225270417678,0.2777779999999098
260.3999999999907,31.8141952,14.222233600000003,0.02,0.02758335270418129,-0.2777779999999098
260.49999999999073,31.752058100000003,14.194455800000002,0.02,0.013694452704176126,-0.2777780000001033
260.59999999999076,31.876332299999998,14.2500114,0.02,0.027555602654228527,0.5550009990009936
260.6999999999908,31.8141952,14.222233600000003,0.02,0.013652799851425822,-0.2780560560560541
260.7999999999908,31.8141952,14.222233600000003,0.5,0.0,0.0
260.8999999999908,31.876332299999998,14.2500114,0.5,0.13875024975023953,0.27750049950047906
260.99999999999085,31.9384694,14.2777892,0.5,0.18500033300033122,0.2775004995005146
261.09999999999087,32.1870178,14.3889004,0.5,0.4170849190888805,1.1133386773545284
261.1999999999909,31.876332299999998,14.2500114,0.5,0.05616743577059693,-1.3875024975025374
261.2999999999909,32.3734291,14.472233800000001,0.5,0.4175476045502748,2.2244484484486637
261.39999999999094,32.2491549,14.416678200000002,0.5,0.27853280390025364,-0.5555559999998729
261.49999999999096,32.3734291,14.472233800000001,0.5,0.31316070341274554,0.5555560000001888
261.599999999991,32.435566200000004,14.500011600000002,0.5,0.3091984585336088,0.2775004995005146
261.699999999991,32.5598404,14.5555672,0.5,0.33388982389146227,0.5561121121121437
261.79999999999103,32.7462517,14.638900600000001,0.5,0.37921815794687963,0.8325014985010531
261.89999999999105,32.808388799999996,14.6666784,0.5,0.37078798278931235,0.27805605605607187
261.9999999999911,32.8705259,14.694456200000001,0.5,0.36363336872860397,0.2777780000001033
262.0999999999911,32.9948001,14.750011800000001,0.5,0.3773421281051232,0.5555559999998729
262.1999999999911,33.1190743,14.805567400000001,0.5,0.3892230528981276,0.5555560000001888
262.29999999999114,33.1812114,14.8333452,0.5,0.3820858447652615,0.27502772277227056
262.39999999999117,33.4297598,14.9444564,0.5,0.4256299335164123,1.1223353535348262
262.4999999999912,33.4918969,14.9722342,0.5,0.41741593720995074,0.2777780000001033
262.5999999999912,33.4918969,14.9722342,0.5,0.39544667735679545,0.0
262.69999999999123,33.7404453,15.0833454,0.5,0.43046290364673984,1.0957712031556834
262.79999999999126,33.8025824,15.111123200000002,0.5,0.4445204947398601,0.28115182186240545
262.8999999999913,33.9268566,15.166678800000001,0.5,0.4584232697648297,0.5555559999998729
262.9999999999913,34.051130799999996,15.222234400000001,0.5,0.47235385039541206,0.5561121121121615
263.0999999999913,34.2375421,15.305567800000002,0.5,0.45831199145276197,0.832501498501526
263.19999999999135,34.3618163,15.3611234,0.5,0.5554649163278975,0.555556000000171
263.29999999999137,34.3618163,15.3611234,0.5,0.4442424939054642,0.0
263.3999999999914,34.548227600000004,15.444456800000001,0.5,0.5137287023138705,0.8341681681682511
263.4999999999914,34.610364700000005,15.472234600000002,0.5,0.49983980231385816,0.27777799999994535
263.59999999999144,34.796776,15.555568000000001,0.5,0.527589852263908,0.8325014985015082
263.69999999999146,34.8589131,15.583345800000002,0.5,0.5136731466583059,0.2777780000001033
263.7999999999915,34.9831873,15.6389014,0.5,0.499825871733246,0.5555559999998552
263.8999999999915,35.1074615,15.694457000000002,0.5,0.5137565358643064,0.556669338677282
263.99999999999153,35.2317357,15.750012600000002,0.5,0.5276454358643108,0.5555560000001888
264.09999999999155,35.418147,15.833346,0.5,0.5414927107893925,0.8325014985015082
264.1999999999916,35.418147,15.833346,0.5,0.5137149107893831,0.0
264.2999999999916,35.6045583,15.916679400000001,0.5,0.5416302246507605,0.8333339999998183
264.3999999999916,35.6666954,15.9444572,0.5,0.49940235697401547,0.2777779999999276
264.49999999999164,35.9152438,16.055568400000002,0.5,0.5410690569740301,1.1111120000003953
264.59999999999167,35.9773809,16.0833462,0.5,0.5549579569740264,0.2777779999999276
264.6999999999917,36.1016551,16.138901800000003,0.5,0.5279471968162526,0.5555560000002066
264.7999999999917,36.1637922,16.166679600000002,0.5,0.5277785057231287,0.2777779999999276
264.89999999999173,36.3502035,16.250013000000003,0.5,0.541584238657255,0.8316706586823986
264.99999999999176,36.4744777,16.3055686,0.5,0.5415564330516556,0.555556000000171
265.0999999999918,36.598751899999996,16.361124200000003,0.5,0.5277648250604433,0.556669338677282
265.1999999999918,36.7230261,16.4166798,0.5,0.5277648250604434,0.555556000000171
265.2999999999918,36.7851632,16.444457600000003,0.5,0.5416398500354622,0.27750049950037475
265.39999999999185,36.9094374,16.5000132,0.5,0.5277370472326568,0.5561121121121437
265.49999999999187,37.033711600000004,16.555568800000003,0.5,0.5415705025220892,0.5544471057885921
265.5999999999919,37.2201229,16.6389022,0.5,0.5416956279978071,0.8350040080158696
265.6999999999919,37.28226,16.666680000000003,0.5,0.541695627997808,0.27777800000012104
265.79999999999194,37.4065342,16.7222356,0.5,0.5416678779478492,0.5550009990006785
265.89999999999196,37.4686713,16.7500134,0.5,0.5277372138167886,0.27805605605607187
265.999999999992,37.5929455,16.805569000000002,0.5,0.5277094637668307,0.5550009990010292
266.099999999992,37.7172197,16.861124600000004,0.5,0.5138899944473643,0.5561121121121793
266.19999999999203,37.841493899999996,16.916680200000002,0.5,0.5416677944473729,0.555556000000171
266.29999999999205,38.0900423,17.0277914,0.5,0.5555566944473693,1.1111119999997459
266.3999999999921,38.1521794,17.0555692,0.5,0.5555566944473693,0.2777779999999276
266.4999999999921,38.2143165,17.083347,0.5,0.5138622720920634,0.27722355289427836
266.5999999999921,38.2764536,17.111124800000002,0.5,0.5138901055589999,0.2783346693386588
266.69999999999214,38.4628649,17.1944582,0.5,0.5277790055590024,0.8333340000002565
266.79999999999217,38.525002,17.222236000000002,0.5,0.5277790055590041,0.2777779999999631
266.8999999999922,38.6492762,17.277791600000004,0.5,0.5139732726248787,0.5555559999998907
266.9999999999922,38.8356875,17.361125,0.5,0.5277375464035311,0.8308414755732171
267.09999999999224,38.8978246,17.3889028,0.5,0.5138347715458973,0.27861384152460816
267.19999999999226,39.0220988,17.444458400000002,0.5,0.5138347715458991,0.5555560000002066
267.2999999999923,39.0842359,17.4722362,0.5,0.5138486465708768,0.2777779999999276
267.3999999999923,39.3327843,17.5833474,0.5,0.5415986409652569,1.1111119999997459
267.4999999999923,39.4570585,17.638903000000003,0.5,0.5416540856758376,0.5555560000002066
267.59999999999235,39.5191956,17.6666808,0.5,0.5137927852750406,0.2777779999999276
267.6999999999924,39.6434698,17.7222364,0.5,0.5276816852750431,0.555556000000171
267.7999999999924,39.7056069,17.750014200000003,0.5,0.5138205353250073,0.2777779999999631
267.8999999999924,39.8920182,17.833347600000003,0.5,0.5415844325221946,0.8333339999998183
267.99999999999244,39.8920182,17.833347600000003,0.5,0.5138343825721431,0.0
268.09999999999246,40.2027037,17.972236600000002,0.5,0.5555427909805538,1.3902802802803949
268.1999999999925,40.1405666,17.9444588,0.5,0.5139038133358296,-0.2772235528943138
268.2999999999925,40.389115000000004,18.055570000000003,0.5,0.5140151472035706,1.113338677354564
268.39999999999253,40.389115000000004,18.055570000000003,0.5,0.5001262472035741,0.0
268.49999999999255,40.5133892,18.1111256,0.5,0.5140706751644675,0.5561121121121437
268.5999999999926,40.6376634,18.166681200000003,0.5,0.5279317416975291,0.5555559999998907
268.6999999999926,40.761937599999996,18.2222368,0.5,0.5140428416975249,0.555556000000171
268.7999999999926,40.824074700000004,18.250014600000004,0.5,0.5140428416975248,0.2777779999999631
268.89999999999264,40.948348900000006,18.305570200000002,0.5,0.5140428416975231,0.5555559999998552
268.99999999999267,41.072623099999994,18.3611258,0.5,0.5002231232082901,0.5544471057885567
269.0999999999927,41.1347602,18.388903600000003,0.5,0.5002091645989926,0.2783346693386588
269.1999999999927,41.259034400000004,18.444459200000004,0.5,0.5001260804514246,0.5538943170488468
269.29999999999274,41.3833086,18.5000148,0.5,0.5140985646038873,0.5572276830491807
269.39999999999276,41.5075828,18.5555704,0.5,0.4863207646038945,0.5555559999998907
269.4999999999928,41.5697199,18.583348200000003,0.5,0.47236276559891666,0.27639601990065
269.5999999999928,41.7561312,18.666681600000004,0.5,0.500307901743495,0.8366807228914946
269.6999999999928,41.7561312,18.666681600000004,0.5,0.47253010174348653,0.0
269.79999999999285,42.004679599999996,18.7777928,0.5,0.5141968017434738,1.1111119999997103
269.8999999999929,42.1289538,18.833348400000002,0.5,0.5002801516935345,0.5550009990010292
269.9999999999929,42.191090900000006,18.861126200000005,0.5,0.5140179360654404,0.27475568743812223
270.0999999999929,42.3775022,18.944459600000002,0.5,0.48663405349734223,0.8426026289184306
270.19999999999294,42.439639299999996,18.9722374,0.5,0.5143980339448615,0.27805605605607187
270.29999999999296,42.5639135,19.027793000000003,0.5,0.4865089000771278,0.5555559999998907
270.399999999993,42.6260506,19.0555708,0.5,0.5003978000771242,0.2777779999999276
270.499999999993,42.8124619,19.138904200000002,0.5,0.5142588944715316,0.833334000000292
270.59999999999303,42.9367361,19.1944598,0.5,0.5142588944715298,0.5555559999998552
270.69999999999305,42.9367361,19.1944598,0.5,0.4864810944715213,0.0
270.7999999999931,43.0610103,19.250015400000002,0.5,0.5003699944715178,0.5555559999998907
270.8999999999931,43.1231474,19.277793200000005,0.5,0.4864672194465515,0.2775004995005323
270.9999999999931,43.247421599999996,19.3333488,0.5,0.48674667867325117,0.5600362903225478
271.09999999999314,43.3716958,19.3889044,0.5,0.5006355508119272,0.5561121121121793
271.19999999999317,43.49597,19.444460000000003,0.5,0.5007464405650939,0.5561121121121793
271.2999999999932,43.558107099999994,19.4722378,0.5,0.48676008138765,0.27750049950030375
271.3999999999932,43.682381299999996,19.5277934,0.5,0.4867878869932644,0.5561121121121793
271.49999999999324,43.8687926,19.6111268,0.5,0.5146347859982465,0.833334000000292
271.59999999999326,43.9309297,19.638904600000004,0.5,0.48668964985366986,0.2777779999999631
271.6999999999933,43.9930668,19.666682400000003,0.5,0.5004410359922834,0.27502772277227056
271.7999999999933,44.241615200000005,19.777793600000003,0.5,0.5009455772637288,1.1212028254286175
271.8999999999933,44.36588940000001,19.833349200000004,0.5,0.5010011329192863,0.5561121121121793
271.99999999999335,44.36588940000001,19.833349200000004,0.5,0.4872633485473803,0.0
272.0999999999934,44.36588940000001,19.833349200000004,0.5,0.44513321710145864,0.0
272.1999999999934,44.6144378,19.9444604,0.5,0.48678601429867213,1.111112000000342
272.2999999999934,44.676574900000006,19.972238200000003,0.5,0.47288323927369635,0.27750049950037475
272.39999999999344,44.80084909999999,20.0277938,0.5,0.4867721392737085,0.555556000000171
272.49999999999346,44.925123299999996,20.0833494,0.5,0.4728832392736867,0.5555559999998552
272.5999999999935,45.1115346,20.1666828,0.5,0.48673051419877017,0.832501498501526
272.6999999999935,45.1115346,20.1666828,0.5,0.48673051419877017,0.0
272.79999999999353,45.2358088,20.222238400000002,0.5,0.4867305141987702,0.5555559999998907
272.89999999999355,45.360083,20.277794,0.5,0.5006332892237364,0.5555559999998552
272.9999999999936,45.484357200000005,20.333349600000002,0.5,0.49999876534800736,0.5473458128079672
273.0999999999936,45.5464943,20.3611274,0.5,0.48627926521907466,0.281722109533527
273.1999999999936,45.60863140000001,20.388905200000004,0.5,0.47237646241627107,0.27805605605610745
273.29999999999364,45.732905599999995,20.4444608,0.5,0.4862792374412487,0.5555559999998552
273.39999999999367,45.8571798,20.5000164,0.5,0.4862236817856894,0.5550009990009936
273.4999999999937,45.919316900000005,20.527794200000002,0.5,0.4584597845884802,0.27805605605610745
273.5999999999937,46.0435911,20.5833498,0.5,0.47234868458847484,0.5555559999998552
273.69999999999374,46.167865299999995,20.638905400000002,0.5,0.4863750984498716,0.5555560000002066
273.79999999999376,46.4164137,20.750016600000002,0.5,0.4858705571784281,1.1111119999997459
273.8999999999938,46.4164137,20.750016600000002,0.5,0.4580649515728191,0.0
273.9999999999938,46.4164137,20.750016600000002,0.5,0.4580649515728191,0.0
274.0999999999938,46.602825,20.833350000000003,0.5,0.49981515197361437,0.8350040080159051
274.19999999999385,46.6649621,20.861127800000002,0.5,0.45813457694862214,0.2775004995004968
274.2999999999939,46.85137340000001,20.944461200000003,0.5,0.48596796038201584,0.8341681681682511
274.3999999999939,46.9135105,20.972239000000002,0.5,0.47207906038200365,0.2777779999999276
274.4999999999939,47.0377847,21.027794600000004,0.5,0.47205131033206227,0.5550009990010292
274.59999999999394,47.0999218,21.055572400000003,0.5,0.4443290382097896,0.27805605605607187
274.69999999999396,47.162058900000005,21.0833502,0.5,0.45821793820979384,0.2777780000000855
274.799999999994,47.224196,21.111128,0.5,0.44432903820979563,0.2777779999999276
274.899999999994,47.3484702,21.166683600000002,0.5,0.4443012881598545,0.5550009990010292
274.99999999999403,47.4727444,21.222239200000004,0.5,0.4447396031250651,0.5561121121121793
275.09999999999405,47.5970186,21.2777948,0.5,0.45843129764837975,0.5555559999998196
275.1999999999941,47.6591557,21.3055726,0.5,0.45841739484558036,0.27777800000012104
275.2999999999941,47.845567,21.388906000000002,0.5,0.4722231277797076,0.8316706586823986
275.3999999999941,47.845567,21.388906000000002,0.5,0.4444730778296579,0.0
275.49999999999415,47.9077041,21.4166838,0.5,0.4444870084937837,0.2783346693386232
275.59999999999417,48.0319783,21.4722394,0.5,0.44451481409939814,0.5561121121121437
275.6999999999942,48.2805267,21.583350600000003,0.5,0.4722926140994084,1.111112000000413
275.7999999999942,48.2805267,21.583350600000003,0.5,0.4167370140994211,0.0
275.89999999999424,48.3426638,21.611128400000002,0.5,0.4306259140994174,0.2777779999999276
275.99999999999426,48.404800900000005,21.638906200000005,0.5,0.444500939074444,0.2775004995005323
276.0999999999943,48.5290751,21.6944618,0.5,0.43055634427925427,0.5561121121121082
276.1999999999943,48.7154864,21.777795200000003,0.5,0.45834801930424585,0.8333340000003275
276.2999999999943,48.8397606,21.8333508,0.5,0.444417410895826,0.5555559999998552
276.39999999999435,48.8397606,21.8333508,0.5,0.4305285108958296,0.0
276.4999999999944,48.9018977,21.861128600000004,0.5,0.4143525442791122,0.2314816666666798
276.5999999999944,49.088309,21.944462,0.5,0.45240323274813327,1.0390698254364945
276.6999999999944,49.150446099999996,21.9722398,0.5,0.45243106621506807,0.2783346693387817
276.79999999999444,49.212583200000005,22.000017600000003,0.5,0.4524310662150698,0.2777779999999631
276.89999999999446,49.33685740000001,22.055573200000005,0.5,0.45243106621506984,0.5550009990010292
276.9999999999945,49.461131599999995,22.1111288,0.5,0.45240326060945196,0.5555559999998196
277.0999999999945,49.5232687,22.138906600000002,0.5,0.4385282634122663,0.27805605605610745
277.19999999999453,49.647542900000005,22.194462200000004,0.5,0.45241716341227056,0.5555560000002066
277.29999999999455,49.7718171,22.250017800000002,0.08,0.5555559999998552,0.5555559999998552
277.3999999999946,49.8960913,22.3055734,0.08,0.5555559999998552,0.5555559999998552
277.4999999999946,49.647542900000005,22.194462200000004,0.08,0.0003700006659076808,-1.1100019980019873
277.5999999999946,49.7718171,22.250017800000002,0.08,0.1393055285274667,0.5561121121121437
277.69999999999465,49.8339542,22.2777956,0.08,0.16688913340082903,0.27722355289427836
277.79999999999467,49.8339542,22.2777956,0.08,0.13907427783402418,0.0
277.8999999999947,49.9582284,22.333351200000003,0.08,0.19865111130233207,0.5561121121121793
277.9999999999947,49.9582284,22.333351200000003,0.08,0.17381972238954055,0.0
278.09999999999474,50.020365500000004,22.361129000000002,0.08,0.19323191829857694,0.3485294855708681
278.19999999999476,49.8960913,22.3055734,0.08,0.1183531264686986,-0.5555560000002066
278.2999999999948,49.9582284,22.333351200000003,0.08,0.13284629678972265,0.2777779999999631
278.3999999999948,49.8339542,22.2777956,0.08,0.07547943872392154,-0.5555559999998907
278.4999999999948,49.8960913,22.3055734,0.08,0.09099821673702592,0.27722355289427836
278.59999999999485,49.8339542,22.2777956,0.08,0.06793633600420021,-0.2318681135225339
278.6999999999949,49.8960913,22.3055734,0.08,0.08655541360392403,0.3472225000000575
278.7999999999949,49.8339542,22.2777956,0.08,0.0637845752536833,-0.2777779999999276
278.8999999999949,49.8339542,22.2777956,0.08,0.060032541415231344,0.0
278.99999999999494,49.9582284,22.333351200000003,0.08,0.08750001721373392,0.5544471057882776
279.09999999999496,49.9582284,22.333351200000003,0.08,0.08289475314985319,0.0
279.199999999995,50.0825026,22.3889068,0.08,0.1065000654424102,0.5550009990009936
279.299999999995,49.9582284,22.333351200000003,0.08,0.05121949316519039,-0.5500554455445411
279.39999999999503,49.8960913,22.3055734,0.08,0.00939831601656339,-0.2808675429726847
279.49999999999505,49.8960913,22.3055734,0.08,0.06489841591666276,0.0
279.5999999999951,49.8960913,22.3055734,0.08,0.03709281031105556,0.0
279.6999999999951,50.020365500000004,22.361129000000002,0.08,0.05098168261639311,0.5550009990010292
279.7999999999951,49.8339542,22.2777956,0.08,0.009231482215597853,-0.8350040080159051
279.89999999999515,49.8960913,22.3055734,0.08,-0.004781769864691232,0.27584707050639756
279.99999999999517,49.9582284,22.333351200000003,0.08,0.006782676430066213,0.2312889258951489
280.0999999999952,50.020365500000004,22.361129000000002,0.08,0.006760838743005847,0.3480927318296607
280.1999999999952,50.020365500000004,22.361129000000002,0.08,0.03453863874301617,0.0
280.29999999999524,49.8960913,22.3055734,0.08,-0.007408645095369643,-0.5611676767677533
280.39999999999526,50.020365500000004,22.361129000000002,0.08,0.04820262183848899,0.556669338677282
280.4999999999953,50.0825026,22.3889068,0.08,0.04823034419377935,0.2777780000000855
280.5999999999953,49.9582284,22.333351200000003,0.08,0.032045949869913284,-0.5555559999998552
280.6999999999953,49.8960913,22.3055734,0.08,0.0007959248699043548,-0.27777800000012104
280.79999999999535,49.9582284,22.333351200000003,0.08,0.028573724869898898,0.2777779999999631
280.8999999999954,50.0825026,22.3889068,0.08,0.05635152486989166,0.5555559999998552
280.9999999999954,50.020365500000004,22.361129000000002,0.08,0.0147402695804735,-0.2777780000000855
281.0999999999954,50.020365500000004,22.361129000000002,0.08,0.0147402695804735,0.0
281.19999999999544,49.9582284,22.333351200000003,0.08,-0.026898680369580465,-0.2777780000000855
281.29999999999546,50.0825026,22.3889068,0.08,0.028381891907639352,0.5555559999998552
281.3999999999955,50.020365500000004,22.361129000000002,0.08,0.028591703319219387,-0.27667131474108403
281.4999999999955,50.020365500000004,22.361129000000002,0.08,0.028591703319219387,0.0
281.59999999999553,49.8960913,22.3055734,0.08,0.005424230425135021,-0.4633494578816873
281.69999999999555,49.9582284,22.333351200000003,0.08,-0.008464641880208615,0.2772235528941565
281.7999999999956,50.020365500000004,22.361129000000002,0.08,0.04720229198752573,0.2783346693387817
281.8999999999956,49.9582284,22.333351200000003,0.08,0.019521038462209473,-0.2777779999999276
281.9999999999956,50.020365500000004,22.361129000000002,0.08,0.021845492167448407,0.2777779999999276
282.09999999999565,49.9582284,22.333351200000003,0.08,-0.009448044424038909,-0.2777780000000855
282.19999999999567,50.0825026,22.3889068,0.08,0.018357561181568276,0.5561121121121437
282.2999999999957,50.020365500000004,22.361129000000002,0.08,0.0325409200449311,-0.2775004995004968
282.3999999999957,50.020365500000004,22.361129000000002,0.08,0.0047074531110670005,0.0
282.49999999999574,49.8960913,22.3055734,0.08,-0.03698705249453042,-0.5561121121118628
282.59999999999576,49.9582284,22.333351200000003,0.08,0.004679647505468396,0.27777800000012104
282.6999999999958,49.9582284,22.333351200000003,0.08,0.01856854750547445,0.0
282.7999999999958,49.9582284,22.333351200000003,0.08,0.00467964750547629,0.0
282.8999999999958,50.0825026,22.3889068,0.08,0.00467964750547629,0.5555559999998552
282.99999999999585,50.0825026,22.3889068,0.08,0.018568547505480565,0.0
283.0999999999959,49.9582284,22.333351200000003,0.08,-0.009237058100126622,-0.5561121121121437
283.1999999999959,50.020365500000004,22.361129000000002,0.08,0.01854074189987403,0.2777779999999276
283.2999999999959,50.020365500000004,22.361129000000002,0.08,-0.009237058100118725,0.0
283.39999999999594,50.020365500000004,22.361129000000002,0.08,0.004596507636935476,0.0
283.49999999999596,50.0825026,22.3889068,0.08,0.018485407636931857,0.2777779999999276
283.599999999996,49.9582284,22.333351200000003,0.08,0.013875080531007672,-0.555556000000171
283.699999999996,49.9582284,22.333351200000003,0.08,1.3902886299849149e-05,0.0
283.79999999999603,50.0825026,22.3889068,0.08,0.013874969419369308,0.555556000000171
283.89999999999606,50.0825026,22.3889068,0.08,0.027763869419365695,0.0
283.9999999999961,50.020365500000004,22.361129000000002,0.08,-0.0033783225060897205,-0.34506583850918054
284.0999999999961,49.9582284,22.333351200000003,0.08,-0.0011314174767462978,-0.23283989941321717
284.1999999999961,50.020365500000004,22.361129000000002,0.08,-0.015061998107328644,0.2775004995004968
284.29999999999615,50.020365500000004,22.361129000000002,0.08,-0.0011869731323038036,0.0
284.39999999999617,50.0825026,22.3889068,0.08,0.012674204512410114,0.27722355289427836
284.4999999999962,49.9582284,22.333351200000003,0.08,0.012618425965558327,-0.5572276830488986
284.5999999999962,50.0825026,22.3889068,0.08,0.02645188125498011,0.5544471057885567
284.69999999999624,50.020365500000004,22.361129000000002,0.08,0.012535147788048947,-0.2783346693386232
284.79999999999626,50.020365500000004,22.361129000000002,0.08,0.012535147788048947,0.0
284.8999999999963,50.020365500000004,22.361129000000002,0.08,-0.01524265221194381,0.0
284.9999999999963,50.020365500000004,22.361129000000002,0.08,-0.01524265221194381,0.0
285.0999999999963,49.9582284,22.333351200000003,0.08,-0.0013120715813614652,-0.2775004995004968
285.19999999999635,50.0825026,22.3889068,0.08,0.019521278418647904,0.694445000000115
285.2999999999964,50.020365500000004,22.361129000000002,0.08,0.007947195085315396,-0.23148166666665018
285.3999999999964,49.8960913,22.3055734,0.08,-0.01985841052029357,-0.5561121121121793
285.4999999999964,49.9582284,22.333351200000003,0.08,-0.019886132875574253,0.2772235528943138
285.59999999999644,50.020365500000004,22.361129000000002,0.08,0.021794469927229977,0.27805605605591366
285.69999999999646,49.9582284,22.333351200000003,0.08,0.007919444952205135,-0.2775004995004968
285.7999999999965,50.0825026,22.3889068,0.08,0.007975111886074759,0.5566693386775634
285.8999999999965,50.020365500000004,22.361129000000002,0.08,-0.00591378811392162,-0.2777779999999276
285.99999999999653,50.020365500000004,22.361129000000002,0.08,0.011339503811537404,0.0
286.09999999999656,50.0825026,22.3889068,0.08,0.03688430158500186,0.27805605605607187
286.1999999999966,50.0825026,22.3889068,0.08,0.023009276609977015,0.0
286.2999999999966,50.0825026,22.3889068,0.08,0.023009276609977015,0.0
286.3999999999966,50.020365500000004,22.361129000000002,0.08,-0.004713078679442953,-0.2772235528941211
286.49999999999665,50.0825026,22.3889068,0.08,0.03706503893993313,0.2783346693386232
286.59999999999667,50.020365500000004,22.361129000000002,0.08,-0.00454621634949898,-0.2777780000000855
286.6999999999967,50.020365500000004,22.361129000000002,0.08,0.009370517117432184,0.0
286.7999999999967,49.9582284,22.333351200000003,0.08,-0.004532285685371409,-0.27805605605607187
286.89999999999674,50.020365500000004,22.361129000000002,0.08,0.00935661431462497,0.2777779999999276
286.99999999999676,50.0825026,22.3889068,0.08,0.023190180051679173,0.27667131474108403
287.0999999999968,50.0825026,22.3889068,0.08,0.03706520502670401,0.0
287.1999999999968,50.0825026,22.3889068,0.08,0.002342955026698265,0.0
287.2999999999968,50.020365500000004,22.361129000000002,0.08,2.81383600264945e-05,-0.2777780000000855
287.39999999999685,50.020365500000004,22.361129000000002,0.08,0.02783374396563546,0.0
287.4999999999969,50.020365500000004,22.361129000000002,0.08,0.013972566320919769,0.0
287.5999999999969,50.020365500000004,22.361129000000002,0.08,6.976351812408577e-05,0.0
287.6999999999969,49.9582284,22.333351200000003,0.08,5.588849315254773e-05,-0.2777779999999276
287.79999999999694,50.020365500000004,22.361129000000002,0.08,-0.013888678440721345,0.2777780000000855
287.89999999999696,50.1446397,22.416684600000004,0.08,0.027778021559269568,0.5555559999998907
287.999999999997,50.1446397,22.416684600000004,0.08,0.027778021559269568,0.0
288.099999999997,50.0825026,22.3889068,0.08,-0.00019661508345316658,-0.28143667679838275
288.19999999999703,50.0825026,22.3889068,0.08,-0.00019661508345316658,0.0
288.29999999999706,49.9582284,22.333351200000003,0.08,-0.02797441508346172,-0.555556000000171
288.3999999999971,50.0825026,22.3889068,0.08,0.013664562561237095,0.5555559999998552
288.4999999999971,50.020365500000004,22.361129000000002,0.08,-0.014141070905690445,-0.2777779999999276
288.5999999999971,50.020365500000004,22.361129000000002,0.08,-0.0002521709056861693,0.0
288.69999999999715,50.020365500000004,22.361129000000002,0.08,-0.0002521709056861693,0.0
288.79999999999717,50.0825026,22.3889068,0.08,0.027525656872142267,0.2775004995004968
288.8999999999972,50.1446397,22.416684600000004,0.08,0.027539559674951263,0.27805605605610745
288.9999999999972,50.0825026,22.3889068,0.08,-0.00016903103712955224,-0.2775004995005323
289.09999999999724,50.0825026,22.3889068,0.08,-0.00016903103712955224,0.0
289.19999999999726,50.020365500000004,22.361129000000002,0.08,-0.014044056012154393,-0.2775004995004968
289.2999999999973,50.020365500000004,22.361129000000002,0.08,-0.00015515601215012332,0.0
289.3999999999973,50.1446397,22.416684600000004,0.08,0.02762264398784441,0.5555559999998907
289.4999999999973,50.020365500000004,22.361129000000002,0.08,-0.00012740596220705002,-0.5550009990010292
289.59999999999735,50.1446397,22.416684600000004,0.08,0.027594949327222555,0.5544471057885921
289.6999999999974,50.0825026,22.3889068,0.08,0.027525155859885787,-0.2791738693466631
289.7999999999974,50.1446397,22.416684600000004,0.08,0.027525155859887563,0.27777800000012104
289.8999999999974,50.1446397,22.416684600000004,0.08,-0.0002526441401069751,0.0
289.99999999999744,50.0825026,22.3889068,0.08,-0.014141544140105131,-0.2777779999999631
290.09999999999746,50.1446397,22.416684600000004,0.08,0.013819189699820062,0.27777800000012104
290.1999999999975,50.020365500000004,22.361129000000002,0.08,-0.013958610300174474,-0.5555559999998907
290.2999999999975,50.020365500000004,22.361129000000002,0.08,0.013819189699834079,0.0
290.39999999999753,50.020365500000004,22.361129000000002,0.08,-0.01395861030015868,0.0
290.49999999999756,50.020365500000004,22.361129000000002,0.08,-6.971030016230672e-05,0.0
290.5999999999976,50.020365500000004,22.361129000000002,0.08,-6.971030016230672e-05,0.0
290.6999999999976,50.0825026,22.3889068,0.08,0.013805314674862535,0.2775004995004968
290.7999999999976,50.1446397,22.416684600000004,0.08,0.013819189699843751,0.27777800000012104
290.89999999999765,50.020365500000004,22.361129000000002,0.08,-0.027861413102956156,-0.5555559999998907
290.99999999999767,50.0825026,22.3889068,0.08,-9.748812793316242e-05,0.2777779999999276
291.0999999999977,50.020365500000004,22.361129000000002,0.08,-0.013972513102958004,-0.2775004995004968
291.1999999999977,50.020365500000004,22.361129000000002,0.08,-9.748812793315964e-05,0.0
291.29999999999774,50.1446397,22.416684600000004,0.08,0.027680311872061374,0.5555559999998907
291.39999999999776,50.020365500000004,22.361129000000002,0.08,-0.027819843417362766,-0.5544471057885921
291.4999999999978,50.020365500000004,22.361129000000002,0.08,-6.979346731130764e-05,0.0
291.5999999999978,50.0825026,22.3889068,0.08,-0.013889345953937326,0.27805605605607187
291.69999999999783,50.1446397,22.416684600000004,0.08,0.013958247513393987,0.2777779999999631
291.79999999999785,50.0825026,22.3889068,0.08,-0.013791830131327754,-0.2772235528943138
291.8999999999979,50.0825026,22.3889068,0.08,-0.013791830131327754,0.0
291.9999999999979,50.020365500000004,22.361129000000002,0.08,-0.013791830131325978,-0.2777779999999276
292.0999999999979,50.020365500000004,22.361129000000002,0.08,-0.027680730131332026,0.0
292.19999999999794,50.0825026,22.3889068,0.08,0.01393063560571671,0.27667131474108403
292.29999999999797,50.020365500000004,22.361129000000002,0.08,-5.647051369850331e-08,-0.27861384152460816
292.399999999998,50.020365500000004,22.361129000000002,0.08,-5.647051369850331e-08,0.0
292.499999999998,50.0825026,22.3889068,0.08,0.013888843529482681,0.2777779999999276
292.59999999999803,50.020365500000004,22.361129000000002,0.08,-5.647052159496457e-08,-0.2777780000000855
292.69999999999806,50.1446397,22.416684600000004,0.08,0.013902718554448096,0.5555559999998907
292.7999999999981,50.020365500000004,22.361129000000002,0.08,-0.02776398144556828,-0.5555560000002066
292.8999999999981,50.1446397,22.416684600000004,0.08,0.027736173843840133,0.5544471057882776
292.9999999999981,50.0825026,22.3889068,0.08,-6.945962308918807e-05,-0.2783346693386588
293.09999999999815,50.0825026,22.3889068,0.08,0.01380556535193565,0.0
293.19999999999817,50.020365500000004,22.361129000000002,0.08,-8.333464806072887e-05,-0.2777779999999276
293.2999999999982,50.0825026,22.3889068,0.08,-0.013972234648050988,0.2777780000000855
293.3999999999982,50.0825026,22.3889068,0.08,0.013750120641378625,0.0
293.49999999999824,50.0825026,22.3889068,0.08,0.013750120641378625,0.0
293.59999999999826,50.2067768,22.444462400000003,0.08,0.027625117838585355,0.5555560000002066
293.6999999999983,50.1446397,22.416684600000004,0.08,-0.00015268216140918166,-0.2777779999999276
293.7999999999983,50.1446397,22.416684600000004,0.08,0.01370849548330651,0.0
293.89999999999833,50.020365500000004,22.361129000000002,0.08,-0.014152888669156089,-0.557227683049252
293.99999999999835,50.020365500000004,22.361129000000002,0.08,-0.0002639886691597149,0.0
294.0999999999984,50.1446397,22.416684600000004,0.08,0.027513811330850613,0.5555560000002066
294.1999999999984,50.0825026,22.3889068,0.08,-0.00020865440620174147,-0.2777779999999631
294.2999999999984,50.0825026,22.3889068,0.08,0.013722037670028669,0.0
294.39999999999844,50.0825026,22.3889068,0.08,0.013722037670028669,0.0
294.49999999999847,50.2067768,22.444462400000003,0.08,0.027555492959461896,0.5544471057885921
294.5999999999985,50.1446397,22.416684600000004,0.08,0.02755549295946979,-0.2777779999999276
294.6999999999985,50.1446397,22.416684600000004,0.08,-0.0002223070405247385,0.0
294.79999999999853,50.2067768,22.444462400000003,0.08,0.04144439295948986,0.2777780000000855
294.89999999999856,50.2067768,22.444462400000003,0.08,0.013722037670075979,0.0
294.9999999999986,50.1446397,22.416684600000004,0.08,0.013749871137012542,-0.2777779999999276
295.0999999999986,50.0825026,22.3889068,0.08,-0.00013902886299350936,-0.27777800000012104
295.1999999999986,50.0825026,22.3889068,0.08,0.013749871137002864,0.0
295.29999999999865,50.1446397,22.416684600000004,0.08,0.013735996112025212,0.2775004995005323
295.39999999999867,50.1446397,22.416684600000004,0.08,0.013735996112025212,0.0
295.4999999999987,50.1446397,22.416684600000004,0.08,0.013735996112025212,0.0
295.5999999999987,50.0825026,22.3889068,0.08,-0.02794460669079049,-0.27805605605610745
295.69999999999874,50.1446397,22.416684600000004,0.08,-0.00020834876457205553,0.27694715852444113
295.79999999999876,50.1446397,22.416684600000004,0.08,-0.00020834876457205553,0.0
295.8999999999988,50.0825026,22.3889068,0.08,0.01376413538789239,-0.2777779999999631
295.9999999999988,50.0825026,22.3889068,0.08,0.01376413538789239,0.0
296.09999999999883,50.0825026,22.3889068,0.08,-0.01401366461211794,0.0
296.19999999999885,50.0825026,22.3889068,0.08,-0.00012476461211978208,0.0
296.2999999999989,50.0825026,22.3889068,0.08,-0.00012476461211978208,0.0
296.3999999999989,50.0825026,22.3889068,0.08,-0.00012476461211978208,0.0
296.4999999999989,50.2067768,22.444462400000003,0.08,-6.931990155485401e-05,0.5555559999998907
296.59999999999894,50.1446397,22.416684600000004,0.08,-6.931990156275325e-05,-0.2777780000000855
296.69999999999897,50.1446397,22.416684600000004,0.08,-6.931990156275325e-05,0.0
296.799999999999,50.0825026,22.3889068,0.08,-0.02770960604018231,-0.27502772277230575
296.899999999999,50.020365500000004,22.361129000000002,0.08,-0.04173879795937525,-0.2805838383838587
296.99999999999903,50.1446397,22.416684600000004,0.08,-4.429235378572982e-05,0.5561121121118628
297.09999999999906,50.0825026,22.3889068,0.08,-4.429235378572705e-05,-0.27777800000012104
297.1999999999991,50.2067768,22.444462400000003,0.08,0.02773350764620881,0.5555559999998907
297.2999999999991,50.2067768,22.444462400000003,0.08,0.01385848267118219,0.0
297.3999999999991,50.2067768,22.444462400000003,0.08,0.01385848267118219,0.0
297.49999999999915,50.2067768,22.444462400000003,0.08,0.01385848267118219,0.0
297.59999999999917,50.020365500000004,22.361129000000002,0.08,-0.013905414526027038,-0.833334000000292
297.6999999999992,50.2067768,22.444462400000003,0.08,0.013913927547741817,0.8333339999998183
297.7999999999992,50.0825026,22.3889068,0.08,-0.013836122402309642,-0.5550009990010292
297.89999999999924,50.0825026,22.3889068,0.08,5.2777597688519194e-05,0.0
297.99999999999926,50.0825026,22.3889068,0.08,5.2777597688519194e-05,0.0
298.0999999999993,50.0825026,22.3889068,0.08,5.2777597688519194e-05,0.0
298.1999999999993,50.2067768,22.444462400000003,0.08,0.027830577597683055,0.5555559999998907
298.29999999999933,50.1446397,22.416684600000004,0.08,0.013927774794879461,-0.27805605605607187
298.39999999999935,50.2067768,22.444462400000003,0.08,0.027802799769904303,0.2775004995004968
298.4999999999994,50.1446397,22.416684600000004,0.08,-0.013863900230086611,-0.2777779999999276
298.5999999999994,50.1446397,22.416684600000004,0.08,2.499976991765518e-05,0.0
298.6999999999994,50.0825026,22.3889068,0.08,-0.0138639002300805,-0.2777779999999631
298.79999999999944,50.0825026,22.3889068,0.08,-0.00011251409146520452,0.0
298.89999999999947,50.2067768,22.444462400000003,0.08,0.04161139368017007,0.5538943170488468
298.9999999999995,50.1446397,22.416684600000004,0.08,-0.00012490400164553994,-0.2786138415244493
299.0999999999995,50.0825026,22.3889068,0.08,-0.00012490400164553718,-0.27777800000012104
299.19999999999953,50.2067768,22.444462400000003,0.08,-0.00012490400164553718,0.5555559999998907
299.29999999999956,50.2067768,22.444462400000003,0.08,-0.00012490400164553718,0.0
299.3999999999996,50.1446397,22.416684600000004,0.08,-0.014013804001641917,-0.2777779999999276
299.4999999999996,50.1446397,22.416684600000004,0.08,-0.014013804001641917,0.0
299.5999999999996,50.2067768,22.444462400000003,0.08,0.04154179599837695,0.2777780000000855
299.69999999999965,50.0825026,22.3889068,0.08,-0.027847259291027836,-0.5544471057882776
299.79999999999967,50.0825026,22.3889068,0.08,-9.720934097637857e-05,0.0
299.8999999999997,50.2067768,22.444462400000003,0.08,0.027680590659018157,0.5555559999998907
299.9999999999997,50.0825026,22.3889068,0.08,-4.176463041145051e-05,-0.5544471057885921
300.09999999999974,50.2067768,22.444462400000003,0.08,0.027791702303452646,0.556669338677282
300.19999999999976,50.2067768,22.444462400000003,0.08,1.3902303458113164e-05,0.0
300.2999999999998,50.2067768,22.444462400000003,0.08,0.01391670510626171,0.0
300.3999999999998,50.0825026,22.3889068,0.08,-0.02773611986875767,-0.5555559999998907
300.49999999999983,50.1446397,22.416684600000004,0.08,4.168013123686809e-05,0.2777779999999631
300.59999999999985,50.2067768,22.444462400000003,0.08,0.013930580131241144,0.2777780000000855
300.6999999999999,50.0825026,22.3889068,0.08,4.1680131244759e-05,-0.5555559999998907
300.7999999999999,50.2067768,22.444462400000003,0.08,0.027819480131255087,0.5555560000002066
300.8999999999999,50.2067768,22.444462400000003,0.08,0.00012476427881274454,0.0
300.99999999999994,50.1446397,22.416684600000004,0.08,0.00016655635503883549,-0.2777779999999276
301.09999999999997,50.020365500000004,22.361129000000002,0.08,-0.013722343644965445,-0.5555560000002066
301.2,50.1446397,22.416684600000004,0.08,-0.013722343644965445,0.5555559999998907
301.3,50.1446397,22.416684600000004,0.08,-0.013722343644965445,0.0
301.40000000000003,50.1446397,22.416684600000004,0.08,0.00016655635503093902,0.0
301.50000000000006,50.0825026,22.3889068,0.08,-0.01373624644776652,-0.2780560560559492
301.6000000000001,50.0825026,22.3889068,0.08,-0.0276251464477708,0.0
301.7000000000001,50.0825026,22.3889068,0.08,9.720884164308164e-05,0.0
301.8000000000001,50.1446397,22.416684600000004,0.08,0.014000011644448454,0.27805605605610745
301.90000000000015,50.0825026,22.3889068,0.08,-0.027666688355544235,-0.2777779999999631
302.00000000000017,50.0825026,22.3889068,0.08,5.5666933885376026e-05,0.0
302.1000000000002,50.2067768,22.444462400000003,0.08,3.160249839595508e-14,0.5555560000002066
302.2000000000002,50.2689139,22.472240200000005,0.08,0.013888900000029758,0.2777779999999631
302.30000000000024,50.020365500000004,22.361129000000002,0.08,-0.0416666999999909,-1.111112000000413
302.40000000000026,50.020365500000004,22.361129000000002,0.08,-0.013888899999996368,0.0
302.5000000000003,50.0825026,22.3889068,0.08,-0.01387499719719884,0.27805605605591366
302.6000000000003,50.0825026,22.3889068,0.08,-0.027763897197203107,0.0
302.70000000000033,50.0825026,22.3889068,0.08,1.3902802791421198e-05,0.0
302.80000000000035,50.0825026,22.3889068,0.08,-0.027763897197218907,0.0
302.9000000000004,50.0825026,22.3889068,0.08,-0.027763897197218907,0.0
303.0000000000004,50.1446397,22.416684600000004,0.08,-0.0001236110586072342,0.27502772277230575
303.1000000000004,50.2067768,22.444462400000003,0.08,0.04168338086059604,0.2805838383838587
303.20000000000044,50.1446397,22.416684600000004,0.08,1.668086060510887e-05,-0.2777779999999276
303.30000000000047,50.1446397,22.416684600000004,0.08,1.668086060510887e-05,0.0
303.4000000000005,50.2067768,22.444462400000003,0.08,0.013919483663408703,0.27805605605607187
303.5000000000005,50.0825026,22.3889068,0.08,4.448646621162955e-05,-0.5555559999998907
303.60000000000053,50.0825026,22.3889068,0.08,4.448646621162955e-05,0.0
303.70000000000056,50.2067768,22.444462400000003,0.08,0.027822286466206166,0.5555559999998907
303.8000000000006,50.0825026,22.3889068,0.08,-0.013583288613828024,-0.5500554455445763
303.9000000000006,50.1446397,22.416684600000004,0.08,0.014334803305364857,0.28058383838389456
304.0000000000006,50.2067768,22.444462400000003,0.08,0.028223703305361236,0.2777779999999276
304.10000000000065,50.2067768,22.444462400000003,0.08,0.0004459033053509087,0.0
304.20000000000067,50.1446397,22.416684600000004,0.08,-0.027472188613840175,-0.2805838383838587
304.3000000000007,50.1446397,22.416684600000004,0.08,0.02808341138618048,0.0
304.4000000000007,50.0825026,22.3889068,0.08,0.014222233741472653,-0.2772235528941565
304.50000000000074,50.0825026,22.3889068,0.08,0.00031943093867697057,0.0
304.60000000000076,50.2067768,22.444462400000003,0.08,0.028236817873357446,0.5583477386936095
304.7000000000008,50.2067768,22.444462400000003,0.08,0.028236817873357446,0.0
304.8000000000008,50.1446397,22.416684600000004,0.08,0.01430612579713498,-0.2786138415244493
304.90000000000083,50.2067768,22.444462400000003,0.08,0.028236817873365388,0.27861384152460816
305.00000000000085,50.2067768,22.444462400000003,0.08,0.014485431734750101,0.0
305.1000000000009,50.2067768,22.444462400000003,0.08,0.0004562398155571634,0.0
305.2000000000009,50.0825026,22.3889068,0.08,-0.01343266018444099,-0.5555559999998907
305.3000000000009,50.1446397,22.416684600000004,0.08,0.00045623981556506263,0.27777800000012104
305.40000000000094,50.0825026,22.3889068,0.08,-0.02733546298723668,-0.2777779999999631
305.50000000000097,50.0825026,22.3889068,0.08,0.0004423370127578513,0.0
305.600000000001,50.2067768,22.444462400000003,0.08,0.028220137012768175,0.5555560000002066
305.700000000001,50.2067768,22.444462400000003,0.08,0.000442337012773647,0.0
305.80000000000103,50.2689139,22.472240200000005,0.08,0.04183400929000851,0.27777800000012104
305.90000000000106,50.0825026,22.3889068,0.08,-0.013861882629178906,-0.8333339999998538
306.0000000000011,50.2067768,22.444462400000003,0.08,2.7017370819248933e-05,0.5555559999998907
306.1000000000011,50.2067768,22.444462400000003,0.08,2.7017370819248933e-05,0.0
306.2000000000011,50.0825026,22.3889068,0.08,-0.013721590709982351,-0.5555559999998907
306.30000000000115,50.0825026,22.3889068,0.08,-0.013721590709982351,0.0
306.40000000000117,50.020365500000004,22.361129000000002,0.08,-0.013598197437178883,-0.2747556874380871
306.5000000000012,50.0825026,22.3889068,0.08,0.0004451797114535555,0.28086754297264876
306.6000000000012,50.1446397,22.416684600000004,0.08,-0.013583307223220866,0.27777800000012104
306.70000000000124,50.0825026,22.3889068,0.08,-0.027472207223219025,-0.2777779999999631
306.80000000000126,50.1446397,22.416684600000004,0.08,0.00036128765580880907,0.27805605605610745
306.9000000000013,50.2067768,22.444462400000003,0.08,0.00030562055460323925,0.2775004995004968
307.0000000000013,50.2067768,22.444462400000003,0.08,0.00030562055460323925,0.0
307.10000000000133,50.020365500000004,22.361129000000002,0.08,-0.04136107944541136,-0.833334000000292
307.20000000000135,50.0825026,22.3889068,0.08,0.0003056205545795609,0.2777779999999276
307.3000000000014,50.0825026,22.3889068,0.08,-0.013583279445426494,0.0
307.4000000000014,50.0825026,22.3889068,0.08,0.00030562055457165617,0.0
307.5000000000014,50.1446397,22.416684600000004,0.08,0.014222354021504596,0.2783346693386588
307.60000000000144,50.2067768,22.444462400000003,0.08,0.000305731666208181,0.27722355289427836
307.70000000000147,50.1446397,22.416684600000004,0.08,-0.013597071136595413,-0.27805605605607187
307.8000000000015,50.2067768,22.444462400000003,0.08,-0.013583168333797852,0.27805605605607187
307.9000000000015,50.2067768,22.444462400000003,0.08,0.028083531666194834,0.0
308.00000000000153,50.2067768,22.444462400000003,0.08,0.0003057316662002874,0.0
308.10000000000156,50.2067768,22.444462400000003,0.08,0.0003057316662002874,0.0
308.2000000000016,50.0825026,22.3889068,0.08,0.00030573166620029844,-0.5555559999998907
308.3000000000016,50.0825026,22.3889068,0.08,0.00030573166620029844,0.0
308.4000000000016,50.1446397,22.416684600000004,0.08,0.027932416038102804,0.2777779999999631
308.50000000000165,50.0825026,22.3889068,0.08,1.3888947221207814e-07,-0.2777779999999631
308.60000000000167,50.0825026,22.3889068,0.08,-0.013888761110533837,0.0
308.7000000000017,50.2067768,22.444462400000003,0.08,0.02775018883951577,0.5550009990010292
308.8000000000017,50.2067768,22.444462400000003,0.08,0.013847386036710402,0.0
308.90000000000174,50.2067768,22.444462400000003,0.08,-2.763893831443931e-05,0.0
309.00000000000176,50.1446397,22.416684600000004,0.08,-0.013751848424479213,-0.27448418972329547
309.1000000000018,50.0825026,22.3889068,0.08,0.013857260482414216,-0.28115182186242343
309.2000000000018,50.0825026,22.3889068,0.08,-3.163951758216321e-05,0.0
309.30000000000183,50.1446397,22.416684600000004,0.08,0.013871163285223208,0.27805605605610745
309.40000000000185,50.1446397,22.416684600000004,0.08,0.013871163285223208,0.0
309.5000000000019,50.0825026,22.3889068,0.08,-0.013906747826417556,-0.2772235528941565
309.6000000000019,50.1446397,22.416684600000004,0.08,-0.013879025471133316,0.2777779999999631
309.7000000000019,50.2067768,22.444462400000003,0.08,0.013802447966591483,0.27557341269842417
309.80000000000194,50.1446397,22.416684600000004,0.08,-0.013975379811236949,-0.2775004995004968
309.90000000000197,50.1446397,22.416684600000004,0.08,-0.013975379811236949,0.0
310.000000000002,50.0825026,22.3889068,0.08,-0.02801875695987118,-0.2808675429726847
310.100000000002,50.1446397,22.416684600000004,0.08,-0.014143731984844568,0.2775004995005323
310.20000000000203,50.0825026,22.3889068,0.08,-0.00028266545178297906,-0.2783346693386588
310.30000000000206,50.0825026,22.3889068,0.08,-0.00028266545178297906,0.0
310.4000000000021,50.2067768,22.444462400000003,0.08,0.013304003292029331,0.5495113748762093
310.5000000000021,50.2067768,22.444462400000003,0.08,0.027192903292027483,0.0
310.6000000000021,50.2067768,22.444462400000003,0.08,0.027192903292027483,0.0
310.70000000000215,50.1446397,22.416684600000004,0.08,-0.014446046658020345,-0.2777779999999276
310.80000000000217,50.1446397,22.416684600000004,0.08,-0.014446046658020345,0.0
310.9000000000022,50.2067768,22.444462400000003,0.08,-0.0005293131910891841,0.2783346693386232
311.0000000000022,50.0825026,22.3889068,0.08,-0.01458290370491895,-0.5555559999998907
311.10000000000224,50.0825026,22.3889068,0.08,-0.0005253126117977791,0.0
311.20000000000226,50.0825026,22.3889068,0.08,-0.0005253126117977791,0.0
311.3000000000023,50.2067768,22.444462400000003,0.08,0.01337749019100581,0.5561121121121793
311.4000000000023,50.2067768,22.444462400000003,0.08,0.01337749019100581,0.0
311.50000000000233,50.1446397,22.416684600000004,0.08,0.013377490190999718,-0.27722355289427836
311.60000000000235,50.2067768,22.444462400000003,0.08,0.013405323657932724,0.2783346693386232
311.7000000000024,50.2067768,22.444462400000003,0.08,-0.0003733469769884895,0.0
311.8000000000024,50.0825026,22.3889068,0.08,-0.014303927607572606,-0.5561121121121793
311.9000000000024,50.0825026,22.3889068,0.08,-0.014303927607572606,0.0
312.00000000000244,50.0825026,22.3889068,0.08,-0.00026055045893836893,0.0
312.10000000000247,50.0825026,22.3889068,0.08,-0.014135575433964986,0.0
312.2000000000025,50.1446397,22.416684600000004,0.08,0.013656183007994569,0.2775004995005323
312.3000000000025,50.2067768,22.444462400000003,0.08,0.02757291647493365,0.2783346693387817
312.40000000000254,50.2067768,22.444462400000003,0.08,9.734773112319018e-05,0.0
312.50000000000256,50.2067768,22.444462400000003,0.08,9.734773112319018e-05,0.0
312.6000000000026,50.1446397,22.416684600000004,0.08,-0.013791552268881086,-0.2777780000000855
312.7000000000026,50.0825026,22.3889068,0.08,-0.013791552268882862,-0.2777779999999631
312.8000000000026,50.0825026,22.3889068,0.08,-0.013791552268882862,0.0
312.90000000000265,50.1446397,22.416684600000004,0.08,-0.013819385735815865,0.2777779999999631
313.0000000000027,50.1446397,22.416684600000004,0.08,0.013958414264178667,0.0
313.1000000000027,50.1446397,22.416684600000004,0.08,0.013958414264178667,0.0
313.2000000000027,50.0825026,22.3889068,0.08,6.951426418051187e-05,-0.2777779999999631
313.30000000000274,50.2067768,22.444462400000003,0.08,4.1708658581879333e-05,0.5555560000002066
313.40000000000276,50.2067768,22.444462400000003,0.08,4.1708658581879333e-05,0.0
313.5000000000028,50.2067768,22.444462400000003,0.08,0.013902886303295794,0.0
313.6000000000028,50.2067768,22.444462400000003,0.08,-1.3847163635366533e-05,0.0
313.70000000000283,50.0825026,22.3889068,0.08,-0.0277916471636299,-0.5555559999998907
313.80000000000285,50.0825026,22.3889068,0.08,1.3958441979056158e-05,0.0
313.9000000000029,50.1446397,22.416684600000004,0.08,0.013902858441977212,0.2777779999999631
314.0000000000029,50.2689139,22.472240200000005,0.08,0.041680658441971746,0.5555559999998907
314.1000000000029,50.2689139,22.472240200000005,0.08,0.041680658441971746,0.0
314.20000000000294,50.2689139,22.472240200000005,0.08,0.027805633466945135,0.0
314.30000000000297,50.2689139,22.472240200000005,0.08,0.013888900000006055,0.0
314.400000000003,50.2067768,22.444462400000003,0.08,7.89923682020799e-15,-0.2777779999999631
314.500000000003,50.2067768,22.444462400000003,0.08,7.89923682020799e-15,0.0
314.60000000000304,50.0825026,22.3889068,0.08,-0.013888899999998155,-0.5555560000002066
314.70000000000306,50.0825026,22.3889068,0.08,0.0,0.0
314.8000000000031,50.1446397,22.416684600000004,0.08,0.013902802802805373,0.27805605605610745
314.9000000000031,50.1446397,22.416684600000004,0.08,1.3902802807216897e-05,0.0
315.0000000000031,50.2689139,22.472240200000005,0.08,0.027736258092236822,0.5544471057885921
315.10000000000315,50.2067768,22.444462400000003,0.08,0.013819524625303881,-0.2783346693386588
315.2000000000032,50.1446397,22.416684600000004,-0.5,-0.5,-0.2777779999999276
315.3000000000032,50.2689139,22.472240200000005,-0.5,-0.5,0.5555560000002066
315.4000000000032,50.1446397,22.416684600000004,-0.5,-0.5,-0.5555559999998907
315.50000000000324,50.1446397,22.416684600000004,-0.5,-0.5,0.0
315.60000000000326,50.0825026,22.3889068,-0.5,-0.5,-0.27777800000012104
315.7000000000033,50.020365500000004,22.361129000000002,-0.5,-0.5,-0.2772235528941211
315.8000000000033,49.70968,22.222240000000003,-0.5,-0.5,-1.3916733466939442
315.90000000000333,49.647542900000005,22.194462200000004,-0.5,-0.5,-0.2777779999999276
316.00000000000335,49.5854058,22.1666844,-0.5,-0.5,-0.2777779999999631
316.1000000000034,49.3989945,22.083351,-0.5,-0.5,-0.8316706586828705
316.2000000000034,49.2747203,22.027795400000002,-0.5,-0.5,-0.5555559999998552
316.3000000000034,49.088309,21.944462,-0.5,-0.5,-0.833334000000292
316.40000000000344,48.9018977,21.861128600000004,-0.5,-0.5,-0.8333339999997827
316.50000000000347,48.7154864,21.777795200000003,-0.5,-0.4763505404490282,-0.8350040080159051
316.6000000000035,48.5912122,21.7222396,-0.5,-0.4816309044191067,-0.5555560000002066
316.7000000000035,48.466938,21.666684000000004,-0.5,-0.4862512228929035,-0.5555559999998552
316.80000000000354,48.2805267,21.583350600000003,-0.5,-0.506667856840397,-0.833334000000292
316.90000000000356,48.1562525,21.527795,-0.5,-0.5089877790198688,-0.5484264560708899
317.0000000000036,48.09411540000001,21.500017200000002,-0.5,-0.4969814508068657,-0.2808675429728102
317.1000000000036,47.969841200000005,21.444461600000004,-0.5,-0.4999101782665152,-0.5555559999998552
317.2000000000036,47.7212928,21.3333504,-0.5,-0.541688212134247,-1.113338677354564
317.30000000000365,47.7212928,21.3333504,-0.5,-0.5694660121342573,0.0
317.4000000000037,47.5970186,21.2777948,-0.5,-0.5694105674236767,-0.5544471057882776
317.5000000000037,47.410607299999995,21.1944614,-0.5,-0.6111607678244703,-0.8350040080158696
317.6000000000037,47.2863331,21.1389058,-0.5,-0.62474743656829,-0.5495113748765182
317.70000000000374,47.162058900000005,21.0833502,-0.5,-0.6389730132208489,-0.5617350859452975
317.80000000000376,47.0377847,21.027794600000004,-0.5,-0.5971393958362012,-0.5550009990009936
317.9000000000038,46.9135105,20.972239000000002,-0.5,-0.6110005457862564,-0.5550009990010292
318.0000000000038,46.7892363,20.9166834,-0.5,-0.6249451127201222,-0.556669338677282
318.10000000000383,46.6649621,20.861127800000002,-0.5,-0.6111393797859874,-0.555556000000171
318.20000000000385,46.5406879,20.805572200000004,-0.5,-0.6111393797859874,-0.5555559999998552
318.3000000000039,46.4164137,20.750016600000002,-0.5,-0.5972504797859831,-0.5555560000002066
318.4000000000039,46.2921395,20.694461,-0.5,-0.5833061350754079,-0.5544471057882776
318.5000000000039,46.167865299999995,20.638905400000002,-0.5,-0.5693337346746212,-0.555556000000171
318.60000000000394,46.0435911,20.5833498,-0.5,-0.5693337346746054,-0.5555559999998907
318.70000000000397,45.8571798,20.5000164,-0.5,-0.5827285631331087,-0.8234525691699216
318.800000000004,45.7950427,20.472238600000004,-0.5,-0.5551194542262117,-0.2811518218623515
318.900000000004,45.6707685,20.416683000000003,-0.5,-0.5554759314226617,-0.5555559999998907
319.00000000000404,45.5464943,20.3611274,-0.5,-0.5691826042240726,-0.5550009990010292
319.10000000000406,45.4222201,20.3055718,-0.5,-0.5691548541741314,-0.5550009990010292
319.2000000000041,45.2979459,20.250016200000005,-0.5,-0.5413213872402636,-0.5566693386772108
319.3000000000041,45.1736717,20.194460600000003,-0.5,-0.569099187240274,-0.5555560000002066
319.4000000000041,45.0493975,20.138905,-0.5,-0.5691546319508547,-0.5555559999998907
319.50000000000415,44.925123299999996,20.0833494,-0.5,-0.5550991474025035,-0.5538943170488468
319.6000000000042,44.80084909999999,20.0277938,-0.5,-0.5555129360883929,-0.557787148594306
319.7000000000042,44.676574900000006,19.972238200000003,-0.5,-0.5552039817911367,-0.555556000000171
319.8000000000042,44.5523007,19.9166826,-0.5,-0.555259537446696,-0.5561121121121793
319.90000000000424,44.490163599999995,19.8889048,-0.5,-0.541233696982811,-0.2744841897233306
320.00000000000426,44.3037523,19.8055714,-0.5,-0.5551504304497404,-0.8350040080158696
320.1000000000043,44.117341,19.722238,-0.5,-0.5692066665943065,-0.8366807228914946
320.2000000000043,44.0552039,19.6944602,-0.5,-0.5554156742478925,-0.2797361530715727
320.30000000000433,43.9309297,19.638904600000004,-0.5,-0.5553602295372941,-0.5544471057882422
320.40000000000435,43.8687926,19.6111268,-0.5,-0.5415406770506856,-0.27805605605610745
320.5000000000044,43.744518400000004,19.555571200000003,-0.5,-0.5415129270007266,-0.5550009990009936
320.6000000000044,43.49597,19.444460000000003,-0.5,-0.5692907270007195,-1.1111119999997459
320.7000000000044,43.3716958,19.3889044,-0.5,-0.5558958985422336,-0.5555560000002066
320.80000000000445,43.3716958,19.3889044,-0.5,-0.5418383074491162,0.0
320.90000000000447,43.1231474,19.277793200000005,-0.5,-0.5689573453937807,-1.0979367588931819
321.0000000000045,43.1231474,19.277793200000005,-0.5,-0.5412072954437293,0.0
321.1000000000045,42.998873200000006,19.222237600000003,-0.5,-0.5412350454936882,-0.5555560000002066
321.20000000000454,42.874599,19.166682,-0.5,-0.5411793785598222,-0.5555559999998907
321.30000000000456,42.6260506,19.0555708,-0.5,-0.5689571785598307,-1.1111120000003776
321.4000000000046,42.5639135,19.027793000000003,-0.5,-0.555054403534861,-0.2775004995004968
321.5000000000046,42.501776400000004,19.000015200000004,-0.5,-0.5412485876824149,-0.2777779999999276
321.6000000000046,42.3775022,18.944459600000002,-0.5,-0.5411648358583085,-0.5561121121121793
321.70000000000465,42.253228,18.888904,-0.5,-0.5411370858083515,-0.5550009990010292
321.8000000000047,42.1289538,18.833348400000002,-0.5,-0.5411649471366049,-0.5566693386772464
321.9000000000047,42.004679599999996,18.7777928,-0.5,-0.5551907876004898,-0.5550009990010292
322.0000000000047,41.8804054,18.722237200000002,-0.5,-0.5411629424891242,-0.5544471057885567
322.10000000000474,41.8182683,18.6944594,-0.5,-0.5132456398114824,-0.2783346693386588
322.20000000000476,41.6939941,18.6389038,-0.5,-0.5270088821079535,-0.5550009990009936
322.3000000000048,41.5697199,18.583348200000003,-0.5,-0.5270921324241485,-0.5561121121121437
322.4000000000048,41.4454457,18.5277926,-0.5,-0.5409671296213376,-0.5555559999998907
322.50000000000483,41.196897299999996,18.4166814,-0.5,-0.5687726796712754,-1.1111119999997459
322.60000000000485,41.1347602,18.388903600000003,-0.5,-0.5271059796712925,-0.2777780000000855
322.7000000000049,40.948348900000006,18.305570200000002,-0.5,-0.5409532545963585,-0.832501498501526
322.8000000000049,40.948348900000006,18.305570200000002,-0.5,-0.5409532545963585,0.0
322.9000000000049,40.824074700000004,18.250014600000004,-0.5,-0.513834216651692,-0.5555559999998552
323.00000000000495,40.6998005,18.194459000000002,-0.5,-0.5415842666017434,-0.5550009990010292
323.10000000000497,40.6376634,18.166681200000003,-0.5,-0.5276953666017296,-0.2777779999999276
323.200000000005,40.5133892,18.1111256,-0.5,-0.527723172207344,-0.5561121121121793
323.300000000005,40.389115000000004,18.055570000000003,-0.5,-0.49967034448455216,-0.5500554455445411
323.40000000000504,40.2648408,18.0000144,-0.5,-0.5138537033479149,-0.5611676767677533
323.50000000000506,40.016292400000005,17.8889032,-0.5,-0.5555204033479059,-1.1111119999997459
323.6000000000051,40.016292400000005,17.8889032,-0.5,-0.5277147977422969,0.0
323.7000000000051,39.8920182,17.833347600000003,-0.5,-0.5277147977422951,-0.5550009990009936
323.8000000000051,39.767744,17.777792,-0.5,-0.5276869364140417,-0.5561121121121793
323.90000000000515,39.6434698,17.7222364,-0.5,-0.5334041153796432,-0.6693445783130572
324.0000000000052,39.5191956,17.6666808,-0.5,-0.529242235069006,-0.47120949957581576
324.1000000000052,39.3949214,17.6111252,-0.5,-0.5432991169092322,-0.5594723061431811
324.2000000000052,39.2085101,17.527791800000003,-0.5,-0.5572157669591716,-0.8333339999997827
324.30000000000524,39.146373,17.500014,-0.5,-0.543285186328591,-0.2775004995005323
324.40000000000526,38.9599617,17.416680600000003,-0.5,-0.5572157947370073,-0.8341681681682156
324.5000000000053,38.8978246,17.3889028,-0.5,-0.515549094737026,-0.27777800000012104
324.6000000000053,38.7735504,17.333347200000002,-0.5,-0.5282672828596121,-0.5321417624518087
324.70000000000533,38.7114133,17.3055694,-0.5,-0.5011703460098527,-0.2905627615063329
324.80000000000535,38.5871391,17.2500138,-0.5,-0.5289481460098612,-0.555556000000171
324.9000000000054,38.4007278,17.1666804,-0.5,-0.5424245044257108,-0.8250831683168468
325.0000000000054,38.338590700000005,17.1389026,-0.5,-0.5287036463948522,-0.2805838383838587
325.1000000000054,38.0900423,17.0277914,-0.5,-0.5842592463948202,-1.3888899999992876
325.20000000000545,38.0900423,17.0277914,-0.5,-0.5564536407892112,0.0
325.30000000000547,37.9657681,16.972235800000004,-0.5,-0.5567286685119769,-0.5555559999998552
325.4000000000055,37.903631,16.944458,-0.5,-0.5425730874763945,-0.27805605605610745
325.5000000000055,37.6550826,16.8333468,-0.5,-0.5425730874763947,-1.1111119999997459
325.60000000000554,37.6550826,16.8333468,-0.5,-0.5425730874763947,0.0
325.70000000000556,37.5308084,16.7777912,-0.5,-0.5425730874763964,-0.5550009990010292
325.8000000000056,37.4065342,16.7222356,-0.5,-0.5425452818707802,-0.5555559999998552
325.9000000000056,37.28226,16.666680000000003,-0.5,-0.5368836585607346,-0.5561121121121437
326.0000000000056,37.2201229,16.6389022,-0.5,-0.5271982085569704,-0.2775004995005323
326.10000000000565,36.9715745,16.527791,-0.5,-0.5548358044610275,-1.112224224224323
326.2000000000057,36.9094374,16.5000132,-0.5,-0.5270580044610347,-0.2777779999999276
326.3000000000057,36.7851632,16.444457600000003,-0.5,-0.5409330294360577,-0.5550009990009936
326.4000000000057,36.660889,16.388902,-0.5,-0.5270302266332558,-0.5561121121121793
326.50000000000574,36.598751899999996,16.361124200000003,-0.5,-0.5270302266332463,-0.2777779999999276
326.60000000000576,36.4123406,16.277790800000002,-0.5,-0.5420898385106704,-0.833334000000292
326.7000000000058,36.2259293,16.1944574,-0.5,-0.5692284004353446,-0.8333339999998183
326.8000000000058,36.2259293,16.1944574,-0.5,-0.5414506004353361,0.0
326.90000000000583,36.1016551,16.138901800000003,-0.5,-0.5279464919695435,-0.5550009990009936
327.00000000000585,36.039518,16.111124,-0.5,-0.5276686861889658,-0.27502772277230575
327.1000000000059,35.790969600000004,16.0000128,-0.5,-0.514340953865775,-1.1223353535354705
327.2000000000059,35.7288325,15.972235000000001,-0.5,-0.5282298538657714,-0.2777779999999276
327.3000000000059,35.6045583,15.916679400000001,-0.5,-0.5282576594713867,-0.5561121121121615
327.40000000000595,35.5424212,15.888901600000002,-0.5,-0.5281884224056355,-0.27667131474108403
327.50000000000597,35.4802841,15.861123800000001,-0.5,-0.4864801803318694,-0.2769471585244234
327.600000000006,35.293872799999995,15.7777904,-0.5,-0.5280637132659893,-0.8316706586823986
327.700000000006,35.1074615,15.694457000000002,-0.5,-0.5419387382410132,-0.8325014985015082
327.80000000000604,35.0453244,15.6666792,-0.5,-0.5281901301602143,-0.2805838383838766
327.90000000000606,34.9210502,15.611123600000003,-0.5,-0.5278058473581652,-0.5484264560711626
328.0000000000061,34.9210502,15.611123600000003,-0.5,-0.5139308223831387,0.0
328.1000000000061,34.610364700000005,15.472234600000002,-0.5,-0.5277641111719465,-1.3888900000004807
328.2000000000061,34.610364700000005,15.472234600000002,-0.5,-0.5138752111719502,0.0
328.30000000000615,34.4860905,15.416679000000002,-0.5,-0.5139307668275087,-0.5561121121121615
328.4000000000062,34.4239534,15.388901200000001,-0.5,-0.5000279640247041,-0.27805605605608963
328.5000000000062,34.175405,15.277790000000001,-0.5,-0.541694664024695,-1.1111119999997459
328.6000000000062,34.1132679,15.2500122,-0.5,-0.5139029889997062,-0.2775004995005146
328.70000000000624,34.051130799999996,15.222234400000001,-0.5,-0.48612518899971946,-0.2777780000000855
328.80000000000626,33.9268566,15.166678800000001,-0.5,-0.5139029889997131,-0.5555559999998729
328.9000000000063,33.7404453,15.0833454,-0.5,-0.5279031394504587,-0.8350040080159051
329.0000000000063,33.6161711,15.027789800000003,-0.5,-0.5418741086012713,-0.5544471057885567
329.10000000000633,33.554034,15.000012000000002,-0.5,-0.49963236589952353,-0.2775004995005146
329.20000000000636,33.554034,15.000012000000002,-0.5,-0.4857434658995272,0.0
329.3000000000064,33.2433485,14.861123000000001,-0.5,-0.5272437485174519,-1.3861177644706586
329.4000000000064,33.1812114,14.8333452,-0.5,-0.5273129855832022,-0.27805605605608963
329.5000000000064,33.1190743,14.805567400000001,-0.5,-0.5273545276569774,-0.2777779999999276
329.60000000000645,33.0569372,14.777789600000002,-0.5,-0.4996598947228617,-0.2777780000000855
329.70000000000647,32.808388799999996,14.6666784,-0.5,-0.5135904197977745,-1.1111119999997636
329.8000000000065,32.7462517,14.638900600000001,-0.5,-0.5134362528536055,-0.2775004995004968
329.9000000000065,32.6841146,14.611122800000002,-0.5,-0.49991773285285096,-0.27805605605607187
330.00000000000654,32.4977033,14.5277894,-0.5,-0.5415844328528427,-0.833333999999836
330.10000000000656,32.311292,14.444456,-0.5,-0.5137650077778941,-0.8325014985015082
330.2000000000066,32.311292,14.444456,-0.5,-0.5137650077778941,0.0
330.3000000000066,32.2491549,14.416678200000002,-0.5,-0.499834427147311,-0.2775004995004968
330.4000000000066,32.0006065,14.305567000000002,-0.5,-0.5415985582122329,-1.1133386773545284
330.50000000000665,31.9384694,14.2777892,-0.5,-0.499931858212243,-0.27777799999994535
330.6000000000067,31.876332299999998,14.2500114,-0.5,-0.49994573323722236,-0.2777780000001033
330.7000000000067,31.689921000000002,14.166678000000001,-0.5,-0.527723533237208,-0.8333339999998005
330.8000000000067,31.503509700000002,14.083344600000002,-0.5,-0.5416124332372281,-0.8333340000002742
330.90000000000674,31.503509700000002,14.083344600000002,-0.5,-0.4998622328364329,0.0
331.00000000000676,31.503509700000002,14.083344600000002,-0.5,-0.47213987754700504,0.0
331.1000000000068,31.1928242,13.944455600000001,-0.5,-0.5277093525719639,-1.3888899999996913
331.2000000000068,31.130687100000003,13.916677800000002,-0.5,-0.5416260860389029,-0.2783346693387817
331.30000000000683,31.130687100000003,13.916677800000002,-0.5,-0.47232019781537005,0.0
331.40000000000686,30.882138700000002,13.805566600000002,-0.5,-0.5139174949126668,-1.1100019980020228
331.5000000000069,30.8200016,13.777788800000002,-0.5,-0.5139174949126676,-0.27777799999994535
331.6000000000069,30.7578645,13.750011,0.02,-0.27777799999994535,-0.27777799999994535
331.7000000000069,30.5714532,13.666677600000002,0.02,-0.5555560000001099,-0.8333340000002742
331.80000000000695,30.5093161,13.6388998,0.02,-0.46314888977962027,-0.278334669338641
331.90000000000697,31.130687100000003,13.916677800000002,0.02,0.3463895814165535,2.775004995005075
332.000000000007,30.1986306,13.500010800000002,0.02,-0.5553898333682761,-4.162507492507594
332.100000000007,30.5093161,13.6388998,0.02,-0.2313431944736178,1.3888899999996736
332.20000000000704,30.447179000000002,13.611122000000002,0.02,-0.23797673812025605,-0.2777780000000855
332.30000000000706,30.5093161,13.6388998,0.02,-0.17347263884821507,0.27805605605607187
332.4000000000071,30.3850419,13.5833442,0.02,-0.21519438780359212,-0.5489683794466085
332.5000000000071,30.447179000000002,13.611122000000002,0.02,-0.16561656518484524,0.2805838383838766
332.6000000000071,30.5093161,13.6388998,0.02,-0.12528269052659444,0.27805605605591366
332.70000000000715,30.3850419,13.5833442,0.02,-0.1611851423253917,-0.5561121121121615
332.8000000000072,30.447179000000002,13.611122000000002,0.02,-0.12746139653926186,0.27722355289429607
332.9000000000072,30.447179000000002,13.611122000000002,0.02,-0.11835701107217171,0.0
333.0000000000072,30.3229048,13.5555664,0.02,-0.14746661026742888,-0.5550009990010292
333.10000000000724,30.447179000000002,13.611122000000002,0.02,-0.10352769712572142,0.5555559999998907
333.20000000000726,30.3850419,13.5833442,0.02,-0.11377771494185224,-0.27777799999994535
333.3000000000073,30.3229048,13.5555664,0.02,-0.12290428944819877,-0.27805605605608963
333.4000000000073,30.447179000000002,13.611122000000002,0.02,-0.08725421601468346,0.5544471057885921
333.50000000000733,30.5093161,13.6388998,0.02,-0.06900260521395289,0.2777779999999276
333.60000000000736,30.3850419,13.5833442,0.02,-0.08291931081956369,-0.5561121121121615
333.7000000000074,30.5093161,13.6388998,0.02,-0.013502560869499424,0.5550009990010114
333.8000000000074,30.447179000000002,13.611122000000002,0.02,-0.013474727402563735,-0.2777779999999276
333.9000000000074,30.3850419,13.5833442,0.02,-0.16611387715282266,-0.2777780000001033
334.00000000000745,30.447179000000002,13.611122000000002,0.02,0.05590039747255433,0.27777799999994535
334.10000000000747,30.5714532,13.666677600000002,0.02,0.014261503078178745,0.5561121121121615
334.2000000000075,30.447179000000002,13.611122000000002,0.02,0.0004003531281324468,-0.5550009990010114
334.3000000000075,30.5093161,13.6388998,0.02,0.00038645032532523825,0.2777779999999276
334.40000000000754,30.5714532,13.666677600000002,0.02,0.04172376929766082,0.2777780000001033
334.50000000000756,30.447179000000002,13.611122000000002,0.02,-5.547257158358132e-05,-0.5550009990010114
334.6000000000076,30.5093161,13.6388998,0.02,-6.937537438288233e-05,0.2777779999999276
334.7000000000076,30.5093161,13.6388998,0.02,0.027736230231225185,0.0
334.8000000000076,30.447179000000002,13.611122000000002,0.02,-2.7750216293204176e-05,-0.27805605605607187
334.90000000000765,30.5093161,13.6388998,0.02,0.013861149783711071,0.2777780000000855
335.0000000000077,30.633590299999998,13.6944554,0.02,0.0693612496838131,0.5550009990010114
335.1000000000077,30.447179000000002,13.611122000000002,0.02,-0.00012495872456937395,-0.8341681681677587
335.2000000000077,30.5714532,13.666677600000002,0.02,0.041513991225478455,0.5550009990010114
335.30000000000774,30.633590299999998,13.6944554,0.02,0.0691818088944911,0.27530029732416317
335.40000000000776,30.5093161,13.6388998,0.02,0.01368165360506785,-0.5555559999998729
335.5000000000078,30.5714532,13.666677600000002,0.02,0.013765490023582575,0.27945472837022195
335.6000000000078,30.633590299999998,13.6944554,0.02,0.05551577434404829,0.278893574297153
335.70000000000783,30.5714532,13.666677600000002,0.02,0.013862921591194132,-0.27805605605607187
335.80000000000786,30.5093161,13.6388998,0.02,0.013890643946475703,-0.27722355289429607
335.9000000000079,30.633590299999998,13.6944554,0.02,0.05558514955208895,0.5561121121121615
336.0000000000079,30.5714532,13.666677600000002,0.02,0.027793446749288075,-0.27805605605607187
336.1000000000079,30.5093161,13.6388998,0.02,-0.013901058856317256,-0.27777799999994535
336.20000000000795,30.633590299999998,13.6944554,0.02,0.04162679109372695,0.5555559999998729
336.30000000000797,30.6957274,13.722233200000002,0.02,0.041612916068756306,0.2775004995005146
336.400000000008,30.5093161,13.6388998,0.02,-0.01394268393126345,-0.833334000000292
336.500000000008,30.633590299999998,13.6944554,0.02,0.04161297162439519,0.5561121121121615
336.60000000000804,30.5714532,13.666677600000002,0.02,0.013835171624402431,-0.2777779999999276
336.70000000000806,30.5093161,13.6388998,0.02,-3.9853350623297865e-05,-0.2775004995005146
336.8000000000081,30.633590299999998,13.6944554,0.02,0.041668555057788374,0.5561121121121615
336.9000000000081,30.6957274,13.722233200000002,0.02,0.04166855505778136,0.27777799999994535
337.00000000000813,30.5714532,13.666677600000002,0.02,-0.013859294892278645,-0.5555560000001888
337.10000000000815,30.633590299999998,13.6944554,0.02,0.04171029116081534,0.2772235528941211
337.2000000000082,30.633590299999998,13.6944554,0.02,0.013960241210764775,0.0
337.3000000000082,30.5714532,13.666677600000002,0.02,-0.013693673655447658,-0.2777780000000855
337.4000000000082,30.6957274,13.722233200000002,0.02,0.041834176294596556,0.5550009990010114
337.50000000000824,30.6957274,13.722233200000002,0.02,0.027861439876085463,0.0
337.60000000000827,30.633590299999998,13.6944554,0.02,2.7861161230541277e-05,-0.27777799999994535
337.7000000000083,30.5714532,13.666677600000002,0.02,4.176396403776095e-05,-0.2777779999999276
337.8000000000083,30.6957274,13.722233200000002,0.02,0.041680741608762,0.5555560000001888
337.90000000000833,30.633590299999998,13.6944554,0.02,-1.3763996843341176e-05,-0.27777799999994535
338.00000000000836,30.5714532,13.666677600000002,0.02,1.4013830935410976e-05,-0.2775004995004968
338.1000000000084,30.7578645,13.750011,0.02,0.055569613830922696,0.8333339999998005
338.2000000000084,30.6957274,13.722233200000002,0.02,0.013916788855904217,-0.2775004995004968
338.3000000000084,30.5714532,13.666677600000002,0.02,-0.027791703053000577,-0.5566693386775813
338.40000000000845,30.7578645,13.750011,0.02,0.055541696947004046,0.8333339999998005
338.50000000000847,30.7578645,13.750011,0.02,0.027736091341395975,0.0
338.6000000000085,30.6957274,13.722233200000002,0.02,0.027736091341395975,-0.2777779999999276
338.7000000000085,30.7578645,13.750011,0.02,0.05536250245503523,0.27502772277227056
338.80000000000854,30.6957274,13.722233200000002,0.02,0.013527704930234224,-0.2805838383838587
338.90000000000856,30.633590299999998,13.6944554,0.02,-0.014263997872567527,-0.27805605605608963
339.0000000000086,30.6957274,13.722233200000002,0.02,0.027374979772156714,0.27722355289429607
339.1000000000086,30.6957274,13.722233200000002,0.02,0.013513802127450661,0.0
339.20000000000863,30.633590299999998,13.6944554,0.02,-0.0003750978725545029,-0.2777780000001033
339.30000000000865,30.7578645,13.750011,0.02,0.041291602127443414,0.5555559999998729
339.4000000000087,30.7578645,13.750011,0.02,0.013541552177392849,0.0
339.5000000000087,30.633590299999998,13.6944554,0.02,-0.013906866794937574,-0.5489683794466085
339.6000000000087,30.7578645,13.750011,0.02,0.028040417043446453,0.5611676767677353
339.70000000000874,30.8200016,13.777788800000002,0.02,0.05583211984624732,0.27805605605608963
339.80000000000877,30.6957274,13.722233200000002,0.02,0.0002487142406297993,-0.5561121121121615
339.9000000000088,30.633590299999998,13.6944554,0.02,0.00024871424062980485,-0.27777799999994535
340.0000000000088,30.8200016,13.777788800000002,0.02,0.05574881414073094,0.832501498501526
340.10000000000883,30.6957274,13.722233200000002,0.02,-0.013695685859252727,-0.5555559999998729
340.20000000000886,30.633590299999998,13.6944554,0.02,-0.013723463687032372,-0.27805605605608963
340.3000000000089,30.8200016,13.777788800000002,0.02,0.05577670324686128,0.833334000000292
340.4000000000089,30.7578645,13.750011,0.02,0.00023497827184554287,-0.2775004995005146
340.5000000000089,30.6957274,13.722233200000002,0.02,-0.013640046703179299,-0.2775004995004968
340.60000000000895,30.8200016,13.777788800000002,0.02,0.028054458902409336,0.5561121121118451
340.70000000000897,30.6957274,13.722233200000002,0.02,-0.013474727236213634,-0.5555560000001888
340.800000000009,30.7578645,13.750011,0.02,0.014457267485782892,0.27805605605607187
340.900000000009,30.7578645,13.750011,0.02,0.028360070288587374,0.0
341.00000000000904,30.8200016,13.777788800000002,0.02,0.028401695446677054,0.27805605605608963
341.10000000000906,30.6957274,13.722233200000002,0.02,0.0006516454966422446,-0.5550009990006962
341.2000000000091,30.8200016,13.777788800000002,0.02,0.04229059544669798,0.5550009990010114
341.3000000000091,30.8200016,13.777788800000002,0.02,0.01451279544670433,0.0
341.40000000000913,30.6957274,13.722233200000002,0.02,-0.013209559842708662,-0.5544471057882598
341.50000000000915,30.8200016,13.777788800000002,0.02,0.04204446473522984,0.5561121121121615
341.6000000000092,30.8200016,13.777788800000002,0.02,0.013986080896843073,0.0
341.7000000000092,30.7578645,13.750011,0.02,-0.013805621905966573,-0.2777780000001033
341.8000000000092,30.7578645,13.750011,0.02,0.013999983699641502,0.0
341.90000000000924,30.8200016,13.777788800000002,0.02,0.04176390867466449,0.2775004995005146
342.00000000000927,30.7578645,13.750011,0.02,-0.013585375736577452,-0.274484189723313
342.1000000000093,30.8200016,13.777788800000002,0.02,0.02823580141204953,0.28086754297266675
342.2000000000093,30.882138700000002,13.805566600000002,0.02,0.056041407017658494,0.27805605605608963
342.30000000000933,30.8200016,13.777788800000002,0.02,0.0004858070176466278,-0.27777799999994535
342.40000000000936,30.6957274,13.722233200000002,0.02,-0.013416968007337082,-0.5555560000001888
342.5000000000094,30.882138700000002,13.805566600000002,0.02,0.04212475696767867,0.8333339999998183
342.6000000000094,30.8200016,13.777788800000002,0.02,0.00041634855928193715,-0.27805605605608963
342.7000000000094,30.6957274,13.722233200000002,0.02,0.0004163485592977356,-0.5555559999998729
342.80000000000945,30.882138700000002,13.805566600000002,0.02,0.028180245756508737,0.833334000000292
342.90000000000947,30.8200016,13.777788800000002,0.02,0.014305220781483007,-0.2775004995005146
343.0000000000095,30.6957274,13.722233200000002,0.02,-0.027347631971372043,-0.5550009990010114
343.1000000000095,30.882138700000002,13.805566600000002,0.02,0.04202749290373907,0.832501498501526
343.20000000000954,30.882138700000002,13.805566600000002,0.02,0.014277442953688496,0.0
343.30000000000956,30.7578645,13.750011,0.02,-0.013472606996362962,-0.5550009990010292
343.4000000000096,30.882138700000002,13.805566600000002,0.02,0.04208321522691413,0.556669338677282
343.5000000000096,30.8200016,13.777788800000002,0.02,0.00040258464628032396,-0.2775004995005146
343.60000000000963,30.8200016,13.777788800000002,0.02,0.00040258464628032396,0.0
343.70000000000965,30.882138700000002,13.805566600000002,0.02,0.02816650962131122,0.2775004995005146
343.8000000000097,30.9442758,13.8333444,0.02,0.04206931242411392,0.2780560560560541
343.9000000000097,30.8200016,13.777788800000002,0.02,0.0004164874490954373,-0.5555559999998552
344.0000000000097,30.9442758,13.8333444,0.02,0.04189074688531077,0.5550009990009936
344.10000000000974,30.9442758,13.8333444,0.02,0.02784736973667743,0.0
344.20000000000977,30.8200016,13.777788800000002,0.02,-0.013888899999989374,-0.5566693386772464
344.3000000000098,30.8200016,13.777788800000002,0.02,7.893685705084862e-15,0.0
344.4000000000098,30.9442758,13.8333444,0.02,0.055555600000025886,0.555556000000171
344.50000000000983,30.882138700000002,13.805566600000002,0.02,-1.390280276773459e-05,-0.2780560560560541
344.60000000000986,30.7578645,13.750011,0.02,-0.013888899999957788,-0.5555559999998907
344.7000000000099,30.9442758,13.8333444,0.02,0.055513974925111266,0.8325014985015082
344.8000000000099,30.882138700000002,13.805566600000002,0.02,-2.7750049927283137e-05,-0.27750049950047906
344.9000000000099,30.8200016,13.777788800000002,0.02,-6.945854183360301e-05,-0.278334669338641
345.00000000000995,30.9442758,13.8333444,0.02,0.055458391408225505,0.555556000000171
345.10000000000997,30.882138700000002,13.805566600000002,0.02,-4.170849186685699e-05,-0.2775004995003215
345.20000000001,30.8200016,13.777788800000002,0.02,-0.013930608491872021,-0.2777780000001033
345.30000000001,30.9442758,13.8333444,0.02,0.04156949140822912,0.5550009990009936
345.40000000001004,30.882138700000002,13.805566600000002,0.02,-0.00015287552563046923,-0.2777779999999098
345.50000000001006,30.882138700000002,13.805566600000002,0.02,0.013722149449395265,0.0
345.6000000000101,30.9442758,13.8333444,0.02,0.02758332709410043,0.27722355289410333
345.7000000000101,30.9442758,13.8333444,0.02,0.013708302119074697,0.0
345.80000000001013,30.882138700000002,13.805566600000002,0.02,-0.014097303486530719,-0.2780560560560541
345.90000000001015,30.882138700000002,13.805566600000002,0.02,0.013680496513462048,0.0
346.0000000000102,31.0064129,13.8611222,0.02,0.01370824656342091,0.555556000000171
346.1000000000102,30.9442758,13.8333444,0.02,-0.00013911136280026214,-0.2769471585244234
346.2000000000102,30.882138700000002,13.805566600000002,0.02,0.013777622104131793,-0.2783346693386054
346.30000000001024,31.0064129,13.8611222,0.02,0.04155542210412455,0.5555559999998552
346.40000000001027,31.068550000000002,13.888900000000001,0.02,0.027680424906920475,0.27805605605608963
346.5000000000103,30.882138700000002,13.805566600000002,0.02,-8.347229029052605e-05,-0.8333340000002742
346.6000000000103,31.0064129,13.8611222,0.02,0.055444377659737934,0.5550009990006785
346.70000000001033,31.0064129,13.8611222,0.02,0.013819302734662513,0.0
346.80000000001036,30.882138700000002,13.805566600000002,0.02,-8.347229030628567e-05,-0.5555559999998552
346.9000000000104,31.0064129,13.8611222,0.02,0.041555616466053595,0.5544471057885567
347.0000000000104,31.068550000000002,13.888900000000001,0.02,0.027694549932977097,0.278334669338641
347.1000000000104,30.9442758,13.8333444,0.02,0.01381952495794172,-0.5550009990010292
347.20000000001045,31.0064129,13.8611222,0.02,0.0415834499329726,0.2775004995005146
347.30000000001047,31.068550000000002,13.888900000000001,0.02,0.027750133449854976,0.278334669338641
347.4000000000105,30.9442758,13.8333444,0.02,0.013833427844241509,-0.5561121121121793
347.5000000000105,30.9442758,13.8333444,0.02,0.013833427844241509,0.0
347.60000000001054,31.068550000000002,13.888900000000001,0.02,0.0277778558051453,0.5561121121121793
347.70000000001056,31.0064129,13.8611222,0.02,0.013902830830119572,-0.2775004995005146
347.8000000000106,30.9442758,13.8333444,0.02,0.013902830830117795,-0.27805605605608963
347.9000000000106,31.068550000000002,13.888900000000001,0.02,0.04168063083011233,0.5555559999998907
348.00000000001063,31.0064129,13.8611222,0.02,1.3930830098615732e-05,-0.2777780000001033
348.10000000001065,30.9442758,13.8333444,0.02,1.1111161285215499e-07,-0.2772235528941388
348.2000000000107,31.068550000000002,13.888900000000001,0.02,0.04172245018415208,0.5561121121121793
348.3000000000107,31.0064129,13.8611222,0.02,5.5750184162053906e-05,-0.27777799999994535
348.4000000000107,30.9442758,13.8333444,0.02,-0.027749855421446906,-0.27805605605608963
348.50000000001074,31.068550000000002,13.888900000000001,0.02,0.041666894528618256,0.5550009990010292
348.60000000001077,31.068550000000002,13.888900000000001,0.02,0.01391684457858434,0.0
348.7000000000108,30.9442758,13.8333444,0.02,-0.013860955421410196,-0.5555559999998907
348.8000000000108,31.068550000000002,13.888900000000001,0.02,0.04161156043102491,0.5538943170488468
348.90000000001083,31.130687100000003,13.916677800000002,0.02,0.027805938608537046,0.2783346693387995
349.00000000001086,31.0064129,13.8611222,0.02,-0.013888594858389534,-0.5555559999998907
349.1000000000109,31.068550000000002,13.888900000000001,0.02,0.02775035509165919,0.27777799999994535
349.2000000000109,31.068550000000002,13.888900000000001,0.02,0.013875330116633462,0.0
349.3000000000109,31.0064129,13.8611222,0.02,-0.013930303350303753,-0.2777780000001033
349.40000000001095,31.068550000000002,13.888900000000001,0.02,0.027792035722237256,0.278334669338641
349.50000000001097,31.130687100000003,13.916677800000002,0.02,0.04166706069726299,0.2775004995005146
349.600000000011,31.068550000000002,13.888900000000001,0.02,-2.744490834324098e-05,-0.27777799999994535
349.700000000011,31.0064129,13.8611222,0.02,-5.5222736121995907e-05,-0.27805605605608963
349.80000000001104,31.068550000000002,13.888900000000001,0.02,0.027708757711397292,0.27722355289429607
349.90000000001106,31.068550000000002,13.888900000000001,0.02,-6.904228859724303e-05,0.0
350.0000000000111,31.0064129,13.8611222,0.02,-4.131993330688255e-05,-0.27722355289429607
350.1000000000111,31.068550000000002,13.888900000000001,0.02,0.02757124385001446,0.27502772277228815
350.20000000001113,31.1928242,13.944455600000001,0.02,0.027852392541671277,0.5617350859453155
350.30000000001115,31.0064129,13.8611222,0.02,7.459254167763163e-05,-0.8333339999998183
350.4000000000112,31.130687100000003,13.916677800000002,0.02,0.04175519534449244,0.5555560000002066
350.5000000000112,31.1928242,13.944455600000001,0.02,0.02788017036946582,0.2775004995004968
350.6000000000112,31.0064129,13.8611222,0.02,-0.01387003003132944,-0.8350040080159051
350.70000000001124,31.068550000000002,13.888900000000001,0.02,0.027755127894886267,0.2769471585244234
350.80000000001127,31.1928242,13.944455600000001,0.02,0.02792179619490563,0.5572276830492341
350.9000000000113,31.068550000000002,13.888900000000001,0.02,-0.013717292561447336,-0.5544471057882598
351.0000000000113,31.0064129,13.8611222,0.02,0.00015770463574271698,-0.27805605605608963
351.10000000001133,31.1928242,13.944455600000001,0.02,0.027852337569888974,0.8316706586828705
351.20000000001136,31.1928242,13.944455600000001,0.02,0.027852337569888974,0.0
351.3000000000114,31.1928242,13.944455600000001,0.02,0.04174123756989414,0.0
351.4000000000114,31.130687100000003,13.916677800000002,0.02,0.01393560410296571,-0.2777779999999276
351.5000000000114,31.130687100000003,13.916677800000002,0.02,6.0579127939980323e-05,0.0
351.60000000001145,31.068550000000002,13.888900000000001,0.02,4.667632513276621e-05,-0.27805605605608963
351.70000000001147,31.130687100000003,13.916677800000002,0.02,0.02782450410296298,0.2775004995005146
351.8000000000115,31.1928242,13.944455600000001,0.02,0.027852226458244554,0.2777779999999276
351.9000000000115,31.130687100000003,13.916677800000002,0.02,0.013977201483219714,-0.2775004995004968
352.00000000001154,31.1928242,13.944455600000001,0.02,0.04172727912793879,0.2777780000000855
352.10000000001156,31.254961299999998,13.9722334,0.02,0.04189262645625554,0.2783346693386232
352.2000000000116,31.130687100000003,13.916677800000002,0.02,-0.01397192784100299,-0.5555559999998552
352.3000000000116,31.068550000000002,13.888900000000001,0.02,0.01380587215898276,-0.2777780000001033
352.40000000001163,31.1928242,13.944455600000001,0.02,0.013805872158966078,0.5555559999998729
352.50000000001165,31.130687100000003,13.916677800000002,0.02,-0.013958052816063035,-0.2777780000000855
352.6000000000117,31.068550000000002,13.888900000000001,0.02,0.013944789658511047,-0.2769471585244234
352.7000000000117,31.1928242,13.944455600000001,0.02,0.0279588158847357,0.5572276830489165
352.8000000000117,31.130687100000003,13.916677800000002,0.02,-0.013777593242750852,-0.2775004995004968
352.90000000001174,31.130687100000003,13.916677800000002,0.02,0.01394476204666214,0.0
353.00000000001177,31.1928242,13.944455600000001,0.02,0.041722589824491466,0.2775004995004968
353.1000000000118,31.254961299999998,13.9722334,0.02,0.014027956890344324,0.2777779999999276
353.2000000000118,31.1928242,13.944455600000001,0.02,0.00011122342341316205,-0.2783346693386232
353.30000000001183,31.1928242,13.944455600000001,0.02,0.00011122342341316205,0.0
353.40000000001186,31.254961299999998,13.9722334,0.02,0.027875148398434378,0.2775004995004968
353.5000000000119,31.1928242,13.944455600000001,0.02,0.013972345595630787,-0.27805605605607187
353.6000000000119,31.130687100000003,13.916677800000002,0.02,0.01398624839843889,-0.2777779999999276
353.7000000000119,31.254961299999998,13.9722334,0.02,0.027889023423405917,0.5555559999998552
353.80000000001195,31.3170984,14.000011200000001,0.02,0.027875148398435266,0.2775004995005146
353.90000000001197,31.130687100000003,13.916677800000002,0.02,8.347337344640216e-05,-0.8333340000002742
354.000000000012,31.254961299999998,13.9722334,0.02,0.014000178979049305,0.5561121121121437
354.100000000012,31.3170984,14.000011200000001,0.02,0.01395847048713599,0.277500499500357
354.20000000001204,31.130687100000003,13.916677800000002,0.02,2.7862078717089123e-05,-0.8341681681682334
354.30000000001206,31.254961299999998,13.9722334,0.02,0.0416945620787308,0.555556000000171
354.4000000000121,31.3170984,14.000011200000001,0.02,0.027805662078734417,0.27777799999994535
354.5000000000121,31.1928242,13.944455600000001,0.02,0.013944512128688136,-0.5550009990010114
354.60000000001213,31.254961299999998,13.9722334,0.02,0.0416946728577129,0.27805605605607187
354.70000000001215,31.254961299999998,13.9722334,0.02,0.013833288705267066,0.0
354.8000000000122,31.1928242,13.944455600000001,0.02,0.01381941368029554,-0.2777779999999276
354.9000000000122,31.1928242,13.944455600000001,0.02,0.01381941368029554,0.0
355.0000000000122,31.3170984,14.000011200000001,0.02,0.027722188705280128,0.5555560000001888
355.10000000001224,31.254961299999998,13.9722334,0.02,-8.344476164829639e-05,-0.278334669338641
355.20000000001227,31.1928242,13.944455600000001,0.02,-4.1736269741973754e-05,-0.2775004995004968
355.3000000000123,31.254961299999998,13.9722334,0.02,0.01386106653306162,0.27805605605607187
355.4000000000123,31.3792355,14.027789000000002,0.02,0.02776384155803131,0.5555559999998907
355.50000000001234,31.1928242,13.944455600000001,0.02,4.156943575860384e-05,-0.832501498501526
355.60000000001236,31.3170984,14.000011200000001,0.02,0.041680519385805546,0.5550009990010114
355.7000000000124,31.3792355,14.027789000000002,0.02,0.027791619385810058,0.27777799999994535
355.8000000000124,31.254961299999998,13.9722334,0.02,-0.013889011194824635,-0.5561121121121793
355.9000000000124,31.3170984,14.000011200000001,0.02,0.04168049160799355,0.27805605605608963
356.00000000001245,31.3792355,14.027789000000002,0.02,0.027749910977412102,0.2775004995005146
356.10000000001247,31.254961299999998,13.9722334,0.02,-0.01390291399760028,-0.5555559999998907
356.2000000000125,31.254961299999998,13.9722334,0.02,0.027805494410811392,0.0
356.3000000000125,31.3170984,14.000011200000001,0.02,0.01391659441080011,0.27777799999994535
356.40000000001254,31.3170984,14.000011200000001,0.02,2.769441080283652e-05,0.0
356.50000000001256,31.254961299999998,13.9722334,0.02,0.013874941558048925,-0.27805605605608963
356.6000000000126,31.3170984,14.000011200000001,0.02,0.0138610387552426,0.27777799999994535
356.7000000000126,31.3792355,14.027789000000002,0.02,0.027749938755247762,0.2777780000001033
356.80000000001263,31.3170984,14.000011200000001,0.02,0.027887452616629737,-0.27502772277228815
356.90000000001265,31.3792355,14.027789000000002,0.02,0.04191664453582357,0.2805838383838766
357.0000000000127,31.3792355,14.027789000000002,0.02,0.014138844535814127,0.0
357.1000000000127,31.3170984,14.000011200000001,0.02,0.014194400358039233,-0.2772235528941388
357.2000000000127,31.254961299999998,13.9722334,0.02,0.014194400358038345,-0.2775004995005146
357.30000000001274,31.3792355,14.027789000000002,0.02,0.027794369832463566,0.5500554455445763
357.40000000001277,31.3170984,14.000011200000001,0.02,-0.014041021260651234,-0.28115182186240545
357.5000000000128,31.3170984,14.000011200000001,0.02,0.027584053664425057,0.0
357.6000000000128,31.4413726,14.055566800000001,0.02,0.02763960931998257,0.5561121121121615
357.70000000001284,31.3170984,14.000011200000001,0.02,-0.013999340630065268,-0.5550009990010114
357.80000000001286,31.3170984,14.000011200000001,0.02,0.013806264975543691,0.0
357.9000000000129,31.4413726,14.055566800000001,0.02,0.027709067778347286,0.5561121121121615
358.0000000000129,31.4413726,14.055566800000001,0.02,0.013834042803321558,0.0
358.1000000000129,31.3170984,14.000011200000001,0.02,0.014109070526088157,-0.5500554455445587
358.20000000001295,31.3170984,14.000011200000001,0.02,0.014109070526088157,0.0
358.300000000013,31.4413726,14.055566800000001,0.02,0.027777511795934195,0.551146825396866
358.400000000013,31.3792355,14.027789000000002,0.02,0.013776604537869604,-0.2800181451612918
358.500000000013,31.4413726,14.055566800000001,0.02,0.04158221014347767,0.27805605605607187
358.60000000001304,31.4413726,14.055566800000001,0.02,0.02769331014348041,0.0
358.70000000001306,31.4413726,14.055566800000001,0.02,0.013804410143475249,0.0
358.8000000000131,31.3170984,14.000011200000001,0.02,-0.000249809323518424,-0.5561121121121615
358.9000000000131,31.4413726,14.055566800000001,0.02,0.013526604362895822,0.5561121121121615
359.00000000001313,31.503509700000002,14.083344600000002,0.02,0.027401629337921552,0.2775004995005146
359.10000000001315,31.3792355,14.027789000000002,0.02,0.013485006982634851,-0.5555559999998729
359.2000000000132,31.4413726,14.055566800000001,0.02,0.04124893195766486,0.2777780000000855
359.3000000000132,31.503509700000002,14.083344600000002,0.02,0.027635059680433303,0.27777799999994535
359.4000000000132,31.3792355,14.027789000000002,0.02,0.013914850773544141,-0.5555560000001888
359.50000000001324,31.3792355,14.027789000000002,0.02,0.013914850773544141,0.0
359.60000000001327,31.4413726,14.055566800000001,0.02,1.2047970731746127e-05,0.27805605605591366
359.7000000000133,31.503509700000002,14.083344600000002,0.02,0.0416649007235868,0.27805605605608963
359.8000000000133,31.3792355,14.027789000000002,0.02,0.01388710072357736,-0.5555560000001888
359.90000000001334,31.503509700000002,14.083344600000002,0.02,0.013803850407382277,0.5544471057882598
360.00000000001336,31.4413726,14.055566800000001,0.02,-9.895239542220546e-05,-0.27805605605608963
360.1000000000134,31.4413726,14.055566800000001,0.02,0.027403819881805725,0.0
360.2000000000134,31.4413726,14.055566800000001,0.02,0.027403819881805725,0.0
360.3000000000134,31.5656468,14.111122400000001,0.02,0.027679945545825636,0.5566693386772642
360.40000000001345,31.503509700000002,14.083344600000002,0.02,0.02780582782886538,-0.2775004995004968
360.5000000000135,31.503509700000002,14.083344600000002,0.02,0.013903025026061788,0.0
360.6000000000135,31.5656468,14.111122400000001,0.02,0.027819758492992952,0.2783346693386232
360.7000000000135,31.4413726,14.055566800000001,0.02,4.195849298351262e-05,-0.5555560000001888
360.80000000001354,31.4413726,14.055566800000001,0.02,0.0278475640985916,0.0
360.90000000001356,31.5656468,14.111122400000001,0.02,0.02779200844303408,0.5550009990010114
361.0000000000136,31.6277839,14.1389002,0.02,0.027805883468004732,0.2777779999999276
361.1000000000136,31.4413726,14.055566800000001,0.02,0.013958608542922968,-0.8325014985015082
361.20000000001363,31.4413726,14.055566800000001,0.02,6.970854291868945e-05,0.0
361.30000000001365,31.5656468,14.111122400000001,0.02,0.013986414148529502,0.5561121121121615
361.4000000000137,31.4413726,14.055566800000001,0.02,0.014041858859125945,-0.5544471057882598
361.5000000000137,31.5656468,14.111122400000001,0.02,0.04187532579300501,0.5566693386775813
361.6000000000137,31.5656468,14.111122400000001,0.02,0.02797252299020933,0.0
361.70000000001374,31.503509700000002,14.083344600000002,0.02,0.00016691738460125616,-0.27805605605607187
361.80000000001377,31.4413726,14.055566800000001,0.02,0.014069692409584961,-0.2775004995005146
361.9000000000138,31.5656468,14.111122400000001,0.02,0.014152942725780044,0.5561121121121615
362.0000000000138,31.5656468,14.111122400000001,0.02,0.028055745528584523,0.0
362.10000000001384,31.503509700000002,14.083344600000002,0.02,0.014180720553567564,-0.2775004995003392
362.20000000001386,31.5656468,14.111122400000001,0.02,0.028069620553571838,0.2777780000000855
362.3000000000139,31.503509700000002,14.083344600000002,0.02,-0.01365274638028775,-0.2777779999999276
362.4000000000139,31.503509700000002,14.083344600000002,0.02,0.00022227859473709645,0.0
362.5000000000139,31.5656468,14.111122400000001,0.02,0.014111178594733476,0.2777779999999276
362.60000000001395,31.6277839,14.1389002,0.02,0.01408334512779869,0.2777779999999276
362.700000000014,31.5656468,14.111122400000001,0.02,0.02797224512780385,-0.2777780000000855
362.800000000014,31.503509700000002,14.083344600000002,0.02,0.014083345127807474,-0.2777779999999276
362.900000000014,31.6277839,14.1389002,0.02,0.014055650467184742,0.5544471057885567
363.00000000001404,31.5656468,14.111122400000001,0.02,-0.013749982999742802,-0.2783346693386232
363.10000000001406,31.503509700000002,14.083344600000002,0.02,0.013986191925336238,-0.2777779999999276
363.2000000000141,31.6277839,14.1389002,0.02,0.04179179753094343,0.5561121121121437
363.3000000000141,31.689921000000002,14.166678000000001,0.02,0.02784736957005015,0.27722355289429607
363.40000000001413,31.5656468,14.111122400000001,0.02,0.027791924859469498,-0.5555559999998729
363.50000000001415,31.503509700000002,14.083344600000002,0.02,-0.013930442074413848,-0.2777780000000855
363.6000000000142,31.5656468,14.111122400000001,0.02,-2.7639271618165596e-05,0.27805605605591366
363.7000000000142,31.5656468,14.111122400000001,0.02,0.013875163531185439,0.0
363.8000000000142,31.6277839,14.1389002,0.02,0.04165299130901475,0.27805605605607187
363.90000000001424,31.689921000000002,14.166678000000001,0.02,0.02775018850621116,0.27805605605608963
364.00000000001427,31.6277839,14.1389002,0.02,0.01387516353118543,-0.2775004995005146
364.1000000000143,31.5656468,14.111122400000001,0.02,0.013889010861488481,-0.27722355289427836
364.2000000000143,31.6277839,14.1389002,0.02,0.013916844328415365,0.2783346693386232
364.30000000001434,31.689921000000002,14.166678000000001,0.02,0.04169464432840902,0.27777799999994535
364.40000000001436,31.5656468,14.111122400000001,0.02,0.01391684432839958,-0.5555560000001888
364.5000000000144,31.5656468,14.111122400000001,0.02,2.7944328403189946e-05,0.0
364.6000000000144,31.689921000000002,14.166678000000001,0.02,0.013889094278457383,0.5550009990010114
364.7000000000144,31.689921000000002,14.166678000000001,0.02,0.027777994278461653,0.0
364.80000000001445,31.5656468,14.111122400000001,0.02,0.01386128867284997,-0.5561121121121615
364.9000000000145,31.689921000000002,14.166678000000001,0.02,0.013916733383431565,0.5555560000001888
365.0000000000145,31.752058100000003,14.194455800000002,0.02,0.04172236685035999,0.27777799999994535
365.1000000000145,31.6277839,14.1389002,0.02,0.027888911560926773,-0.5544471057885921
365.20000000001454,31.752058100000003,14.194455800000002,0.02,0.027805661244733455,0.5544471057882776
365.30000000001456,31.689921000000002,14.166678000000001,0.02,1.3791523787348713e-05,-0.278613841524626
365.4000000000146,31.6277839,14.1389002,0.02,0.013902691523783733,-0.27777799999994535
365.5000000000146,31.6277839,14.1389002,0.02,0.02779159152378801,0.0
365.60000000001463,31.752058100000003,14.194455800000002,0.02,0.04139156099822114,0.5500554455445763
365.70000000001465,31.689921000000002,14.166678000000001,0.02,0.027348183849587804,-0.28086754297266675
365.8000000000147,31.6277839,14.1389002,0.02,-0.000429643928241516,-0.2775004995005146
365.9000000000147,31.752058100000003,14.194455800000002,0.02,0.01319758300135657,0.5506005946480513
366.0000000000147,31.689921000000002,14.166678000000001,0.02,0.013197583001356572,-0.2775004995005146
366.10000000001475,31.6277839,14.1389002,0.02,0.013086024227559386,-0.27945472837022195
366.20000000001477,31.689921000000002,14.166678000000001,0.02,0.01311396947548677,0.2788935742971708
366.3000000000148,31.8141952,14.222233600000003,0.02,0.027030675081098465,0.5561121121121793
366.4000000000148,31.752058100000003,14.194455800000002,0.02,0.040919575081102735,-0.2777780000001033
366.50000000001484,31.6277839,14.1389002,0.02,0.013141775081108198,-0.5555559999998907
366.60000000001486,31.8141952,14.222233600000003,0.02,0.027016800056134816,0.8325014985015436
366.7000000000149,31.689921000000002,14.166678000000001,0.02,-0.0007055552332947912,-0.5544471057885921
366.8000000000149,31.752058100000003,14.194455800000002,0.02,0.04104472908717181,0.2788935742971708
366.9000000000149,31.8141952,14.222233600000003,0.02,0.027141954062188122,0.2775004995005146
367.00000000001495,31.8141952,14.222233600000003,0.02,0.013253054062190846,0.0
367.100000000015,31.689921000000002,14.166678000000001,0.02,0.013197609351625917,-0.5555559999998907
367.200000000015,31.8141952,14.222233600000003,0.02,0.013308720996076143,0.556669338677282
367.300000000015,31.8141952,14.222233600000003,0.02,0.027239413072307445,0.0
367.40000000001504,31.752058100000003,14.194455800000002,0.02,0.027349642437382617,-0.27557341269844177
367.50000000001506,31.689921000000002,14.166678000000001,0.02,0.013376906018871518,-0.27945472837022195
367.6000000000151,31.8141952,14.222233600000003,0.02,0.0137076006755068,0.556669338677282
367.7000000000151,31.752058100000003,14.194455800000002,0.02,0.013889800179433203,-0.2772235528941388
367.80000000001513,31.689921000000002,14.166678000000001,0.02,0.01386202235165444,-0.27805605605608963
367.90000000001515,31.8141952,14.222233600000003,0.02,0.014054347908681483,0.5544471057885921
368.0000000000152,31.752058100000003,14.194455800000002,0.02,0.014012639416775167,-0.278334669338641
368.1000000000152,31.752058100000003,14.194455800000002,0.02,0.027985375835286253,0.0
368.2000000000152,31.689921000000002,14.166678000000001,0.02,0.00016567214540199883,-0.2775004995005146
368.30000000001525,31.8141952,14.222233600000003,0.02,0.0002214506922556203,0.557227683049252
368.40000000001527,31.752058100000003,14.194455800000002,0.02,0.00022145069226352508,-0.27777799999994535
368.5000000000153,31.752058100000003,14.194455800000002,0.02,0.027999250692258053,0.0
368.6000000000153,31.876332299999998,14.2500114,0.02,0.014179781372788063,0.5561121121121437
368.70000000001534,31.8141952,14.222233600000003,0.02,0.027985403195287396,-0.2783346693386054
368.80000000001536,31.8141952,14.222233600000003,0.02,0.014040724480428863,0.0
368.9000000000154,31.752058100000003,14.194455800000002,0.02,-0.013695478139303812,-0.2772235528941388
369.0000000000154,31.876332299999998,14.2500114,0.02,0.014082321860704738,0.555556000000171
369.1000000000154,31.8141952,14.222233600000003,0.02,0.027957319057904485,-0.27805605605589584
369.20000000001545,31.8141952,14.222233600000003,0.02,0.00012385212404038837,0.0
369.3000000000155,31.876332299999998,14.2500114,0.02,0.014040585590978585,0.27833466933876394
369.4000000000155,31.8141952,14.222233600000003,0.02,0.013930356225905178,-0.2777779999999098
369.5000000000155,31.752058100000003,14.194455800000002,0.02,0.014028067669390553,-0.2775004995005146
369.60000000001554,31.876332299999998,14.2500114,0.02,0.013916956024954283,0.5544471057885567
369.70000000001556,31.9384694,14.2777892,0.02,0.041667033669658494,0.27777799999994535
369.8000000000156,31.8141952,14.222233600000003,0.02,0.02770845232000217,-0.5572276830492163
369.9000000000156,31.8141952,14.222233600000003,0.02,-1.3902969427453948e-05,0.0
370.00000000001563,31.9384694,14.2777892,0.02,0.04162518578691671,0.5544471057882422
370.10000000001565,31.8141952,14.222233600000003,0.02,0.013819580181309521,-0.5561121121121437
370.2000000000157,31.8141952,14.222233600000003,0.02,0.02769460515633526,0.0
370.3000000000157,31.876332299999998,14.2500114,0.02,0.013476541239631892,0.2728664047151848
370.4000000000157,31.876332299999998,14.2500114,0.02,0.02736544123962916,0.0
370.50000000001575,31.8141952,14.222233600000003,0.02,0.013350405921764749,-0.28030070635728827
370.60000000001577,31.876332299999998,14.2500114,0.02,-0.0006765290489221143,0.2755734126984065
370.7000000000158,32.0006065,14.305567000000002,0.02,0.04132695871527483,0.5617350859453335
370.8000000000158,31.876332299999998,14.2500114,0.02,0.01360460342586095,-0.5544471057882776
370.90000000001584,31.9384694,14.2777892,0.02,0.04138251453750787,0.2783346693387995
371.00000000001586,32.0006065,14.305567000000002,0.02,0.0275075173403038,0.27805605605608963
371.1000000000159,31.876332299999998,14.2500114,0.02,0.01366027019306289,-0.555000999000714
371.2000000000159,31.8141952,14.222233600000003,0.02,-0.0002147547819610629,-0.27750049950047906
371.3000000000159,31.876332299999998,14.2500114,0.02,-0.00022868544609654928,0.2780560560560541
371.40000000001595,31.9384694,14.2777892,0.02,0.02756301735670342,0.27805605605608963
371.500000000016,31.9384694,14.2777892,0.02,0.04143804233172916,0.0
371.600000000016,31.8141952,14.222233600000003,0.02,-0.014062112957691447,-0.5555559999998552
371.700000000016,32.0006065,14.305567000000002,0.02,0.013757395450722954,0.8341681681682334
371.80000000001604,31.9384694,14.2777892,0.02,0.02775760195846897,-0.27722355289429607
371.90000000001606,31.8141952,14.222233600000003,0.02,-7.586497539335268e-05,-0.5566693386772464
372.0000000000161,31.9384694,14.2777892,0.02,-2.0420264796910948e-05,0.555556000000171
372.1000000000161,31.9384694,14.2777892,0.02,0.02778518534081028,0.0
372.20000000001613,31.876332299999998,14.2500114,0.02,0.013896285340805118,-0.2777780000001033
372.30000000001615,31.9384694,14.2777892,0.02,0.014155767907850359,0.27805605605608963
372.4000000000162,32.0006065,14.305567000000002,0.02,0.028030792882876087,0.2775004995005146
372.5000000000162,31.9384694,14.2777892,0.02,0.028156928200743232,-0.27777799999994535
372.6000000000162,31.876332299999998,14.2500114,0.02,0.0004893575658256322,-0.27777799999994535
372.70000000001625,32.0006065,14.305567000000002,0.02,0.00018040326856929022,0.5555560000002066
372.80000000001627,31.9384694,14.2777892,0.02,0.014013858557985903,-0.27777799999994535
372.9000000000163,31.9384694,14.2777892,0.02,9.712509104592148e-05,0.0
373.0000000000163,32.0006065,14.305567000000002,0.02,8.322228823871015e-05,0.27777799999994535
373.10000000001634,32.062743600000005,14.333344800000003,0.02,0.041722172238271675,0.27777799999994535
373.20000000001636,31.9384694,14.2777892,0.02,0.027819397213285295,-0.5555560000002066
373.3000000000164,31.9384694,14.2777892,0.02,0.013916594410482597,0.0
373.4000000000164,32.062743600000005,14.333344800000003,0.02,0.02779159160768845,0.5555560000002066
373.5000000000164,32.0006065,14.305567000000002,0.02,0.013916566632662719,-0.2775004995005146
373.60000000001645,31.9384694,14.2777892,0.02,0.027777633165723414,-0.278334669338641
373.7000000000165,32.062743600000005,14.333344800000003,0.02,0.013736356231421934,0.5533426294822035
373.8000000000165,32.062743600000005,14.333344800000003,0.02,0.027597533876136726,0.0
373.9000000000165,31.9384694,14.2777892,0.02,0.027653200810004518,-0.5555559999998907
374.00000000001654,31.9384694,14.2777892,0.02,-0.00012459919000403774,0.0
374.10000000001656,32.062743600000005,14.333344800000003,0.02,0.027708867743860062,0.556669338677282
374.2000000000166,32.0006065,14.305567000000002,0.02,0.027722742768839497,-0.2775004995005146
374.3000000000166,31.9384694,14.2777892,0.02,-9.679350090495976e-05,-0.2783346693387995
374.40000000001663,32.062743600000005,14.333344800000003,0.02,0.013805981524063848,0.5555559999998907
374.50000000001666,32.062743600000005,14.333344800000003,0.02,0.027694881524061122,0.0
374.6000000000167,31.9384694,14.2777892,0.02,0.013805981524063848,-0.5555559999998907
374.7000000000167,32.0006065,14.305567000000002,0.02,-8.291847594921187e-05,0.27777799999994535
374.8000000000167,32.124880700000006,14.361122600000002,0.02,0.04158378152405749,0.5555560000001888
374.90000000001675,32.0006065,14.305567000000002,0.02,0.013833731574006924,-0.5550009990010114
375.00000000001677,32.0006065,14.305567000000002,0.02,-5.5168425990342886e-05,0.0
375.1000000000168,32.062743600000005,14.333344800000003,0.02,-5.5168425990342886e-05,0.27777799999994535
375.2000000000168,32.0006065,14.305567000000002,0.02,0.01384760659899426,-0.2775004995005146
375.30000000001684,32.0006065,14.305567000000002,0.02,0.01384760659899426,0.0
375.40000000001686,31.9384694,14.2777892,0.02,-0.02779137104572301,-0.2772235528941388
375.5000000000169,32.0006065,14.305567000000002,0.02,-4.1321095671553734e-05,0.2775004995005146
375.6000000000169,32.0006065,14.305567000000002,0.02,0.013875412371260498,0.0
375.7000000000169,31.9384694,14.2777892,0.02,-0.027666744077875404,-0.2775004995005146
375.80000000001695,32.062743600000005,14.333344800000003,0.02,0.00013886152773355808,0.5561121121121793
375.900000000017,32.062743600000005,14.333344800000003,0.02,0.027916661527728093,0.0
376.000000000017,32.0006065,14.305567000000002,0.02,0.014013858724923611,-0.27805605605608963
376.100000000017,32.062743600000005,14.333344800000003,0.02,6.929179105677474e-05,0.27777799999994535
376.20000000001704,32.124880700000006,14.361122600000002,0.02,0.027791674692302794,0.2769471585244057
376.30000000001706,32.0006065,14.305567000000002,0.02,0.013847024006781066,-0.5572276830492341
376.4000000000171,32.062743600000005,14.333344800000003,0.02,-5.575101818774131e-05,0.2775004995005146
376.5000000000171,32.124880700000006,14.361122600000002,0.02,0.013847051784615852,0.27805605605607187
376.60000000001713,32.062743600000005,14.333344800000003,0.02,0.027777493858390102,-0.2769471585244057
376.70000000001716,32.062743600000005,14.333344800000003,0.02,0.01388859385839283,0.0
376.8000000000172,32.124880700000006,14.361122600000002,0.02,-3.0614162022934985e-07,0.2777779999999276
376.9000000000172,32.1870178,14.3889004,0.02,0.04163864380843463,0.2777780000000855
377.0000000000172,32.124880700000006,14.361122600000002,0.02,0.027749743808438247,-0.2777779999999276
377.10000000001725,32.062743600000005,14.333344800000003,0.02,-4.195899436261752e-05,-0.27805605605607187
377.20000000001727,32.1870178,14.3889004,0.02,0.04152778183310368,0.5538943170488114
377.3000000000173,32.062743600000005,14.333344800000003,0.02,0.013694314899241361,-0.5566693386772464
377.4000000000173,32.124880700000006,14.361122600000002,0.75,0.27805605605607187,0.27805605605607187
377.50000000001734,32.124880700000006,14.361122600000002,0.75,0.13902802802803593,0.0
377.60000000001736,32.124880700000006,14.361122600000002,0.75,0.09268535201869062,0.0
377.7000000000174,32.3734291,14.472233800000001,0.75,0.3475700700700987,1.112224224224323
377.8000000000174,32.1870178,14.3889004,0.75,0.11155575635577378,-0.832501498501526
377.9000000000174,32.4977033,14.5277894,0.75,0.3246765103432106,1.3902802802803949
378.00000000001745,32.435566200000004,14.500011600000002,0.75,0.23865122322268353,-0.27750049950047906
378.1000000000175,32.6219775,14.583345000000001,0.75,0.31298657031982313,0.8333339999998005
378.2000000000175,32.7462517,14.638900600000001,0.75,0.33987706239551074,0.5550009990010114
378.3000000000175,32.808388799999996,14.6666784,0.75,0.3336949617615669,0.27805605605607187
378.40000000001754,32.932663,14.722234000000002,0.75,0.3538641470559887,0.5555560000002066
378.50000000001756,33.0569372,14.777789600000002,0.75,0.37057939361701125,0.5544471057882598
378.6000000000176,33.305485600000004,14.888900800000002,0.75,0.42771472313528186,1.1133386773545284
378.7000000000176,33.4297598,14.9444564,0.75,0.43680659998283267,0.5550009990009936
378.80000000001763,33.6161711,15.027789800000003,0.75,0.4632973711951951,0.8341681681682689
378.90000000001766,33.8025824,15.111123200000002,0.75,0.48626887771882255,0.8308414755732348
379.0000000000177,33.9268566,15.166678800000001,0.75,0.49047583482916485,0.5577871485946422
379.1000000000177,34.1132679,15.2500122,0.75,0.5094772605887132,0.8325014985010355
379.2000000000177,34.2375421,15.305567800000002,0.75,0.5119317264583693,0.5561121121121793
379.30000000001775,34.4239534,15.388901200000001,0.75,0.5280018401354646,0.8333340000002742
379.40000000001777,34.7346389,15.527790200000002,0.75,0.5835435373326455,1.3888899999996913
379.5000000000178,34.796776,15.555568000000001,0.75,0.5974324373326498,0.2777780000000855
379.6000000000178,35.0453244,15.6666792,0.75,0.6528771479114758,1.1088942115765197
379.70000000001784,35.1695986,15.722234800000003,0.75,0.6250715423058686,0.5561121121121793
379.80000000001786,35.3560099,15.805568200000002,0.75,0.7084050256393566,0.8341681681682334
379.9000000000179,35.6045583,15.916679400000001,0.75,0.694391111525438,1.1100019980020228
380.0000000000179,35.7288325,15.972235000000001,0.75,0.73607174210607,0.5561121121121615
380.1000000000179,35.9773809,16.0833462,0.75,0.7499051420061495,1.1100019980013924
380.20000000001795,36.1016551,16.138901800000003,0.75,0.7498774473455285,0.5544471057885921
380.300000000018,36.2880664,16.2222352,0.75,0.7777248449435185,0.8350040080158696
380.400000000018,36.4744777,16.3055686,0.75,0.7916137449435228,0.833334000000292
380.500000000018,36.660889,16.388902,0.75,0.8055164645791862,0.832501498501526
380.60000000001804,36.7851632,16.444457600000003,0.75,0.7776551363170529,0.5561121121118628
380.70000000001806,37.033711600000004,16.555568800000003,0.75,0.8055162975782194,1.112224224224323
380.8000000000181,37.1579858,16.6111244,0.75,0.7915302444592338,0.5544471057885567
380.9000000000181,37.4065342,16.7222356,0.75,0.8056551045482985,1.1133386773545284
381.00000000001813,37.5308084,16.7777912,0.75,0.8054604629710068,0.5538943170488114
381.10000000001816,37.7172197,16.861124600000004,0.75,0.8056274642746498,0.8358415245738957
381.2000000000182,37.903631,16.944458,0.75,0.8191989192450004,0.8275412115191927
381.3000000000182,38.0900423,17.0277914,0.75,0.8194504285005193,0.838364185110648
381.4000000000182,38.2143165,17.083347,0.75,0.7777559784505843,0.5550009990009936
381.50000000001825,38.4628649,17.1944582,0.75,0.8195340123183381,1.1133386773551626
381.60000000001827,38.5871391,17.2500138,0.75,0.7918671017395068,0.5555559999998907
381.7000000000183,38.7735504,17.333347200000002,0.75,0.8057281961338887,0.8333339999998183
381.8000000000183,38.9599617,17.416680600000003,0.75,0.8056864877254917,0.833334000000292
381.90000000001834,39.146373,17.500014,0.75,0.791811462750465,0.8325014985014905
382.00000000001836,39.2706472,17.555569600000002,0.75,0.7917836571448515,0.5555559999998907
382.1000000000184,39.4570585,17.638903000000003,0.75,0.7779919656531946,0.8341681681682511
382.2000000000184,39.7056069,17.750014200000003,0.75,0.8056590420686478,1.1077886340976582
382.30000000001843,39.8920182,17.833347600000003,0.75,0.8056172500762667,0.8341681681682511
382.40000000001845,40.016292400000005,17.8889032,0.75,0.7917840170101144,0.5566693386772464
382.5000000000185,40.2027037,17.972236600000002,0.75,0.7917840170101144,0.832501498501526
382.6000000000185,40.389115000000004,18.055570000000003,0.75,0.8056868198129337,0.8341681681682511
382.7000000000185,40.5755263,18.1389034,0.75,0.7917006835267921,0.8325014985014905
382.80000000001854,40.761937599999996,18.2222368,0.75,0.8056867366457767,0.8341681681682511
382.90000000001857,40.8862118,18.2777924,0.75,0.7777976027780432,0.5555559999998552
383.0000000000186,41.072623099999994,18.3611258,0.75,0.7917695869256172,0.833334000000292
383.1000000000186,41.196897299999996,18.4166814,0.75,0.7776722265493649,0.5538943170488468
383.20000000001863,41.3833086,18.5000148,0.75,0.7779618659733943,0.8333339999997827
383.30000000001866,41.5697199,18.583348200000003,0.75,0.7778357329465566,0.8358415245738957
383.4000000000187,41.6939941,18.6389038,0.75,0.7778357329465567,0.5550009990009936
383.5000000000187,41.9425425,18.750015,0.75,0.7777243990787859,1.1111119999997459
383.6000000000187,42.066816700000004,18.805570600000003,0.75,0.7777522046844004,0.5561121121121793
383.70000000001875,42.315365099999994,18.9166818,0.75,0.791641104684395,1.1111119999997103
383.80000000001877,42.501776400000004,19.000015200000004,0.75,0.791516478463045,0.8308414755732879
383.9000000000188,42.6881877,19.0833486,0.75,0.7916416039387876,0.8350040080163452
384.0000000000188,42.7503248,19.1111264,0.75,0.7777666067415966,0.27805605605607187
384.10000000001884,42.874599,19.166682,0.75,0.7638359983331786,0.5555559999998907
384.20000000001886,43.0610103,19.250015400000002,0.75,0.7431110425018368,0.6932895174708238
384.3000000000189,43.247421599999996,19.3333488,0.75,0.7431528344942179,0.8350040080158696
384.4000000000189,43.3716958,19.3889044,0.75,0.7430971675603659,0.5555560000002066
384.50000000001893,43.6202442,19.5000156,0.75,0.7569168032141155,1.1088942115765197
384.60000000001895,43.682381299999996,19.5277934,0.75,0.7291111976085065,0.27805605605607187
384.700000000019,43.9309297,19.638904600000004,0.75,0.7430417226834527,1.111112000000413
384.800000000019,44.0552039,19.6944602,0.75,0.7291389198806315,0.5561121121118273
384.900000000019,44.241615200000005,19.777793600000003,0.75,0.7430278198806534,0.833334000000292
385.00000000001904,44.4280265,19.861127000000003,0.75,0.742986194805715,0.832501498501526
385.10000000001907,44.6144378,19.9444604,0.75,0.7569165538783471,0.8325014985014905
385.2000000000191,44.676574900000006,19.972238200000003,0.75,0.7288664225058059,0.27233137254895917
385.3000000000191,44.987260400000004,20.111127200000002,0.75,0.7578638467868033,1.415790010193841
385.40000000001913,44.987260400000004,20.111127200000002,0.75,0.7301137968367535,0.0
385.50000000001916,45.2358088,20.222238400000002,0.75,0.7301137968367537,1.1111119999997459
385.6000000000192,45.4222201,20.3055718,0.75,0.7439748912311575,0.8333340000002565
385.7000000000192,45.6707685,20.416683000000003,0.75,0.7433704287187928,1.0990227497524185
385.8000000000192,45.7950427,20.472238600000004,0.75,0.7296339605457375,0.5561121121121793
385.90000000001925,45.919316900000005,20.527794200000002,0.75,0.7158855746610494,0.5600362903225836
386.00000000001927,46.1057282,20.611127600000003,0.75,0.7432778164568489,0.8259008919720594
386.1000000000193,46.2921395,20.694461,0.75,0.7575451224104501,0.8409021190719186
386.2000000000193,46.3542766,20.7222388,0.75,0.7367834493397125,0.27805605605607187
386.30000000001934,46.4785508,20.7777944,0.75,0.7227832988889704,0.5550009990010292
386.40000000001936,46.727099200000005,20.8889056,0.75,0.764711396003136,1.394117942283517
386.5000000000194,46.85137340000001,20.944461200000003,0.75,0.7324341583183833,0.4633494578814676
386.6000000000194,47.0377847,21.027794600000004,0.75,0.7601980555155944,0.833334000000292
386.70000000001943,47.224196,21.111128,0.75,0.7463091555155628,0.8333339999997827
386.80000000001945,47.3484702,21.166683600000002,0.75,0.7462535998600229,0.5550009990010292
386.9000000000195,47.4727444,21.222239200000004,0.75,0.7323646998600029,0.5555559999998907
387.0000000000195,47.6591557,21.3055726,0.75,0.7324063249349393,0.8333340000002565
387.1000000000195,47.7834299,21.361128200000003,0.75,0.7185590500098594,0.5555559999998907
387.20000000001954,48.09411540000001,21.500017200000002,0.75,0.7743176062575374,1.3875024975025196
387.30000000001957,48.1562525,21.527795,0.75,0.717430908550649,0.27805605605607187
387.4000000000196,48.404800900000005,21.638906200000005,0.75,0.7730421197618668,1.1122242242243585
387.5000000000196,48.466938,21.666684000000004,0.75,0.7313615447369045,0.2775004995004968
387.60000000001963,48.5912122,21.7222396,0.75,0.7174172000263038,0.5544471057882422
387.70000000001966,48.8397606,21.8333508,0.75,0.718132996406441,1.1133386773551626
387.8000000000197,48.9018977,21.861128600000004,0.75,0.7042162908008303,0.2777779999999631
387.9000000000197,49.212583200000005,22.000017600000003,0.75,0.7457284902987207,1.3902802802803949
388.0000000000197,49.33685740000001,22.055573200000005,0.75,0.7322112457001124,0.5555559999998907
388.10000000001975,49.461131599999995,22.1111288,0.75,0.7179161896965642,0.5550009990009581
388.20000000001977,49.5854058,22.1666844,0.75,0.7317357421831904,0.5544471057885921
388.3000000000198,49.8339542,22.2777956,0.75,0.7596526261008653,1.1133386773545284
388.4000000000198,49.9582284,22.333351200000003,0.75,0.7176967789367409,0.5550009990010292
388.50000000001984,50.020365500000004,22.361129000000002,0.75,0.708432108845471,0.27805605605607187
388.60000000001986,50.2689139,22.472240200000005,0.75,0.7223766200566744,1.1122242242243585
388.7000000000199,50.331051,22.500018,0.08,0.2769471585243703,0.2769471585243703
388.8000000000199,50.579599400000006,22.611129200000004,0.08,0.6957012623111194,1.1144553660978684
388.90000000001993,50.2689139,22.472240200000005,0.08,0.001300009039906384,-1.3875024975025196
389.00000000001995,50.5174623,22.5833514,0.08,0.34348795375898966,1.3700517879162395
389.10000000002,50.455325200000004,22.555573600000002,0.08,0.21861685441266196,-0.28086754297264876
389.20000000002,50.5174623,22.5833514,0.08,0.22069679631450287,0.2310965058237074
389.30000000002,50.703873599999994,22.6666848,0.08,0.3084549694146981,0.8350040080158696
389.40000000002004,50.579599400000006,22.611129200000004,0.08,0.20045359823788336,-0.5555559999998196
389.50000000002007,50.579599400000006,22.611129200000004,0.08,0.17818097621145187,0.0
389.6000000000201,50.6417365,22.638907000000003,0.08,0.18819634552416903,0.2783346693386232
389.7000000000201,50.703873599999994,22.6666848,0.08,0.19631490497655923,0.27750049950046135
389.80000000002013,50.703873599999994,22.6666848,0.08,0.17995532956184598,0.0
389.90000000002016,50.7660107,22.6944626,0.08,0.19275542794007905,0.34635660847887584
390.0000000000202,50.6417365,22.638907000000003,0.08,0.1458907932385421,-0.463349457881438
390.1000000000202,50.828147799999996,22.7222404,0.08,0.191775951567187,0.8341681681682156
390.2000000000202,50.703873599999994,22.6666848,0.08,0.14544549366445542,-0.5495113748765182
390.30000000002025,50.7660107,22.6944626,0.08,0.15339480805971656,0.28058383838389456
390.40000000002027,50.828147799999996,22.7222404,0.08,0.16033591146410026,0.2783346693386232
390.5000000000203,50.828147799999996,22.7222404,0.08,0.1518971792817792,0.0
390.6000000000203,50.703873599999994,22.6666848,0.08,0.11646885338381027,-0.556669338677599
390.70000000002034,50.828147799999996,22.7222404,0.08,0.13039929545758627,0.5555559999998907
390.80000000002036,50.7660107,22.6944626,0.08,0.06081534950797897,-0.27722355289427836
390.9000000000204,50.890284900000005,22.750018200000003,0.08,0.15802394131696906,0.556669338677282
391.0000000000204,50.890284900000005,22.750018200000003,0.08,0.08952135192115707,0.0
391.10000000002043,50.7660107,22.6944626,0.08,0.07575912346418057,-0.5561121121121793
391.20000000002045,50.7660107,22.6944626,0.08,0.0642042981729952,0.0
391.3000000000205,50.703873599999994,22.6666848,0.08,0.00852340569597745,-0.27861384152448493
391.4000000000205,50.7660107,22.6944626,0.08,0.04998485101616849,0.2736729064040011
391.5000000000205,50.7660107,22.6944626,0.08,0.04998485101616849,0.0
391.60000000002054,50.828147799999996,22.7222404,0.08,0.04997092035204091,0.27805605605607187
391.70000000002057,50.890284900000005,22.750018200000003,0.08,0.049970920352044465,0.2775004995005323
391.8000000000206,50.952422,22.777796000000002,0.08,0.06385982035204085,0.2777779999999276
391.9000000000206,50.7660107,22.6944626,0.08,0.004875289928106141,-0.8333339999998183
392.00000000002063,50.7660107,22.6944626,0.08,0.02804276282217803,0.0
392.10000000002066,50.7660107,22.6944626,0.08,-0.013665645586232738,0.0
392.2000000000207,50.890284900000005,22.750018200000003,0.08,0.04153227844700705,0.5544471057882776
392.3000000000207,50.828147799999996,22.7222404,0.08,0.013600283725006953,-0.27805605605610745
392.4000000000207,50.7660107,22.6944626,0.08,-0.01421925254472781,-0.27805605605607187
392.50000000002075,50.952422,22.777796000000002,0.08,0.027364280389392127,0.8316706586823986
392.60000000002077,50.952422,22.777796000000002,0.08,0.055197747323272095,0.0
392.7000000000208,50.828147799999996,22.7222404,0.08,-0.00033010262677390934,-0.5550009990010292
392.8000000000208,50.7660107,22.6944626,0.08,-0.00037172778485567435,-0.27805605605591366
392.90000000002084,50.890284900000005,22.750018200000003,0.08,-0.00042739471870944514,0.5555560000002066
393.00000000002086,50.828147799999996,22.7222404,0.08,-0.0143162947187076,-0.2777779999999631
393.1000000000209,50.828147799999996,22.7222404,0.08,0.013489310886901357,0.0
393.2000000000209,50.828147799999996,22.7222404,0.08,0.013489310886901357,0.0
393.30000000002093,50.828147799999996,22.7222404,0.08,0.027420002963125606,0.0
393.40000000002095,50.952422,22.777796000000002,0.08,0.04145871293233943,0.5544471057882776
393.500000000021,50.890284900000005,22.750018200000003,0.08,0.027541979465400344,-0.2783346693387817
393.600000000021,50.890284900000005,22.750018200000003,0.08,0.013639176662596753,0.0
393.700000000021,50.828147799999996,22.7222404,0.08,-0.014124748312428015,-0.2777779999999631
393.80000000002104,50.890284900000005,22.750018200000003,0.08,-0.014124748312426244,0.2777779999999631
393.90000000002107,50.890284900000005,22.750018200000003,0.08,0.02754195168756467,0.0
394.0000000000211,50.828147799999996,22.7222404,0.08,0.013666926712538056,-0.2775004995005323
394.1000000000211,50.828147799999996,22.7222404,0.08,0.013666926712538056,0.0
394.20000000002113,50.890284900000005,22.750018200000003,0.08,-0.0002080706506537633,0.27694715852444113
394.30000000002116,50.890284900000005,22.750018200000003,0.08,0.013694732152151607,0.0
394.4000000000212,50.890284900000005,22.750018200000003,0.08,0.027597534954955198,0.0
394.5000000000212,50.828147799999996,22.7222404,0.08,-0.02786102295419135,-0.2775004995005323
394.6000000000212,50.890284900000005,22.750018200000003,0.08,-0.013972122954193195,0.2777779999999631
394.70000000002125,50.7660107,22.6944626,0.08,-0.01394442829357134,-0.5544471057885921
394.80000000002127,50.952422,22.777796000000002,0.08,0.04175045073789352,0.8358415245733836
394.9000000000213,50.828147799999996,22.7222404,0.08,-0.013805149262127137,-0.5555560000002066
395.0000000000213,50.952422,22.777796000000002,0.08,0.027833800687922478,0.5550009990010292
395.10000000002134,50.952422,22.777796000000002,0.08,0.027833800687922478,0.0
395.20000000002136,50.7660107,22.6944626,0.08,-0.013749732246221048,-0.8316706586828705
395.3000000000214,50.828147799999996,22.7222404,0.08,0.00018095983000141757,0.2786138415244493
395.4000000000214,50.7660107,22.6944626,0.08,-0.04143029545941673,-0.2777780000000855
395.50000000002143,50.890284900000005,22.750018200000003,0.08,0.00023648795757380547,0.5550009990010292
395.60000000002145,50.952422,22.777796000000002,0.08,0.014125387957570184,0.2777779999999276
395.7000000000215,50.828147799999996,22.7222404,0.08,0.00023648795755801255,-0.5555560000002066
395.8000000000215,50.952422,22.777796000000002,0.08,0.014125387957554391,0.5555559999998907
395.9000000000215,50.952422,22.777796000000002,0.08,0.014125387957554391,0.0
396.00000000002154,50.890284900000005,22.750018200000003,0.08,0.014097610129777416,-0.27805605605607187
396.10000000002157,50.828147799999996,22.7222404,0.08,0.0002087101297792604,-0.2777779999999631
396.2000000000216,50.828147799999996,22.7222404,0.08,-0.0136386477964428,0.0
396.3000000000216,50.828147799999996,22.7222404,0.08,-0.0136386477964428,0.0
396.40000000002163,50.952422,22.777796000000002,0.08,0.014139152203551737,0.5555559999998907
396.50000000002166,50.952422,22.777796000000002,0.08,0.028014177178578355,0.0
396.6000000000217,50.890284900000005,22.750018200000003,0.08,3.917170191196917e-05,-0.2817221095333646
396.7000000000217,50.828147799999996,22.7222404,0.08,0.013858724188536207,-0.27805605605610745
396.8000000000217,50.890284900000005,22.750018200000003,0.08,-0.014044452040126928,0.27777800000012104
396.90000000002175,50.952422,22.777796000000002,0.08,0.027622247959879786,0.2777779999999276
397.00000000002177,50.828147799999996,22.7222404,0.08,-0.02787785194022313,-0.5550009990010292
397.1000000000218,50.828147799999996,22.7222404,0.08,-0.02787785194022313,0.0
397.2000000000218,50.952422,22.777796000000002,0.08,0.04142803628335,0.5544471057885921
397.30000000002184,50.952422,22.777796000000002,0.08,0.027497344207127534,0.0
397.40000000002186,50.828147799999996,22.7222404,0.08,0.013552777273267713,-0.556669338677282
397.5000000000219,50.828147799999996,22.7222404,0.08,-0.014197272676783747,0.0
397.6000000000219,50.952422,22.777796000000002,0.08,-0.00030837267678559546,0.5555559999998907
397.70000000002193,50.952422,22.777796000000002,0.08,0.027469427323224736,0.0
397.80000000002195,50.890284900000005,22.750018200000003,0.08,-0.014295180330340423,-0.27973615307141253
397.900000000022,50.828147799999996,22.7222404,0.08,-0.02818408033033858,-0.2777779999999631
398.000000000022,50.890284900000005,22.750018200000003,0.08,-0.00040625255250837375,0.2775004995005323
398.100000000022,50.890284900000005,22.750018200000003,0.08,0.013482647447489778,0.0
398.20000000002204,50.952422,22.777796000000002,0.08,0.02716629276768808,0.27367290640396613
398.30000000002207,50.828147799999996,22.7222404,0.08,-0.0010345194150535087,-0.5640162436548318
398.4000000000221,50.828147799999996,22.7222404,0.08,-0.028812319415048037,0.0
398.5000000000221,50.952422,22.777796000000002,0.08,-0.0010345194150377102,0.5555560000002066
398.60000000002213,50.952422,22.777796000000002,0.08,0.013051586061630519,0.0
398.70000000002216,50.828147799999996,22.7222404,0.08,-0.0008234111355744422,-0.5555560000002066
398.8000000000222,50.828147799999996,22.7222404,0.08,-0.014712311135580488,0.0
398.9000000000222,50.952422,22.777796000000002,0.08,-0.0008511611855254065,0.5550009990010292
399.0000000000222,50.952422,22.777796000000002,0.08,0.026898888764526046,0.0
399.10000000002225,50.828147799999996,22.7222404,0.08,-0.000878911235468488,-0.5555559999998907
399.20000000002227,50.952422,22.777796000000002,0.08,-0.0011799437213382113,0.5484264560711977
399.3000000000223,50.828147799999996,22.7222404,0.08,-0.029323611401174687,-0.5628733535967295
399.4000000000223,50.952422,22.777796000000002,0.08,0.026287655532683946,0.5555559999998907
399.50000000002234,50.952422,22.777796000000002,0.08,0.026287655532683946,0.0
399.60000000002236,50.828147799999996,22.7222404,0.08,-0.029351528619773182,-0.557227683049252
399.7000000000224,50.890284900000005,22.750018200000003,0.08,-0.015462628619775026,0.2777779999999631
399.8000000000224,50.952422,22.777796000000002,0.08,0.012426981836599191,0.27805605605607187
399.90000000002243,50.952422,22.777796000000002,0.08,0.026315881836597343,0.0
400.00000000002245,50.828147799999996,22.7222404,0.08,-0.015336943138439595,-0.5555560000002066
400.1000000000225,50.890284900000005,22.750018200000003,0.08,-0.0014480431384414406,0.2777779999999631
400.2000000000225,50.952422,22.777796000000002,0.08,-0.0012427884586354715,0.2777780000000855
400.3000000000225,50.952422,22.777796000000002,0.08,0.026958023724106116,0.0
400.40000000002254,50.890284900000005,22.750018200000003,0.08,0.013069123724109738,-0.2777779999999276
400.50000000002257,50.828147799999996,22.7222404,0.08,-0.028460062414515874,-0.27502772277230575
400.6000000000226,50.890284900000005,22.750018200000003,0.08,-0.014430870495321147,0.28058383838389456
400.7000000000226,50.828147799999996,22.7222404,0.08,-0.000555873298116194,-0.27805605605610745
400.80000000002264,50.952422,22.777796000000002,0.08,0.027166481991313413,0.5544471057885921
400.90000000002266,50.952422,22.777796000000002,0.08,-0.000583567958738046,0.0
401.0000000000227,50.890284900000005,22.750018200000003,0.08,-0.014486370761541639,-0.27805605605607187
401.1000000000227,50.890284900000005,22.750018200000003,0.08,0.013291429238452895,0.0
401.2000000000227,50.952422,22.777796000000002,0.08,-0.00024099356510270676,0.2777780000000855
401.30000000002275,50.828147799999996,22.7222404,0.08,0.00012487411473922628,-0.5555559999998907
401.40000000002277,50.828147799999996,22.7222404,0.08,-0.02765292588525531,0.0
401.5000000000228,50.890284900000005,22.750018200000003,0.08,-0.013764025885249257,0.27777800000012104
401.6000000000228,50.952422,22.777796000000002,0.08,0.027944716193433628,0.2769471585244057
401.70000000002284,50.828147799999996,22.7222404,0.08,-0.013805567959027121,-0.557227683049252
401.80000000002286,50.890284900000005,22.750018200000003,0.08,-0.01381947076183256,0.2777779999999631
401.9000000000229,50.828147799999996,22.7222404,0.08,-0.027708370761830713,-0.2777779999999631
402.0000000000229,50.890284900000005,22.750018200000003,0.08,0.01395832923818566,0.27777800000012104
402.10000000002293,50.828147799999996,22.7222404,0.08,-0.013819470761810646,-0.2777779999999631
402.20000000002295,50.890284900000005,22.750018200000003,0.08,-0.013819470761808875,0.27777800000012104
402.300000000023,50.952422,22.777796000000002,0.08,6.942923818750446e-05,0.2777779999999276
402.400000000023,50.828147799999996,22.7222404,0.08,-0.013819470761810646,-0.5555559999998907
402.500000000023,50.890284900000005,22.750018200000003,0.08,0.013806940351831257,0.2775004995005323
402.60000000002304,50.828147799999996,22.7222404,0.08,-0.014125054370168843,-0.27805605605610745
402.70000000002307,50.890284900000005,22.750018200000003,0.08,0.013652773407663141,0.2775004995005323
402.8000000000231,50.952422,22.777796000000002,0.08,-0.00016677907896287257,0.27805605605607187
402.9000000000231,50.828147799999996,22.7222404,0.08,-0.027916829029014333,-0.5550009990010292
403.00000000002314,50.952422,22.777796000000002,0.08,0.013791579379398228,0.5561121121121793
403.10000000002316,50.952422,22.777796000000002,0.08,0.013791579379398228,0.0
403.2000000000232,50.828147799999996,22.7222404,0.08,-0.02790292622621502,-0.5561121121121793
403.3000000000232,50.952422,22.777796000000002,0.08,0.02765267377377406,0.5555559999998907
403.4000000000232,50.952422,22.777796000000002,0.08,0.02765267377377406,0.0
403.50000000002325,50.952422,22.777796000000002,0.08,0.013763773773768006,0.0
403.6000000000233,50.828147799999996,22.7222404,0.08,-0.027861384152446822,-0.5555559999998907
403.7000000000233,50.828147799999996,22.7222404,0.08,1.5787371410169725e-14,0.0
403.8000000000233,50.952422,22.777796000000002,0.08,0.01383345528943151,0.5544471057882776
403.90000000002334,50.828147799999996,22.7222404,0.08,-0.00011111164443443066,-0.556669338677282
404.00000000002336,50.828147799999996,22.7222404,0.08,-0.014000011644440485,0.0
404.1000000000234,50.952422,22.777796000000002,0.08,0.0276666883555522,0.5555559999998907
404.2000000000234,50.952422,22.777796000000002,0.08,0.013777788355546152,0.0
404.30000000002343,50.828147799999996,22.7222404,0.08,-0.028112926160581198,-0.5600362903226194
404.40000000002345,50.828147799999996,22.7222404,0.08,-0.0003351261605866629,0.0
404.5000000000235,50.952422,22.777796000000002,0.08,0.013595454469995688,0.5561121121121793
404.6000000000235,50.828147799999996,22.7222404,0.08,-0.0002795427271934714,-0.5555559999998907
404.7000000000235,50.952422,22.777796000000002,0.08,0.01362323229779024,0.5555560000002066
404.80000000002354,50.890284900000005,22.750018200000003,0.08,-0.014154595480038196,-0.2775004995004968
404.90000000002357,50.890284900000005,22.750018200000003,0.08,0.013595454470013263,0.0
405.0000000000236,50.890284900000005,22.750018200000003,0.08,-0.0142101511355957,0.0
405.1000000000236,50.828147799999996,22.7222404,0.08,-0.028112953938401075,-0.27805605605610745
405.20000000002364,50.828147799999996,22.7222404,0.08,-0.0003073483327921095,0.0
405.30000000002366,50.952422,22.777796000000002,0.08,-0.0003350983827351883,0.5550009990010292
405.4000000000237,50.952422,22.777796000000002,0.08,-0.0003350983827351883,0.0
405.5000000000237,50.828147799999996,22.7222404,0.08,-0.028085148332786646,-0.5550009990010292
405.6000000000237,50.828147799999996,22.7222404,0.08,-0.00030734833279211227,0.0
405.70000000002375,50.952422,22.777796000000002,0.08,0.027442701617259348,0.5550009990010292
405.8000000000238,50.952422,22.777796000000002,0.08,-0.00027965367215453395,0.0
405.9000000000238,50.828147799999996,22.7222404,0.08,-0.00016854202772003667,-0.5544471057885921
406.0000000000238,50.828147799999996,22.7222404,0.08,-0.00016854202772003667,0.0
406.10000000002384,50.890284900000005,22.750018200000003,0.08,-0.014057442027716416,0.2777779999999631
406.20000000002386,50.952422,22.777796000000002,0.08,-0.0001685420277121402,0.2777780000000855
406.3000000000239,50.952422,22.777796000000002,0.08,0.027833272488418825,0.0
406.4000000000239,50.828147799999996,22.7222404,0.08,5.547248842429076e-05,-0.5555559999998907
406.50000000002393,50.890284900000005,22.750018200000003,0.08,-0.01386123311717862,0.27777800000012104
406.60000000002395,50.828147799999996,22.7222404,0.08,2.7666882817758975e-05,-0.2777779999999631
406.700000000024,50.952422,22.777796000000002,0.08,-0.00016542606653547343,0.5516941410131418
406.800000000024,50.828147799999996,22.7222404,0.08,-0.014264016398653675,-0.5594723061428608
406.900000000024,50.828147799999996,22.7222404,0.08,-0.014264016398653675,0.0
407.00000000002404,50.890284900000005,22.750018200000003,0.08,-0.0003751163986476236,0.27777800000012104
407.10000000002407,50.890284900000005,22.750018200000003,0.08,0.013527686404157755,0.0
407.2000000000241,50.952422,22.777796000000002,0.08,0.02741658640416203,0.2777780000000855
407.3000000000241,50.890284900000005,22.750018200000003,0.08,-0.014222363545885814,-0.2777779999999276
407.40000000002414,50.952422,22.777796000000002,0.08,-0.0003334635458894342,0.2777779999999276
407.50000000002416,50.952422,22.777796000000002,0.08,0.02741658640416203,0.0
407.6000000000242,50.952422,22.777796000000002,0.08,0.02741658640416203,0.0
407.7000000000242,50.952422,22.777796000000002,0.08,-0.0003334635458894342,0.0
407.8000000000242,50.828147799999996,22.7222404,0.08,-0.028055818835303316,-0.5544471057882776
407.90000000002425,50.890284900000005,22.750018200000003,0.08,0.013569339256931665,0.27805605605610745
408.0000000000243,50.828147799999996,22.7222404,0.08,-0.0003334635458737079,-0.27805605605610745
408.1000000000243,50.952422,22.777796000000002,0.08,0.01355543645412267,0.5555559999998907
408.2000000000243,50.890284900000005,22.750018200000003,0.08,-0.014222363545885883,-0.2777780000000855
408.30000000002434,50.828147799999996,22.7222404,0.08,-0.028111263545884037,-0.2777779999999631
408.40000000002436,50.890284900000005,22.750018200000003,0.08,0.013555436454108657,0.2777779999999631
408.5000000000244,50.890284900000005,22.750018200000003,0.08,-0.00033346354589739726,0.0
408.6000000000244,50.890284900000005,22.750018200000003,0.08,0.013555436454100758,0.0
408.70000000002443,50.952422,22.777796000000002,0.08,-0.0001542456215314958,0.2775004995004968
408.80000000002445,50.890284900000005,22.750018200000003,0.08,0.013930469685615171,-0.2777779999999276
408.9000000000245,50.890284900000005,22.750018200000003,0.08,0.013930469685615171,0.0
409.0000000000245,50.952422,22.777796000000002,0.08,0.013875135422663318,0.27667131474108403
409.1000000000245,50.952422,22.777796000000002,0.08,0.013875135422663318,0.0
409.20000000002454,50.890284900000005,22.750018200000003,0.08,-0.013930498044280041,-0.2783346693387817
409.30000000002457,50.890284900000005,22.750018200000003,0.08,-4.159804428366387e-05,0.0
409.4000000000246,50.952422,22.777796000000002,0.08,-4.159804428366109e-05,0.2777779999999276
409.5000000000246,50.952422,22.777796000000002,0.08,-4.159804428366109e-05,0.0
409.60000000002464,50.890284900000005,22.750018200000003,0.08,-0.013944400847087254,-0.27805605605607187
409.70000000002466,50.890284900000005,22.750018200000003,0.08,-0.013944400847087254,0.0
409.8000000000247,50.952422,22.777796000000002,0.08,0.027666854442323002,0.2777779999999276
409.9000000000247,50.952422,22.777796000000002,0.08,0.01376405163951763,0.0
410.0000000000247,50.952422,22.777796000000002,0.08,0.027666854442323002,0.0
410.10000000002475,50.890284900000005,22.750018200000003,0.08,-0.013999845557667909,-0.2777779999999276
410.2000000000248,50.952422,22.777796000000002,0.08,0.01377795444234064,0.2777780000000855
410.3000000000248,50.890284900000005,22.750018200000003,0.08,0.013777954442342416,-0.2777779999999276
410.4000000000248,50.828147799999996,22.7222404,0.08,-0.013999845557653896,-0.2777779999999631
410.50000000002484,50.952422,22.777796000000002,0.08,0.013777954442356433,0.5555560000002066
410.60000000002486,50.952422,22.777796000000002,0.08,0.013777954442356433,0.0
410.7000000000249,50.952422,22.777796000000002,0.08,-9.707053266840848e-05,0.0
410.8000000000249,50.890284900000005,22.750018200000003,0.08,-9.707053266840848e-05,-0.2777779999999276
410.90000000002493,50.828147799999996,22.7222404,0.08,-0.013985970532666564,-0.2777779999999631
411.00000000002495,50.952422,22.777796000000002,0.08,-6.948631966930408e-05,0.5550009990010292
411.100000000025,50.890284900000005,22.750018200000003,0.08,-0.013972289122472897,-0.27805605605607187
411.200000000025,50.952422,22.777796000000002,0.08,0.013805621989180103,0.27722355289427836
411.300000000025,50.952422,22.777796000000002,0.08,0.013805621989180103,0.0
411.40000000002505,50.828147799999996,22.7222404,0.08,-0.027888883616409416,-0.5561121121118628
411.50000000002507,50.890284900000005,22.750018200000003,0.08,-0.013999983616403363,0.27777800000012104
411.6000000000251,50.828147799999996,22.7222404,0.08,-0.013986080813597928,-0.2777779999999631
411.7000000000251,50.952422,22.777796000000002,0.08,0.013791719186412399,0.5555560000002066
411.80000000002514,50.890284900000005,22.750018200000003,0.08,-0.01393074655063035,-0.2766713147409274
411.90000000002516,50.828147799999996,22.7222404,0.08,-0.027875425265489785,-0.27889357429718864
412.0000000000252,50.890284900000005,22.750018200000003,0.08,-0.013986525265483732,0.27777800000012104
412.1000000000252,50.890284900000005,22.750018200000003,0.08,-9.762526548734996e-05,0.0
412.2000000000252,50.952422,22.777796000000002,0.08,-9.762526548734996e-05,0.2777780000000855
412.30000000002525,50.828147799999996,22.7222404,0.08,-0.013986525265485505,-0.5555559999998907
412.4000000000253,50.828147799999996,22.7222404,0.08,-9.76252654873555e-05,0.0
412.5000000000253,50.828147799999996,22.7222404,0.08,-0.02787542526549768,0.0
412.6000000000253,50.828147799999996,22.7222404,0.08,-0.02787542526549768,0.0
412.70000000002534,50.952422,22.777796000000002,0.08,-9.76252654873555e-05,0.5555560000002066
412.80000000002536,50.890284900000005,22.750018200000003,0.08,3.988859589550142e-05,-0.27502772277227056
412.9000000000254,50.828147799999996,22.7222404,0.08,-0.00010040332329301627,-0.28058383838373346
413.0000000000254,50.952422,22.777796000000002,0.08,-7.265327333415006e-05,0.5555560000002066
413.10000000002543,50.890284900000005,22.750018200000003,0.08,-4.487544555539513e-05,-0.2775004995004968
413.20000000002545,50.828147799999996,22.7222404,0.08,-0.02780885589307469,-0.27805605605610745
413.3000000000255,50.828147799999996,22.7222404,0.08,-0.02780885589307469,0.0
413.4000000000255,50.890284900000005,22.750018200000003,0.08,0.013885649712516615,0.2777779999999631
413.5000000000255,50.952422,22.777796000000002,0.08,0.013885649712514835,0.2777780000000855
413.60000000002555,50.890284900000005,22.750018200000003,0.08,0.013885649712516619,-0.2777779999999276
413.70000000002557,50.952422,22.777796000000002,0.08,-3.250287489436898e-06,0.2777780000000855
413.8000000000256,50.952422,22.777796000000002,0.08,0.01383031544955693,0.0
413.9000000000256,50.952422,22.777796000000002,0.08,0.027774994164416356,0.0
414.00000000002564,50.828147799999996,22.7222404,0.08,-0.013891705835600019,-0.5555560000002066
414.10000000002566,50.828147799999996,22.7222404,0.08,-0.013891705835600019,0.0
414.2000000000257,50.952422,22.777796000000002,0.08,2.499977000466336e-05,0.5561121121121793
414.3000000000257,50.952422,22.777796000000002,0.08,0.027802799769999203,0.0
414.4000000000257,50.890284900000005,22.750018200000003,0.08,0.01389999696720352,-0.27805605605591366
414.50000000002575,50.890284900000005,22.750018200000003,0.08,0.01389999696720352,0.0
414.6000000000258,50.952422,22.777796000000002,0.08,0.027733562704257718,0.27667131474108403
414.7000000000258,50.952422,22.777796000000002,0.08,-4.423729575260549e-05,0.0
414.8000000000258,50.828147799999996,22.7222404,0.08,-0.014070651157133612,-0.5555559999998907
414.90000000002584,50.952422,22.777796000000002,0.08,0.027736340762047597,0.5555559999998907
415.00000000002586,50.952422,22.777796000000002,0.08,-4.145923796272655e-05,0.0
415.1000000000259,50.828147799999996,22.7222404,0.08,-0.013944234262932426,-0.5555559999998907
415.2000000000259,50.828147799999996,22.7222404,0.08,-4.143146012706156e-05,0.0
415.30000000002593,50.890284900000005,22.750018200000003,0.08,0.013819746184580765,0.2772235528941565
415.40000000002595,50.890284900000005,22.750018200000003,0.08,-6.915381541738319e-05,0.0
415.500000000026,50.952422,22.777796000000002,0.08,-6.915381541737764e-05,0.2777780000000855
415.600000000026,50.952422,22.777796000000002,0.08,0.013819746184578995,0.0
415.700000000026,50.890284900000005,22.750018200000003,0.08,-0.013944178790450124,-0.2775004995004968
415.80000000002605,50.828147799999996,22.7222404,0.08,-0.027846981593255493,-0.27805605605610745
415.90000000002607,50.828147799999996,22.7222404,0.08,-0.027846981593255493,0.0
416.0000000000261,50.828147799999996,22.7222404,0.08,-6.918159324516282e-05,0.0
416.1000000000261,50.952422,22.777796000000002,0.08,0.027764285340618932,0.556669338677282
416.20000000002614,50.952422,22.777796000000002,0.08,-4.132026499002461e-05,0.0
416.30000000002616,50.952422,22.777796000000002,0.08,-4.132026499002461e-05,0.0
416.4000000000262,50.828147799999996,22.7222404,0.08,-0.01394412306778749,-0.5561121121118628
416.5000000000262,50.828147799999996,22.7222404,0.08,-0.01394412306778749,0.0
416.6000000000262,50.828147799999996,22.7222404,0.08,-0.027777688804841688,0.0
416.70000000002625,50.952422,22.777796000000002,0.08,1.1119516863944412e-07,0.5555560000002066
416.8000000000263,50.952422,22.777796000000002,0.08,0.02777791119516317,0.0
416.9000000000263,50.828147799999996,22.7222404,0.08,-0.027749938754882818,-0.5550009990010292
417.0000000000263,50.952422,22.777796000000002,0.08,5.5666850726143745e-05,0.5561121121121793
417.10000000002634,50.828147799999996,22.7222404,0.08,5.5666850726138195e-05,-0.5555559999998907
417.20000000002636,50.828147799999996,22.7222404,0.08,5.5666850726138195e-05,0.0
417.3000000000264,50.828147799999996,22.7222404,0.08,-0.013805510793981684,0.0
417.4000000000264,50.890284900000005,22.750018200000003,0.08,9.72920088157747e-05,0.2780560560559492
417.50000000002643,50.952422,22.777796000000002,0.08,9.729200881577748e-05,0.2777780000000855
417.60000000002645,50.890284900000005,22.750018200000003,0.08,-0.013791607991180602,-0.2777779999999276
417.7000000000265,50.828147799999996,22.7222404,0.08,-0.013805483016161815,-0.27777800000012104
417.8000000000265,50.952422,22.777796000000002,0.08,0.027875119786638092,0.5555559999998907
417.9000000000265,50.828147799999996,22.7222404,0.08,0.00015276449720848516,-0.5544471057885921
418.00000000002655,50.890284900000005,22.750018200000003,0.08,0.014069497964141425,0.2783346693386588
418.10000000002657,50.952422,22.777796000000002,0.08,0.00012493103027370612,0.2777779999999276
418.2000000000266,50.952422,22.777796000000002,0.08,0.00012493103027370612,0.0
418.3000000000266,50.890284900000005,22.750018200000003,0.08,-0.013763968969722673,-0.2777779999999276
418.40000000002664,50.828147799999996,22.7222404,0.08,0.00015273663587231923,-0.2777779999999631
418.50000000002666,50.890284900000005,22.750018200000003,0.08,0.01404163663587837,0.27777800000012104
418.6000000000267,50.890284900000005,22.750018200000003,0.08,0.01404163663587837,0.0
418.7000000000267,50.828147799999996,22.7222404,0.08,-0.027611188339158578,-0.2775004995005323
418.8000000000267,50.828147799999996,22.7222404,0.08,-0.027611188339158578,0.0
418.90000000002675,50.952422,22.777796000000002,0.08,0.027916661610887416,0.5555559999998907
419.0000000000268,50.952422,22.777796000000002,0.08,0.00011105600527845372,0.0
419.1000000000268,50.890284900000005,22.750018200000003,0.08,0.01399995600527661,-0.2777779999999276
419.2000000000268,50.952422,22.777796000000002,0.08,0.027888856005280883,0.2777780000000855
419.30000000002684,50.828147799999996,22.7222404,0.08,0.00013880605522942346,-0.5550009990010292
419.40000000002686,50.828147799999996,22.7222404,0.08,-0.013763996747568032,0.0
419.5000000000269,50.890284900000005,22.750018200000003,0.08,-0.01362370482837758,0.28058383838389456
419.6000000000269,50.828147799999996,22.7222404,0.08,-0.013609829803407816,-0.2775004995005323
419.70000000002693,50.890284900000005,22.750018200000003,0.08,0.014181872999403605,0.27805605605610745
419.80000000002696,50.890284900000005,22.750018200000003,0.08,-0.013595927000590933,0.0
419.900000000027,50.952422,22.777796000000002,0.08,0.02821253376550691,0.2817221095333646
420.000000000027,50.890284900000005,22.750018200000003,0.08,0.0004069002985696929,-0.2777780000000855
420.100000000027,50.828147799999996,22.7222404,0.08,-0.027370899701424846,-0.2777779999999631
420.20000000002705,50.952422,22.777796000000002,0.08,0.00037915024862661406,0.5550009990010292
420.30000000002707,50.828147799999996,22.7222404,0.08,-0.013207518495202917,-0.5495113748765182
420.4000000000271,50.828147799999996,22.7222404,0.08,0.0006813815047952365,0.0
420.5000000000271,50.890284900000005,22.750018200000003,0.08,0.0007231735810213774,0.2786138415246438
420.60000000002714,50.952422,22.777796000000002,0.08,0.014612073581017756,0.2777779999999276
420.70000000002716,50.890284900000005,22.750018200000003,0.08,0.01459819855604009,-0.2777780000000855
420.8000000000272,50.828147799999996,22.7222404,0.08,0.0007231735810134754,-0.2775004995005323
420.9000000000272,50.952422,22.777796000000002,0.08,0.0007509791866120886,0.5561121121118628
421.0000000000272,50.890284900000005,22.750018200000003,0.08,-0.013124045788412753,-0.2775004995004968
421.10000000002725,50.952422,22.777796000000002,0.08,0.014681587678522711,0.2783346693387817
421.2000000000273,50.890284900000005,22.750018200000003,0.08,-0.013082337296506402,-0.2775004995004968
421.3000000000273,50.828147799999996,22.7222404,-0.75,-0.2775004995005323,-0.2775004995005323
421.4000000000273,50.952422,22.777796000000002,-0.75,0.1390277502496792,0.5555559999998907
421.50000000002734,50.890284900000005,22.750018200000003,-0.75,-1.8518557115543288e-07,-0.27805605605607187
421.60000000002736,50.7660107,22.6944626,-0.75,-0.13888913888915105,-0.5555559999998907
421.7000000000274,50.6417365,22.638907000000003,-0.75,-0.22222251111135502,-0.555556000000171
421.8000000000274,50.7660107,22.6944626,-0.75,-0.09259275925948666,0.5555559999998552
421.90000000002743,50.5174623,22.5833514,-0.75,-0.23793693622270612,-1.1100019980020228
422.00000000002746,50.0825026,22.3889068,-0.75,-0.4512505691948134,-1.9444459999995642
422.1000000000275,50.1446397,22.416684600000004,-0.75,-0.3702164997224888,0.27805605605610745
422.2000000000275,49.70968,22.222240000000003,-0.75,-0.5276394497503069,-1.9444460000006696
422.3000000000275,49.5854058,22.1666844,-0.75,-0.5301773179548145,-0.5555559999998907
422.40000000002755,49.33685740000001,22.055573200000005,-0.75,-0.5785885414585558,-1.1111119999997103
422.50000000002757,49.150446099999996,21.9722398,-0.75,-0.5981843459617691,-0.8333340000003275
422.6000000000276,48.8397606,21.8333508,-0.75,-0.6546633212501908,-1.3888899999996736
422.7000000000276,48.7154864,21.777795200000003,-0.75,-0.6480561665001895,-0.555556000000171
422.80000000002764,48.5290751,21.6944618,-0.75,-0.6596360310939184,-0.8333339999998538
422.90000000002766,48.3426638,21.611128400000002,-0.75,-0.6698535586766163,-0.8333339999997827
423.0000000000277,48.09411540000001,21.500017200000002,-0.75,-0.6944297067626,-1.112224224224323
423.1000000000277,47.969841200000005,21.444461600000004,-0.75,-0.6870913537225154,-0.5550009990009936
423.2000000000277,47.7834299,21.361128200000003,-0.75,-0.6944034860364042,-0.833334000000292
423.30000000002775,47.5970186,21.2777948,-0.75,-0.7221951610613704,-0.8333339999998538
423.4000000000278,47.410607299999995,21.1944614,-0.75,-0.7916813694697756,-0.8341681681682156
423.5000000000278,47.224196,21.111128,-0.75,-0.8194036415920483,-0.832501498501526
423.6000000000278,47.0377847,21.027794600000004,-0.75,-0.833292541592043,-0.8333339999997827
423.70000000002784,46.85137340000001,20.944461200000003,-0.75,-0.8471814415920491,-0.833334000000292
423.80000000002786,46.6649621,20.861127800000002,-0.75,-0.9166259415920328,-0.8333339999998183
423.9000000000279,46.4785508,20.7777944,-0.75,-0.9027509166170077,-0.832501498501526
424.0000000000279,46.3542766,20.7222388,-0.75,-0.8333342222226385,-0.5561121121121793
424.10000000002793,46.1057282,20.611127600000003,-0.75,-0.9027926250254292,-1.1111119999997103
424.20000000002796,45.981454,20.555572,-0.75,-0.8333481250254062,-0.5555560000002066
424.300000000028,45.732905599999995,20.4444608,-0.75,-0.861070424925513,-1.1100019980020228
424.400000000028,45.60863140000001,20.388905200000004,-0.75,-0.8333204305311188,-0.5561121121118273
424.500000000028,45.360083,20.277794,-0.75,-0.8466592750855602,-1.1001108910891526
424.60000000002805,45.2358088,20.222238400000002,-0.75,-0.8052731589239623,-0.5611676767677174
424.70000000002807,44.987260400000004,20.111127200000002,-0.75,-0.8330509589239729,-1.1111120000003776
424.8000000000281,44.8629862,20.055571600000004,-0.75,-0.8191620589239728,-0.5555559999998552
424.9000000000281,44.676574900000006,19.972238200000003,-0.75,-0.8191620589239748,-0.8333339999998183
425.00000000002814,44.490163599999995,19.8889048,-0.75,-0.8052175477127748,-0.8333340000003275
425.10000000002816,44.3037523,19.8055714,-0.75,-0.8191341977627141,-0.8333339999997827
425.2000000000282,44.117341,19.722238,-0.75,-0.8191341977627141,-0.833334000000292
425.3000000000282,43.9309297,19.638904600000004,-0.75,-0.8191341977627108,-0.8333339999997827
425.40000000002823,43.744518400000004,19.555571200000003,-0.75,-0.8190924893542906,-0.8333339999998183
425.50000000002825,43.558107099999994,19.4722378,-0.75,-0.8191341144292306,-0.8333340000003275
425.6000000000283,43.3716958,19.3889044,-0.75,-0.8191341144292308,-0.8333339999997827
425.7000000000283,43.1852845,19.305571,-0.75,-0.8190924893542924,-0.832501498501526
425.8000000000283,42.998873200000006,19.222237600000003,-0.75,-0.8191341977627123,-0.8341681681682156
425.90000000002834,42.8124619,19.138904200000002,-0.75,-0.8191341977627123,-0.832501498501526
426.00000000002836,42.6881877,19.0833486,-0.75,-0.8191341977627122,-0.5561121121121793
426.1000000000284,42.501776400000004,19.000015200000004,-0.75,-0.8052036726878015,-0.8325014985014905
426.2000000000284,42.253228,18.888904,-0.75,-0.833037083899009,-1.1122242242243585
426.30000000002843,42.1289538,18.833348400000002,-0.75,-0.8053147839989006,-0.5555559999998552
426.40000000002846,41.9425425,18.750015,-0.75,-0.8191758783933002,-0.8333339999998183
426.5000000000285,41.7561312,18.666681600000004,-0.75,-0.8058370338388554,-0.8333340000002565
426.6000000000285,41.5697199,18.583348200000003,-0.75,-0.8194453500004606,-0.8333339999998183
426.7000000000285,41.3833086,18.5000148,-0.75,-0.8055148249255197,-0.8325014985015614
426.80000000002855,41.196897299999996,18.4166814,-0.75,-0.8194454333339378,-0.8341681681682156
426.90000000002857,41.010486,18.333348,-0.75,-0.8194454333339376,-0.8333339999998183
427.0000000000286,40.8862118,18.2777924,-0.75,-0.8055565333339315,-0.5555560000002066
427.1000000000286,40.6376634,18.166681200000003,-0.75,-0.8194454333339278,-1.1111119999997103
427.20000000002864,40.4512521,18.0833478,-0.75,-0.8194454333339296,-0.8333340000003275
427.30000000002866,40.2648408,18.0000144,-0.75,-0.819403808259015,-0.8325014985014905
427.4000000000287,40.1405666,17.9444588,-0.75,-0.8055427138646172,-0.5561121121118628
427.5000000000287,39.8920182,17.833347600000003,-0.75,-0.8194316138646182,-1.111112000000342
427.60000000002873,39.767744,17.777792,-0.75,-0.8055427138646234,-0.5555559999998907
427.70000000002875,39.581332700000004,17.6944586,-0.75,-0.8055843389395619,-0.833334000000292
427.8000000000288,39.3949214,17.6111252,-0.75,-0.805542630531142,-0.8333339999998183
427.9000000000288,39.2085101,17.527791800000003,-0.75,-0.8055010885402074,-0.8316706586828351
428.0000000000288,39.0220988,17.444458400000002,-0.75,-0.8190314948393403,-0.8267202380948415
428.10000000002884,38.8356875,17.361125,-0.75,-0.8194939956718466,-0.841751515151612
428.20000000002887,38.6492762,17.277791600000004,-0.75,-0.8051369428764692,-0.8250831683168116
428.3000000000289,38.4628649,17.1944582,-0.75,-0.819319565837216,-0.8392084592147896
428.4000000000289,38.2764536,17.111124800000002,-0.75,-0.819361274245636,-0.8341681681682156
428.50000000002893,38.0900423,17.0277914,-0.75,-0.8194029826540119,-0.8341681681677765
428.60000000002896,37.903631,16.944458,-0.75,-0.8194446910624335,-0.8341681681682511
428.700000000029,37.7793568,16.8889024,-0.75,-0.8054867476114657,-0.5533426294822035
428.800000000029,37.5929455,16.805569000000002,-0.75,-0.8051965300579301,-0.8283638170975047
428.900000000029,37.4065342,16.7222356,-0.75,-0.8056174058154955,-0.8417515151511287
429.00000000002905,37.2201229,16.6389022,-0.75,-0.8195063058155,-0.833334000000292
429.10000000002907,37.033711600000004,16.555568800000003,-0.75,-0.8055342387496326,-0.8316706586823632
429.2000000000291,36.9094374,16.5000132,-0.75,-0.7917289229020787,-0.557227683049252
429.3000000000291,36.7230261,16.4166798,-0.75,-0.7917289229020804,-0.832501498501526
429.40000000002914,36.536614799999995,16.3333464,-0.75,-0.8055900172964783,-0.8333339999998183
429.50000000002916,36.2880664,16.2222352,-0.75,-0.8055345171965623,-1.1100019980020228
429.6000000000292,36.1637922,16.166679600000002,-0.75,-0.805562322802175,-0.5561121121121437
429.7000000000292,35.9773809,16.0833462,-0.75,-0.805562322802175,-0.833334000000292
429.80000000002923,35.790969600000004,16.0000128,-0.75,-0.805562322802175,-0.8333339999998183
429.90000000002925,35.6045583,15.916679400000001,-0.75,-0.8052329482838745,-0.8250831683168293
430.0000000000293,35.418147,15.833346,-0.75,-0.8059845121367131,-0.841751515151612
430.1000000000293,35.2317357,15.750012600000002,-0.75,-0.8055636363791226,-0.8333339999998005
430.2000000000293,35.1074615,15.694457000000002,-0.75,-0.7920318332527106,-0.5544471057885744
430.30000000002934,34.9210502,15.611123600000003,-0.75,-0.7918216106927656,-0.8350040080158874
430.40000000002937,34.7346389,15.527790200000002,-0.75,-0.7917382772094312,-0.832501498501526
430.5000000000294,34.548227600000004,15.444456800000001,-0.75,-0.7917382772094548,-0.8341681681682511
430.6000000000294,34.3618163,15.3611234,-0.75,-0.7917382772094548,-0.8341681681682511
430.70000000002943,34.2375421,15.305567800000002,-0.75,-0.7918211956853944,-0.5550009990009936
430.80000000002946,34.051130799999996,15.222234400000001,-0.75,-0.7920697048305101,-0.8333339999998183
430.9000000000295,33.8647195,15.138901,-0.75,-0.7915656620070971,-0.8316706586828705
431.0000000000295,33.678308200000004,15.055567600000002,-0.75,-0.7907887559226853,-0.8177958783120565
431.1000000000295,33.554034,15.000012000000002,-0.75,-0.7775210231924278,-0.5663160040772118
431.20000000002955,33.305485600000004,14.888900800000002,-0.75,-0.805215239039984,-1.1111120000003776
431.30000000002957,33.1190743,14.805567400000001,-0.75,-0.8052568641148987,-0.8333339999998183
431.4000000000296,32.9948001,14.750011800000001,-0.75,-0.791147505384751,-0.551146825396866
431.5000000000296,32.808388799999996,14.6666784,-0.75,-0.7776925114382235,-0.840902119071472
431.60000000002964,32.6219775,14.583345000000001,-0.75,-0.7915953142410279,-0.8341681681682334
431.70000000002966,32.435566200000004,14.500011600000002,-0.75,-0.791595314241027,-0.8333340000002742
431.8000000000297,32.311292,14.444456,-0.75,-0.7777064142410307,-0.5555559999998907
431.9000000000297,32.124880700000006,14.361122600000002,-0.75,-0.7780357887593319,-0.8316706586828527
432.00000000002973,31.9384694,14.2777892,-0.75,-0.7776984134025466,-0.8350040080159051
432.10000000002975,31.752058100000003,14.194455800000002,-0.75,-0.7776984134025466,-0.8333339999998005
432.2000000000298,31.6277839,14.1389002,-0.75,-0.7777538581131282,-0.5555560000002066
432.3000000000298,31.3792355,14.027789000000002,-0.75,-0.791448368291159,-1.108894211576502
432.4000000000298,31.1928242,13.944455600000001,-0.75,-0.7915734937668779,-0.8350040080159051
432.50000000002984,31.068550000000002,13.888900000000001,0.01,-0.5555560000001888,-0.5555560000001888
432.60000000002987,30.882138700000002,13.805566600000002,0.01,-0.6927849721117293,-0.8300139442232698
432.7000000000299,30.7578645,13.750011,0.01,-0.6477856976059334,-0.5577871485943416
432.8000000000299,31.1928242,13.944455600000001,0.01,-0.00021339907856288143,1.9425034965035488
432.90000000002993,30.3229048,13.5555664,0.01,-0.777949119262676,-3.8888919999991285
433.00000000002996,30.633590299999998,13.6944554,0.01,-0.4165775526721613,1.3902802802804126
433.10000000003,30.447179000000002,13.611122000000002,0.01,-0.47611418800468114,-0.8333339999998005
433.20000000003,30.3229048,13.5555664,0.01,-0.48604441450412184,-0.5555560000002066
433.30000000003,30.5093161,13.6388998,0.01,-0.33944681289257295,0.8333339999998183
433.40000000003005,30.3850419,13.5833442,0.01,-0.3610022315034168,-0.5550009990010114
433.50000000003007,30.447179000000002,13.611122000000002,0.01,-0.3029060235434617,0.27805605605608963
433.6000000000301,30.3850419,13.5833442,0.01,-0.300812021581502,-0.27777799999994535
433.7000000000301,30.3850419,13.5833442,0.01,-0.27767263530600184,0.0
433.80000000003014,30.5093161,13.6388998,0.01,-0.21815630421272506,0.5555559999998729
433.90000000003016,30.447179000000002,13.611122000000002,0.01,-0.22207569450017045,-0.2769471585244057
434.0000000000302,30.3850419,13.5833442,0.01,-0.22559188042757486,-0.278334669338641
434.1000000000302,30.5093161,13.6388998,0.01,-0.17960929263111977,0.5561121121121615
434.20000000003023,30.5093161,13.6388998,0.01,-0.16963099859605757,0.0
434.30000000003025,30.447179000000002,13.611122000000002,0.01,-0.1753083407489228,-0.2775004995004968
434.4000000000303,30.5093161,13.6388998,0.01,-0.15264012090868098,0.27805605605591366
434.5000000000303,30.5093161,13.6388998,0.01,-0.12486232090867151,0.0
434.6000000000303,30.3850419,13.5833442,0.01,-0.11113942369750167,-0.5555559999998729
434.70000000003034,30.5093161,13.6388998,0.01,-0.05547226626777515,0.5555560000001888
434.80000000003037,30.5093161,13.6388998,0.01,-0.1525974410929526,0.0
434.9000000000304,30.447179000000002,13.611122000000002,0.01,0.027958258907007476,-0.2777779999999276
435.0000000000304,30.447179000000002,13.611122000000002,0.01,-0.04155575510701315,0.0
435.10000000003043,30.447179000000002,13.611122000000002,0.01,0.00011094489297687193,0.0
435.20000000003046,30.5093161,13.6388998,0.01,0.04191793681218013,0.2805838383838587
435.3000000000305,30.447179000000002,13.611122000000002,0.01,-0.013623788162835621,-0.2775004995004968
435.4000000000305,30.447179000000002,13.611122000000002,0.01,0.01412626178721495,0.0
435.5000000000305,30.5714532,13.666677600000002,0.01,0.028001258984419908,0.5555560000001888
435.60000000003055,30.447179000000002,13.611122000000002,0.01,0.014112358984423529,-0.5555559999998729
435.70000000003057,30.447179000000002,13.611122000000002,0.01,0.014112358984423529,0.0
435.8000000000306,30.5714532,13.666677600000002,0.01,0.013864588716831572,0.5506005946480338
435.9000000000306,30.5093161,13.6388998,0.01,0.013668569494418522,-0.28086754297266675
436.00000000003064,30.5093161,13.6388998,0.01,0.027585302961350568,0.0
436.10000000003066,30.447179000000002,13.611122000000002,0.01,-0.01424949456345044,-0.2805838383838587
436.2000000000307,30.5714532,13.666677600000002,0.01,0.013472860725978277,0.5544471057885744
436.3000000000307,30.5093161,13.6388998,0.01,0.013458985701005849,-0.27777799999994535
436.40000000003073,30.5714532,13.666677600000002,0.01,0.013486874974441468,0.278613841524626
436.50000000003075,30.633590299999998,13.6944554,0.01,0.027348052619147523,0.2772235528941211
436.6000000000308,30.5714532,13.666677600000002,0.01,0.04122304981633758,-0.27805605605607187
436.7000000000308,30.633590299999998,13.6944554,0.01,0.02733414981633241,0.2777780000000855
436.8000000000308,30.5093161,13.6388998,0.01,-0.00044365018366123723,-0.5555559999998729
436.90000000003084,30.633590299999998,13.6944554,0.01,0.041223049816328794,0.5555559999998729
437.00000000003087,30.5093161,13.6388998,0.01,0.013472999866278224,-0.5550009990010114
437.1000000000309,30.5093161,13.6388998,0.01,0.013472999866278224,0.0
437.2000000000309,30.633590299999998,13.6944554,0.01,0.027193857897135854,0.5550009990010114
437.30000000003093,30.5093161,13.6388998,0.01,0.01326327726655262,-0.5561121121121615
437.40000000003096,30.5093161,13.6388998,0.01,0.01326327726655262,0.0
437.500000000031,30.5093161,13.6388998,0.01,-0.01451452273345682,0.0
437.600000000031,30.6957274,13.722233200000002,0.01,0.05492997726652775,0.8333339999998183
437.700000000031,30.5714532,13.666677600000002,0.01,0.027207621977099035,-0.5544471057885744
437.80000000003105,30.5093161,13.6388998,0.01,-0.01423914122223471,-0.278334669338641
437.90000000003107,30.5714532,13.666677600000002,0.01,0.013693135926395891,0.27777799999994535
438.0000000000311,30.5714532,13.666677600000002,0.01,0.013693135926395891,0.0
438.1000000000311,30.633590299999998,13.6944554,0.01,0.041625130648392426,0.27805605605607187
438.20000000003114,30.5714532,13.666677600000002,0.01,1.3875358959425377e-05,-0.2777780000000855
438.30000000003116,30.5714532,13.666677600000002,0.01,0.0139027753589567,0.0
438.4000000000312,30.5714532,13.666677600000002,0.01,-2.7916717274606428e-05,0.0
438.5000000000312,30.6957274,13.722233200000002,0.01,0.013888705638028779,0.5555560000001888
438.60000000003123,30.6957274,13.722233200000002,0.01,0.02779150844083237,0.0
438.70000000003125,30.6957274,13.722233200000002,0.01,0.013902608440828093,0.0
438.8000000000313,30.6957274,13.722233200000002,0.01,0.04168040844082175,0.0
438.9000000000313,30.6957274,13.722233200000002,0.01,0.013902608440828093,0.0
439.0000000000313,30.6957274,13.722233200000002,0.01,0.04165265839087867,0.0
439.10000000003134,30.5714532,13.666677600000002,0.01,0.013902608440828102,-0.5550009990010114
439.20000000003137,30.6957274,13.722233200000002,0.01,0.013600977463107946,0.5489683794466085
439.3000000000314,30.5714532,13.666677600000002,0.01,0.01326291538888046,-0.5628733535967114
439.4000000000314,30.633590299999998,13.6944554,0.01,0.027151815388876836,0.2777779999999276
439.50000000003143,30.5714532,13.666677600000002,0.01,0.013262915388872563,-0.2777780000000855
439.60000000003146,30.5714532,13.666677600000002,0.01,-0.028403784611118355,0.0
439.7000000000315,30.6957274,13.722233200000002,0.01,0.027096370678319805,0.5555560000001888
439.8000000000315,30.633590299999998,13.6944554,0.01,0.027124204145254578,-0.27777799999994535
439.9000000000315,30.633590299999998,13.6944554,0.01,0.013235304145257315,0.0
440.00000000003155,30.5714532,13.666677600000002,0.01,-0.0006535958547469606,-0.2777780000000855
440.10000000003157,30.633590299999998,13.6944554,0.01,-0.0006535958547469606,0.27805605605607187
440.2000000000316,30.5714532,13.666677600000002,0.01,-0.0006397208297675233,-0.2775004995004968
440.3000000000316,30.633590299999998,13.6944554,0.01,0.013235304145257318,0.2775004995004968
440.40000000003164,30.633590299999998,13.6944554,0.01,0.013235304145257318,0.0
440.50000000003166,30.6957274,13.722233200000002,0.01,-0.0006674708797263951,0.2775004995005146
440.6000000000317,30.7578645,13.750011,0.01,0.013235331923077197,0.27805605605607187
440.7000000000317,30.5714532,13.666677600000002,0.01,-0.028389743001998213,-0.8325014985015082
440.80000000003173,30.6957274,13.722233200000002,0.01,-0.0005841373963901386,0.5561121121121615
440.90000000003175,30.6957274,13.722233200000002,0.01,-0.0005841373963901386,0.0
441.0000000000318,30.7578645,13.750011,0.01,0.013304762603614137,0.2777780000000855
441.1000000000318,30.6957274,13.722233200000002,0.01,0.02717978757863987,-0.2775004995004968
441.2000000000318,30.7578645,13.750011,0.01,0.013620268606305821,0.2777779999999276
441.30000000003184,30.7578645,13.750011,0.01,0.0417639362861414,0.0
441.40000000003187,30.6957274,13.722233200000002,0.01,0.016281630610018315,-0.2318681135225339
441.5000000000319,30.6957274,13.722233200000002,0.01,0.030170530610022596,0.0
441.6000000000319,30.6957274,13.722233200000002,0.01,0.030170530610022596,0.0
441.70000000003193,30.633590299999998,13.6944554,0.01,-0.011496169389992006,-0.2777780000001033
441.80000000003196,30.633590299999998,13.6944554,0.01,0.0023927306100052586,0.0
441.900000000032,30.633590299999998,13.6944554,0.01,0.0023927306100052586,0.0
442.000000000032,30.633590299999998,13.6944554,0.01,0.016281630610009538,0.0
442.100000000032,30.6957274,13.722233200000002,0.01,0.01626772780720321,0.27777799999994535
442.20000000003205,30.7578645,13.750011,0.01,0.04403165278223233,0.2777780000000855
442.30000000003207,30.633590299999998,13.6944554,0.01,0.0027082088348770626,-0.5489683794466085
442.4000000000321,30.6957274,13.722233200000002,0.01,0.016765799927989246,0.2811518218622437
442.5000000000321,30.7578645,13.750011,0.01,0.01677967495296779,0.2777780000000855
442.60000000003214,30.6957274,13.722233200000002,0.01,-0.011012027849832184,-0.2777779999999276
442.70000000003216,30.7578645,13.750011,0.01,0.04450194707524752,0.2777780000000855
442.8000000000322,30.8200016,13.777788800000002,0.01,0.030585241469636697,0.27777799999994535
442.9000000000322,30.6957274,13.722233200000002,0.01,0.002807441469643052,-0.5555559999998729
443.00000000003223,30.7578645,13.750011,0.01,0.002807441469643046,0.2777780000000855
443.10000000003225,30.7578645,13.750011,0.01,0.016682466444667896,0.0
443.2000000000323,30.6957274,13.722233200000002,0.01,-0.011095333555324865,-0.2777779999999276
443.3000000000323,30.6957274,13.722233200000002,0.01,-0.011095333555324865,0.0
443.4000000000323,30.7578645,13.750011,0.01,0.01426308698700999,0.27530029732416317
443.50000000003234,30.6957274,13.722233200000002,0.01,0.0025917424491980175,-0.23342689075623946
443.60000000003237,30.6957274,13.722233200000002,0.01,0.0025917424491980175,0.0
443.7000000000324,30.6957274,13.722233200000002,0.01,0.016480642449203175,0.0
443.8000000000324,30.8200016,13.777788800000002,0.01,0.04423069239925374,0.5550009990010114
443.90000000003243,30.6957274,13.722233200000002,0.01,0.016452892399244308,-0.5555560000001888
444.00000000003246,30.8200016,13.777788800000002,0.01,0.05095947625016346,0.6901316770183832
444.1000000000325,30.6957274,13.722233200000002,0.01,0.00915318931548662,-0.5583477386935917
444.2000000000325,30.7578645,13.750011,0.01,0.006838372648814851,0.23148166666665018
444.3000000000325,30.6957274,13.722233200000002,0.01,0.016947340934507584,-0.3467890137327539
444.40000000003255,30.7578645,13.750011,0.01,0.016792552644198985,0.27805605605607187
444.50000000003257,30.8200016,13.777788800000002,0.01,0.014487389091236896,0.23167472894084365
444.6000000000326,30.8200016,13.777788800000002,0.01,0.028376289091233277,0.0
444.7000000000326,30.6957274,13.722233200000002,0.01,-0.01326266085882157,-0.5550009990010114
444.80000000003264,30.6957274,13.722233200000002,0.01,-0.02715156085881884,0.0
444.90000000003266,30.8200016,13.777788800000002,0.01,0.02834859443060353,0.5544471057885744
445.0000000000327,30.8200016,13.777788800000002,0.01,0.014459694430599251,0.0
445.1000000000327,30.8200016,13.777788800000002,0.01,0.014459694430599251,0.0
445.20000000003273,30.8200016,13.777788800000002,0.01,0.02834859443059563,0.0
445.30000000003275,30.8200016,13.777788800000002,0.01,0.02834859443059563,0.0
445.4000000000328,30.6957274,13.722233200000002,0.01,-0.013194220435606174,-0.5555559999998729
445.5000000000328,30.7578645,13.750011,0.01,0.012366024102210074,0.2777780000000855
445.6000000000328,30.6957274,13.722233200000002,0.01,0.0007919407688775651,-0.23148166666665018
445.70000000003284,30.6957274,13.722233200000002,0.01,0.0007919407688775651,0.0
445.80000000003287,30.6957274,13.722233200000002,0.01,-0.026958109181173008,0.0
445.9000000000329,30.7578645,13.750011,0.01,0.012393774152168944,0.23148166666665018
446.0000000000329,30.7578645,13.750011,0.01,-0.022112809698750225,0.0
446.10000000003294,30.6957274,13.722233200000002,0.01,-0.008084322764067012,-0.2777779999999276
446.20000000003296,30.6957274,13.722233200000002,0.01,-0.019658406097399522,0.0
446.300000000033,30.7578645,13.750011,0.01,0.009245490883988666,0.23128892589500985
446.400000000033,30.7578645,13.750011,0.01,-0.004657311918814931,0.0
446.500000000033,30.882138700000002,13.805566600000002,0.01,0.012544236608239473,0.5757056994819317
446.60000000003305,30.882138700000002,13.805566600000002,0.01,0.012544236608239473,0.0
446.70000000003307,30.7578645,13.750011,0.01,0.017146119891623547,-0.46296333333333
446.8000000000331,30.7578645,13.750011,0.01,0.017146119891623547,0.0
446.9000000000331,30.882138700000002,13.805566600000002,0.01,0.017201564602205153,0.5555560000002066
447.00000000003314,30.8200016,13.777788800000002,0.01,0.003298761799408581,-0.2780560560559314
447.10000000003316,30.8200016,13.777788800000002,0.01,0.003298761799408581,0.0
447.2000000000332,30.7578645,13.750011,0.01,-0.010590138200596583,-0.2777780000001033
447.3000000000332,30.882138700000002,13.805566600000002,0.01,0.01718766179939795,0.5555559999998907
447.40000000003323,30.882138700000002,13.805566600000002,0.01,0.04496546179939161,0.0
447.50000000003325,30.882138700000002,13.805566600000002,0.01,0.031076561799387326,0.0
447.6000000000333,30.8200016,13.777788800000002,0.01,0.03105723945659241,-0.2318681135225487
447.7000000000333,30.7578645,13.750011,0.01,0.01715443665379584,-0.2780560560559314
447.8000000000333,30.8200016,13.777788800000002,0.01,0.031043336653801,0.2777780000001033
447.90000000003334,30.8200016,13.777788800000002,0.01,0.019469253320468484,0.0
448.00000000003337,30.7578645,13.750011,0.01,0.005580353320463319,-0.2777780000001033
448.1000000000334,30.882138700000002,13.805566600000002,0.01,0.054104914168320514,0.6927132169572163
448.2000000000334,30.8200016,13.777788800000002,0.01,0.04251150849219308,-0.2318681135225487
448.30000000003344,30.7578645,13.750011,0.01,0.017058162197437422,-0.2777780000001033
448.40000000003346,30.8200016,13.777788800000002,0.01,0.030947062197434694,0.27777799999994535
448.5000000000335,30.8200016,13.777788800000002,0.01,0.0021617772233381042,0.0
448.6000000000335,30.7578645,13.750011,0.01,-0.011727122776659164,-0.27777799999994535
448.7000000000335,30.882138700000002,13.805566600000002,0.01,0.039198843890001875,0.5555559999998907
448.80000000003355,30.9442758,13.8333444,0.01,0.05307386886502583,0.27750049950047906
448.9000000000336,30.8200016,13.777788800000002,0.01,-0.009469638268896746,-0.6953141426782449
449.0000000000336,30.882138700000002,13.805566600000002,0.01,0.016007247867238554,0.23148166666677464
449.1000000000336,30.882138700000002,13.805566600000002,0.01,0.016007247867238554,0.0
449.20000000003364,30.8200016,13.777788800000002,0.01,0.01600724786724646,-0.27777799999994535
449.30000000003366,30.882138700000002,13.805566600000002,0.01,0.002132250670056397,0.27805605605608963
449.4000000000337,30.9442758,13.8333444,0.01,0.016021150670051887,0.2777779999999098
449.5000000000337,30.8200016,13.777788800000002,0.01,-0.011756649329956664,-0.555556000000171
449.60000000003373,30.8200016,13.777788800000002,0.01,-0.0001632436538292259,0.0
449.70000000003375,30.9442758,13.8333444,0.01,0.041517359148960105,0.5555559999998552
449.8000000000338,30.9442758,13.8333444,0.01,0.027628459148954936,0.0
449.9000000000338,30.8200016,13.777788800000002,0.01,-0.00017714645665224958,-0.5561121121121437
450.0000000000338,30.9442758,13.8333444,0.01,0.041489553543361465,0.555556000000171
450.10000000003384,30.9442758,13.8333444,0.01,0.006853892695500652,0.0
450.20000000003387,30.882138700000002,13.805566600000002,0.01,0.00108617337162632,-0.3472225000000353
450.3000000000339,30.882138700000002,13.805566600000002,0.01,0.014975073371631486,0.0
450.4000000000339,30.8200016,13.777788800000002,0.01,-0.01627495162835743,-0.347222499999833
450.50000000003394,30.882138700000002,13.805566600000002,0.01,-0.004700868295018699,0.23148166666677464
450.60000000003396,30.9442758,13.8333444,0.01,0.023063056680002518,0.27750049950047906
450.700000000034,30.8200016,13.777788800000002,0.01,-0.03252034892558338,-0.5561121121118273
450.800000000034,30.882138700000002,13.805566600000002,0.01,-0.03250647390060217,0.2777780000001033
450.900000000034,30.882138700000002,13.805566600000002,0.01,0.0022592332333100733,0.0
451.00000000003405,30.9442758,13.8333444,0.01,0.00457404989997473,0.27777800000006775
451.1000000000341,30.882138700000002,13.805566600000002,0.01,-0.00931485010002076,-0.2777779999999098
451.2000000000341,30.882138700000002,13.805566600000002,0.01,0.004574049899976507,0.0
451.3000000000341,30.882138700000002,13.805566600000002,0.01,-0.009328752902827975,0.0
451.40000000003414,30.882138700000002,13.805566600000002,0.01,-0.023217652902823467,0.0
451.50000000003416,30.8200016,13.777788800000002,0.01,-0.009328752902820078,-0.2777780000001033
451.6000000000342,30.882138700000002,13.805566600000002,0.01,0.004560147097177189,0.27777799999994535
451.7000000000342,31.0064129,13.8611222,0.01,0.004560147097177186,0.5555559999998552
451.80000000003423,31.0064129,13.8611222,0.01,0.004560147097177186,0.0
451.90000000003425,30.9442758,13.8333444,0.01,0.018476852702779215,-0.2777780000001033
452.0000000000343,30.9442758,13.8333444,0.01,-0.009300947297229337,0.0
452.1000000000343,30.9442758,13.8333444,0.01,-0.009300947297229337,0.0
452.2000000000343,31.0064129,13.8611222,0.01,0.021935202677798155,0.2775004995005146
452.30000000003434,31.0064129,13.8611222,0.01,0.021935202677798155,0.0
452.40000000003437,31.0064129,13.8611222,0.01,0.0392963276777898,0.0
452.5000000000344,31.068550000000002,13.888900000000001,0.01,0.044496278160872614,0.33548067632843087
452.6000000000344,30.882138700000002,13.805566600000002,0.01,-0.004930538623034203,-0.7110358361776573
452.70000000003444,30.882138700000002,13.805566600000002,0.01,0.022875066982557164,0.0
452.80000000003446,31.0064129,13.8611222,0.01,0.03673621693260168,0.5550009990009936
452.9000000000345,31.068550000000002,13.888900000000001,0.01,0.05062511693260684,0.2777780000001033
453.0000000000345,30.9442758,13.8333444,0.01,0.008986166982552002,-0.5550009990010292
453.1000000000345,30.9442758,13.8333444,0.01,0.022875066982547487,0.0
453.20000000003455,30.9442758,13.8333444,0.01,0.022875066982547487,0.0
453.3000000000346,31.0064129,13.8611222,0.01,0.03446847265867492,0.2318681135225487
453.4000000000346,30.9442758,13.8333444,0.01,0.01710734765868327,-0.347222499999833
453.5000000000346,31.068550000000002,13.888900000000001,0.01,0.054144414325365896,0.4629633333335493
453.60000000003464,30.9442758,13.8333444,0.01,0.012505464375317165,-0.5550009990010292
453.70000000003466,30.9442758,13.8333444,0.01,-0.015272335624675578,0.0
453.8000000000347,31.0064129,13.8611222,0.01,-0.0013695328218710973,0.27805605605608963
453.9000000000347,31.0064129,13.8611222,0.01,0.012519367178134061,0.0
454.00000000003473,30.9442758,13.8333444,0.01,-0.0013695328218711028,-0.2777780000001033
454.10000000003475,31.068550000000002,13.888900000000001,0.01,0.026380517128180358,0.5550009990010292
454.2000000000348,31.068550000000002,13.888900000000001,0.01,0.012505492153154631,0.0
454.3000000000348,31.0064129,13.8611222,0.01,-0.0013834078468505317,-0.2777780000001033
454.4000000000348,31.0064129,13.8611222,0.01,-0.0013834078468505317,0.0
454.50000000003485,31.0064129,13.8611222,0.01,-0.018157441663272076,0.0
454.60000000003487,30.9442758,13.8333444,0.01,0.003505450145613517,-0.27777799999994535
454.7000000000349,31.130687100000003,13.916677800000002,0.01,0.045130525070690694,0.8325014985015436
454.8000000000349,31.130687100000003,13.916677800000002,0.01,0.017380475120641024,0.0
454.90000000003494,31.130687100000003,13.916677800000002,0.01,0.0034915751206358535,0.0
455.00000000003496,31.0064129,13.8611222,0.01,0.003436019465078355,-0.5561121121121793
455.100000000035,31.0064129,13.8611222,0.01,0.003436019465078355,0.0
455.200000000035,31.0064129,13.8611222,0.01,0.003436019465078355,0.0
455.300000000035,31.0064129,13.8611222,0.01,-0.00815738621104908,0.0
455.40000000003505,31.068550000000002,13.888900000000001,0.01,0.02309263878893984,0.27777799999994535
455.5000000000351,31.130687100000003,13.916677800000002,0.01,0.013833372122267536,0.2777780000001033
455.6000000000351,31.0064129,13.8611222,0.01,0.013861066782905107,-0.5544471057882776
455.7000000000351,31.068550000000002,13.888900000000001,0.01,0.02777780024983716,0.278334669338641
455.80000000003514,31.068550000000002,13.888900000000001,0.01,0.013874997447032685,0.0
455.90000000003516,31.0064129,13.8611222,0.01,-1.3902552964581427e-05,-0.27777799999994535
456.0000000000352,31.130687100000003,13.916677800000002,0.01,0.04159735273647018,0.5544471057885921
456.1000000000352,31.1928242,13.944455600000001,0.01,0.02776403625334989,0.2783346693386232
456.20000000003523,31.1928242,13.944455600000001,0.01,0.02776403625334989,0.0
456.30000000003525,31.068550000000002,13.888900000000001,0.01,0.01384733064774698,-0.5561121121121615
456.4000000000353,31.068550000000002,13.888900000000001,0.01,0.01384733064774698,0.0
456.5000000000353,31.130687100000003,13.916677800000002,0.01,0.02775013345055146,0.27805605605608963
456.6000000000353,31.1928242,13.944455600000001,0.01,0.05552793345054512,0.2777779999999276
456.70000000003535,31.130687100000003,13.916677800000002,0.01,-0.003458266474534957,-0.3472225000000575
456.80000000003537,31.068550000000002,13.888900000000001,0.01,-0.01502271276928619,-0.23128892589502464
456.9000000000354,31.130687100000003,13.916677800000002,0.01,-0.0011338127692810257,0.2777780000001033
457.0000000000354,31.1928242,13.944455600000001,0.01,0.04057459563913154,0.27805605605607187
457.10000000003544,31.1928242,13.944455600000001,0.01,0.04057459563913154,0.0
457.20000000003546,31.1928242,13.944455600000001,0.01,0.04057459563913154,0.0
457.3000000000355,31.1928242,13.944455600000001,0.01,0.04057459563913154,0.0
457.4000000000355,31.068550000000002,13.888900000000001,0.01,-0.0010921043608751735,-0.5555560000001888
457.5000000000355,31.068550000000002,13.888900000000001,0.01,-0.014981004360880337,0.0
457.60000000003555,31.068550000000002,13.888900000000001,0.01,0.01274135092853355,0.0
457.7000000000356,31.068550000000002,13.888900000000001,0.01,-0.0011753825383985007,0.0
457.8000000000356,31.1928242,13.944455600000001,0.01,0.026602417461595147,0.5555559999998729
457.9000000000356,31.130687100000003,13.916677800000002,0.01,0.026602417461588135,-0.2777780000000855
458.00000000003564,31.130687100000003,13.916677800000002,0.01,-0.0011199378278414717,0.0
458.10000000003566,31.1928242,13.944455600000001,0.01,-0.0011477712947683626,0.2777780000000855
458.2000000000357,31.068550000000002,13.888900000000001,0.01,-0.028870126584181355,-0.5544471057882598
458.3000000000357,31.130687100000003,13.916677800000002,0.01,0.012852212488358775,0.278334669338641
458.40000000003573,31.1928242,13.944455600000001,0.01,0.02674111248836305,0.2777780000000855
458.50000000003575,31.1928242,13.944455600000001,0.01,0.012838309685558569,0.0
458.6000000000358,31.1928242,13.944455600000001,0.01,-0.0010505903144378103,0.0
458.7000000000358,31.130687100000003,13.916677800000002,0.01,0.0024355097105402236,-0.2775004995004968
458.8000000000358,31.1928242,13.944455600000001,0.01,0.027902758808095052,0.27805605605607187
458.90000000003585,31.1928242,13.944455600000001,0.01,0.014013858808089886,0.0
459.00000000003587,31.1928242,13.944455600000001,0.01,0.00011105600528629189,0.0
459.1000000000359,31.1928242,13.944455600000001,0.01,0.00011105600528629189,0.0
459.2000000000359,31.254961299999998,13.9722334,0.01,0.013999956005282671,0.2777779999999276
459.30000000003594,31.254961299999998,13.9722334,0.01,0.013999956005282671,0.0
459.40000000003596,31.254961299999998,13.9722334,0.01,0.04177775600529211,0.0
459.500000000036,31.130687100000003,13.916677800000002,0.01,0.01399995600528356,-0.555556000000171
459.600000000036,31.254961299999998,13.9722334,0.01,0.0487656631391958,0.6953141426782449
459.700000000036,31.254961299999998,13.9722334,0.01,0.0487656631391958,0.0
459.80000000003605,31.1928242,13.944455600000001,0.01,0.0070989631391978805,-0.2777780000000855
459.9000000000361,31.1928242,13.944455600000001,0.01,0.02098786313920216,0.0
460.0000000000361,31.130687100000003,13.916677800000002,0.01,0.007098963139197884,-0.2777780000000855
460.1000000000361,31.254961299999998,13.9722334,0.01,0.020987863139186363,0.5555559999998552
460.20000000003614,31.254961299999998,13.9722334,0.01,0.04871021842859935,0.0
460.30000000003616,31.3170984,14.000011200000001,0.01,0.04869628776447178,0.27805605605608963
460.4000000000362,31.1928242,13.944455600000001,0.01,0.007029587764473866,-0.5555559999998729
460.5000000000362,31.1928242,13.944455600000001,0.01,0.007029587764473866,0.0
460.60000000003623,31.1928242,13.944455600000001,0.01,0.007029587764473866,0.0
460.70000000003625,31.1928242,13.944455600000001,0.01,0.02090461273949871,0.0
460.8000000000363,31.254961299999998,13.9722334,0.01,0.020876834911719953,0.2775004995004968
460.9000000000363,31.1928242,13.944455600000001,0.01,0.006974032108916362,-0.27805605605607187
461.0000000000363,31.254961299999998,13.9722334,0.01,0.020862932108920637,0.2777780000000855
461.10000000003635,31.1928242,13.944455600000001,0.01,0.006974032108924258,-0.2777779999999276
461.20000000003637,31.1928242,13.944455600000001,0.01,-0.006914867891072121,0.0
461.3000000000364,31.3170984,14.000011200000001,0.01,0.020890737714535954,0.5561121121121615
461.4000000000364,31.3170984,14.000011200000001,0.01,0.020890737714535954,0.0
461.50000000003644,31.3170984,14.000011200000001,0.01,0.048668537714544505,0.0
461.60000000003646,31.254961299999998,13.9722334,0.01,2.780560560653178e-05,-0.2775004995005146
461.7000000000365,31.254961299999998,13.9722334,0.01,2.780560560653178e-05,0.0
461.8000000000365,31.1928242,13.944455600000001,0.01,2.780560560652623e-05,-0.2777780000000855
461.9000000000365,31.3170984,14.000011200000001,0.01,0.02780560560560017,0.5555559999998729
462.00000000003655,31.3170984,14.000011200000001,0.01,0.04169450560560446,0.0
462.1000000000366,31.254961299999998,13.9722334,0.01,-2.78613203535949e-08,-0.278334669338641
462.2000000000366,31.254961299999998,13.9722334,0.01,-2.78613203535949e-08,0.0
462.3000000000366,31.254961299999998,13.9722334,0.01,-0.01390283066412484,0.0
462.40000000003664,31.254961299999998,13.9722334,0.01,0.013874969335868806,0.0
462.50000000003666,31.3170984,14.000011200000001,0.01,0.027777772138673284,0.27805605605608963
462.6000000000367,31.3170984,14.000011200000001,0.01,0.027777772138673284,0.0
462.7000000000367,31.3792355,14.027789000000002,0.01,0.04163894978338022,0.2772235528941388
462.80000000003673,31.254961299999998,13.9722334,0.01,-6.95421255087092e-05,-0.556669338677282
462.90000000003675,31.254961299999998,13.9722334,0.01,0.013833260677294878,0.0
463.0000000000368,31.3792355,14.027789000000002,0.01,0.027722160677285147,0.5555559999998907
463.1000000000368,31.254961299999998,13.9722334,0.01,0.013861010727230061,-0.5550009990010292
463.2000000000368,31.254961299999998,13.9722334,0.01,0.013861010727230061,0.0
463.30000000003685,31.3792355,14.027789000000002,0.01,0.013805455071673448,0.5550009990010292
463.40000000003687,31.3170984,14.000011200000001,0.01,-0.0001112783952665286,-0.2783346693387995
463.5000000000369,31.254961299999998,13.9722334,0.01,-0.013986303370292257,-0.2775004995005146
463.6000000000369,31.1928242,13.944455600000001,0.01,-0.014014081198070119,-0.27805605605607187
463.70000000003694,31.3792355,14.027789000000002,0.01,0.02765261880192079,0.8333339999998183
463.80000000003696,31.3792355,14.027789000000002,0.01,0.04154151880192507,0.0
463.900000000037,31.3792355,14.027789000000002,0.01,0.013763718801931423,0.0
464.000000000037,31.254961299999998,13.9722334,0.01,-0.01404188680367754,-0.5561121121121793
464.100000000037,31.254961299999998,13.9722334,0.01,-0.00012515333674548713,0.0
464.20000000003705,31.3792355,14.027789000000002,0.01,0.027624896613290213,0.555000999000714
464.3000000000371,31.3792355,14.027789000000002,0.01,0.027624896613290213,0.0
464.4000000000371,31.3792355,14.027789000000002,0.01,0.027624896613290213,0.0
464.5000000000371,31.3170984,14.000011200000001,0.01,-0.00015293116454000443,-0.2775004995005146
464.60000000003714,31.3792355,14.027789000000002,0.01,0.013722093810485725,0.2775004995005146
464.70000000003716,31.3170984,14.000011200000001,0.01,-0.01404188663701778,-0.2780560560559314
464.8000000000372,31.254961299999998,13.9722334,0.01,-0.00011122250595816397,-0.27805605605608963
464.9000000000372,31.3792355,14.027789000000002,0.01,0.027638827444093295,0.5550009990010292
465.00000000003723,31.3792355,14.027789000000002,0.01,-0.00013897255590124556,0.0
465.10000000003726,31.254961299999998,13.9722334,0.01,-0.00013897255590124004,-0.5550009990010292
465.2000000000373,31.3792355,14.027789000000002,0.01,0.027666633049707724,0.5561121121121793
465.3000000000373,31.3170984,14.000011200000001,0.01,-0.01395844187536947,-0.2775004995005146
465.4000000000373,31.3170984,14.000011200000001,0.01,-4.170840842949164e-05,0.0
465.50000000003735,31.3170984,14.000011200000001,0.01,0.013833316566596237,0.0
465.60000000003737,31.3792355,14.027789000000002,0.01,0.041625019369397095,0.27777799999994535
465.7000000000374,31.3170984,14.000011200000001,0.01,-0.013930580630591083,-0.27777799999994535
465.8000000000374,31.4413726,14.055566800000001,0.01,0.013875024975016992,0.5561121121121615
465.90000000003744,31.3170984,14.000011200000001,0.01,-0.013875024975033578,-0.5550009990010114
466.00000000003746,31.3170984,14.000011200000001,0.01,0.013930580630575385,0.0
466.1000000000375,31.3170984,14.000011200000001,0.01,0.013930580630575385,0.0
466.2000000000375,31.4413726,14.055566800000001,0.01,0.013930580630574497,0.5550009990006962
466.3000000000375,31.4413726,14.055566800000001,0.01,0.013930580630574497,0.0
466.40000000003755,31.3792355,14.027789000000002,0.01,2.7777827770902874e-05,-0.27805605605607187
466.5000000000376,31.4413726,14.055566800000001,0.01,0.02776398044751055,0.27722355289427836
466.6000000000376,31.503509700000002,14.083344600000002,0.01,0.027805688939416873,0.278334669338641
466.7000000000376,31.3170984,14.000011200000001,0.01,4.179174222252446e-05,-0.8333339999998183
466.80000000003764,31.4413726,14.055566800000001,0.01,0.04172239454503644,0.5555560000001888
466.90000000003766,31.503509700000002,14.083344600000002,0.01,0.027861244594982255,0.27777799999994535
467.0000000000377,31.4413726,14.055566800000001,0.01,0.013986219619956525,-0.2775004995005146
467.1000000000377,31.4413726,14.055566800000001,0.01,0.04173626957000798,0.0
467.20000000003773,31.3170984,14.000011200000001,0.01,-0.013847136035594626,-0.5555559999998729
467.30000000003776,31.503509700000002,14.083344600000002,0.01,0.041652963864507404,0.832501498501526
467.4000000000378,31.503509700000002,14.083344600000002,0.01,0.041652963864507404,0.0
467.5000000000378,31.4413726,14.055566800000001,0.01,0.027777938889481674,-0.2775004995005146
467.6000000000378,31.3792355,14.027789000000002,0.01,1.3888948803275624e-07,-0.2777779999999276
467.70000000003785,31.3792355,14.027789000000002,0.01,0.013889038889485294,0.0
467.80000000003787,31.503509700000002,14.083344600000002,0.01,0.020675961303792782,0.6918505603983112
467.9000000000379,31.503509700000002,14.083344600000002,0.01,0.04842601125384335,0.0
468.0000000000379,31.3792355,14.027789000000002,0.01,0.02067596130379278,-0.5550009990010114
468.10000000003794,31.4413726,14.055566800000001,0.01,0.03457876410659637,0.27805605605607187
468.20000000003796,31.503509700000002,14.083344600000002,0.01,0.020717614156558827,0.27777799999994535
468.300000000038,31.3792355,14.027789000000002,0.01,-0.01391804669132543,-0.6927132169576852
468.400000000038,31.3792355,14.027789000000002,0.01,-1.5243888521832005e-05,0.0
468.500000000038,31.4413726,14.055566800000001,0.01,1.2478466760623697e-05,0.2777779999999276
468.60000000003805,31.503509700000002,14.083344600000002,0.01,-1.4521973669412436e-06,0.27805605605608963
468.7000000000381,31.3792355,14.027789000000002,0.01,0.013887447802630326,-0.5555559999998729
468.8000000000381,31.4413726,14.055566800000001,0.01,-1.4521973748377048e-06,0.2777780000000855
468.9000000000381,31.5656468,14.111122400000001,0.01,0.013887447802621541,0.5555559999998729
469.00000000003814,31.503509700000002,14.083344600000002,0.01,0.01385966997484368,-0.27805605605607187
469.10000000003816,31.503509700000002,14.083344600000002,0.01,0.01385966997484368,0.0
469.2000000000382,31.4413726,14.055566800000001,0.01,0.02774856997484006,-0.27777799999994535
469.3000000000382,31.4413726,14.055566800000001,0.01,-0.013876504950236243,0.0
469.40000000003823,31.3792355,14.027789000000002,0.01,-0.027793238417175327,-0.2783346693387817
469.50000000003826,31.3792355,14.027789000000002,0.01,-0.013918213442149597,0.0
469.6000000000383,31.4413726,14.055566800000001,0.01,0.01387348936065037,0.27805605605607187
469.7000000000383,31.4413726,14.055566800000001,0.01,0.01387348936065037,0.0
469.8000000000383,31.503509700000002,14.083344600000002,0.01,-0.006830138659260024,0.2777780000001033
469.90000000003835,31.5656468,14.111122400000001,0.01,0.007044886315764817,0.2775004995004968
470.00000000003837,31.5656468,14.111122400000001,0.01,0.03479493626581539,0.0
470.1000000000384,31.5656468,14.111122400000001,0.01,0.020892133463011796,0.0
470.2000000000384,31.5656468,14.111122400000001,0.01,0.007003233463014532,0.0
470.30000000003844,31.5656468,14.111122400000001,0.01,0.04163889431089879,0.0
470.40000000003846,31.4413726,14.055566800000001,0.01,0.013833288705290714,-0.5561121121121615
470.5000000000385,31.5656468,14.111122400000001,0.01,0.02772218870530378,0.5555560000001888
470.6000000000385,31.4413726,14.055566800000001,0.01,-0.013958414097494352,-0.5555559999998729
470.70000000003853,31.4413726,14.055566800000001,0.01,0.013819385902499298,0.0
470.80000000003855,31.4413726,14.055566800000001,0.01,-6.951409750498016e-05,0.0
470.9000000000386,31.5656468,14.111122400000001,0.01,-6.951409748918724e-05,0.5555560000001888
471.0000000000386,31.5656468,14.111122400000001,0.01,0.013833288705314403,0.0
471.1000000000386,31.4413726,14.055566800000001,0.01,-0.013944511294679243,-0.5555559999998729
471.20000000003864,31.503509700000002,14.083344600000002,0.01,0.013805566350032824,0.27722355289429607
471.30000000003866,31.503509700000002,14.083344600000002,0.01,0.013805566350032824,0.0
471.4000000000387,31.5656468,14.111122400000001,0.01,0.04162510261977551,0.27805605605607187
471.5000000000387,31.5656468,14.111122400000001,0.01,0.04162510261977551,0.0
471.60000000003873,31.503509700000002,14.083344600000002,0.01,0.013833399816975539,-0.2777779999999276
471.70000000003876,31.503509700000002,14.083344600000002,0.01,0.013833399816975539,0.0
471.8000000000388,31.503509700000002,14.083344600000002,0.01,-5.550018302963033e-05,0.0
471.9000000000388,31.503509700000002,14.083344600000002,0.01,-0.013930525158054471,0.0
472.0000000000388,31.503509700000002,14.083344600000002,0.01,-0.013930525158054471,0.0
472.10000000003885,31.5656468,14.111122400000001,0.01,-5.550018302963033e-05,0.2775004995004968
472.20000000003887,31.6277839,14.1389002,0.01,0.01383339981696675,0.2777779999999276
472.3000000000389,31.503509700000002,14.083344600000002,0.01,-0.013916650133082933,-0.5550009990009936
472.4000000000389,31.5656468,14.111122400000001,0.01,0.02779175827532874,0.27805605605607187
472.50000000003894,31.5656468,14.111122400000001,0.01,1.3958275319295166e-05,0.0
472.60000000003896,31.6277839,14.1389002,0.01,0.04169456107811653,0.27805605605607187
472.700000000039,31.5656468,14.111122400000001,0.01,0.02780566107812015,-0.2777779999999276
472.800000000039,31.5656468,14.111122400000001,0.01,0.02780566107812015,0.0
472.90000000003903,31.5656468,14.111122400000001,0.01,2.7861078110716364e-05,0.0
473.00000000003905,31.6277839,14.1389002,0.01,0.013944594545049802,0.2783346693387817
473.1000000000391,31.6277839,14.1389002,0.01,0.04172239454504345,0.0
473.2000000000391,31.5656468,14.111122400000001,0.01,0.013958414097525051,-0.27805605605607187
473.3000000000391,31.503509700000002,14.083344600000002,0.01,9.723645281899674e-05,-0.2772235528941211
473.40000000003914,31.6277839,14.1389002,0.01,0.01400003925562259,0.5561121121121437
473.50000000003917,31.5656468,14.111122400000001,0.01,0.00012501428059774887,-0.2775004995004968
473.6000000000392,31.503509700000002,14.083344600000002,0.01,9.71808136550456e-05,-0.2783346693387817
473.7000000000392,31.503509700000002,14.083344600000002,0.01,9.71808136550456e-05,0.0
473.80000000003923,31.6277839,14.1389002,0.01,0.02784723076370473,0.5550009990009936
473.90000000003926,31.5656468,14.111122400000001,0.01,0.013958330763708348,-0.2777779999999276
474.0000000000393,31.5656468,14.111122400000001,0.01,0.013958330763708348,0.0
474.1000000000393,31.6277839,14.1389002,0.01,0.014013997864913913,0.27861384152460816
474.2000000000393,31.503509700000002,14.083344600000002,0.01,-0.027624952085116394,-0.5550009990006785
474.30000000003935,31.503509700000002,14.083344600000002,0.01,0.00012509786493329346,0.0
474.40000000003937,31.689921000000002,14.166678000000001,0.01,0.027930703470541367,0.8341681681682334
474.5000000000394,31.689921000000002,14.166678000000001,0.01,0.027930703470541367,0.0
474.6000000000394,31.5656468,14.111122400000001,0.01,-0.013777704937870306,-0.5561121121121615
474.70000000003944,31.6277839,14.1389002,0.01,0.01398622003715092,0.2775004995004968
474.80000000003946,31.5656468,14.111122400000001,0.01,8.341723434732718e-05,-0.27805605605607187
474.9000000000395,31.5656468,14.111122400000001,0.01,8.341723434732718e-05,0.0
475.0000000000395,31.689921000000002,14.166678000000001,0.01,0.013944483767417675,0.5555560000001888
475.10000000003953,31.689921000000002,14.166678000000001,0.01,0.013944483767417675,0.0
475.20000000003955,31.689921000000002,14.166678000000001,0.01,0.027847286570221275,0.0
475.3000000000396,31.689921000000002,14.166678000000001,0.01,0.041708464214927334,0.0
475.4000000000396,31.6277839,14.1389002,0.01,5.5806515658618494e-08,-0.27805605605608963
475.5000000000396,31.6277839,14.1389002,0.01,0.0138750807815405,0.0
475.60000000003964,31.5656468,14.111122400000001,0.01,0.013916789273454744,-0.2775004995004968
475.70000000003967,31.5656468,14.111122400000001,0.01,0.013916789273454744,0.0
475.8000000000397,31.689921000000002,14.166678000000001,0.01,0.013889094612833785,0.5544471057885744
475.9000000000397,31.689921000000002,14.166678000000001,0.01,0.02777799461283016,0.0
476.00000000003973,31.6277839,14.1389002,0.01,0.01390296963780443,-0.2775004995005146
476.10000000003976,31.6277839,14.1389002,0.01,-2.7722438425975547e-05,0.0
476.2000000000398,31.689921000000002,14.166678000000001,0.01,0.041583505156314884,0.2772235528941388
476.3000000000398,31.6277839,14.1389002,0.01,0.027652813080083587,-0.278613841524626
476.4000000000398,31.6277839,14.1389002,0.01,-0.01405559532832808,0.0
476.50000000003985,31.6277839,14.1389002,0.01,-0.01405559532832808,0.0
476.60000000003987,31.6277839,14.1389002,0.01,0.013750010277279994,0.0
476.7000000000399,31.6277839,14.1389002,0.01,-0.0001250146977448463,0.0
476.8000000000399,31.6277839,14.1389002,0.01,0.013777788105058747,0.0
476.90000000003994,31.752058100000003,14.194455800000002,0.01,0.041500143394488355,0.5544471057885921
477.00000000003996,31.752058100000003,14.194455800000002,0.01,0.013722343394478915,0.0
477.10000000004,31.689921000000002,14.166678000000001,0.01,-0.00016655660551835317,-0.27777799999994535
477.20000000004,31.752058100000003,14.194455800000002,0.01,0.013722343394478915,0.27777799999994535
477.30000000004003,31.752058100000003,14.194455800000002,0.01,0.013722343394478915,0.0
477.40000000004005,31.752058100000003,14.194455800000002,0.01,0.027625146197283394,0.0
477.5000000000401,31.752058100000003,14.194455800000002,0.01,0.027625146197283394,0.0
477.6000000000401,31.6277839,14.1389002,0.01,0.013694565566699273,-0.5561121121121793
477.7000000000401,31.6277839,14.1389002,0.01,0.013694565566699273,0.0
477.80000000004014,31.752058100000003,14.194455800000002,0.01,0.013777815882879518,0.5561121121121793
477.90000000004017,31.752058100000003,14.194455800000002,0.01,0.013777815882879518,0.0
478.0000000000402,31.6277839,14.1389002,0.01,-9.720909214621099e-05,-0.5550009990010292
478.1000000000402,31.752058100000003,14.194455800000002,0.01,0.02770839651346275,0.5561121121121793
478.20000000004023,31.752058100000003,14.194455800000002,0.01,0.013847218868755812,0.0
478.30000000004026,31.6277839,14.1389002,0.01,8.319509254476886e-05,-0.5538943170488468
478.4000000000403,31.6277839,14.1389002,0.01,8.319509254476886e-05,0.0
478.5000000000403,31.6277839,14.1389002,0.01,8.319509254476886e-05,0.0
478.6000000000403,31.752058100000003,14.194455800000002,0.01,0.027860995092539302,0.5555559999998907
478.70000000004035,31.689921000000002,14.166678000000001,0.01,0.013958192289734822,-0.27805605605608963
478.80000000004037,31.689921000000002,14.166678000000001,0.01,0.013958192289734822,0.0
478.9000000000404,31.752058100000003,14.194455800000002,0.01,0.00012473700031037925,0.2777780000001033
479.0000000000404,31.6277839,14.1389002,0.01,-0.027653062999684154,-0.5555559999998907
479.10000000004044,31.6277839,14.1389002,0.01,-0.013764162999686889,0.0
479.20000000004046,31.752058100000003,14.194455800000002,0.01,-0.004524170410181688,0.4625778517900493
479.3000000000405,31.8141952,14.222233600000003,0.01,0.009364729589823475,0.2777780000001033
479.4000000000405,31.8141952,14.222233600000003,0.01,0.009364729589823475,0.0
479.50000000004053,31.689921000000002,14.166678000000001,0.01,-0.018413070410186853,-0.5555560000002066
479.60000000004055,31.8141952,14.222233600000003,0.01,0.03717033519541664,0.5555559999998907
479.7000000000406,31.8141952,14.222233600000003,0.01,0.03717033519541664,0.0
479.8000000000406,31.8141952,14.222233600000003,0.01,0.009364729589807682,0.0
479.9000000000406,31.8141952,14.222233600000003,0.01,0.009364729589807682,0.0
480.00000000004064,31.8141952,14.222233600000003,0.01,0.03711477953985914,0.0
480.10000000004067,31.689921000000002,14.166678000000001,0.01,-0.018496431671358785,-0.5561121121121793
480.2000000000407,31.8141952,14.222233600000003,0.01,0.009253618278676915,0.555000999000714
480.3000000000407,31.8141952,14.222233600000003,0.01,0.036948334131119254,0.0
480.40000000004073,31.752058100000003,14.194455800000002,0.01,0.023059434131121985,-0.27777799999994535
480.50000000004076,31.8141952,14.222233600000003,0.01,0.03694833413112715,0.2777780000001033
480.6000000000408,31.8141952,14.222233600000003,0.01,0.009170534131132618,0.0
480.7000000000408,31.689921000000002,14.166678000000001,0.01,-0.004704463066057438,-0.5555559999998907
480.8000000000408,31.689921000000002,14.166678000000001,0.01,-0.004704463066057438,0.0
480.90000000004085,31.689921000000002,14.166678000000001,0.01,-0.0185933630660626,0.0
481.00000000004087,31.8141952,14.222233600000003,0.01,0.03696223693394225,0.5555560000002066
481.1000000000409,31.752058100000003,14.194455800000002,0.01,0.023073336933944987,-0.27777799999994535
481.2000000000409,31.752058100000003,14.194455800000002,0.01,-5.5555655557471e-05,0.0
481.30000000004094,31.752058100000003,14.194455800000002,0.01,-0.013944455655562637,0.0
481.40000000004096,31.689921000000002,14.166678000000001,0.01,-0.027833355655559906,-0.27777799999994535
481.500000000041,31.8141952,14.222233600000003,0.01,0.027722244344460755,0.5555560000002066
481.600000000041,31.752058100000003,14.194455800000002,0.01,-0.013944455655531046,-0.27777799999994535
481.70000000004103,31.8141952,14.222233600000003,0.01,-6.943068050531687e-05,0.2775004995005146
481.80000000004105,31.8141952,14.222233600000003,0.01,-6.943068050531687e-05,0.0
481.9000000000411,31.876332299999998,14.2500114,0.01,0.011504652652826453,0.2314816666666354
482.0000000000411,31.752058100000003,14.194455800000002,0.01,-0.01624539729722323,-0.5550009990009936
482.1000000000411,31.752058100000003,14.194455800000002,1.0,0.0,0.0
482.20000000004114,31.752058100000003,14.194455800000002,1.0,0.0,0.0
482.30000000004117,32.124880700000006,14.361122600000002,1.0,0.5561121121121615,1.6683363363364845
482.4000000000412,31.752058100000003,14.194455800000002,1.0,0.00041708408397955754,-1.6666680000005663
482.5000000000412,31.752058100000003,14.194455800000002,1.0,0.00033366726718364603,0.0
482.60000000004123,32.1870178,14.3889004,1.0,0.32500183695105567,1.9483426853704158
482.70000000004126,32.435566200000004,14.500011600000002,1.0,0.4373032888151568,1.1111119999997636
482.8000000000413,32.4977033,14.5277894,1.0,0.42609751163068066,0.34765707133934753
482.9000000000413,32.6841146,14.611122800000002,1.0,0.455849652303391,0.6938667776850739
483.0000000000413,32.8705259,14.694456200000001,1.0,0.4935980870730793,0.8333340000002742
483.10000000004135,32.9948001,14.750011800000001,1.0,0.5116994625171344,0.6927132169576852
483.20000000004137,33.2433485,14.861123000000001,1.0,0.5462827502876153,0.9266989157629055
483.3000000000414,33.2433485,14.861123000000001,1.0,0.504261000265491,0.0
483.4000000000414,33.7404453,15.0833454,1.0,0.6269726431036339,2.2222239999994917
483.50000000004144,33.8647195,15.138901,1.0,0.6315287430752761,0.6953141426782671
483.60000000004146,33.8647195,15.138901,1.0,0.5920581966330714,0.0
483.7000000000415,34.2996792,15.333345600000003,1.0,0.6714961554489828,1.9425034965035666
483.8000000000415,34.548227600000004,15.444456800000001,1.0,0.695981048158723,1.1122242242243052
483.90000000004153,34.548227600000004,15.444456800000001,1.0,0.659350466676685,0.0
484.00000000004155,35.0453244,15.6666792,1.0,0.7371618067526164,2.2155772681953163
484.1000000000416,35.1695986,15.722234800000003,1.0,0.7649952736864806,0.556669338677282
484.2000000000416,35.1695986,15.722234800000003,1.0,0.7649952736864806,0.0
484.3000000000416,35.7288325,15.972235000000001,1.0,0.8067036820948923,2.502504504504718
484.40000000004164,35.9152438,16.055568400000002,1.0,0.9317037820949352,0.833334000000292
484.50000000004167,35.9152438,16.055568400000002,1.0,0.9317037820949352,0.0
484.6000000000417,36.4123406,16.277790800000002,1.0,0.9453978478264522,2.222224000000755
484.7000000000417,36.660889,16.388902,1.0,0.9453423477265337,1.1100019980013924
484.80000000004173,36.9094374,16.5000132,1.0,0.9835707053707825,1.112224224224323
484.90000000004176,37.095848700000005,16.583346600000002,1.0,0.990502441411605,0.832501498501526
485.0000000000418,37.4065342,16.7222356,1.0,1.018349755425611,1.3902802802803949
485.1000000000418,37.5308084,16.7777912,1.0,1.0114364498671544,0.5544471057885567
485.2000000000418,37.7172197,16.861124600000004,1.0,1.0068099124873997,0.834168168167812
485.30000000004185,37.9657681,16.972235800000004,1.0,1.0623655124874187,1.1111120000003776
485.40000000004187,38.2143165,17.083347,1.0,1.0068099124874297,1.1111119999997103
485.5000000000419,38.4007278,17.1666804,1.0,1.013710905353531,0.833334000000292
485.6000000000419,38.6492762,17.277791600000004,1.0,1.0692665053535202,1.1111119999997814
485.70000000004194,38.8356875,17.361125,1.0,1.0138080305283308,0.8333339999997827
485.80000000004196,39.2085101,17.527791800000003,1.0,1.0416136361339408,1.6683363363365022
485.900000000042,39.2706472,17.555569600000002,1.0,1.0554886611089658,0.2775004995004968
486.000000000042,39.5191956,17.6666808,1.0,1.000321008910416,1.112224224224323
486.10000000004203,39.829881099999994,17.8055698,1.0,1.041862666851678,1.3875024975025196
486.20000000004205,40.016292400000005,17.8889032,1.0,1.0835710752600904,0.8341681681682511
486.3000000000421,40.3269779,18.027792200000004,1.0,1.0278209749099823,1.3875024975025552
486.4000000000421,40.5755263,18.1389034,1.0,1.0417098749099531,1.1111119999997103
486.5000000000421,40.6998005,18.194459000000002,1.0,1.069515480515562,0.5561121121121793
486.60000000004214,40.8862118,18.2777924,1.0,0.9999878134496661,0.8316706586828351
486.70000000004217,41.1347602,18.388903600000003,1.0,1.0001546474173246,1.113338677354564
486.8000000000422,41.3833086,18.5000148,1.0,1.0000990362060942,1.1111119999997103
486.9000000000422,41.631857000000004,18.611126000000002,1.0,1.0139740611811208,1.1100019980020583
487.00000000004223,41.8182683,18.6944594,1.0,0.9861684555755119,0.8341681681682156
487.10000000004226,42.1289538,18.833348400000002,1.0,1.0278212251612118,1.3875024975025552
487.2000000000423,42.253228,18.888904,1.0,1.0138628667028708,0.5550009990009936
487.3000000000423,42.501776400000004,19.000015200000004,1.0,1.0139742005705803,1.113338677354564
487.4000000000423,42.8124619,19.138904200000002,1.0,1.0277937254457206,1.3875024975025196
487.50000000004235,42.998873200000006,19.222237600000003,1.0,1.0278354338541185,0.8341681681682511
487.60000000004237,43.1231474,19.277793200000005,1.0,1.0000576338541394,0.5555560000002066
487.7000000000424,43.433832900000006,19.416682200000004,1.0,1.0276968220776825,1.3861177644706408
487.8000000000424,43.6202442,19.5000156,1.0,0.9859884136692683,0.8341681681682156
487.90000000004244,43.8687926,19.6111268,1.0,1.0276134885943446,1.1100019980020228
488.00000000004246,44.1794781,19.7500158,1.0,1.041516291397148,1.3902802802803949
488.1000000000425,44.36588940000001,19.833349200000004,1.0,1.013807866522015,0.8333339999998538
488.2000000000425,44.490163599999995,19.8889048,1.0,0.9998495080636502,0.5550009990009581
488.30000000004253,44.80084909999999,20.0277938,1.0,0.9999883972025441,1.3902802802804304
488.40000000004255,45.0493975,20.138905,1.0,1.013877297202572,1.3888900000002744
488.5000000000426,45.1736717,20.194460600000003,1.0,1.0092198582636298,0.46296333333333
488.6000000000426,45.360083,20.277794,1.0,1.0093447337378987,0.8341681681682156
488.7000000000426,45.6707685,20.416683000000003,1.0,1.023122299870156,1.388889999999709
488.80000000004264,45.8571798,20.5000164,1.0,1.009067397081333,0.8300139442232521
488.90000000004267,46.0435911,20.5833498,1.0,0.9953593734098993,0.8358415245733836
489.0000000000427,46.3542766,20.7222388,1.0,1.0230260898766146,1.3875024975025196
489.1000000000427,46.5406879,20.805572200000004,1.0,0.9953176650015031,0.8333340000003275
489.20000000004273,46.7892363,20.9166834,1.0,1.0230677149515528,1.1100019980019873
489.30000000004276,46.975647599999995,21.0000168,1.0,1.0091509814846198,0.8350040080159051
489.4000000000428,47.162058900000005,21.0833502,1.0,0.98140093153457,0.832501498501526
489.5000000000428,47.4727444,21.222239200000004,1.0,1.009276190460817,1.3916733466931872
489.6000000000428,47.6591557,21.3055726,1.0,1.0231234653858812,0.8325014985014905
489.70000000004285,47.845567,21.388906000000002,1.0,0.9955259855707617,0.8341681681682511
489.80000000004287,48.1562525,21.527795,1.0,1.0232620771623346,1.3888899999996736
489.9000000000429,48.218389599999995,21.5555728,1.0,0.9816370022372585,0.2775004995004968
490.0000000000429,48.5912122,21.7222396,1.0,0.9954563882232679,1.666668000000584
490.10000000004294,48.7154864,21.777795200000003,1.0,0.9815674882232696,0.5555559999998907
490.20000000004296,49.088309,21.944462,1.0,1.0371508382732018,1.666667999999601
490.300000000043,49.212583200000005,22.000017600000003,1.0,0.9953591795486098,0.5544471057885921
490.400000000043,49.3989945,22.083351,0.08,0.8333339999997827,0.8333339999997827
490.50000000004303,49.461131599999995,22.1111288,0.08,0.5558343346692822,0.2783346693387817
490.60000000004305,49.088309,21.944462,0.08,-0.1849997768870122,-1.666667999999601
490.7000000000431,49.70968,22.222240000000003,0.08,0.5556951673345865,2.7777799999993826
490.8000000000431,49.461131599999995,22.1111288,0.08,0.2225557342672575,-1.1100019980020583
490.9000000000431,49.5854058,22.1666844,0.08,0.2780557785560824,0.5555560000002066
491.00000000004314,49.5854058,22.1666844,0.08,0.23833352447664202,0.0
491.10000000004317,49.647542900000005,22.194462200000004,0.08,0.24326408391705717,0.2777779999999631
491.2000000000432,49.5854058,22.1666844,0.08,0.18537051903738824,-0.2777779999999631
491.3000000000432,49.647542900000005,22.194462200000004,0.08,0.19458351708370264,0.2775004995005323
491.40000000004324,49.7718171,22.250017800000002,0.08,0.2273487427125473,0.5550009990009936
491.50000000004326,49.8339542,22.2777956,0.08,0.23741074180564006,0.3480927318296607
491.6000000000433,49.7718171,22.250017800000002,0.08,0.20138649969347128,-0.23090440565255435
491.7000000000433,49.8339542,22.2777956,0.08,0.20682321396540165,0.2775004995004968
491.8000000000433,49.7718171,22.250017800000002,0.08,0.17447935507846665,-0.2783346693386232
491.90000000004335,49.8339542,22.2777956,0.08,0.1807466258509526,0.2747556874382416
492.00000000004337,49.7718171,22.250017800000002,0.08,0.153559372753935,-0.2814366767983467
492.1000000000434,49.70968,22.222240000000003,0.08,0.12961160207313321,-0.2775004995004968
492.2000000000434,49.7718171,22.250017800000002,0.08,0.13739522825352077,0.2775004995004968
492.30000000004344,49.9582284,22.333351200000003,0.08,0.17227566724163998,0.8350040080159051
492.40000000004346,49.8339542,22.2777956,0.08,0.10285891729159939,-0.5550009990010292
492.5000000000435,49.8960913,22.3055734,0.08,0.10284498662746393,0.27805605605607187
492.6000000000435,49.9582284,22.333351200000003,0.08,0.20006728662744214,0.2777779999999631
492.70000000004353,49.8339542,22.2777956,0.08,0.033400486627478465,-0.5555559999998907
492.80000000004355,49.8960913,22.3055734,0.08,0.10280338933038498,0.27805605605607187
492.9000000000436,49.8960913,22.3055734,0.08,0.07502558933037465,0.0
493.0000000000436,50.020365500000004,22.361129000000002,0.08,0.10280338933036917,0.5555559999998907
493.1000000000436,49.8960913,22.3055734,0.08,0.06119213404094141,-0.5544471057885921
493.20000000004364,49.8960913,22.3055734,0.08,0.07508103404093955,0.0
493.30000000004367,49.9582284,22.333351200000003,0.08,0.07508103404093958,0.2775004995005323
493.4000000000437,49.9582284,22.333351200000003,0.08,0.04733098409088989,0.0
493.5000000000437,50.020365500000004,22.361129000000002,0.08,0.04398393859252623,0.28115182186238746
493.60000000004374,50.020365500000004,22.361129000000002,0.08,0.05552915887515394,0.0
493.70000000004376,49.8960913,22.3055734,0.08,0.013820666966264999,-0.556669338677282
493.8000000000438,49.8960913,22.3055734,0.08,0.02773740043319615,0.0
493.9000000000438,50.020365500000004,22.361129000000002,0.08,0.04180522166689305,0.5561121121121793
494.0000000000438,50.0825026,22.3889068,0.08,0.06976595550680675,0.2777779999999276
494.10000000004385,49.8960913,22.3055734,0.08,0.04197428048181702,-0.833334000000292
494.2000000000439,50.020365500000004,22.361129000000002,0.08,0.05584930545682785,0.555000999000714
494.3000000000439,49.9582284,22.333351200000003,0.08,0.0002102050560283314,-0.2777780000000855
494.4000000000439,50.020365500000004,22.361129000000002,0.08,0.04183527998110463,0.2775004995004968
494.50000000004394,49.8960913,22.3055734,0.08,9.901024443694229e-05,-0.556669338677282
494.60000000004396,49.8960913,22.3055734,0.08,-0.013789889755561216,0.0
494.700000000044,49.9582284,22.333351200000003,0.08,0.02789071304723869,0.27805605605610745
494.800000000044,50.020365500000004,22.361129000000002,0.08,0.02787681024443147,0.2777779999999276
494.90000000004403,49.9582284,22.333351200000003,0.08,0.013987910244427196,-0.2777780000000855
495.00000000004405,49.9582284,22.333351200000003,0.08,-0.01378988975556733,0.0
495.1000000000441,49.9582284,22.333351200000003,0.08,0.013932465533862274,0.0
495.2000000000441,50.0825026,22.3889068,0.08,0.0416825154838962,0.5550009990006785
495.3000000000441,50.020365500000004,22.361129000000002,0.08,0.013918590508865306,-0.2777780000000855
495.40000000004414,50.020365500000004,22.361129000000002,0.08,0.013918590508865306,0.0
495.50000000004417,49.8960913,22.3055734,0.08,-0.027944606189863032,-0.5561121121121793
495.6000000000442,50.0825026,22.3889068,0.08,0.013722093810127883,0.8333339999998183
495.7000000000442,50.0825026,22.3889068,0.08,0.04155556074399198,0.0
495.80000000004424,50.0825026,22.3889068,0.08,0.04155556074399198,0.0
495.90000000004426,49.9582284,22.333351200000003,0.08,-0.014027844861609734,-0.5555559999998552
496.0000000000443,49.9582284,22.333351200000003,0.08,-0.027916744861606106,0.0
496.1000000000443,50.0825026,22.3889068,0.08,0.041527755138417034,0.555556000000171
496.2000000000443,50.0825026,22.3889068,0.08,0.01377770518838134,0.0
496.30000000004435,50.020365500000004,22.361129000000002,0.08,0.01376380238558202,-0.27805605605607187
496.4000000000444,49.9582284,22.333351200000003,0.08,-0.013972400234156745,-0.27722355289427836
496.5000000000444,50.0825026,22.3889068,0.08,0.041666672305314546,0.5561121121121437
496.6000000000444,50.0825026,22.3889068,0.08,0.041666672305314546,0.0
496.70000000004444,49.9582284,22.333351200000003,0.08,-1.3930497483588545e-05,-0.5555559999998552
496.80000000004446,49.9582284,22.333351200000003,0.08,-0.013902830497479968,0.0
496.9000000000445,49.9582284,22.333351200000003,0.08,-1.3930497475694859e-05,0.0
497.0000000000445,50.0825026,22.3889068,0.08,0.02779167510813149,0.5561121121121437
497.10000000004453,50.0825026,22.3889068,0.08,0.02779167510813149,0.0
497.20000000004455,50.020365500000004,22.361129000000002,0.08,-0.01384727484189881,-0.2777779999999276
497.3000000000446,50.0825026,22.3889068,0.08,0.013930525158109743,0.2777780000000855
497.4000000000446,50.020365500000004,22.361129000000002,0.08,2.7722355306150637e-05,-0.27805605605607187
497.5000000000446,50.0825026,22.3889068,0.08,0.041708352935939955,0.2775004995004968
497.60000000004464,50.0825026,22.3889068,0.08,4.1652935949040845e-05,0.0
497.70000000004467,49.9582284,22.333351200000003,0.08,-0.027736147064043714,-0.5555559999998552
497.8000000000447,49.9582284,22.333351200000003,0.08,-0.027736147064043714,0.0
497.9000000000447,50.020365500000004,22.361129000000002,0.08,0.013930552935945422,0.2777779999999276
498.00000000004474,50.020365500000004,22.361129000000002,0.08,0.013930552935945422,0.0
498.10000000004476,50.020365500000004,22.361129000000002,0.08,-0.013847247064063133,0.0
498.2000000000448,50.0825026,22.3889068,0.08,-8.223219786273051e-05,0.27530029732400807
498.3000000000448,49.9582284,22.333351200000003,0.08,-0.014237813233445005,-0.5611676767677174
498.4000000000448,50.0825026,22.3889068,0.08,0.02734571970068102,0.5544471057882422
498.50000000004485,50.0825026,22.3889068,0.08,-0.0004598859049261661,0.0
498.6000000000449,50.0825026,22.3889068,0.08,-0.0004598859049261661,0.0
498.7000000000449,50.020365500000004,22.361129000000002,0.08,0.01341511129227091,-0.27805605605591366
498.8000000000449,50.020365500000004,22.361129000000002,0.08,0.01341511129227091,0.0
498.90000000004494,50.0825026,22.3889068,0.08,0.02729013626729575,0.2775004995004968
499.00000000004496,50.0825026,22.3889068,0.08,-0.0005154693383114361,0.0
499.100000000045,50.0825026,22.3889068,0.08,-0.0005154693383114361,0.0
499.200000000045,50.020365500000004,22.361129000000002,0.08,-0.00043263295660680154,-0.27612127236583495
499.30000000004503,49.9582284,22.333351200000003,0.08,-0.028308340610181705,-0.27973615307141253
499.40000000004505,50.0825026,22.3889068,0.08,0.013400067798229076,0.5561121121121437
499.5000000000451,50.020365500000004,22.361129000000002,0.08,-0.01436385717680004,-0.2777780000000855
499.6000000000451,49.9582284,22.333351200000003,0.08,-0.028252757176796418,-0.2777779999999276
499.7000000000451,50.0825026,22.3889068,0.08,0.027330648428803526,0.5561121121121437
499.80000000004515,50.1446397,22.416684600000004,0.08,0.04120567340383015,0.2775004995005323
499.90000000004517,50.020365500000004,22.361129000000002,0.08,-0.000461026596160774,-0.5555559999998907
500.0000000000452,50.0825026,22.3889068,0.08,0.013427873403843502,0.2777780000000855
500.1000000000452,50.020365500000004,22.361129000000002,0.08,-0.00044715157118133955,-0.2775004995004968
500.20000000004524,50.020365500000004,22.361129000000002,0.08,-0.01421216643738174,0.0
500.30000000004526,49.9582284,22.333351200000003,0.08,-5.6585401799458256e-05,-0.27805605605607187
500.4000000000453,50.0825026,22.3889068,0.08,2.6664914395607698e-05,0.5561121121121437
500.5000000000453,50.0825026,22.3889068,0.08,2.6664914395607698e-05,0.0
500.6000000000453,50.0825026,22.3889068,0.08,2.6664914395607698e-05,0.0
500.70000000004535,50.020365500000004,22.361129000000002,0.08,4.0567717194914256e-05,-0.2777779999999276
500.8000000000454,50.020365500000004,22.361129000000002,0.08,4.0567717194914256e-05,0.0
500.9000000000454,50.0825026,22.3889068,0.08,5.444274217435152e-05,0.2777780000000855
501.0000000000454,50.020365500000004,22.361129000000002,0.08,-0.013834457257822027,-0.2777779999999276
501.10000000004544,50.020365500000004,22.361129000000002,0.08,-0.013834457257822027,0.0
501.20000000004546,50.0825026,22.3889068,0.08,0.013832784005175772,0.2772235528941211
501.3000000000455,50.0825026,22.3889068,0.08,0.027819591658746402,0.0
501.4000000000455,50.0825026,22.3889068,0.08,1.3986053139214416e-05,0.0
501.50000000004553,50.0825026,22.3889068,0.08,0.013902886053143484,0.0
501.60000000004555,50.020365500000004,22.361129000000002,0.08,0.014054001681235512,-0.2747556874380871
501.7000000000456,50.0825026,22.3889068,0.08,0.00029177322426076344,0.28086754297264876
501.8000000000456,50.020365500000004,22.361129000000002,0.08,-0.027472151750770123,-0.2777780000000855
501.9000000000456,50.0825026,22.3889068,0.08,0.014208451052028,0.27805605605607187
502.00000000004565,50.0825026,22.3889068,0.08,0.00031955105202372545,0.0
502.10000000004567,50.0825026,22.3889068,0.08,0.014194576027048567,0.0
502.2000000000457,50.0825026,22.3889068,0.08,0.014194576027048567,0.0
502.3000000000457,50.020365500000004,22.361129000000002,0.08,0.014222353854827308,-0.2775004995004968
502.40000000004574,49.9582284,22.333351200000003,0.08,-0.027472151750776247,-0.2777779999999276
502.50000000004576,50.020365500000004,22.361129000000002,0.08,-0.013583251750771972,0.2777780000000855
502.6000000000458,50.1446397,22.416684600000004,0.08,0.014194548249222564,0.5555559999998907
502.7000000000458,50.0825026,22.3889068,0.08,0.014222270604503257,-0.2772235528943138
502.8000000000458,50.020365500000004,22.361129000000002,0.08,0.0003055371375720956,-0.2783346693386232
502.90000000004585,50.1446397,22.416684600000004,0.08,0.01419443713756235,0.5555559999998907
503.0000000000459,50.020365500000004,22.361129000000002,0.08,0.0003055371375484006,-0.5555560000002066
503.1000000000459,50.1446397,22.416684600000004,0.08,0.02797266861164291,0.5533426294818902
503.2000000000459,50.1446397,22.416684600000004,0.08,0.014111490966936858,0.0
503.30000000004594,50.0825026,22.3889068,0.08,0.00022259096693080517,-0.27777800000012104
503.40000000004596,49.9582284,22.333351200000003,0.08,-0.027555209033061957,-0.5555559999998552
503.500000000046,50.020365500000004,22.361129000000002,0.08,-0.01366630903305768,0.2777780000000855
503.600000000046,50.2067768,22.444462400000003,0.08,0.04177988374725923,0.8341681681682511
503.70000000004603,50.020365500000004,22.361129000000002,0.08,-0.013888568326425859,-0.8325014985010531
503.80000000004605,50.0825026,22.3889068,0.08,0.013903134476382006,0.27805605605607187
503.9000000000461,50.020365500000004,22.361129000000002,0.08,-0.013874693301446422,-0.2775004995004968
504.0000000000461,50.020365500000004,22.361129000000002,0.08,-0.013874693301446422,0.0
504.1000000000461,50.0825026,22.3889068,0.08,1.4206698549956709e-05,0.2777779999999276
504.20000000004615,50.0825026,22.3889068,0.08,1.4206698549956709e-05,0.0
504.30000000004617,50.1446397,22.416684600000004,0.08,0.02777813167357295,0.2777779999999631
504.4000000000462,50.020365500000004,22.361129000000002,0.08,0.013944676384139732,-0.5544471057885921
504.5000000000462,50.0825026,22.3889068,0.08,0.013972509851066609,0.2783346693386232
504.60000000004624,50.1446397,22.416684600000004,0.08,8.360985107813134e-05,0.27777800000012104
504.70000000004626,50.1446397,22.416684600000004,0.08,0.013944787495793814,0.0
504.8000000000463,50.020365500000004,22.361129000000002,0.08,8.372096271464514e-05,-0.5555560000002066
504.9000000000463,50.020365500000004,22.361129000000002,0.08,-0.027694079037279884,0.0
505.0000000000463,50.0825026,22.3889068,0.08,0.01395874593775528,0.2775004995004968
505.10000000004635,50.0825026,22.3889068,0.08,-0.01370838553633923,0.0
505.2000000000464,50.1446397,22.416684600000004,0.08,0.0001805144636589262,0.2777779999999631
505.3000000000464,50.0825026,22.3889068,0.08,0.00018051446366682545,-0.2777779999999631
505.4000000000464,50.0825026,22.3889068,0.08,0.027958314463659588,0.0
505.50000000004644,50.020365500000004,22.361129000000002,0.08,0.00012473574879765526,-0.278893574297153
505.60000000004646,50.1446397,22.416684600000004,0.08,-0.013805872659620366,0.5555559999998907
505.7000000000465,50.1446397,22.416684600000004,0.08,0.027819202265432292,0.0
505.8000000000465,50.0825026,22.3889068,0.08,2.7499462630542482e-05,-0.2777779999999631
505.90000000004653,50.020365500000004,22.361129000000002,0.08,1.3624437643214305e-05,-0.2777780000002434
506.00000000004655,50.2067768,22.444462400000003,0.08,0.04168032443763413,0.8333339999998183
506.1000000000466,50.1446397,22.416684600000004,0.08,0.013916399462612906,-0.2775004995004968
506.2000000000466,50.1446397,22.416684600000004,0.08,0.013916399462612906,0.0
506.3000000000466,50.020365500000004,22.361129000000002,0.08,-0.027750300537379785,-0.5555559999998907
506.40000000004665,50.020365500000004,22.361129000000002,0.08,-2.7945247950178497e-05,0.0
506.50000000004667,50.0825026,22.3889068,0.08,-5.577871488495756e-05,0.2777779999999276
506.6000000000467,50.1446397,22.416684600000004,0.08,-5.577871489285679e-05,0.2777779999999631
506.7000000000467,50.020365500000004,22.361129000000002,0.08,-0.027805828664944316,-0.5550009990010292
506.80000000004674,50.1446397,22.416684600000004,0.08,0.02772202128511747,0.5550009990010292
506.90000000004676,50.1446397,22.416684600000004,0.08,0.02772202128511747,0.0
507.0000000000468,50.0825026,22.3889068,0.08,-1.4181334623059039e-05,-0.2772235528943138
507.1000000000468,50.1446397,22.416684600000004,0.08,0.0138886214681744,0.2780560560559492
507.2000000000468,50.0825026,22.3889068,0.08,-0.013889178531821911,-0.2777779999999631
507.30000000004685,50.020365500000004,22.361129000000002,0.08,-0.013889178531820135,-0.2777779999999276
507.4000000000469,50.020365500000004,22.361129000000002,0.08,-0.013889178531820135,0.0
507.5000000000469,49.9582284,22.333351200000003,0.08,-0.014059235589324096,-0.2822947154472322
507.6000000000469,50.1446397,22.416684600000004,0.08,-0.00017033558932771364,0.8333339999998183
507.70000000004694,50.1446397,22.416684600000004,0.08,-0.00017033558932771364,0.0
507.80000000004696,50.0825026,22.3889068,0.08,-0.00017033558932770808,-0.2777779999999631
507.900000000047,50.0825026,22.3889068,0.08,0.013718564410684458,0.0
508.000000000047,50.1446397,22.416684600000004,0.08,-0.014196749450691168,0.27502772277230575
508.10000000004703,50.2067768,22.444462400000003,0.08,0.013707467443534663,0.2805838383840198
508.20000000004705,50.020365500000004,22.361129000000002,0.08,-0.02800094096485416,-0.8341681681677765
508.3000000000471,50.0825026,22.3889068,0.08,0.013514643407052449,0.2747556874382416
508.4000000000471,50.0825026,22.3889068,0.08,0.013514643407052449,0.0
508.5000000000471,50.0825026,22.3889068,0.08,-0.0003742565929439362,0.0
508.60000000004715,50.020365500000004,22.361129000000002,0.08,-0.029746880115796653,-0.30967447045709146
508.70000000004717,50.1446397,22.416684600000004,0.08,0.025780969834249334,0.5555559999998907
508.8000000000472,50.0825026,22.3889068,0.08,-0.015857980115800273,-0.2777779999999631
508.9000000000472,50.1446397,22.416684600000004,0.08,-0.0019551773129869916,0.27805605605626565
509.00000000004724,50.020365500000004,22.361129000000002,0.08,-0.015871799668265848,-0.5555559999998907
509.10000000004726,50.020365500000004,22.361129000000002,0.08,-0.029774602471063293,0.0
509.2000000000473,50.1446397,22.416684600000004,0.08,0.011864347478986306,0.5550009990010292
509.3000000000473,50.1446397,22.416684600000004,0.08,0.025753247478982687,0.0
509.4000000000473,50.1446397,22.416684600000004,0.08,0.025753247478982687,0.0
509.50000000004735,50.020365500000004,22.361129000000002,0.08,0.012173267398917654,-0.5538943170485329
509.6000000000474,50.020365500000004,22.361129000000002,0.08,-0.029493432601073254,0.0
509.7000000000474,50.1446397,22.416684600000004,0.08,-0.0016878269954801127,0.5561121121118628
509.8000000000474,50.1446397,22.416684600000004,0.08,0.01220107300451804,0.0
509.90000000004744,50.0825026,22.3889068,0.08,-0.0017017297982952428,-0.27805605605626565
510.00000000004746,50.020365500000004,22.361129000000002,0.08,-0.029328140911935374,-0.2775004995004968
510.1000000000475,50.020365500000004,22.361129000000002,0.08,-0.043357332831136366,0.0
510.2000000000475,50.1446397,22.416684600000004,0.08,0.026156681182845608,0.5561121121118628
510.30000000004753,50.0825026,22.3889068,0.08,-0.0014561281640930845,-0.2775004995005323
510.40000000004756,50.2067768,22.444462400000003,0.08,0.0263494774415317,0.5561121121124957
510.5000000000476,50.1446397,22.416684600000004,0.08,0.01246057744153532,-0.2777779999999276
510.6000000000476,50.0825026,22.3889068,0.08,0.01406927598936327,-0.2775004995005323
510.7000000000476,50.0825026,22.3889068,0.08,-0.013708524010631263,0.0
510.80000000004765,50.020365500000004,22.361129000000002,0.08,-0.013694648985657944,-0.2775004995004968
510.90000000004767,50.0825026,22.3889068,0.08,-0.013694648985659724,0.27805605605623007
511.0000000000477,50.020365500000004,22.361129000000002,0.08,0.00018034821153912472,-0.27805605605591366
511.1000000000477,50.020365500000004,22.361129000000002,0.08,0.00018034821153912472,0.0
511.20000000004774,50.020365500000004,22.361129000000002,0.08,-0.02756970173851233,0.0
511.30000000004776,50.2067768,22.444462400000003,0.08,0.014138706669923956,0.8341681681687257
511.4000000000478,50.0825026,22.3889068,0.08,-0.013528424804170552,-0.5533426294818902
511.5000000000478,50.0825026,22.3889068,0.08,0.014166291048256086,0.0
511.6000000000478,50.0825026,22.3889068,0.08,0.014166291048256086,0.0
511.70000000004785,50.020365500000004,22.361129000000002,0.08,-0.027542117360132734,-0.27805605605591366
511.8000000000479,50.020365500000004,22.361129000000002,0.08,-0.027542117360132734,0.0
511.9000000000479,50.020365500000004,22.361129000000002,0.08,-0.013639314557319454,0.0
512.0000000000479,50.1446397,22.416684600000004,0.08,0.02801351041769992,0.5555559999998907
512.1000000000479,50.0825026,22.3889068,0.08,0.014138485442673307,-0.2775004995005323
512.2000000000479,49.9582284,22.333351200000003,0.08,-0.0414727257685112,-0.5561121121118273
512.3000000000479,50.1446397,22.416684600000004,0.08,0.014027374131591719,0.832501498501526
512.400000000048,50.0825026,22.3889068,0.08,-0.02768103427684635,-0.27805605605626565
512.500000000048,50.1446397,22.416684600000004,0.08,8.289069817664085e-05,0.2775004995005323
512.600000000048,50.1446397,22.416684600000004,0.08,0.013957915673203258,0.0
512.700000000048,50.020365500000004,22.361129000000002,0.08,-0.013819884326791276,-0.5555559999998907
512.800000000048,50.0825026,22.3889068,0.08,0.013944040648229943,0.2777779999999276
512.9000000000481,50.1446397,22.416684600000004,0.08,0.013930137845432391,0.2777780000002789
513.0000000000481,50.1446397,22.416684600000004,0.08,0.027832940648228065,0.0
513.1000000000481,50.0825026,22.3889068,0.08,0.01395791567320145,-0.2775004995005323
513.2000000000481,50.020365500000004,22.361129000000002,0.08,5.511287040576851e-05,-0.27805605605591366
513.3000000000482,50.2067768,22.444462400000003,0.08,-2.8220612954210633e-05,0.832501498501526
513.4000000000482,50.020365500000004,22.361129000000002,0.08,-0.01402778913889799,-0.8333340000007657
513.5000000000482,50.1446397,22.416684600000004,0.08,0.013502240593504578,0.5506005946480513
513.6000000000482,50.020365500000004,22.361129000000002,0.08,-0.014527830042211753,-0.5606014127143266
513.7000000000482,50.0825026,22.3889068,0.08,0.013263872760580303,0.2777779999999276
513.8000000000483,50.1446397,22.416684600000004,0.08,0.027138897735606914,0.2775004995005323
513.9000000000483,49.9582284,22.333351200000003,0.08,-0.014156146862996054,-0.8259008919720594
514.0000000000483,50.020365500000004,22.361129000000002,0.08,-0.0279047549437896,0.2805838383840198
514.1000000000483,50.020365500000004,22.361129000000002,0.08,-0.014029729968762982,0.0
514.2000000000484,50.1446397,22.416684600000004,0.08,0.04152592558687984,0.5550009990010292
514.3000000000484,50.1446397,22.416684600000004,0.08,-9.91493381964581e-05,0.0
514.4000000000484,50.1446397,22.416684600000004,0.08,0.013803653464616827,0.0
514.5000000000484,50.020365500000004,22.361129000000002,0.08,-0.02790483844428974,-0.556669338677599
514.6000000000485,50.0825026,22.3889068,0.08,-0.014098774825997995,0.27612127236583495
514.7000000000485,50.2067768,22.444462400000003,0.08,0.04156838260371362,0.5577871485943416
514.8000000000485,50.020365500000004,22.361129000000002,0.08,-0.014028925804671577,-0.8341681681677765
514.9000000000485,50.0825026,22.3889068,0.08,-0.014274505568917795,0.2728664047153546
515.0000000000485,50.2067768,22.444462400000003,0.08,0.014041294634943701,0.5663160040772299
515.1000000000486,50.020365500000004,22.361129000000002,0.08,-0.01370875531510598,-0.832501498501526
515.2000000000486,50.020365500000004,22.361129000000002,0.08,0.00019404748768969693,0.0
515.3000000000486,50.020365500000004,22.361129000000002,0.08,-0.0414310274373866,0.0
515.4000000000486,49.9582284,22.333351200000003,0.08,-0.01365322743736048,-0.2777780000002434
515.5000000000487,49.9582284,22.333351200000003,0.08,-0.04118325716976305,0.0
515.6000000000487,50.1446397,22.416684600000004,0.08,0.028513513465944197,0.8333339999998183
515.7000000000487,50.020365500000004,22.361129000000002,0.08,-0.013153186534046717,-0.5555559999998907
515.8000000000487,49.9582284,22.333351200000003,0.08,-0.04093101431188484,-0.27805605605623007
515.9000000000487,50.020365500000004,22.361129000000002,0.08,0.014239055261742989,0.2775004995004968
516.0000000000488,50.020365500000004,22.361129000000002,0.08,0.00020986334254198823,0.0
516.1000000000488,50.0825026,22.3889068,0.08,0.014084888317566829,0.2775004995004968
516.2000000000488,50.1446397,22.416684600000004,0.08,0.00022373836751352072,0.2777779999999631
516.3000000000488,50.1446397,22.416684600000004,0.08,0.00022373836751352072,0.0
516.4000000000489,50.020365500000004,22.361129000000002,0.08,-0.027554061632512596,-0.5555560000005223
516.5000000000489,50.0825026,22.3889068,0.08,0.014168305301363737,0.2777779999999276
516.6000000000489,50.2067768,22.444462400000003,0.08,0.028140041683066525,0.5555559999998907
516.7000000000489,50.020365500000004,22.361129000000002,0.08,-0.04145772415503938,-0.8341681681677765
516.800000000049,49.9582284,22.333351200000003,0.08,-0.013624340721675393,-0.2775004995004968
516.900000000049,49.9582284,22.333351200000003,0.08,-0.02726766095744313,0.0
517.000000000049,50.1446397,22.416684600000004,0.08,-0.013958386236228327,0.832501498501526
517.100000000049,50.020365500000004,22.361129000000002,0.08,-0.00013891691674516315,-0.5561121121118628
517.200000000049,50.0825026,22.3889068,0.08,0.013736108058279678,0.2775004995004968
517.3000000000491,50.1446397,22.416684600000004,0.08,0.027625008058277833,0.2777779999999631
517.4000000000491,50.1446397,22.416684600000004,0.08,0.04151390805828999,0.0
517.5000000000491,50.0825026,22.3889068,0.08,0.02762500805829184,-0.2777779999999631
517.6000000000491,50.020365500000004,22.361129000000002,0.08,-0.02793059194169545,-0.2777779999999276
517.7000000000492,50.0825026,22.3889068,0.08,0.013736108058295466,0.2777779999999276
517.8000000000492,50.0825026,22.3889068,0.08,0.027638910861106963,0.0
517.9000000000492,50.020365500000004,22.361129000000002,0.08,-0.00012501411393004146,-0.2777780000002434
518.0000000000492,50.0825026,22.3889068,0.08,0.01377778868886564,0.27805605605591366
518.1000000000492,50.020365500000004,22.361129000000002,0.08,-0.013972261261184041,-0.2775004995004968
518.2000000000493,50.020365500000004,22.361129000000002,0.08,-0.027861161261182193,0.0
518.3000000000493,50.0825026,22.3889068,0.08,-0.013972261261185814,0.2777779999999276
518.4000000000493,50.0825026,22.3889068,0.08,0.013805538738840297,0.0
518.5000000000493,50.0825026,22.3889068,0.08,-8.336126115608133e-05,0.0
518.6000000000494,50.0825026,22.3889068,0.08,-0.027861161261150624,0.0
518.7000000000494,50.0825026,22.3889068,0.08,0.01384724714723821,0.0
518.8000000000494,50.020365500000004,22.361129000000002,0.08,0.013833372122250883,-0.2777780000002434
518.9000000000494,50.020365500000004,22.361129000000002,0.08,0.013833372122250883,0.0
519.0000000000495,50.1446397,22.416684600000004,0.08,1.3902802799359293e-05,0.5561121121124957
519.1000000000495,50.020365500000004,22.361129000000002,0.08,6.945845834104846e-05,-0.5550009990010292
519.2000000000495,50.020365500000004,22.361129000000002,0.08,-0.013805566516683793,0.0
519.3000000000495,50.0825026,22.3889068,0.08,-0.013791663713886265,0.27805605605591366
519.4000000000495,50.0825026,22.3889068,0.08,-0.013791663713886265,0.0
519.5000000000496,50.1446397,22.416684600000004,0.08,0.01400003908890935,0.2780560560559492
519.6000000000496,50.020365500000004,22.361129000000002,0.08,0.00011113908891119406,-0.5555559999998907
519.7000000000496,50.0825026,22.3889068,0.08,0.00011113908891119406,0.2777779999999276
519.8000000000496,50.020365500000004,22.361129000000002,0.08,-0.013763885886113648,-0.2775004995004968
519.9000000000497,50.0825026,22.3889068,0.08,0.014013914113910689,0.2777780000002434
520.0000000000497,50.1446397,22.416684600000004,0.08,0.014000011311113164,0.2777779999999631
520.1000000000497,50.1446397,22.416684600000004,0.08,0.02787503628613801,0.0
520.2000000000497,50.1446397,22.416684600000004,0.08,0.02787503628613801,0.0
520.3000000000497,49.9582284,22.333351200000003,0.08,-0.027638938638934674,-0.832501498501526
520.4000000000498,50.0825026,22.3889068,0.08,0.00013886136105808466,0.5555559999998552
520.5000000000498,50.0825026,22.3889068,0.08,0.00013886136105808466,0.0
520.6000000000498,50.1446397,22.416684600000004,0.08,0.0140138863360847,0.2775004995005323
520.7000000000498,50.020365500000004,22.361129000000002,0.08,-0.013791719269508442,-0.5561121121118628
520.8000000000499,50.020365500000004,22.361129000000002,0.08,9.7180730503732e-05,0.0
520.9000000000499,50.1446397,22.416684600000004,0.08,0.027599953007732547,0.5500554455445763
521.0000000000499,50.0825026,22.3889068,0.08,-0.014220687915751299,-0.28030070635718124
521.1000000000499,50.0825026,22.3889068,0.08,0.01352936203430016,0.0
521.20000000005,50.020365500000004,22.361129000000002,0.08,-0.0003456629407246808,-0.2775004995004968
521.30000000005,50.0825026,22.3889068,0.08,-0.0004834508773199686,0.27530029732400807
521.40000000005,50.1446397,22.416684600000004,0.08,0.013531584440539094,0.28030070635718124
521.50000000005,50.020365500000004,22.361129000000002,0.08,-0.027873990639487166,-0.5500554455445763
521.60000000005,49.9582284,22.333351200000003,0.08,-0.014139567788133148,-0.2808675429728102
521.7000000000501,50.020365500000004,22.361129000000002,0.08,-0.014167290143431344,0.27722355289396383
521.8000000000501,50.1446397,22.416684600000004,0.08,0.02751334043721828,0.5561121121124957
521.9000000000501,50.0825026,22.3889068,0.08,-0.000264459562792041,-0.2777779999999631
522.0000000000501,50.0825026,22.3889068,0.08,-0.01415335956279019,0.0
522.1000000000502,49.9582284,22.333351200000003,0.08,-0.04193115956278295,-0.5555559999998552
522.2000000000502,50.0825026,22.3889068,0.08,-0.014181109612733268,0.5550009990009936
522.3000000000502,50.1446397,22.416684600000004,0.08,0.04150155640546421,0.28115182186242343
522.4000000000502,50.1446397,22.416684600000004,0.08,0.013723756405471441,0.0
522.5000000000502,50.0825026,22.3889068,0.08,-0.0001651435945267149,-0.2777779999999631
522.6000000000503,50.020365500000004,22.361129000000002,0.08,-0.027929068569565497,-0.2777780000002434
522.7000000000503,50.020365500000004,22.361129000000002,0.08,-0.00012346296397235668,0.0
522.8000000000503,50.0825026,22.3889068,0.08,0.013779339838823327,0.27805605605591366
522.9000000000503,50.020365500000004,22.361129000000002,0.08,-0.027612332438401867,-0.2777779999999276
523.0000000000504,50.0825026,22.3889068,0.08,0.00029160287945357297,0.2777779999999276
523.1000000000504,50.0825026,22.3889068,0.08,0.00029160287945357297,0.0
523.2000000000504,50.1446397,22.416684600000004,0.08,0.028181663172337484,0.28030070635718124
523.3000000000504,50.020365500000004,22.361129000000002,0.08,-0.013113381426265494,-0.5506005946480513
523.4000000000505,50.0825026,22.3889068,0.08,-0.013267239099410643,0.27722355289427836
523.5000000000505,49.9582284,22.333351200000003,0.08,-0.013570072427773184,-0.5561121121118273
523.6000000000505,50.020365500000004,22.361129000000002,0.08,0.014362204720863692,0.2777779999999276
523.7000000000505,50.0825026,22.3889068,0.08,0.014403829878977014,0.27805605605623007
523.8000000000505,50.1446397,22.416684600000004,0.08,0.00048712427335038667,0.2777779999999631
523.9000000000506,50.1446397,22.416684600000004,0.08,0.014376024273348536,0.0
524.0000000000506,50.020365500000004,22.361129000000002,0.08,-0.01334633101608107,-0.5544471057885921
524.1000000000506,50.1446397,22.416684600000004,0.08,0.04226493591779164,0.556669338677599
524.2000000000506,50.0825026,22.3889068,0.08,0.0006398609927153436,-0.2775004995005323
524.3000000000507,50.0825026,22.3889068,0.08,-0.013417730100405825,0.0
524.4000000000507,50.020365500000004,22.361129000000002,0.08,-0.027306630100402206,-0.2777779999999276
524.5000000000507,50.020365500000004,22.361129000000002,0.08,-0.013417730100404049,0.0
524.6000000000507,50.020365500000004,22.361129000000002,0.08,0.00047116989960812314,0.0
524.7000000000507,50.020365500000004,22.361129000000002,0.08,0.00047116989960812314,0.0
524.8000000000508,50.0825026,22.3889068,0.08,0.0004572670968088194,0.2777779999999276
524.9000000000508,50.0825026,22.3889068,0.08,0.0143461670968052,0.0
525.0000000000508,50.0825026,22.3889068,0.08,0.0004572670968088194,0.0
525.1000000000508,50.1446397,22.416684600000004,0.08,0.01447230241468396,0.2803007063575028
525.2000000000509,50.1446397,22.416684600000004,0.08,0.00045726709682489817,0.0
525.3000000000509,50.0825026,22.3889068,0.08,0.014098396829229304,-0.2777779999999631
525.4000000000509,49.9582284,22.333351200000003,0.08,-0.027540580815477368,-0.5555559999998552
525.5000000000509,50.020365500000004,22.361129000000002,0.08,0.01414004976513884,0.2775004995004968
525.600000000051,50.2067768,22.444462400000003,0.08,0.04187622469021876,0.832501498501526
525.700000000051,50.020365500000004,22.361129000000002,0.08,-0.014114153870197505,-0.8417515151520952
525.800000000051,50.1446397,22.416684600000004,0.08,-0.00044571260036702087,0.5511468253965728
525.900000000051,50.020365500000004,22.361129000000002,0.08,-0.028223512600361555,-0.5555559999998907
526.000000000051,50.1446397,22.416684600000004,0.08,0.02727664268906258,0.5555559999998907
526.1000000000511,50.020365500000004,22.361129000000002,0.08,-0.028279179534246975,-0.5544471057885921
526.2000000000511,50.0825026,22.3889068,0.08,-0.0005013517564088577,0.27805605605623007
526.3000000000511,50.020365500000004,22.361129000000002,0.08,-0.014404154559204541,-0.27805605605591366
526.4000000000511,50.020365500000004,22.361129000000002,0.08,-0.0005152545592081615,0.0
526.5000000000512,50.1446397,22.416684600000004,0.08,0.027234795390843298,0.5550009990010292
526.6000000000512,50.0825026,22.3889068,0.08,0.013331992588030014,-0.27805605605626565
526.7000000000512,50.0825026,22.3889068,0.08,0.013331992588030014,0.0
526.8000000000512,50.0825026,22.3889068,0.08,-0.0005569074119663647,0.0
526.9000000000513,50.1446397,22.416684600000004,0.08,0.013345895390831095,0.2780560560559492
527.0000000000513,50.0825026,22.3889068,0.08,-0.0005430046091670609,-0.2777779999999631
527.1000000000513,49.9582284,22.333351200000003,0.08,-0.04233583992706654,-0.5555560000004868
527.2000000000513,50.1446397,22.416684600000004,0.08,-0.0006691399270756293,0.8333339999998183
527.3000000000513,50.0825026,22.3889068,0.08,-0.000655264902104083,-0.2775004995005323
527.4000000000514,50.0825026,22.3889068,0.08,0.027122535097888666,0.0
527.5000000000514,50.1446397,22.416684600000004,0.08,0.02710868776757952,0.2772235528943138
527.6000000000514,50.1446397,22.416684600000004,0.08,-0.014516387157496775,0.0
527.7000000000514,50.1446397,22.416684600000004,0.08,0.027571188600107977,0.0
527.8000000000515,50.0825026,22.3889068,0.08,-0.013875052669718816,-0.2777779999999631
527.9000000000515,50.1446397,22.416684600000004,0.08,0.027791647330273873,0.2777779999999631
528.0000000000515,50.2067768,22.444462400000003,0.08,0.01390274733027572,0.2777779999999276
528.1000000000515,50.020365500000004,22.361129000000002,0.08,-4.1597380332958346e-05,-0.8333340000007657
528.2000000000515,50.020365500000004,22.361129000000002,0.08,-0.013944400183144462,0.0
528.3000000000516,50.0825026,22.3889068,0.08,0.0138473026196476,0.2777779999999276
528.4000000000516,50.0825026,22.3889068,0.08,0.0138473026196476,0.0
528.5000000000516,50.1446397,22.416684600000004,0.08,0.0032229000185513253,0.34251294697910367
528.6000000000516,50.1446397,22.416684600000004,0.08,0.017125702821364604,0.0
528.7000000000517,50.0825026,22.3889068,0.08,0.005551619488030615,-0.2314816666666798
528.8000000000517,50.0825026,22.3889068,0.08,0.005551619488030615,0.0
528.9000000000517,50.1446397,22.416684600000004,0.08,0.009053453276718419,0.34809273182970524
529.0000000000517,50.1446397,22.416684600000004,0.08,0.022942353276716572,0.0
529.1000000000518,50.020365500000004,22.361129000000002,0.08,0.02285876912431009,-0.5572276830486166
529.2000000000518,50.0825026,22.3889068,0.08,-0.007224194428633893,0.23167472894093866
529.3000000000518,50.0825026,22.3889068,0.08,0.006650830546392719,0.0
529.4000000000518,50.1446397,22.416684600000004,0.08,0.02401195554638548,0.3472224999998552
529.5000000000518,50.1446397,22.416684600000004,0.08,0.01015077790166979,0.0
529.6000000000519,50.2067768,22.444462400000003,0.08,0.02403967790166617,0.2777779999999276
529.7000000000519,50.0825026,22.3889068,0.08,0.0008915112349996701,-0.46296333333333
529.8000000000519,50.1446397,22.416684600000004,0.08,0.032055162478793336,0.34549502487591016
529.9000000000519,50.1446397,22.416684600000004,0.08,0.01816626247879518,0.0
530.000000000052,50.0825026,22.3889068,0.08,-0.009487652387403367,-0.27530029732404326
530.100000000052,50.0825026,22.3889068,0.08,0.03217904761263492,0.0
530.200000000052,50.020365500000004,22.361129000000002,0.08,0.01483959692597261,-0.3467890137332461
530.300000000052,50.2067768,22.444462400000003,0.08,0.04261739692596715,0.8333339999998183
530.400000000052,50.0825026,22.3889068,0.08,0.014811791320374013,-0.5561121121118628
530.5000000000521,50.0825026,22.3889068,0.08,-0.002313856028581174,0.0
530.6000000000521,50.1446397,22.416684600000004,0.08,0.009279549647541503,0.23186811352245354
530.7000000000521,50.1446397,22.416684600000004,0.08,0.020853632980875492,0.0
530.8000000000521,50.0825026,22.3889068,0.08,0.0034925079808827307,-0.3472224999998552
530.9000000000522,50.2067768,22.444462400000003,-1.0,-1.0,0.5550009990010292
531.0000000000522,50.0825026,22.3889068,-1.0,-1.0,-0.5561121121118628
531.1000000000522,50.0825026,22.3889068,-1.0,-1.0,0.0
531.2000000000522,49.8339542,22.2777956,-1.0,-1.0,-1.3888900000012614
531.3000000000523,49.9582284,22.333351200000003,-1.0,-1.0,0.5500554455445763
531.4000000000523,49.461131599999995,22.1111288,-1.0,-1.0,-1.8642818791950024
531.5000000000523,49.150446099999996,21.9722398,-1.0,-1.0,-1.3888899999996736
531.6000000000523,48.8397606,21.8333508,-1.0,-1.0,-1.7382853566944199
531.7000000000523,48.5290751,21.6944618,-1.0,-0.8021006001065744,-1.3875024975025552
531.8000000000524,48.2805267,21.583350600000003,-1.0,-0.8146377855049746,-0.9274724540905757
531.9000000000524,47.9077041,21.4166838,-1.0,-0.8920950777317621,-1.6666679999996366
532.0000000000524,47.7212928,21.3333504,-1.0,-0.9045594462540717,-1.0416674999994768
532.1000000000524,47.3484702,21.166683600000002,-1.0,-0.9630551040039905,-1.6650029970030165
532.2000000000525,47.162058900000005,21.0833502,-1.0,-0.9439100384910516,-0.6950241868228456
532.3000000000525,46.9135105,20.972239000000002,-1.0,-0.9550568359249645,-1.1111119999997459
532.4000000000525,46.6649621,20.861127800000002,-1.0,-0.9821714086796097,-1.3888899999992876
532.5000000000525,46.4164137,20.750016600000002,-1.0,-0.9897561493455,-1.1111119999997459
532.6000000000525,46.167865299999995,20.638905400000002,-1.0,-0.9964981410485838,-1.111112000001009
532.7000000000526,45.981454,20.555572,-1.0,-0.9806006073091836,-0.6944449999999802
532.8000000000526,45.732905599999995,20.4444608,-1.0,-1.0010150769436887,-1.3888899999992876
532.9000000000526,45.484357200000005,20.333349600000002,-1.0,-1.0843207268937276,-1.1111119999997459
533.0000000000526,45.2358088,20.222238400000002,-1.0,-1.1120707212881218,-1.1111119999997459
533.1000000000527,44.987260400000004,20.111127200000002,-1.0,-1.167570821188223,-1.1100019980020228
533.2000000000527,44.738712,20.000016000000002,-1.0,-1.144461266976349,-0.9266989157637843
533.3000000000527,44.5523007,19.9166826,-1.0,-1.2239823913134933,-1.0403670411983061
533.4000000000527,44.3037523,19.8055714,-1.0,-1.1868850650304843,-1.1223353535348262
533.5000000000528,44.0552039,19.6944602,-1.0,-1.1723917025181507,-1.0990227497530014
533.6000000000528,43.8066555,19.583349000000002,-1.0,-1.1410886458946141,-1.1122242242236902
533.7000000000528,43.558107099999994,19.4722378,-1.0,-1.1180484668076773,-0.9266989157638139
533.8000000000528,43.309558700000004,19.361126600000002,-1.0,-1.127230444103134,-1.1111119999997103
533.9000000000528,43.1231474,19.277793200000005,-1.0,-1.095980419103124,-1.0416674999994324
534.0000000000529,42.874599,19.166682,-1.0,-1.0994526441031391,-1.1111119999997814
534.1000000000529,42.6260506,19.0555708,-1.0,-1.0716472048318457,-1.1088942115771487
534.2000000000529,42.3775022,18.944459600000002,-1.0,-1.0832696181952337,-0.9274724540906053
534.3000000000529,42.191090900000006,18.861126200000005,-1.0,-1.0797323702551593,-1.0403670411982617
534.400000000053,41.9425425,18.750015,-1.0,-1.065843470255184,-1.1111119999997814
534.500000000053,41.6939941,18.6389038,-1.0,-1.0658434702551838,-1.1111119999997459
534.600000000053,41.4454457,18.5277926,-1.0,-1.0565842035884652,-0.9259266666666304
534.700000000053,41.259034400000004,18.444459200000004,-1.0,-1.0635703619969008,-0.8341681681686902
534.800000000053,41.010486,18.333348,-1.0,-1.0496814619969252,-1.1111119999997814
534.9000000000531,40.761937599999996,18.2222368,-1.0,-1.0496814619969252,-1.1111119999997459
535.0000000000531,40.5133892,18.1111256,-1.0,-1.0496814619969255,-1.1111119999997459
535.1000000000531,40.2648408,18.0000144,-1.0,-1.0496814619969252,-1.1100019980020228
535.2000000000531,40.016292400000005,17.8889032,-1.0,-1.0589577274199837,-1.1122242242249558
535.3000000000532,39.767744,17.777792,-1.0,-1.0624949753600559,-1.1111119999997459
535.4000000000532,39.581332700000004,17.6944586,-1.0,-1.0480449076833058,-0.8333339999998183
535.5000000000532,39.3327843,17.5833474,-1.0,-1.0486493701956427,-1.1111119999997459
535.6000000000532,39.146373,17.500014,-1.0,-1.0347048589844492,-0.8333339999998183
535.7000000000533,38.8356875,17.361125,-1.0,-1.0578144131963212,-1.3888900000012525
535.8000000000533,38.5871391,17.2500138,-1.0,-1.057814413196323,-1.1111119999997459
535.9000000000533,38.338590700000005,17.1389026,-1.0,-1.0606278761409815,-1.0979367588926003
536.0000000000533,38.1521794,17.0555692,-1.0,-1.0472450494203522,-0.8434554655871984
536.1000000000533,37.903631,16.944458,-1.0,-1.047355938841482,-1.1111119999997459
536.2000000000534,37.6550826,16.8333468,-1.0,-1.056537916137002,-1.111112000001009
536.3000000000534,37.4065342,16.7222356,-1.0,-1.0600751640770762,-1.1111119999997459
536.4000000000534,37.1579858,16.6111244,-1.0,-1.0605231931093475,-1.120072580645203
536.5000000000534,36.9715745,16.527791,-1.0,-1.0463036050141021,-0.8267202380948415
536.6000000000535,36.7230261,16.4166798,-1.0,-1.0555628716807581,-1.1111119999997459
536.7000000000535,36.536614799999995,16.3333464,-1.0,-1.0555211632723616,-0.8333340000007657
536.8000000000535,36.2880664,16.2222352,-1.0,-1.05552116327236,-1.1111119999997459
536.9000000000535,36.039518,16.111124,-1.0,-1.0555211632723602,-1.1111119999997459
537.0000000000535,35.790969600000004,16.0000128,-1.0,-1.0554656631724737,-1.1100019980020228
537.1000000000536,35.5424212,15.888901600000002,-1.0,-1.0555767744835565,-1.1122242242236724
537.2000000000536,35.3560099,15.805568200000002,-1.0,-1.041632263272347,-0.8333340000007657
537.3000000000536,35.0453244,15.6666792,-1.0,-1.0555211632723442,-1.3888899999996913
537.4000000000536,34.8589131,15.583345800000002,-1.0,-1.0555211632723434,-0.8333339999998005
537.5000000000537,34.610364700000005,15.472234600000002,-1.0,-1.0554102738512134,-1.1088942115771487
537.6000000000537,34.4239534,15.388901200000001,-1.0,-1.0554937742519939,-0.8350040080154296
537.7000000000537,34.175405,15.277790000000001,-1.0,-1.0415493741520325,-1.1100019980020228
537.8000000000537,33.9268566,15.166678800000001,-1.0,-1.0414938740521462,-1.1100019980020228
537.9000000000538,33.678308200000004,15.055567600000002,-1.0,-1.0422639699752743,-1.1133386773551626
538.0000000000538,33.4297598,14.9444564,-1.0,-1.0556467966959024,-1.1111119999997636
538.1000000000538,33.2433485,14.861123000000001,-1.0,-1.0417578966959051,-0.8333339999998005
538.2000000000538,32.9948001,14.750011800000001,-1.0,-1.041702396595956,-1.1100019980020228
538.3000000000538,32.7462517,14.638900600000001,-1.0,-1.041702396596019,-1.111112000001009
538.4000000000539,32.5598404,14.5555672,-1.0,-1.0273654675637498,-0.8333339999998183
538.5000000000539,32.311292,14.444456,-1.0,-1.0416406668701925,-1.1122242242236902
538.6000000000539,32.062743600000005,14.333344800000003,0.01,-1.1088942115771312,-1.1088942115771312
538.7000000000539,32.0006065,14.305567000000002,0.01,-0.6936144404579654,-0.2783346693387995
538.800000000054,31.9384694,14.2777892,0.01,-0.5550022936386254,-0.27777799999994535
538.900000000054,31.3792355,14.027789000000002,0.01,-1.0362918988000915,-2.4801607142844895
539.000000000054,31.5656468,14.111122400000001,0.01,-0.6611918271971261,0.8392084592147359
539.100000000054,31.3792355,14.027789000000002,0.01,-0.6894667685932226,-0.8308414755737057
539.200000000054,31.4413726,14.055566800000001,0.01,-0.551328587436977,0.2775004995004968
539.3000000000541,31.254961299999998,13.9722334,0.01,-0.5871027150123446,-0.8375216080399179
539.4000000000541,31.4413726,14.055566800000001,0.01,-0.4292764133443265,0.8333339999998183
539.5000000000541,31.3792355,14.027789000000002,0.01,-0.4140988219599436,-0.2775004995004968
539.6000000000541,31.254961299999998,13.9722334,0.01,-0.4270091210646635,-0.5561121121118628
539.7000000000542,31.3170984,14.000011200000001,0.01,-0.3682999860175653,0.2775004995005146
539.8000000000542,31.4413726,14.055566800000001,0.01,-0.297191363084485,0.5561121121124779
539.9000000000542,31.254961299999998,13.9722334,0.01,-0.33548726572129456,-0.8333339999998183
540.0000000000542,31.3792355,14.027789000000002,0.01,-0.2760843813398822,0.5555559999998907
540.1000000000543,31.4413726,14.055566800000001,0.01,-0.2414679825061441,0.2777779999999276
540.2000000000543,31.3170984,14.000011200000001,0.01,-0.2599437482411065,-0.5555560000005045
540.3000000000543,31.3170984,14.000011200000001,0.01,-0.24550242889437834,0.0
540.4000000000543,31.3792355,14.027789000000002,0.01,-0.21796135368941394,0.27777799999994535
540.5000000000543,31.3792355,14.027789000000002,0.01,-0.20706328600494323,0.0
540.6000000000544,31.3792355,14.027789000000002,0.01,-0.15161857542608667,0.0
540.7000000000544,31.3792355,14.027789000000002,0.01,-0.1377018419591467,0.0
540.8000000000544,31.3170984,14.000011200000001,0.01,-0.1378421338783352,-0.28058383838371553
540.9000000000544,31.3170984,14.000011200000001,0.01,-0.013834098164110728,0.0
541.0000000000545,31.3170984,14.000011200000001,0.01,-0.05579452112484753,0.0
541.1000000000545,31.3792355,14.027789000000002,0.01,-0.00036354734616496907,0.27777799999994535
541.2000000000545,31.3170984,14.000011200000001,0.01,-0.028127472321202864,-0.27777800000026115
541.3000000000545,31.3170984,14.000011200000001,0.01,0.013748608080793026,0.0
541.4000000000545,31.3170984,14.000011200000001,0.01,-0.027918091919197884,0.0
541.5000000000546,31.3792355,14.027789000000002,0.01,-0.00019570901794402628,0.27694715852458035
541.6000000000546,31.3170984,14.000011200000001,0.01,0.013679204511433705,-0.2786138415243083
541.7000000000546,31.4413726,14.055566800000001,0.01,0.0275819795364332,0.5555560000005045
541.8000000000546,31.4413726,14.055566800000001,0.01,-0.00022362606919069662,0.0
541.9000000000547,31.3792355,14.027789000000002,0.01,0.02755417393080383,-0.2777779999999276
542.0000000000547,31.3170984,14.000011200000001,0.01,-0.014112526069187965,-0.27777799999994535
542.1000000000547,31.4413726,14.055566800000001,0.01,-0.00022362606919069662,0.5555559999998729
542.2000000000547,31.4413726,14.055566800000001,0.01,0.02755417393083453,0.0
542.3000000000548,31.4413726,14.055566800000001,0.01,0.02755417393083453,0.0
542.4000000000548,31.503509700000002,14.083344600000002,0.01,0.02755417393083453,0.27777799999994535
542.5000000000548,31.503509700000002,14.083344600000002,0.01,0.02755417393083453,0.0
542.6000000000548,31.4413726,14.055566800000001,0.01,0.01365137112803796,-0.2780560560559314
542.7000000000548,31.4413726,14.055566800000001,0.01,0.01365137112803796,0.0
542.8000000000549,31.3792355,14.027789000000002,0.01,0.013763829580284654,-0.2783346693387817
542.9000000000549,31.4413726,14.055566800000001,0.01,0.027652729580281032,0.2777779999999276
543.0000000000549,31.4413726,14.055566800000001,0.01,0.027652729580281032,0.0
543.1000000000549,31.3792355,14.027789000000002,0.01,-0.00012507041971261402,-0.2777779999999276
543.200000000055,31.3792355,14.027789000000002,0.01,0.013763829580300441,0.0
543.300000000055,31.4413726,14.055566800000001,0.01,0.02765272958029682,0.2777779999999276
543.400000000055,31.3792355,14.027789000000002,0.01,0.013763829580300441,-0.2777779999999276
543.500000000055,31.3792355,14.027789000000002,0.01,-8.352834592857405e-05,0.0
543.600000000055,31.3792355,14.027789000000002,0.01,0.013847163730286837,0.0
543.7000000000551,31.503509700000002,14.083344600000002,0.01,0.01381941368031218,0.5550009990010114
543.8000000000551,31.3792355,14.027789000000002,0.0,-0.013986191925311715,-0.5561121121124779
543.9000000000551,31.4413726,14.055566800000001,0.0,0.013791608074681045,0.2777779999999276
544.0000000000551,31.3792355,14.027789000000002,0.0,0.013791608074681933,-0.2777779999999276
544.1000000000552,31.503509700000002,14.083344600000002,0.0,0.013791608074681933,0.5555559999998729
544.2000000000552,31.4413726,14.055566800000001,0.0,-9.729192533112496e-05,-0.27777800000026115
544.3000000000552,31.4413726,14.055566800000001,0.0,-9.729192533112496e-05,0.0
544.4000000000552,31.503509700000002,14.083344600000002,0.0,-0.00012501428061358899,0.27722355289429607
544.5000000000553,31.503509700000002,14.083344600000002,0.0,-0.00012501428061358899,0.0
544.6000000000553,31.503509700000002,14.083344600000002,0.0,0.013777788522182982,0.0
544.7000000000553,31.503509700000002,14.083344600000002,0.0,0.013777788522182982,0.0
544.8000000000553,31.503509700000002,14.083344600000002,0.0,0.02769452198912207,0.0
544.9000000000553,31.503509700000002,14.083344600000002,0.0,0.013805621989125688,0.0
545.0000000000554,31.503509700000002,14.083344600000002,0.0,0.013805621989125688,0.0
545.1000000000554,31.503509700000002,14.083344600000002,0.0,0.02769452198912207,0.0
545.2000000000554,31.503509700000002,14.083344600000002,0.0,0.02769452198912207,0.0
545.3000000000554,31.4413726,14.055566800000001,0.0,4.0607122924404826e-05,-0.27530029732402567
545.4000000000555,31.503509700000002,14.083344600000002,0.0,0.02795869904212267,0.2805838383840377
545.5000000000555,31.3792355,14.027789000000002,0.0,0.00015309343653041596,-0.5561121121118451
545.6000000000555,31.503509700000002,14.083344600000002,0.0,0.02793089343652406,0.5555559999998729
545.7000000000555,31.503509700000002,14.083344600000002,0.0,0.00018084348647349203,0.0
545.8000000000555,31.3792355,14.027789000000002,0.0,0.00020864909210374094,-0.5555559999998729
545.9000000000556,31.3792355,14.027789000000002,0.0,-0.013680250907892638,0.0
546.0000000000556,31.4413726,14.055566800000001,0.0,0.01394643346401582,0.2747556874382416
546.1000000000556,31.3792355,14.027789000000002,0.0,-0.0278464018538351,-0.28030070635714543
546.2000000000556,31.3792355,14.027789000000002,0.0,-0.013957501853822041,0.0
546.3000000000557,31.3792355,14.027789000000002,0.0,-0.013957501853822041,0.0
546.4000000000557,31.3792355,14.027789000000002,0.0,-0.027818679498536846,0.0
546.5000000000557,31.3792355,14.027789000000002,0.0,-0.027818679498536846,0.0
546.6000000000557,31.3792355,14.027789000000002,0.0,-0.027818679498536846,0.0
546.7000000000558,31.503509700000002,14.083344600000002,0.0,-0.00015154802441189608,0.553342629482499
546.8000000000558,31.4413726,14.055566800000001,0.0,-0.014068281491336019,-0.27833466933848244
546.9000000000558,31.3792355,14.027789000000002,0.0,-0.02795718149134819,-0.2777780000002434
547.0000000000558,31.4413726,14.055566800000001,0.0,-0.014054378688552504,0.27805605605591366
547.1000000000558,31.4413726,14.055566800000001,0.0,-0.014054378688552504,0.0
547.2000000000559,31.4413726,14.055566800000001,0.0,-0.014054378688552504,0.0
547.3000000000559,31.4413726,14.055566800000001,0.0,-0.0002893638223512185,0.0
547.4000000000559,31.4413726,14.055566800000001,0.0,-0.014318555741553107,0.0
547.5000000000559,31.3792355,14.027789000000002,0.0,-0.0003741277806590448,-0.27722355289396383
547.600000000056,31.4413726,14.055566800000001,0.0,-0.014207249065795041,0.278893574297153
547.700000000056,31.4413726,14.055566800000001,0.0,-0.014207249065795041,0.0
547.800000000056,31.3170984,14.000011200000001,0.0,-0.01426291599968046,-0.5566693386775813
547.900000000056,31.3792355,14.027789000000002,0.0,-0.00040173835496565556,0.27722355289429607
548.000000000056,31.4413726,14.055566800000001,0.0,-0.0002506227268813527,0.2777779999999276
548.1000000000561,31.4413726,14.055566800000001,0.0,0.01376441259097592,0.0
548.2000000000561,31.3792355,14.027789000000002,0.0,-0.0001244874090362502,-0.2777780000002434
548.3000000000561,31.3170984,14.000011200000001,0.0,-0.013999512384061979,-0.2775004995005146
548.4000000000561,31.3170984,14.000011200000001,0.0,-0.013999512384061979,0.0
548.5000000000562,31.3170984,14.000011200000001,0.0,-0.013999512384061979,0.0
548.6000000000562,31.3170984,14.000011200000001,0.0,-0.013999512384061979,0.0
548.7000000000562,31.3170984,14.000011200000001,0.0,-0.04166664385818693,0.0
548.8000000000562,31.4413726,14.055566800000001,0.0,2.788960873084112e-05,0.5555559999998729
548.9000000000563,31.3792355,14.027789000000002,0.0,2.788960874662849e-05,-0.2777779999999276
549.0000000000563,31.4413726,14.055566800000001,0.0,-2.7555267820922323e-05,0.27694715852456264
549.1000000000563,31.3170984,14.000011200000001,0.0,-0.028171222947656494,-0.5628733535967114
549.2000000000563,31.3792355,14.027789000000002,0.0,-0.014433438575758985,0.27475568743795015
549.3000000000563,31.3792355,14.027789000000002,0.0,-0.014433438575758985,0.0
549.4000000000564,31.254961299999998,13.9722334,0.0,-0.04212815442818563,-0.5538943170485329
549.5000000000564,31.254961299999998,13.9722334,0.0,-0.02826697678348744,0.0
549.6000000000564,31.3792355,14.027789000000002,0.0,-0.014433855498350556,0.5555559999998907
549.7000000000564,31.3170984,14.000011200000001,0.0,-0.028308880473376284,-0.2775004995005146
549.8000000000565,31.254961299999998,13.9722334,0.0,-0.014378216342309616,-0.27805605605624784
549.9000000000565,31.3170984,14.000011200000001,0.0,-0.014350493987027146,0.27777799999994535
550.0000000000565,31.4413726,14.055566800000001,0.0,-0.00046159398702988463,0.5555559999998729
550.1000000000565,31.254961299999998,13.9722334,0.0,-0.04208666891210618,-0.832501498501526
550.2000000000565,31.254961299999998,13.9722334,0.0,-0.028197768912094013,0.0
550.3000000000566,31.3170984,14.000011200000001,0.0,-0.00043384393707101567,0.27777799999994535
550.4000000000566,31.3170984,14.000011200000001,0.0,-0.00043384393707101567,0.0
550.5000000000566,31.3792355,14.027789000000002,0.0,0.013455056062926251,0.27777799999994535
550.6000000000566,31.3792355,14.027789000000002,0.0,0.013455056062926251,0.0
550.7000000000567,31.254961299999998,13.9722334,0.0,-0.014350549542698533,-0.5561121121124957
550.8000000000567,31.3792355,14.027789000000002,0.0,-0.014350549542697644,0.5555559999998907
550.9000000000567,31.3170984,14.000011200000001,0.0,-0.014350549542698526,-0.27777799999994535
551.0000000000567,31.254961299999998,13.9722334,0.0,-0.04221294278678482,-0.2803007063571633
551.1000000000568,31.254961299999998,13.9722334,0.0,-0.014069275106949252,0.0
551.2000000000568,31.3170984,14.000011200000001,0.0,-0.013918159478833705,0.27777800000026115
551.3000000000568,31.3170984,14.000011200000001,0.0,-0.013918159478833705,0.0
551.4000000000568,31.254961299999998,13.9722334,0.0,-0.00011234362640432926,-0.27777799999994535
551.5000000000568,31.3170984,14.000011200000001,0.0,0.0137626813486214,0.2775004995005146
551.6000000000569,31.3170984,14.000011200000001,0.0,-0.014015118651373138,0.0
551.7000000000569,31.3170984,14.000011200000001,0.0,-0.00014009367634740532,0.0
551.8000000000569,31.3170984,14.000011200000001,0.0,0.013762709126464986,0.0
551.9000000000569,31.3170984,14.000011200000001,0.0,-0.00012619087353228086,0.0
552.000000000057,31.1928242,13.944455600000001,0.0,-0.055709596479118176,-0.5561121121118451
552.100000000057,31.254961299999998,13.9722334,0.0,-0.00019562155404550253,0.2777779999999276
552.200000000057,31.1928242,13.944455600000001,0.0,-0.014084521554057672,-0.2777780000002434
552.300000000057,31.254961299999998,13.9722334,0.0,-0.014126063627842498,0.2769471585242487
552.400000000057,31.1928242,13.944455600000001,0.0,-0.02800108860286734,-0.2775004995004968
552.5000000000571,31.1928242,13.944455600000001,0.0,-0.041889988602864615,0.0
552.6000000000571,31.3170984,14.000011200000001,0.0,-0.014167633313435896,0.5544471057885744
552.7000000000571,31.3170984,14.000011200000001,0.0,0.013637972292188891,0.0
552.8000000000571,31.1928242,13.944455600000001,0.0,-0.041834543560231405,-0.5538943170485152
552.9000000000572,31.254961299999998,13.9722334,0.0,-0.014166972925305157,0.27557341269857955
553.0000000000572,31.1928242,13.944455600000001,0.0,-0.014195314756071362,-0.28086754297248734
553.1000000000572,31.1928242,13.944455600000001,0.0,-0.014195314756071362,0.0
553.2000000000572,31.1928242,13.944455600000001,0.0,-0.028084214756084424,0.0
553.3000000000573,31.3170984,14.000011200000001,0.0,-0.00027860915046052926,0.5561121121124779
553.4000000000573,31.1928242,13.944455600000001,0.0,-0.014139759100513826,-0.5550009990010114
553.5000000000573,31.1928242,13.944455600000001,0.0,-0.028014784075539555,0.0
553.6000000000573,31.254961299999998,13.9722334,0.0,-0.014111981272743873,0.27805605605591366
553.7000000000573,31.3170984,14.000011200000001,0.0,-0.0002230812727308157,0.27777800000026115
553.8000000000574,31.254961299999998,13.9722334,0.0,-0.014084258917429893,-0.27722355289398154
553.9000000000574,31.254961299999998,13.9722334,0.0,-0.014084258917429893,0.0
554.0000000000574,31.3170984,14.000011200000001,0.0,0.027708154341741887,0.27973615307159055
554.1000000000574,31.254961299999998,13.9722334,0.0,1.3190723468484155e-05,-0.2761212723655405
554.2000000000575,31.254961299999998,13.9722334,0.0,0.01390209072348066,0.0
554.3000000000575,31.254961299999998,13.9722334,0.0,5.4732797268217114e-05,0.0
554.4000000000575,31.3170984,14.000011200000001,0.0,0.027832560575089628,0.2780560560559314
554.5000000000575,31.3170984,14.000011200000001,0.0,0.027832560575089628,0.0
554.6000000000575,31.254961299999998,13.9722334,0.0,-0.011492885775317502,-0.23206182121956825
554.7000000000576,31.1928242,13.944455600000001,0.0,-0.02538178577532967,-0.2777780000002434
554.8000000000576,31.254961299999998,13.9722334,0.0,0.016201830077092465,0.2777779999999276
554.9000000000576,31.254961299999998,13.9722334,0.0,0.002423159442163492,0.0
555.0000000000576,31.254961299999998,13.9722334,0.0,0.016466536590787857,0.0
555.1000000000577,31.1928242,13.944455600000001,0.0,0.002577636590791477,-0.2777779999999276
555.2000000000577,31.1928242,13.944455600000001,0.0,0.002577636590791477,0.0
555.3000000000577,31.1928242,13.944455600000001,0.0,-0.02522796901483242,0.0
555.4000000000577,31.130687100000003,13.916677800000002,0.0,-0.011366819064778228,-0.2777779999999276
555.5000000000578,31.1928242,13.944455600000001,0.0,0.0025082059102466137,0.2775004995004968
555.6000000000578,31.254961299999998,13.9722334,0.0,0.0025082059102466137,0.27805605605591366
555.7000000000578,31.1928242,13.944455600000001,0.0,-0.025269594089778614,-0.2777780000002434
555.8000000000578,31.1928242,13.944455600000001,0.0,-0.01140841644507953,0.0
555.9000000000578,31.254961299999998,13.9722334,0.0,0.002383937080248133,0.27584707050655327
556.0000000000579,31.254961299999998,13.9722334,0.0,-0.011602870573331401,0.0
556.1000000000579,31.254961299999998,13.9722334,0.0,0.0022031930449456284,0.0
556.2000000000579,31.254961299999998,13.9722334,0.0,0.0022031930449456284,0.0
556.3000000000579,31.1928242,13.944455600000001,0.0,-0.011699609757865876,-0.27805605605623007
556.400000000058,31.1928242,13.944455600000001,0.0,-0.025602412560662445,0.0
556.500000000058,31.254961299999998,13.9722334,0.0,-0.011713512560666068,0.2777779999999276
556.600000000058,31.130687100000003,13.916677800000002,0.0,-0.027916027105279018,-0.5561121121118273
556.700000000058,31.254961299999998,13.9722334,0.0,0.013750672894757487,0.5555560000004868
556.800000000058,31.3170984,14.000011200000001,0.0,0.013750672894758375,0.27777799999994535
556.9000000000581,31.3170984,14.000011200000001,0.0,0.013750672894758375,0.0
557.0000000000581,31.1928242,13.944455600000001,0.0,-0.014110711257703329,-0.5572276830492341
557.1000000000581,31.254961299999998,13.9722334,0.0,0.013667088742289429,0.2777779999999276
557.2000000000581,31.254961299999998,13.9722334,0.0,0.013667088742289429,0.0
557.3000000000582,31.254961299999998,13.9722334,0.0,0.013667088742289429,0.0
557.4000000000582,31.254961299999998,13.9722334,0.0,0.02755598874228581,0.0
557.5000000000582,31.1928242,13.944455600000001,0.0,-7.042237135256035e-05,-0.27502772277227056
557.6000000000582,31.130687100000003,13.916677800000002,0.0,-0.02784825014917308,-0.2775004995004968
557.7000000000583,31.130687100000003,13.916677800000002,0.0,-0.013959350149160919,0.0
557.8000000000583,31.254961299999998,13.9722334,0.0,0.01381844985083184,0.5555559999998552
557.9000000000583,31.130687100000003,13.916677800000002,0.0,-0.027723953624545505,-0.5550009990009936
558.0000000000583,31.130687100000003,13.916677800000002,0.0,-0.027723953624545505,0.0
558.1000000000583,31.254961299999998,13.9722334,0.0,8.165198104586047e-05,0.5561121121118273
558.2000000000584,31.254961299999998,13.9722334,0.0,8.165198104586047e-05,0.0
558.3000000000584,31.130687100000003,13.916677800000002,0.0,-0.013793345216135391,-0.5555559999998552
558.4000000000584,31.130687100000003,13.916677800000002,0.0,-0.013793345216135391,0.0
558.5000000000584,31.1928242,13.944455600000001,0.0,-0.013807220241106932,0.2775004995004968
558.6000000000585,31.254961299999998,13.9722334,0.0,0.027901188167280117,0.27805605605591366
558.7000000000585,31.130687100000003,13.916677800000002,0.0,-0.027654411832768556,-0.5555560000004868
558.8000000000585,31.1928242,13.944455600000001,0.0,-0.027668286857740986,0.2775004995004968
558.9000000000585,31.254961299999998,13.9722334,0.0,-0.013765484054945303,0.27805605605591366
559.0000000000585,31.254961299999998,13.9722334,0.0,0.014095900097516403,0.0
559.1000000000586,31.130687100000003,13.916677800000002,0.0,-0.027598605508071344,-0.5561121121118273
559.2000000000586,31.254961299999998,13.9722334,0.0,0.000234861425806826,0.5566693386775634
559.3000000000586,31.254961299999998,13.9722334,0.0,0.000234861425806826,0.0
559.4000000000586,31.254961299999998,13.9722334,0.0,0.000234861425806826,0.0
559.5000000000587,31.254961299999998,13.9722334,0.0,0.013986247564420356,0.0
559.6000000000587,31.254961299999998,13.9722334,0.0,0.027861272539445196,0.0
559.7000000000587,31.130687100000003,13.916677800000002,0.0,0.00030393126958724317,-0.5511468253971591
559.8000000000587,31.1928242,13.944455600000001,0.0,-0.013584968730409135,0.2777779999999276
559.9000000000588,31.130687100000003,13.916677800000002,0.0,0.0002761812196441671,-0.2777779999999276
560.0000000000588,31.068550000000002,13.888900000000001,0.0,-0.013612718780353101,-0.27777799999994535
560.1000000000588,31.254961299999998,13.9722334,0.0,0.0002483756140455595,0.8333339999998005
560.2000000000588,31.130687100000003,13.916677800000002,0.0,-0.02752942438597878,-0.5555560000004868
560.3000000000588,31.068550000000002,13.888900000000001,0.0,-0.013640524385983288,-0.27777799999994535
560.4000000000589,31.254961299999998,13.9722334,0.0,0.028362197388211375,0.8400544354838932
560.5000000000589,31.1928242,13.944455600000001,0.0,0.0007221575469861296,-0.27530029732400807
560.6000000000589,31.1928242,13.944455600000001,0.0,-0.013180645255809554,0.0
560.7000000000589,31.130687100000003,13.916677800000002,0.0,0.000708254744202616,-0.2777780000002434
560.800000000059,31.1928242,13.944455600000001,0.0,0.000722129769174154,0.2777779999999276
560.900000000059,31.068550000000002,13.888900000000001,0.0,-0.040958473033615175,-0.5555559999998729
561.000000000059,31.1928242,13.944455600000001,0.0,-0.013263757181158025,0.553894317049143
561.100000000059,31.254961299999998,13.9722334,0.0,0.028472540500647868,0.2786138415242905
561.200000000059,31.130687100000003,13.916677800000002,0.0,-0.027138726433254646,-0.5555560000004868
561.3000000000591,31.1928242,13.944455600000001,0.0,-0.013249826433258265,0.2777779999999276
561.4000000000591,31.130687100000003,13.916677800000002,0.0,-0.027111004077972185,-0.27722355289427836
561.5000000000591,31.1928242,13.944455600000001,0.0,-0.01319427061104895,0.2783346693384647
561.6000000000591,31.1928242,13.944455600000001,0.0,-0.01319427061104895,0.0
561.7000000000592,31.1928242,13.944455600000001,0.0,0.014363070658809004,0.0
561.8000000000592,31.1928242,13.944455600000001,0.0,0.00047417065881263096,0.0
561.9000000000592,31.1928242,13.944455600000001,0.0,0.014363070658809004,0.0
562.0000000000592,31.1928242,13.944455600000001,0.0,0.02825197065880628,0.0
562.1000000000593,31.130687100000003,13.916677800000002,0.0,-0.027275906985897668,-0.27722355289427836
562.2000000000593,31.130687100000003,13.916677800000002,0.0,0.0005018930141266725,0.0
562.3000000000593,31.068550000000002,13.888900000000001,0.0,0.00046010093789263797,-0.278613841524626
562.4000000000593,31.130687100000003,13.916677800000002,0.0,-0.027653720836304758,0.27777799999994535
562.5000000000593,31.068550000000002,13.888900000000001,0.0,-0.027777605970101614,-0.27777799999994535
562.6000000000594,31.1928242,13.944455600000001,0.0,-2.755602005104496e-05,0.5550009990010114
562.7000000000594,31.068550000000002,13.888900000000001,0.0,-0.013944261625662776,-0.5561121121124779
562.8000000000594,31.068550000000002,13.888900000000001,0.0,-0.02783316162565915,0.0
562.9000000000594,31.1928242,13.944455600000001,0.0,0.02772243837432814,0.5555559999998729
563.0000000000595,31.1928242,13.944455600000001,0.0,2.772252187098756e-05,0.0
563.1000000000595,31.068550000000002,13.888900000000001,0.0,-0.04168076955433718,-0.5555559999998729
563.2000000000595,31.068550000000002,13.888900000000001,0.0,-0.013902969554312847,0.0
563.3000000000595,31.1928242,13.944455600000001,0.0,-1.406955431557666e-05,0.5555559999998729
563.4000000000595,31.068550000000002,13.888900000000001,0.0,-0.013930691909595307,-0.5555559999998729
563.5000000000596,31.068550000000002,13.888900000000001,0.0,-0.02784742537651854,0.0
563.6000000000596,31.1928242,13.944455600000001,0.0,-0.0001527095240613896,0.553894317049143
563.7000000000596,31.1928242,13.944455600000001,0.0,-0.0001527095240613896,0.0
563.8000000000596,31.068550000000002,13.888900000000001,0.0,-0.027930509524055035,-0.5555559999998729
563.9000000000597,31.068550000000002,13.888900000000001,0.0,-0.027930509524055035,0.0
564.0000000000597,31.1928242,13.944455600000001,0.0,-0.0001527095240613896,0.5555559999998729
564.1000000000597,31.1928242,13.944455600000001,0.0,0.013708468120652528,0.0
564.2000000000597,31.130687100000003,13.916677800000002,0.0,-0.0001943346821589753,-0.27805605605623007
564.3000000000598,31.1928242,13.944455600000001,0.0,0.0276252573940687,0.2777779999999276
564.4000000000598,31.068550000000002,13.888900000000001,0.0,-0.014041442605922211,-0.5555559999998729
564.5000000000598,31.068550000000002,13.888900000000001,0.0,-0.0001525426059249435,0.0
564.6000000000598,31.1928242,13.944455600000001,0.0,-9.698695038325988e-05,0.5561121121118451
564.7000000000598,31.068550000000002,13.888900000000001,0.0,1.3902802783483103e-05,-0.553894317049143
564.8000000000599,31.068550000000002,13.888900000000001,0.0,1.3902802783483103e-05,0.0
564.9000000000599,31.130687100000003,13.916677800000002,0.0,-0.013874997197212895,0.27777799999994535
565.0000000000599,31.068550000000002,13.888900000000001,0.0,-0.027763897197210164,-0.27777799999994535
565.1000000000599,31.068550000000002,13.888900000000001,0.0,1.3902802783483103e-05,0.0
565.20000000006,31.068550000000002,13.888900000000001,0.0,1.3902802783483103e-05,0.0
565.30000000006,31.130687100000003,13.916677800000002,0.0,-0.01399888233100888,0.27530029732402567
565.40000000006,31.1928242,13.944455600000001,0.0,0.027667817668981142,0.2777779999999276
565.50000000006,31.0064129,13.8611222,0.0,-0.01399888233100977,-0.8333339999998183
565.60000000006,31.1928242,13.944455600000001,0.0,-2.6898183476004035e-05,0.8333339999998183
565.7000000000601,31.068550000000002,13.888900000000001,0.0,-0.028085282021878884,-0.5611676767680576
565.8000000000601,31.068550000000002,13.888900000000001,0.0,-0.00030748202188524143,0.0
565.9000000000601,31.130687100000003,13.916677800000002,0.0,0.013553695622829562,0.27722355289429607
566.0000000000601,31.068550000000002,13.888900000000001,0.0,-0.0281408378440882,-0.27833466933848244
566.1000000000602,31.068550000000002,13.888900000000001,0.0,-0.0281408378440882,0.0
566.2000000000602,31.130687100000003,13.916677800000002,0.0,-0.0003491350412636457,0.27777800000026115
566.3000000000602,31.068550000000002,13.888900000000001,0.0,-0.028126935041257285,-0.27777799999994535
566.4000000000602,31.0064129,13.8611222,0.0,-0.014224160016289376,-0.2775004995005146
566.5000000000603,31.130687100000003,13.916677800000002,0.0,0.013862594280961153,0.5617350859450105
566.6000000000603,31.130687100000003,13.916677800000002,0.0,-0.013943011324631095,0.0
566.7000000000603,31.0064129,13.8611222,0.0,-0.014026095472200064,-0.5555560000005223
566.8000000000603,31.068550000000002,13.888900000000001,0.0,-0.00013719547220279737,0.27777799999994535
566.9000000000603,31.130687100000003,13.916677800000002,0.0,-0.0001371954722027946,0.27777799999994535
567.0000000000604,31.068550000000002,13.888900000000001,0.0,-0.00013719547220279737,-0.27777799999994535
567.1000000000604,31.0064129,13.8611222,0.0,-0.014166387391404684,-0.2805838383840377
567.2000000000604,31.130687100000003,13.916677800000002,0.0,0.013336384885824133,0.5500554455445763
567.3000000000604,31.0064129,13.8611222,0.0,-0.028206429980371685,-0.5555559999998907
567.4000000000605,31.0064129,13.8611222,0.0,-0.042095329980368065,0.0
567.5000000000605,31.130687100000003,13.916677800000002,0.0,0.027349170019617387,0.5555559999998907
567.6000000000605,31.068550000000002,13.888900000000001,0.0,-0.0283325652982317,-0.2803007063571633
567.7000000000605,31.0064129,13.8611222,0.0,-0.014039196326045607,-0.27530029732433586
567.8000000000605,31.130687100000003,13.916677800000002,0.0,0.013683158963352546,0.5544471057879631
567.9000000000606,31.068550000000002,13.888900000000001,0.0,-0.014094752148302228,-0.2783346693387995
568.0000000000606,31.0064129,13.8611222,0.0,-0.01405304365640384,-0.2775004995005146
568.1000000000606,31.130687100000003,13.916677800000002,0.0,0.013752561949189302,0.5561121121118628
568.2000000000606,31.0064129,13.8611222,0.0,-0.027886388000875208,-0.5550009990010292
568.3000000000607,31.0064129,13.8611222,0.0,-0.013997488000877948,0.0
568.4000000000607,31.130687100000003,13.916677800000002,0.0,0.027655336974142308,0.5555559999998907
568.5000000000607,31.130687100000003,13.916677800000002,0.0,-0.0004314173231082075,0.0
568.6000000000607,31.0064129,13.8611222,0.0,-0.02793418960033702,-0.5500554455445763
568.7000000000608,30.9442758,13.8333444,0.0,-0.014059192403123305,-0.27805605605624784
568.8000000000608,31.130687100000003,13.916677800000002,0.0,0.01371860759687123,0.833333999999836
568.9000000000608,31.130687100000003,13.916677800000002,0.0,-0.00017029240312602668,0.0
569.0000000000608,31.068550000000002,13.888900000000001,0.0,-8.74560214214004e-05,-0.2761212723658526
569.1000000000608,31.130687100000003,13.916677800000002,0.0,0.02797092781696626,0.28058383838371553
569.2000000000609,31.0064129,13.8611222,0.0,-0.027171446450310145,-0.5527920398009519
569.3000000000609,31.068550000000002,13.888900000000001,0.0,0.014537045625915684,0.278613841524626
569.4000000000609,31.130687100000003,13.916677800000002,0.0,0.028439848428712257,0.2780560560559314
569.5000000000609,31.0064129,13.8611222,0.0,-0.02703266742374031,-0.5538943170491607
569.600000000061,31.0064129,13.8611222,0.0,-0.013017632105882146,0.0
569.700000000061,31.130687100000003,13.916677800000002,0.0,0.028359509996919913,0.5522425447317052
569.800000000061,31.0064129,13.8611222,0.0,-0.03270954397194771,-0.6669339735893892
569.900000000061,31.0064129,13.8611222,0.0,-0.01879281050500773,0.0
570.000000000061,31.068550000000002,13.888900000000001,0.0,0.008971114470015269,0.27777799999994535
570.1000000000611,31.130687100000003,13.916677800000002,0.0,-0.00505582050066356,0.2755734126982864
570.2000000000611,31.0064129,13.8611222,0.0,-0.005083570550638211,-0.5555560000005223
570.3000000000611,30.9442758,13.8333444,0.0,-0.01897247055063548,-0.27777799999994535
570.4000000000611,31.130687100000003,13.916677800000002,0.0,-0.005083570550638216,0.833333999999836
570.5000000000612,31.0064129,13.8611222,0.0,-0.03314195438900977,-0.5611676767674311
570.6000000000612,31.0064129,13.8611222,0.01,-0.0056391821117809495,0.0
570.7000000000612,31.130687100000003,13.916677800000002,0.01,0.03604142069105755,0.5555560000005223
570.8000000000612,31.0064129,13.8611222,0.01,-0.03340307930892879,-0.5555559999998907
570.9000000000613,30.9442758,13.8333444,0.01,-0.047278104283954514,-0.2775004995005146
571.0000000000613,31.068550000000002,13.888900000000001,0.01,-0.0056664350600687365,0.5561121121118628
571.1000000000613,31.0064129,13.8611222,0.01,-0.03358452697925178,-0.27777799999994535
571.2000000000613,30.9442758,13.8333444,0.01,-0.019833824989217243,-0.27777800000026115
571.3000000000613,31.068550000000002,13.888900000000001,0.01,-0.0060144671153970816,0.5550009990010292
571.4000000000614,31.130687100000003,13.916677800000002,0.01,-0.006028369918196391,0.27777799999994535
571.5000000000614,31.0064129,13.8611222,0.01,-0.006139259671331496,-0.5561121121118628
571.6000000000614,30.9442758,13.8333444,0.01,-0.0200004373160463,-0.27722355289429607
571.7000000000614,31.130687100000003,13.916677800000002,0.01,-0.00590415614424184,0.8341681681677943
571.8000000000615,31.068550000000002,13.888900000000001,0.01,0.01353973973241523,-0.27805605605624784
571.9000000000615,31.130687100000003,13.916677800000002,0.01,0.027428639732412496,0.27777799999994535
572.0000000000615,31.0064129,13.8611222,0.01,-0.014182615557014378,-0.5544471057885921
572.1000000000615,31.0064129,13.8611222,0.01,-0.027961286191928704,0.0
572.2000000000616,31.130687100000003,13.916677800000002,0.01,0.02759431380812353,0.5555560000005223
572.3000000000616,31.0064129,13.8611222,0.01,0.013705413808126255,-0.5555559999998907
572.4000000000616,31.130687100000003,13.916677800000002,0.01,-0.0001834861918710018,0.5555559999998907
572.5000000000616,31.068550000000002,13.888900000000001,0.01,0.013999872671474822,-0.2775004995005146
572.6000000000616,31.068550000000002,13.888900000000001,0.01,0.013999872671474822,0.0
572.7000000000617,31.130687100000003,13.916677800000002,0.01,0.00011097267146176482,0.27777800000026115
572.8000000000617,31.068550000000002,13.888900000000001,0.01,0.01402759502675722,-0.27722355289398154
572.9000000000617,31.0064129,13.8611222,0.01,0.013985886534842975,-0.2783346693387995
573.0000000000617,31.1928242,13.944455600000001,0.01,0.02784698092924075,0.8333339999998183
573.1000000000618,31.068550000000002,13.888900000000001,0.01,0.01395808092924437,-0.5555559999998729
573.2000000000618,31.068550000000002,13.888900000000001,0.01,0.027846980929257425,0.0
573.3000000000618,31.130687100000003,13.916677800000002,0.01,0.013971955954231697,0.2775004995005146
573.4000000000618,31.068550000000002,13.888900000000001,0.01,-0.01379196902079131,-0.2775004995005146
573.5000000000618,31.0064129,13.8611222,0.01,0.0001247365848045745,-0.27777799999994535
573.6000000000619,31.130687100000003,13.916677800000002,0.01,0.04181938116336762,0.5566693386769649
573.7000000000619,31.1928242,13.944455600000001,0.01,0.013999872754990076,0.2777780000002434
573.8000000000619,31.0064129,13.8611222,0.01,-0.013764024442188444,-0.8333339999998183
573.9000000000619,31.0064129,13.8611222,0.01,-0.02765292444218571,0.0
574.000000000062,31.1928242,13.944455600000001,0.01,0.04215700660480032,0.8417515151511287
574.100000000062,31.068550000000002,13.888900000000001,0.01,0.014708587632454473,-0.5489683794469169
574.200000000062,31.130687100000003,13.916677800000002,0.01,0.0008475210993683452,0.2783346693387995
574.300000000062,31.068550000000002,13.888900000000001,0.01,0.014736421099365609,-0.27777799999994535
574.400000000062,31.068550000000002,13.888900000000001,0.01,-0.013041378900628921,0.0
574.5000000000621,31.130687100000003,13.916677800000002,0.01,0.014722546074394069,0.27777799999994535
574.6000000000621,31.130687100000003,13.916677800000002,0.01,0.014722546074394069,0.0
574.7000000000621,31.068550000000002,13.888900000000001,0.01,-0.013083087392543108,-0.27833466933848244
574.8000000000621,31.068550000000002,13.888900000000001,0.01,0.0007780902521559718,0.0
574.9000000000622,31.130687100000003,13.916677800000002,0.01,0.028556001363810746,0.27722355289429607
575.0000000000622,31.1928242,13.944455600000001,0.01,0.0008060348307430687,0.2783346693384647
575.1000000000622,31.068550000000002,13.888900000000001,0.01,0.0008337848806861447,-0.5550009990010114
575.2000000000622,31.068550000000002,13.888900000000001,0.01,0.0008337848806861447,0.0
575.3000000000623,31.1928242,13.944455600000001,0.01,0.014736559905654057,0.5555559999998729
575.4000000000623,31.068550000000002,13.888900000000001,0.01,0.0008337848806861447,-0.5555559999998729
575.5000000000623,31.068550000000002,13.888900000000001,0.01,0.014722684880683411,0.0
575.6000000000623,31.1928242,13.944455600000001,0.01,0.014667017946828809,0.5555559999998729
575.7000000000623,31.068550000000002,13.888900000000001,0.01,-0.026999682053208584,-0.5555560000005045
575.8000000000624,31.130687100000003,13.916677800000002,0.01,0.028555917946779596,0.27777799999994535
575.9000000000624,31.1928242,13.944455600000001,0.01,0.042417095591493516,0.27722355289427836
576.0000000000624,31.068550000000002,13.888900000000001,0.01,-0.027503947099910275,-0.5566693386769471
576.1000000000624,31.130687100000003,13.916677800000002,0.01,0.01377803760949849,0.2766713147412584
576.2000000000625,31.1928242,13.944455600000001,0.01,0.013805982857416164,0.278893574297153
576.3000000000625,31.130687100000003,13.916677800000002,0.01,0.013805982857417048,-0.2777779999999276
576.4000000000625,31.068550000000002,13.888900000000001,0.01,-8.291714258021888e-05,-0.27777799999994535
576.5000000000625,31.1928242,13.944455600000001,0.01,0.01372289870987967,0.553894317049143
576.6000000000626,31.1928242,13.944455600000001,0.01,0.01372289870987967,0.0
576.7000000000626,31.068550000000002,13.888900000000001,0.01,0.00010960244437108191,-0.5506005946486542
576.8000000000626,31.1928242,13.944455600000001,0.01,0.028167986282741735,0.5611676767674131
576.9000000000626,31.1928242,13.944455600000001,0.01,0.014306808638026932,0.0
577.0000000000626,31.068550000000002,13.888900000000001,0.01,-0.027415530434488557,-0.5561121121118451
577.1000000000627,31.068550000000002,13.888900000000001,0.01,0.0003345195155620151,0.0
577.2000000000627,31.1928242,13.944455600000001,0.01,0.028112319515587243,0.5555560000005045
577.3000000000627,31.068550000000002,13.888900000000001,0.01,-0.02733261195850003,-0.5533426294818725
577.4000000000627,31.1928242,13.944455600000001,0.01,0.028334545471209803,0.5577871485943238
577.5000000000628,31.068550000000002,13.888900000000001,0.01,0.0006398296187526519,-0.553894317049143
577.6000000000628,31.130687100000003,13.916677800000002,0.01,-0.013290612455027672,0.27694715852426643
577.7000000000628,31.068550000000002,13.888900000000001,0.01,0.0005144511264784657,-0.27945472837038177
577.8000000000628,31.1928242,13.944455600000001,0.01,0.014403351126474844,0.5555559999998729
577.9000000000628,31.130687100000003,13.916677800000002,0.01,-0.013346726518235453,-0.2777779999999276
578.0000000000629,31.130687100000003,13.916677800000002,0.01,0.014486740415611904,0.0
578.1000000000629,31.1928242,13.944455600000001,0.01,0.014569908145472219,0.2783346693384647
578.2000000000629,31.130687100000003,13.916677800000002,0.01,-0.0132636705693976,-0.2777780000002434
578.3000000000629,31.068550000000002,13.888900000000001,0.01,-0.013263670569398488,-0.27777799999994535
578.400000000063,31.1928242,13.944455600000001,0.01,0.02840302943059243,0.5555559999998729
578.500000000063,31.1928242,13.944455600000001,0.01,0.0007083135781352723,0.0
578.600000000063,31.1928242,13.944455600000001,0.01,0.0007083135781352723,0.0
578.700000000063,31.1928242,13.944455600000001,0.01,0.02823834331056798,0.0
578.800000000063,31.130687100000003,13.916677800000002,0.01,-0.013722843330614177,-0.27805605605623007
578.9000000000631,31.1928242,13.944455600000001,0.01,0.00016605666938220297,0.2777779999999276
579.0000000000631,31.1928242,13.944455600000001,0.01,0.02797166227497446,0.0
579.1000000000631,31.254961299999998,13.9722334,0.01,0.04186056227497084,0.2777779999999276
579.2000000000631,31.254961299999998,13.9722334,0.01,0.01408276227494561,0.0
579.3000000000632,31.130687100000003,13.916677800000002,0.01,0.014247121471812185,-0.5500554455445411
579.4000000000632,31.068550000000002,13.888900000000001,0.01,-0.02754503876070058,-0.2780560560559314
579.5000000000632,31.254961299999998,13.9722334,0.01,0.04140383550759804,0.8250831683168293
579.6000000000632,31.130687100000003,13.916677800000002,0.01,-0.0007593226224749727,-0.5663160040771937
579.7000000000633,31.254961299999998,13.9722334,0.01,0.04074344352847594,0.5506005946486365
579.8000000000633,31.254961299999998,13.9722334,0.01,0.012965643528482295,0.0
579.9000000000633,31.130687100000003,13.916677800000002,0.01,-0.0008401723239461978,-0.5538943170484975
580.0000000000633,31.130687100000003,13.916677800000002,0.01,-0.0008401723239461978,0.0
580.1000000000633,31.254961299999998,13.9722334,0.01,0.013076561142977039,0.5566693386769294
580.2000000000634,31.130687100000003,13.916677800000002,0.01,-0.0008123388570351331,-0.5555560000004868
580.3000000000634,31.130687100000003,13.916677800000002,0.01,0.013076561142962134,0.0
580.4000000000634,31.130687100000003,13.916677800000002,0.01,-0.014701238857031512,0.0
580.5000000000634,31.1928242,13.944455600000001,0.01,-0.0008123388570351331,0.2777779999999276
580.6000000000635,31.130687100000003,13.916677800000002,0.01,-0.014701238857031512,-0.2777779999999276
580.7000000000635,31.1928242,13.944455600000001,0.01,-0.0007984360542200086,0.27805605605623007
580.8000000000635,31.254961299999998,13.9722334,0.01,0.026993266748587874,0.2777779999999276
580.9000000000635,31.1928242,13.944455600000001,0.01,-0.0007845332514048841,-0.2777779999999276
581.0000000000636,31.130687100000003,13.916677800000002,0.01,-0.014673433251401264,-0.2777779999999276
581.1000000000636,31.130687100000003,13.916677800000002,0.01,-0.02856233325139764,0.0
581.2000000000636,31.1928242,13.944455600000001,0.01,-0.014687308276372801,0.2775004995004968
581.3000000000636,31.1928242,13.944455600000001,0.01,0.012815464000854255,0.0
581.4000000000636,31.254961299999998,13.9722334,0.01,0.040607166803647204,0.2777779999999276
581.5000000000637,31.1928242,13.944455600000001,0.01,-0.0145220165872191,-0.2775004995004968
581.6000000000637,31.254961299999998,13.9722334,0.01,0.02769658641943627,0.27805605605591366
581.7000000000637,31.254961299999998,13.9722334,0.01,0.00016655668700444327,0.0
581.8000000000637,31.1928242,13.944455600000001,0.01,-0.013862635232180436,-0.2805838383836976
581.9000000000638,31.130687100000003,13.916677800000002,0.01,-2.9097024469482148e-05,-0.27722355289427836
582.0000000000638,31.254961299999998,13.9722334,0.01,0.027776508581121885,0.5561121121118273
582.1000000000638,31.3170984,14.000011200000001,0.01,0.013845844450087807,0.27805605605624784
582.2000000000638,31.1928242,13.944455600000001,0.01,0.0138458444501185,-0.5555559999998729
582.3000000000638,31.130687100000003,13.916677800000002,0.01,-2.9180524906341488e-05,-0.2775004995004968
582.4000000000639,31.3170984,14.000011200000001,0.01,0.041637519475083686,0.8333339999998005
582.5000000000639,31.254961299999998,13.9722334,0.01,0.013859719475090038,-0.27777799999994535
582.6000000000639,31.254961299999998,13.9722334,0.01,0.027748619475086417,0.0
582.7000000000639,31.254961299999998,13.9722334,0.01,0.013845816672274913,0.0
582.800000000064,31.254961299999998,13.9722334,0.01,-4.3083327721465946e-05,0.0
582.900000000064,31.130687100000003,13.916677800000002,0.01,-0.013931983327717844,-0.5555559999998552
583.000000000064,31.1928242,13.944455600000001,0.01,0.013818094316992453,0.27722355289427836
583.100000000064,31.254961299999998,13.9722334,0.01,0.027720897119788136,0.27805605605591366
583.200000000064,31.254961299999998,13.9722334,0.01,0.013845872144763294,0.0
583.3000000000641,31.254961299999998,13.9722334,0.01,0.013845872144763294,0.0
583.4000000000641,31.1928242,13.944455600000001,0.01,-0.013931927855229464,-0.2777779999999276
583.5000000000641,31.1928242,13.944455600000001,0.01,-5.690288020462342e-05,0.0
583.6000000000641,31.3170984,14.000011200000001,0.01,0.01387376125084705,0.5566693386769471
583.7000000000642,31.3170984,14.000011200000001,0.01,0.01387376125084705,0.0
583.8000000000642,31.254961299999998,13.9722334,0.01,0.013986219703091954,-0.2783346693387995
583.9000000000642,31.1928242,13.944455600000001,0.01,0.013972372372781029,-0.2775004995004968
584.0000000000642,31.3170984,14.000011200000001,0.01,0.013972372372781918,0.5561121121118451
584.1000000000643,31.3170984,14.000011200000001,0.01,6.956956996952978e-05,0.0
584.2000000000643,31.1928242,13.944455600000001,0.01,0.0003718008261381411,-0.5495113748765007
584.3000000000643,31.254961299999998,13.9722334,0.01,0.02829020294980349,0.2808675429728102
584.4000000000643,31.254961299999998,13.9722334,0.01,-0.01337649705018654,0.0
584.5000000000643,31.1928242,13.944455600000001,0.01,-0.013225381422101348,-0.2747556874382416
584.6000000000644,31.3170984,14.000011200000001,0.01,0.014833002416269305,0.5611676767674131
584.7000000000644,31.3170984,14.000011200000001,0.01,0.014833002416269305,0.0
584.8000000000644,31.254961299999998,13.9722334,0.01,0.0009441024162562484,-0.27777800000026115
584.9000000000644,31.3170984,14.000011200000001,0.01,0.04261080241624627,0.27777799999994535
585.0000000000645,31.3170984,14.000011200000001,0.01,0.028749624771532357,0.0
585.1000000000645,31.254961299999998,13.9722334,0.01,0.0009856443240218698,-0.27722355289429607
585.2000000000645,31.1928242,13.944455600000001,0.01,-0.012931089142901364,-0.2783346693384647
585.3000000000645,31.3170984,14.000011200000001,0.01,0.014791266146527354,0.5544471057885744
585.4000000000646,31.254961299999998,13.9722334,0.01,0.014763432679583757,-0.2783346693387995
585.5000000000646,31.254961299999998,13.9722334,0.01,0.014763432679583757,0.0
585.6000000000646,31.1928242,13.944455600000001,0.01,-0.027127625347382972,-0.28115182186238746
585.7000000000646,31.3170984,14.000011200000001,0.01,0.0006501746526106744,0.5555559999998729
585.8000000000646,31.1928242,13.944455600000001,0.01,-0.013210891880474576,-0.5555560000005045
585.9000000000647,31.1928242,13.944455600000001,0.01,0.0006641330945502622,0.0
586.0000000000647,31.3170984,14.000011200000001,0.01,0.0006363274889516601,0.5555559999998729
586.1000000000647,31.3170984,14.000011200000001,0.01,0.0006363274889516601,0.0
586.2000000000647,31.1928242,13.944455600000001,0.01,0.0003340962327830488,-0.5555559999998729
586.3000000000648,31.3170984,14.000011200000001,0.01,0.014068519084167763,0.5555560000005045
586.4000000000648,31.3170984,14.000011200000001,0.01,0.014068519084167763,0.0
586.5000000000648,31.3170984,14.000011200000001,0.01,0.027806303456079838,0.0
586.6000000000648,31.3170984,14.000011200000001,0.01,-0.00025208038229081463,0.0
586.7000000000648,31.254961299999998,13.9722334,0.01,-0.014140980382288082,-0.27777799999994535
586.8000000000649,31.254961299999998,13.9722334,0.01,-0.0002520803822750217,0.0
586.9000000000649,31.3170984,14.000011200000001,0.01,-0.0002520803822750217,0.27777799999994535
587.0000000000649,31.3170984,14.000011200000001,0.01,-0.0002520803822750217,0.0
587.1000000000649,31.254961299999998,13.9722334,0.01,-0.00027980273755748574,-0.27777799999994535
587.200000000065,31.254961299999998,13.9722334,0.01,0.013636930729365749,0.0
587.300000000065,31.3792355,14.027789000000002,0.01,0.013692375439963145,0.5555560000005223
587.400000000065,31.254961299999998,13.9722334,0.01,-0.00016869109309141094,-0.5555559999998907
587.500000000065,31.254961299999998,13.9722334,0.01,-0.00016869109309141094,0.0
587.600000000065,31.3170984,14.000011200000001,0.01,0.027875707653607484,0.27973615307159055
587.7000000000651,31.3792355,14.027789000000002,0.01,0.014000710456410412,0.2780560560559314
587.8000000000651,31.254961299999998,13.9722334,0.01,0.014000710456409526,-0.5555560000005223
587.9000000000651,31.254961299999998,13.9722334,0.01,0.014000710456409526,0.0
588.0000000000651,31.3170984,14.000011200000001,0.01,1.581091345737029e-06,0.2755734126985972
588.1000000000652,31.3170984,14.000011200000001,0.01,1.581091345737029e-06,0.0
588.2000000000652,31.3792355,14.027789000000002,0.01,0.04166828109133665,0.27777799999994535
588.3000000000652,31.3170984,14.000011200000001,0.01,1.5810912983665882e-06,-0.27777800000026115
588.4000000000652,31.254961299999998,13.9722334,0.01,-0.0138873189086989,-0.27777799999994535
588.5000000000653,31.3792355,14.027789000000002,0.01,0.013835036380730706,0.5544471057885921
588.6000000000653,31.3792355,14.027789000000002,0.01,0.013835036380730706,0.0
588.7000000000653,31.3792355,14.027789000000002,0.01,0.027723936380727964,0.0
588.8000000000653,31.3792355,14.027789000000002,1.5,0.0,0.0
588.9000000000653,31.3792355,14.027789000000002,1.5,0.0,0.0
589.0000000000654,31.3792355,14.027789000000002,1.5,0.0,0.0
589.1000000000654,31.5656468,14.111122400000001,1.5,0.2091701807228692,0.8366807228914768
589.2000000000654,31.503509700000002,14.083344600000002,1.5,0.11178054457830984,-0.2777779999999276
589.3000000000654,31.8141952,14.222233600000003,1.5,0.32188727858480837,1.372420948617301
589.4000000000655,31.689921000000002,14.166678000000001,1.5,0.1955742896834342,-0.5623036437248109
589.5000000000655,31.9384694,14.2777892,1.5,0.31001650347297316,1.1111119999997459
589.6000000000655,32.1870178,14.3889004,1.5,0.3990271141981701,1.1111119999997459
589.7000000000655,32.311292,14.444456,1.5,0.4146800027783404,0.5555559999998729
589.8000000000656,32.4977033,14.5277894,1.5,0.4527394570712865,0.833334000000748
589.9000000000656,32.6841146,14.611122800000002,1.5,0.48438629385714127,0.8325014985015436
590.0000000000656,32.932663,14.722234000000002,1.5,0.5326815192699528,1.1122242242236902
590.1000000000656,33.1812114,14.8333452,1.5,0.5739979821792225,1.111111999999728
590.2000000000656,33.4918969,14.9722342,1.5,0.628324116700587,1.3888899999996913
590.3000000000657,33.7404453,15.0833454,1.5,0.6584983594068634,1.111112000001009
590.4000000000657,34.051130799999996,15.222234400000001,1.5,0.7014625735593827,1.3888899999996913
590.5000000000657,34.3618163,15.3611234,1.5,0.7394989730544963,1.386117764471427
590.6000000000657,34.796776,15.555568000000001,1.5,0.8031223263342241,1.9483426853693238
590.7000000000658,35.0453244,15.6666792,1.5,0.8184663099176139,1.1100019980020228
590.8000000000658,35.418147,15.833346,1.5,0.9018831267344856,1.6683363363374337
590.9000000000658,35.790969600000004,16.0000128,1.5,0.984967274291763,1.6616829511455455
591.0000000000658,36.039518,16.111124,1.5,1.0406900425966863,1.1144553660984682
591.1000000000658,36.4744777,16.3055686,1.5,1.096078306452091,1.9444459999995642
591.2000000000659,36.7851632,16.444457600000003,1.5,1.1794117064520726,1.388889999999709
591.3000000000659,37.1579858,16.6111244,1.5,1.1938748065785783,1.6616829511474114
591.4000000000659,37.4686713,16.7500134,1.5,1.291504002778799,1.3902802802796037
591.5000000000659,37.841493899999996,16.916680200000002,1.5,1.3194488035804497,1.6700080160327615
591.600000000066,38.0900423,17.0277914,1.5,1.3194488035804497,1.1111119999997459
591.700000000066,38.4007278,17.1666804,1.5,1.3609077932115985,1.3847357926228487
591.800000000066,38.7114133,17.3055694,1.5,1.3887551072255413,1.3902802802796037
591.900000000066,39.0220988,17.444458400000002,1.5,1.4167136996351632,1.39167334669398
592.000000000066,39.3949214,17.6111252,1.5,1.4443526382741294,1.6650029970030165
592.1000000000661,39.7056069,17.750014200000003,1.5,1.4583110522881249,1.3902802802796395
592.2000000000661,40.016292400000005,17.8889032,1.5,1.4582416771632665,1.3875024975025196
592.3000000000661,40.3269779,18.027792200000004,1.5,1.472200091177277,1.3902802802812215
592.4000000000661,40.6376634,18.166681200000003,1.5,1.4722000911772761,1.3888899999996736
592.5000000000662,40.948348900000006,18.305570200000002,1.5,1.472200091177276,1.386117764471427
592.6000000000662,41.259034400000004,18.444459200000004,1.5,1.4443666242434297,1.3916733466923945
592.7000000000662,41.631857000000004,18.611126000000002,1.5,1.4721999243433084,1.666667999999601
592.8000000000662,41.8804054,18.722237200000002,1.5,1.444338707526487,1.111112000001009
592.9000000000663,42.253228,18.888904,1.5,1.4445879599691895,1.666667999999601
593.0000000000663,42.5639135,19.027793000000003,1.5,1.4583096916642515,1.388889999999709
593.1000000000663,42.874599,19.166682,1.5,1.4305318916642573,1.3888899999996736
593.2000000000663,43.1852845,19.305571,1.5,1.4305318916642553,1.3888899999996736
593.3000000000663,43.558107099999994,19.4722378,1.5,1.4307811441069596,1.666668000001496
593.4000000000664,43.8066555,19.583349000000002,1.5,1.4168227300929686,1.1111119999997814
593.5000000000664,44.0552039,19.6944602,1.5,1.3887670398701881,1.1088942115771487
593.6000000000664,44.4280265,19.861127000000003,1.5,1.4164615897203532,1.665002997003052
593.7000000000664,44.738712,20.000016000000002,1.5,1.4168782604702854,1.393069207621488
593.8000000000665,45.0493975,20.138905,1.5,1.416808746456368,1.3888900000012525
593.9000000000665,45.5464943,20.3611274,1.5,1.4583362791216437,2.2222239999994917
594.0000000000665,45.6707685,20.416683000000003,1.5,1.4028361792215442,0.5550009990010292
594.1000000000665,45.981454,20.555572,1.5,1.4028361792215425,1.3902802802796037
594.2000000000666,46.4164137,20.750016600000002,1.5,1.430586229171594,1.9425034965035488
594.3000000000666,46.602825,20.833350000000003,1.5,1.4027389151575238,0.8333339999998183
594.4000000000666,46.9135105,20.972239000000002,1.5,1.4020513458506092,1.375138613861388
594.5000000000666,47.224196,21.111128,1.5,1.4029623433702425,1.404337714864087
594.6000000000666,47.5348815,21.250017000000003,1.5,1.402823176035608,1.388889999999709
594.7000000000667,47.845567,21.388906000000002,1.5,1.3889342760356118,1.3888899999996736
594.8000000000667,48.09411540000001,21.500017200000002,1.5,1.3889342760356116,1.111112000001009
594.9000000000667,48.3426638,21.611128400000002,1.5,1.3611564760356187,1.1111119999997459
595.0000000000667,48.7776235,21.805573000000003,1.5,1.3889342760356118,1.9444459999995642
595.1000000000668,49.088309,21.944462,0.08,1.3888899999996736,1.3888899999996736
595.2000000000668,49.3989945,22.083351,0.08,1.3868128963112611,1.3847357926228487
595.3000000000668,49.461131599999995,22.1111288,0.08,1.0174132113823768,0.27861384152460816
595.4000000000668,48.9640348,21.8889064,0.08,0.2075039085369097,-2.2222239999994917
595.5000000000668,49.70968,22.222240000000003,0.08,0.8313396537758241,3.326682634731482
595.6000000000669,49.461131599999995,22.1111288,0.08,0.5074123407758991,-1.1122242242237257
595.7000000000669,49.5854058,22.1666844,0.08,0.5143694509667511,0.5561121121118628
595.8000000000669,49.647542900000005,22.194462200000004,0.08,0.48476083203347375,0.2775004995005323
595.9000000000669,49.5854058,22.1666844,0.08,0.4000034000235027,-0.27805605605626565
596.000000000067,49.70968,22.222240000000003,0.08,0.4155586600211415,0.5555559999998907
596.100000000067,49.647542900000005,22.194462200000004,0.08,0.35252805456468067,-0.2777779999999276
596.200000000067,49.70968,22.222240000000003,0.08,0.34629888335095127,0.2777779999999276
596.300000000067,49.647542900000005,22.194462200000004,0.08,0.2982929692470132,-0.2777780000002434
596.400000000067,49.647542900000005,22.194462200000004,0.08,0.2769863285865123,0.0
596.5000000000671,49.7718171,22.250017800000002,0.08,0.2955576400140684,0.5555559999998552
596.6000000000671,49.7718171,22.250017800000002,0.08,0.27708528751318917,0.0
596.7000000000671,49.8339542,22.2777956,0.08,0.27712603530652674,0.2777779999999276
596.8000000000671,49.9582284,22.333351200000003,0.08,0.2925943666784154,0.5555560000005223
596.9000000000672,49.9582284,22.333351200000003,0.08,0.2771946631690251,0.0
597.0000000000672,49.9582284,22.333351200000003,0.08,0.26333493001057384,0.0
597.1000000000672,49.8960913,22.3055734,0.08,0.18000153001059202,-0.2777779999999631
597.2000000000672,49.8960913,22.3055734,0.08,0.11076474037944957,0.0
597.3000000000673,49.9582284,22.333351200000003,0.08,0.11073685110603244,0.27805605605626565
597.4000000000673,49.8960913,22.3055734,0.08,0.20795915110600888,-0.2777779999999631
597.5000000000673,49.9582284,22.333351200000003,0.08,0.05551391936943293,0.2777779999999631
597.6000000000673,49.8960913,22.3055734,0.08,0.0972501056055926,-0.2775004995005323
597.7000000000673,50.020365500000004,22.361129000000002,0.08,0.09719454995005092,0.5550009990010292
597.8000000000674,49.8960913,22.3055734,0.08,0.05551391936943116,-0.5561121121118628
597.9000000000674,50.020365500000004,22.361129000000002,0.08,0.09722232777786924,0.5561121121124957
598.0000000000674,49.8960913,22.3055734,0.08,0.04194175550064587,-0.5500554455445763
598.1000000000674,49.9582284,22.333351200000003,0.08,0.06985984741982894,0.28058383838373346
598.2000000000675,49.9582284,22.333351200000003,0.08,0.05597094741983255,0.0
598.3000000000675,49.9582284,22.333351200000003,0.08,0.06985984741984472,0.0
598.4000000000675,49.9582284,22.333351200000003,0.08,0.06985984741984472,0.0
598.5000000000675,50.020365500000004,22.361129000000002,0.08,0.05599878088679104,0.2783346693387817
598.6000000000676,50.0825026,22.3889068,0.08,0.06988768088678743,0.2777779999999276
598.7000000000676,50.0825026,22.3889068,0.08,0.05599878088679104,0.0
598.8000000000676,50.0825026,22.3889068,0.08,0.028220980886764935,0.0
598.9000000000676,50.020365500000004,22.361129000000002,0.08,0.014469594748151408,-0.27502772277227056
599.0000000000676,49.9582284,22.333351200000003,0.08,0.0004545594302941353,-0.28030070635714543
599.1000000000677,50.0825026,22.3889068,0.08,0.04214906503588366,0.5561121121118273
599.2000000000677,49.9582284,22.333351200000003,0.08,0.014426709746455824,-0.5544471057885567
599.3000000000677,50.0825026,22.3889068,0.08,0.028329512549233903,0.5561121121118273
599.4000000000677,49.9582284,22.333351200000003,0.08,0.01449605725980423,-0.5544471057885567
599.5000000000678,50.020365500000004,22.361129000000002,0.08,0.014509960062617571,0.27805605605623007
599.6000000000678,50.1446397,22.416684600000004,0.08,0.05619059064323732,0.5561121121118628
599.7000000000678,49.9582284,22.333351200000003,0.08,-0.013267867715202959,-0.8341681681677765
599.8000000000678,50.0825026,22.3889068,0.08,0.042315537890414534,0.5555560000004868
599.9000000000678,50.0825026,22.3889068,0.08,0.01450993228478974,0.0
600.0000000000679,50.1446397,22.416684600000004,0.08,0.05591550736483184,0.27805605605626565
600.1000000000679,50.1446397,22.416684600000004,0.08,0.04188631544564516,0.0
600.2000000000679,49.9582284,22.333351200000003,0.08,0.00021961544565424763,-0.8333339999998183
600.3000000000679,50.1446397,22.416684600000004,0.08,0.04135159965101628,0.8226396841072406
600.400000000068,50.020365500000004,22.361129000000002,0.08,0.013207931971179804,-0.5628733535967295
600.500000000068,50.1446397,22.416684600000004,0.08,0.027041248454292184,0.5550009990010292
600.600000000068,49.9582284,22.333351200000003,0.08,-0.02855605995409302,-0.8341681681677765
600.700000000068,50.1446397,22.416684600000004,0.08,0.013110640045897893,0.8333339999998183
600.800000000068,50.1446397,22.416684600000004,0.08,0.013110640045897893,0.0
600.9000000000681,50.0825026,22.3889068,0.08,0.012959223381698134,-0.27805605605626565
601.0000000000681,50.0825026,22.3889068,0.08,0.026974258699555408,0.0
601.1000000000681,50.020365500000004,22.361129000000002,0.08,-0.014720246906032334,-0.2777779999999276
601.2000000000681,50.0825026,22.3889068,0.08,0.026891008383391878,0.2777779999999276
601.3000000000682,50.1446397,22.416684600000004,0.08,0.012974302777814462,0.2777780000002789
601.4000000000682,50.1446397,22.416684600000004,0.08,0.0406966580672423,0.0
601.5000000000682,50.020365500000004,22.361129000000002,0.08,-0.000983944735563741,-0.5555559999998907
601.6000000000682,50.020365500000004,22.361129000000002,0.08,-0.028789550341156888,0.0
601.7000000000683,50.1446397,22.416684600000004,0.08,0.04072446367282508,0.5561121121118628
601.8000000000683,50.0825026,22.3889068,0.08,-0.0009422363272132056,-0.2777780000002789
601.9000000000683,50.020365500000004,22.361129000000002,0.08,-0.014831136327209584,-0.2777779999999276
602.0000000000683,50.1446397,22.416684600000004,0.08,-0.0009561391300283329,0.5555559999998907
602.1000000000683,50.020365500000004,22.361129000000002,0.08,-0.028733939130022867,-0.5555559999998907
602.2000000000684,50.0825026,22.3889068,0.08,0.026821660869964424,0.2777779999999276
602.3000000000684,50.020365500000004,22.361129000000002,0.08,-0.028199223335409772,-0.2777780000002434
602.4000000000684,50.0825026,22.3889068,0.08,0.013833344344423085,0.2777779999999276
602.5000000000684,50.020365500000004,22.361129000000002,0.08,-0.02780560560562475,-0.2777779999999276
602.6000000000685,50.1446397,22.416684600000004,0.08,0.04168060280275861,0.5555559999998907
602.7000000000685,50.1446397,22.416684600000004,0.08,1.3902802767695732e-05,0.0
602.8000000000685,50.1446397,22.416684600000004,0.08,1.3902802767695732e-05,0.0
602.9000000000685,50.1446397,22.416684600000004,0.08,0.013916705605580972,0.0
603.0000000000686,50.020365500000004,22.361129000000002,0.08,-0.013778010246845671,-0.5538943170485329
603.1000000000686,50.0825026,22.3889068,0.08,0.014027623220089797,0.2783346693387817
603.2000000000686,50.0825026,22.3889068,0.08,0.00013872322009341465,0.0
603.3000000000686,50.1446397,22.416684600000004,0.08,0.00012484819510608924,0.2775004995005323
603.4000000000686,50.020365500000004,22.361129000000002,0.08,-0.027680757410518696,-0.5561121121124957
603.5000000000687,50.0825026,22.3889068,0.08,0.013985942589472217,0.2777779999999276
603.6000000000687,50.0825026,22.3889068,0.08,0.013985942589472217,0.0
603.7000000000687,50.1446397,22.416684600000004,0.08,2.76949101089774e-05,0.27694715852459806
603.8000000000687,50.1446397,22.416684600000004,0.08,0.01391659491012292,0.0
603.9000000000688,50.020365500000004,22.361129000000002,0.08,2.769491012476477e-05,-0.5555559999998907
604.0000000000688,50.0825026,22.3889068,0.08,-0.013888927445155852,0.27722355289427836
604.1000000000688,50.2067768,22.444462400000003,0.08,0.04163892250489014,0.5550009990010292
604.2000000000688,50.1446397,22.416684600000004,0.08,0.01381933042867924,-0.2786138415242905
604.3000000000688,50.0825026,22.3889068,0.08,0.013847052783975716,-0.2772235528943138
604.4000000000689,50.0825026,22.3889068,0.08,-4.184721602065733e-05,0.0
604.5000000000689,50.2067768,22.444462400000003,0.08,0.041624852783970254,0.5555559999998907
604.6000000000689,50.1446397,22.416684600000004,0.08,-4.184721602066288e-05,-0.2777779999999276
604.7000000000689,50.1446397,22.416684600000004,0.08,-4.184721602066288e-05,0.0
604.800000000069,50.020365500000004,22.361129000000002,0.08,-0.027819647216046777,-0.5555560000005223
604.900000000069,50.0825026,22.3889068,0.08,-0.013930747216050398,0.2777779999999276
605.000000000069,50.0825026,22.3889068,0.08,0.013763968636376245,0.0
605.100000000069,50.1446397,22.416684600000004,0.08,0.01373613516943532,0.2777779999999631
605.200000000069,50.0825026,22.3889068,0.08,-0.00015276483056283485,-0.2777779999999631
605.3000000000691,50.0825026,22.3889068,0.08,-0.014027789805589452,0.0
605.4000000000691,50.0825026,22.3889068,0.08,0.013777815800035332,0.0
605.5000000000691,50.1446397,22.416684600000004,0.08,0.01380564926697982,0.27833466933881734
605.6000000000691,50.1446397,22.416684600000004,0.08,0.01380564926697982,0.0
605.7000000000692,50.2067768,22.444462400000003,0.08,0.013847191340746296,0.2777779999999276
605.8000000000692,50.0825026,22.3889068,0.08,-0.013930608659279819,-0.5555560000005223
605.9000000000692,50.020365500000004,22.361129000000002,0.08,-4.1708659281664005e-05,-0.2777779999999276
606.0000000000692,50.0825026,22.3889068,0.08,-1.3986303999202753e-05,0.2777779999999276
606.1000000000693,50.0825026,22.3889068,0.08,-0.02776403625405066,0.0
606.2000000000693,50.0825026,22.3889068,0.08,-0.013833344177836137,0.0
606.3000000000693,50.0825026,22.3889068,0.08,2.7833466879551017e-05,0.0
606.4000000000693,50.0825026,22.3889068,0.08,2.7833466879551017e-05,0.0
606.5000000000693,50.1446397,22.416684600000004,0.08,-0.013847163730317524,0.2780560560559492
606.6000000000694,50.1446397,22.416684600000004,0.08,4.17362696788548e-05,0.0
606.7000000000694,50.0825026,22.3889068,0.08,-0.0138471637303193,-0.2777779999999631
606.8000000000694,50.0825026,22.3889068,0.08,0.013930636269706814,0.0
606.9000000000694,50.0825026,22.3889068,0.08,4.173626971043509e-05,0.0
607.0000000000695,50.0825026,22.3889068,0.08,4.173626971043509e-05,0.0
607.1000000000695,50.1446397,22.416684600000004,0.08,6.95697366372927e-05,0.27833466933850026
607.2000000000695,50.0825026,22.3889068,0.08,9.729209191975951e-05,-0.2772235528943138
607.3000000000695,50.2067768,22.444462400000003,0.08,0.0279028976975129,0.5561121121118628
607.4000000000696,50.2067768,22.444462400000003,0.08,0.0279028976975129,0.0
607.5000000000696,50.2067768,22.444462400000003,0.08,0.013986164230572034,0.0
607.6000000000696,50.0825026,22.3889068,0.08,-0.0137916357694225,-0.5555559999998907
607.7000000000696,50.0825026,22.3889068,0.08,-0.02768053576941888,0.0
607.8000000000696,50.0825026,22.3889068,0.08,9.726423060723576e-05,0.0
607.9000000000697,50.0825026,22.3889068,0.08,0.013986164230603615,0.0
608.0000000000697,50.0825026,22.3889068,0.08,9.726423060723576e-05,0.0
608.1000000000697,50.2067768,22.444462400000003,0.08,0.027875064230601772,0.5555559999998907
608.2000000000697,50.2067768,22.444462400000003,0.08,0.027875064230601772,0.0
608.3000000000698,50.2067768,22.444462400000003,0.08,0.027875064230601772,0.0
608.4000000000698,50.1446397,22.416684600000004,0.08,0.01400003925557693,-0.2775004995004968
608.5000000000698,50.2067768,22.444462400000003,0.08,0.014000039255575154,0.27805605605591366
608.6000000000698,50.0825026,22.3889068,0.08,-0.013777760744419382,-0.5555559999998907
608.7000000000698,50.0825026,22.3889068,0.08,0.0001111392555787738,0.0
608.8000000000699,50.0825026,22.3889068,0.08,0.0001111392555787738,0.0
608.9000000000699,50.2067768,22.444462400000003,0.08,0.027888939255573307,0.5555559999998907
609.0000000000699,50.1446397,22.416684600000004,0.08,0.01400003925557693,-0.2777779999999276
609.1000000000699,50.2067768,22.444462400000003,0.08,0.013972205788648296,0.2777779999999276
609.20000000007,50.2067768,22.444462400000003,0.08,0.027833383433363983,0.0
609.30000000007,50.2067768,22.444462400000003,0.08,2.7777827770841813e-05,0.0
609.40000000007,50.2067768,22.444462400000003,0.08,2.7777827770841813e-05,0.0
609.50000000007,50.0825026,22.3889068,0.08,-0.027694577461658765,-0.5544471057885921
609.60000000007,50.2067768,22.444462400000003,0.08,0.027916689472184016,0.5566693386769649
609.7000000000701,50.0825026,22.3889068,0.08,0.00013888947218947955,-0.5555559999998907
609.8000000000701,50.1446397,22.416684600000004,0.08,0.014027789472203425,0.2777780000002789
609.9000000000701,50.2067768,22.444462400000003,0.08,0.02791668947219981,0.2777779999999276
610.0000000000701,50.2067768,22.444462400000003,0.08,0.02791668947219981,0.0
610.1000000000702,50.2067768,22.444462400000003,0.08,0.0001388894722052697,0.0
610.2000000000702,50.0825026,22.3889068,0.08,-0.027638910527789263,-0.5555559999998907
610.3000000000702,50.1446397,22.416684600000004,0.08,-0.013750010527775317,0.2777780000002789
610.4000000000702,50.0825026,22.3889068,0.08,-0.013763885552748633,-0.2777779999999631
610.5000000000703,50.1446397,22.416684600000004,0.08,-0.013805510710828634,0.2772235528943138
610.6000000000703,50.2067768,22.444462400000003,0.08,0.027875092091961585,0.27805605605591366
610.7000000000703,50.0825026,22.3889068,0.08,6.94864863684419e-05,-0.5561121121118628
610.8000000000703,50.0825026,22.3889068,0.08,6.94864863684419e-05,0.0
610.9000000000703,50.1446397,22.416684600000004,0.08,-0.013819413513627938,0.2777779999999631
611.0000000000704,50.2067768,22.444462400000003,0.08,0.013958386486364827,0.2777779999999276
611.1000000000704,50.0825026,22.3889068,0.08,-0.02770831351362609,-0.5555559999998907
611.2000000000704,50.0825026,22.3889068,0.08,-0.02770831351362609,0.0
611.3000000000704,50.2067768,22.444462400000003,0.08,6.94864864000222e-05,0.5555560000005223
611.4000000000705,50.2067768,22.444462400000003,0.08,6.94864864000222e-05,0.0
611.5000000000705,50.0825026,22.3889068,0.08,1.404177583509969e-05,-0.5555559999998907
611.6000000000705,50.0825026,22.3889068,0.08,-0.02781942515801315,0.0
611.7000000000705,50.0825026,22.3889068,0.08,-4.162515801861555e-05,0.0
611.8000000000706,50.2067768,22.444462400000003,0.08,0.01384727484199356,0.5555560000005223
611.9000000000706,50.1446397,22.416684600000004,0.08,-0.013916650133027664,-0.2775004995004968
612.0000000000706,50.2067768,22.444462400000003,0.08,-1.3847330231980814e-05,0.27805605605591366
612.1000000000706,50.1446397,22.416684600000004,0.08,-0.01390274733022836,-0.2777779999999276
612.2000000000706,50.2067768,22.444462400000003,0.08,0.027763952669762552,0.2777779999999276
612.3000000000707,50.2067768,22.444462400000003,0.08,0.013875052669748611,0.0
612.4000000000707,50.1446397,22.416684600000004,0.08,0.013833260593516358,-0.27861384152460816
612.5000000000707,50.0825026,22.3889068,0.08,-0.013916817051197485,-0.2777779999999631
612.6000000000707,50.1446397,22.416684600000004,0.08,-0.013958442209277482,0.2772235528943138
612.7000000000708,50.0825026,22.3889068,0.08,-6.957007060935105e-05,-0.27833466933850026
612.8000000000708,50.1446397,22.416684600000004,0.08,0.013791607574106338,0.2772235528943138
612.9000000000708,50.1446397,22.416684600000004,0.08,-9.729242589181785e-05,0.0
613.0000000000708,50.2067768,22.444462400000003,0.08,-0.0001250147811742819,0.27722355289427836
613.1000000000708,50.2067768,22.444462400000003,0.08,0.027652785218820253,0.0
613.2000000000709,50.2067768,22.444462400000003,0.08,0.027652785218820253,0.0
613.3000000000709,50.1446397,22.416684600000004,0.08,-0.014154206700390738,-0.2805838383836976
613.4000000000709,50.0825026,22.3889068,0.08,-0.02805700950320402,-0.27805605605626565
613.5000000000709,50.2067768,22.444462400000003,0.08,0.02747084044684197,0.5550009990010292
613.600000000071,50.1446397,22.416684600000004,0.08,0.013581940446845592,-0.2777779999999276
613.700000000071,50.1446397,22.416684600000004,0.08,0.013581940446845592,0.0
613.800000000071,50.1446397,22.416684600000004,0.08,-0.014195859553180529,0.0
613.900000000071,50.1446397,22.416684600000004,0.08,-0.00032083457815568206,0.0
614.000000000071,50.0825026,22.3889068,0.08,-0.028112537380949522,-0.2777779999999631
614.1000000000711,50.2067768,22.444462400000003,0.08,0.013554162619041393,0.5555559999998907
614.2000000000711,50.2067768,22.444462400000003,0.08,-0.00033473738095498586,0.0
614.3000000000711,50.0825026,22.3889068,0.08,-0.028057092670384594,-0.5544471057885921
614.4000000000711,50.0825026,22.3889068,0.08,-0.014126400594154185,0.0
614.5000000000712,50.1446397,22.416684600000004,0.08,0.013665302208641428,0.2780560560559492
614.6000000000712,50.1446397,22.416684600000004,0.08,-0.00019587543607425817,0.0
614.7000000000712,50.1446397,22.416684600000004,0.08,0.013720858030850758,0.0
614.8000000000712,50.2067768,22.444462400000003,0.08,0.013734705361159907,0.2775004995004968
614.9000000000713,50.2067768,22.444462400000003,0.08,0.013734705361159907,0.0
615.0000000000713,50.2067768,22.444462400000003,0.08,-0.0001264722835540133,0.0
615.1000000000713,50.2067768,22.444462400000003,0.08,-0.0001264722835540133,0.0
615.2000000000713,50.0825026,22.3889068,0.08,-0.027932077889147155,-0.5561121121118628
615.3000000000713,50.0825026,22.3889068,0.08,-0.013902885969962272,0.0
615.4000000000714,50.2067768,22.444462400000003,0.08,0.02774996678290247,0.5550009990010292
615.5000000000714,50.1446397,22.416684600000004,0.08,-0.01388898316714537,-0.2777779999999276
615.6000000000714,50.1446397,22.416684600000004,0.08,-8.316714898981558e-08,0.0
615.7000000000714,50.1446397,22.416684600000004,0.08,-8.316714898981558e-08,0.0
615.8000000000715,50.2067768,22.444462400000003,0.08,0.01388881683286318,0.2777780000002434
615.9000000000715,50.1446397,22.416684600000004,0.08,-8.316713319966861e-08,-0.2777779999999276
616.0000000000715,50.1446397,22.416684600000004,0.08,0.013888816832864952,0.0
616.1000000000715,50.0825026,22.3889068,0.08,-0.02777788316712774,-0.2777779999999631
616.2000000000716,50.0825026,22.3889068,0.08,-0.02777788316712774,0.0
616.3000000000716,50.1446397,22.416684600000004,0.08,0.01383337212231582,0.2777780000002789
616.4000000000716,50.1446397,22.416684600000004,0.08,0.01383337212231582,0.0
616.5000000000716,50.1446397,22.416684600000004,0.08,-6.943068048164136e-05,0.0
616.6000000000716,50.2689139,22.472240200000005,0.08,0.027652924608947964,0.5544471057885921
616.7000000000717,50.2067768,22.444462400000003,0.08,0.013736191142022952,-0.27833466933850026
616.8000000000717,50.2067768,22.444462400000003,0.08,-0.0001388338330018918,0.0
616.9000000000717,50.2067768,22.444462400000003,0.08,-0.0001388338330018918,0.0
617.0000000000717,50.1446397,22.416684600000004,0.08,-0.014027733832998272,-0.2777779999999276
617.1000000000718,50.1446397,22.416684600000004,0.08,-0.014027733832998272,0.0
617.2000000000718,50.1446397,22.416684600000004,0.08,0.013777871772594869,0.0
617.3000000000718,50.2067768,22.444462400000003,0.08,0.027666771772607034,0.2777780000002434
617.4000000000718,50.1446397,22.416684600000004,0.08,-0.01395830315246926,-0.2775004995004968
617.5000000000719,50.2689139,22.472240200000005,0.08,0.02773620245312026,0.5561121121118628
617.6000000000719,50.2689139,22.472240200000005,0.08,0.02773620245312026,0.0
617.7000000000719,50.2689139,22.472240200000005,0.08,0.02773620245312026,0.0
617.8000000000719,50.2067768,22.444462400000003,0.08,-4.1597546905849935e-05,-0.2777780000002789
617.9000000000719,50.0825026,22.3889068,0.08,-0.013930497546904005,-0.5555559999998907
618.000000000072,50.1446397,22.416684600000004,0.08,-4.1597546905849935e-05,0.2777779999999631
618.100000000072,50.1446397,22.416684600000004,0.08,0.013847302453092297,0.0
618.200000000072,50.1446397,22.416684600000004,0.08,0.013847302453092297,0.0
618.300000000072,50.1446397,22.416684600000004,0.08,-4.159754692163731e-05,0.0
618.400000000072,50.2067768,22.444462400000003,0.08,0.013847302453074741,0.2777779999999276
618.5000000000721,50.2689139,22.472240200000005,0.08,0.0277362024530729,0.2777779999999631
618.6000000000721,50.2689139,22.472240200000005,0.08,1.3847163643282423e-05,0.0
618.7000000000721,50.2689139,22.472240200000005,0.08,0.0139305806305683,0.0
618.8000000000721,50.2067768,22.444462400000003,0.08,4.168063055435545e-05,-0.2777780000002789
618.9000000000722,50.1446397,22.416684600000004,0.08,-0.013847219369442023,-0.2777779999999276
619.0000000000722,50.1446397,22.416684600000004,0.08,4.1680630554361e-05,0.0
619.1000000000722,50.1446397,22.416684600000004,0.08,4.1680630554361e-05,0.0
619.2000000000722,50.1446397,22.416684600000004,0.08,4.1680630554361e-05,0.0
619.3000000000723,50.1446397,22.416684600000004,0.08,-0.013847219369457816,0.0
619.4000000000723,50.2689139,22.472240200000005,0.08,0.027805605605561567,0.5555559999998907
619.5000000000723,50.2689139,22.472240200000005,0.08,-3.1585845050585704e-14,0.0
619.6000000000723,50.2067768,22.444462400000003,0.08,-0.013888900000045532,-0.2777780000002789
619.7000000000724,50.2689139,22.472240200000005,0.08,1.390280275192779e-05,0.2780560560559492
619.8000000000724,50.2067768,22.444462400000003,0.08,0.0001377879365637158,-0.27530029732404326
619.9000000000724,50.2067768,22.444462400000003,0.08,0.027915587936558257,0.0
620.0000000000724,50.1446397,22.416684600000004,0.08,0.00013778793656372135,-0.2777779999999276
620.1000000000724,50.1446397,22.416684600000004,0.08,0.00013778793656372135,0.0
620.2000000000725,50.2689139,22.472240200000005,0.08,0.027915587936558257,0.5555559999998907
620.3000000000725,50.2689139,22.472240200000005,0.08,0.027915587936558257,0.0
620.4000000000725,50.331051,22.500018,0.08,0.027915587936572263,0.27777800000020786
620.5000000000725,50.1446397,22.416684600000004,0.08,-0.027640012063415032,-0.8333339999997827
620.6000000000726,50.2067768,22.444462400000003,0.08,-0.01376498708839019,0.2775004995004968
620.7000000000726,50.2689139,22.472240200000005,0.08,0.00012391291160796514,0.2777779999999631
620.8000000000726,50.1446397,22.416684600000004,0.08,-0.009154659982451466,-0.4633494578814676
620.9000000000726,50.1446397,22.416684600000004,0.08,0.004734240017544913,0.0
621.0000000000726,50.2067768,22.444462400000003,0.08,0.018637042820356418,0.27805605605623007
621.1000000000727,50.2067768,22.444462400000003,0.08,0.018637042820356418,0.0
621.2000000000727,50.2689139,22.472240200000005,0.08,0.03252594282035457,0.2777779999999631
621.3000000000727,50.2689139,22.472240200000005,0.08,0.03252594282035457,0.0
621.4000000000727,50.2067768,22.444462400000003,0.08,-0.009140757179638123,-0.2777779999999631
621.5000000000728,50.1446397,22.416684600000004,0.08,-0.02300193482435204,-0.27722355289427836
621.6000000000728,50.2067768,22.444462400000003,0.08,0.004775865175658292,0.2777779999999276
621.7000000000728,50.2689139,22.472240200000005,0.08,0.004789795839785846,0.27833466933850026
621.8000000000728,50.331051,22.500018,0.08,0.0324437107059984,0.27777800000020786
621.9000000000729,50.1446397,22.416684600000004,0.08,-0.00922298929399074,-0.8333339999997827
622.0000000000729,50.1446397,22.416684600000004,0.08,0.004665910706005643,0.0
622.1000000000729,50.331051,22.500018,0.08,0.04633261070599478,0.8333339999997827
622.2000000000729,50.2689139,22.472240200000005,0.08,0.004665910706005638,-0.27777799999989206
622.3000000000729,50.2689139,22.472240200000005,0.08,0.004665910706005638,0.0
622.400000000073,50.2689139,22.472240200000005,0.08,-0.009222989294004757,0.0
622.500000000073,50.1446397,22.416684600000004,0.08,0.004582326553521793,-0.557227683049252
622.600000000073,50.2689139,22.472240200000005,0.08,0.01840201743095498,0.5538943170491607
622.700000000073,50.2689139,22.472240200000005,0.08,0.004513117430956825,0.0
622.800000000073,50.2067768,22.444462400000003,0.08,0.013721896857681104,-0.2791738693469821
622.9000000000731,50.1446397,22.416684600000004,0.08,-0.00016700314231527514,-0.2777779999999276
623.0000000000731,50.2689139,22.472240200000005,0.08,0.013680244004924675,0.5550009990010292
623.1000000000731,50.2689139,22.472240200000005,0.08,0.013680244004924675,0.0
623.2000000000731,50.2689139,22.472240200000005,0.08,-0.00020865599507348121,0.0
623.3000000000732,50.1446397,22.416684600000004,0.08,-0.02795870594512494,-0.5550009990010292
623.4000000000732,50.2067768,22.444462400000003,0.08,-0.00019478097010194317,0.2775004995004968
623.5000000000732,50.2689139,22.472240200000005,0.08,0.027583130141552843,0.27833466933881734
623.6000000000732,50.2067768,22.444462400000003,0.08,-0.00016694750315922048,-0.2772235528943138
623.7000000000733,50.2067768,22.444462400000003,0.08,-0.01408368097008424,0.0
623.8000000000733,50.2067768,22.444462400000003,0.08,-0.02797258097009463,0.0
623.9000000000733,50.2689139,22.472240200000005,0.08,0.02745913389611218,0.27530029732435346
624.0000000000733,50.2689139,22.472240200000005,0.08,0.02745913389611218,0.0
624.1000000000734,50.2067768,22.444462400000003,0.08,-0.02812429957080197,-0.27833466933850026
624.2000000000734,50.2689139,22.472240200000005,0.08,-0.00036037459578075194,0.2775004995005323
624.3000000000734,50.2067768,22.444462400000003,0.08,-0.014263177398594035,-0.27805605605626565
624.4000000000734,50.1446397,22.416684600000004,0.08,-0.028152077398590415,-0.2777779999999276
624.5000000000734,50.2067768,22.444462400000003,0.08,0.01128339008720469,0.23148166666665018
624.6000000000735,50.1446397,22.416684600000004,0.08,-0.033772450765243885,-0.3472224999998108
624.7000000000735,50.2067768,22.444462400000003,0.08,-0.022198367431911375,0.23148166666665018
624.8000000000735,50.331051,22.500018,0.08,0.019538126035430488,0.5555559999998552
624.9000000000735,50.2689139,22.472240200000005,0.08,0.016065901035413874,-0.34722250000025984
625.0000000000736,50.2689139,22.472240200000005,0.08,-0.011684148914637585,0.0
625.1000000000736,50.2689139,22.472240200000005,0.08,-0.011684148914637585,0.0
625.2000000000736,50.2689139,22.472240200000005,0.08,-0.011684148914637585,0.0
625.3000000000736,50.2067768,22.444462400000003,0.08,0.002177001035415718,-0.2777779999999631
625.4000000000736,50.2689139,22.472240200000005,0.08,0.0020533621990061644,0.27502772277230575
625.5000000000737,50.2067768,22.444462400000003,0.08,-0.02589256318713749,-0.2805838383840557
625.6000000000737,50.2067768,22.444462400000003,0.08,-0.012031385542421799,0.0
625.7000000000737,50.2067768,22.444462400000003,0.08,-0.012031385542421799,0.0
625.8000000000737,50.331051,22.500018,0.08,0.01574641445757096,0.5555559999998552
625.9000000000738,50.331051,22.500018,0.08,0.001981399591353289,0.0
626.0000000000738,50.331051,22.500018,0.08,0.001981399591353289,0.0
626.1000000000738,50.331051,22.500018,0.08,0.0158981330582783,0.0
626.2000000000738,50.2689139,22.472240200000005,0.08,-0.011893625383669768,-0.27833466933842904
626.3000000000739,50.2689139,22.472240200000005,0.08,0.002009177419143515,0.0
626.4000000000739,50.2067768,22.444462400000003,0.08,0.0020091774191259514,-0.2777780000002789
626.5000000000739,50.2067768,22.444462400000003,0.08,-0.00956490591420656,0.0
626.6000000000739,50.331051,22.500018,0.08,0.03551857437521182,0.5544471057885567
626.7000000000739,50.2689139,22.472240200000005,0.08,0.010027757574957857,-0.27833466933842904
626.800000000074,50.2067768,22.444462400000003,0.08,-0.031638942425033054,-0.2777779999999631
626.900000000074,50.2689139,22.472240200000005,0.08,-0.00040279244999344985,0.2775004995005323
627.000000000074,50.331051,22.500018,0.08,0.013500010352816274,0.2780560560561945
627.100000000074,50.2067768,22.444462400000003,0.08,-0.014277789647176483,-0.5555559999998552
627.200000000074,50.2689139,22.472240200000005,0.08,-0.0003888896471783282,0.2777779999999631
627.3000000000741,50.2689139,22.472240200000005,0.08,0.01350001035281983,0.0
627.4000000000741,50.2067768,22.444462400000003,0.08,-0.014140275785809406,-0.2777780000002789
627.5000000000741,50.2689139,22.472240200000005,0.08,0.013777816133391532,0.2777779999999631
627.6000000000741,50.2067768,22.444462400000003,0.08,-6.954179282267492e-05,-0.27694715852428414
627.7000000000742,50.331051,22.500018,0.08,0.027791842359638143,0.5572276830492163
627.8000000000742,50.331051,22.500018,0.08,1.4042359645388691e-05,0.0
627.9000000000742,50.2067768,22.444462400000003,0.08,-0.027708312929782448,-0.5544471057885567
628.0000000000742,50.331051,22.500018,0.08,0.00012515400409572331,0.5566693386775634
628.1000000000743,50.2067768,22.444462400000003,0.08,-0.027652645995897035,-0.5555559999998552
628.2000000000743,50.2067768,22.444462400000003,0.08,-0.013735912528975585,0.0
628.3000000000743,50.2067768,22.444462400000003,0.08,-0.013735912528975585,0.0
628.4000000000743,50.2689139,22.472240200000005,0.08,0.014041887471052302,0.2777780000002789
628.5000000000744,50.331051,22.500018,0.08,0.0279307874710469,0.27777799999989206
628.6000000000744,50.331051,22.500018,0.08,0.0002084321816190754,0.0
628.7000000000744,50.331051,22.500018,0.08,0.014125165648540525,0.0
628.8000000000744,50.331051,22.500018,0.08,0.02801406564853868,0.0
628.9000000000744,50.2689139,22.472240200000005,0.08,0.00023623787070234105,-0.2780560560561945
629.0000000000745,50.331051,22.500018,0.08,0.0002223350678872249,0.27777799999989206
629.1000000000745,50.2067768,22.444462400000003,0.08,0.0002223350678872138,-0.5555559999998552
629.2000000000745,50.2689139,22.472240200000005,0.08,0.00022233506788721936,0.2777779999999631
629.3000000000745,50.2689139,22.472240200000005,0.08,0.00022233506788721936,0.0
629.4000000000746,50.331051,22.500018,0.08,0.02786262120651293,0.27502772277223536
629.5000000000746,50.331051,22.500018,0.08,0.013973721206514777,0.0
629.6000000000746,50.331051,22.500018,0.08,0.027821079132728986,0.0
629.7000000000746,50.2689139,22.472240200000005,0.08,-0.013929205019726434,-0.27777799999989206
629.8000000000746,50.331051,22.500018,0.08,-2.6402216932530644e-05,0.2780560560558781
629.9000000000747,50.2689139,22.472240200000005,0.08,0.01379315026968558,-0.2780560560561945
630.0000000000747,50.2689139,22.472240200000005,0.08,-0.01404031666419259,0.0
630.1000000000747,50.2689139,22.472240200000005,0.08,0.013737483335800169,0.0
630.2000000000747,50.2689139,22.472240200000005,0.08,0.013737483335800169,0.0
630.3000000000748,50.331051,22.500018,0.08,0.027612508310823236,0.27750049950046135
630.4000000000748,50.393188099999996,22.5277958,0.08,0.027612508310805674,0.2777779999999276
630.5000000000748,50.331051,22.500018,0.08,-0.00016529168918531513,-0.2777779999999276
630.6000000000748,50.331051,22.500018,0.08,-0.00016529168918531513,0.0
630.7000000000749,50.331051,22.500018,0.08,-0.00016529168918531513,0.0
630.8000000000749,50.2067768,22.444462400000003,0.08,-0.02797089729477668,-0.5561121121118273
630.9000000000749,50.2689139,22.472240200000005,0.08,-0.00023452875490314885,0.2766713147412761
631.0000000000749,50.2067768,22.444462400000003,0.08,-0.02805412083111406,-0.2786138415243261
631.1000000000749,50.2689139,22.472240200000005,0.08,0.013475065307493993,0.27502772277230575
631.200000000075,50.2689139,22.472240200000005,0.08,-0.00041383469250416693,0.0
631.300000000075,50.393188099999996,22.5277958,0.08,0.02708893758472113,0.5500554455445059
631.400000000075,50.331051,22.500018,0.08,-0.0007200396470100068,-0.28115182186238746
631.500000000075,50.331051,22.500018,0.08,-0.0007200396470100068,0.0
631.600000000075,50.2689139,22.472240200000005,0.08,-0.01458121729172215,-0.2772235528942429
631.7000000000751,50.331051,22.500018,0.08,0.013086353343184125,0.27557341269823354
631.8000000000751,50.331051,22.500018,0.08,-0.0008164494596097777,0.0
631.9000000000751,50.2689139,22.472240200000005,0.08,-0.0008025466568104461,-0.27777800000020786
632.0000000000751,50.2689139,22.472240200000005,0.08,-0.0008025466568104461,0.0
632.1000000000752,50.2689139,22.472240200000005,0.08,-0.0008025466568104461,0.0
632.2000000000752,50.393188099999996,22.5277958,0.08,0.026947503293237463,0.5550009990009581
632.3000000000752,50.393188099999996,22.5277958,0.08,0.013072478318214393,0.0
632.4000000000752,50.331051,22.500018,0.08,-0.014691446656806828,-0.2775004995004968
632.5000000000753,50.393188099999996,22.5277958,0.08,0.012840773578957281,0.2728664047153546
632.6000000000753,50.2689139,22.472240200000005,0.08,-0.015076613355703672,-0.5583477386932191
632.7000000000753,50.2067768,22.444462400000003,0.08,-0.029162718832373702,-0.2817221095334006
632.8000000000753,50.2689139,22.472240200000005,0.08,0.012504064417933346,0.2772235528943138
632.9000000000754,50.331051,22.500018,0.08,0.01258723214780685,0.2783346693387461
633.0000000000754,50.2689139,22.472240200000005,0.08,0.012629024224028545,-0.27777799999989206
633.1000000000754,50.393188099999996,22.5277958,0.08,0.02665543808540425,0.5555559999998196
633.2000000000754,50.393188099999996,22.5277958,0.08,0.02665543808540425,0.0
633.3000000000754,50.2689139,22.472240200000005,0.08,-0.028625134191812028,-0.5555559999998196
633.4000000000755,50.393188099999996,22.5277958,0.08,0.013154812190733403,0.5544471057885212
633.5000000000755,50.393188099999996,22.5277958,0.08,0.013154812190733403,0.0
633.6000000000755,50.2689139,22.472240200000005,0.08,-0.000761810164545429,-0.5555559999998196
633.7000000000755,50.455325200000004,22.555573600000002,0.08,0.027126219200532032,0.8333339999997827
633.8000000000756,50.331051,22.500018,0.08,-0.0006515807994625034,-0.5555559999998907
633.9000000000756,50.393188099999996,22.5277958,0.08,0.027126219200560055,0.2777780000002434
634.0000000000756,50.393188099999996,22.5277958,0.08,0.027126219200560055,0.0
634.1000000000756,50.393188099999996,22.5277958,0.08,0.027126219200560055,0.0
634.2000000000756,50.393188099999996,22.5277958,0.08,-0.0006238307494878497,0.0
634.3000000000757,50.2689139,22.472240200000005,0.08,-0.028401630749478834,-0.5555559999998196
634.4000000000757,50.331051,22.500018,0.08,-0.0006377057744436032,0.27777800000020786
634.5000000000757,50.2689139,22.472240200000005,0.08,-0.028169926010205938,-0.27777799999989206
634.6000000000757,50.2689139,22.472240200000005,-1.5,-1.5,0.0
634.7000000000758,50.393188099999996,22.5277958,-1.5,-1.5,0.5555559999998196
634.8000000000758,50.2689139,22.472240200000005,-1.5,-1.5,-0.5555559999998196
634.9000000000758,50.2067768,22.444462400000003,-1.5,-1.5,-0.2777780000002789
635.0000000000758,50.2067768,22.444462400000003,-1.5,-1.5,0.0
635.1000000000759,49.8339542,22.2777956,-1.5,-1.5,-1.665002997003052
635.2000000000759,49.150446099999996,21.9722398,-1.5,-1.5,-3.058616616615157
635.3000000000759,48.8397606,21.8333508,-1.5,-1.5,-1.3888899999996736
635.4000000000759,48.218389599999995,21.5555728,-1.5,-1.5,-2.7777800000025406
635.5000000000759,47.7834299,21.361128200000003,-1.5,-1.5,-1.9444459999995287
635.600000000076,47.3484702,21.166683600000002,-1.5,-1.5,-1.9444459999995642
635.700000000076,46.9135105,20.972239000000002,-1.5,-1.5,-1.9444459999995642
635.800000000076,46.5406879,20.805572200000004,-1.5,-1.5,-1.666667999999601
635.900000000076,46.167865299999995,20.638905400000002,-1.5,-1.5,-1.6666680000015315
636.000000000076,45.8571798,20.5000164,-1.5,-1.5,-1.3875024975025552
636.1000000000761,45.4222201,20.3055718,-1.5,-1.354289781469657,-1.9463923923914666
636.2000000000761,45.1736717,20.194460600000003,-1.5,-1.5,-1.1088942115771134
636.3000000000761,44.8629862,20.055571600000004,-1.5,-1.5,-1.3888899999996736
636.4000000000761,44.490163599999995,19.8889048,-1.5,-1.3596362481626827,-1.666667999999672
636.5000000000762,44.1794781,19.7500158,-1.5,-1.3611684497686078,-1.390280280281186
636.6000000000762,43.8687926,19.6111268,-1.5,-1.430682463782588,-1.3902802802796037
636.7000000000762,43.558107099999994,19.4722378,-1.5,-1.5279047637825645,-1.388889999999709
636.8000000000762,43.1852845,19.305571,-1.5,-1.5834603637825535,-1.666667999999601
636.9000000000763,42.874599,19.166682,-1.5,-1.639015963782602,-1.3888900000012525
637.0000000000763,42.501776400000004,19.000015200000004,-1.5,-1.7221830296507927,-1.6633413173638183
637.1000000000763,42.191090900000006,18.861126200000005,-1.5,-1.7084468938147002,-1.390280280281186
637.2000000000763,41.8182683,18.6944594,-1.5,-1.6387662128340963,-1.6650029970030873
637.3000000000764,41.5697199,18.583348200000003,-1.5,-1.6248773128340983,-1.1111119999997103
637.4000000000764,41.259034400000004,18.444459200000004,-1.5,-1.5555719801686683,-1.3916733466939442
637.5000000000764,40.948348900000006,18.305570200000002,-1.5,-1.5277941801686776,-1.388889999999709
637.6000000000764,40.6376634,18.166681200000003,-1.5,-1.500016380168683,-1.3888899999996736
637.7000000000764,40.2648408,18.0000144,-1.5,-1.4861274801686863,-1.6666679999996366
637.8000000000765,39.8920182,17.833347600000003,-1.5,-1.4861274801686863,-1.666667999999601
637.9000000000765,39.581332700000004,17.6944586,-1.5,-1.4722385801686744,-1.388890000001288
638.0000000000765,39.2085101,17.527791800000003,-1.5,-1.4861968552935267,-1.666667999999601
638.1000000000765,38.8356875,17.361125,-1.5,-1.4720443015422404,-1.663341317365741
638.2000000000766,38.5871391,17.2500138,-1.5,-1.4722665248310793,-1.1133386773538942
638.3000000000766,38.2764536,17.111124800000002,-1.5,-1.4715789555241652,-1.375138613861388
638.4000000000766,38.0279052,17.000013600000003,-1.5,-1.4443623232009872,-1.1223353535361151
638.5000000000766,37.5929455,16.805569000000002,-1.5,-1.4720706091869062,-1.9444459999995642
638.6000000000766,37.2201229,16.6389022,-1.5,-1.4858899951729079,-1.6666679999996366
638.7000000000767,36.8473003,16.472235400000002,-1.5,-1.4997788951729025,-1.666667999999601
638.8000000000767,36.598751899999996,16.361124200000003,-1.5,-1.4720010951729097,-1.1111119999997459
638.9000000000767,36.3502035,16.250013000000003,-1.5,-1.4581121951728975,-1.111112000001009
639.0000000000767,35.9773809,16.0833462,-1.5,-1.4582785293046885,-1.6666679999996366
639.1000000000768,35.6045583,15.916679400000001,-1.5,-1.47209791529061,-1.6666679999996188
639.2000000000768,35.2317357,15.750012600000002,-1.5,-1.4721811654404364,-1.6666679999996188
639.3000000000768,34.9831873,15.6389014,-1.5,-1.472181165440439,-1.1111119999997636
639.4000000000768,34.6725018,15.500012400000001,-1.5,-1.4719726229808678,-1.3875024975025196
639.5000000000769,34.175405,15.277790000000001,-1.5,-1.5136393229809832,-2.222224000002018
639.6000000000769,33.8647195,15.138901,-1.5,-1.5135699478561269,-1.3875024975025374
639.7000000000769,33.6161711,15.027789800000003,-1.5,-1.4858477590673285,-1.1122242242236724
639.8000000000769,33.4297598,14.9444564,-1.5,-1.4436463432726654,-0.8226396841063349
639.900000000077,32.8705259,14.694456200000001,-1.5,-1.5007201631106788,-2.530366396761559
640.000000000077,32.5598404,14.5555672,-1.5,-1.486900777124759,-1.3902802802812038
640.100000000077,32.3734291,14.472233800000001,-1.5,-1.4454004112564622,-0.8333339999998005
640.200000000077,32.062743600000005,14.333344800000003,-1.5,-1.4591086022638933,-1.3875024975025196
640.300000000077,31.6277839,14.1389002,0.01,-1.944445999999582,-1.944445999999582
640.4000000000771,31.3170984,14.000011200000001,0.01,-1.6680596733467632,-1.3916733466939442
640.5000000000771,31.254961299999998,13.9722334,0.01,-1.204632448897824,-0.27777799999994535
640.6000000000771,31.068550000000002,13.888900000000001,0.01,-1.1118078366733182,-0.8333339999998005
640.7000000000771,30.5093161,13.6388998,0.01,-1.3894466693385419,-2.500001999999437
640.8000000000771,30.5093161,13.6388998,0.01,-1.157872224448785,0.0
640.9000000000772,30.1986306,13.500010800000002,0.01,-1.1906765491707472,-1.3875024975025196
641.0000000000772,30.012219299999998,13.416677400000001,0.01,-1.1461130015454943,-0.8341681681687257
641.1000000000772,30.1364935,13.472233000000001,0.01,-0.9571618785083756,0.5544471057885744
641.2000000000772,29.7636709,13.305566200000001,0.01,-1.0284464922606222,-1.6700080160308415
641.3000000000773,29.9500822,13.388899600000002,0.01,-0.8591937202369458,0.8333339999998183
641.4000000000773,29.825808000000002,13.333344,0.01,-0.8338905768839106,-0.5555560000005223
641.5000000000773,29.7636709,13.305566200000001,0.01,-0.7911126863543733,-0.2777779999999276
641.6000000000773,29.8879451,13.361121800000001,0.01,-0.6949220659004985,0.5555559999998729
641.7000000000774,29.7636709,13.305566200000001,0.01,-0.6856309948404569,-0.5555559999998729
641.8000000000774,29.7636709,13.305566200000001,0.01,-0.6427790576629283,0.0
641.9000000000774,29.8879451,13.361121800000001,0.01,-0.5722887601533146,0.5555560000005045
642.0000000000774,29.7636709,13.305566200000001,0.01,-0.5713591623670123,-0.5555559999998729
642.1000000000774,29.7636709,13.305566200000001,0.01,-0.5412876275055907,0.0
642.2000000000775,29.825808000000002,13.333344,0.01,-0.5003343461303148,0.2777779999999276
642.3000000000775,29.7636709,13.305566200000001,0.01,-0.41700094613033195,-0.2777779999999276
642.4000000000775,29.7015338,13.2777884,0.01,-0.36130617879564786,-0.27777800000026115
642.5000000000775,29.8879451,13.361121800000001,0.01,-0.3057505787956597,0.8333339999998183
642.6000000000776,29.825808000000002,13.333344,0.01,-0.2779727787956669,-0.27777799999994535
642.7000000000776,29.825808000000002,13.333344,0.01,-0.1529726787956951,0.0
642.8000000000776,29.8879451,13.361121800000001,0.01,-0.13909765382066935,0.2775004995005146
642.9000000000776,29.825808000000002,13.333344,0.01,-0.08362533174835576,-0.27805605605624784
643.0000000000776,29.8879451,13.361121800000001,0.01,-0.02802802333992217,0.27777799999994535
643.1000000000777,29.9500822,13.388899600000002,0.01,-0.04186147862935364,0.27777799999994535
643.2000000000777,29.825808000000002,13.333344,0.01,0.013916566882758857,-0.5544471057885921
643.3000000000777,29.8879451,13.361121800000001,0.01,-0.013833399650307934,0.27833466933848244
643.4000000000777,29.8879451,13.361121800000001,0.01,0.013944400349718175,0.0
643.5000000000778,29.7636709,13.305566200000001,0.01,5.550034972090501e-05,-0.5555559999998729
643.6000000000778,29.825808000000002,13.333344,0.01,-0.013833399650276352,0.2777779999999276
643.7000000000778,29.9500822,13.388899600000002,0.01,0.041722200349711816,0.5555559999998907
643.8000000000778,29.7636709,13.305566200000001,0.01,5.550034972090501e-05,-0.8333339999998183
643.9000000000779,29.8879451,13.361121800000001,0.01,5.5500349720910556e-05,0.5555560000005045
644.0000000000779,29.8879451,13.361121800000001,0.01,0.027833300349714558,0.0
644.1000000000779,29.825808000000002,13.333344,0.01,0.013958275374688828,-0.2775004995005146
644.2000000000779,29.8879451,13.361121800000001,0.01,0.01397217817748902,0.2780560560559314
644.300000000078,29.9500822,13.388899600000002,0.01,0.041736103152511125,0.2775004995005146
644.400000000078,29.825808000000002,13.333344,0.01,0.027847203152529653,-0.5555559999998907
644.500000000078,29.8879451,13.361121800000001,0.01,6.940315255179186e-05,0.27777800000026115
644.600000000078,29.8879451,13.361121800000001,0.01,0.013958303152549058,0.0
644.700000000078,29.8879451,13.361121800000001,0.01,0.013958303152549058,0.0
644.8000000000781,29.8879451,13.361121800000001,0.01,8.327817752333544e-05,0.0
644.9000000000781,29.9500822,13.388899600000002,0.01,0.027874980980332996,0.27777799999994535
645.0000000000781,29.825808000000002,13.333344,0.01,-0.013791719019658807,-0.5555559999998907
645.1000000000781,29.8879451,13.361121800000001,0.01,-0.013791719019643026,0.27777800000026115
645.2000000000781,29.9500822,13.388899600000002,0.01,0.02781953626978385,0.27777799999994535
645.3000000000782,29.8879451,13.361121800000001,0.01,6.923706581247746e-05,-0.2766713147409451
645.4000000000782,29.9500822,13.388899600000002,0.01,0.013999929142043777,0.278613841524626
645.5000000000782,29.9500822,13.388899600000002,0.01,0.04177772914203742,0.0
645.6000000000782,29.825808000000002,13.333344,0.01,0.00011102914201492897,-0.5555560000005223
645.7000000000783,29.8879451,13.361121800000001,0.01,-0.013777870857982339,0.27777799999994535
645.8000000000783,30.012219299999998,13.416677400000001,0.01,0.05561118443143729,0.5544471057885744
645.9000000000783,29.825808000000002,13.333344,0.01,-0.013875023976976758,-0.8341681681677765
646.0000000000783,29.9500822,13.388899600000002,0.01,0.013902776023017777,0.5555559999998907
646.1000000000784,29.8879451,13.361121800000001,0.01,0.013902776023017777,-0.2775004995005146
646.2000000000784,29.825808000000002,13.333344,0.01,-0.01391676024671877,-0.2783346693387995
646.3000000000784,29.9500822,13.388899600000002,0.01,-4.173527169304414e-05,0.5550009990010292
646.4000000000784,30.012219299999998,13.416677400000001,0.01,0.04162496472829787,0.2777779999999276
646.5000000000784,29.825808000000002,13.333344,0.01,-0.013930635271706099,-0.8333339999998183
646.6000000000785,29.8879451,13.361121800000001,0.01,-4.173527170883151e-05,0.27777799999994535
646.7000000000785,29.9500822,13.388899600000002,0.01,0.013847164728304226,0.27777800000026115
646.8000000000785,29.8879451,13.361121800000001,0.01,-2.7860246721503336e-05,-0.2775004995005146
646.9000000000785,29.9500822,13.388899600000002,0.01,-1.3957443922199553e-05,0.2780560560559314
647.0000000000786,30.012219299999998,13.416677400000001,0.01,0.041666645358868014,0.27805605605591366
647.1000000000786,29.8879451,13.361121800000001,0.01,5.539006942624769e-05,-0.5544471057885744
647.2000000000786,29.9500822,13.388899600000002,0.01,5.5390069426244914e-05,0.27777799999994535
647.3000000000786,29.9500822,13.388899600000002,0.01,0.013888955806473502,0.0
647.4000000000786,29.8879451,13.361121800000001,0.01,-0.013958469736681928,-0.27833466933848244
647.5000000000787,29.9500822,13.388899600000002,0.01,-9.72920919671244e-05,0.27722355289429607
647.6000000000787,30.0743564,13.4444552,0.01,0.05548611351365036,0.5561121121118273
647.7000000000787,29.9500822,13.388899600000002,0.01,0.01379160790803009,-0.5561121121124601
647.8000000000787,29.9500822,13.388899600000002,0.01,-0.013930747381398637,0.0
647.9000000000788,29.9500822,13.388899600000002,0.01,0.027777661026990186,0.0
648.0000000000788,29.8879451,13.361121800000001,0.01,-0.01390294177580092,-0.2780560560559314
648.1000000000788,29.9500822,13.388899600000002,0.01,0.01384710817425055,0.2775004995005146
648.2000000000788,29.9500822,13.388899600000002,0.01,0.027763841641190518,0.0
648.3000000000789,29.8879451,13.361121800000001,0.01,-0.013875108308858209,-0.27777799999994535
648.4000000000789,30.012219299999998,13.416677400000001,0.01,1.3791691139058982e-05,0.5555559999998729
648.5000000000789,29.9500822,13.388899600000002,0.01,0.027791591691133592,-0.2777779999999276
648.6000000000789,29.825808000000002,13.333344,0.01,-0.013875108308858203,-0.5555559999998907
648.700000000079,29.9500822,13.388899600000002,0.01,-1.395835881980445e-05,0.5550009990010292
648.800000000079,29.9500822,13.388899600000002,0.01,0.013861066616205925,0.0
648.900000000079,29.8879451,13.361121800000001,0.01,-0.013916761161616376,-0.2775004995005146
649.000000000079,30.012219299999998,13.416677400000001,0.01,-4.176396441841756e-05,0.5555559999998729
649.100000000079,29.9500822,13.388899600000002,0.01,0.013805566349985466,-0.2775004995004968
649.2000000000791,29.8879451,13.361121800000001,0.01,-0.014000067116951778,-0.2783346693387995
649.3000000000791,29.9500822,13.388899600000002,0.01,-0.0001250421419260489,0.2775004995005146
649.4000000000791,29.9500822,13.388899600000002,0.01,0.013791691324998075,0.0
649.5000000000791,29.8879451,13.361121800000001,0.01,-0.014098678238902507,-0.28058383838371553
649.6000000000791,30.012219299999998,13.416677400000001,0.01,-0.014126483844500225,0.5555559999998729
649.7000000000792,29.9500822,13.388899600000002,0.01,-0.0002236810416887225,-0.27805605605623007
649.8000000000792,29.8879451,13.361121800000001,0.01,-0.013920821081135204,-0.27394280078892963
649.9000000000792,30.012219299999998,13.416677400000001,0.01,0.014251389872202157,0.5634442190667472
650.0000000000792,30.0743564,13.4444552,0.01,0.04202921765002357,0.2775004995004968
650.1000000000793,29.9500822,13.388899600000002,0.01,0.0004041427249481588,-0.5550009990009936
650.2000000000793,30.012219299999998,13.416677400000001,0.01,0.014306945527759662,0.27805605605623007
650.3000000000793,29.9500822,13.388899600000002,0.01,0.014293042724961246,-0.27805605605591366
650.4000000000793,29.8879451,13.361121800000001,0.01,-0.02733211520126142,-0.27694715852458035
650.5000000000794,29.9500822,13.388899600000002,0.01,0.0004595876015315331,0.2780560560559314
650.6000000000794,30.0743564,13.4444552,0.01,0.056042993207117434,0.5561121121118273
650.7000000000794,29.8879451,13.361121800000001,0.01,-0.013415465151369427,-0.834168168168708
650.8000000000794,29.9500822,13.388899600000002,0.01,0.00045955982365630257,0.2775004995005146
650.9000000000794,29.9500822,13.388899600000002,0.01,0.014334584798682031,0.0
651.0000000000795,29.8879451,13.361121800000001,0.01,-0.027346018004108193,-0.2780560560559314
651.1000000000795,30.012219299999998,13.416677400000001,0.01,0.014251362260345374,0.5544471057885744
651.2000000000795,29.9500822,13.388899600000002,0.01,0.014279195727288974,-0.2777779999999276
651.3000000000795,29.8879451,13.361121800000001,0.01,-0.013498632050549148,-0.27805605605624784
651.4000000000796,30.012219299999998,13.416677400000001,0.01,0.0142791679494445,0.5555559999998729
651.5000000000796,29.9500822,13.388899600000002,0.01,0.0144194598686339,-0.2777779999999276
651.6000000000796,29.8879451,13.361121800000001,0.01,-0.02724724013135702,-0.27777799999994535
651.7000000000796,30.012219299999998,13.416677400000001,0.01,0.01443336267147971,0.5555560000005045
651.8000000000796,29.9500822,13.388899600000002,0.01,0.014269325066228005,-0.27722355289396383
651.9000000000797,30.012219299999998,13.416677400000001,0.01,-8.308429785830462e-08,0.27805605605623007
652.0000000000797,30.012219299999998,13.416677400000001,0.01,-0.0138751080593227,0.0
652.1000000000797,29.9500822,13.388899600000002,0.01,-1.395810928518093e-05,-0.2777780000002434
652.2000000000797,29.8879451,13.361121800000001,0.01,-0.02779178588712241,-0.2775004995005146
652.3000000000798,30.012219299999998,13.416677400000001,0.01,0.013833372205070535,0.5544471057879453
652.4000000000798,29.9500822,13.388899600000002,0.01,0.013763996664360461,-0.2783346693387817
652.5000000000798,29.8879451,13.361121800000001,0.01,-0.014027706138433373,-0.27777799999994535
652.6000000000798,30.0743564,13.4444552,0.01,-0.00012490333558934363,0.834168168168708
652.7000000000799,29.9500822,13.388899600000002,0.01,0.013861149783449673,-0.5544471057879277
652.8000000000799,29.8879451,13.361121800000001,0.01,-0.013902775191589108,-0.27777800000026115
652.9000000000799,30.0743564,13.4444552,0.01,0.027805633216798832,0.8341681681677587
653.0000000000799,29.9500822,13.388899600000002,0.01,0.01390283041400403,-0.5561121121118273
653.10000000008,29.8879451,13.361121800000001,0.01,-0.027694549850450417,-0.2775004995005146
653.20000000008,30.0743564,13.4444552,0.01,0.027902758557981362,0.834168168168708
653.30000000008,30.012219299999998,13.416677400000001,0.01,0.027930536385768905,-0.2775004995004968
653.40000000008,29.8879451,13.361121800000001,0.01,-0.027625063614218383,-0.5555559999998729
653.50000000008,30.0743564,13.4444552,0.01,0.027930536385768024,0.8333339999998005
653.6000000000801,30.012219299999998,13.416677400000001,0.01,0.027930536385768905,-0.2777779999999276
653.7000000000801,29.9500822,13.388899600000002,0.01,-0.013722288589281161,-0.2775004995004968
653.8000000000801,30.0743564,13.4444552,0.01,0.02791668905544138,0.5555560000004868
653.9000000000801,30.012219299999998,13.416677400000001,0.01,0.00011108344983418172,-0.27805605605591366
654.0000000000801,29.8879451,13.361121800000001,0.01,-0.027666716550159464,-0.5555559999998729
654.1000000000802,30.0743564,13.4444552,0.01,0.027847258374928123,0.8325014985015082
654.2000000000802,30.0743564,13.4444552,0.01,0.041722283349953856,0.0
654.3000000000802,30.0743564,13.4444552,0.01,0.013999928060556588,0.0
654.4000000000802,30.0743564,13.4444552,0.01,0.027916661527495674,0.0
654.5000000000803,30.012219299999998,13.416677400000001,0.01,0.027888828060569703,-0.2783346693384647
654.6000000000803,29.8879451,13.361121800000001,0.01,-0.04159738034785935,-0.5555559999998729
654.7000000000803,30.0743564,13.4444552,0.01,0.02779167494157444,0.833334000000748
654.8000000000803,29.9500822,13.388899600000002,0.01,0.013902774941594736,-0.5555559999998552
654.9000000000804,30.0743564,13.4444552,0.01,-5.558351674351258e-05,0.5550009990009936
655.0000000000804,30.0743564,13.4444552,0.01,0.02775002208884785,0.0
655.1000000000804,30.012219299999998,13.416677400000001,0.01,0.027805246068850663,-0.2763960199004583
655.2000000000804,29.9500822,13.388899600000002,0.01,-0.027861855806932057,-0.2791738693469464
655.3000000000804,30.0743564,13.4444552,0.01,0.013790969168085542,0.5555559999998552
655.4000000000805,30.1364935,13.472233000000001,0.01,0.055457669168076464,0.27777799999994535
655.5000000000805,30.0743564,13.4444552,0.01,-9.793083191083074e-05,-0.27777799999994535
655.6000000000805,30.0743564,13.4444552,0.01,0.013790969168085542,0.0
655.7000000000805,30.012219299999998,13.416677400000001,0.01,0.013804816498412198,-0.27722355289396383
655.8000000000806,29.9500822,13.388899600000002,0.01,-0.027697192987784624,-0.2744841897234497
655.9000000000806,30.1364935,13.472233000000001,0.01,0.028421111334763965,0.8443100303950583
656.0000000000806,30.012219299999998,13.416677400000001,0.01,0.028393305729165354,-0.5561121121118451
656.1000000000806,30.0743564,13.4444552,0.01,0.0006432557791147875,0.2775004995004968
656.2000000000806,30.0743564,13.4444552,0.01,0.0006432557791147875,0.0
656.3000000000807,30.012219299999998,13.416677400000001,0.01,-0.013217921865583404,-0.27722355289396383
656.4000000000807,29.9500822,13.388899600000002,0.01,-0.02707909951029732,-0.27722355289427836
656.5000000000807,30.1364935,13.472233000000001,0.01,0.028671670101199753,0.8366807228914768
656.6000000000807,30.1364935,13.472233000000001,0.01,0.05644947010119341,0.0
656.7000000000808,29.9500822,13.388899600000002,0.01,-0.026883929898881397,-0.833334000000748
656.8000000000808,30.0743564,13.4444552,0.01,0.028643920051161044,0.5550009990009936
656.9000000000808,30.012219299999998,13.416677400000001,0.01,-0.013008932701684323,-0.27805605605591366
657.0000000000808,29.9500822,13.388899600000002,0.01,-0.026897832701680703,-0.2777779999999276
657.1000000000809,30.0743564,13.4444552,0.01,0.01469976829333497,0.5555559999998552
657.2000000000809,30.012219299999998,13.416677400000001,0.01,0.01478343678565745,-0.2775004995004968
657.3000000000809,30.0743564,13.4444552,0.01,0.0009223702526037769,0.2783346693387817
657.4000000000809,30.0743564,13.4444552,0.01,-0.01296652974739349,0.0
657.500000000081,30.012219299999998,13.416677400000001,0.01,-0.012966529747392602,-0.2777779999999276
657.600000000081,29.9500822,13.388899600000002,0.01,-0.02685542974738898,-0.2777779999999276
657.700000000081,30.1364935,13.472233000000001,0.01,0.02867244789734661,0.833334000000748
657.800000000081,30.012219299999998,13.416677400000001,0.01,0.014646607433468522,-0.5550009990010114
657.900000000081,29.9500822,13.388899600000002,0.01,-0.041471696889080076,-0.27805605605591366
658.0000000000811,30.0743564,13.4444552,0.01,0.01411170871650494,0.5555559999998552
658.1000000000811,30.012219299999998,13.416677400000001,0.01,-0.013652216258516281,-0.2777779999999276
658.2000000000811,30.012219299999998,13.416677400000001,0.01,-0.013652216258516281,0.0
658.3000000000811,30.0743564,13.4444552,0.01,0.014125694853120995,0.2783346693387817
658.4000000000811,30.012219299999998,13.416677400000001,0.01,0.014097972497838535,-0.2777779999999276
658.5000000000812,30.0743564,13.4444552,0.01,-0.013847163646738925,0.2777779999999276
658.6000000000812,30.1364935,13.472233000000001,0.01,4.1736353258342576e-05,0.27777799999994535
658.7000000000812,30.012219299999998,13.416677400000001,0.01,0.013930636353270515,-0.5555560000005045
658.8000000000812,29.9500822,13.388899600000002,0.01,-0.027708313596775547,-0.2777779999999276
658.9000000000813,30.1364935,13.472233000000001,0.01,0.02781956413109555,0.8325014985015082
659.0000000000813,30.0743564,13.4444552,0.01,0.027805661328295355,-0.2780560560559314
659.1000000000813,29.9500822,13.388899600000002,0.01,-0.02777774427732041,-0.5561121121124601
659.2000000000813,30.1364935,13.472233000000001,0.01,0.027722355622779842,0.8325014985015082
659.3000000000814,30.0743564,13.4444552,0.01,-8.327784415650962e-05,-0.27777799999994535
659.4000000000814,29.9500822,13.388899600000002,0.01,-0.027833327794206192,-0.5550009990009936
659.5000000000814,30.0743564,13.4444552,0.01,0.013861177811381553,0.5561121121118273
659.6000000000814,30.0743564,13.4444552,0.01,0.02775007781137793,0.0
659.7000000000814,30.012219299999998,13.416677400000001,0.01,-0.02779164716368431,-0.2775004995004968
659.8000000000815,30.1364935,13.472233000000001,0.01,0.02773620278635991,0.5555559999998729
659.9000000000815,30.0743564,13.4444552,0.01,0.02777782794444079,-0.27722355289429607
660.0000000000815,30.012219299999998,13.416677400000001,0.01,-0.013916705522475203,-0.2783346693384647
660.1000000000815,30.1364935,13.472233000000001,0.01,0.027749994477514823,0.5555559999998729
660.2000000000816,30.0743564,13.4444552,0.01,0.013861094477501765,-0.27777800000026115
660.3000000000816,30.012219299999998,13.416677400000001,0.01,-0.0139445389894337,-0.2777779999999276
660.4000000000816,30.1364935,13.472233000000001,0.01,0.027722161010556322,0.5555559999998729
660.5000000000816,30.0743564,13.4444552,0.01,-4.176396446578245e-05,-0.2775004995005146
660.6000000000816,30.012219299999998,13.416677400000001,0.01,-0.027833466767258737,-0.27805605605591366
660.7000000000817,30.1364935,13.472233000000001,0.01,0.027722133232791723,0.5555560000005045
660.8000000000817,30.0743564,13.4444552,0.01,0.027708230429991522,-0.2780560560559314
660.9000000000817,30.012219299999998,13.416677400000001,0.01,-0.027791869470108727,-0.2775004995004968
661.0000000000817,30.1364935,13.472233000000001,0.01,0.013888733332681494,0.5555559999998729
661.1000000000818,30.1364935,13.472233000000001,0.01,0.0416943389383045,0.0
661.2000000000818,30.012219299999998,13.416677400000001,0.01,-0.027653091276199627,-0.5544471057885744
661.3000000000818,30.1364935,13.472233000000001,0.01,0.014041414329421534,0.5561121121124779
661.4000000000818,30.0743564,13.4444552,0.01,0.027916439304445477,-0.2775004995005146
661.5000000000819,30.012219299999998,13.416677400000001,0.01,-0.013805899768069113,-0.2783346693384647
661.6000000000819,30.1986306,13.500010800000002,0.01,0.0278608002319218,0.8333339999998183
661.7000000000819,30.0743564,13.4444552,0.01,0.013985775256895183,-0.5550009990010292
661.8000000000819,30.1364935,13.472233000000001,0.01,0.00011077805971392296,0.27805605605624784
661.900000000082,30.1364935,13.472233000000001,0.01,0.013971955704428735,0.0
662.000000000082,30.0743564,13.4444552,0.01,0.014027511526637167,-0.27722355289429607
662.100000000082,30.012219299999998,13.416677400000001,0.01,-0.027625313448381327,-0.2775004995004968
662.200000000082,30.1364935,13.472233000000001,0.01,0.014124970704093433,0.5572276830492341
662.300000000082,30.0743564,13.4444552,0.01,0.014138845729064087,-0.2775004995005146
662.4000000000821,30.0743564,13.4444552,0.01,-0.013638954270929565,0.0
662.5000000000821,30.1986306,13.500010800000002,0.01,0.028069537637944418,0.5566693386769649
662.6000000000821,30.0743564,13.4444552,0.01,0.014194540440745557,-0.5555559999998907
662.7000000000821,30.0743564,13.4444552,0.01,-0.01358325955927967,0.0
662.8000000000822,30.1986306,13.500010800000002,0.01,0.028069593193568367,0.5550009990010292
662.9000000000822,30.0743564,13.4444552,0.01,0.014166818168598666,-0.5555559999998907
663.0000000000822,30.0743564,13.4444552,0.01,-0.013610981831394975,0.0
663.1000000000822,30.1986306,13.500010800000002,0.01,0.014166818168599559,0.5555559999998907
663.2000000000822,30.1364935,13.472233000000001,0.01,0.028000273458015222,-0.27777800000026115
663.3000000000823,30.0743564,13.4444552,0.01,-0.013708134950405251,-0.2780560560559314
663.4000000000823,30.1986306,13.500010800000002,0.01,0.02791693997467195,0.5550009990010292
663.5000000000823,30.1364935,13.472233000000001,0.01,0.027944773441597914,-0.27777799999994535
663.6000000000823,30.0743564,13.4444552,0.01,-0.02745971093030596,-0.2747556874382591
663.7000000000824,30.1986306,13.500010800000002,0.01,0.028377093317028323,0.5617350859456564
663.8000000000824,30.1364935,13.472233000000001,0.01,0.0005714877114193495,-0.2780560560559314
663.9000000000824,30.0743564,13.4444552,0.01,-0.013317412288577917,-0.27777799999994535
664.0000000000824,30.1986306,13.500010800000002,0.01,0.028293815306188352,0.5550009990010292
664.1000000000824,30.1986306,13.500010800000002,0.01,0.042168840281213184,0.0
664.2000000000825,30.0743564,13.4444552,0.01,-0.0134981494768733,-0.5561121121124957
664.3000000000825,30.1364935,13.472233000000001,0.01,0.014265775498149696,0.27777799999994535
664.4000000000825,30.1364935,13.472233000000001,0.01,0.014265775498149696,0.0
664.5000000000825,30.0743564,13.4444552,0.01,-0.027456591435695815,-0.27777799999994535
664.6000000000826,30.1364935,13.472233000000001,0.01,0.014182386209013529,0.27722355289429607
664.7000000000826,30.260767700000002,13.527788600000003,0.01,0.04201585314289348,0.556669338677599
664.8000000000826,30.1364935,13.472233000000001,0.01,-0.013539802412751125,-0.5561121121118628
664.9000000000826,30.1986306,13.500010800000002,0.01,0.028126897587240678,0.27777799999994535
665.0000000000827,30.1364935,13.472233000000001,0.01,0.01425187261221495,-0.2775004995005146
665.1000000000827,30.0743564,13.4444552,0.01,-0.02740095236280532,-0.2775004995005146
665.2000000000827,30.1986306,13.500010800000002,0.01,0.014293553242832524,0.5561121121124957
665.3000000000827,30.260767700000002,13.527788600000003,0.01,0.04209915884842567,0.2780560560559314
665.4000000000827,30.1364935,13.472233000000001,0.01,-0.013345606954083832,-0.5538943170491607
665.5000000000828,30.1986306,13.500010800000002,0.01,0.014446095848710011,0.2780560560559314
665.6000000000828,30.1364935,13.472233000000001,0.01,0.014267146753682994,-0.2783346693387995
665.7000000000828,30.1364935,13.472233000000001,0.01,-0.013819607543599824,0.0
665.8000000000828,30.1986306,13.500010800000002,0.01,0.013972095259194014,0.27777799999994535
665.9000000000829,30.260767700000002,13.527788600000003,0.01,0.04174989525918855,0.27777799999994535
666.0000000000829,30.1364935,13.472233000000001,0.01,-0.013805760296456051,-0.5561121121118628
666.1000000000829,30.1986306,13.500010800000002,0.01,8.313970355700585e-05,0.27777800000026115
666.2000000000829,30.260767700000002,13.527788600000003,0.01,0.04176377028420751,0.2775004995005146
666.300000000083,30.1364935,13.472233000000001,0.01,0.00015251499481209742,-0.5544471057879631
666.400000000083,30.1986306,13.500010800000002,0.01,0.014069248461752074,0.2783346693387995
666.500000000083,30.3229048,13.5555664,0.01,0.055652864314205595,0.5538943170491253
666.600000000083,30.1364935,13.472233000000001,0.01,-3.895591536573484e-07,-0.8358415245728892
666.700000000083,30.1986306,13.500010800000002,0.01,-0.013958831518007886,0.2775004995005146
666.8000000000831,30.1986306,13.500010800000002,0.01,0.013846774087585256,0.0
666.9000000000831,30.1364935,13.472233000000001,0.01,-0.013931025912409273,-0.27777799999994535
667.0000000000831,30.1986306,13.500010800000002,0.01,0.013832899062613724,0.27777799999994535
667.1000000000831,30.3229048,13.5555664,0.01,0.0554857240376322,0.5555559999998552
667.2000000000832,30.1986306,13.500010800000002,0.01,-1.4597420448836384e-05,-0.5538943170491253
667.3000000000832,30.0743564,13.4444552,0.01,-0.04177878437570801,-0.557227683049252
667.4000000000832,30.3229048,13.5555664,0.01,0.04147153147673732,1.1111119999997459
667.5000000000832,30.1986306,13.500010800000002,0.01,-0.00020907132605201272,-0.5555559999998552
667.6000000000832,30.1364935,13.472233000000001,0.01,-0.00018123785910930111,-0.27777799999994535
667.7000000000833,30.3229048,13.5555664,0.01,0.041278165125960324,0.8291880597013925
667.8000000000833,30.1986306,13.500010800000002,0.01,-0.0005281218087315797,-0.5583477386938928
667.9000000000833,30.260767700000002,13.527788600000003,0.01,-0.0005142190059322759,0.2780560560559314
668.0000000000833,30.3229048,13.5555664,0.01,0.04116641157468482,0.27750049950047906
668.1000000000834,30.1986306,13.500010800000002,0.01,-0.0005002884253209993,-0.5555559999998552
668.2000000000834,30.260767700000002,13.527788600000003,0.01,-0.0004725105975343369,0.27805605605624784
668.3000000000834,30.3229048,13.5555664,0.01,0.041124869666887776,0.27750049950047906
668.4000000000834,30.1986306,13.500010800000002,0.01,-0.0005419137501018855,-0.5550009990009936
668.5000000000834,30.1986306,13.500010800000002,0.01,-0.02823662960255815,0.0
668.6000000000835,30.260767700000002,13.527788600000003,0.01,0.02745824942888288,0.2780560560559314
668.7000000000835,30.1986306,13.500010800000002,0.01,-0.0003056755461559063,-0.27777800000026115
668.8000000000835,30.260767700000002,13.527788600000003,0.01,0.013583224453841362,0.27777799999994535
668.9000000000835,30.3229048,13.5555664,0.01,0.041347149428862584,0.27750049950047906
669.0000000000836,30.1986306,13.500010800000002,0.01,-0.0003752175049811568,-0.5566693386769294
669.1000000000836,30.1364935,13.472233000000001,0.01,-0.04202804247999964,-0.2775004995005146
669.2000000000836,30.3229048,13.5555664,0.01,0.02733337337249402,0.833334000000748
669.3000000000836,30.1986306,13.500010800000002,0.01,0.02741695752496386,-0.5555559999998552
669.4000000000837,30.260767700000002,13.527788600000003,0.01,-0.014249742475026162,0.27777799999994535
669.5000000000837,30.3229048,13.5555664,0.01,0.027416957524962083,0.2777779999999098
669.6000000000837,30.260767700000002,13.527788600000003,0.01,0.027568073153048156,-0.274755687438224
669.7000000000837,30.1986306,13.500010800000002,0.01,-0.027906365149879642,-0.2803007063571633
669.8000000000837,30.260767700000002,13.527788600000003,0.01,0.013941713861046295,0.278613841524626
669.9000000000838,30.260767700000002,13.527788600000003,0.01,3.891105824972429e-05,0.0
670.0000000000838,30.1364935,13.472233000000001,0.01,-0.04128453288912095,-0.5489683794469344
670.1000000000838,30.3229048,13.5555664,0.01,0.028666040390182307,0.8434554655862099
670.2000000000838,30.260767700000002,13.527788600000003,0.01,0.0008882126123459621,-0.27750049950047906
670.3000000000839,30.1364935,13.472233000000001,0.01,-0.040792417968302776,-0.5561121121124957
670.4000000000839,30.3229048,13.5555664,0.01,0.028624331981736927,0.8333339999998005
670.5000000000839,30.260767700000002,13.527788600000003,0.01,0.01487294584312428,-0.27502772277225296
670.6000000000839,30.1986306,13.500010800000002,0.01,-0.013044892277530456,-0.2803007063571633
670.700000000084,30.3229048,13.5555664,0.01,0.028292426694827573,0.5489683794468994
670.800000000084,30.260767700000002,13.527788600000003,0.01,0.00031742121816297485,-0.2817221095333466
670.900000000084,30.1986306,13.500010800000002,0.01,-0.02743262873188671,-0.2775004995005146
671.000000000084,30.3229048,13.5555664,0.01,0.028150888152009446,0.5550009990009936
671.100000000084,30.260767700000002,13.527788600000003,0.01,0.028137013127039683,-0.2777779999999098
671.2000000000841,30.1986306,13.500010800000002,0.01,-0.027446420339937695,-0.2783346693387995
671.3000000000841,30.3229048,13.5555664,0.01,0.02732632621010882,0.5398989310010751
671.4000000000841,30.260767700000002,13.527788600000003,0.01,-0.0006773095622328474,-0.282294715446888
671.5000000000841,30.1986306,13.500010800000002,0.01,-0.02859540148143023,-0.2805838383840377
671.6000000000842,30.3229048,13.5555664,0.01,0.01275451012706447,0.5522425447316699
671.7000000000842,30.3850419,13.5833442,0.01,0.04075635309848615,0.2797361530712703
671.8000000000842,30.1986306,13.500010800000002,0.01,-0.01442849739358661,-0.8250831683168293
671.9000000000842,30.3229048,13.5555664,0.01,0.01362988644481537,0.5611676767680396
672.0000000000842,30.260767700000002,13.527788600000003,0.01,0.027175502614367297,-0.27805605605589584
672.1000000000843,30.1986306,13.500010800000002,0.01,-0.02888617066494046,-0.27777799999994535
672.2000000000843,30.3229048,13.5555664,0.01,0.01276665431010783,0.5555560000004868
672.3000000000843,30.3850419,13.5833442,0.01,0.05446115991572988,0.27777799999994535
672.4000000000843,30.260767700000002,13.527788600000003,0.01,-0.014983340084252905,-0.5555559999998552
672.5000000000844,30.3229048,13.5555664,0.01,0.01265694605435524,0.2777779999999098
672.6000000000844,30.3850419,13.5833442,0.01,0.04054700634723912,0.2775004995005146
672.7000000000844,30.260767700000002,13.527788600000003,0.01,-0.014679212625098598,-0.5555559999998552
672.8000000000844,30.3229048,13.5555664,0.01,0.01332362631850693,0.27833466933876394
672.9000000000844,30.447179000000002,13.611122000000002,0.01,0.05494870124358411,0.5550009990010292
673.0000000000845,30.260767700000002,13.527788600000003,0.01,-0.01446804870645559,-0.8333339999998005
673.1000000000845,30.3229048,13.5555664,0.01,0.013309751293535389,0.2777779999999098
673.2000000000845,30.3229048,13.5555664,0.01,0.027226484760475365,0.0
673.3000000000845,30.260767700000002,13.527788600000003,0.01,-0.013519847928191036,-0.27502772277225296
673.4000000000846,30.3229048,13.5555664,0.01,0.014624079763353457,0.28058383838400186
673.5000000000846,30.3850419,13.5833442,0.01,0.04255607448535192,0.2780560560559314
673.6000000000846,30.260767700000002,13.527788600000003,0.01,-0.012833852751224336,-0.5555559999998552
673.7000000000846,30.3850419,13.5833442,0.01,0.0007093693276439717,0.5506005946486365
673.8000000000847,30.3850419,13.5833442,0.01,0.04196352774348543,0.0
673.9000000000847,30.3229048,13.5555664,0.01,1.6243905070395525e-05,-0.27777800000026115
674.0000000000847,30.3229048,13.5555664,0.01,0.013919046707865193,0.0
674.1000000000847,30.3850419,13.5833442,0.01,0.04168297168288819,0.2775004995005146
674.2000000000847,30.3229048,13.5555664,0.01,-1.1561784060273861e-05,-0.27833466933848244
674.3000000000848,30.1986306,13.500010800000002,0.01,-0.04162281707348538,-0.5544471057885567
674.4000000000848,30.447179000000002,13.611122000000002,0.01,0.04187775123143078,1.1144553660984682
674.5000000000848,30.3229048,13.5555664,0.01,0.00021105123144076198,-0.5555559999998907
674.6000000000848,30.3229048,13.5555664,0.01,-0.013663973743584962,0.0
674.7000000000849,30.447179000000002,13.611122000000002,0.01,0.04186387620645925,0.5550009990010292
674.8000000000849,30.3229048,13.5555664,0.01,0.00014153713389627453,-0.5561121121124957
674.9000000000849,30.3850419,13.5833442,0.01,-0.013733487841129455,0.2775004995005146
675.0000000000849,30.447179000000002,13.611122000000002,0.01,0.041836014961657134,0.2780560560559314
675.100000000085,30.3229048,13.5555664,0.01,0.00016931496166711635,-0.5555559999998907
675.200000000085,30.260767700000002,13.527788600000003,0.01,-0.013582071176945532,-0.27502772277225296
675.300000000085,30.447179000000002,13.611122000000002,0.01,0.042214420915288056,0.8409021190724189
675.400000000085,30.3229048,13.5555664,0.01,0.000379623390494821,-0.5561121121118628
675.500000000085,30.260767700000002,13.527788600000003,0.01,-0.0273982043873257,-0.27750049950047906
675.6000000000851,30.447179000000002,13.611122000000002,0.01,0.042046295612657075,0.8333339999998005
675.7000000000851,30.3850419,13.5833442,0.01,0.0006412409051995249,-0.2775004995005146
675.8000000000851,30.3229048,13.5555664,0.01,-0.013275492561740451,-0.2783346693387995
675.9000000000851,30.447179000000002,13.611122000000002,0.01,0.028363457388324066,0.5550009990010292
676.0000000000852,30.3850419,13.5833442,0.01,0.014474557388326797,-0.27777799999994535
676.1000000000852,30.260767700000002,13.527788600000003,0.01,-0.027206073192290302,-0.5561121121118273
676.2000000000852,30.447179000000002,13.611122000000002,0.01,0.02833573519970924,0.8325014985015082
676.3000000000852,30.3229048,13.5555664,0.01,0.028252484883512296,-0.5561121121124957
676.4000000000852,30.3229048,13.5555664,0.01,-0.02747028342141112,0.0
676.5000000000853,30.447179000000002,13.611122000000002,0.01,0.028085316578577952,0.5555559999998907
676.6000000000853,30.447179000000002,13.611122000000002,0.01,0.028085316578577952,0.0
676.7000000000853,30.3229048,13.5555664,0.01,-0.02703202401187187,-0.5473458128079672
676.8000000000853,30.447179000000002,13.611122000000002,0.01,0.029003053138477942,0.5645894308945005
676.9000000000854,30.3850419,13.5833442,0.01,0.001253003188426477,-0.2775004995005146
677.0000000000854,30.3229048,13.5555664,0.01,-0.026552602417166664,-0.2780560560559314
677.1000000000854,30.447179000000002,13.611122000000002,0.01,0.029002997582822404,0.5555559999998907
677.2000000000854,30.3850419,13.5833442,0.01,0.0290165993495221,-0.2747556874382591
677.3000000000854,30.3229048,13.5555664,0.01,-0.027057698523300727,-0.2805838383840377
677.4000000000855,30.447179000000002,13.611122000000002,0.01,0.028553512687885557,0.5561121121118628
677.5000000000855,30.3850419,13.5833442,0.01,0.0285673600181947,-0.27722355289429607
677.6000000000855,30.3850419,13.5833442,0.01,-0.013099339981795324,0.0
677.7000000000855,30.447179000000002,13.611122000000002,0.01,0.014636862637945214,0.27722355289429607
677.8000000000856,30.5093161,13.6388998,0.01,0.04233226673981416,0.27557341269857955
677.9000000000856,30.3850419,13.5833442,0.01,-0.013476167048607948,-0.5611676767674131
678.0000000000856,30.447179000000002,13.611122000000002,0.01,0.01412339435316157,0.27421322803544496
678.1000000000856,30.5093161,13.6388998,0.01,0.05584573342569201,0.2783346693387817
678.2000000000857,30.3850419,13.5833442,0.01,-0.013752956806541556,-0.5594723061431632
678.3000000000857,30.447179000000002,13.611122000000002,0.01,0.027997327513941773,0.2788935742971708
678.4000000000857,30.447179000000002,13.611122000000002,0.01,0.027997327513941773,0.0
678.5000000000857,30.3229048,13.5555664,0.01,-0.027558272486047298,-0.5555559999998907
678.6000000000857,30.447179000000002,13.611122000000002,0.01,0.00021952751394723746,0.5555559999998907
678.7000000000858,30.5093161,13.6388998,0.01,0.04147571815434197,0.2777779999999276
678.8000000000858,30.3850419,13.5833442,0.01,-0.014531553390408281,-0.5555560000005045
678.9000000000858,30.447179000000002,13.611122000000002,0.01,0.013246274387414025,0.2780560560559314
679.0000000000858,30.5714532,13.666677600000002,0.01,0.05492687719020424,0.5555559999998729
679.1000000000859,30.3850419,13.5833442,0.01,-0.014517622809781205,-0.8333339999998183
679.2000000000859,30.3850419,13.5833442,0.01,-0.0007798384378682466,0.0
679.3000000000859,30.5093161,13.6388998,0.01,0.041027153481358866,0.5555560000005045
679.4000000000859,30.447179000000002,13.611122000000002,0.01,-0.0006812549270299618,-0.27805605605591366
679.500000000086,30.447179000000002,13.611122000000002,0.01,0.013179922717684839,0.0
679.600000000086,30.5714532,13.666677600000002,0.01,0.04098552832327709,0.5561121121118451
679.700000000086,30.447179000000002,13.611122000000002,0.01,-0.0005980046108664261,-0.5544471057885744
679.800000000086,30.447179000000002,13.611122000000002,0.01,-0.014376675245795407,0.0
679.900000000086,30.5093161,13.6388998,0.01,0.027570608592571627,0.2777779999999276
680.0000000000861,30.447179000000002,13.611122000000002,0.01,-4.2855611996300834e-05,-0.27805605605591366
680.1000000000861,30.447179000000002,13.611122000000002,0.01,-0.013959589078935391,0.0
680.2000000000861,30.5714532,13.666677600000002,0.01,0.04184749316210184,0.5566693386775813
680.3000000000861,30.447179000000002,13.611122000000002,0.01,0.00012501444724964949,-0.5555559999998729
680.4000000000862,30.3850419,13.5833442,0.01,-0.013736163197465154,-0.27722355289429607
680.5000000000862,30.5093161,13.6388998,0.01,0.04187510373637674,0.5566693386769471
680.6000000000862,30.5714532,13.666677600000002,0.01,0.027972328711407934,0.2775004995005146
680.7000000000862,30.3850419,13.5833442,0.01,-0.027583271288579358,-0.8333339999998183
680.8000000000862,30.5714532,13.666677600000002,0.01,0.041944729112264906,0.8350040080163807
680.9000000000863,30.5714532,13.666677600000002,0.01,0.028041926309468328,0.0
681.0000000000863,30.3850419,13.5833442,0.01,-0.041402573690516226,-0.8333339999998183
681.1000000000863,30.5093161,13.6388998,0.01,0.028069731915066943,0.5561121121118451
681.2000000000863,30.447179000000002,13.611122000000002,0.01,0.014180831915054773,-0.2777780000002434
681.3000000000864,30.447179000000002,13.611122000000002,0.01,-0.013596968084970453,0.0
681.4000000000864,30.5093161,13.6388998,0.01,0.014194734717821608,0.2777779999999276
681.5000000000864,30.5093161,13.6388998,0.01,0.014194734717821608,0.0
681.6000000000864,30.447179000000002,13.611122000000002,0.01,-0.02748589586279549,-0.2775004995004968
681.7000000000864,30.5093161,13.6388998,0.01,0.014125359426629605,0.2777779999999276
681.8000000000865,30.5093161,13.6388998,0.01,0.014125359426629605,0.0
681.9000000000865,30.447179000000002,13.611122000000002,0.01,-0.013638565548391615,-0.2775004995004968
682.0000000000865,30.5093161,13.6388998,0.01,0.014194929330634477,0.27861384152460816
682.1000000000865,30.5093161,13.6388998,0.01,0.014194929330634477,0.0
682.2000000000866,30.447179000000002,13.611122000000002,0.01,-0.027527437603256755,-0.2777780000002434
682.3000000000866,30.5093161,13.6388998,0.01,0.01407016339175981,0.2763960199004583
682.4000000000866,30.5714532,13.666677600000002,0.01,0.04187601975133315,0.2788935742971708
682.5000000000866,30.5093161,13.6388998,0.01,0.00012581935056167338,-0.27833466933848244
682.6000000000867,30.5714532,13.666677600000002,0.01,0.0001258193505616706,0.2775004995005146
682.7000000000867,30.5714532,13.666677600000002,0.01,0.04179251935055258,0.0
682.8000000000867,30.447179000000002,13.611122000000002,0.01,-0.0277632866558587,-0.5561121121118451
682.9000000000867,30.5714532,13.666677600000002,0.01,4.231894976519657e-05,0.5561121121124779
683.0000000000867,30.5714532,13.666677600000002,0.01,0.04170901894975611,0.0
683.1000000000868,30.5093161,13.6388998,0.01,2.8388369138121484e-05,-0.2775004995005146
683.2000000000868,30.447179000000002,13.611122000000002,0.01,1.4485566338789946e-05,-0.27805605605623007
683.3000000000868,30.5714532,13.666677600000002,0.01,0.027792285566332436,0.5555559999998729
683.4000000000868,30.5093161,13.6388998,0.01,1.4485566338787171e-05,-0.27777799999994535
683.5000000000869,30.5093161,13.6388998,0.01,1.4485566338787171e-05,0.0
683.6000000000869,30.5714532,13.666677600000002,0.01,0.027792313344160196,0.2780560560559314
683.7000000000869,30.5093161,13.6388998,0.01,1.4513344150762775e-05,-0.27777800000026115
683.8000000000869,30.447179000000002,13.611122000000002,0.01,-0.013874386655845616,-0.2777779999999276
683.900000000087,30.5714532,13.666677600000002,0.01,0.02780624392477148,0.5561121121118451
684.000000000087,30.5093161,13.6388998,0.01,5.268735153413085e-07,-0.2775004995005146
684.100000000087,30.447179000000002,13.611122000000002,0.01,-0.013888373126481038,-0.2777779999999276
684.200000000087,30.5714532,13.666677600000002,0.01,0.027778326873556358,0.5555560000005045
684.300000000087,30.5093161,13.6388998,0.01,8.350090350771333e-05,-0.2775004995005146
684.4000000000871,30.5093161,13.6388998,0.01,-0.013861177811350833,0.0
684.5000000000871,30.5714532,13.666677600000002,0.01,0.013944455655570561,0.27777799999994535
684.6000000000871,30.633590299999998,13.6944554,0.01,0.013958330680541208,0.2777779999999276
684.7000000000871,30.5093161,13.6388998,0.01,-0.013819469319452438,-0.5555559999998729
684.8000000000872,30.5714532,13.666677600000002,0.01,0.027888939088952208,0.27805605605624784
684.9000000000872,30.633590299999998,13.6944554,0.01,0.013972233483324692,0.2777779999999276
685.0000000000872,30.5093161,13.6388998,0.01,-0.013777816466725878,-0.5550009990010114
685.1000000000872,30.5714532,13.666677600000002,0.01,0.013986108508297119,0.27777799999994535
685.2000000000872,30.5714532,13.666677600000002,0.01,0.027888911311108627,0.0
685.3000000000873,30.5093161,13.6388998,0.01,-0.013763913663910748,-0.2775004995005146
685.4000000000873,30.5714532,13.666677600000002,0.01,0.014027789138898905,0.27805605605624784
685.5000000000873,30.5714532,13.666677600000002,0.01,0.014027789138898905,0.0
685.6000000000873,30.5093161,13.6388998,0.01,-0.013640028530098944,-0.27530029732402567
685.7000000000874,30.633590299999998,13.6944554,0.01,0.02802667146990776,0.5555559999998729
685.8000000000874,30.633590299999998,13.6944554,0.01,0.041915571469904135,0.0
685.9000000000874,30.5093161,13.6388998,0.01,-0.013920104771403555,-0.5606014127143087
686.0000000000874,30.633590299999998,13.6944554,0.01,0.02767727549305089,0.5544471057885744
686.1000000000874,30.6957274,13.722233200000002,0.01,0.055496867569262684,0.2786138415243083
686.2000000000875,30.5714532,13.666677600000002,0.01,-5.87324307877668e-05,-0.5555560000005045
686.3000000000875,30.5093161,13.6388998,0.01,-7.260745575931038e-05,-0.27777799999994535
686.4000000000875,30.633590299999998,13.6944554,0.01,0.027705192544234335,0.5555559999998729
686.5000000000875,30.633590299999998,13.6944554,0.01,0.013816292544237075,0.0
686.6000000000876,30.633590299999998,13.6944554,0.01,-7.260745575931038e-05,0.0
686.7000000000876,30.633590299999998,13.6944554,0.01,0.027705192544234335,0.0
686.8000000000876,30.5714532,13.666677600000002,0.01,-8.65102585744293e-05,-0.2777779999999276
686.9000000000876,30.5093161,13.6388998,0.01,-0.027850435233596545,-0.2775004995005146
687.0000000000877,30.633590299999998,13.6944554,0.01,0.027677414716447673,0.5555559999998729
687.1000000000877,30.6957274,13.722233200000002,0.01,0.027691317519246982,0.2780560560559314
687.2000000000877,30.5714532,13.666677600000002,0.01,-8.648248077824383e-05,-0.5555560000005045
687.3000000000877,30.633590299999998,13.6944554,0.01,0.027677442494243865,0.2777779999999276
687.4000000000877,30.5714532,13.666677600000002,0.01,-0.00011426030856490633,-0.2777779999999276
687.5000000000878,30.5714532,13.666677600000002,0.01,-0.00011426030856490633,0.0
687.6000000000878,30.633590299999998,13.6944554,0.01,0.02755355736044788,0.27805605605623007
687.7000000000878,30.6957274,13.722233200000002,0.01,0.01365078233547996,0.2775004995005146
687.8000000000878,30.5714532,13.666677600000002,0.01,-0.014127017664513686,-0.5555559999998729
687.9000000000879,30.633590299999998,13.6944554,0.01,0.027764230615915673,0.27722355289427836
688.0000000000879,30.6957274,13.722233200000002,0.01,0.013958608793411074,0.27833466933848244
688.1000000000879,30.5714532,13.666677600000002,0.01,-0.027749883282797982,-0.5555559999998729
688.2000000000879,30.633590299999998,13.6944554,0.01,0.013916816717239409,0.2777780000002434
688.300000000088,30.6957274,13.722233200000002,0.01,0.04170851952003325,0.2780560560559314
688.400000000088,30.5714532,13.666677600000002,0.01,-0.013763996332417549,-0.553894317049143
688.500000000088,30.633590299999998,13.6944554,0.01,0.0001388064703781333,0.27805605605591366
688.600000000088,30.6957274,13.722233200000002,0.01,0.014055539937318109,0.2783346693387995
688.700000000088,30.5714532,13.666677600000002,0.01,-0.013694510012732461,-0.5550009990010114
688.8000000000881,30.5093161,13.6388998,0.01,-0.013680634987761819,-0.2775004995005146
688.9000000000881,30.6957274,13.722233200000002,0.01,0.041902798395652745,0.8341681681677765
689.0000000000881,30.6957274,13.722233200000002,0.01,0.014124998395659099,0.0
689.1000000000881,30.5714532,13.666677600000002,0.01,-0.027555604407131125,-0.5555559999998729
689.2000000000882,30.6957274,13.722233200000002,0.01,0.027999995592919324,0.5555560000005045
689.3000000000882,30.633590299999998,13.6944554,0.01,0.00023607061789722162,-0.2775004995005146
689.4000000000882,30.5714532,13.666677600000002,0.01,0.0002221678150979123,-0.27805605605591366
689.5000000000882,30.6957274,13.722233200000002,0.01,0.027999967815091557,0.5555559999998729
689.6000000000882,30.7578645,13.750011,0.01,0.02798606501227644,0.2777779999999276
689.7000000000883,30.5714532,13.666677600000002,0.01,-0.027514034887824702,-0.8325014985015082
689.8000000000883,30.6957274,13.722233200000002,0.01,0.028069370717792842,0.5561121121124779
689.9000000000883,30.633590299999998,13.6944554,0.01,0.00031929307308165564,-0.27777799999994535
690.0000000000883,30.633590299999998,13.6944554,0.01,-0.01359744039384247,0.0
690.1000000000884,30.6957274,13.722233200000002,0.01,0.02820955152533695,0.28058383838371553
690.2000000000884,30.7578645,13.750011,0.01,0.02804486101149728,0.2744841897234497
690.3000000000884,30.633590299999998,13.6944554,0.01,-0.013973123977538946,-0.5623036437247929
690.4000000000884,30.6957274,13.722233200000002,0.01,0.02761049187491547,0.27777799999994535
690.5000000000884,30.6957274,13.722233200000002,0.01,0.0137076890721198,0.0
690.6000000000885,30.633590299999998,13.6944554,0.01,-0.014111847197632574,-0.27805605605624784
690.7000000000885,30.6957274,13.722233200000002,2.0,0.2775004995005146,0.2775004995005146
690.8000000000885,30.8200016,13.777788800000002,2.0,0.41652824975019376,0.5555559999998729
690.9000000000885,30.633590299999998,13.6944554,2.0,-9.25001664769202e-05,-0.8333339999998183
691.0000000000886,31.130687100000003,13.916677800000002,2.0,0.5554866248750197,2.2222239999995095
691.1000000000886,30.633590299999998,13.6944554,2.0,-5.5500099886174324e-05,-2.2222239999995095
691.2000000000886,31.130687100000003,13.916677800000002,2.0,0.3699544159174388,2.2200039960040634
691.3000000000886,31.130687100000003,13.916677800000002,2.0,0.31710378507209036,0.0
691.4000000000887,31.1928242,13.944455600000001,2.0,0.31286056219294467,0.28315800203892505
691.5000000000887,31.503509700000002,14.083344600000002,2.0,0.43303915211437505,1.3944678714858185
691.6000000000887,31.5656468,14.111122400000001,2.0,0.41751303690293035,0.2777779999999276
691.7000000000887,31.9384694,14.2777892,2.0,0.531224245942258,1.6683363363355352
691.8000000000887,32.124880700000006,14.361122600000002,2.0,0.556400058780467,0.8333340000007657
691.9000000000888,32.435566200000004,14.500011600000002,2.0,0.6204377465665611,1.3888899999996913
692.0000000000888,32.6841146,14.611122800000002,2.0,0.6546223896513068,1.0990227497530014
692.1000000000888,33.0569372,14.777789600000002,2.0,0.722092097007861,1.6666679999996188
692.2000000000888,33.4297598,14.9444564,2.0,0.7821802803387585,1.6835030303022214
692.3000000000889,33.7404453,15.0833454,2.0,0.817950868570667,1.3902802802812038
692.4000000000889,34.2375421,15.305567800000002,2.0,0.8958427089836335,2.2200039960040634
692.5000000000889,34.4239534,15.388901200000001,2.0,0.8925527769318529,0.8333339999998005
692.6000000000889,35.1074615,15.694457000000002,2.0,1.001009206221421,3.0616813627232182
692.700000000089,35.3560099,15.805568200000002,2.0,1.0425788918252528,1.1088942115771487
692.800000000089,35.9152438,16.055568400000002,2.0,1.1400516930277154,2.5050120240491247
692.900000000089,36.1637922,16.166679600000002,2.0,1.2372739930276935,1.1111119999997459
693.000000000089,36.660889,16.388902,2.0,1.2373852154500873,2.2244484484473803
693.100000000089,37.1579858,16.6111244,2.0,1.459275278859891,2.215577268196572
693.2000000000891,37.5308084,16.7777912,2.0,1.431691895876464,1.6683363363355175
693.3000000000891,37.903631,16.944458,2.0,1.515192296678102,1.6700080160327615
693.4000000000891,38.2764536,17.111124800000002,2.0,1.5842014624444427,1.663341317365741
693.5000000000891,38.7114133,17.3055694,2.0,1.6117003688701281,1.9444459999995287
693.6000000000892,39.0842359,17.4722362,2.0,1.6812282856869096,1.668336336335553
693.7000000000892,39.5191956,17.6666808,2.0,1.695131088489817,1.9463923923936817
693.8000000000892,39.829881099999994,17.8055698,2.0,1.7228395133649044,1.3875024975025196
693.9000000000892,40.3269779,18.027792200000004,2.0,1.7645062133648963,2.2222239999995272
694.0000000000892,40.5755263,18.1389034,2.0,1.765166287088429,1.1122242242236546
694.1000000000893,41.072623099999994,18.3611258,2.0,1.7928330868886504,2.2200039960040456
694.2000000000893,41.3833086,18.5000148,2.0,1.777963823597111,1.386117764471427
694.3000000000893,41.7561312,18.666681600000004,2.0,1.7918666263999252,1.6683363363374872
694.4000000000893,42.315365099999994,18.9166818,2.0,1.805991651824885,2.5025045045032583
694.5000000000894,42.439639299999996,18.9722374,2.0,1.7921027518248895,0.5555559999998907
694.6000000000894,42.998873200000006,19.222237600000003,2.0,1.7640187836887011,2.500001999999455
694.7000000000894,43.3716958,19.3889044,2.0,1.7919074731099187,1.666668000001496
694.8000000000894,43.744518400000004,19.555571200000003,2.0,1.749990271907444,1.6666679999996366
694.9000000000894,44.117341,19.722238,2.0,1.7778514887242323,1.6683363363355175
695.0000000000895,44.5523007,19.9166826,2.0,1.9425034965035488,1.9425034965035488
695.1000000000895,44.987260400000004,20.111127200000002,2.0,1.9444459999995642,1.9444459999995642
695.2000000000895,45.2979459,20.250016200000005,2.0,1.736155985775542,1.3875024975025552
695.3000000000895,45.6707685,20.416683000000003,2.0,1.7359889849739787,1.666668000001496
695.4000000000896,46.0435911,20.5833498,2.0,1.7362387359224676,1.6683363363355175
695.5000000000896,46.4785508,20.7777944,2.0,1.7362387359224698,1.9444459999995642
695.6000000000896,46.85137340000001,20.944461200000003,2.0,1.736238735922565,1.6683363363374515
695.7000000000896,47.162058900000005,21.0833502,2.0,1.7082942411780067,1.3875024975025196
695.8000000000897,47.5348815,21.250017000000003,2.0,1.7222525163028628,1.6666679999996366
695.9000000000897,48.0319783,21.4722394,2.0,1.7223637387252537,2.224448448447345
696.0000000000897,48.2805267,21.583350600000003,2.0,1.7221419592189868,1.1077886340983214
696.1000000000897,48.8397606,21.8333508,2.0,1.7365179881048618,2.5075245737215446
696.2000000000897,49.0261719,21.916684200000002,2.0,1.7088371748063669,0.832501498501526
696.3000000000898,49.5854058,22.1666844,2.0,1.750295582764719,2.4975044955045425
696.4000000000898,49.7718171,22.250017800000002,0.08,0.8333339999998183,0.8333339999998183
696.5000000000898,50.2689139,22.472240200000005,0.08,1.528891224223617,2.224448448447416
696.6000000000898,50.579599400000006,22.611129200000004,0.08,1.4822241494823025,1.3888899999996736
696.7000000000899,50.1446397,22.416684600000004,0.08,0.6255566121112832,-1.9444460000017747
696.8000000000899,50.579599400000006,22.611129200000004,0.08,0.88855826374059,1.9405648702578175
696.9000000000899,50.6417365,22.638907000000003,0.08,0.7869008600379264,0.27861384152460816
697.0000000000899,50.6417365,22.638907000000003,0.08,0.6744864514610798,0.0
697.10000000009,50.6417365,22.638907000000003,0.08,0.5901756450284448,0.0
697.20000000009,50.7660107,22.6944626,0.08,0.5862058073351238,0.5544471057885567
697.30000000009,50.7660107,22.6944626,0.08,0.5275852266016114,0.0
697.40000000009,50.703873599999994,22.6666848,0.08,0.4543703878196501,-0.2777779999999631
697.50000000009,50.828147799999996,22.7222404,0.08,0.4628025221680035,0.5555559999998907
697.6000000000901,50.7660107,22.6944626,0.08,0.40585613588581115,-0.2775004995004968
697.7000000000901,50.828147799999996,22.7222404,0.08,0.39672755875512683,0.27805605605623007
697.8000000000901,50.890284900000005,22.750018200000003,0.08,0.38879758817144927,0.2777779999999631
697.9000000000901,50.952422,22.777796000000002,0.08,0.3818762424142283,0.27805605605591366
698.0000000000902,50.952422,22.777796000000002,0.08,0.35941293403692076,0.0
698.1000000000902,50.890284900000005,22.750018200000003,0.08,0.3240288543959531,-0.2775004995004968
698.2000000000902,50.890284900000005,22.750018200000003,0.08,0.30697470416458716,0.0
698.3000000000902,51.0766962,22.833351600000004,0.08,0.3332510438814341,0.832501498501526
698.4000000000902,50.890284900000005,22.750018200000003,0.08,0.24991764388145227,-0.8333339999998183
698.5000000000903,50.952422,22.777796000000002,0.08,0.15257024643410633,0.2775004995004968
698.6000000000903,51.0766962,22.833351600000004,0.08,0.1109313520397158,0.5561121121118628
698.7000000000903,51.0145591,22.8055738,0.08,0.19429247439508884,-0.2772235528943138
698.8000000000903,50.952422,22.777796000000002,0.08,0.0833474974152589,-0.2783346693387817
698.9000000000904,51.0145591,22.8055738,0.08,0.08330570533902484,0.2777779999999276
699.0000000000904,50.952422,22.777796000000002,0.08,0.06941680533902846,-0.2777779999999276
699.1000000000904,51.0145591,22.8055738,0.08,0.08330570533902484,0.2777779999999276
699.2000000000904,51.0145591,22.8055738,0.08,0.055583350049597025,0.0
699.3000000000904,51.0145591,22.8055738,0.08,0.055583350049597025,0.0
699.4000000000905,51.1388333,22.861129400000003,0.08,0.09722229999964663,0.5550009990010292
699.5000000000905,50.952422,22.777796000000002,0.08,0.027777799999661186,-0.8333339999998183
699.6000000000905,51.0145591,22.8055738,0.08,0.05555562777748171,0.27805605605591366
699.7000000000905,51.0766962,22.833351600000004,0.08,0.05552784994969682,0.2775004995005323
699.8000000000906,51.0766962,22.833351600000004,0.08,0.041638949949698655,0.0
699.9000000000906,51.0766962,22.833351600000004,0.08,0.02773614714690298,0.0
700.0000000000906,51.1388333,22.861129400000003,0.08,0.04162504714689936,0.2777779999999276
700.1000000000906,51.2009704,22.888907200000002,0.08,0.06938897212192059,0.2777779999999276
700.2000000000907,51.2009704,22.888907200000002,0.08,0.06938897212192059,0.0
700.3000000000907,51.0766962,22.833351600000004,0.08,4.15419074478951e-05,-0.5544471057879277
700.4000000000907,51.0766962,22.833351600000004,0.08,0.04170824190743881,0.0
700.5000000000907,51.0766962,22.833351600000004,0.08,0.027833216932413963,0.0
700.6000000000907,51.2009704,22.888907200000002,0.08,0.027833216932412187,0.5561121121118273
700.7000000000908,51.0766962,22.833351600000004,0.08,0.013916594577103536,-0.5555560000004868
700.8000000000908,51.2009704,22.888907200000002,0.08,0.05555568333343901,0.5544471057879277
700.9000000000908,51.2009704,22.888907200000002,0.08,0.04166678333344263,0.0
701.0000000000908,51.2009704,22.888907200000002,0.08,0.05555568333343901,0.0
701.1000000000909,51.0766962,22.833351600000004,0.08,0.014272503254520702,-0.5478856015784385
701.2000000000909,51.0766962,22.833351600000004,0.08,0.014272503254520702,0.0
701.3000000000909,51.0766962,22.833351600000004,0.08,0.014272503254520702,0.0
701.4000000000909,51.2009704,22.888907200000002,0.08,0.014300253304462005,0.5555559999998552
701.500000000091,51.2009704,22.888907200000002,0.08,0.055966953304452914,0.0
701.600000000091,51.2009704,22.888907200000002,0.08,0.04206415050165723,0.0
701.700000000091,51.1388333,22.861129400000003,0.08,0.014272392059691535,-0.2783346693387817
701.800000000091,51.0766962,22.833351600000004,0.08,0.00041121441497761756,-0.27722355289427836
701.900000000091,51.0766962,22.833351600000004,0.08,0.00041121441497761756,0.0
702.0000000000911,51.2009704,22.888907200000002,0.08,0.014300114414973997,0.5555559999998552
702.1000000000911,51.0766962,22.833351600000004,0.08,-0.02736658558501514,-0.5555559999998552
702.2000000000911,51.0766962,22.833351600000004,0.08,-0.02736658558501514,0.0
702.3000000000911,51.2009704,22.888907200000002,0.08,0.028078124993777626,0.5544471057879277
702.4000000000912,51.2009704,22.888907200000002,0.08,0.028078124993777626,0.0
702.5000000000912,51.2009704,22.888907200000002,0.08,0.028078124993777626,0.0
702.6000000000912,51.0766962,22.833351600000004,0.08,-0.027505280611806498,-0.5555559999998552
702.7000000000912,51.0766962,22.833351600000004,0.08,0.0002725193882178401,0.0
702.8000000000912,51.1388333,22.861129400000003,0.08,-0.013574810926153702,0.2775004995004968
702.9000000000913,51.1388333,22.861129400000003,0.08,-0.013574810926153702,0.0
703.0000000000913,51.2009704,22.888907200000002,0.08,0.0003140890738426771,0.2777779999999276
703.1000000000913,51.2009704,22.888907200000002,0.08,0.0277083691527646,0.0
703.2000000000913,51.1388333,22.861129400000003,0.08,0.01383334417773976,-0.2775004995004968
703.3000000000914,51.0766962,22.833351600000004,0.08,-6.945862507174439e-05,-0.27805605605623007
703.4000000000914,51.0766962,22.833351600000004,0.08,-0.027847258625064503,0.0
703.5000000000914,51.0766962,22.833351600000004,0.08,-0.027847258625064503,0.0
703.6000000000914,51.0766962,22.833351600000004,0.08,-0.027847258625064503,0.0
703.7000000000914,51.2009704,22.888907200000002,0.08,0.013819524791924265,0.5550009990009936
703.8000000000915,51.2009704,22.888907200000002,0.08,0.027680702436638182,0.0
703.9000000000915,51.0766962,22.833351600000004,0.08,-0.00020865499307711754,-0.557787148594306
704.0000000000915,51.2009704,22.888907200000002,0.08,-0.00020865499307711754,0.5555559999998552
704.1000000000915,51.1388333,22.861129400000003,0.08,0.013680245006919261,-0.2777779999999276
704.2000000000916,51.2009704,22.888907200000002,0.08,0.027569145006931427,0.2777780000002434
704.3000000000916,51.1388333,22.861129400000003,0.08,-0.014028235257489793,-0.2775004995004968
704.4000000000916,51.1388333,22.861129400000003,0.08,-0.014028235257489793,0.0
704.5000000000916,51.1388333,22.861129400000003,0.08,-0.014028235257489793,0.0
704.6000000000917,51.2009704,22.888907200000002,0.08,0.02763846474249934,0.2777779999999276
704.7000000000917,51.2009704,22.888907200000002,0.08,0.02763846474249934,0.0
704.8000000000917,51.0766962,22.833351600000004,0.08,-0.014014360232549835,-0.5555560000004868
704.9000000000917,51.2009704,22.888907200000002,0.08,0.01379124537304153,0.5561121121118273
705.0000000000917,51.0766962,22.833351600000004,0.08,-0.027875454626947606,-0.5555559999998552
705.1000000000918,51.0766962,22.833351600000004,0.08,-0.027875454626947606,0.0
705.2000000000918,51.0766962,22.833351600000004,0.08,-0.014000429651922766,0.0
705.3000000000918,51.2009704,22.888907200000002,0.08,0.027680173150881494,0.5555559999998552
705.4000000000918,51.2009704,22.888907200000002,0.08,0.027680173150881494,0.0
705.5000000000919,51.2009704,22.888907200000002,0.08,0.027680173150881494,0.0
705.6000000000919,51.0766962,22.833351600000004,0.08,-9.762684911126528e-05,-0.5555559999998552
705.7000000000919,51.2009704,22.888907200000002,0.08,-4.207119353794031e-05,0.5561121121124601
705.8000000000919,51.1388333,22.861129400000003,0.08,-0.013903248838251859,-0.27722355289427836
705.900000000092,51.2009704,22.888907200000002,0.08,0.027888911394259124,0.27805605605591366
706.000000000092,51.1388333,22.861129400000003,0.08,-0.013777788605730012,-0.2777779999999276
706.100000000092,51.2009704,22.888907200000002,0.08,0.01398613636929121,0.2775004995004968
706.200000000092,51.2009704,22.888907200000002,0.08,9.723636927904123e-05,0.0
706.300000000092,51.2009704,22.888907200000002,0.08,0.013972261344303882,0.0
706.4000000000921,51.0766962,22.833351600000004,0.08,-0.013750093945123953,-0.5544471057885567
706.5000000000921,51.0766962,22.833351600000004,0.08,-0.013750093945123953,0.0
706.6000000000921,51.2009704,22.888907200000002,0.08,0.0001388060548724257,0.5555559999998552
706.7000000000921,51.0766962,22.833351600000004,0.08,-0.02755590979758384,-0.5538943170491253
706.8000000000922,51.0766962,22.833351600000004,0.08,0.00022189020244050005,0.0
706.9000000000922,51.2009704,22.888907200000002,0.08,0.0001940845968418925,0.5555559999998552
707.0000000000922,51.2009704,22.888907200000002,0.08,0.02797188459683465,0.0
707.1000000000922,51.2009704,22.888907200000002,0.08,0.02797188459683465,0.0
707.2000000000922,51.0766962,22.833351600000004,0.08,0.0001940845968103122,-0.5555560000004868
707.3000000000923,51.1388333,22.861129400000003,0.08,-0.013694815403186067,0.2777779999999276
707.4000000000923,51.2009704,22.888907200000002,0.08,4.296896872601208e-05,0.2747556874382416
707.5000000000923,51.0766962,22.833351600000004,0.08,-0.028015414869643752,-0.5611676767673952
707.6000000000923,51.0766962,22.833351600000004,0.08,-0.00023761486965099277,0.0
707.7000000000924,51.2009704,22.888907200000002,0.08,-0.00023761486965099277,0.5561121121124601
707.8000000000924,51.1388333,22.861129400000003,0.08,-0.0002514621999619132,-0.2775004995004968
707.9000000000924,51.1388333,22.861129400000003,0.08,-0.014154265002757594,0.0
708.0000000000924,51.0766962,22.833351600000004,0.08,-0.014182098469684452,-0.2783346693384647
708.1000000000925,51.2009704,22.888907200000002,0.08,-0.00027932344471653936,0.5555559999998552
708.2000000000925,51.0766962,22.833351600000004,0.08,-0.028029373394766223,-0.5550009990009936
708.3000000000925,51.0766962,22.833351600000004,0.08,-0.028029373394766223,0.0
708.4000000000925,51.0766962,22.833351600000004,0.08,-0.0003070181053383858,0.0
708.5000000000925,51.1388333,22.861129400000003,0.08,0.013581881894657994,0.2777779999999276
708.6000000000926,51.2009704,22.888907200000002,0.08,-0.0003070181053383858,0.2777779999999276
708.7000000000926,51.2009704,22.888907200000002,0.08,0.027387697747117877,0.0
708.8000000000926,51.0766962,22.833351600000004,0.08,-0.00041790785850512877,-0.5561121121124601
708.9000000000926,51.0766962,22.833351600000004,0.08,-0.028195707858497888,0.0
709.0000000000927,51.0766962,22.833351600000004,0.08,-0.028195707858497888,0.0
709.1000000000927,51.1388333,22.861129400000003,0.08,-0.014292905055702205,0.27805605605591366
709.2000000000927,51.0766962,22.833351600000004,0.08,-0.00040400505569002933,-0.2777780000002434
709.3000000000927,51.2009704,22.888907200000002,0.08,0.013457144894363273,0.5550009990009936
709.4000000000927,51.2009704,22.888907200000002,0.08,-0.00028063947754880525,0.0
709.5000000000928,51.0766962,22.833351600000004,0.08,-2.7861244770410744e-05,-0.5561121121118273
709.6000000000928,51.0766962,22.833351600000004,0.08,-2.7861244770410744e-05,0.0
709.7000000000928,51.0766962,22.833351600000004,0.08,-0.027833466850393417,0.0
709.8000000000928,51.2009704,22.888907200000002,0.08,0.013791608074681105,0.5550009990009936
709.9000000000929,51.0766962,22.833351600000004,0.08,-0.01401399753091026,-0.5561121121118273
710.0000000000929,51.0766962,22.833351600000004,0.08,-9.72640639870237e-05,0.0
710.1000000000929,51.2009704,22.888907200000002,0.08,-9.72640639870237e-05,0.5555559999998552
710.2000000000929,51.2009704,22.888907200000002,0.08,0.02765278588606266,0.0
710.300000000093,51.2009704,22.888907200000002,0.08,0.02765278588606266,0.0
710.400000000093,51.0766962,22.833351600000004,0.08,-6.956940336517725e-05,-0.5544471057885567
710.500000000093,51.0766962,22.833351600000004,0.08,-0.013958469403361559,0.0
710.600000000093,51.0766962,22.833351600000004,0.08,-0.027847369403357934,0.0
710.700000000093,51.2009704,22.888907200000002,0.08,-6.956940336517725e-05,0.5555559999998552
710.8000000000931,51.0766962,22.833351600000004,0.08,-4.176379776650863e-05,-0.5555560000004868
710.9000000000931,51.0766962,22.833351600000004,0.08,-4.176379776650863e-05,0.0
711.0000000000931,51.1388333,22.861129400000003,0.08,0.013861039005029174,0.27805605605591366
711.1000000000931,51.2009704,22.888907200000002,0.08,0.013833261177258329,0.2775004995004968
711.2000000000932,51.0766962,22.833351600000004,0.08,-8.34444283525082e-05,-0.5561121121124601
711.3000000000932,51.0766962,22.833351600000004,0.08,-0.027833494378402192,0.0
711.4000000000932,51.0766962,22.833351600000004,0.08,-0.027833494378402192,0.0
711.5000000000932,51.2009704,22.888907200000002,0.08,0.027749911227181935,0.5555559999998552
711.6000000000932,51.1388333,22.861129400000003,0.08,0.013861011227185555,-0.2777779999999276
711.7000000000933,51.0766962,22.833351600000004,0.08,-1.401374783928655e-05,-0.2775004995004968
711.8000000000933,51.1388333,22.861129400000003,0.08,-0.013861260895077466,0.27805605605623007
711.9000000000933,51.1388333,22.861129400000003,0.08,0.0139443447105139,0.0
712.0000000000933,51.0766962,22.833351600000004,0.08,6.931973548905957e-05,-0.2775004995004968
712.1000000000934,51.1388333,22.861129400000003,0.08,-0.013805677461708016,0.27805605605591366
712.2000000000934,51.0145591,22.8055738,0.08,-0.041555727411759474,-0.5550009990010292
712.3000000000934,51.2009704,22.888907200000002,0.08,0.00011097258827881262,0.8333340000007657
712.4000000000934,51.2009704,22.888907200000002,0.08,0.02783332787770665,0.0
712.5000000000935,51.0766962,22.833351600000004,0.08,-1.390561398195711e-07,-0.5566693386769294
712.6000000000935,51.1388333,22.861129400000003,0.08,0.013874885918885022,0.2775004995004968
712.7000000000935,51.2009704,22.888907200000002,0.08,-1.1127829623314156e-07,0.27805605605623007
712.8000000000935,51.0766962,22.833351600000004,0.08,0.0005978452775123544,-0.543596868884315
712.9000000000935,51.0766962,22.833351600000004,0.08,0.0005978452775123544,0.0
713.0000000000936,51.1388333,22.861129400000003,0.08,0.0005839424747130506,0.2777779999999276
713.1000000000936,51.1388333,22.861129400000003,0.08,-0.013291082500311791,0.0
713.2000000000936,51.1388333,22.861129400000003,0.08,0.014514523105311216,0.0
713.3000000000936,51.1388333,22.861129400000003,0.08,0.014514523105311216,0.0
713.4000000000937,51.2009704,22.888907200000002,0.08,0.028403423105307597,0.2777779999999276
713.5000000000937,51.2009704,22.888907200000002,0.08,0.0006256231053148375,0.0
713.6000000000937,51.0145591,22.8055738,0.08,-0.02719388530312507,-0.8341681681687257
713.7000000000937,51.0766962,22.833351600000004,0.08,0.0005561646469263853,0.2775004995005323
713.8000000000937,51.0766962,22.833351600000004,0.08,-0.013346638155885118,0.0
713.9000000000938,51.1388333,22.861129400000003,0.08,0.0005980405589725319,0.278893574297153
714.0000000000938,51.1388333,22.861129400000003,0.08,0.014473065533997373,0.0
714.1000000000938,51.1388333,22.861129400000003,0.08,0.00057026273120169,0.0
714.2000000000938,51.0766962,22.833351600000004,0.08,0.014445287706228304,-0.2775004995004968
714.3000000000939,51.0766962,22.833351600000004,0.08,-0.027221412293809977,0.0
714.4000000000939,51.2009704,22.888907200000002,0.08,0.0005563877061827815,0.5555559999998552
714.5000000000939,51.0766962,22.833351600000004,0.08,0.0006398046899795618,-0.5550009990009936
714.6000000000939,51.0766962,22.833351600000004,0.08,-0.013235220285045276,0.0
714.700000000094,51.1388333,22.861129400000003,0.08,-0.013276845443158585,0.27722355289396383
714.800000000094,51.2009704,22.888907200000002,0.08,0.027791898001069328,0.2777780000002434
714.900000000094,51.0766962,22.833351600000004,0.08,1.409800107656789e-05,-0.5555559999998552
715.000000000094,51.1388333,22.861129400000003,0.08,2.8000803875877224e-05,0.27805605605591366
715.100000000094,51.0145591,22.8055738,0.08,-0.02772204914617558,-0.5550009990010292
715.2000000000941,51.0766962,22.833351600000004,0.08,-0.013888483409127442,0.2766713147409628
715.3000000000941,51.1388333,22.861129400000003,0.08,7.021005821987725e-05,0.2791738693469464
715.4000000000941,51.2009704,22.888907200000002,0.08,5.633503324833644e-05,0.2775004995004968
715.5000000000941,51.0766962,22.833351600000004,0.08,-0.027721464966744425,-0.5555559999998552
715.6000000000942,51.1388333,22.861129400000003,0.08,0.027834301367904303,0.2769471585242487
715.7000000000942,51.1388333,22.861129400000003,0.08,0.013959276392877687,0.0
715.8000000000942,51.0145591,22.8055738,0.08,-0.013818523607116847,-0.5555559999998907
715.9000000000942,51.1388333,22.861129400000003,0.08,1.4597678020045191e-05,0.5555559999998907
716.0000000000942,51.0766962,22.833351600000004,0.08,-0.013860427297004796,-0.2775004995004968
716.1000000000943,51.0766962,22.833351600000004,0.08,-0.013860427297004796,0.0
716.2000000000943,51.1388333,22.861129400000003,0.08,0.013987334096522253,0.2794547283700443
716.3000000000943,51.2009704,22.888907200000002,0.08,0.027807135091545164,0.2763960199004583
716.4000000000943,51.0766962,22.833351600000004,0.08,-0.027610266898524687,-0.5527920398015419
716.5000000000944,51.0766962,22.833351600000004,0.08,0.00013978305152499427,0.0
716.6000000000944,51.0145591,22.8055738,0.08,-0.013917808041596178,-0.28115182186242343
716.7000000000944,51.0145591,22.8055738,0.08,-0.027778985686294368,0.0
716.8000000000944,51.0145591,22.8055738,0.08,-0.04166788568630654,0.0
716.9000000000945,51.0766962,22.833351600000004,0.08,0.00032577920621111036,0.28431729785049775
717.0000000000945,51.1388333,22.861129400000003,0.08,0.0003118764034118093,0.2777779999999276
717.1000000000945,51.2009704,22.888907200000002,0.08,0.041950826353459654,0.2777779999999276
717.2000000000945,51.0766962,22.833351600000004,0.08,0.0003672106663618169,-0.5550009990009936
717.3000000000945,51.1388333,22.861129400000003,0.08,0.00029741719902666994,0.2777780000002434
717.4000000000946,51.1388333,22.861129400000003,0.08,-0.01357760777599817,0.0
717.5000000000946,51.0766962,22.833351600000004,0.08,0.000311292223998208,-0.2777779999999276
717.6000000000946,51.0145591,22.8055738,0.08,-0.027438868505011683,-0.2780560560559492
717.7000000000946,51.1388333,22.861129400000003,0.08,0.0003111814450397765,0.5550009990010292
717.8000000000947,51.0766962,22.833351600000004,0.08,0.014200081445022142,-0.2777780000002434
717.9000000000947,51.0766962,22.833351600000004,0.08,-0.013577718554972393,0.0
718.0000000000947,51.1388333,22.861129400000003,0.08,0.014200109222848128,0.27805605605591366
718.1000000000947,51.0766962,22.833351600000004,0.08,0.0003112092228517493,-0.2777779999999276
718.2000000000947,50.952422,22.777796000000002,0.08,-0.04141157714570193,-0.5550009990010292
718.3000000000948,51.0145591,22.8055738,0.08,-0.041342478140712666,0.2777780000002434
718.4000000000948,51.0145591,22.8055738,0.08,-0.013702876150635571,0.0
718.5000000000948,51.0766962,22.833351600000004,0.08,0.00017214882439104407,0.2775004995005323
718.6000000000948,51.1388333,22.861129400000003,0.08,0.02810476489253706,0.2775004995004968
718.7000000000949,51.1388333,22.861129400000003,0.08,0.02810476489253706,0.0
718.8000000000949,51.1388333,22.861129400000003,0.08,0.02810476489253706,0.0
718.9000000000949,51.0145591,22.8055738,0.08,-0.013861149950039292,-0.5550009990010292
719.0000000000949,51.1388333,22.861129400000003,0.08,1.5787371410169725e-14,0.5550009990010292
719.100000000095,51.0766962,22.833351600000004,0.08,-0.027777799999976965,-0.2777779999999276
719.200000000095,51.0145591,22.8055738,0.08,-0.013930552852740571,-0.27805605605626565
719.300000000095,51.2009704,22.888907200000002,0.08,0.013847247147238178,0.8333339999998183
719.400000000095,51.1388333,22.861129400000003,0.08,-4.165285275820052e-05,-0.2777779999999276
719.500000000095,51.1388333,22.861129400000003,0.08,0.013847247147238178,0.0
719.6000000000951,51.0145591,22.8055738,0.08,-2.775004995890229e-05,-0.5555559999998907
719.7000000000951,51.0145591,22.8055738,0.08,-0.027777800000010355,0.0
719.8000000000951,51.0766962,22.833351600000004,0.08,0.00012613531787695199,0.2803007063575028
719.9000000000951,51.0145591,22.8055738,0.08,-0.013776667484920508,-0.2780560560559492
720.0000000000952,51.0145591,22.8055738,0.08,-0.02767947028771619,0.0
720.1000000000952,51.0766962,22.833351600000004,0.08,-3.918414910452361e-05,0.27502772277230575
720.2000000000952,51.1388333,22.861129400000003,0.08,0.04175424294958745,0.2808675429728102
720.3000000000952,51.1388333,22.861129400000003,0.08,0.027865342949575274,0.0
720.4000000000952,51.0766962,22.833351600000004,0.08,0.013976442949578893,-0.2777779999999276
720.5000000000953,51.1388333,22.861129400000003,0.08,0.013962595619266193,0.27722355289427836
720.6000000000953,51.0145591,22.8055738,0.08,-0.027718034961351785,-0.5561121121118628
720.7000000000953,51.0145591,22.8055738,0.08,-0.027718034961351785,0.0
720.8000000000953,51.0145591,22.8055738,0.08,-0.027718034961351785,0.0
720.9000000000954,51.2009704,22.888907200000002,0.08,0.04178221538947115,0.8350040080154296
721.0000000000954,51.1388333,22.861129400000003,0.08,0.00015714046439485596,-0.2775004995004968
721.1000000000954,51.0766962,22.833351600000004,0.08,0.00015714046439485596,-0.2777779999999276
721.2000000000954,51.1388333,22.861129400000003,0.08,0.027934968242232978,0.2775004995004968
721.3000000000955,51.0766962,22.833351600000004,0.08,-0.02760675673278278,-0.2775004995004968
721.4000000000955,51.0145591,22.8055738,0.08,-0.027620659535599678,-0.27805605605626565
721.5000000000955,51.1388333,22.861129400000003,0.08,0.0001293904144517799,0.5550009990010292
721.6000000000955,51.0145591,22.8055738,0.08,0.00015714046439485596,-0.5550009990010292
721.7000000000955,51.0145591,22.8055738,0.08,0.00015714046439485596,0.0
721.8000000000956,51.1388333,22.861129400000003,0.08,0.013947710752112855,0.5561121121118628
721.9000000000956,51.1388333,22.861129400000003,0.08,0.027850513554910316,0.0
722.0000000000956,51.0145591,22.8055738,0.08,7.271355491578202e-05,-0.5555559999998907
722.1000000000956,51.0145591,22.8055738,0.08,-0.013678672583699505,0.0
722.2000000000957,51.0766962,22.833351600000004,0.08,-0.0138470247573134,0.2775004995005323
722.3000000000957,51.0766962,22.833351600000004,0.08,-0.0138470247573134,0.0
722.4000000000957,51.0145591,22.8055738,0.08,-0.013847024757315179,-0.2777779999999631
722.5000000000957,51.1388333,22.861129400000003,0.08,6.959759796543175e-05,0.5555559999998907
722.6000000000957,51.1388333,22.861129400000003,0.08,0.027875203203558574,0.0
722.7000000000958,51.1388333,22.861129400000003,0.08,0.027875203203558574,0.0
722.8000000000958,51.0145591,22.8055738,0.08,0.00012515325350711536,-0.5550009990010292
722.9000000000958,51.0145591,22.8055738,0.08,-0.04162504714726435,0.0
723.0000000000958,51.1388333,22.861129400000003,0.08,-0.0006232643597356979,0.5425351562500764
723.1000000000959,51.0145591,22.8055738,0.08,-0.015166094144787274,-0.5686345957009591
723.2000000000959,51.0766962,22.833351600000004,0.08,-0.01513831631701466,0.2780560560559492
723.3000000000959,51.1388333,22.861129400000003,0.08,0.012639511460821689,0.27805605605623007
723.4000000000959,51.1388333,22.861129400000003,0.08,0.02654231426363497,0.0
723.500000000096,51.0145591,22.8055738,0.08,-0.028985535686411025,-0.5555559999998907
723.600000000096,51.1388333,22.861129400000003,0.08,0.02654231426363497,0.5555559999998907
723.700000000096,51.1388333,22.861129400000003,0.08,0.02654231426363497,0.0
723.800000000096,51.0145591,22.8055738,0.08,-0.028958007194384815,-0.5538943170485329
723.900000000096,51.0145591,22.8055738,0.08,-0.028958007194384815,0.0
724.0000000000961,51.0766962,22.833351600000004,0.08,0.012708692805607874,0.2777779999999631
724.1000000000961,51.0766962,22.833351600000004,0.08,0.012708692805607874,0.0
724.2000000000961,51.0766962,22.833351600000004,0.08,-0.001166332169418738,0.0
724.3000000000961,51.0766962,22.833351600000004,0.08,-0.001166332169418738,0.0
724.4000000000962,51.1388333,22.861129400000003,0.08,0.026611467830575795,0.2777779999999276
724.5000000000962,51.0145591,22.8055738,0.08,-0.028944132169413272,-0.5555559999998907
724.6000000000962,51.0766962,22.833351600000004,0.08,-0.015055232169415117,0.2777779999999631
724.7000000000962,51.0145591,22.8055738,0.08,-0.02894413216942906,-0.2777780000002789
724.8000000000962,51.0145591,22.8055738,0.08,-0.0011940822193776041,0.0
724.9000000000963,51.0145591,22.8055738,0.08,-0.0011940822193776041,0.0
725.0000000000963,51.0766962,22.833351600000004,0.08,-0.014431940031883268,0.2777779999999631
725.1000000000963,51.1388333,22.861129400000003,0.08,0.027888689753161066,0.2777779999999276
725.2000000000963,51.0145591,22.8055738,0.08,-0.01379191304966251,-0.5555560000005223
725.3000000000964,51.0766962,22.833351600000004,0.08,-0.013819690877447397,0.2775004995005323
725.4000000000964,51.1388333,22.861129400000003,0.08,8.311192534828649e-05,0.27805605605591366
725.5000000000964,51.0766962,22.833351600000004,0.08,0.013972011925346445,-0.2777779999999276
725.6000000000964,51.0145591,22.8055738,0.08,-0.027708590877461376,-0.27805605605626565
725.7000000000965,51.1388333,22.861129400000003,0.08,4.145907259008319e-05,0.5550009990010292
725.8000000000965,51.1388333,22.861129400000003,0.08,0.027736174925016732,0.0
725.9000000000965,51.1388333,22.861129400000003,0.08,0.027736174925016732,0.0
726.0000000000965,51.0145591,22.8055738,0.08,-0.013930525074975966,-0.5555559999998907
726.1000000000965,51.0145591,22.8055738,0.08,-0.013930525074975966,0.0
726.2000000000966,51.0766962,22.833351600000004,0.08,-4.1625074962020615e-05,0.2777780000002789
726.3000000000966,51.1388333,22.861129400000003,0.08,0.013847274925034358,0.2777779999999276
726.4000000000966,51.0766962,22.833351600000004,0.08,-0.013930525074958396,-0.2777779999999276
726.5000000000966,51.0145591,22.8055738,0.08,-4.1625074962015066e-05,-0.2777779999999631
726.6000000000967,51.1388333,22.861129400000003,0.08,0.013847274925034358,0.5555559999998907
726.7000000000967,51.0766962,22.833351600000004,0.08,0.013847274925036138,-0.2777780000002434
726.8000000000967,51.0145591,22.8055738,0.08,-5.552787776132162e-05,-0.2780560560559492
726.9000000000967,51.0145591,22.8055738,0.08,-5.552787776132162e-05,0.0
727.0000000000967,51.1388333,22.861129400000003,0.08,0.013833372122235055,0.5555559999998907
727.1000000000968,51.0145591,22.8055738,0.08,-0.027833327877755852,-0.5555559999998907
727.2000000000968,51.0766962,22.833351600000004,0.08,0.013805649766985945,0.2772235528943138
727.3000000000968,51.0145591,22.8055738,0.08,-0.013986108674981537,-0.27833466933881734
727.4000000000968,51.1388333,22.861129400000003,0.08,-0.00011111147778268271,0.5555559999998907
727.5000000000969,51.1388333,22.861129400000003,0.08,0.013777788522213693,0.0
727.6000000000969,51.0145591,22.8055738,0.08,-4.1763964402630196e-05,-0.5544471057885921
727.7000000000969,51.0766962,22.833351600000004,0.08,-0.013902913914455934,0.2777779999999631
727.8000000000969,51.0766962,22.833351600000004,0.08,-0.013902913914455934,0.0
727.900000000097,51.0766962,22.833351600000004,0.08,-0.013902913914455934,0.0
728.000000000097,51.1388333,22.861129400000003,0.08,0.02776378608553498,0.2777779999999276
728.100000000097,51.2009704,22.888907200000002,0.08,0.04165268608553136,0.2777779999999276
728.200000000097,51.0145591,22.8055738,0.08,-0.01390291391452087,-0.8333340000007657
728.300000000097,51.0766962,22.833351600000004,0.08,-0.01388901111171979,0.2780560560559492
728.4000000000971,51.1388333,22.861129400000003,0.08,0.01387491386330143,0.2775004995004968
728.5000000000971,51.0145591,22.8055738,0.08,-1.398613669494897e-05,-0.5555559999998907
728.6000000000971,51.0145591,22.8055738,0.08,-0.027791786136689485,0.0
728.7000000000971,51.1388333,22.861129400000003,0.08,0.013874913863348798,0.5555560000005223
728.8000000000972,51.0145591,22.8055738,0.08,-8.333384827752255e-08,-0.5555559999998907
728.9000000000972,51.0145591,22.8055738,0.08,-8.333384827752255e-08,0.0
729.0000000000972,51.1388333,22.861129400000003,0.08,-8.333384827752255e-08,0.5555559999998907
729.1000000000972,51.0766962,22.833351600000004,0.08,0.013888816666149878,-0.2777779999999276
729.2000000000972,51.0145591,22.8055738,0.08,-0.013861260978579756,-0.2777780000002789
729.3000000000973,51.1388333,22.861129400000003,0.08,0.027833272488355643,0.5555559999998907
729.4000000000973,51.0766962,22.833351600000004,0.08,-0.013833427511635271,-0.2777779999999276
729.5000000000973,51.0766962,22.833351600000004,0.08,-0.013833427511635271,0.0
729.6000000000973,51.0766962,22.833351600000004,0.08,0.013888927777794342,0.0
729.7000000000974,51.1388333,22.861129400000003,0.08,0.013861205422494374,0.27722355289396383
729.8000000000974,51.0766962,22.833351600000004,0.08,-5.552804444471093e-05,-0.2783346693387817
729.9000000000974,51.1388333,22.861129400000003,0.08,0.013819496930580131,0.2775004995004968
730.0000000000974,51.0145591,22.8055738,0.08,-0.02784720306941078,-0.5555559999998907
730.1000000000975,51.0145591,22.8055738,0.08,-0.041736103069407164,0.0
730.2000000000975,51.0145591,22.8055738,0.08,-6.940306936887298e-05,0.0
730.3000000000975,51.0145591,22.8055738,0.08,-0.013972205872166335,0.0
730.4000000000975,51.1388333,22.861129400000003,0.08,-6.943084719664428e-05,0.5555559999998907
730.5000000000975,51.1388333,22.861129400000003,0.08,0.02770836915279789,0.0
730.6000000000976,51.0145591,22.8055738,0.08,-1.3986136631716217e-05,-0.5544471057885921
730.7000000000976,51.1388333,22.861129400000003,0.08,1.3819468935316604e-05,0.5561121121118628
730.8000000000976,51.0766962,22.833351600000004,0.08,0.013874886001990766,-0.2783346693387817
730.9000000000976,51.0766962,22.833351600000004,0.08,0.013874886001990766,0.0
731.0000000000977,51.0145591,22.8055738,0.08,-0.027640698369917605,-0.2747556874382767
731.1000000000977,51.0145591,22.8055738,0.08,-0.013751798369921228,0.0
731.2000000000977,51.0766962,22.833351600000004,0.08,0.014026001630106663,0.2777780000002789
731.3000000000977,51.0766962,22.833351600000004,0.08,-0.013751798369887871,0.0
731.4000000000977,51.1388333,22.861129400000003,0.08,0.014026001630104886,0.2777779999999276
731.5000000000978,51.0766962,22.833351600000004,0.08,0.00015097665508004564,-0.2775004995004968
731.6000000000978,51.1388333,22.861129400000003,0.08,0.014039876655076425,0.2777779999999276
731.7000000000978,51.0766962,22.833351600000004,0.08,-0.013738034456560851,-0.2783346693387817
731.8000000000978,51.0145591,22.8055738,0.08,-0.013710200989619923,-0.2777779999999631
731.9000000000979,51.0766962,22.833351600000004,0.08,-0.013710200989618152,0.2775004995005323
732.0000000000979,51.0145591,22.8055738,0.08,0.0001786990103782332,-0.2777779999999631
732.1000000000979,51.1388333,22.861129400000003,0.08,0.02798430461600302,0.5561121121124957
732.2000000000979,51.1388333,22.861129400000003,0.08,0.02798430461600302,0.0
732.300000000098,51.0145591,22.8055738,0.08,0.0002065046160084849,-0.5555559999998907
732.400000000098,51.2009704,22.888907200000002,0.08,0.014095404616004854,0.8333339999998183
732.500000000098,51.0766962,22.833351600000004,0.08,-0.013682395383987906,-0.5555559999998552
732.600000000098,51.1388333,22.861129400000003,0.08,0.027928859905438086,0.2777779999999276
732.700000000098,51.0766962,22.833351600000004,0.08,-0.013765645700167226,-0.2777780000002434
732.8000000000981,51.1388333,22.861129400000003,0.08,0.013970888761794776,0.2763960199004583
732.9000000000981,51.1388333,22.861129400000003,0.08,0.013970888761794776,0.0
733.0000000000981,51.1388333,22.861129400000003,0.08,0.02770867313370861,0.0
733.1000000000981,51.0766962,22.833351600000004,0.08,0.013819773133712233,-0.2777779999999276
733.2000000000982,51.0766962,22.833351600000004,0.08,-6.912686630171083e-05,0.0
733.3000000000982,51.1388333,22.861129400000003,0.08,0.01380589810872313,0.2775004995004968
733.4000000000982,51.0766962,22.833351600000004,0.08,-0.013944179535987167,-0.27722355289427836
733.5000000000982,51.1388333,22.861129400000003,0.08,0.013833648241833352,0.27805605605591366
733.6000000000982,51.1388333,22.861129400000003,0.08,-5.525175816302741e-05,0.0
733.7000000000983,51.1388333,22.861129400000003,0.08,0.013861481708776057,0.0
733.8000000000983,51.1388333,22.861129400000003,0.08,0.027750381708774214,0.0
733.9000000000983,51.0766962,22.833351600000004,0.08,2.7998807535165038e-05,-0.2769471585242487
734.0000000000983,51.0766962,22.833351600000004,0.08,0.01391689880753332,0.0
734.1000000000984,51.2009704,22.888907200000002,0.08,0.013889093201901296,0.5555559999998552
734.2000000000984,51.1388333,22.861129400000003,0.08,-1.3709600910208342e-05,-0.27805605605623007
734.3000000000984,51.0766962,22.833351600000004,0.08,0.013902912754370406,-0.27722355289427836
734.4000000000984,51.0766962,22.833351600000004,0.08,-0.0277637872456205,0.0
734.5000000000985,51.1388333,22.861129400000003,0.08,0.013847578491418624,0.2766713147409274
734.6000000000985,51.1388333,22.861129400000003,0.08,-4.13215085777574e-05,0.0
734.7000000000985,51.1388333,22.861129400000003,0.08,0.013847578491434412,0.0
734.8000000000985,51.0766962,22.833351600000004,0.08,-0.013888955970527589,-0.2783346693387817
734.9000000000985,51.2009704,22.888907200000002,0.08,0.013861093979522093,0.5550009990009936
735.0000000000986,51.2009704,22.888907200000002,0.08,0.013861093979522093,0.0
735.1000000000986,51.1388333,22.861129400000003,0.08,0.013805315264660823,-0.278893574297153
735.2000000000986,51.0145591,22.8055738,0.08,-0.013972484735365293,-0.5555560000005223
735.3000000000986,51.0145591,22.8055738,0.08,-0.027847509710390135,0.0
735.4000000000987,51.1388333,22.861129400000003,0.08,0.01365326992437138,0.5527920398009519
735.5000000000987,51.1388333,22.861129400000003,0.08,-0.0002495328784243023,0.0
735.6000000000987,51.0766962,22.833351600000004,0.08,-0.014138432878420681,-0.2777779999999276
735.7000000000987,51.1388333,22.861129400000003,0.08,-0.0002495328784085121,0.2777780000002434
735.8000000000987,51.1388333,22.861129400000003,0.08,-0.0002495328784085121,0.0
735.9000000000988,51.0766962,22.833351600000004,0.08,-0.00029107495219245216,-0.2777779999999276
736.0000000000988,51.0766962,22.833351600000004,0.08,-0.00029107495219245216,0.0
736.1000000000988,51.0766962,22.833351600000004,0.08,-0.028068874952185206,0.0
736.2000000000988,51.1388333,22.861129400000003,0.08,-0.002494727611561734,0.23342689075623946
736.3000000000989,51.2009704,22.888907200000002,0.08,0.02525535003316435,0.2777780000002434
736.4000000000989,51.0145591,22.8055738,-2.0,-2.0,-1.0403670411983061
736.5000000000989,51.1388333,22.861129400000003,-2.0,-2.0,0.5561121121118628
736.6000000000989,50.952422,22.777796000000002,-2.0,-2.0,-0.6944449999999802
736.700000000099,51.0145591,22.8055738,-2.0,-2.0,0.2777779999999276
736.800000000099,50.890284900000005,22.750018200000003,-2.0,-2.0,-0.5555560000004868
736.900000000099,50.5174623,22.5833514,-2.0,-2.0,-2.0833349999989537
737.000000000099,49.9582284,22.333351200000003,-2.0,-2.0,-2.5000019999994194
737.100000000099,49.5854058,22.1666844,-2.0,-2.0,-1.3900483736443732
737.2000000000991,48.8397606,21.8333508,-2.0,-2.0,-3.3333360000030274
737.3000000000991,48.218389599999995,21.5555728,-2.0,-2.0,-3.467890137327672
737.4000000000991,47.3484702,21.166683600000002,-2.0,-2.0,-3.2407433333331914
737.5000000000991,46.727099200000005,20.8889056,-2.0,-2.0,-2.7777799999993826
737.6000000000992,46.0435911,20.5833498,-2.0,-2.0,-3.0555579999993103
737.7000000000992,45.484357200000005,20.333349600000002,-2.0,-2.0,-2.5000019999994194
737.8000000000992,45.1115346,20.1666828,-2.0,-2.0,-1.6683363363374515
737.9000000000992,44.6144378,19.9444604,-2.0,-1.8555678986202027,-2.215577268194061
738.0000000000992,44.241615200000005,19.777793600000003,-2.0,-2.0,-1.670008016032726
738.1000000000993,43.8066555,19.583349000000002,-2.0,-1.850196688553085,-1.9444459999995642
738.2000000000993,43.3716958,19.3889044,-2.0,-1.8551571786292156,-1.9444459999995642
738.3000000000993,42.9367361,19.1944598,-2.0,-1.859718939317439,-1.9463923923936817
738.4000000000993,42.501776400000004,19.000015200000004,-2.0,-1.9048257620826992,-1.9425034965035133
738.5000000000994,42.066816700000004,18.805570600000003,-2.0,-2.0298536676882706,-1.9444459999995642
738.6000000000994,41.631857000000004,18.611126000000002,-2.0,-2.09235371768825,-1.9444459999995642
738.7000000000994,41.259034400000004,18.444459200000004,-2.0,-2.1895760176882266,-1.666667999999601
738.8000000000994,40.824074700000004,18.250014600000004,-2.0,-2.259020517688291,-1.9444460000017747
738.9000000000995,40.389115000000004,18.055570000000003,-2.0,-2.2520760676883214,-1.9444459999995642
739.0000000000995,39.9541553,17.861125400000002,-2.0,-2.224395587307924,-1.9463923923914666
739.1000000000995,39.581332700000004,17.6944586,-2.0,-2.2381433184758577,-1.665002997003052
739.2000000000995,39.0842359,17.4722362,-2.0,-2.1826989408982023,-2.2244484484499116
739.3000000000995,38.6492762,17.277791600000004,-2.0,-2.106429608856994,-1.9425034965035133
739.4000000000996,38.1521794,17.0555692,-2.0,-2.055392641990539,-2.220003996004081
739.5000000000996,37.7793568,16.8889024,-2.0,-1.9989303482219527,-1.648534124627666
739.6000000000996,37.3443971,16.694457800000002,-2.0,-1.9446552851014105,-1.9700567375884632
739.7000000000996,37.033711600000004,16.555568800000003,-2.0,-1.8890303099765653,-1.3875024975025196
739.8000000000997,36.4744777,16.3055686,-2.0,-1.9306135931598074,-2.500002000002297
739.9000000000997,36.039518,16.111124,-2.0,-1.9170570297500826,-1.9444459999995642
740.0000000000997,35.5424212,15.888901600000002,-2.0,-1.94466782894842,-2.222223999999474
740.1000000000997,35.1695986,15.722234800000003,-2.0,-1.930778928948423,-1.6666679999996188
740.2000000000997,34.796776,15.555568000000001,-2.0,-1.916806778798597,-1.665002997003052
740.3000000000998,34.2375421,15.305567800000002,-2.0,-1.9446123844042202,-2.502504504506142
740.4000000000998,33.8025824,15.111123200000002,-2.0,-1.9447095095790228,-1.9444459999995642
740.5000000000998,33.4297598,14.9444564,0.01,-1.6666679999996366,-1.6666679999996366
740.6000000000998,32.932663,14.722234000000002,0.01,-1.9444459999995551,-2.222223999999474
740.7000000000999,33.1812114,14.8333452,0.01,-0.9299564167487088,1.0990227497529839
740.8000000000999,32.062743600000005,14.333344800000003,0.01,-1.9613712559392134,-5.055615773510727
740.9000000000999,32.2491549,14.416678200000002,0.01,-1.402263371117819,0.8341681681677587
741.0000000000999,31.752058100000003,14.194455800000002,0.01,-1.5381842131238985,-2.2177884231542975
741.1000000001,31.5656468,14.111122400000001,0.01,-1.4376104924158812,-0.8341681681677765
741.2000000001,31.3170984,14.000011200000001,0.01,-1.3967981808638643,-1.1111119999997459
741.3000000001,31.068550000000002,13.888900000000001,0.01,-1.3650552718791027,-1.111112000001009
741.4000000001,30.9442758,13.8333444,0.01,-1.2841053446911814,-0.5555559999998907
741.5000000001,30.882138700000002,13.805566600000002,0.01,-1.1926210406283386,-0.2777779999999098
741.6000000001001,30.8200016,13.777788800000002,0.01,-1.1164072919139711,-0.2780560560559314
741.7000000001001,30.6957274,13.722233200000002,0.01,-1.073222192459128,-0.5550009990010114
741.8000000001001,30.633590299999998,13.6944554,0.01,-1.016345404320946,-0.27694715852458035
741.9000000001001,30.5093161,13.6388998,0.01,-0.9857375562361653,-0.5572276830492341
742.0000000001002,30.5714532,13.666677600000002,0.01,-0.9067678339714085,0.27777799999994535
742.1000000001002,30.5093161,13.6388998,0.01,-0.8697684319730871,-0.27777799999994535
742.2000000001002,30.633590299999998,13.6944554,0.01,-0.7906145746967482,0.5550009990010114
742.3000000001002,30.6957274,13.722233200000002,0.01,-0.734368752025538,0.27805605605624784
742.4000000001002,30.633590299999998,13.6944554,0.01,-0.7115392144242583,-0.27777799999994535
742.5000000001003,30.633590299999998,13.6944554,0.01,-0.6282058144242766,0.0
742.6000000001003,30.633590299999998,13.6944554,0.01,-0.5170946144243028,0.0
742.7000000001003,30.5714532,13.666677600000002,0.01,-0.585920776886977,-0.2775004995004968
742.8000000001003,30.633590299999998,13.6944554,0.01,-0.31926496323641573,0.2775004995004968
742.9000000001004,30.6957274,13.722233200000002,0.01,-0.3470705688419913,0.27805605605624784
743.0000000001004,30.5714532,13.666677600000002,0.01,-0.26360247048782004,-0.5484264560708725
743.1000000001004,30.6957274,13.722233200000002,0.01,-0.1937503943995956,0.5628733535967114
743.2000000001004,30.633590299999998,13.6944554,0.01,-0.152069819374634,-0.2775004995005146
743.3000000001005,30.5714532,13.666677600000002,0.01,-0.11043095284152264,-0.2783346693387817
743.4000000001005,30.6957274,13.722233200000002,0.01,-0.0548753528415345,0.5555559999998729
743.5000000001005,30.6957274,13.722233200000002,0.01,-0.040986452841539,0.0
743.6000000001005,30.6957274,13.722233200000002,0.01,-0.027083650038742434,0.0
743.7000000001005,30.7578645,13.750011,0.01,0.014541424886332987,0.2775004995004968
743.8000000001006,30.5714532,13.666677600000002,0.01,-0.013319625595873397,-0.834168168168708
743.9000000001006,30.633590299999998,13.6944554,0.01,0.028430658556584686,0.2777779999999276
744.0000000001006,30.6957274,13.722233200000002,0.01,0.028430658556584686,0.27777799999994535
744.1000000001006,30.5714532,13.666677600000002,0.01,0.0145139529509897,-0.5561121121118451
744.2000000001007,30.5714532,13.666677600000002,0.01,-0.01323609699906087,0.0
744.3000000001007,30.6957274,13.722233200000002,0.01,0.0006389001981519649,0.5555560000005045
744.4000000001007,30.633590299999998,13.6944554,0.01,0.0006389001981519649,-0.27777799999994535
744.5000000001007,30.5714532,13.666677600000002,0.01,-0.013249999801844414,-0.2777779999999276
744.6000000001007,30.6957274,13.722233200000002,0.01,0.014527800198149232,0.5555559999998729
744.7000000001008,30.633590299999998,13.6944554,0.01,0.014513925173176807,-0.27777799999994535
744.8000000001008,30.633590299999998,13.6944554,0.01,0.0006389001981519649,0.0
744.9000000001008,30.7578645,13.750011,0.01,0.014513897395333219,0.5555559999998729
745.0000000001008,30.633590299999998,13.6944554,0.01,0.014185170248826273,-0.5550009990010114
745.1000000001009,30.633590299999998,13.6944554,0.01,-0.013958497431009298,0.0
745.2000000001009,30.5714532,13.666677600000002,0.01,-0.013986275258779251,-0.27805605605591366
745.3000000001009,30.7578645,13.750011,0.01,0.04163886661659523,0.834168168168708
745.4000000001009,30.633590299999998,13.6944554,0.01,-0.01391673338339206,-0.5555559999998729
745.500000000101,30.633590299999998,13.6944554,0.01,-0.01391673338339206,0.0
745.600000000101,30.6957274,13.722233200000002,0.01,-1.393058059548924e-05,0.2780560560559314
745.700000000101,30.633590299999998,13.6944554,0.01,-0.02776398053064606,-0.2775004995005146
745.800000000101,30.6957274,13.722233200000002,0.01,0.027847230680601732,0.27805605605624784
745.900000000101,30.7578645,13.750011,0.01,0.027833355655630193,0.2775004995004968
746.0000000001011,30.8200016,13.777788800000002,0.01,0.027833355655630193,0.27777799999994535
746.1000000001011,30.6957274,13.722233200000002,0.01,0.0278333556556302,-0.5561121121118451
746.2000000001011,30.7578645,13.750011,0.01,0.04169453330034412,0.27722355289427836
746.3000000001011,30.7578645,13.750011,0.01,0.013916733300318885,0.0
746.4000000001012,30.633590299999998,13.6944554,0.01,2.7833300322505084e-05,-0.5555559999998729
746.5000000001012,30.7578645,13.750011,0.01,0.041722338905911135,0.5561121121118451
746.6000000001012,30.633590299999998,13.6944554,0.01,-0.01375017694653966,-0.553894317049143
746.7000000001012,30.633590299999998,13.6944554,0.01,0.00013872305345760672,0.0
746.8000000001012,30.6957274,13.722233200000002,0.01,0.014055456520397584,0.2783346693387995
746.9000000001013,30.7578645,13.750011,0.01,0.0001526814954287775,0.2775004995004968
747.0000000001013,30.6957274,13.722233200000002,0.01,0.014013831445482966,-0.2777779999999276
747.1000000001013,30.633590299999998,13.6944554,0.01,0.0001388064704572367,-0.2775004995005146
747.2000000001013,30.6957274,13.722233200000002,0.01,0.027944412076049495,0.2780560560559314
747.3000000001014,30.633590299999998,13.6944554,0.01,-0.027666799135198296,-0.27805605605624784
747.4000000001014,30.6957274,13.722233200000002,0.01,0.013986025839821076,0.2775004995005146
747.5000000001014,30.6957274,13.722233200000002,0.01,0.013986025839821076,0.0
747.6000000001014,30.6957274,13.722233200000002,0.01,8.32230370245074e-05,0.0
747.7000000001015,30.6957274,13.722233200000002,0.01,0.013958248012050239,0.0
747.8000000001015,30.7578645,13.750011,0.01,0.013944345209250014,0.2777780000002434
747.9000000001015,30.633590299999998,13.6944554,0.01,-0.027708479765768467,-0.5555559999998729
748.0000000001015,30.7578645,13.750011,0.01,-0.013819579765772094,0.5555559999998729
748.1000000001015,30.7578645,13.750011,0.01,0.01398602583982016,0.0
748.2000000001016,30.7578645,13.750011,0.01,0.0001248481951062419,0.0
748.3000000001016,30.7578645,13.750011,0.01,0.0001248481951062419,0.0
748.4000000001016,30.7578645,13.750011,0.01,0.02790264819509989,0.0
748.5000000001016,30.7578645,13.750011,0.01,9.704258950763434e-05,0.0
748.6000000001017,30.7578645,13.750011,0.01,0.027791758441964787,0.0
748.7000000001017,30.7578645,13.750011,0.01,0.027791758441964787,0.0
748.8000000001017,30.633590299999998,13.6944554,0.01,-0.013902775025000416,-0.5555560000005045
748.9000000001017,30.6957274,13.722233200000002,0.01,-0.013888900000027992,0.27777799999994535
749.0000000001017,30.7578645,13.750011,0.01,0.013888899999964769,0.2777779999999276
749.1000000001018,30.6957274,13.722233200000002,0.01,0.013875024974994122,-0.2777779999999276
749.2000000001018,30.633590299999998,13.6944554,0.01,-0.01391667782779972,-0.27777799999994535
749.3000000001018,30.7578645,13.750011,0.01,0.0277639249750379,0.5555560000005045
749.4000000001018,30.7578645,13.750011,0.01,0.01388890000001217,0.0
749.5000000001019,30.633590299999998,13.6944554,0.01,-0.013916705605580084,-0.5561121121118451
749.6000000001019,30.6957274,13.722233200000002,0.01,-0.00017892123366712863,0.2747556874382591
749.7000000001019,30.7578645,13.750011,0.01,0.013864455914973381,0.2808675429728102
749.8000000001019,30.6957274,13.722233200000002,0.01,-0.013899469060063629,-0.2775004995004968
749.900000000102,30.633590299999998,13.6944554,0.01,-1.0569060067250336e-05,-0.27777799999994535
750.000000000102,30.6957274,13.722233200000002,0.01,-0.013885566257264326,0.2780560560559314
750.100000000102,30.6957274,13.722233200000002,0.01,-0.013885566257264326,0.0
750.200000000102,30.6957274,13.722233200000002,0.01,-0.013885566257264326,0.0
750.300000000102,30.7578645,13.750011,0.01,-1.0541282239484584e-05,0.2775004995004968
750.4000000001021,30.6957274,13.722233200000002,0.01,-0.013913344085035168,-0.27805605605591366
750.5000000001021,30.6957274,13.722233200000002,0.01,-0.013913344085035168,0.0
750.6000000001021,30.7578645,13.750011,0.01,-6.59861588070354e-05,0.27694715852456264
750.7000000001021,30.8200016,13.777788800000002,0.01,0.013836816643989535,0.2780560560559314
750.8000000001022,30.633590299999998,13.6944554,0.01,-9.37917644215247e-05,-0.8341681681687257
750.9000000001022,30.6957274,13.722233200000002,0.01,-7.988896162222092e-05,0.2780560560559314
751.0000000001022,30.6957274,13.722233200000002,0.01,-0.0139687889616186,0.0
751.1000000001022,30.8200016,13.777788800000002,0.01,0.027697911038371426,0.5555559999998729
751.2000000001022,30.633590299999998,13.6944554,0.01,-3.826388670760683e-05,-0.832501498501526
751.3000000001023,30.6957274,13.722233200000002,0.01,-0.013927163886719777,0.27777800000026115
751.4000000001023,30.7578645,13.750011,0.01,-2.4361083924093196e-05,0.27805605605591366
751.5000000001023,30.633590299999998,13.6944554,0.01,3.4445216745115912e-06,-0.5555559999998729
751.6000000001023,30.7578645,13.750011,0.01,0.014015710099812131,0.5550009990010114
751.7000000001024,30.7578645,13.750011,0.01,-2.7667048828383666e-05,0.0
751.8000000001024,30.7578645,13.750011,0.01,0.013847357926196461,0.0
751.9000000001024,30.6957274,13.722233200000002,0.01,0.013833455123398047,-0.27805605605591366
752.0000000001024,30.6957274,13.722233200000002,0.01,-6.934767939852649e-05,0.0
752.1000000001025,30.7578645,13.750011,0.01,0.013847385787524707,0.2783346693384647
752.2000000001025,30.8200016,13.777788800000002,0.01,0.027722410762550435,0.2775004995005146
752.3000000001025,30.6957274,13.722233200000002,0.01,-0.01365538648970234,-0.5500554455445587
752.4000000001025,30.6957274,13.722233200000002,0.01,0.000247416313093346,0.0
752.5000000001025,30.8200016,13.777788800000002,0.01,0.0280530219186856,0.5561121121118451
752.6000000001026,30.6957274,13.722233200000002,0.01,-0.019794091209519492,-0.6799951040395392
752.7000000001026,30.6957274,13.722233200000002,0.01,-0.03369689401231606,0.0
752.8000000001026,30.6957274,13.722233200000002,0.01,0.008011514396120223,0.0
752.9000000001026,30.6957274,13.722233200000002,0.01,-0.005891288406676349,0.0
753.0000000001027,30.8200016,13.777788800000002,0.01,0.0218865115933173,0.5555559999998729
753.1000000001027,30.8200016,13.777788800000002,0.01,-0.005891288406676349,0.0
753.2000000001027,30.6957274,13.722233200000002,0.01,0.008011431228971227,-0.5544471057885744
753.3000000001027,30.6957274,13.722233200000002,0.01,-0.005877468771041822,0.0
753.4000000001028,30.8200016,13.777788800000002,0.01,0.007969778376213063,0.5550009990010114
753.5000000001028,30.7578645,13.750011,0.01,0.02185867837619365,-0.27777800000026115
753.6000000001028,30.7578645,13.750011,0.01,-0.005891371573856918,0.0
753.7000000001028,30.6957274,13.722233200000002,0.01,-0.019780271573853297,-0.2777779999999276
753.8000000001028,30.8200016,13.777788800000002,0.01,0.008025334031770599,0.5561121121124779
753.9000000001029,30.6957274,13.722233200000002,0.01,-0.0058496631654273625,-0.5555559999998729
754.0000000001029,30.7578645,13.750011,0.01,0.008039236834569016,0.2777779999999276
754.1000000001029,30.8200016,13.777788800000002,0.01,0.008011403367643046,0.27777799999994535
754.2000000001029,30.8200016,13.777788800000002,0.01,-0.005863621607382685,0.0
754.300000000103,30.7578645,13.750011,0.01,0.0077502506698321925,-0.27777800000026115
754.400000000103,30.6957274,13.722233200000002,0.01,-0.006138649330164186,-0.2777779999999276
754.500000000103,30.7578645,13.750011,0.01,-0.020069229960731592,0.2775004995004968
754.600000000103,30.8200016,13.777788800000002,0.01,0.027819425241242625,0.27777799999994535
754.700000000103,30.8200016,13.777788800000002,0.01,0.027819425241242625,0.0
754.8000000001031,30.6957274,13.722233200000002,0.01,4.162524121739675e-05,-0.5555560000005045
754.9000000001031,30.6957274,13.722233200000002,0.01,4.162524121739675e-05,0.0
755.0000000001031,30.8200016,13.777788800000002,0.01,4.1625241217402297e-05,0.5555559999998729
755.1000000001031,30.8200016,13.777788800000002,0.01,4.1625241217402297e-05,0.0
755.2000000001032,30.6957274,13.722233200000002,0.01,1.3930580595550302e-05,-0.5550009990010114
755.3000000001032,30.8200016,13.777788800000002,0.01,0.027819536186219445,0.5561121121124779
755.4000000001032,30.6957274,13.722233200000002,0.01,-0.027708313763824766,-0.5555559999998729
755.5000000001032,30.6957274,13.722233200000002,0.01,-0.013819413763811714,0.0
755.6000000001033,30.6957274,13.722233200000002,0.01,-0.013819413763811714,0.0
755.7000000001033,30.7578645,13.750011,0.01,0.013972289038996166,0.27805605605623007
755.8000000001033,30.6957274,13.722233200000002,0.01,-0.027722216566624103,-0.2777779999999276
755.9000000001033,30.8200016,13.777788800000002,0.01,0.0277502992857953,0.5538943170485152
756.0000000001033,30.7578645,13.750011,0.01,-4.1403517013469116e-05,-0.27805605605624784
756.1000000001034,30.7578645,13.750011,0.01,-0.013930303517010734,0.0
756.2000000001034,30.6957274,13.722233200000002,0.01,-0.027833106319806417,-0.27805605605591366
756.3000000001034,30.8200016,13.777788800000002,0.01,0.013833593680231866,0.5555560000005045
756.4000000001034,30.7578645,13.750011,0.01,0.013861316035529167,-0.27722355289398154
756.5000000001035,30.882138700000002,13.805566600000002,0.01,0.027819757994384277,0.556669338677599
756.6000000001035,30.882138700000002,13.805566600000002,0.01,0.013930857994387012,0.0
756.7000000001035,30.7578645,13.750011,0.01,-0.013930526158075588,-0.557227683049252
756.8000000001035,30.6957274,13.722233200000002,0.01,-1.3903802748554962e-05,-0.27722355289396383
756.9000000001035,30.8200016,13.777788800000002,0.01,0.02779170180287534,0.5561121121124779
757.0000000001036,30.8200016,13.777788800000002,0.01,1.390180288169951e-05,0.0
757.1000000001036,30.882138700000002,13.805566600000002,0.01,0.013888926777907429,0.2775004995005146
757.2000000001036,30.8200016,13.777788800000002,0.01,0.027750076727960725,-0.27777799999994535
757.3000000001036,30.7578645,13.750011,0.01,-0.013944428877676222,-0.27777800000026115
757.4000000001037,30.7578645,13.750011,0.01,0.01383337112231742,0.0
757.5000000001037,30.7578645,13.750011,0.01,0.01383337112231742,0.0
757.6000000001037,30.7578645,13.750011,0.01,0.01383337112231742,0.0
757.7000000001037,30.7578645,13.750011,0.01,-6.943168049407811e-05,0.0
757.8000000001038,30.8200016,13.777788800000002,0.01,0.027708368319499566,0.27777799999994535
757.9000000001038,30.7578645,13.750011,0.01,-0.013861372507951927,-0.2775004995005146
758.0000000001038,30.7578645,13.750011,0.01,4.1430294860464456e-05,0.0
758.1000000001038,30.7578645,13.750011,0.01,4.1430294860464456e-05,0.0
758.2000000001038,30.7578645,13.750011,0.01,0.013944233097656156,0.0
758.3000000001039,30.7578645,13.750011,0.01,-0.013833566902369074,0.0
758.4000000001039,30.7578645,13.750011,0.01,2.7610742330000382e-05,0.0
758.5000000001039,30.7578645,13.750011,0.01,-0.027805856191549953,0.0
758.6000000001039,30.8200016,13.777788800000002,0.01,-0.013916956191552688,0.27777799999994535
758.700000000104,30.882138700000002,13.805566600000002,0.01,0.02781945293593564,0.2775004995005146
758.800000000104,30.882138700000002,13.805566600000002,0.01,0.04168063058063383,0.0
758.900000000104,30.882138700000002,13.805566600000002,0.01,0.013875024975009939,0.0
759.000000000104,30.882138700000002,13.805566600000002,0.01,0.013875024975009939,0.0
759.100000000104,30.8200016,13.777788800000002,0.01,-0.013902802802812359,-0.2780560560559314
759.2000000001041,30.7578645,13.750011,0.01,-0.013875080447529897,-0.27722355289429607
759.3000000001041,30.882138700000002,13.805566600000002,0.01,0.02784728648636311,0.556669338677599
759.4000000001041,30.882138700000002,13.805566600000002,0.01,0.02784728648636311,0.0
759.5000000001041,30.882138700000002,13.805566600000002,0.01,0.02784728648636311,0.0
759.6000000001042,30.7578645,13.750011,0.01,9.723653631165119e-05,-0.5550009990010292
759.7000000001042,30.8200016,13.777788800000002,0.01,0.013986136536308919,0.27777799999994535
759.8000000001042,30.882138700000002,13.805566600000002,0.01,0.013986136536324712,0.27777800000026115
759.9000000001042,30.882138700000002,13.805566600000002,0.01,0.02786116151135044,0.0
760.0000000001043,30.7578645,13.750011,0.01,8.336151135590608e-05,-0.5555559999998907
760.1000000001043,30.882138700000002,13.805566600000002,0.01,0.02786116151135044,0.5555559999998907
760.2000000001043,30.8200016,13.777788800000002,0.01,0.013972261511353173,-0.27777799999994535
760.3000000001043,30.8200016,13.777788800000002,0.01,0.013972261511353173,0.0
760.4000000001043,30.7578645,13.750011,0.01,9.723653632744411e-05,-0.2775004995005146
760.5000000001044,30.8200016,13.777788800000002,0.01,0.013986136536324712,0.27777799999994535
760.6000000001044,30.7578645,13.750011,0.01,-0.013791663463669824,-0.27777799999994535
760.7000000001044,30.882138700000002,13.805566600000002,0.01,0.00011111156129898769,0.5555559999998907
760.8000000001044,30.8200016,13.777788800000002,0.01,-0.01373624636493003,-0.27694715852458035
760.9000000001045,30.8200016,13.777788800000002,0.01,-0.01373624636493003,0.0
761.0000000001045,30.882138700000002,13.805566600000002,0.01,0.0001526536350672375,0.27777799999994535
761.1000000001045,30.882138700000002,13.805566600000002,0.01,0.014055456437863803,0.0
761.2000000001045,30.8200016,13.777788800000002,0.01,0.01402773408258134,-0.27777799999994535
761.3000000001045,30.882138700000002,13.805566600000002,0.01,8.316714871444142e-05,0.27777800000026115
761.4000000001046,30.8200016,13.777788800000002,0.01,-0.013805732851282827,-0.27777799999994535
761.5000000001046,30.882138700000002,13.805566600000002,0.01,9.70699515137452e-05,0.2780560560559314
761.6000000001046,30.882138700000002,13.805566600000002,0.01,0.027847119901565198,0.0
761.7000000001046,30.9442758,13.8333444,0.01,0.02784711990156343,0.2777779999999098
761.8000000001047,30.9442758,13.8333444,0.01,0.013958219901550373,0.0
761.9000000001047,30.8200016,13.777788800000002,0.01,-0.013819580098442386,-0.5555559999998552
762.0000000001047,30.882138700000002,13.805566600000002,0.01,0.027861022704348714,0.2780560560559314
762.1000000001047,30.882138700000002,13.805566600000002,0.01,8.322270435418556e-05,0.0
762.2000000001048,30.8200016,13.777788800000002,0.01,0.00020710783815016954,-0.27530029732402567
762.3000000001048,30.882138700000002,13.805566600000002,0.01,0.014222143156024413,0.2803007063574849
762.4000000001048,30.882138700000002,13.805566600000002,0.01,0.02809716813105014,0.0
762.5000000001048,30.882138700000002,13.805566600000002,0.01,0.014208268131052876,0.0
762.6000000001048,30.9442758,13.8333444,0.01,0.0419721931060741,0.27750049950047906
762.7000000001049,30.8200016,13.777788800000002,0.01,-0.013639073827766907,-0.5566693386769294
762.8000000001049,30.8200016,13.777788800000002,0.01,0.00020828409846210816,0.0
762.9000000001049,30.9442758,13.8333444,0.01,0.02795833404851179,0.5550009990009936
763.0000000001049,30.9442758,13.8333444,0.01,0.014069434048514526,0.0
763.100000000105,30.8200016,13.777788800000002,0.01,-0.01379195010394629,-0.5572276830492163
763.200000000105,30.8200016,13.777788800000002,0.01,9.694989605097404e-05,0.0
763.300000000105,30.8200016,13.777788800000002,0.01,-0.013791950103962081,0.0
763.400000000105,30.9442758,13.8333444,0.01,0.02781930518543157,0.5544471057879277
763.500000000105,30.882138700000002,13.805566600000002,0.01,-2.310843031982923e-07,-0.27833466933876394
763.6000000001051,30.8200016,13.777788800000002,0.01,-0.013861408729018001,-0.27722355289429607
763.7000000001051,30.9442758,13.8333444,0.01,2.749127097926296e-05,0.5555559999998552
763.8000000001051,30.9442758,13.8333444,0.01,2.749127097926296e-05,0.0
763.9000000001051,30.8200016,13.777788800000002,0.01,5.524132092233902e-05,-0.5550009990009936
764.0000000001052,30.8200016,13.777788800000002,0.01,-0.01384756148187423,0.0
764.1000000001052,30.8200016,13.777788800000002,0.01,-0.01384756148187423,0.0
764.2000000001052,30.9442758,13.8333444,0.01,0.02769525338431982,0.5555559999998552
764.3000000001052,30.9442758,13.8333444,0.01,0.013680218066445569,0.0
764.4000000001053,30.8200016,13.777788800000002,0.01,-0.014125387539177438,-0.5561121121124601
764.5000000001053,30.9442758,13.8333444,0.01,0.013680218066413927,0.5561121121118273
764.6000000001053,30.8200016,13.777788800000002,0.01,-0.027944856858659706,-0.5550009990009936
764.7000000001053,30.882138700000002,13.805566600000002,0.01,0.013777510075184024,0.27777799999994535
764.8000000001053,30.882138700000002,13.805566600000002,0.01,0.013777510075184024,0.0
764.9000000001054,30.8200016,13.777788800000002,0.01,-0.02787534267766223,-0.2780560560559314
765.0000000001054,30.9442758,13.8333444,0.01,-0.00012529272761254706,0.5550009990009936
765.1000000001054,30.9442758,13.8333444,0.01,0.027736091424848276,0.0
765.2000000001054,30.8200016,13.777788800000002,0.01,-1.395852520140739e-05,-0.5550009990009936
765.3000000001055,30.9442758,13.8333444,0.01,0.027763841474822932,0.5555560000004868
765.4000000001055,30.9442758,13.8333444,0.01,4.1486185426548027e-05,0.0
765.5000000001055,30.882138700000002,13.805566600000002,0.01,5.54168495699503e-05,-0.27805605605589584
765.6000000001055,30.882138700000002,13.805566600000002,0.01,0.013916594494284753,0.0
765.7000000001055,30.882138700000002,13.805566600000002,0.01,-0.013861205505708005,0.0
765.8000000001056,30.9442758,13.8333444,0.01,4.159729710261073e-05,0.2780560560562123
765.9000000001056,30.9442758,13.8333444,0.01,0.027791647247152294,0.0
766.0000000001056,30.9442758,13.8333444,0.01,0.027791647247152294,0.0
766.1000000001056,31.0064129,13.8611222,0.01,0.04168054724714956,0.27777799999994535
766.2000000001057,30.9442758,13.8333444,0.01,-5.555565558978959e-08,-0.27805605605624784
766.3000000001057,30.882138700000002,13.805566600000002,0.01,-0.013875080530679543,-0.27750049950047906
766.4000000001057,30.882138700000002,13.805566600000002,0.01,0.013930525074943467,0.0
766.5000000001057,31.0064129,13.8611222,0.01,0.013930525074943464,0.5561121121118273
766.6000000001058,30.9442758,13.8333444,0.01,0.027819397380278343,-0.27722355289429607
766.7000000001058,30.9442758,13.8333444,0.01,0.01393049738028108,0.0
766.8000000001058,31.0064129,13.8611222,0.01,0.027819397380278343,0.27777799999994535
766.9000000001058,30.9442758,13.8333444,0.01,0.027819397380262522,-0.27805605605624784
767.0000000001058,30.882138700000002,13.805566600000002,0.01,-0.013833455372581951,-0.27805605605589584
767.1000000001059,31.0064129,13.8611222,0.01,0.01391659457746773,0.5550009990009936
767.2000000001059,31.0064129,13.8611222,0.01,0.041666644527517414,0.0
767.3000000001059,30.882138700000002,13.805566600000002,0.01,-0.013861205422556607,-0.5550009990009936
767.4000000001059,30.9442758,13.8333444,0.01,2.769457743888315e-05,0.2777779999999098
767.500000000106,30.9442758,13.8333444,0.01,0.01393049738023367,0.0
767.600000000106,30.882138700000002,13.805566600000002,0.01,0.00016548251403414592,-0.2753002973239905
767.700000000106,30.9442758,13.8333444,0.01,0.014208859662673757,0.2808675429727922
767.800000000106,30.882138700000002,13.805566600000002,0.01,-0.013568968115160807,-0.27750049950047906
767.900000000106,30.882138700000002,13.805566600000002,0.01,-0.013568968115160807,0.0
768.0000000001061,30.882138700000002,13.805566600000002,0.01,-0.013568968115160807,0.0
768.1000000001061,30.882138700000002,13.805566600000002,0.01,-0.027457868115158067,0.0
768.2000000001061,30.9442758,13.8333444,0.01,0.00034773749044910985,0.27805605605589584
768.3000000001061,31.0064129,13.8611222,0.01,0.02811166246548612,0.27777800000026115
768.4000000001062,30.9442758,13.8333444,0.01,0.014222762465488852,-0.27777799999994535
768.5000000001062,31.0064129,13.8611222,0.01,0.00027833450461229036,0.27722355289429607
768.6000000001062,30.882138700000002,13.805566600000002,0.01,-0.013666093456264272,-0.5561121121118273
768.7000000001062,30.882138700000002,13.805566600000002,0.01,-0.013666093456264272,0.0
768.8000000001063,31.0064129,13.8611222,0.01,0.00019505649378813715,0.5550009990009936
768.9000000001063,31.0064129,13.8611222,0.01,0.014097859296600535,0.0
769.0000000001063,31.068550000000002,13.888900000000001,0.01,0.04188956209940838,0.27777800000026115
769.1000000001063,30.882138700000002,13.805566600000002,0.01,-0.02752718785063133,-0.8333339999998005
769.2000000001063,30.882138700000002,13.805566600000002,0.01,-0.02752718785063133,0.0
769.3000000001064,31.0064129,13.8611222,0.01,0.028000662099411117,0.5555559999998552
769.4000000001064,31.0064129,13.8611222,0.01,0.014111762099415625,0.0
769.5000000001064,30.9442758,13.8333444,0.01,0.00020895929660323388,-0.27805605605624784
769.6000000001064,31.0064129,13.8611222,0.01,0.027862874162800026,0.27777799999994535
769.7000000001065,31.0064129,13.8611222,0.01,0.013819497014160414,0.0
769.8000000001065,30.9442758,13.8333444,0.01,0.0138056219891871,-0.27777799999994535
769.9000000001065,31.0064129,13.8611222,0.01,0.02768064696421283,0.2775004995005146
770.0000000001065,31.0064129,13.8611222,0.01,0.02768064696421283,0.0
770.1000000001065,30.9442758,13.8333444,0.01,0.013791746964199773,-0.27777800000026115
770.2000000001066,31.068550000000002,13.888900000000001,0.01,0.027391716438633796,0.5500554455445763
770.3000000001066,30.9442758,13.8333444,0.01,-0.014555567399750821,-0.5611676767674311
770.4000000001066,30.9442758,13.8333444,0.01,-0.0006666673997535455,0.0
770.5000000001066,30.9442758,13.8333444,0.01,-0.014527845044468354,0.0
770.6000000001067,31.068550000000002,13.888900000000001,0.01,0.041027810511174476,0.5550009990010292
770.7000000001067,30.9442758,13.8333444,0.01,0.013250010511148358,-0.5555560000005223
770.8000000001067,30.9442758,13.8333444,0.01,-0.014500039438901328,0.0
770.9000000001067,30.9442758,13.8333444,0.01,-0.014500039438901328,0.0
771.0000000001068,31.068550000000002,13.888900000000001,0.01,-0.0005554725050344322,0.556669338677599
771.1000000001068,31.0064129,13.8611222,0.01,0.027208424692143206,-0.27805605605624784
771.2000000001068,31.0064129,13.8611222,0.01,0.027208424692143206,0.0
771.3000000001068,31.068550000000002,13.888900000000001,0.01,0.013277982618363767,0.27694715852426643
771.4000000001068,30.9442758,13.8333444,0.01,-0.01458340153409883,-0.557227683049252
771.5000000001069,30.9442758,13.8333444,0.01,-0.0006805987312864415,0.0
771.6000000001069,30.9442758,13.8333444,0.01,-0.014569498731283706,0.0
771.7000000001069,31.0064129,13.8611222,0.01,-0.000708321086584629,0.27722355289398154
771.8000000001069,31.068550000000002,13.888900000000001,0.01,0.027097312380352612,0.2783346693387995
771.900000000107,30.9442758,13.8333444,0.01,-0.01455551259466765,-0.5555559999998907
772.000000000107,30.9442758,13.8333444,0.01,-0.01455551259466765,0.0
772.100000000107,30.9442758,13.8333444,0.01,-0.000666612594654592,0.0
772.200000000107,31.068550000000002,13.888900000000001,0.01,-0.00041933492183194866,0.5550009990010292
772.300000000107,31.0064129,13.8611222,0.01,0.013736246113743033,-0.2780560560559314
772.4000000001071,31.068550000000002,13.888900000000001,0.01,0.027583604039956355,0.27694715852426643
772.5000000001071,31.068550000000002,13.888900000000001,0.01,0.027583604039956355,0.0
772.6000000001071,31.130687100000003,13.916677800000002,0.01,0.013722454089917954,0.27777800000026115
772.7000000001071,31.068550000000002,13.888900000000001,0.01,0.027611354089946798,-0.27777799999994535
772.8000000001072,31.068550000000002,13.888900000000001,0.01,0.027611354089946798,0.0
772.9000000001072,31.0064129,13.8611222,0.01,0.013722454089949532,-0.27777799999994535
773.0000000001072,31.068550000000002,13.888900000000001,0.01,-0.00022211284393315044,0.27777799999994535
773.1000000001072,31.0064129,13.8611222,0.01,-0.00018048768583556473,-0.27722355289429607
773.2000000001073,31.0064129,13.8611222,0.01,-0.00018048768583556473,0.0
773.3000000001073,31.0064129,13.8611222,0.01,-0.014027845612048884,0.0
773.4000000001073,30.9442758,13.8333444,0.01,-5.536145958355554e-05,-0.27777799999994535
773.5000000001073,31.068550000000002,13.888900000000001,0.01,0.027666993829846054,0.5544471057885921
773.6000000001073,31.130687100000003,13.916677800000002,0.01,0.041583727296786034,0.2783346693387995
773.7000000001074,31.130687100000003,13.916677800000002,0.01,0.027722549652086953,0.0
773.8000000001074,31.130687100000003,13.916677800000002,0.01,0.013805816185146976,0.0
773.9000000001074,31.0064129,13.8611222,0.01,0.013833566235090055,-0.5550009990010292
774.0000000001074,31.0064129,13.8611222,0.01,0.013833566235090055,0.0
774.1000000001075,31.068550000000002,13.888900000000001,0.01,0.02773636903790245,0.27805605605624784
774.2000000001075,31.130687100000003,13.916677800000002,0.01,0.013875219087848254,0.27777799999994535
774.3000000001075,31.0064129,13.8611222,0.01,2.2189065029265543e-07,-0.5555559999998907
774.4000000001075,31.0064129,13.8611222,0.01,-0.013847136035563031,0.0
774.5000000001075,31.0064129,13.8611222,0.01,-0.013847136035563031,0.0
774.6000000001076,31.130687100000003,13.916677800000002,0.01,-1.3680746146477186e-05,0.5544471057885921
774.7000000001076,31.0064129,13.8611222,0.01,-0.01398616489861181,-0.557227683049252
774.8000000001076,31.0064129,13.8611222,0.01,-0.01398616489861181,0.0
774.9000000001076,31.130687100000003,13.916677800000002,0.01,0.027708340706978595,0.5561121121118628
775.0000000001077,31.068550000000002,13.888900000000001,0.01,-4.173693773347198e-05,-0.27722355289429607
775.1000000001077,31.0064129,13.8611222,0.01,-8.33620958152398e-05,-0.2780560560559314
775.2000000001077,31.0064129,13.8611222,0.01,-8.33620958152398e-05,0.0
775.3000000001077,31.130687100000003,13.916677800000002,0.01,0.027694437904179293,0.5555559999998907
775.4000000001078,31.130687100000003,13.916677800000002,0.01,0.04158333790417656,0.0
775.5000000001078,31.068550000000002,13.888900000000001,0.01,-5.575085217716935e-05,-0.27833466933848244
775.6000000001078,31.0064129,13.8611222,0.01,-0.027861384319130204,-0.27777800000026115
775.7000000001078,31.130687100000003,13.916677800000002,0.01,-0.00011133436907874717,0.5550009990010292
775.8000000001078,31.130687100000003,13.916677800000002,0.01,-0.00011133436907874717,0.0
775.9000000001079,31.0064129,13.8611222,0.01,-0.00013908441902182322,-0.5555559999998907
776.0000000001079,31.068550000000002,13.888900000000001,0.01,0.013749815580975443,0.27777799999994535
776.1000000001079,31.0064129,13.8611222,0.01,-0.014041887221850003,-0.27777800000026115
776.2000000001079,31.130687100000003,13.916677800000002,0.01,-0.0001529872218527406,0.5555559999998907
776.300000000108,31.068550000000002,13.888900000000001,0.01,0.013735912778144527,-0.27777799999994535
776.400000000108,31.130687100000003,13.916677800000002,0.01,0.027624812778141793,0.27777799999994535
776.500000000108,31.068550000000002,13.888900000000001,0.01,0.013763635133426991,-0.27722355289429607
776.600000000108,31.130687100000003,13.916677800000002,0.01,-4.198668906263414e-05,0.2783346693387995
776.700000000108,31.1928242,13.944455600000001,0.01,0.04170829746339634,0.2777779999999276
776.8000000001081,31.068550000000002,13.888900000000001,0.01,0.013930497463402696,-0.5555559999998729
776.9000000001081,31.068550000000002,13.888900000000001,0.01,-0.013875108142190446,0.0
777.0000000001081,31.130687100000003,13.916677800000002,0.01,0.013888872305320927,0.2780560560559314
777.1000000001081,31.1928242,13.944455600000001,0.01,0.04166670008314234,0.2775004995004968
777.2000000001082,31.068550000000002,13.888900000000001,0.01,0.013916650133091768,-0.5550009990010114
777.3000000001082,31.130687100000003,13.916677800000002,0.01,4.1652935909625156e-05,0.27805605605624784
777.4000000001082,31.068550000000002,13.888900000000001,0.01,-0.013861149866886946,-0.2780560560559314
777.5000000001082,31.068550000000002,13.888900000000001,0.01,5.5583600037178994e-05,0.0
777.6000000001083,31.130687100000003,13.916677800000002,0.01,0.027805661244765044,0.27722355289429607
777.7000000001083,31.1928242,13.944455600000001,0.01,0.013958414097525088,0.27805605605623007
777.8000000001083,31.1928242,13.944455600000001,0.01,0.013958414097525088,0.0
777.9000000001083,31.130687100000003,13.916677800000002,0.01,0.027847314097523244,-0.2777779999999276
778.0000000001083,31.068550000000002,13.888900000000001,0.01,8.338912250024921e-05,-0.2775004995005146
778.1000000001084,31.1928242,13.944455600000001,0.01,0.04175008912250695,0.5555559999998729
778.2000000001084,31.130687100000003,13.916677800000002,0.01,8.338912250024366e-05,-0.2777780000002434
778.3000000001084,31.1928242,13.944455600000001,0.01,0.02786118912249389,0.2777779999999276
778.4000000001084,31.1928242,13.944455600000001,0.01,0.013972289122496623,0.0
778.5000000001085,31.068550000000002,13.888900000000001,0.01,5.566676721777686e-05,-0.5555559999998729
778.6000000001085,31.1928242,13.944455600000001,0.01,0.013944538905870057,0.5561121121118451
778.7000000001085,31.130687100000003,13.916677800000002,0.01,-0.013847163896937825,-0.27805605605623007
778.8000000001085,31.068550000000002,13.888900000000001,0.01,4.173610305855391e-05,-0.27777799999994535
778.9000000001085,31.1928242,13.944455600000001,0.01,0.027791786053109124,0.5550009990010114
779.0000000001086,31.1928242,13.944455600000001,0.01,0.013888983250312553,0.0
779.1000000001086,31.068550000000002,13.888900000000001,0.01,-0.027819508658591348,-0.5566693386775813
779.2000000001086,31.068550000000002,13.888900000000001,0.01,-6.945870854078717e-05,0.0
779.3000000001086,31.1928242,13.944455600000001,0.01,0.01386120542252589,0.5566693386775813
779.4000000001087,31.130687100000003,13.916677800000002,0.01,0.013875108225326078,-0.2777779999999276
779.5000000001087,31.130687100000003,13.916677800000002,0.01,0.013875108225326078,0.0
779.6000000001087,31.254961299999998,13.9722334,0.01,0.027819536186234284,0.5561121121124601
779.7000000001087,31.068550000000002,13.888900000000001,0.01,-0.027749966616567246,-0.8333339999998005
779.8000000001088,31.1928242,13.944455600000001,0.01,2.7833383426401072e-05,0.5555559999998729
779.9000000001088,31.1928242,13.944455600000001,0.01,0.01391673338342278,0.0
780.0000000001088,31.068550000000002,13.888900000000001,0.01,-1.3847247143738972e-05,-0.5561121121118451
780.1000000001088,31.1928242,13.944455600000001,0.01,-1.3847247112158679e-05,0.5555560000005045
780.2000000001088,31.254961299999998,13.9722334,0.01,0.027763952752896386,0.2777779999999276
780.3000000001089,31.130687100000003,13.916677800000002,0.01,-0.01390274724709275,-0.5555559999998552
780.4000000001089,31.1928242,13.944455600000001,0.01,-1.3847247096371306e-05,0.2777779999999276
780.5000000001089,31.130687100000003,13.916677800000002,0.01,0.013875052752900897,-0.2777779999999276
780.6000000001089,31.1928242,13.944455600000001,0.01,-4.1652852679188725e-05,0.2777780000002434
780.700000000109,31.254961299999998,13.9722334,0.01,0.027750049950128697,0.2777779999999276
780.800000000109,31.254961299999998,13.9722334,0.01,0.041638949950125966,0.0
780.900000000109,31.254961299999998,13.9722334,0.01,0.01388890000007539,0.0
781.000000000109,31.130687100000003,13.916677800000002,0.01,-0.013778231474017346,-0.5533426294818548
781.100000000109,31.130687100000003,13.916677800000002,0.01,0.014055235459861714,0.0
781.2000000001091,31.1928242,13.944455600000001,0.01,0.027958038262673218,0.27805605605623007
781.3000000001091,31.254961299999998,13.9722334,0.01,0.014013471328790536,0.2777779999999276
781.4000000001091,31.254961299999998,13.9722334,0.01,0.027902371328786917,0.0
781.5000000001091,31.1928242,13.944455600000001,0.01,0.01401347132879054,-0.2777779999999276
781.6000000001092,31.130687100000003,13.916677800000002,0.01,-0.027694937079643978,-0.27805605605623007
781.7000000001092,31.254961299999998,13.9722334,0.01,0.04174956292033881,0.5555559999998552
781.8000000001092,31.130687100000003,13.916677800000002,0.01,-0.013806037079647596,-0.5555559999998552
781.9000000001092,31.130687100000003,13.916677800000002,0.01,-0.013806037079647596,0.0
782.0000000001093,31.254961299999998,13.9722334,0.01,0.04174961847599434,0.5550009990009936
782.1000000001093,31.254961299999998,13.9722334,0.01,0.013971818475969114,0.0
782.2000000001093,31.1928242,13.944455600000001,0.01,-0.013833814990966347,-0.2783346693387817
782.3000000001093,31.1928242,13.944455600000001,0.01,0.013943985009026405,0.0
782.4000000001093,31.130687100000003,13.916677800000002,0.01,-0.013847717793765655,-0.27805605605591366
782.5000000001094,31.254961299999998,13.9722334,0.01,0.027763537495658557,0.5544471057885567
782.6000000001094,31.254961299999998,13.9722334,0.01,0.01387463749564639,0.0
782.7000000001094,31.254961299999998,13.9722334,0.01,-1.426250434998777e-05,0.0
782.8000000001094,31.1928242,13.944455600000001,0.01,-0.013903162504346367,-0.2777779999999276
782.9000000001095,31.130687100000003,13.916677800000002,0.01,-0.0277505204305588,-0.2769471585242487
783.0000000001095,31.1928242,13.944455600000001,0.01,0.013847303119764343,0.27861384152460816
783.1000000001095,31.130687100000003,13.916677800000002,0.01,-4.159688024782671e-05,-0.2777780000002434
783.2000000001095,31.1928242,13.944455600000001,0.01,-6.93747080344892e-05,0.2775004995004968
783.3000000001095,31.254961299999998,13.9722334,0.01,-5.547190523518819e-05,0.27805605605591366
783.4000000001096,31.1928242,13.944455600000001,0.01,-0.013944371905231567,-0.2777779999999276
783.5000000001096,31.130687100000003,13.916677800000002,0.01,-0.013944371905231564,-0.2777779999999276
783.6000000001096,31.130687100000003,13.916677800000002,0.01,-4.156910242005818e-05,0.0
783.7000000001096,31.254961299999998,13.9722334,0.01,-9.701381301643885e-05,0.5544471057879277
783.8000000001097,31.254961299999998,13.9722334,0.01,0.027680786186976326,0.0
783.9000000001097,31.254961299999998,13.9722334,0.01,0.027680786186976326,0.0
784.0000000001097,31.1928242,13.944455600000001,0.01,-0.013972066565869046,-0.27805605605591366
784.1000000001097,31.1928242,13.944455600000001,0.01,-0.013972066565869046,0.0
784.2000000001098,31.1928242,13.944455600000001,0.01,-5.5333098929957746e-05,0.0
784.3000000001098,31.1928242,13.944455600000001,0.01,-5.5333098929957746e-05,0.0
784.4000000001098,31.1928242,13.944455600000001,0.01,0.013847469703865727,0.0
784.5000000001098,31.254961299999998,13.9722334,0.01,0.0001543063336227668,0.2805838383836976
784.6000000001098,31.1928242,13.944455600000001,0.01,-0.013748496469188737,-0.27805605605623007
784.7000000001099,31.1928242,13.944455600000001,0.01,-0.013748496469188737,0.0
784.8000000001099,31.1928242,13.944455600000001,0.01,0.00014040353080764512,0.0
784.9000000001099,31.3170984,14.000011200000001,0.01,0.041737811407070655,0.5550009990010114
785.0000000001099,31.3170984,14.000011200000001,0.01,0.027807119330840246,0.0
785.10000000011,31.254961299999998,13.9722334,0.01,0.027820994355826682,-0.2775004995005146
785.20000000011,31.1928242,13.944455600000001,0.01,7.094440577700145e-05,-0.2775004995004968
785.30000000011,31.254961299999998,13.9722334,0.01,7.094440579282213e-05,0.27805605605623007
785.40000000011,31.1928242,13.944455600000001,0.01,7.094440579282213e-05,-0.2777779999999276
785.50000000011,31.254961299999998,13.9722334,0.01,0.027862647208584883,0.27805605605591366
785.6000000001101,31.3170984,14.000011200000001,0.01,0.04175154720859794,0.27777800000026115
785.7000000001101,31.3792355,14.027789000000002,0.01,0.027918091919198827,0.27777799999994535
785.8000000001101,31.254961299999998,13.9722334,0.01,0.00014029191920429397,-0.5555559999998907
785.9000000001101,31.1928242,13.944455600000001,0.01,-0.013720885725509623,-0.27722355289427836
786.0000000001102,31.3170984,14.000011200000001,0.01,0.028015384011133414,0.5566693386769471
786.1000000001102,31.3170984,14.000011200000001,0.01,0.028015384011133414,0.0
786.2000000001102,31.3170984,14.000011200000001,0.01,0.028015384011133414,0.0
786.3000000001102,31.3170984,14.000011200000001,0.01,0.028015384011133414,0.0
786.4000000001103,31.254961299999998,13.9722334,0.01,0.014140359036107686,-0.2775004995005146
786.5000000001103,31.1928242,13.944455600000001,0.01,-0.013791635685872883,-0.27805605605591366
786.6000000001103,31.3170984,14.000011200000001,0.01,0.027861217066989193,0.5550009990010114
786.7000000001103,31.254961299999998,13.9722334,0.01,0.013958414264176799,-0.27805605605624784
786.8000000001103,31.254961299999998,13.9722334,0.01,0.013958414264176799,0.0
786.9000000001104,31.3170984,14.000011200000001,0.01,-6.742619970040442e-05,0.2744841897234672
787.0000000001104,31.254961299999998,13.9722334,0.01,-0.01409661811888618,-0.28058383838371553
787.1000000001104,31.3170984,14.000011200000001,0.01,0.013695140323079525,0.2783346693387995
787.2000000001104,31.3170984,14.000011200000001,0.01,0.02757016529810436,0.0
787.3000000001105,31.1928242,13.944455600000001,0.01,-0.014054992794135862,-0.5544471057885744
787.4000000001105,31.3170984,14.000011200000001,0.01,0.02763951281145277,0.5561121121118451
787.5000000001105,31.3170984,14.000011200000001,0.01,0.013736710008657088,0.0
787.6000000001105,31.254961299999998,13.9722334,0.01,-0.014041089991369025,-0.27777800000026115
787.7000000001105,31.1928242,13.944455600000001,0.01,-0.04180501496639114,-0.2775004995004968
787.8000000001106,31.3170984,14.000011200000001,0.01,0.013778390639195656,0.5561121121118451
787.9000000001106,31.3792355,14.027789000000002,0.01,0.041500745928624384,0.27722355289429607
788.0000000001106,31.254961299999998,13.9722334,0.01,-0.014138326610816123,-0.5561121121118628
788.1000000001106,31.254961299999998,13.9722334,0.01,-0.014138326610816123,0.0
788.2000000001107,31.3792355,14.027789000000002,0.01,0.013639473389178411,0.5555559999998907
788.3000000001107,31.254961299999998,13.9722334,0.01,-0.014138326610816123,-0.5555559999998907
788.4000000001107,31.1928242,13.944455600000001,0.01,-0.01415220163578677,-0.2777779999999276
788.5000000001107,31.3792355,14.027789000000002,0.01,0.04133413410115244,0.8316706586828705
788.6000000001108,31.3792355,14.027789000000002,0.01,0.013584084151101867,0.0
788.7000000001108,31.254961299999998,13.9722334,0.01,-0.0002909130460802767,-0.5555559999998907
788.8000000001108,31.254961299999998,13.9722334,0.01,-0.0002909130460802767,0.0
788.9000000001108,31.254961299999998,13.9722334,0.01,-0.014015122532253638,0.0
789.0000000001108,31.3792355,14.027789000000002,0.01,0.02784753632078038,0.5566693386769649
789.1000000001109,31.3170984,14.000011200000001,0.01,4.1902853827349704e-05,-0.27777800000026115
789.2000000001109,31.4413726,14.055566800000001,0.01,0.027819702853820995,0.5555559999998729
789.3000000001109,31.3170984,14.000011200000001,0.01,0.02776425814325607,-0.5555559999998729
789.4000000001109,31.254961299999998,13.9722334,0.01,-0.013930247462333461,-0.27777799999994535
789.500000000111,31.3792355,14.027789000000002,0.01,0.013736884011761047,0.5533426294818902
789.600000000111,31.254961299999998,13.9722334,0.01,-0.0002635734179747995,-0.5577871485949784
789.700000000111,31.3792355,14.027789000000002,0.01,0.04138925155704458,0.5555559999998907
789.800000000111,31.3792355,14.027789000000002,0.01,0.013583645951452311,0.0
789.900000000111,31.3170984,14.000011200000001,0.01,-0.01412488961947581,-0.27694715852426643
790.0000000001111,31.3170984,14.000011200000001,0.01,0.013680715986117337,0.0
790.1000000001111,31.3170984,14.000011200000001,0.01,0.013680715986117337,0.0
790.2000000001111,31.3170984,14.000011200000001,0.01,-0.014097084013877204,0.0
790.3000000001111,31.254961299999998,13.9722334,0.01,-0.00018046165859746666,-0.27722355289429607
790.4000000001112,31.3170984,14.000011200000001,0.01,0.02762517180832303,0.27833466933848244
790.5000000001112,31.4413726,14.055566800000001,0.01,0.01376399416360822,0.5544471057885744
790.6000000001112,31.3792355,14.027789000000002,0.01,-0.00013880863918746267,-0.27805605605591366
790.7000000001112,31.3792355,14.027789000000002,0.01,0.02763899136080708,0.0
790.8000000001113,31.3792355,14.027789000000002,0.01,0.02763899136080708,0.0
790.9000000001113,31.3170984,14.000011200000001,0.01,0.013623956042948915,-0.2803007063571633
791.0000000001113,31.3792355,14.027789000000002,0.01,-0.00027881881466803313,0.278613841524626
791.1000000001113,31.4413726,14.055566800000001,0.01,0.027471258830058944,0.27722355289427836
791.2000000001113,31.4413726,14.055566800000001,0.01,-0.0003065411699346987,0.0
791.3000000001114,31.3792355,14.027789000000002,0.01,0.013582358830062563,-0.2777779999999276
791.4000000001114,31.4413726,14.055566800000001,0.01,0.04136015883005621,0.2777779999999276
791.5000000001114,31.3792355,14.027789000000002,0.01,-0.00019587264403468085,-0.2777779999999276
791.6000000001114,31.3792355,14.027789000000002,0.01,0.02769348478571424,0.0
791.7000000001115,31.4413726,14.055566800000001,0.01,0.013818487588531205,0.27805605605623007
791.8000000001115,31.4413726,14.055566800000001,0.01,0.013818487588531205,0.0
791.9000000001115,31.3170984,14.000011200000001,0.01,-5.650977468418805e-05,-0.5544471057885744
792.0000000001115,31.3170984,14.000011200000001,0.01,-5.650977468418805e-05,0.0
792.1000000001115,31.3170984,14.000011200000001,0.01,-5.650977468418805e-05,0.0
792.2000000001116,31.3170984,14.000011200000001,0.01,-5.650977468418805e-05,0.0
792.3000000001116,31.4413726,14.055566800000001,0.01,0.041610273475622864,0.5561121121118451
792.4000000001116,31.4413726,14.055566800000001,0.01,0.027693540008698746,0.0
792.5000000001116,31.3170984,14.000011200000001,0.01,-0.02775117057015869,-0.5544471057885744
792.6000000001117,31.3792355,14.027789000000002,0.01,6.836569957696937e-05,0.2783346693387995
792.7000000001117,31.3170984,14.000011200000001,0.01,-0.01380665927544876,-0.2775004995005146
792.8000000001117,31.3170984,14.000011200000001,0.01,-0.01380665927544876,0.0
792.9000000001117,31.3170984,14.000011200000001,0.01,0.00020837604240940555,0.0
793.0000000001118,31.4413726,14.055566800000001,0.01,0.014027733916228677,0.5550009990010114
793.1000000001118,31.4413726,14.055566800000001,0.01,0.0001665562715147617,0.0
793.2000000001118,31.3170984,14.000011200000001,0.01,-0.027583493678535808,-0.5550009990010114
793.3000000001118,31.3170984,14.000011200000001,0.01,-0.013694593678539433,0.0
793.4000000001118,31.4413726,14.055566800000001,0.01,0.00022211192705644532,0.5561121121118451
793.5000000001119,31.4413726,14.055566800000001,0.01,0.014111011927052821,0.0
793.6000000001119,31.3792355,14.027789000000002,0.01,0.0002636540008246896,-0.27694715852456264
793.7000000001119,31.3792355,14.027789000000002,0.01,-0.01363914880198681,0.0
793.8000000001119,31.4413726,14.055566800000001,0.01,0.0002636540008088717,0.27805605605591366
793.900000000112,31.503509700000002,14.083344600000002,0.01,0.04168314932968407,0.27394280078892963
794.000000000112,31.3792355,14.027789000000002,0.01,0.013539481649848495,-0.5628733535967114
794.100000000112,31.503509700000002,14.083344600000002,0.01,0.04134508725547239,0.5561121121124779
794.200000000112,31.503509700000002,14.083344600000002,0.01,0.04134508725547239,0.0
794.300000000112,31.4413726,14.055566800000001,0.01,-0.00033554332514559306,-0.2775004995005146
794.4000000001121,31.4413726,14.055566800000001,0.01,-0.00033554332514559306,0.0
794.5000000001121,31.3792355,14.027789000000002,0.01,0.013343434815658764,-0.28086754297248734
794.6000000001121,31.4413726,14.055566800000001,0.01,0.013287878993432704,0.27722355289427836
794.7000000001121,31.4413726,14.055566800000001,0.01,0.02716290396845843,0.0
794.8000000001122,31.3792355,14.027789000000002,0.01,0.013246170501519345,-0.2783346693387817
794.9000000001122,31.3792355,14.027789000000002,0.01,0.013246170501519345,0.0
795.0000000001122,31.4413726,14.055566800000001,0.01,-0.0006010766457355404,0.27805605605591366
795.1000000001122,31.503509700000002,14.083344600000002,0.01,0.013260100998979263,0.27722355289429607
795.2000000001123,31.3792355,14.027789000000002,0.01,0.013232350949036187,-0.5555559999998729
795.3000000001123,31.3792355,14.027789000000002,0.01,0.013232350949036187,0.0
795.4000000001123,31.503509700000002,14.083344600000002,0.01,0.013204545343437579,0.5555559999998729
795.5000000001123,31.503509700000002,14.083344600000002,0.01,0.013204545343437579,0.0
795.6000000001123,31.4413726,14.055566800000001,0.01,0.013163003269668443,-0.27777799999994535
795.7000000001124,31.4413726,14.055566800000001,0.01,0.013163003269668443,0.0
795.8000000001124,31.503509700000002,14.083344600000002,0.01,0.013190892543104061,0.278613841524626
795.9000000001124,31.503509700000002,14.083344600000002,0.01,-0.0005062474963424213,0.0
796.0000000001124,31.3792355,14.027789000000002,0.01,-0.00019604675035420627,-0.5566693386769471
796.1000000001125,31.4413726,14.055566800000001,0.01,-0.014112752355965933,0.2777780000002434
796.2000000001125,31.503509700000002,14.083344600000002,0.01,-0.00027918661891867814,0.2766713147409451
796.3000000001125,31.4413726,14.055566800000001,0.01,-0.0003488403587514899,-0.2788935742971708
796.4000000001125,31.4413726,14.055566800000001,0.01,-0.0003488403587514899,0.0
796.5000000001125,31.3792355,14.027789000000002,0.01,-0.00019436321012350212,-0.2777779999999276
796.6000000001126,31.4413726,14.055566800000001,0.01,-0.0001666408548252507,0.2777780000002434
796.7000000001126,31.503509700000002,14.083344600000002,0.01,0.013722259145172017,0.27777799999994535
796.8000000001126,31.4413726,14.055566800000001,0.01,0.01390120824019814,-0.2747556874382591
796.9000000001126,31.4413726,14.055566800000001,0.01,0.01390120824019814,0.0
797.0000000001127,31.4413726,14.055566800000001,0.01,-1.5945625975372079e-06,0.0
797.1000000001127,31.4413726,14.055566800000001,0.01,-0.01386277220731234,0.0
797.2000000001127,31.4413726,14.055566800000001,0.01,0.013915027792681302,0.0
797.3000000001127,31.5656468,14.111122400000001,0.01,0.04160974364510707,0.5538943170485152
797.4000000001128,31.5656468,14.111122400000001,0.01,0.01383194364511342,0.0
797.5000000001128,31.4413726,14.055566800000001,0.01,-0.013945856354880225,-0.5555559999998729
797.6000000001128,31.4413726,14.055566800000001,0.01,-5.69563548829588e-05,0.0
797.7000000001128,31.5656468,14.111122400000001,0.01,0.02769309359516761,0.5550009990010114
797.8000000001128,31.4413726,14.055566800000001,0.01,-0.014043204086655941,-0.5561121121118451
797.9000000001129,31.4413726,14.055566800000001,0.01,-0.014043204086655941,0.0
798.0000000001129,31.5656468,14.111122400000001,0.01,0.04156806284718506,0.5555559999998729
798.1000000001129,31.503509700000002,14.083344600000002,0.01,0.01379026284716072,-0.2777780000002434
798.2000000001129,31.5656468,14.111122400000001,0.01,0.013845597110109844,0.2777779999999276
798.300000000113,31.503509700000002,14.083344600000002,0.01,0.01391525084994355,-0.2775004995004968
798.400000000113,31.503509700000002,14.083344600000002,0.01,0.01391525084994355,0.0
798.500000000113,31.5656468,14.111122400000001,0.01,0.0416930508499363,0.2777779999999276
798.600000000113,31.4413726,14.055566800000001,0.01,2.6350849898915117e-05,-0.5555560000005045
798.700000000113,31.5656468,14.111122400000001,0.01,0.013915250849895288,0.5555559999998729
798.8000000001131,31.4413726,14.055566800000001,0.01,-0.00012476477818540443,-0.5555559999998729
798.9000000001131,31.503509700000002,14.083344600000002,0.01,0.013764135221811863,0.27777799999994535
799.0000000001131,31.5656468,14.111122400000001,0.01,0.02762531286652578,0.27722355289427836
799.1000000001131,31.503509700000002,14.083344600000002,0.01,0.013708579399586696,-0.2783346693387817
799.2000000001132,31.4413726,14.055566800000001,0.01,-0.00018032060041057175,-0.27777799999994535
799.3000000001132,31.5656468,14.111122400000001,0.01,-9.723645284268057e-05,0.5555559999998729
799.4000000001132,31.4413726,14.055566800000001,0.01,-0.027875036452836326,-0.5555559999998729
799.5000000001132,31.4413726,14.055566800000001,0.01,-9.723645284268057e-05,0.0
799.6000000001133,31.5656468,14.111122400000001,0.01,0.02765281349720789,0.5550009990010114
799.7000000001133,31.6277839,14.1389002,0.01,0.013805566349968823,0.27805605605623007
799.8000000001133,31.4413726,14.055566800000001,0.01,-5.5528044428948545e-05,-0.8333339999998005
799.9000000001133,31.4413726,14.055566800000001,0.01,-5.5528044428948545e-05,0.0
800.0000000001133,31.503509700000002,14.083344600000002,0.01,-0.013958303069396865,0.2775004995005146
800.1000000001134,31.503509700000002,14.083344600000002,0.01,-6.94030693846992e-05,0.0
800.2000000001134,31.5656468,14.111122400000001,0.01,-6.94030693846992e-05,0.2777779999999276
800.3000000001134,31.5656468,14.111122400000001,0.01,0.013805621905640142,0.0
800.4000000001134,31.5656468,14.111122400000001,0.01,0.013805621905640142,0.0
800.5000000001135,31.503509700000002,14.083344600000002,0.01,-0.01400001156127947,-0.2783346693384647
800.6000000001135,31.5656468,14.111122400000001,0.01,0.027652813413770592,0.2775004995004968
800.7000000001135,31.5656468,14.111122400000001,0.01,-0.0001249865862230498,0.0
800.8000000001135,31.5656468,14.111122400000001,0.01,0.027652813413770592,0.0
800.9000000001136,31.5656468,14.111122400000001,0.01,0.013763913413773329,0.0
801.0000000001136,31.6277839,14.1389002,0.01,0.013763913413773329,0.27722355289427836
801.1000000001136,31.6277839,14.1389002,0.01,0.027680646880712412,0.0
801.2000000001136,31.503509700000002,14.083344600000002,0.01,0.013708162728248869,-0.5572276830492163
801.3000000001136,31.6277839,14.1389002,0.01,0.013708162728247977,0.5555559999998552
801.4000000001137,31.6277839,14.1389002,0.01,0.04148596272824163,0.0
801.5000000001137,31.5656468,14.111122400000001,0.01,0.02769360920291396,-0.27584707050655327
801.6000000001137,31.503509700000002,14.083344600000002,0.01,-0.014071476064993881,-0.28030070635714543
801.7000000001137,31.503509700000002,14.083344600000002,0.01,-0.027974278867805392,0.0
801.8000000001138,31.6277839,14.1389002,0.01,0.041470221132177396,0.5555559999998552
801.9000000001138,31.6277839,14.1389002,0.01,0.041470221132177396,0.0
802.0000000001138,31.503509700000002,14.083344600000002,0.01,-0.00015485379289801316,-0.5550009990009936
802.1000000001138,31.503509700000002,14.083344600000002,0.01,-0.00015485379289801316,0.0
802.2000000001138,31.6277839,14.1389002,0.01,0.013761851812728616,0.5561121121124601
802.3000000001139,31.6277839,14.1389002,0.01,0.013761851812728616,0.0
802.4000000001139,31.5656468,14.111122400000001,0.01,-0.0001131731622962262,-0.2775004995004968
802.5000000001139,31.5656468,14.111122400000001,0.01,0.013803560304627005,0.0
802.6000000001139,31.6277839,14.1389002,0.01,0.013803560304627007,0.2775004995004968
802.700000000114,31.5656468,14.111122400000001,0.01,-9.924249818449582e-05,-0.27805605605623007
802.800000000114,31.5656468,14.111122400000001,0.01,-9.924249818449582e-05,0.0
802.900000000114,31.503509700000002,14.083344600000002,0.01,-0.013988142498180875,-0.2777779999999276
803.000000000114,31.6277839,14.1389002,0.01,-7.152014290203734e-05,0.5555559999998552
803.100000000114,31.6277839,14.1389002,0.01,-7.152014290203734e-05,0.0
803.2000000001141,31.5656468,14.111122400000001,0.01,0.013900964009546615,-0.2777780000002434
803.3000000001141,31.6277839,14.1389002,0.01,2.5966812349539902e-05,0.27805605605591366
803.4000000001141,31.689921000000002,14.166678000000001,0.01,0.013914866812346808,0.27777799999994535
803.5000000001141,31.503509700000002,14.083344600000002,0.01,-0.01395947966231556,-0.8333339999998005
803.6000000001142,31.6277839,14.1389002,0.01,0.027777910944969553,0.5544471057885567
803.7000000001142,31.6277839,14.1389002,0.01,0.027777910944969553,0.0
803.8000000001142,31.689921000000002,14.166678000000001,0.01,0.013902913747773365,0.2780560560559314
803.9000000001142,31.6277839,14.1389002,0.01,1.4013747776098207e-05,-0.27777799999994535
804.0000000001143,31.5656468,14.111122400000001,0.01,0.013875163697829401,-0.2777779999999276
804.1000000001143,31.5656468,14.111122400000001,0.01,0.013875163697829401,0.0
804.2000000001143,31.503509700000002,14.083344600000002,0.01,-0.02784717537473269,-0.2783346693387817
804.3000000001143,31.6277839,14.1389002,0.01,-4.1569769141325263e-05,0.5561121121118273
804.4000000001143,31.5656468,14.111122400000001,0.01,-2.7722438830407593e-05,-0.27722355289427836
804.5000000001144,31.5656468,14.111122400000001,0.01,-2.7722438830407593e-05,0.0
804.6000000001144,31.689921000000002,14.166678000000001,0.01,0.013902858191768652,0.5561121121124779
804.7000000001144,31.6277839,14.1389002,0.01,0.013916760994582889,-0.27777799999994535
804.8000000001144,31.5656468,14.111122400000001,0.01,2.786099458650937e-05,-0.2777779999999276
804.9000000001145,31.5656468,14.111122400000001,0.01,0.013916760994582889,0.0
805.0000000001145,31.689921000000002,14.166678000000001,0.01,0.013916760994583777,0.5555559999998729
805.1000000001145,31.5656468,14.111122400000001,0.01,-0.013805594294844941,-0.5544471057885744
805.2000000001145,31.5656468,14.111122400000001,0.01,8.33057051672248e-05,0.0
805.3000000001146,31.689921000000002,14.166678000000001,0.01,0.013986108507963797,0.5561121121118451
805.4000000001146,31.6277839,14.1389002,0.01,-0.013791691492030739,-0.27777799999994535
805.5000000001146,31.689921000000002,14.166678000000001,0.01,0.04173618615267409,0.27722355289429607
805.6000000001146,31.689921000000002,14.166678000000001,0.01,0.014013830863246254,0.0
805.7000000001146,31.5656468,14.111122400000001,0.01,-0.013763969136747392,-0.5555559999998729
805.8000000001147,31.5656468,14.111122400000001,0.01,-0.027666771939543967,0.0
805.9000000001147,31.6277839,14.1389002,0.01,0.0001388615273765381,0.2783346693384647
806.0000000001147,31.689921000000002,14.166678000000001,0.01,0.027916661527370178,0.27777799999994535
806.1000000001147,31.689921000000002,14.166678000000001,0.01,0.027916661527370178,0.0
806.2000000001148,31.5656468,14.111122400000001,0.01,0.01405559499431563,-0.5555559999998729
806.3000000001148,31.689921000000002,14.166678000000001,0.01,0.014027789388717904,0.5555559999998729
806.4000000001148,31.5656468,14.111122400000001,0.01,0.0001389170833812514,-0.5550009990010114
806.5000000001148,31.5656468,14.111122400000001,0.01,0.0001389170833812514,0.0
806.6000000001148,31.5656468,14.111122400000001,0.01,-0.027666688522242643,0.0
806.7000000001149,31.689921000000002,14.166678000000001,0.01,0.014027817083378519,0.5561121121124779
806.8000000001149,31.5656468,14.111122400000001,0.01,0.00016666713332432747,-0.5550009990010114
806.9000000001149,31.5656468,14.111122400000001,0.01,0.00016666713332432747,0.0
807.0000000001149,31.752058100000003,14.194455800000002,0.01,0.013972400067474206,0.8316706586828705
807.100000000115,31.5656468,14.111122400000001,0.01,0.00011122242275939387,-0.8316706586828705
807.200000000115,31.6277839,14.1389002,0.01,0.014055901137617044,0.278893574297153
807.300000000115,31.6277839,14.1389002,0.01,-0.01374970446797521,0.0
807.400000000115,31.752058100000003,14.194455800000002,0.01,0.027916995532016597,0.5555559999998907
807.500000000115,31.752058100000003,14.194455800000002,0.01,0.014055817887301791,0.0
807.6000000001151,31.6277839,14.1389002,0.01,-0.013721982112724324,-0.5555560000005223
807.7000000001151,31.6277839,14.1389002,0.01,0.014055817887269322,0.0
807.8000000001151,31.689921000000002,14.166678000000001,0.01,0.02794471788726659,0.27777799999994535
807.9000000001151,31.752058100000003,14.194455800000002,0.01,0.027916884420340626,0.27777799999994535
808.0000000001152,31.6277839,14.1389002,0.01,-0.013749815579651176,-0.5555559999998907
808.1000000001152,31.752058100000003,14.194455800000002,0.01,0.01402798442037494,0.5555560000005223
808.2000000001152,31.752058100000003,14.194455800000002,0.01,0.041805784420368586,0.0
808.3000000001152,31.689921000000002,14.166678000000001,0.01,0.0001251816175783682,-0.2780560560559314
808.4000000001153,31.6277839,14.1389002,0.01,0.014027873641415617,-0.27694715852426643
808.5000000001153,31.752058100000003,14.194455800000002,0.01,0.0418334792470404,0.5561121121124957
808.6000000001153,31.752058100000003,14.194455800000002,0.01,0.0418334792470404,0.0
808.7000000001153,31.6277839,14.1389002,0.01,-0.01374992635857803,-0.5555559999998907
808.8000000001153,31.6277839,14.1389002,0.01,0.01400012359147254,0.0
808.9000000001154,31.6277839,14.1389002,0.01,0.01400012359147254,0.0
809.0000000001154,31.752058100000003,14.194455800000002,0.01,0.00016664060738047493,0.5550009990010292
809.1000000001154,31.689921000000002,14.166678000000001,0.01,0.02784737073871161,-0.27805605605624784
809.2000000001154,31.6277839,14.1389002,0.01,9.662840557693175e-05,-0.2761212723655405
809.3000000001155,31.752058100000003,14.194455800000002,0.01,0.028014015340273358,0.5583477386939285
809.4000000001155,31.752058100000003,14.194455800000002,0.01,0.00023621534027882252,0.0
809.5000000001155,31.689921000000002,14.166678000000001,0.01,-0.013515170798335585,-0.27502772277228815
809.6000000001155,31.6277839,14.1389002,0.01,0.000219252053049121,-0.2808675429728282
809.7000000001156,31.752058100000003,14.194455800000002,0.01,0.027997052053043658,0.5555559999998907
809.8000000001156,31.752058100000003,14.194455800000002,0.01,0.014108152053046389,0.0
809.9000000001156,31.689921000000002,14.166678000000001,0.01,-0.013683550749747447,-0.2780560560559314
810.0000000001156,31.752058100000003,14.194455800000002,0.01,0.027983149250244355,0.27777799999994535
810.1000000001156,31.689921000000002,14.166678000000001,0.01,-0.013683550749794823,-0.27777800000026115
810.2000000001157,31.752058100000003,14.194455800000002,0.01,0.00020534925020244398,0.27777799999994535
810.3000000001157,31.689921000000002,14.166678000000001,0.01,0.00021925205300175055,-0.27777799999994535
810.4000000001157,31.689921000000002,14.166678000000001,0.01,0.014066609979215078,0.0
810.5000000001157,31.689921000000002,14.166678000000001,0.01,-0.01373899562640971,0.0
810.6000000001158,31.689921000000002,14.166678000000001,0.01,-0.01373899562640971,0.0
810.7000000001158,31.752058100000003,14.194455800000002,0.01,0.0279555378405248,0.2783346693387995
810.8000000001158,31.689921000000002,14.166678000000001,0.01,0.014066637840527535,-0.27777799999994535
810.9000000001158,31.6277839,14.1389002,0.01,0.00017773784053026764,-0.27777799999994535
811.0000000001158,31.752058100000003,14.194455800000002,0.01,0.0002054878904733437,0.5555559999998907
811.1000000001159,31.752058100000003,14.194455800000002,0.01,0.014108290693285733,0.0
811.2000000001159,31.689921000000002,14.166678000000001,0.01,0.01406699638534944,-0.27694715852426643
811.3000000001159,31.6277839,14.1389002,0.01,-0.027753193352159384,-0.27805605605624784
811.4000000001159,31.752058100000003,14.194455800000002,0.01,8.027358168886112e-05,0.5566693386769649
811.500000000116,31.8141952,14.222233600000003,0.01,0.02772055972030054,0.27777799999994535
811.600000000116,31.689921000000002,14.166678000000001,0.01,0.013986136868915833,-0.5555560000005223
811.700000000116,31.752058100000003,14.194455800000002,0.01,8.336184394702739e-05,0.2775004995005146
811.800000000116,31.752058100000003,14.194455800000002,0.01,8.336184394702739e-05,0.0
811.900000000116,31.689921000000002,14.166678000000001,0.01,6.943117981947633e-05,-0.27833466933848244
812.0000000001161,31.689921000000002,14.166678000000001,0.01,-0.013819468820177792,0.0
812.1000000001161,31.8141952,14.222233600000003,0.01,0.027847231179861376,0.5555560000005223
812.2000000001161,31.8141952,14.222233600000003,0.01,0.01395833117986411,0.0
812.3000000001161,31.752058100000003,14.194455800000002,0.01,0.013944428377064805,-0.2780560560559314
812.4000000001162,31.689921000000002,14.166678000000001,0.01,5.552837706753744e-05,-0.27777799999994535
812.5000000001162,31.8141952,14.222233600000003,0.01,0.027805578327118996,0.5550009990010292
812.6000000001162,31.689921000000002,14.166678000000001,0.01,2.7778327124461377e-05,-0.5555559999998907
812.7000000001162,31.752058100000003,14.194455800000002,0.01,1.384766299688256e-05,0.27805605605624784
812.8000000001163,31.8141952,14.222233600000003,0.01,0.027777772638019876,0.2775004995005146
812.9000000001163,31.752058100000003,14.194455800000002,0.01,0.027763869835220577,-0.2780560560559314
813.0000000001163,31.752058100000003,14.194455800000002,0.01,-1.3930164773959253e-05,0.0
813.1000000001163,31.689921000000002,14.166678000000001,0.01,-0.013902830164787017,-0.27777800000026115
813.2000000001163,31.689921000000002,14.166678000000001,0.01,-5.5472238573692215e-05,0.0
813.3000000001164,31.752058100000003,14.194455800000002,0.01,0.027722355539264422,0.2775004995005146
813.4000000001164,31.8141952,14.222233600000003,0.01,0.01377778860541345,0.27777799999994535
813.5000000001164,31.8141952,14.222233600000003,0.01,-0.0001111113945838127,0.0
813.6000000001164,31.689921000000002,14.166678000000001,0.01,0.000163916328213487,-0.5500554455445763
813.7000000001165,31.8141952,14.222233600000003,0.01,0.014347275191591524,0.5611676767680754
813.8000000001165,31.8141952,14.222233600000003,0.01,0.014347275191591524,0.0
813.9000000001165,31.8141952,14.222233600000003,0.01,0.028264008658515645,0.0
814.0000000001165,31.689921000000002,14.166678000000001,0.01,0.00048620865852110897,-0.5555559999998907
814.1000000001166,31.689921000000002,14.166678000000001,0.01,-0.027291591341505005,0.0
814.2000000001166,31.8141952,14.222233600000003,0.01,0.00048620865848952866,0.5555559999998907
814.3000000001166,31.752058100000003,14.194455800000002,0.01,0.0007456912255175002,-0.27286640471537205
814.4000000001166,31.689921000000002,14.166678000000001,0.01,0.0004911085371261531,-0.28286965376777234
814.5000000001166,31.8141952,14.222233600000003,0.01,0.0005188585870692264,0.5555559999998907
814.6000000001167,31.8141952,14.222233600000003,0.01,0.02829665858706376,0.0
814.7000000001167,31.689921000000002,14.166678000000001,0.01,-0.013383944215743165,-0.5555559999998907
814.8000000001167,31.689921000000002,14.166678000000001,0.01,-0.027258969190768888,0.0
814.9000000001167,31.752058100000003,14.194455800000002,0.01,0.0006872107606690853,0.2808675429728282
815.0000000001168,31.8141952,14.222233600000003,0.01,0.014603944227593207,0.27833466933848244
815.1000000001168,31.8141952,14.222233600000003,0.01,0.028492844227606267,0.0
815.2000000001168,31.8141952,14.222233600000003,0.01,0.028492844227606267,0.0
815.3000000001168,31.752058100000003,14.194455800000002,0.01,0.0007289192525832683,-0.27777799999994535
815.4000000001168,31.8141952,14.222233600000003,0.01,0.0007289192525832655,0.27777799999994535
815.5000000001169,31.752058100000003,14.194455800000002,0.01,-0.013159980747414002,-0.27777799999994535
815.6000000001169,31.8141952,14.222233600000003,0.01,0.028080575901727765,0.2747556874382591
815.7000000001169,31.8141952,14.222233600000003,0.01,2.219206332400303e-05,0.0
815.8000000001169,31.8141952,14.222233600000003,0.01,2.219206332400303e-05,0.0
815.900000000117,31.752058100000003,14.194455800000002,0.01,-0.013880610739472568,-0.2780560560559314
816.000000000117,31.752058100000003,14.194455800000002,0.01,0.013897189260521964,0.0
816.100000000117,31.876332299999998,14.2500114,0.01,0.041647239210571646,0.5550009990009936
816.200000000117,31.876332299999998,14.2500114,0.01,0.013869439210577114,0.0
816.300000000117,31.8141952,14.222233600000003,0.01,0.013623859446350223,-0.2777779999999098
816.4000000001171,31.8141952,14.222233600000003,0.01,0.02776734213473884,0.0
816.5000000001171,31.876332299999998,14.2500114,0.01,0.013836900060971552,0.27694715852454493
816.6000000001171,31.876332299999998,14.2500114,0.01,0.013836900060971552,0.0
816.7000000001171,31.752058100000003,14.194455800000002,0.01,0.013836900060973323,-0.5555559999998552
816.8000000001172,31.752058100000003,14.194455800000002,0.01,0.013836900060973323,0.0
816.9000000001172,31.752058100000003,14.194455800000002,0.01,-0.0002064770876680777,0.0
817.0000000001172,31.876332299999998,14.2500114,0.01,0.013654589445400555,0.5555559999998552
817.1000000001172,31.876332299999998,14.2500114,0.01,0.013654589445400555,0.0
817.2000000001173,31.8141952,14.222233600000003,0.01,-0.00023431055459493532,-0.2777779999999098
817.3000000001173,31.752058100000003,14.194455800000002,0.01,-0.00022043552962339175,-0.2775004995005146
817.4000000001173,31.8141952,14.222233600000003,0.01,-0.00020653272682409353,0.2780560560559314
817.5000000001173,31.8141952,14.222233600000003,0.01,0.01368236727317318,0.0
817.6000000001173,31.752058100000003,14.194455800000002,0.01,-0.01394431709875284,-0.27777800000026115
817.7000000001174,31.752058100000003,14.194455800000002,0.01,-0.01394431709875284,0.0
817.8000000001174,31.876332299999998,14.2500114,0.01,0.013861288506838525,0.5561121121118273
817.9000000001174,31.8141952,14.222233600000003,0.01,0.013875191309639606,-0.2777779999999098
818.0000000001174,31.752058100000003,14.194455800000002,0.01,-1.370869035766109e-05,-0.27777799999994535
818.1000000001175,31.8141952,14.222233600000003,0.01,-0.013874858640394287,0.27777800000026115
818.2000000001175,31.876332299999998,14.2500114,0.01,1.4041359601205116e-05,0.2777779999999098
818.3000000001175,31.8141952,14.222233600000003,0.01,1.4041359601205116e-05,-0.2777779999999098
818.4000000001175,31.752058100000003,14.194455800000002,0.01,-0.013874858640396063,-0.27777799999994535
818.5000000001176,31.8141952,14.222233600000003,0.01,-0.013847191591597585,0.2775004995005146
818.6000000001176,31.876332299999998,14.2500114,0.01,4.170840839790579e-05,0.2777779999999098
818.7000000001176,31.8141952,14.222233600000003,0.01,0.013958330763677635,-0.2772235528942606
818.8000000001176,31.876332299999998,14.2500114,0.01,0.02787506423061583,0.27833466933876394
818.9000000001176,31.876332299999998,14.2500114,0.01,0.02787506423061583,0.0
819.0000000001177,31.8141952,14.222233600000003,0.01,-0.013791635769372418,-0.2777779999999098
819.1000000001177,31.876332299999998,14.2500114,0.01,9.726423063886324e-05,0.2777780000002256
819.2000000001177,31.876332299999998,14.2500114,0.01,0.01398616423063436,0.0
819.3000000001177,31.8141952,14.222233600000003,0.01,0.013972289205664595,-0.2777779999999098
819.4000000001178,31.8141952,14.222233600000003,0.01,6.948640286802699e-05,0.0
819.5000000001178,31.876332299999998,14.2500114,0.01,0.01398621986979037,0.27833466933844686
819.6000000001178,31.876332299999998,14.2500114,0.01,0.02787511986980342,0.0
819.7000000001178,31.8141952,14.222233600000003,0.01,0.013972317066992807,-0.2780560560562123
819.8000000001178,31.876332299999998,14.2500114,0.01,5.5611461396934406e-05,0.2777779999999098
819.9000000001179,31.876332299999998,14.2500114,0.01,0.013944511461392427,0.0
820.0000000001179,31.8141952,14.222233600000003,0.01,0.013944511461394199,-0.2777779999999098
820.1000000001179,31.8141952,14.222233600000003,0.01,5.561146138114703e-05,0.0
820.2000000001179,31.876332299999998,14.2500114,0.01,5.561146138114703e-05,0.2777779999999098
820.300000000118,31.8141952,14.222233600000003,0.01,5.561146138114703e-05,-0.2777779999999098
820.400000000118,31.8141952,14.222233600000003,0.01,0.013944511461378411,0.0
820.500000000118,31.876332299999998,14.2500114,0.01,0.013944511461376638,0.27750049950047906
820.600000000118,31.9384694,14.2777892,0.01,0.01391678910609595,0.27722355289429607
820.700000000118,31.9384694,14.2777892,0.01,0.02777796675080898,0.0
820.8000000001181,31.8141952,14.222233600000003,0.01,-0.013916566716153555,-0.5555560000004868
820.9000000001181,31.8141952,14.222233600000003,0.01,-0.013916566716153555,0.0
821.0000000001181,31.9384694,14.2777892,0.01,0.027639464757934672,0.5533426294818548
821.1000000001181,31.8141952,14.222233600000003,0.01,-0.014138792671823738,-0.5577871485949426
821.2000000001182,31.876332299999998,14.2500114,0.01,-0.00024989267182824737,0.2777779999999098
821.3000000001182,31.9384694,14.2777892,0.01,0.027500184972882046,0.27722355289429607
821.4000000001182,31.8141952,14.222233600000003,0.01,-0.00030542063270931895,-0.5561121121118273
821.5000000001182,31.876332299999998,14.2500114,0.01,-0.00031935129683687,0.27805605605589584
821.6000000001183,31.9384694,14.2777892,0.01,0.013569548703176188,0.27777800000026115
821.7000000001183,31.8141952,14.222233600000003,0.01,-0.00027769844406287935,-0.5550009990009936
821.8000000001183,31.9384694,14.2777892,0.01,0.013611201555934389,0.5555559999998552
821.9000000001183,31.876332299999998,14.2500114,0.01,-0.00029160124686218315,-0.2780560560559314
822.0000000001183,31.8141952,14.222233600000003,0.01,-0.00029160124686218315,-0.2777779999999098
822.1000000001184,31.8141952,14.222233600000003,0.01,-0.00029160124686218315,0.0
822.2000000001184,31.876332299999998,14.2500114,0.01,-0.00029160124686218315,0.2777779999999098
822.3000000001184,31.8141952,14.222233600000003,0.01,-0.00029160124686218315,-0.2777779999999098
822.4000000001184,31.8141952,14.222233600000003,0.01,-0.00029160124686218315,0.0
822.5000000001185,31.8141952,14.222233600000003,0.01,-0.014166626221886136,0.0
822.6000000001185,31.9384694,14.2777892,0.01,-0.00025000386657660355,0.5555560000004868
822.7000000001185,31.8141952,14.222233600000003,0.01,-0.028000053816626284,-0.5550009990009936
822.8000000001185,31.8141952,14.222233600000003,0.01,-0.00022225381660194167,0.0
822.9000000001186,31.876332299999998,14.2500114,0.01,0.01366664618339355,0.2777779999999098
823.0000000001186,31.9384694,14.2777892,0.01,-0.0001393076459843906,0.27722355289429607
823.1000000001186,31.8141952,14.222233600000003,0.01,-5.5555821828623396e-05,-0.5561121121118273
823.2000000001186,31.8141952,14.222233600000003,0.01,-0.013944455821824114,0.0
823.3000000001186,31.8141952,14.222233600000003,0.01,-0.027805633466538915,0.0
823.4000000001187,31.8141952,14.222233600000003,0.01,-2.7860947549029902e-08,0.0
823.5000000001187,31.8141952,14.222233600000003,0.01,-0.013902830663742344,0.0
823.6000000001187,31.9384694,14.2777892,0.01,-1.3930663731059889e-05,0.5555560000004868
823.7000000001187,31.9384694,14.2777892,0.01,0.02773611928631862,0.0
823.8000000001188,31.8141952,14.222233600000003,0.01,-0.027847286319265502,-0.5561121121118273
823.9000000001188,31.8141952,14.222233600000003,0.01,-0.013944483516468934,0.0
824.0000000001188,31.8141952,14.222233600000003,0.01,-5.558351647343973e-05,0.0
824.1000000001188,31.8141952,14.222233600000003,0.01,-5.558351647343973e-05,0.0
824.2000000001188,31.9384694,14.2777892,0.01,0.013888983417409236,0.5566693386775634
824.3000000001189,31.9384694,14.2777892,0.01,0.027777883417404732,0.0
824.4000000001189,31.876332299999998,14.2500114,0.01,0.01383320470254619,-0.2788935742971708
824.5000000001189,31.8141952,14.222233600000003,0.01,-2.79729421668401e-05,-0.2772235528942606
824.6000000001189,31.9384694,14.2777892,0.01,2.7693991686983387e-05,0.5566693386775634
824.700000000119,31.8141952,14.222233600000003,0.01,8.302808931179295e-05,-0.5538943170484975
824.800000000119,31.8141952,14.222233600000003,0.01,8.302808931179295e-05,0.0
824.900000000119,31.9384694,14.2777892,0.01,0.013999733694907673,0.5561121121118273
825.000000000119,31.9384694,14.2777892,0.01,0.00013855605019286732,0.0
825.100000000119,31.9384694,14.2777892,0.01,0.027944161655784235,0.0
825.2000000001191,31.876332299999998,14.2500114,0.01,0.014027428188844258,-0.2783346693387995
825.3000000001191,31.9384694,14.2777892,0.01,0.02788860583355906,0.27722355289429607
825.4000000001191,32.0006065,14.305567000000002,0.01,0.04179140863635563,0.2780560560559314
825.5000000001191,31.876332299999998,14.2500114,0.01,0.01398580303076249,-0.5561121121118628
825.6000000001192,31.8141952,14.222233600000003,0.01,-0.027680896969273127,-0.2777780000002256
825.7000000001192,32.0006065,14.305567000000002,0.01,0.013451087236041864,0.8226396841062998
825.8000000001192,31.876332299999998,14.2500114,0.01,0.01311302516179676,-0.5628733535967295
825.9000000001192,31.8141952,14.222233600000003,0.01,-0.0007758748381987313,-0.2777779999999098
826.0000000001193,31.9384694,14.2777892,0.01,0.026645447965344016,0.5484264560708549
826.1000000001193,32.0006065,14.305567000000002,0.01,0.040703039058464285,0.28115182186240545
826.2000000001193,31.876332299999998,14.2500114,0.01,-0.014936033481038672,-0.5561121121124957
826.3000000001193,31.9384694,14.2777892,0.01,-0.001047133481041404,0.27777799999994535
826.4000000001193,31.9384694,14.2777892,0.01,0.012897545233817137,0.0
826.5000000001194,31.9384694,14.2777892,0.01,0.026758722878530167,0.0
826.6000000001194,31.9384694,14.2777892,0.01,-0.0010747440553480064,0.0
826.7000000001194,32.0006065,14.305567000000002,0.01,0.040494996772102596,0.2775004995005146
826.8000000001194,31.9384694,14.2777892,0.01,0.02659219396930602,-0.2780560560559314
826.9000000001195,31.876332299999998,14.2500114,0.01,-0.015102311636282603,-0.27777799999994535
827.0000000001195,31.9384694,14.2777892,0.01,-0.0012411339915677998,0.27722355289429607
827.1000000001195,32.0006065,14.305567000000002,0.01,0.012675599475372177,0.2783346693387995
827.2000000001195,31.876332299999998,14.2500114,0.01,-0.0011854670576823879,-0.5555559999998907
827.3000000001196,31.9384694,14.2777892,0.01,-0.0011577447023999182,0.27777799999994535
827.4000000001196,31.9384694,14.2777892,0.01,-0.015060547505196493,0.0
827.5000000001196,31.876332299999998,14.2500114,0.01,-0.0011438418996006171,-0.27777799999994535
827.6000000001196,31.876332299999998,14.2500114,0.01,0.012745058100410666,0.0
827.7000000001196,31.9384694,14.2777892,0.01,-0.014498026104907063,0.27777799999994535
827.8000000001197,32.0006065,14.305567000000002,0.01,0.027534541574926685,0.27777799999994535
827.9000000001197,32.0006065,14.305567000000002,0.01,0.04142344157492217,0.0
828.0000000001197,31.9384694,14.2777892,0.01,0.0001409411266646232,-0.27722355289429607
828.1000000001197,32.0006065,14.305567000000002,0.01,8.350048432692603e-08,0.2783346693387995
828.2000000001198,31.9384694,14.2777892,0.01,0.013916789106111844,-0.27777799999994535
828.3000000001198,32.0006065,14.305567000000002,0.01,0.013916789106111844,0.27777799999994535
828.4000000001198,32.0006065,14.305567000000002,0.01,0.013916789106111844,0.0
828.5000000001198,32.0006065,14.305567000000002,0.01,0.013916789106111844,0.0
828.6000000001198,31.9384694,14.2777892,0.01,5.5639171867016834e-08,-0.2783346693387995
828.7000000001199,32.0006065,14.305567000000002,0.01,-4.140359880660804e-05,0.2766713147409451
828.8000000001199,31.9384694,14.2777892,0.01,-8.327951086857799e-05,-0.2788935742971708
828.9000000001199,31.876332299999998,14.2500114,0.01,-8.327951086858077e-05,-0.27777799999994535
829.0000000001199,32.0006065,14.305567000000002,0.01,0.013805592794468077,0.5550009990010292
829.10000000012,32.0006065,14.305567000000002,0.01,-0.00011114067247189885,0.0
829.20000000012,32.0006065,14.305567000000002,0.01,0.027666659327522637,0.0
829.30000000012,31.9384694,14.2777892,0.01,-0.00011114067247189885,-0.27777799999994535
829.40000000012,31.876332299999998,14.2500114,0.01,-0.014000040672469165,-0.27777799999994535
829.50000000012,31.9384694,14.2777892,0.01,0.013777759327525368,0.27777799999994535
829.6000000001201,31.876332299999998,14.2500114,0.01,-4.2041667498429745e-05,-0.27639601990047596
829.7000000001201,32.0006065,14.305567000000002,0.01,0.013986445267200729,0.5583477386939285
829.8000000001201,32.062743600000005,14.333344800000003,0.01,0.01398644526720073,0.27777799999994535
829.9000000001201,31.9384694,14.2777892,0.01,-0.013763604682850728,-0.5550009990010292
830.0000000001202,31.876332299999998,14.2500114,0.01,-0.013805229840932498,-0.2780560560559314
830.1000000001202,31.9384694,14.2777892,0.01,-0.013833063307859415,0.27777800000026115
830.2000000001202,32.0006065,14.305567000000002,0.01,0.013944736692135116,0.27777799999994535
830.3000000001202,31.876332299999998,14.2500114,0.01,-0.027666518597291755,-0.5544471057885921
830.4000000001203,32.0006065,14.305567000000002,0.01,-0.00016374632006294076,0.5500554455445763
830.5000000001203,31.9384694,14.2777892,0.01,-0.014221337413167038,-0.28115182186208193
830.6000000001203,31.9384694,14.2777892,0.01,-0.0003046039462270611,0.0
830.7000000001203,31.876332299999998,14.2500114,0.01,-0.027999347327973396,-0.27722355289398154
830.8000000001203,32.0006065,14.305567000000002,0.01,0.013778798320765099,0.556669338677599
830.9000000001204,32.0006065,14.305567000000002,0.01,0.027667698320762362,0.0
831.0000000001204,31.9384694,14.2777892,0.01,-0.013999085096213212,-0.27833466933848244
831.1000000001204,32.062743600000005,14.333344800000003,0.01,0.013778714903812902,0.5555560000005223
831.2000000001204,31.9384694,14.2777892,0.01,-0.013999085096181632,-0.5555559999998907
831.3000000001205,31.876332299999998,14.2500114,0.01,-0.013971362740899171,-0.27722355289429607
831.4000000001205,32.0006065,14.305567000000002,0.01,0.027639892548496248,0.5544471057879631
831.5000000001205,32.0006065,14.305567000000002,0.01,0.013750992548498982,0.0
831.6000000001205,32.062743600000005,14.333344800000003,0.01,0.041459693543520054,0.27777799999994535
831.7000000001206,31.9384694,14.2777892,0.01,-0.014235493391202485,-0.5555560000005223
831.8000000001206,31.9384694,14.2777892,0.01,-0.028124393391199747,0.0
831.9000000001206,32.062743600000005,14.333344800000003,0.01,0.027348011848249854,0.5544471057879631
832.0000000001206,31.876332299999998,14.2500114,0.01,-0.0004993857497735066,-0.8350040080163986
832.1000000001206,32.062743600000005,14.333344800000003,0.01,0.02686587266605666,0.8250831683168645
832.2000000001207,31.9384694,14.2777892,0.01,-0.015053097969656936,-0.5606014127143266
832.3000000001207,31.9384694,14.2777892,0.01,0.012669257319772675,0.0
832.4000000001207,31.876332299999998,14.2500114,0.01,-0.028722414957453413,-0.27777799999994535
832.5000000001207,32.0006065,14.305567000000002,0.01,0.013112976135645216,0.5555559999998907
832.6000000001208,32.0006065,14.305567000000002,0.01,0.013112976135645216,0.0
832.7000000001208,31.9384694,14.2777892,0.01,0.013085253780347028,-0.27777799999994535
832.8000000001208,31.9384694,14.2777892,0.01,-0.014748213153532924,0.0
832.9000000001208,31.9384694,14.2777892,0.01,-0.014748213153532924,0.0
833.0000000001208,32.062743600000005,14.333344800000003,0.01,0.027255274610641728,0.5617350859450105
833.1000000001209,32.062743600000005,14.333344800000003,0.0,-0.0005225253893843928,0.0
833.2000000001209,32.062743600000005,14.333344800000003,0.0,0.027255274610610142,0.0
833.3000000001209,32.062743600000005,14.333344800000003,0.0,0.041116452255324946,0.0
833.4000000001209,31.9384694,14.2777892,0.0,-0.014383703034067741,-0.5555559999998907
833.500000000121,31.9384694,14.2777892,0.0,-0.014383703034067741,0.0
833.600000000121,31.752058100000003,14.194455800000002,0.0,-0.06989767795914041,-0.8325014985015082
833.700000000121,31.8141952,14.222233600000003,0.0,-0.028203144492174325,0.2783346693387995
833.800000000121,31.876332299999998,14.2500114,0.0,-0.014328119517150373,0.27750049950047906
833.900000000121,31.752058100000003,14.194455800000002,0.0,-0.06982827480654129,-0.5555559999998552
834.0000000001211,31.8141952,14.222233600000003,0.0,-0.014189174405724087,0.27777799999994535
834.1000000001211,31.689921000000002,14.166678000000001,0.0,-0.08324893842716044,-0.5561121121118628
834.2000000001211,31.6277839,14.1389002,0.0,-0.06909389276646985,-0.2775004995005146
834.3000000001211,31.689921000000002,14.166678000000001,0.0,-0.055191089963657444,0.27805605605624784
834.4000000001212,31.5656468,14.111122400000001,0.0,-0.06905223991371076,-0.5550009990010114
834.5000000001212,31.503509700000002,14.083344600000002,0.0,-0.11071893991370167,-0.2777779999999276
834.6000000001212,31.503509700000002,14.083344600000002,0.0,-0.11071893991370167,0.0
834.7000000001212,31.3170984,14.000011200000001,0.0,-0.1384551148387807,-0.832501498501526
834.8000000001213,31.3170984,14.000011200000001,0.0,-0.1384551148387807,0.0
834.9000000001213,31.3170984,14.000011200000001,0.0,-0.1384551148387807,0.0
835.0000000001213,31.254961299999998,13.9722334,0.0,-0.1804307691360285,-0.27777799999994535
835.1000000001213,31.130687100000003,13.916677800000002,0.0,-0.2082085691360213,-0.5555559999998552
835.2000000001213,31.130687100000003,13.916677800000002,0.0,-0.2082085691360213,0.0
835.3000000001214,31.130687100000003,13.916677800000002,0.0,-0.2082085691360213,0.0
835.4000000001214,30.9442758,13.8333444,0.0,-0.22209746913601855,-0.833333999999836
835.5000000001214,30.9442758,13.8333444,0.0,-0.22209746913601855,0.0
835.6000000001214,30.8200016,13.777788800000002,0.0,-0.2082779998165345,-0.5561121121118273
835.7000000001215,30.6957274,13.722233200000002,0.0,-0.24994478323352504,-0.5550009990010114
835.8000000001215,30.6957274,13.722233200000002,0.0,-0.263819808208549,0.0
835.9000000001215,30.6957274,13.722233200000002,0.0,-0.23604200820855623,0.0
836.0000000001215,30.5093161,13.6388998,0.0,-0.2916811086093726,-0.8350040080163807
836.1000000001216,30.5093161,13.6388998,0.0,-0.26387550300377943,0.0
836.2000000001216,30.447179000000002,13.611122000000002,0.0,-0.26387550300377854,-0.2775004995004968
836.3000000001216,30.260767700000002,13.527788600000003,0.0,-0.31948671421502634,-0.834168168168708
836.4000000001216,30.1986306,13.500010800000002,0.0,-0.3056116892400015,-0.2775004995005146
836.5000000001216,30.1364935,13.472233000000001,0.0,-0.3056255920428017,-0.2780560560559314
836.6000000001217,30.0743564,13.4444552,0.0,-0.31951449204279897,-0.27777799999994535
836.7000000001217,29.825808000000002,13.333344,0.0,-0.3334450171177731,-1.111112000001009
836.8000000001217,29.7015338,13.2777884,0.0,-0.36119506706782367,-0.5550009990010114
836.9000000001217,29.5772596,13.222232800000002,0.0,-0.38900067267341504,-0.5561121121118273
837.0000000001218,29.2665741,13.083343800000002,0.0,-0.44455627267340236,-1.3888899999996913
837.1000000001218,29.018025700000003,12.972232600000002,0.0,-0.47233407267339694,-1.1111119999997459
837.2000000001218,28.8316144,12.888899200000001,0.0,-0.5139591475984732,-0.832501498501526
837.3000000001218,28.396654700000003,12.694454600000002,0.0,-0.6110843224236497,-1.942503496503531
837.4000000001218,28.1481063,12.5833434,0.0,-0.6250288336349066,-1.1122242242249736
837.5000000001219,27.775283700000003,12.416676600000002,0.0,-0.7083622336348866,-1.666667999999601
837.6000000001219,27.4024611,12.2500098,0.0,-0.7638900280292772,-1.6666679999996366
837.7000000001219,27.216049799999997,12.1666764,0.0,-0.7778066780792174,-0.8333339999998183
837.8000000001219,26.656815899999998,11.916676200000001,0.0,-0.9029319033045244,-2.502504504506142
837.900000000122,26.470404600000002,11.833342800000002,0.0,-0.9445154362386198,-0.8316706586819091
838.000000000122,26.035444899999998,11.6388982,0.0,-1.000182370106379,-1.948342685371561
838.100000000122,25.414073899999998,11.3611202,0.0,-1.1390713701063473,-2.777779999999365
838.200000000122,25.1033884,11.222231200000001,0.0,-1.194640845131385,-1.3888900000012525
838.300000000122,24.2956061,10.8611198,0.0,-1.3333077613982787,-3.607506493506583
838.4000000001221,23.984920600000002,10.722230800000002,0.0,-1.3889467504372335,-1.3902802802796037
838.5000000001221,23.1771383,10.3611194,0.0,-1.5554192723097668,-3.607506493506601
838.6000000001221,22.866452799999998,10.2222304,0.0,-1.6110443863237496,-1.3902802802796037
838.7000000001221,22.0586705,9.861119,0.0,-1.7360444863238638,-3.6111140000032886
838.8000000001222,21.6858479,9.6944522,0.0,-1.791627836373794,-1.6666679999996188
838.9000000001222,20.9402027,9.361118600000001,0.0,-1.9285127446020929,-3.293810276677801
839.0000000001222,20.5673801,9.194451800000001,0.0,-1.9434137911608276,-1.6869109311743788
839.1000000001222,19.883872,8.888896,0.0,-2.0403311452526984,-3.0494590818371683
839.2000000001223,19.4489123,8.6944514,0.0,-2.0798599100604735,-1.6230767946570264
839.3000000001223,18.7654042,8.3888956,0.0,-2.1711168560737866,-3.7676424167697897
839.4000000001223,18.3304445,8.194451,0.0,-2.213709988296947,-1.9640868686881925
839.5000000001223,17.7712106,7.944450800000001,0.0,-2.2346302163202933,-2.0850725604665374
839.6000000001223,17.1498396,7.6666728000000015,0.0,-2.2900470660705645,-2.775004995005057
839.7000000001224,16.777017,7.500006000000001,0.0,-2.3317971828873505,-1.6683363363355441
839.8000000001224,16.031371800000002,7.166672400000001,0.0,-2.4142271257816836,-4.1511033623928055
839.9000000001224,15.5964121,6.972227800000001,0.0,-2.4537974325805165,-1.6230767946585667
840.0000000001224,14.9750411,6.694449800000001,0.0,-2.4954083263398994,-2.780560560559225
840.1000000001225,14.4158072,6.4444496000000004,0.0,-2.512769451339852,-3.1250024999984083
840.2000000001225,13.8565733,6.194449400000001,0.0,-2.568200176115017,-2.4975044955045513
840.3000000001225,13.297339399999998,5.9444492,0.0,-2.4920784794631143,-2.085072560468522
840.4000000001225,12.7381055,5.6944490000000005,0.0,-2.5474396902243615,-2.4975044955045513
840.5000000001226,12.1167345,5.416671000000001,0.0,-2.5058146152992844,-2.775004995005057
840.6000000001226,11.6196377,5.1944486,0.0,-2.5476344690206942,-2.2266773547077974
840.7000000001226,11.060403800000001,4.944448400000001,0.0,-2.492078869020501,-2.5000019999994283
840.8000000001226,10.4390328,4.666670400000001,0.0,-2.54625933040666,-2.7502772277227936
840.9000000001226,9.7555247,4.3611146000000005,0.0,-2.5747140757385645,-3.8629051833158936
841.0000000001227,9.258427900000001,4.138892200000001,0.0,-2.6012579503374345,-2.2177884231517813
841.1000000001227,8.8856053,3.9722254000000006,0.0,-2.518345430302372,-1.3912086811359117
841.2000000001227,8.015685900000001,3.5833362000000006,0.0,-2.631441940219875,-3.8850069930070843
841.3000000001227,7.6428633,3.4166694000000004,0.0,-2.5264766361981623,-1.6683363363355397
841.4000000001228,6.9593552,3.1111136,0.0,-2.581050192763892,-3.055558000002784
841.5000000001228,6.4622584000000005,2.8888912,0.0,-2.6153392081319056,-2.770852867826813
841.6000000001228,5.9030245,2.638891,0.0,-2.5810167779305546,-2.088556390978035
841.7000000001228,5.4059276999999994,2.4166686,0.0,-2.6075022360890774,-2.1980454995060072
841.8000000001228,4.9088309,2.1944462000000002,0.0,-2.5120673505122992,-2.242405650857235
841.9000000001229,4.349597,1.9444460000000001,0.0,-2.586968566959116,-3.1211011235948902
842.0000000001229,3.9767744,1.7777792000000003,0.0,-2.5315246913885394,-1.6716830491477024
842.1000000001229,3.2932663,1.4722234,0.0,-2.502589483055281,-2.546298333333239
842.2000000001229,2.7961695,1.2500010000000001,0.0,-2.488714458080256,-2.220003996004048
842.300000000123,2.3612098,1.0555564,0.0,-2.4816831300568074,-1.9444459999995598
842.400000000123,1.8019759,0.8055562000000001,0.0,-2.513058030281722,-3.1250025000028407
842.500000000123,1.3670162000000001,0.6111116000000001,0.0,-2.471530080531447,-1.9444459999995576
842.600000000123,1.1806049,0.5277782,0.0,-2.3949184627960562,-0.6944449999999747
842.700000000123,0.0,0.0,0.0,0.0,0.0
842.8000000001231,0.0,0.0,0.0,0.0,0.0
842.9000000001231,0.0,0.0,0.0,0.0,0.0
843.0000000001231,0.0,0.0,0.0,0.0,0.0
843.1000000001231,0.0,0.0,0.0,0.0,0.0
843.2000000001232,0.0,0.0,0.0,0.0,0.0
843.3000000001232,0.0,0.0,0.0,0.0,0.0
843.4000000001232,0.0,0.0,0.0,0.0,0.0
843.5000000001232,0.0,0.0,0.0,0.0,0.0
843.6000000001233,0.0,0.0,0.0,0.0,0.0
843.7000000001233,0.0,0.0,0.0,0.0,0.0
843.8000000001233,0.0,0.0,0.0,0.0,0.0
843.9000000001233,0.0,0.0,0.0,0.0,0.0
844.0000000001234,0.0,0.0,0.0,0.0,0.0
844.1000000001234,0.0,0.0,0.0,0.0,0.0
844.2000000001234,0.0,0.0,0.0,0.0,0.0
844.3000000001234,0.0,0.0,0.0,0.0,0.0
844.4000000001234,0.0,0.0,0.0,0.0,0.0
844.5000000001235,0.0,0.0,0.0,0.0,0.0
844.6000000001235,0.0,0.0,0.0,0.0,0.0
844.7000000001235,0.0,0.0,0.0,0.0,0.0
844.8000000001235,0.0,0.0,0.0,0.0,0.0
844.9000000001236,0.0,0.0,0.0,0.0,0.0
845.0000000001236,0.0,0.0,0.0,0.0,0.0
845.1000000001236,0.0,0.0,0.0,0.0,0.0
845.2000000001236,0.0,0.0,0.0,0.0,0.0
845.3000000001236,0.0,0.0,0.0,0.0,0.0
845.4000000001237,0.0,0.0,0.0,0.0,0.0
845.5000000001237,0.0,0.0,0.0,0.0,0.0
845.6000000001237,0.0,0.0,0.0,0.0,0.0
845.7000000001237,0.0,0.0,0.0,0.0,0.0
845.8000000001238,0.0,0.0,0.0,0.0,0.0
845.9000000001238,0.0,0.0,0.0,0.0,0.0
846.0000000001238,0.0,0.0,0.0,0.0,0.0
846.1000000001238,0.0,0.0,0.0,0.0,0.0
846.2000000001239,0.0,0.0,0.0,0.0,0.0
846.3000000001239,0.0,0.0,0.0,0.0,0.0
846.4000000001239,0.0,0.0,0.0,0.0,0.0
846.5000000001239,0.0,0.0,0.0,0.0,0.0
846.6000000001239,0.0,0.0,0.0,0.0,0.0
846.700000000124,0.0,0.0,0.0,0.0,0.0
846.800000000124,0.0,0.0,0.0,0.0,0.0
846.900000000124,0.0,0.0,0.0,0.0,0.0
847.000000000124,0.0,0.0,0.0,0.0,0.0
847.100000000124,0.0,0.0,0.0,0.0,0.0
847.2000000001241,0.0,0.0,0.0,0.0,0.0
847.3000000001241,0.0,0.0,0.0,0.0,0.0
847.4000000001241,0.0,0.0,0.0,0.0,0.0
847.5000000001241,0.0,0.0,0.0,0.0,0.0
847.6000000001242,0.0,0.0,0.0,0.0,0.0
847.7000000001242,0.0,0.0,0.0,0.0,0.0
847.8000000001242,0.0,0.0,0.0,0.0,0.0
847.9000000001242,0.0,0.0,0.0,0.0,0.0
848.0000000001243,0.0,0.0,0.0,0.0,0.0
848.1000000001243,0.0,0.0,0.0,0.0,0.0
848.2000000001243,0.0,0.0,0.0,0.0,0.0
848.3000000001243,0.0,0.0,0.0,0.0,0.0
848.4000000001244,0.0,0.0,0.0,0.0,0.0
848.5000000001244,0.0,0.0,0.0,0.0,0.0
848.6000000001244,0.0,0.0,0.0,0.0,0.0
848.7000000001244,0.0,0.0,0.0,0.0,0.0
848.8000000001244,0.0,0.0,0.0,0.0,0.0
848.9000000001245,0.0,0.0,0.0,0.0,0.0
849.0000000001245,0.0,0.0,0.0,0.0,0.0
849.1000000001245,0.0,0.0,0.0,0.0,0.0
849.2000000001245,0.0,0.0,0.0,0.0,0.0
849.3000000001246,0.0,0.0,0.0,0.0,0.0
849.4000000001246,0.0,0.0,0.0,0.0,0.0
849.5000000001246,0.0,0.0,0.0,0.0,0.0
849.6000000001246,0.0,0.0,0.0,0.0,0.0
849.7000000001246,0.0,0.0,0.0,0.0,0.0
849.8000000001247,0.0,0.0,0.0,0.0,0.0
849.9000000001247,0.0,0.0,0.0,0.0,0.0
850.0000000001247,0.0,0.0,0.0,0.0,0.0
850.1000000001247,0.0,0.0,0.0,0.0,0.0
850.2000000001248,0.0,0.0,0.0,0.0,0.0
850.3000000001248,0.0,0.0,0.0,0.0,0.0
850.4000000001248,0.0,0.0,0.0,0.0,0.0
850.5000000001248,0.0,0.0,0.0,0.0,0.0
850.6000000001249,0.0,0.0,0.0,0.0,0.0
850.7000000001249,0.0,0.0,0.0,0.0,0.0
850.8000000001249,0.0,0.0,0.0,0.0,0.0
850.9000000001249,0.0,0.0,0.0,0.0,0.0
851.0000000001249,0.0,0.0,0.0,0.0,0.0
851.100000000125,0.0,0.0,0.0,0.0,0.0
851.200000000125,0.0,0.0,0.0,0.0,0.0
851.300000000125,0.0,0.0,0.0,0.0,0.0
851.400000000125,0.0,0.0,0.0,0.0,0.0
851.500000000125,0.0,0.0,0.0,0.0,0.0
851.6000000001251,0.0,0.0,0.0,0.0,0.0
851.7000000001251,0.0,0.0,0.0,0.0,0.0
851.8000000001251,0.0,0.0,0.0,0.0,0.0
851.9000000001251,0.0,0.0,0.0,0.0,0.0
852.0000000001252,0.0,0.0,0.0,0.0,0.0
852.1000000001252,0.0,0.0,0.0,0.0,0.0
852.2000000001252,0.0,0.0,0.0,0.0,0.0
852.3000000001252,0.0,0.0,0.0,0.0,0.0
852.4000000001253,0.0,0.0,0.0,0.0,0.0
852.5000000001253,0.0,0.0,0.0,0.0,0.0
852.6000000001253,0.0,0.0,0.0,0.0,0.0
852.7000000001253,0.0,0.0,0.0,0.0,0.0
852.8000000001254,0.0,0.0,0.0,0.0,0.0
852.9000000001254,0.0,0.0,0.0,0.0,0.0
853.0000000001254,0.0,0.0,0.0,0.0,0.0
853.1000000001254,0.0,0.0,0.0,0.0,0.0
853.2000000001254,0.0,0.0,0.0,0.0,0.0
853.3000000001255,0.0,0.0,0.0,0.0,0.0
853.4000000001255,0.0,0.0,0.0,0.0,0.0
853.5000000001255,0.0,0.0,0.0,0.0,0.0
853.6000000001255,0.0,0.0,0.0,0.0,0.0
853.7000000001256,0.0,0.0,0.0,0.0,0.0
853.8000000001256,0.0,0.0,0.0,0.0,0.0
853.9000000001256,0.0,0.0,0.0,0.0,0.0
854.0000000001256,0.0,0.0,0.0,0.0,0.0
854.1000000001256,0.0,0.0,0.0,0.0,0.0
854.2000000001257,0.0,0.0,0.0,0.0,0.0
854.3000000001257,0.0,0.0,0.0,0.0,0.0
854.4000000001257,0.0,0.0,0.0,0.0,0.0
854.5000000001257,0.0,0.0,0.0,0.0,0.0
854.6000000001258,0.0,0.0,0.0,0.0,0.0
854.7000000001258,0.0,0.0,0.0,0.0,0.0
854.8000000001258,0.0,0.0,0.0,0.0,0.0
854.9000000001258,0.0,0.0,0.0,0.0,0.0
855.0000000001259,0.0,0.0,0.0,0.0,0.0
855.1000000001259,0.0,0.0,0.0,0.0,0.0
855.2000000001259,0.0,0.0,0.0,0.0,0.0
855.3000000001259,0.0,0.0,0.0,0.0,0.0
855.4000000001259,0.0,0.0,0.0,0.0,0.0
855.500000000126,0.0,0.0,0.0,0.0,0.0
855.600000000126,0.0,0.0,0.0,0.0,0.0
855.700000000126,0.0,0.0,0.0,0.0,0.0
855.800000000126,0.0,0.0,0.0,0.0,0.0
855.900000000126,0.0,0.0,0.0,0.0,0.0
856.0000000001261,0.0,0.0,0.0,0.0,0.0
856.1000000001261,0.0,0.0,0.0,0.0,0.0
856.2000000001261,0.0,0.0,0.0,0.0,0.0
856.3000000001261,0.0,0.0,0.0,0.0,0.0
856.4000000001262,0.0,0.0,0.0,0.0,0.0
856.5000000001262,0.0,0.0,0.0,0.0,0.0
856.6000000001262,0.0,0.0,0.0,0.0,0.0
856.7000000001262,0.0,0.0,0.0,0.0,0.0
856.8000000001263,0.0,0.0,0.0,0.0,0.0
856.9000000001263,0.0,0.0,0.0,0.0,0.0
857.0000000001263,0.0,0.0,0.0,0.0,0.0
857.1000000001263,0.0,0.0,0.0,0.0,0.0
857.2000000001264,0.0,0.0,0.0,0.0,0.0
857.3000000001264,0.0,0.0,0.0,0.0,0.0
857.4000000001264,0.0,0.0,0.0,0.0,0.0
857.5000000001264,0.0,0.0,0.0,0.0,0.0
857.6000000001264,0.0,0.0,0.0,0.0,0.0
857.7000000001265,0.0,0.0,0.0,0.0,0.0
857.8000000001265,0.0,0.0,0.0,0.0,0.0
857.9000000001265,0.0,0.0,0.0,0.0,0.0
858.0000000001265,0.0,0.0,0.0,0.0,0.0
858.1000000001266,0.0,0.0,0.0,0.0,0.0
858.2000000001266,0.0,0.0,0.0,0.0,0.0
858.3000000001266,0.0,0.0,0.0,0.0,0.0
858.4000000001266,0.0,0.0,0.0,0.0,0.0
858.5000000001266,0.0,0.0,0.0,0.0,0.0
858.6000000001267,0.0,0.0,0.0,0.0,0.0
858.7000000001267,0.0,0.0,0.0,0.0,0.0
858.8000000001267,0.0,0.0,0.0,0.0,0.0
858.9000000001267,0.0,0.0,0.0,0.0,0.0
859.0000000001268,0.0,0.0,0.0,0.0,0.0
859.1000000001268,0.0,0.0,0.0,0.0,0.0
859.2000000001268,0.0,0.0,0.0,0.0,0.0
859.3000000001268,0.0,0.0,0.0,0.0,0.0
859.4000000001269,0.0,0.0,0.0,0.0,0.0
859.5000000001269,0.0,0.0,0.0,0.0,0.0
859.6000000001269,0.0,0.0,0.0,0.0,0.0
859.7000000001269,0.0,0.0,0.0,0.0,0.0
859.8000000001269,0.0,0.0,0.0,0.0,0.0
859.900000000127,0.0,0.0,0.0,0.0,0.0
860.000000000127,0.0,0.0,0.0,0.0,0.0
860.100000000127,0.0,0.0,0.0,0.0,0.0
860.200000000127,0.0,0.0,0.0,0.0,0.0
860.300000000127,0.0,0.0,0.0,0.0,0.0
860.4000000001271,0.0,0.0,0.0,0.0,0.0
860.5000000001271,0.0,0.0,0.0,0.0,0.0
860.6000000001271,0.0,0.0,0.0,0.0,0.0
860.7000000001271,0.0,0.0,0.0,0.0,0.0
860.8000000001272,0.0,0.0,0.0,0.0,0.0
860.9000000001272,0.0,0.0,0.0,0.0,0.0
861.0000000001272,0.0,0.0,0.0,0.0,0.0
861.1000000001272,0.0,0.0,0.0,0.0,0.0
861.2000000001273,0.0,0.0,0.0,0.0,0.0
861.3000000001273,0.0,0.0,0.0,0.0,0.0
861.4000000001273,0.0,0.0,0.0,0.0,0.0
861.5000000001273,0.0,0.0,0.0,0.0,0.0
861.6000000001274,0.0,0.0,0.0,0.0,0.0
861.7000000001274,0.0,0.0,0.0,0.0,0.0
861.8000000001274,0.0,0.0,0.0,0.0,0.0
