Latitude,Longitude,Elevation,Heading
41.7015611069685,-87.9918039573954,233.416961669922,357.519995651038
41.7015611069685,-87.9918039573954,233.303146362305,357.519995651038
41.7015611069685,-87.9918039573954,233.19221496582,357.519995651038
41.7015611069685,-87.9918039573954,233.079528808594,357.519995651038
41.7015611069685,-87.9918039573954,232.970153808594,357.520624028441
41.7015611069685,-87.9918039573954,232.856338500977,357.519913688768
41.7015611069685,-87.9918039573954,232.743087768555,357.519995651038
41.7015611069685,-87.9918039573954,232.628692626953,357.520624028441
41.7015611069685,-87.9918039573954,232.509521484375,357.520787952981
41.7015611069685,-87.9918039573954,232.388275146484,357.520869915251
41.7015611069685,-87.9918039573954,232.26318359375,357.521088481305
41.7015611069685,-87.9918039573954,231.473068237305,357.521170443575
41.7015611234194,-87.9918039582447,231.045471191406,357.521170443575
41.7015610641961,-87.9918041918953,231.012924194336,357.521170443575
41.7015610658412,-87.9918041755306,231.037033081055,357.521170443575
41.7015610833888,-87.9918041061239,231.052139282227,357.521170443575
41.7015610976463,-87.9918040562953,231.06086730957,357.521170443575
41.7015611058717,-87.9918040262283,231.065673828125,357.521170443575
41.701561110807,-87.991804007729,231.068252563477,357.521170443575
41.7015611140972,-87.9918039970105,231.069564819336,357.521170443575
41.7015611157423,-87.9918039899872,231.070205688477,357.521170443575
41.701561116839,-87.9918039858558,231.070495605469,357.521170443575
41.701561116839,-87.9918039858558,231.070495605469,357.521170443575
41.701561116839,-87.9918039858558,231.070495605469,357.521170443575
41.701561116839,-87.9918039858558,231.070495605469,357.521170443575
41.701561116839,-87.9918039858558,231.070495605469,357.521170443575
41.701561116839,-87.9918039858558,231.070495605469,357.521170443575
41.701561116839,-87.9918039858558,231.070495605469,357.521170443575
41.701561116839,-87.9918039858558,231.070495605469,357.521170443575
41.701561116839,-87.9918039858558,231.070495605469,357.521170443575
41.701561116839,-87.9918039858558,231.070495605469,357.521170443575
41.701561116839,-87.9918039858558,231.070495605469,357.521170443575
41.701561116839,-87.9918039858558,231.070495605469,357.521170443575
41.701561116839,-87.9918039858558,231.070495605469,357.521170443575
41.701561116839,-87.9918039858558,231.070495605469,357.521170443575
41.701561116839,-87.9918039858558,231.070495605469,357.521170443575
41.701561116839,-87.9918039858558,231.070495605469,357.521170443575
41.701561116839,-87.9918039858558,231.070495605469,357.521170443575
41.701561116839,-87.9918039858558,231.070495605469,357.521170443575
41.701561116839,-87.9918039858558,231.070495605469,357.521170443575
41.701561116839,-87.9918039858558,231.070495605469,357.521170443575
41.701561116839,-87.9918039858558,231.070495605469,357.521170443575
41.701561116839,-87.9918039858558,231.070495605469,357.521170443575
41.701561116839,-87.9918039858558,231.070495605469,357.521170443575
41.701561116839,-87.9918039858558,231.070495605469,357.521170443575
41.701561116839,-87.9918039858558,231.070495605469,357.521170443575
41.701561116839,-87.9918039858558,231.070495605469,357.521170443575
41.701561116839,-87.9918039858558,231.070495605469,357.521170443575
41.701561116839,-87.9918039858558,231.070495605469,357.521170443575
41.701561116839,-87.9918039858558,231.070495605469,357.521170443575
41.701561116839,-87.9918039858558,231.070495605469,357.521170443575
41.701561116839,-87.9918039858558,231.070495605469,357.521170443575
41.701561116839,-87.9918039858558,231.070495605469,357.521170443575
41.701561116839,-87.9918039858558,231.070495605469,357.521170443575
41.701561116839,-87.9918039858558,231.070495605469,357.521170443575
41.701561116839,-87.9918039858558,231.070495605469,357.521170443575
41.701561116839,-87.9918039858558,231.070495605469,357.521170443575
41.701561116839,-87.9918039858558,231.070495605469,357.521170443575
41.701561116839,-87.9918039858558,231.070495605469,357.521170443575
41.701561116839,-87.9918039858558,231.070495605469,357.521170443575
41.701561116839,-87.9918039858558,231.070495605469,357.521170443575
41.701561116839,-87.9918039858558,231.070495605469,357.521170443575
41.701561116839,-87.9918039858558,231.070495605469,357.521170443575
41.701561116839,-87.9918039858558,231.070495605469,357.521170443575
41.701561116839,-87.9918039858558,231.070495605469,357.521170443575
41.701561116839,-87.9918039858558,231.070495605469,357.521170443575
41.701561116839,-87.9918039858558,231.070495605469,357.521170443575
41.701561116839,-87.9918039858558,231.070495605469,357.521170443575
41.701561116839,-87.9918039858558,231.070495605469,357.521170443575
41.701561116839,-87.9918039858558,231.070495605469,357.521170443575
41.701561116839,-87.9918039858558,231.070495605469,357.521170443575
41.701561116839,-87.9918039858558,231.070495605469,357.521170443575
41.701561116839,-87.9918039858558,231.070495605469,357.521170443575
41.701561116839,-87.9918039858558,231.070495605469,357.521170443575
41.701561116839,-87.9918039858558,231.070495605469,357.521170443575
41.701561116839,-87.9918039858558,231.070495605469,357.521170443575
41.701561116839,-87.9918039858558,231.070495605469,357.521170443575
41.701561116839,-87.9918039858558,231.070495605469,357.521170443575
41.701561116839,-87.9918039858558,231.070495605469,357.521170443575
41.701561116839,-87.9918039858558,231.070495605469,357.521170443575
41.701561116839,-87.9918039858558,231.070495605469,357.521170443575
41.701561116839,-87.9918039858558,231.070495605469,357.521170443575
41.701561116839,-87.9918039858558,231.070495605469,357.521170443575
41.701561116839,-87.9918039858558,231.070495605469,357.521170443575
41.701561116839,-87.9918039858558,231.070495605469,357.521170443575
41.701561116839,-87.9918039858558,231.070495605469,357.521170443575
41.701561116839,-87.9918039858558,231.070495605469,357.521170443575
41.701561116839,-87.9918039858558,231.070495605469,357.521170443575
41.701561116839,-87.9918039858558,231.070495605469,357.521170443575
41.701561116839,-87.9918039858558,231.070495605469,357.521170443575
41.701561116839,-87.9918039858558,231.070495605469,357.521170443575
41.701561116839,-87.9918039858558,231.070495605469,357.521170443575
41.701561116839,-87.9918039858558,231.070495605469,357.521170443575
41.701561116839,-87.9918039858558,231.070495605469,357.521170443575
41.701561116839,-87.9918039858558,231.070495605469,357.521170443575
41.701561116839,-87.9918039858558,231.070495605469,357.521170443575
41.701561116839,-87.9918039858558,231.070495605469,357.521170443575
41.701561116839,-87.9918039858558,231.070495605469,357.521170443575
41.701561116839,-87.9918039858558,231.070495605469,357.521170443575
41.701561116839,-87.9918039858558,231.070495605469,357.521170443575
41.701561116839,-87.9918039858558,231.070495605469,357.521170443575
41.701561116839,-87.9918039858558,231.070495605469,357.521170443575
41.701561116839,-87.9918039858558,231.070495605469,357.521170443575
41.701561116839,-87.9918039858558,231.070495605469,357.521170443575
41.701561116839,-87.9918039858558,231.070495605469,357.521170443575
41.701561116839,-87.9918039858558,231.070495605469,357.521170443575
41.701561116839,-87.9918039858558,231.070495605469,357.521170443575
41.701561116839,-87.9918039858558,231.070495605469,357.521170443575
41.701561116839,-87.9918039858558,231.070495605469,357.521170443575
41.701561116839,-87.9918039858558,231.070495605469,357.521170443575
41.701561116839,-87.9918039858558,231.070495605469,357.521170443575
41.701561116839,-87.9918039858558,231.070495605469,357.521170443575
41.701561116839,-87.9918039858558,231.070495605469,357.521170443575
41.701561116839,-87.9918039858558,231.070495605469,357.521170443575
41.701561116839,-87.9918039858558,231.070495605469,357.521170443575
41.701561116839,-87.9918039858558,231.070495605469,357.521170443575
41.701561116839,-87.9918039858558,231.070495605469,357.521170443575
41.701561116839,-87.9918039858558,231.070495605469,357.521170443575
41.701561116839,-87.9918039858558,231.070495605469,357.521170443575
41.701561116839,-87.9918039858558,231.070495605469,357.521170443575
41.701561116839,-87.9918039858558,231.070495605469,357.521170443575
41.701561116839,-87.9918039858558,231.070495605469,357.521170443575
41.701561116839,-87.9918039858558,231.070495605469,357.521170443575
41.701561116839,-87.9918039858558,231.070495605469,357.521170443575
41.701561116839,-87.9918039858558,231.070495605469,357.521170443575
41.701561116839,-87.9918039858558,231.070495605469,357.521170443575
41.701561116839,-87.9918039858558,231.070495605469,357.521170443575
41.701561116839,-87.9918039858558,231.070495605469,357.521170443575
41.701561116839,-87.9918039858558,231.070495605469,357.521170443575
41.701561116839,-87.9918039858558,231.070495605469,357.521170443575
41.701561116839,-87.9918039858558,231.070495605469,357.521170443575
41.701561116839,-87.9918039858558,231.070495605469,357.521170443575
41.701561116839,-87.9918039858558,231.070495605469,357.521170443575
41.701561116839,-87.9918039858558,231.070495605469,357.521170443575
41.701561116839,-87.9918039858558,231.070495605469,357.521170443575
41.701561116839,-87.9918039858558,231.070495605469,357.521170443575
41.701561116839,-87.9918039858558,231.070495605469,357.521170443575
41.701561116839,-87.9918039858558,231.070495605469,357.521170443575
41.701561116839,-87.9918039858558,231.070495605469,357.521170443575
41.701561116839,-87.9918039858558,231.070495605469,357.521170443575
41.701561116839,-87.9918039858558,231.070495605469,357.521170443575
41.701561116839,-87.9918039858558,231.070495605469,357.521170443575
41.701561116839,-87.9918039858558,231.070495605469,357.521170443575
41.701561116839,-87.9918039858558,231.070495605469,357.521170443575
41.701561116839,-87.9918039858558,231.070495605469,357.521170443575
41.701561116839,-87.9918039858558,231.070495605469,357.521170443575
41.701561116839,-87.9918039858558,231.070495605469,357.521170443575
41.701561116839,-87.9918039858558,231.070495605469,357.521170443575
41.701561116839,-87.9918039858558,231.070495605469,357.521170443575
41.701561116839,-87.9918039858558,231.070495605469,357.521170443575
41.701561116839,-87.9918039858558,231.070495605469,357.521170443575
41.701561116839,-87.9918039858558,231.070495605469,357.521170443575
41.701561116839,-87.9918039858558,231.070495605469,357.521170443575
41.701561116839,-87.9918039858558,231.070495605469,357.521170443575
41.701561116839,-87.9918039858558,231.070495605469,357.521170443575
41.701561116839,-87.9918039858558,231.070495605469,357.521170443575
41.701561116839,-87.9918039858558,231.070495605469,357.521170443575
41.701561116839,-87.9918039858558,231.070495605469,357.521170443575
41.701561116839,-87.9918039858558,231.070495605469,357.521170443575
41.701561116839,-87.9918039858558,231.070495605469,357.521170443575
41.701561116839,-87.9918039858558,231.070495605469,357.521170443575
41.701561116839,-87.9918039858558,231.070495605469,357.521170443575
41.701561116839,-87.9918039858558,231.070495605469,357.521170443575
41.701561116839,-87.9918039858558,231.070495605469,357.521170443575
41.701561116839,-87.9918039858558,231.070495605469,357.521170443575
41.701561116839,-87.9918039858558,231.070495605469,357.521170443575
41.701561116839,-87.9918039858558,231.070495605469,357.521170443575
41.701561116839,-87.9918039858558,231.070495605469,357.521170443575
41.701561116839,-87.9918039858558,231.070495605469,357.521170443575
41.701561116839,-87.9918039858558,231.070495605469,357.521170443575
41.701561116839,-87.9918039858558,231.070495605469,357.521170443575
41.701561116839,-87.9918039858558,231.070495605469,357.521170443575
41.701561116839,-87.9918039858558,231.070495605469,357.521170443575
41.701561116839,-87.9918039858558,231.070495605469,357.521170443575
41.701561116839,-87.9918039858558,231.070495605469,357.521170443575
41.701561116839,-87.9918039858558,231.070495605469,357.521170443575
41.701561116839,-87.9918039858558,231.070495605469,357.521170443575
41.701561116839,-87.9918039858558,231.070495605469,357.521170443575
41.701561116839,-87.9918039858558,231.070495605469,357.521170443575
41.701561116839,-87.9918039858558,231.070495605469,357.521170443575
41.701561116839,-87.9918039858558,231.070495605469,357.521170443575
41.701561116839,-87.9918039858558,231.070495605469,357.521170443575
41.701561116839,-87.9918039858558,231.070495605469,357.521170443575
41.701561116839,-87.9918039858558,231.070495605469,357.521170443575
41.701561116839,-87.9918039858558,231.070495605469,357.521170443575
41.701561116839,-87.9918039858558,231.070495605469,357.521170443575
41.701561116839,-87.9918039858558,231.070495605469,357.521170443575
41.701561116839,-87.9918039858558,231.070495605469,357.521170443575
41.701561116839,-87.9918039858558,231.070495605469,357.521170443575
41.701561116839,-87.9918039858558,231.070495605469,357.521170443575
41.701561116839,-87.9918039858558,231.070495605469,357.521170443575
41.701561116839,-87.9918039858558,231.070495605469,357.521170443575
41.701561116839,-87.9918039858558,231.070495605469,357.521170443575
41.701561116839,-87.9918039858558,231.070495605469,357.521170443575
41.701561116839,-87.9918039858558,231.070495605469,357.521170443575
41.701561116839,-87.9918039858558,231.070495605469,357.521170443575
41.701561116839,-87.9918039858558,231.070495605469,357.521170443575
41.701561116839,-87.9918039858558,231.070495605469,357.521170443575
41.701561116839,-87.9918039858558,231.070495605469,357.521170443575
41.701561116839,-87.9918039858558,231.070495605469,357.521170443575
41.701561116839,-87.9918039858558,231.070495605469,357.521170443575
41.701561116839,-87.9918039858558,231.070495605469,357.521170443575
41.701561116839,-87.9918039858558,231.070495605469,357.521170443575
41.701561116839,-87.9918039858558,231.070495605469,357.521170443575
41.701561116839,-87.9918039858558,231.070495605469,357.521170443575
41.701561116839,-87.9918039858558,231.070495605469,357.521334368115
41.701561116839,-87.9918039858558,231.070495605469,357.521334368115
41.701561116839,-87.9918039858558,231.070495605469,357.521416330385
41.701561116839,-87.9918039858558,231.070495605469,357.521416330385
41.701561116839,-87.9918039858558,231.070495605469,357.521498292655
41.701561116839,-87.9918039858558,231.070495605469,357.521498292655
41.701561116839,-87.9918039858558,231.070495605469,357.521498292655
41.701561116839,-87.9918039858558,231.070495605469,357.521498292655
41.7015611179358,-87.9918039836984,231.070068359375,357.521580254925
41.7015611179358,-87.9918039822524,231.07014465332,357.521580254925
41.7015611184841,-87.9918039814261,231.070419311523,357.521580254925
41.7015611184841,-87.991803981013,231.070602416992,357.521580254925
41.7015611184841,-87.9918039808753,231.070678710938,357.521580254925
41.7015611184841,-87.9918039807146,231.070693969727,357.521580254925
41.7015611184841,-87.9918039807146,231.070693969727,357.521580254925
41.7015611184841,-87.9918039807146,231.07080078125,357.521580254925
41.7015611184841,-87.9918039805769,231.070739746094,357.521580254925
41.7015611184841,-87.9918039805769,231.070739746094,357.521580254925
41.7015611184841,-87.9918039805769,231.070739746094,357.521662217195
41.7015611184841,-87.9918039805769,231.070739746094,357.521716858709
41.7015611184841,-87.9918039805769,231.070190429687,357.521716858709
41.7015611184841,-87.991803980531,231.070251464844,357.521798820979
41.7015611184841,-87.9918039803703,231.070449829102,357.521716858709
41.7015611184841,-87.991803980531,231.070587158203,357.521798820979
41.7015611184841,-87.991803980531,231.070495605469,357.521798820979
41.7015611184841,-87.991803980531,231.070587158203,357.521798820979
41.7015611184841,-87.9918039803933,231.070770263672,357.521798820979
41.7015611184841,-87.9918039804392,231.070892333984,357.521880783249
41.7015611184841,-87.9918039803703,231.070892333984,357.521880783249
41.7015611184841,-87.9918039804851,231.070831298828,357.521880783249
41.7015611184841,-87.9918039807605,231.070907592773,357.521880783249
41.7015611184841,-87.9918039806687,231.070877075195,357.521880783249
41.7015611184841,-87.9918039806687,231.070877075195,357.521716858709
41.7015611184841,-87.9918039806687,231.070877075195,357.521716858709
41.7015611184841,-87.9918039805539,231.070892333984,357.521662217195
41.7015611184841,-87.9918039805999,231.070861816406,357.521662217195
41.7015611184841,-87.9918039806687,231.070877075195,357.521716858709
41.7015611184841,-87.9918039804851,231.070877075195,357.521580254925
41.7015611184841,-87.991803980531,231.07080078125,357.521662217195
41.7015611184841,-87.9918039803244,231.070877075195,357.521498292655
41.7015615176929,-87.9918040037813,231.072235107422,357.521580254925
41.7015627350605,-87.9918040744503,231.075500488281,357.521498292655
41.7015643406695,-87.9918041674515,231.07958984375,357.521498292655
41.7015665088997,-87.9918042930214,231.084625244141,357.521416330385
41.7015690220506,-87.9918044387891,231.090606689453,357.521416330385
41.7015719075403,-87.9918046061546,231.097457885742,357.521416330385
41.7015751209514,-87.9918047929144,231.105117797852,357.521416330385
41.701578745635,-87.9918050028556,231.11376953125,357.521334368115
41.7015824706689,-87.9918052187415,231.122787475586,357.521170443575
41.7015867155513,-87.9918054646254,231.133575439453,357.521252405845
41.7015912878064,-87.9918057296054,231.14469909668,357.521088481305
41.701596276269,-87.9918060190292,231.156539916992,357.521088481305
41.7016015910076,-87.991806327067,231.169189453125,357.521088481305
41.7016074365614,-87.9918066657685,231.183166503906,357.521006519035
41.7016129388392,-87.9918069847314,231.196319580078,357.520951877521
41.7016188545825,-87.9918073277021,231.210510253906,357.521006519035
41.7016249545752,-87.9918076813912,231.225128173828,357.520869915251
41.7016317586657,-87.9918080758201,231.241455078125,357.520869915251
41.7016383000896,-87.9918084552383,231.257141113281,357.520705990711
41.7016456174465,-87.9918088792981,231.274703979492,357.520705990711
41.7016526891359,-87.9918092895867,231.291687011719,357.520705990711
41.7016604725997,-87.9918097410511,231.310409545898,357.520787952981
41.70166821,-87.991810189853,231.328979492188,357.520624028441
41.7016763361886,-87.9918106608495,231.348495483398,357.520787952981
41.7016849526125,-87.9918111605359,231.369171142578,357.520705990711
41.7016936030336,-87.9918116621961,231.389923095703,357.520624028441
41.7017031368657,-87.9918122155899,231.412826538086,357.520542066171
41.7017127167588,-87.9918127709118,231.435821533203,357.520296179361
41.7017222566201,-87.9918133242597,231.458633422852,357.520378141631
41.7017318414456,-87.9918138799947,231.481384277344,357.520159575578
41.7017408439091,-87.9918144032068,231.502807617187,357.520241537848
41.7017501041014,-87.9918149413835,231.524932861328,358.36207601343
41.7017588718633,-87.991815450572,231.545913696289,358.776367967727
41.7017676950086,-87.9918159636623,231.566772460937,358.805491894347
41.7017756484506,-87.9918164268321,231.585540771484,358.806967215208
41.7017840564837,-87.9918169146524,231.605209350586,358.807295064288
41.7017918596725,-87.9918173697661,231.623138427734,358.807295064288
41.7017996727309,-87.9918178247651,231.640975952148,359.635769689854
41.701807394212,-87.9918182726489,231.658264160156,359.911545407783
41.7018142405071,-87.9918183222021,231.673416137695,359.923402616182
41.7018209908381,-87.9918183376029,231.68830871582,359.920889106567
41.7018274286024,-87.9918184926202,231.702285766602,359.916080653392
41.7018335466713,-87.991818661225,231.715408325195,359.895344199071
41.7018396795454,-87.9918188328136,231.728530883789,359.889880047735
41.7018447809512,-87.9918189750467,231.739349365234,359.89165589692
41.7018502711448,-87.9918187737583,231.750793457031,359.89165589692
41.7018552974243,-87.99181862783,231.761184692383,359.889880047735
41.7018603648305,-87.9918186208985,231.77165222168,359.889880047735
41.7018647802348,-87.9918186304465,231.780731201172,359.889880047735
41.7018690086477,-87.9918186406142,231.789245605469,359.889880047735
41.7018733927949,-87.9918186556477,231.797164916992,359.89165589692
41.7018774945358,-87.9918186676286,231.805328369141,359.89165589692
41.7018813506107,-87.9918186782324,231.813278198242,359.889880047735
41.7018850224361,-87.9918186881706,231.820770263672,359.889880047735
41.7018884990448,-87.9918186969612,231.827728271484,359.889880047735
41.7018921110984,-87.9918187061878,231.834655761719,359.889880047735
41.7018957028625,-87.9918187165162,231.841613769531,359.889880047735
41.701899353301,-87.9918187267528,231.848693847656,359.889880047735
41.7019027756212,-87.9918187360483,231.85546875,359.89165589692
41.7019063514822,-87.9918187455963,231.862365722656,359.89165589692
41.7019101900079,-87.9918187554197,231.869506835937,359.889880047735
41.7019140614349,-87.9918187658169,231.876831054687,359.89165589692
41.7019178133191,-87.991818776306,231.88395690918,359.89165589692
41.7019219973113,-87.9918187879196,231.8916015625,359.889880047735
41.7019265514466,-87.9918188004514,231.900802612305,359.888104198551
41.7019313720849,-87.9918188127766,231.909729003906,359.889880047735
41.7019364992564,-87.9918188254231,231.918701171875,359.889880047735
41.7019419592823,-87.9918188408927,231.928283691406,359.89165589692
41.701947772452,-87.9918188576935,231.938491821289,359.889880047735
41.701953943152,-87.9918188734385,231.949432373047,359.889880047735
41.7019600200819,-87.9918188892294,231.959854125977,359.89165589692
41.7019666053411,-87.9918189067877,231.970794677734,359.89165589692
41.7019735234544,-87.9918189251492,231.982315063477,359.889880047735
41.7019810798582,-87.9918189455076,231.994903564453,359.888104198551
41.701988346727,-87.9918189638232,232.006729125977,359.888104198551
41.7019965770635,-87.9918189855816,232.019470214844,359.889880047735
41.7020049713587,-87.9918190069958,232.032440185547,359.888104198551
41.7020138268234,-87.9918190302231,232.046127319336,359.888104198551
41.702022938371,-87.9918190538177,232.060089111328,359.888104198551
41.7020317916398,-87.991819076586,232.072708129883,359.888104198551
41.7020416824039,-87.991819102361,232.086303710937,359.889880047735
41.702051397143,-87.9918191277229,232.099746704102,359.888104198551
41.7020618401021,-87.9918191549898,232.113952636719,359.889880047735
41.7020726707496,-87.9918191831518,232.12858581543,359.889880047735
41.7020838188954,-87.9918192124385,232.143661499023,359.889880047735
41.7020949758129,-87.9918192409218,232.157440185547,359.889880047735
41.7021067633415,-87.9918192716544,232.170913696289,359.888104198551
41.7021188502719,-87.9918193030067,232.184585571289,359.888104198551
41.7021312305721,-87.9918193350476,232.197860717773,359.889880047735
41.702143928918,-87.9918193676394,232.209365844727,359.888104198551
41.7021569261169,-87.9918194006672,232.220840454102,359.888104198551
41.7021702095563,-87.9918194348197,232.230911254883,359.889880047735
41.7021837902033,-87.9918194691328,232.240127563477,359.889880047735
41.702197618157,-87.9918195046853,232.247924804687,359.888104198551
41.7022117740259,-87.9918195408576,232.254837036133,359.888104198551
41.7022262106511,-87.9918195776954,232.26025390625,359.889880047735
41.7022404964746,-87.9918196147398,232.264343261719,359.889880047735
41.702255297203,-87.9918196533908,232.267272949219,359.888104198551
41.7022705623869,-87.9918196934649,232.268173217773,359.889880047735
41.702285914756,-87.9918197339521,232.268310546875,359.889880047735
41.7023017228066,-87.9918197754033,232.265426635742,359.889880047735
41.7023177655501,-87.991819818002,232.261688232422,359.888104198551
41.7023340841134,-87.9918198612205,232.256912231445,359.888104198551
41.7023506965919,-87.9918199048751,232.248672485352,359.888104198551
41.7023673803524,-87.9918199492641,232.239669799805,359.886355670124
41.7023844183471,-87.9918199947548,232.228469848633,359.886355670124
41.7024011136144,-87.9918200388225,232.21467590332,359.886355670124
41.7024182980114,-87.9918200847264,232.199737548828,359.888104198551
41.7024355975585,-87.9918201309974,232.181396484375,359.888104198551
41.7024522451055,-87.9918201754094,232.162063598633,359.886355670124
41.7024685214112,-87.9918202186738,232.142456054687,359.889880047735
41.702484606885,-87.991820261525,232.121398925781,359.889880047735
41.7025001769003,-87.9918203034353,232.100189208984,359.888104198551
41.7025152166519,-87.9918203435093,232.078002929688,359.889880047735
41.7025297053027,-87.9918203816095,232.056427001953,359.888104198551
41.702543368127,-87.9918204177818,232.035919189453,358.819152272688
41.7025567836403,-87.9918204530589,232.015914916992,358.172661207367
41.702568749848,-87.9918204857424,231.99609375,358.080317049789
41.7025812007993,-87.9918205184259,231.974014282227,358.066902558259
41.7025929564342,-87.9918205507193,231.952941894531,357.174251475252
41.7026040282684,-87.9918205796387,231.932678222656,355.559321547894
41.7026150129123,-87.9918206083745,231.912567138672,353.123676089867
41.702625426717,-87.9918206361464,231.893447875977,351.860664829305
41.7026355306998,-87.991821108474,231.872665405273,351.728978782107
41.7026452003841,-87.9918216883544,231.852203369141,351.720673272077
41.7026540744047,-87.9918221027285,231.83349609375,351.720454706023
41.7026626720535,-87.9918224936686,231.814971923828,351.72048202678
41.7026705754846,-87.9918232205332,231.7978515625,351.720427385267
41.7026784120155,-87.9918244852531,231.78092956543,352.566278012081
41.7026856826439,-87.9918263468837,231.765167236328,353.719323227006
41.7026924049174,-87.9918281187953,231.750274658203,355.439765916662
41.7026993514671,-87.9918295571236,231.733459472656,356.120763097669
41.7027061214459,-87.991830889896,231.716888427734,356.137620004541
41.7027126073767,-87.991832157462,231.701065063477,356.138275702701
41.7027185312441,-87.9918333072846,231.686630249023,356.796514693393
41.7027243794382,-87.9918344455853,231.672058105469,356.999453274013
41.702730003355,-87.9918351749057,231.658065795898,357.004234406432
41.7027351661058,-87.9918354986655,231.645202636719,357.004425651728
41.7027399148491,-87.9918353725217,231.633392333984,357.004371010215
41.7027449339305,-87.9918354344919,231.620971679687,357.004562255512
41.7027497139293,-87.9918358297011,231.609115600586,357.004562255512
41.7027542427817,-87.9918362376716,231.597885131836,357.004562255512
41.7027585237781,-87.9918363323713,231.585662841797,357.004562255512
41.7027626051734,-87.9918364938151,231.574356079102,357.004616897025
41.7027663548147,-87.9918367437386,231.564193725586,357.004616897025
41.7027700918436,-87.9918370056889,231.553894042969,357.004562255512
41.7027736512058,-87.991837256324,231.544158935547,357.004562255512
41.7027771381852,-87.9918375011751,231.534545898438,357.004616897025
41.7027803115062,-87.9918377237629,231.525985717773,357.004562255512
41.7027836613968,-87.9918379568856,231.516632080078,357.61321407283
41.7027869081969,-87.9918381842014,231.507537841797,357.786291066398
41.7027900409393,-87.9918384038284,231.498779296875,357.78973348174
41.7027933222853,-87.9918386333936,231.489486694336,357.78973348174
41.7027965109594,-87.9918388567158,231.480621337891,358.458463642997
41.7027997116971,-87.9918390807266,231.471710205078,358.669707733648
41.7028030983264,-87.9918393177511,231.462142944336,358.67413369623
41.7028065545964,-87.9918395597792,231.452514648437,358.674406903797
41.7028101945644,-87.9918395456867,231.442276000977,358.674270300013
41.702814065389,-87.9918396304022,231.431442260742,358.67413369623
41.7028181358137,-87.9918398294184,231.420013427734,358.674270300013
41.7028225615711,-87.9918400566195,231.407653808594,358.674270300013
41.7028268107584,-87.9918399954067,231.39518737793,358.67413369623
41.7028316307808,-87.9918400084434,231.380249023437,358.67396977169
41.7028368598742,-87.9918401581588,231.36393737793,358.67413369623
41.7028425605505,-87.9918403347739,231.346267700195,358.67396977169
41.7028486894899,-87.9918405259864,231.327301025391,358.67396977169
41.7028545228666,-87.9918407072377,231.309051513672,358.673833167906
41.7028613750821,-87.9918409197726,231.287384033203,358.673833167906
41.7028680918537,-87.991841128658,231.266143798828,358.673532639583
41.7028755582225,-87.9918413598757,231.242599487305,358.673532639583
41.7028830799741,-87.9918415933657,231.218856811523,358.673532639583
41.7028910113441,-87.9918418389742,231.193283081055,358.673532639583
41.7028997109547,-87.9918421080626,231.163452148437,358.673396035799
41.7029083178926,-87.9918423749017,231.133819580078,358.673095507476
41.7029177292621,-87.9918426670108,231.101425170898,358.673095507476
41.7029270380883,-87.9918429554477,231.068908691406,358.673095507476
41.7029369599708,-87.991843263233,231.0341796875,358.672931582936
41.7029470310034,-87.9918435755169,230.998916625977,358.672658375369
41.7029570790037,-87.991843886722,230.963409423828,358.672794979152
41.702967868374,-87.9918442211316,230.922882080078,358.672931582936
41.7029788562459,-87.9918445617382,230.881286621094,358.672931582936
41.702990549296,-87.9918449237589,230.83674621582,358.672658375369
41.7030026404471,-87.9918452992983,230.790328979492,358.672494450829
41.7030142347896,-87.9918456587254,230.745788574219,358.672193922506
41.703026940638,-87.9918460526264,230.696563720703,358.672931582936
41.7030398597926,-87.991846453367,230.645263671875,358.67544509255
41.7030530723123,-87.9918468633802,230.592697143555,358.685389847982
41.7030665315873,-87.9918472810823,230.538864135742,358.650719807755
41.7030802803886,-87.9918477069782,230.483840942383,358.624136711505
41.703093983674,-87.9918481327593,230.429077148437,358.62072161692
41.7031083882968,-87.9918485825023,230.371475219727,358.607170521607
41.703123296302,-87.9918490281369,230.310363769531,358.56632599037
41.7031385212503,-87.9918494862573,230.245880126953,358.541846592385
41.7031541481356,-87.9918498512159,230.167236328125,358.550179423172
41.7031699543277,-87.9918505591451,230.091339111328,358.567828631988
41.7031854490531,-87.9918511294545,230.061660766602,358.615776559961
41.7032012409804,-87.9918519282044,230.043472290039,358.636567655795
41.7032173843958,-87.9918528414845,230.020568847656,358.641758599564
41.7032331724768,-87.9918534560452,229.979034423828,358.649271807651
41.7032481950581,-87.9918542597987,229.95295715332,358.650419279431
41.7032628941099,-87.9918548042413,229.92643737793,358.643616411018
41.7032773124036,-87.9918552128545,229.8876953125,358.641184863674
41.7032913775572,-87.9918554840315,229.842422485352,358.638152259682
41.7033044798072,-87.9918556261039,229.828125,358.635556787798
41.7033171428271,-87.9918556435703,229.806747436523,358.634409316017
41.7033298798715,-87.9918558684074,229.759460449219,358.634409316017
41.7033421020142,-87.9918560881032,229.716949462891,358.634409316017
41.7033534489903,-87.9918565237766,229.676727294922,358.634409316017
41.7033643375452,-87.991856919376,229.641815185547,358.634573240557
41.7033747742592,-87.9918573632203,229.610321044922,358.634573240557
41.7033848594803,-87.9918577069254,229.583770751953,358.63470984434
41.7033945345355,-87.9918580261178,229.559371948242,358.63470984434
41.703403815327,-87.9918583474448,229.536148071289,358.63470984434
41.7034127172086,-87.9918586340914,229.513916015625,358.63470984434
41.7034212429224,-87.9918589055668,229.492599487305,358.63470984434
41.7034294056288,-87.9918591654744,229.472091674805,358.63470984434
41.7034372195849,-87.9918594150077,229.452331542969,358.634409316017
41.7034447045315,-87.9918596537995,229.433456420898,358.633698976343
41.7034518911761,-87.9918598834794,229.415252685547,358.633289164993
41.7034588162581,-87.9918601046901,229.397735595703,358.63356237256
41.7034655252905,-87.9918603187857,229.380752563477,358.634409316017
41.703472060496,-87.9918605278088,229.3642578125,358.634409316017
41.7034784690325,-87.9918607324482,229.348068237305,358.634573240557
41.7034847980581,-87.991860935458,229.332061767578,358.634409316017
41.7034910947305,-87.9918611367693,229.316162109375,358.634409316017
41.7034973672751,-87.9918613377134,229.300308227539,358.634409316017
41.7035037291996,-87.9918615405625,229.284240722656,358.63470984434
41.7035101865359,-87.9918617468315,229.267929077148,358.634409316017
41.7035167815067,-87.9918619577367,229.251220703125,358.634573240557
41.703523558528,-87.9918621744029,229.234130859375,358.634573240557
41.7035305559841,-87.9918623980924,229.216461181641,358.634409316017
41.7035378133558,-87.9918626299757,229.198104858398,358.634272712234
41.7035453684791,-87.9918628716135,229.179000854492,358.634409316017
41.7035532465777,-87.9918631233273,229.159057617187,358.634272712234
41.7035614651987,-87.9918633862186,229.138244628906,358.634272712234
41.7035700314704,-87.9918636602187,229.11653137207,358.63413610845
41.7035789503278,-87.9918639452587,229.093902587891,358.63413610845
41.7035882223191,-87.9918642413156,229.070373535156,358.63413610845
41.7035978436057,-87.9918645494222,229.045974731445,358.633999504667
41.7036078147359,-87.9918648682933,229.020660400391,358.634272712234
41.7036172172294,-87.9918651690783,228.996810913086,357.51841104715
41.7036278474685,-87.9918655086061,228.969833374023,355.491374826031
41.7036383521347,-87.9918658446453,228.943161010742,352.383092338541
41.7036496447723,-87.991866205702,228.914489746094,350.591205870167
41.7036612559969,-87.9918665773396,228.885040283203,350.311933095383
41.7036730185628,-87.9918669525806,228.855010986328,350.269585922529
41.7036846873594,-87.9918673263527,228.825149536133,350.263875884383
41.7036961121402,-87.9918676917933,228.795867919922,350.263028940926
41.7037071826877,-87.9918685091113,228.767578125,349.387999745977
41.7037178321041,-87.9918700076655,228.740295410156,348.930404392343
41.7037279622358,-87.9918723906032,228.714279174805,348.893603333095
41.7037376394327,-87.9918749408834,228.689529418945,348.89043412532
41.7037466377768,-87.9918770348334,228.666534423828,349.757021206455
41.7037555165806,-87.9918790801254,228.643859863281,351.146609532715
41.7037637269505,-87.9918809739232,228.62287902832,353.169301753523
41.7037719630917,-87.9918828730228,228.601837158203,354.041025136913
41.7037792681422,-87.9918849223314,228.58317565918,354.072607931635
41.7037867327602,-87.9918870614623,228.564056396484,354.074984837467
41.7037934477901,-87.9918888515862,228.546890258789,354.084082649441
41.7038002116219,-87.9918906329999,228.52961730957,354.090858197098
41.7038066080623,-87.9918919435778,228.513336181641,354.092743329309
41.703812963376,-87.9918927941073,228.497146606445,354.092606725525
41.7038187133169,-87.9918930302597,228.482513427734,354.092634046282
41.70382460144,-87.991893404881,228.467636108398,354.092634046282
41.7038302022301,-87.9918941331685,228.453414916992,354.092579404769
41.7038355606515,-87.9918948740452,228.43977355957,354.092579404769
41.7038406871228,-87.9918955858991,228.4267578125,354.092579404769
41.7038455882242,-87.9918962649433,228.414276123047,354.706558769639
41.703850175124,-87.9918969006084,228.402618408203,355.492740863865
41.7038546452262,-87.9918975197136,228.390716552734,355.640874006584
41.70385862785,-87.9918980710418,228.380264282227,355.642677176525
41.7038627354961,-87.9918986396872,228.36979675293,355.642813780308
41.7038666709618,-87.9918991847381,228.359924316406,356.26534454202
41.7038704090235,-87.9918997023155,228.350555419922,357.677718379352
41.7038739820334,-87.9919001967114,228.341583251953,358.195829209032
41.7038775802669,-87.9919004200221,228.332458496094,358.207686417431
41.7038809492924,-87.9919004340113,228.324081420898,358.208014266511
41.7038844724024,-87.991900676923,228.315078735352,358.207904983485
41.7038879028421,-87.9919010180001,228.306457519531,359.014441041437
41.7038914824311,-87.9919013851391,228.29736328125,0.135620929850861
41.7038951250795,-87.9919014808831,228.288177490234,0.386643028370964
41.7038987397621,-87.9919011168885,228.279159545898,0.393664382796458
41.7039025425265,-87.991900966278,228.269592285156,0.393664382796458
41.7039065092454,-87.9919011019697,228.259552001953,0.394657241505769
41.703910632242,-87.9919012759568,228.249130249023,1.32470803916969
41.7039151292088,-87.9919014653102,228.238342285156,1.7539044267303
41.703919895412,-87.991901313575,228.226638793945,1.78991008910514
41.7039248173444,-87.9919008625123,228.214233398438,1.79558650991395
41.7039302262056,-87.9919006430345,228.200576782227,1.79776512681577
41.7039360057465,-87.9919005742247,228.186050415039,1.80157103628735
41.7039419695302,-87.9919005017539,228.173233032227,1.79874461863143
41.7039484142106,-87.9919004347573,228.165908813477,1.78805035666019
41.7039549959762,-87.9918999835683,228.1591796875,1.77817262245988
41.7039618749432,-87.9918995134211,228.151809692383,1.77663113414158
41.7039694064379,-87.9918991537415,228.143859863281,1.77652099734121
41.7039774078618,-87.9918986896995,228.134063720703,1.77806259238122
41.7039857827063,-87.9918981884638,228.122909545898,1.77971272339602
41.7039945622269,-87.9918981285019,228.107788085937,1.77740198502244
41.7040035769854,-87.9918977339354,228.100280761719,1.77982275347468
41.7040128708492,-87.9918972136038,228.092926025391,1.78256945001637
41.7040222831537,-87.9918970482466,228.084686279297,1.78311831974921
41.7040323512746,-87.9918966588328,228.077575683594,1.783337846298
41.7040427632049,-87.991896271542,228.065002441406,1.783337846298
41.7040536209358,-87.9918957926271,228.031326293945,1.78344755621154
41.704064645361,-87.9918952304656,228.006729125977,1.783337846298
41.7040749843565,-87.9918948277397,227.996719360352,1.78344755621154
41.7040853096417,-87.9918943689651,227.992065429687,1.78344755621154
41.7040953766561,-87.9918939003901,227.98893737793,1.783337846298
41.7041052616194,-87.9918934901015,227.989715576172,1.783337846298
41.7041147364213,-87.9918930967055,227.9912109375,1.783337846298
41.7041236074974,-87.9918927279943,227.9921875,1.783337846298
41.7041325515018,-87.991892355978,227.992767333984,1.783337846298
41.7041408078842,-87.9918920119286,227.993118286133,1.783337846298
41.7041493186963,-87.991891657505,227.993316650391,1.78344755621154
41.7041576792615,-87.9918913086243,227.993469238281,1.78344755621154
41.704165905482,-87.991890965975,227.993576049805,1.783337846298
41.7041741218314,-87.9918906234404,227.99365234375,1.78322813638446
41.7041823387279,-87.9918902808256,227.993743896484,1.78311831974921
41.7041906033292,-87.9918899360876,227.993835449219,1.78300860983566
41.7041988893147,-87.9918895907645,227.993927001953,1.78300860983566
41.7042073880555,-87.9918892362376,227.99397277832,1.78289879320041
41.7042156427834,-87.9918888918898,227.994064331055,1.78278908328687
41.7042245390692,-87.9918885207916,227.994140625,1.78278908328687
41.7042333010103,-87.9918881557068,227.994216918945,1.78278908328687
41.7042427385062,-87.9918877619092,227.994247436523,1.78278908328687
41.7042521880642,-87.9918873680427,227.994293212891,1.78278908328687
41.7042621788331,-87.9918869514423,227.99430847168,1.78278908328687
41.7042725402787,-87.9918865191772,227.994354248047,1.78278908328687
41.7042824570185,-87.9918861059048,227.994369506836,1.78289879320041
41.704293029572,-87.9918856650672,227.994369506836,1.78289879320041
41.7043043100311,-87.9918851947248,227.994369506836,1.78289879320041
41.7043159046872,-87.9918847115065,227.994384765625,1.78311831974921
41.7043277981867,-87.991884215458,227.994369506836,1.78234992346758
41.704339696619,-87.9918837195013,227.994216918945,1.78870701531586
41.7043511711823,-87.9918832411603,227.993942260742,1.79874461863143
41.7043628371142,-87.9918827546942,227.993713378906,1.78476386173065
41.7043741592349,-87.9918822828026,227.993530273437,0.985760435216332
41.7043850788722,-87.9918818273331,227.993392944336,359.346278952072
41.7043955993166,-87.9918813888481,227.993301391602,356.511668484247
41.7044057019245,-87.9918809741527,227.993087768555,355.141833065066
41.7044156071286,-87.9918808739675,227.97200012207,355.04074626535
41.7044247271092,-87.9918799972958,227.937805175781,355.02000981103
41.7044338673771,-87.9918792463547,227.885925292969,354.990585356085
41.704443502794,-87.991878719126,227.736190795898,354.97318203408
41.7044525383265,-87.9918779380376,227.557159423828,354.963100674865
41.7044610885776,-87.9918783682141,227.403274536133,354.965969354316
41.7044687022647,-87.9918796953403,227.284057617187,354.974957883264
41.7044751962428,-87.9918815021732,227.220443725586,355.744911448021
41.7044810903375,-87.9918826215731,227.196395874023,356.843233187316
41.7044866428167,-87.991883455164,227.184448242187,357.08168875162
41.7044924881082,-87.9918844904221,227.171447753906,357.05510565537
41.7044983328508,-87.9918857527091,227.163604736328,357.055296900667
41.7045038529765,-87.9918867012089,227.161849975586,357.060569806706
41.7045095896954,-87.9918873789104,227.163604736328,357.064367391885
41.7045150834998,-87.9918881347632,227.16096496582,357.066635014689
41.7045202790076,-87.991888382644,227.156387329102,357.071498109378
41.7045250676478,-87.9918881359911,227.160705566406,357.076525128607
41.7045297296215,-87.9918882656465,227.171112060547,357.080951091189
41.7045340943954,-87.991888562369,227.180770874023,357.085786865122
41.7045380654621,-87.9918888458368,227.188705444336,357.090486035271
41.7045420304968,-87.9918892315439,227.195755004883,357.093245431695
41.704545858995,-87.9918893651585,227.199401855469,357.092425808995
41.7045495460217,-87.9918894661011,227.203567504883,357.092562412778
41.7045532220814,-87.9918896826296,227.213760375977,357.092425808995
41.7045568592089,-87.9918899373271,227.225814819336,357.092425808995
41.7045601470448,-87.9918901685562,227.236907958984,357.830031597843
41.7045637430465,-87.9918904196618,227.248458862305,358.919009638353
41.7045673204046,-87.9918906677262,227.259841918945,359.144542484747
41.7045709657564,-87.9918908788035,227.271011352539,359.148913805816
41.704574658265,-87.9918910570138,227.281387329102,359.148667919006
41.7045784867613,-87.9918913205363,227.292938232422,359.148913805816
41.7045825680412,-87.991891603304,227.30615234375,359.148667919006
41.7045868845578,-87.9918919009102,227.320327758789,359.148667919006
41.7045914149259,-87.9918918895489,227.335952758789,359.148449352952
41.7045961712088,-87.9918915808111,227.351669311523,359.148449352952
41.7046012844594,-87.9918915216755,227.368118286133,359.148449352952
41.7046066894253,-87.9918916172703,227.385528564453,359.148449352952
41.7046120773922,-87.9918917257066,227.402893066406,359.148667919006
41.7046182023246,-87.9918918490618,227.422653198242,359.148667919006
41.7046245334313,-87.9918919768351,227.443099975586,359.148449352952
41.7046312763389,-87.9918921115515,227.464859008789,359.148203466142
41.704638040631,-87.9918922465547,227.486694335937,359.148449352952
41.7046455402429,-87.9918923966947,227.510879516602,359.148449352952
41.7046530601425,-87.9918925465937,227.535171508789,359.148449352952
41.7046611914372,-87.9918927089442,227.561447143555,359.147984900089
41.704669696697,-87.9918928788114,227.588882446289,359.148203466142
41.7046783982603,-87.9918930521443,227.616973876953,359.147984900089
41.7046872369067,-87.991893228484,227.645523071289,359.147984900089
41.7046967143646,-87.9918934173783,227.676132202148,0.314035316048952
41.7047065136948,-87.9918936128369,227.707748413086,1.15233017949614
41.704716578967,-87.9918938135056,227.740249633789,1.34784594531334
41.7047270083331,-87.9918940213123,227.773895263672,1.39296959006503
41.7047368553641,-87.9918942178037,227.805679321289,1.40416330961933
41.7047478769304,-87.9918944374307,227.841278076172,1.40708695074921
41.7047590416108,-87.9918946604201,227.877304077148,1.40764318427974
41.7047699759879,-87.9918948786585,227.912612915039,1.40764318427974
41.7047817800245,-87.9918946305597,227.950698852539,1.4079211943233
41.7047935928324,-87.9918941853153,227.989288330078,1.4079211943233
41.7048059090106,-87.9918938179927,228.030303955078,1.4079211943233
41.704818335402,-87.9918934330889,228.07177734375,1.4079211943233
41.7048312256831,-87.9918930167984,228.114929199219,1.4079211943233
41.7048445025384,-87.9918925794838,228.159469604492,1.40806014598423
41.7048577492325,-87.991892141871,228.203842163086,1.4079211943233
41.7048713095717,-87.9918916920935,228.25,1.40819909764516
41.7048853524433,-87.9918912275122,228.299697875977,0.29074015547183
41.7048984669801,-87.9918907934798,228.346298217773,358.241646117985
41.7049124922991,-87.9918903301837,228.396484375,357.330471561948
41.7049252591859,-87.9918899085798,228.44221496582,357.17722943773
41.7049386073053,-87.9918894680864,228.489929199219,357.148105511109
41.704951495369,-87.9918890420184,228.536727905273,357.14406203912
41.7049634759361,-87.9918886448697,228.581192016602,357.1435702655
41.7049752580038,-87.9918882544804,228.625289916992,357.14398007685
41.7049866874902,-87.9918883383353,228.668960571289,357.144253284417
41.7049975998953,-87.9918891366606,228.710693359375,357.14447185047
41.7050080292158,-87.9918899441323,228.75065612793,358.09034376749
41.7050171984626,-87.9918905519222,228.78662109375,358.489117531992
41.7050267285119,-87.9918911850281,228.82421875,358.51168447701
41.7050353560018,-87.9918917638642,228.858093261719,358.512859269547
41.7050439341405,-87.9918923408641,228.89192199707,358.513924779058
41.7050520259058,-87.9918928864544,228.924255371094,358.520399798391
41.705059473926,-87.9918933842128,228.954345703125,358.526628930914
41.7050670063888,-87.9918938871698,228.984756469727,358.52477111946
41.7050741034736,-87.9918939630833,229.013534545898,358.520126590824
41.7050808084991,-87.9918940171121,229.041290283203,358.518787873747
41.7050870978869,-87.9918942122264,229.067459106445,358.51892447753
41.7050929398338,-87.9918944127344,229.091674804687,358.519061081314
41.7050987779419,-87.9918946150212,229.115859985352,358.519061081314
41.7051042196043,-87.9918948032041,229.138473510742,358.518787873747
41.7051092883995,-87.9918949789125,229.159591674805,358.519061081314
41.7051141268942,-87.9918951473911,229.179763793945,358.519061081314
41.7051188973952,-87.9918953133909,229.199630737305,358.519061081314
41.7051233569907,-87.9918954685689,229.218185424805,358.519197685097
41.705127627411,-87.9918956167809,229.236053466797,358.518787873747
41.7051316784977,-87.991895756868,229.253479003906,358.51892447753
41.7051353572658,-87.9918958845611,229.269470214844,358.51892447753
41.7051387530937,-87.9918960022241,229.284194946289,358.518787873747
41.7051422585882,-87.9918961234562,229.29914855957,358.51892447753
41.7051457668241,-87.9918962453194,229.314147949219,358.519061081314
41.7051491418148,-87.9918963618463,229.328765869141,358.518787873747
41.7051524723904,-87.9918964771453,229.343200683594,358.518787873747
41.7051559225024,-87.9918965969085,229.358016967773,358.51867859072
41.7051594181259,-87.991896717957,229.373107910156,359.357453141555
41.7051629927091,-87.9918968416104,229.388549804687,359.603859046052
41.7051664521422,-87.9918969612015,229.40348815918,359.610853159762
41.7051702005466,-87.991897091052,229.418762207031,359.610853159762
41.7051741008391,-87.991897226147,229.434539794922,359.611344933382
41.7051783361627,-87.9918973727639,229.451583862305,359.611344933382
41.7051825742277,-87.9918975196792,229.469375610352,0.607485028908868
41.7051872460237,-87.9918976818345,229.488723754883,1.05739919449113
41.7051923197473,-87.9918974942714,229.50910949707,1.09575124028928
41.7051976824418,-87.9918973888761,229.530563354492,1.09878299050712
41.7052032408907,-87.9918974238663,229.552627563477,1.09878299050712
41.7052092363602,-87.9918974792608,229.575698852539,1.09842675345322
41.7052156946219,-87.9918975388555,229.59748840332,1.09807040967762
41.7052222263595,-87.9918975990355,229.619140625,1.09807040967762
41.7052293815505,-87.9918972394247,229.642990112305,1.09771395918031
41.7052367281087,-87.9918968669953,229.667495727539,1.09735729523958
41.7052442490357,-87.9918966482405,229.691772460937,1.09664386063643
41.7052520134214,-87.9918964483636,229.715286254883,1.09646531522266
41.7052603826167,-87.9918962321106,229.736831665039,1.09575124028928
41.70526911371,-87.9918960061145,229.759017944336,1.09539404274003
41.7052780032701,-87.9918957799806,229.781768798828,1.09503673846907
41.7052873172379,-87.9918955415331,229.804702758789,1.09450046189752
41.7052970791916,-87.9918952956261,229.825088500977,1.09414283746145
41.7053072299111,-87.9918950347316,229.84309387207,1.09360613400307
41.7053177024996,-87.9918947668482,229.861755371094,1.09324818940188
41.7053278669241,-87.9918945077324,229.879135131836,1.09324818940188
41.7053389339007,-87.9918942293945,229.893981933594,1.09253208675609
41.7053492430813,-87.9918939656424,229.904403686523,1.09199452952407
41.7053604087539,-87.9918936822435,229.915618896484,1.09163615803605
41.7053721008226,-87.9918933845915,229.926452636719,1.09145686557034
41.7053837769875,-87.9918930901871,229.931289672852,1.09109817391721
41.7053956510978,-87.9918927860167,229.93408203125,1.09127757310463
41.7054082133613,-87.9918924683621,229.936630249023,0.059347026780458
41.7054213354681,-87.9918921382675,229.935028076172,359.337071857071
41.7054339404964,-87.9918918171356,229.928405761719,359.192299167424
41.7054466491566,-87.9918914961415,229.921188354492,359.16467788242
41.7054593528794,-87.9918911768917,229.911163330078,359.160716372702
41.7054717796929,-87.9918908613601,229.895370483398,359.159787466974
41.7054834344548,-87.9918905666344,229.879974365234,359.159323014111
41.7054950223184,-87.9918902729416,229.863906860352,359.159323014111
41.7055060815896,-87.9918904206143,229.84309387207,359.159323014111
41.7055164154183,-87.9918907243715,229.821746826172,359.159541580164
41.7055265935196,-87.9918909207367,229.800811767578,359.159323014111
41.7055365621573,-87.9918911113639,229.779296875,359.159323014111
41.705545771905,-87.9918912931432,229.756988525391,359.159541580164
41.7055547557396,-87.9918914721108,229.734878540039,359.159541580164
41.7055633584838,-87.9918916438486,229.713836669922,358.309292311524
41.7055715850728,-87.9918918071171,229.69352722168,357.99398345868
41.7055792441397,-87.9918919587261,229.67448425293,357.980268438827
41.7055869914867,-87.9918921113564,229.6552734375,357.970105117342
41.7055944284784,-87.9918922578241,229.636932373047,357.968192664374
41.7056006690147,-87.991892380789,229.621551513672,357.970023155072
41.7056075170991,-87.9918925160218,229.604721069336,357.192583702984
41.7056137000596,-87.9918926377014,229.58952331543,356.984235612542
41.7056197580004,-87.9918931159966,229.574508666992,356.981312291577
41.7056256843416,-87.9918935625836,229.559097290039,356.981257650064
41.7056313875123,-87.9918938497352,229.544189453125,356.981175687794
41.7056368910908,-87.9918941121216,229.529861450195,356.981257650064
41.7056420684131,-87.9918943567547,229.51643371582,356.981257650064
41.7056468564215,-87.991894582659,229.503997802734,356.981257650064
41.705651658686,-87.9918951468632,229.491317749023,356.981312291577
41.7056559877423,-87.9918955892845,229.479873657227,356.981312291577
41.7056603825979,-87.9918959116558,229.467529296875,356.981312291577
41.7056644698407,-87.9918962001386,229.456695556641,356.981257650064
41.7056683404934,-87.9918964722222,229.446701049805,356.981312291577
41.7056720603555,-87.9918967343561,229.437042236328,356.981257650064
41.7056757522525,-87.991896994367,229.427337646484,356.98136693309
41.7056791436653,-87.9918972334342,229.418548583984,356.981312291577
41.7056824758584,-87.9918974682669,229.409759521484,356.98136693309
41.705685615588,-87.9918976896956,229.40153503418,356.98136693309
41.7056885595642,-87.9918978972498,229.393859863281,356.981503536874
41.7056914827037,-87.9918981033696,229.386169433594,356.981585499144
41.7056943011123,-87.9918983021218,229.37873840332,356.981640140657
41.7056969215743,-87.9918984869881,229.371948242188,356.981640140657
41.7056996171571,-87.9918986750791,229.36442565918,356.981694782171
41.7057022781951,-87.9918988631931,229.356689453125,356.981776744441
41.7057047451248,-87.9918990368129,229.349609375,356.981694782171
41.7057073979377,-87.9918992244219,229.341796875,356.981694782171
41.7057100885851,-87.9918994141655,229.333999633789,356.981694782171
41.7057127638792,-87.99189960275,229.326324462891,356.981640140657
41.7057154600097,-87.9918997928723,229.318588256836,356.981694782171
41.7057183184453,-87.9918999941377,229.310302734375,356.981503536874
41.7057213704406,-87.991900209794,229.301483154297,356.981585499144
41.7057244021476,-87.9919004236026,229.292831420898,356.981448895361
41.7057277782047,-87.9919006604321,229.282867431641,356.981448895361
41.7057311778396,-87.9919009000961,229.272872924805,356.98136693309
41.7057350748081,-87.9919011747503,229.261184692383,356.981448895361
41.7057391642394,-87.9919014630035,229.249130249023,356.981585499144
41.7057436396935,-87.9919017787761,229.23664855957,356.981448895361
41.7057484392092,-87.9919021178679,229.222534179687,356.981503536874
41.7057535721079,-87.9919024798542,229.207168579102,356.981585499144
41.7057591266704,-87.9919028723895,229.190582275391,356.981694782171
41.7057650091326,-87.9919032867979,229.173034667969,356.981640140657
41.7057710862506,-87.991903715953,229.15495300293,356.981312291577
41.7057776003853,-87.9919041751981,229.13542175293,356.978716819692
41.7057837734594,-87.99190460946,229.115966796875,356.976449196888
41.7057901729924,-87.9919050608555,229.094879150391,356.97989161223
41.7057961119294,-87.9919054796478,229.075271606445,356.981066404767
41.7058021566932,-87.9919059065881,229.055480957031,356.981776744441
41.7058079042628,-87.9919063110239,229.036697387695,356.981831385954
41.7058136172872,-87.9919067135433,229.017791748047,356.981831385954
41.7058193259246,-87.9919071161086,228.998825073242,356.981694782171
41.7058250071451,-87.9919075174919,228.979949951172,356.981694782171
41.7058306568362,-87.9919079164423,228.96125793457,356.981776744441
41.705835703641,-87.9919082722545,228.944564819336,356.981776744441
41.7058410687494,-87.9919086506284,228.926864624023,356.981776744441
41.7058468080906,-87.9919090554315,228.907928466797,356.981694782171
41.7058524067855,-87.9919094501473,228.889434814453,356.981694782171
41.7058582837558,-87.9919098650607,228.870071411133,356.981640140657
41.7058643205629,-87.9919102888565,228.849304199219,356.981640140657
41.705870619744,-87.99191073285,228.826675415039,356.981776744441
41.7058771382552,-87.991911192887,228.803192138672,356.981776744441
41.7058838771932,-87.9919116679803,228.778915405273,356.981640140657
41.705890952529,-87.9919121662322,228.753341674805,356.981175687794
41.7058976454061,-87.991912638514,228.728652954102,356.979099310286
41.7059044057266,-87.9919131151566,228.703674316406,356.970493271932
41.7059109437,-87.9919135761345,228.679550170898,356.967406026427
41.705917055623,-87.9919140077914,228.657104492187,356.966367837673
41.7059231436931,-87.9919144372219,228.634780883789,356.965329648919
41.7059287931015,-87.9919148351624,228.614120483398,356.964182177139
41.705934593025,-87.991915244487,228.592880249023,356.96721478113
41.7059400984967,-87.9919156327303,228.572830200195,356.965029120596
41.7059452332992,-87.9919159942117,228.553588867187,356.96721478113
41.7059504709126,-87.9919163651492,228.533554077148,356.970110781338
41.7059555020807,-87.9919167214664,228.51432800293,356.976066706295
41.7059604323563,-87.9919170687405,228.495361328125,356.977951838506
41.7059653878546,-87.9919174189524,228.476135253906,356.977951838506
41.7059704557594,-87.9919177777025,228.456436157227,356.977760593209
41.705975197958,-87.9919181139367,228.437911987305,356.977623989425
41.7059803470143,-87.991918478574,228.417846679688,356.977350781859
41.7059855015534,-87.9919188417882,228.397430419922,356.977350781859
41.7059907405343,-87.9919192131618,228.376495361328,356.977296140345
41.7059961174187,-87.9919195948064,228.354949951172,356.977241498832
41.7060018361839,-87.9919200006423,228.33203125,356.977350781859
41.7060076843535,-87.9919204136737,228.308532714844,356.977350781859
41.7060138878376,-87.9919208521817,228.28337097168,356.977350781859
41.7060203125706,-87.9919213090398,228.257186889648,356.977350781859
41.7060270937147,-87.9919217889531,228.229370117187,356.977159536562
41.706033723246,-87.9919222576658,228.202102661133,356.975602253431
41.7060405529154,-87.9919227403792,228.173980712891,356.976722404455
41.7060467319959,-87.9919231776823,228.148574829102,356.974181574084
41.7060528395193,-87.9919236090407,228.123489379883,356.973334630627
41.7060587046824,-87.9919240241263,228.09944152832,356.973279989113
41.7060643033587,-87.9919244194732,228.076538085937,356.9732253476
41.7060698927131,-87.9919248143267,228.053649902344,356.973279989113
41.7060750933043,-87.9919251819591,228.032379150391,356.97314338533
41.7060802867669,-87.9919255493276,228.011169433594,356.973034102303
41.7060849554819,-87.9919258793878,227.992080688477,356.973279989113
41.7060897533271,-87.9919262188009,227.972534179687,356.973334630627
41.7060942846859,-87.991926539577,227.954040527344,356.973935687274
41.7060988141253,-87.9919268600088,227.935562133789,356.974891913757
41.7061030452756,-87.9919271597495,227.91828918457,356.974263536354
41.7061075719727,-87.9919274802502,227.899841308594,356.972132517333
41.7061120627542,-87.9919277983065,227.88151550293,356.971913951279
41.7061162862271,-87.9919280970946,227.864288330078,356.971995913549
41.7061208554185,-87.9919284200512,227.845703125,356.971913951279
41.7061251976031,-87.9919287275725,227.828018188477,356.971913951279
41.7061294613769,-87.9919290292756,227.810653686523,356.971859309766
41.7061345333812,-87.9919293885191,227.7900390625,356.971859309766
41.7061395036708,-87.9919297403607,227.769805908203,356.971722705982
41.7061448207754,-87.9919301170477,227.748138427734,356.971722705982
41.7061506999123,-87.9919305332349,227.724182128906,356.971668064469
41.7061568123608,-87.9919309660968,227.69921875,356.971613422956
41.7061631095941,-87.9919314120871,227.67350769043,356.971531460686
41.7061698438413,-87.9919318888445,227.64599609375,356.971476819172
41.7061772144183,-87.9919324109664,227.615905761719,356.971394856902
41.7061846984976,-87.9919329409148,227.585311889648,356.971394856902
41.706192760784,-87.9919335116604,227.552337646484,356.971340215389
41.7062008348583,-87.9919340834158,227.519332885742,356.971285573876
41.7062093670564,-87.9919346876596,227.484451293945,356.971094328579
41.7062181553208,-87.9919353101158,227.448532104492,356.971094328579
41.7062273789531,-87.9919359630178,227.410827636719,356.971012366309
41.706237088125,-87.9919366508525,227.371170043945,356.970766479499
41.7062468417096,-87.9919373414071,227.331268310547,356.970766479499
41.7062568239437,-87.9919380484067,227.290466308594,356.970493271932
41.7062673364052,-87.9919387929328,227.247482299805,356.970438630418
41.7062782006146,-87.9919395627289,227.203231811523,356.970247385122
41.7062890467274,-87.9919403313774,227.162063598633,356.970110781338
41.7063006777633,-87.9919411555925,227.118835449219,356.969782932258
41.7063129072919,-87.9919420229457,227.073699951172,356.969728290745
41.7063249015876,-87.991942874554,227.035736083984,356.969482403935
41.7063376991742,-87.9919437812698,226.998641967773,356.969263837881
41.7063495999762,-87.9919446259006,226.96467590332,356.969072592584
41.7063630122278,-87.9919455785547,226.93408203125,356.968881347288
41.7063760661478,-87.9919465033337,226.907638549805,356.968635460478
41.7063887025174,-87.9919474015114,226.882995605469,356.968307611397
41.7064029619191,-87.9919484138634,226.864120483398,356.967979762317
41.7064170206317,-87.9919494113311,226.847671508789,356.967733875507
41.7064314741331,-87.9919504377527,226.83479309082,356.96746066794
41.7064461911002,-87.991951481962,226.829559326172,356.96713281886
41.7064611663234,-87.9919525449575,226.825210571289,356.96688693205
41.7064767858214,-87.9919536552339,226.830291748047,358.005321572702
41.7064917391047,-87.9919547170703,226.838241577148,359.056870176561
41.7065072579783,-87.9919558201054,226.851776123047,359.462965903853
41.7065226257855,-87.991956911217,226.872482299805,359.615907499748
41.7065382998265,-87.9919580260838,226.895812988281,359.676149768227
41.7065542164958,-87.9919591560644,226.929351806641,359.700000788809
41.7065706247311,-87.9919603225731,226.966186523437,359.709262525324
41.706587085875,-87.9919614918819,227.008529663086,359.712650299152
41.7066030524294,-87.9919622078213,227.051452636719,359.713333318069
41.7066199248056,-87.9919626618792,227.097442626953,359.713333318069
41.7066374436472,-87.9919631023611,227.144958496094,359.713333318069
41.7066548084059,-87.9919634288293,227.191436767578,358.609711351978
41.7066725271007,-87.9919636687802,227.236602783203,357.460327118448
41.7066907529866,-87.9919638553793,227.281433105469,356.931779759716
41.7067096379478,-87.9919640127492,227.323303222656,356.709798611691
41.7067287833553,-87.9919641567266,227.362670898437,356.610159812079
41.7067481398601,-87.9919642917528,227.398330688477,356.568085846791
41.7067664112351,-87.9919644173916,227.428161621094,356.548852034089
41.7067857721152,-87.9919645477241,227.456924438477,356.540683127841
41.7068045213395,-87.9919651181942,227.482177734375,356.537186070986
41.7068230964671,-87.9919660271364,227.50651550293,356.535191655749
41.7068429987948,-87.99196708312,227.532501220703,356.534126146238
41.7068625293564,-87.9919682880731,227.558288574219,357.538683048607
41.7068829262551,-87.9919697000641,227.585510253906,358.649545015218
41.7069025993673,-87.9919711613099,227.611846923828,359.127111841985
41.7069229203113,-87.9919727326618,227.639190673828,359.342699932947
41.7069427864191,-87.9919743045589,227.66584777832,359.44258461937
41.7069629516281,-87.9919759203055,227.692840576172,359.489111867996
41.7069821400031,-87.9919774676899,227.718505859375,0.571982345933376
41.7070009516784,-87.9919789898616,227.743728637695,2.81695848424567
41.7070190554706,-87.9919800555998,227.767944335937,4.22076448959404
41.7070376160058,-87.991980824168,227.792846679687,4.72132087933395
41.7070552995028,-87.9919814951331,227.816619873047,4.88904257770596
41.7070724911548,-87.991982011276,227.83984375,4.94078168755563
41.707089157789,-87.9919823912164,227.862686157227,4.96005477384611
41.7071055135234,-87.9919826783679,227.885223388672,4.96597612096969
41.7071210174443,-87.9919824720072,227.907150268555,4.96794833809253
41.7071359088922,-87.9919814620594,227.928466796875,4.96853957634256
41.7071500540784,-87.9919802297246,227.949234008789,4.96861855040484
41.7071641721199,-87.991978925711,227.970169067383,4.00819406158443
41.7071780250475,-87.9919774948478,227.991165161133,2.11155426256991
41.7071901343281,-87.9919761547537,228.009658813477,359.337071857071
41.7072029015852,-87.9919746898586,228.029541015625,357.73541981746
41.7072142434934,-87.9919733725844,228.047424316406,357.493139347221
41.7072258653147,-87.991972011891,228.065872192383,357.464725760274
41.7072369728141,-87.991970714172,228.083862304688,357.461419948716
41.7072472841579,-87.9919695086451,228.100601196289,357.461092099636
41.707257012915,-87.9919687669421,228.116424560547,357.461256024176
41.7072668724439,-87.9919686778887,228.132965087891,357.461337986446
41.7072758656335,-87.991969422013,228.148315429687,357.461337986446
41.7072842600619,-87.991970313856,228.162689208984,358.277299705452
41.7072926237835,-87.9919708769413,228.177062988281,359.557659646506
41.7073003048522,-87.9919713483222,228.190322875977,359.864389781753
41.7073075445265,-87.9919717874327,228.202789306641,359.925998088066
41.7073147279978,-87.9919722212011,228.21516418457,359.895344199071
41.7073214563671,-87.9919726251894,228.22673034668,359.918457559223
41.707327831347,-87.9919730066332,228.237716674805,359.940669334404
41.7073337750768,-87.9919733614126,228.247909545898,359.940669334404
41.7073397125005,-87.9919733719188,228.258102416992,359.934412881124
41.707345519699,-87.9919729789589,228.268249511719,0.019782340592626
41.70735041834,-87.9919742136405,228.312957763672,0.027976454840372
41.7073550570796,-87.9919731714166,228.383255004883,0.019782340592626
41.707359969976,-87.9919726835619,228.412689208984,0.019782340592626
41.7073648255732,-87.9919726952043,228.41943359375,0.019782340592626
41.7073693140736,-87.9919727355767,228.424255371094,0
41.7073736904436,-87.9919727628207,228.429626464844,0
41.7073784912083,-87.9919740236847,228.447326660156,0
41.7073830646965,-87.9919729055415,228.47428894043,0
41.7073871614253,-87.9919726631232,228.487396240234,0
41.7073906396556,-87.9919726642823,228.493835449219,0
41.7073942958136,-87.9919726914689,228.49919128418,0.019782340592626
41.7073979599219,-87.9919727128601,228.504821777344,0.019782340592626
41.7074016347222,-87.9919727253115,228.510925292969,0.027976454840372
41.7074054230232,-87.9919727322315,228.517578125,0.034264020832393
41.7074092587531,-87.9919727367243,228.524520874023,0.034264020832393
41.7074132636377,-87.9919727387613,228.531875610352,0.039564681185252
41.7074171605042,-87.9919727396851,228.539199829102,359.086376593775
41.7074214326912,-87.9919727400294,228.547027587891,358.489117531992
41.7074257791744,-87.9919727399491,228.556015014648,358.446442510058
41.7074308250315,-87.9919727381588,228.529968261719,358.443683113634
41.7074359912431,-87.9919726456167,228.477157592773,358.44330062304
41.7074412103665,-87.9919726406935,228.474212646484,358.443191340013
41.7074466737632,-87.9919726460527,228.482345581055,358.443191340013
41.7074522276311,-87.9919726479578,228.492553710937,358.44330062304
41.7074582228909,-87.9919730214372,228.502380371094,358.442918132446
41.7074637263131,-87.9919733641611,228.498199462891,358.442918132446
41.7074701158091,-87.9919736011627,228.502059936523,358.443191340013
41.7074770053663,-87.9919738493189,228.513763427734,358.443191340013
41.7074840964278,-87.9919741055944,228.527359008789,358.442918132446
41.7074919403226,-87.9919743905941,228.542587280273,358.44305473623
41.7074996164326,-87.9919746694428,228.55744934082,358.442672245636
41.7075076914394,-87.9919749632676,228.572967529297,358.442672245636
41.7075166906268,-87.991975291331,228.590209960937,358.442672245636
41.7075256396423,-87.9919756170475,228.607376098633,358.442672245636
41.7075353028339,-87.9919759696636,228.625839233398,358.442289755043
41.7075447335395,-87.9919763134032,228.643844604492,358.442043868233
41.7075542283964,-87.9919766592255,228.661987304688,358.442043868233
41.7075640695111,-87.9919770180674,228.680801391602,358.441934585206
41.7075746401542,-87.9919774031319,228.700988769531,358.441552094613
41.7075852579504,-87.9919777914039,228.722717285156,358.441552094613
41.7075960262565,-87.9919781840137,228.74577331543,358.441661377639
41.7076070802315,-87.9919785891726,228.77018737793,358.441661377639
41.7076182005504,-87.9919789956455,228.79866027832,358.441552094613
41.7076297836427,-87.9919794183855,228.829055786133,358.441552094613
41.7076416776257,-87.9919798547303,228.862335205078,358.441552094613
41.7076539499417,-87.9919803024191,228.898132324219,358.441415490829
41.7076659311019,-87.9919807399918,228.933120727539,358.441552094613
41.7076789071712,-87.9919812139261,228.971282958984,358.441306207802
41.7076916918772,-87.9919816802059,229.008758544922,358.441169604019
41.7077052008999,-87.9919821732018,229.048202514648,358.441306207802
41.7077181613344,-87.9919826464475,229.085952758789,358.441415490829
41.7077314995527,-87.9919831328906,229.124786376953,358.441415490829
41.7077453493424,-87.9919836385388,229.1650390625,358.441415490829
41.707759484525,-87.9919841547104,229.206130981445,358.441661377639
41.7077737713123,-87.9919846759486,229.247650146484,358.441661377639
41.7077877189664,-87.991985185269,229.288162231445,358.441934585206
41.7078027034726,-87.9919857322822,229.33154296875,358.442180472016
41.7078170881238,-87.9919862574567,229.373123168945,359.420536768729
41.7078311476237,-87.9919867707192,229.413711547852,0.171320167527975
41.7078458267111,-87.9919873066409,229.456161499023,0.335134597488341
41.7078587462682,-87.9919877780734,229.493545532227,0.369565260929258
41.7078710399268,-87.9919882268926,229.529174804687,0.376904886161819
41.7078837681187,-87.9919886912961,229.56608581543,0.377941767574765
41.7078951768006,-87.9919891083268,229.599182128906,0.377941767574765
41.7079066803381,-87.9919895269126,229.632141113281,0.377423687054049
41.7079178214409,-87.9919895351408,229.662521362305,0.377941767574765
41.7079287566516,-87.9919893644129,229.691925048828,0.378459154404393
41.7079393116079,-87.9919892884421,229.717041015625,0.378459154404393
41.7079492192833,-87.9919892124253,229.739624023437,0.377941767574765
41.7079591305212,-87.9919891274458,229.760894775391,0.378459154404393
41.7079684561635,-87.9919890429196,229.778701782227,0.378459154404393
41.7079771405569,-87.9919889632362,229.79328918457,0.377941767574765
41.7079851401113,-87.9919888908344,229.806167602539,0.377941767574765
41.7079930664654,-87.9919888198039,229.818313598633,0.377941767574765
41.7080004393008,-87.991988753622,229.82763671875,0.378459154404393
41.7080074721839,-87.9919886897755,229.8359375,0.377423687054049
41.708014481489,-87.9919886277766,229.844314575195,0.377423687054049
41.7080210222635,-87.9919885705575,229.850738525391,0.377423687054049
41.7080275493296,-87.9919885124604,229.856460571289,0.377941767574765
41.7080336251371,-87.9919884600727,229.860794067383,0.377941767574765
41.7080396326797,-87.9919884072947,229.864227294922,0.377423687054049
41.7080454691494,-87.9919883560029,229.867477416992,0.376904886161819
41.7080514073298,-87.99198830342,229.870666503906,0.377423687054049
41.70805726436,-87.9919882533217,229.873718261719,0.376904886161819
41.7080631493535,-87.9919882026668,229.874664306641,0.376385391578501
41.7080693137094,-87.9919881481675,229.875061035156,0.376385391578501
41.7080749977468,-87.9919880980233,229.875457763672,0.376904886161819
41.7080813235783,-87.9919880419345,229.876113891602,0.376385391578501
41.7080873294715,-87.9919879920255,229.875854492187,0.375865149943243
41.7080931960938,-87.9919879407567,229.87370300293,0.376385391578501
41.7080994596906,-87.9919878855917,229.871170043945,0.376385391578501
41.7081062019597,-87.9919878260774,229.868530273438,0.375344187936471
41.7081132367503,-87.9919877658113,229.865676879883,0.375865149943243
41.7081204261629,-87.9919877042084,229.86003112793,0.375865149943243
41.7081277882917,-87.991987639484,229.853530883789,0.375865149943243
41.7081355372507,-87.9919875718274,229.846786499023,0.375865149943243
41.7081435356887,-87.9919875035225,229.839431762695,0.375344187936471
41.7081516418682,-87.991987433083,229.830261230469,0.376385391578501
41.7081606335633,-87.9919873537095,229.819900512695,0.376385391578501
41.7081695606939,-87.9919872758738,229.809722900391,0.375865149943243
41.7081789045368,-87.9919871942109,229.798782348633,0.376385391578501
41.7081881866938,-87.9919871130586,229.78776550293,0.376385391578501
41.7081977661691,-87.9919870289455,229.776336669922,0.376385391578501
41.7082069235835,-87.9919869486712,229.76545715332,0.376385391578501
41.7082159074575,-87.9919868699231,229.754852294922,0.376385391578501
41.7082245246499,-87.9919867942104,229.744766235352,0.375865149943243
41.7082326903105,-87.9919867226865,229.735229492187,0.375865149943243
41.7082410415719,-87.9919866494756,229.725509643555,0.376385391578501
41.7082487233497,-87.991986582083,229.716613769531,0.376385391578501
41.7082561139757,-87.9919865170373,229.708068847656,0.375865149943243
41.7082633379156,-87.9919864536957,229.699722290039,0.376385391578501
41.7082706590421,-87.9919863895737,229.691467285156,0.375865149943243
41.7082769792343,-87.991986334317,229.68440246582,0.375865149943243
41.7082837739851,-87.9919862749748,229.676849365234,0.375865149943243
41.7082897762953,-87.991986222587,229.670166015625,0.376385391578501
41.7082961757158,-87.9919861656777,229.663040161133,0.376385391578501
41.7083018098373,-87.9919861158147,229.656829833984,0.375865149943243
41.7083080643667,-87.9919860613899,229.64990234375,0.375865149943243
41.7083142573482,-87.991986007275,229.643035888672,0.376385391578501
41.7083204263407,-87.9919859526035,229.636413574219,0.375865149943243
41.7083270313729,-87.9919858941679,229.629547119141,359.438377222841
41.7083333929566,-87.9919858384406,229.622909545898,358.860488577544
41.7083401774207,-87.9919857788517,229.615814208984,358.772051288171
41.7083467306361,-87.991985721317,229.608993530273,358.757462004104
41.7083537425086,-87.9919856594902,229.601715087891,358.754948494489
41.7083606343013,-87.9919855989373,229.594619750977,358.754484041626
41.7083683146941,-87.991985531889,229.586715698242,358.754320117086
41.7083761931613,-87.9919854625397,229.578903198242,358.754320117086
41.7083842384496,-87.9919857797985,229.571029663086,358.754156192546
41.7083923861328,-87.9919861845844,229.563095092773,358.754156192546
41.7084007941231,-87.9919864553827,229.554901123047,358.754156192546
41.708409677493,-87.9919867188019,229.546325683594,358.754019588762
41.7084187869005,-87.9919869854172,229.537551879883,358.753855664222
41.7084282466738,-87.9919872622002,229.528747558594,358.753855664222
41.7084378551734,-87.9919875429654,229.520080566406,358.753855664222
41.7084474647682,-87.9919878235068,229.511383056641,358.753691739682
41.7084576049837,-87.9919881193858,229.502319335938,358.753691739682
41.7084680076986,-87.9919884222479,229.493057250977,358.753691739682
41.7084797015324,-87.9919887634397,229.482925415039,358.753527815142
41.7084898118602,-87.991989057976,229.474533081055,358.753527815142
41.7085015706641,-87.9919894007401,229.464782714844,358.753391211359
41.708513556464,-87.9919897501774,229.454971313477,358.753391211359
41.7085257480128,-87.9919901053355,229.445053100586,358.753391211359
41.7085379668375,-87.9919904610158,229.435699462891,358.753227286819
41.7085506175864,-87.9919908295548,229.426162719727,358.753227286819
41.7085633224778,-87.9919912001768,229.416717529297,358.753063362278
41.7085762879483,-87.9919915778622,229.407104492187,358.753227286819
41.7085891351195,-87.9919919525925,229.398162841797,358.752926758495
41.7086025767865,-87.9919923440663,229.389083862305,358.753063362278
41.7086155787111,-87.9919927231633,229.38037109375,358.752762833955
41.7086297271358,-87.9919931356954,229.370971679687,358.752926758495
41.7086436914645,-87.9919935429314,229.362335205078,358.752762833955
41.708658465771,-87.9919939734005,229.353469848633,358.752598909415
41.7086720815098,-87.9919943702565,229.345397949219,358.752598909415
41.7086862328006,-87.991994782869,229.337158203125,358.752598909415
41.7087003167841,-87.9919951934732,229.329208374023,358.752598909415
41.7087154389758,-87.9919956342994,229.320770263672,358.752598909415
41.7087305793949,-87.9919960755903,229.312377929687,358.752298381091
41.7087453009075,-87.991996505193,229.304214477539,358.752434984875
41.7087612349873,-87.9919969699694,229.295364379883,358.752298381091
41.7087762262575,-87.991997406802,229.286972045898,358.752134456551
41.7087925398918,-87.9919978824404,229.277893066406,358.752134456551
41.7088081751354,-87.9919983385067,229.269149780273,358.751970532011
41.7088246237809,-87.9919988179839,229.259979248047,358.751970532011
41.7088410106012,-87.9919992960036,229.251113891602,358.751806607471
41.7088588314999,-87.9919998162664,229.242599487305,358.751806607471
41.7088766271719,-87.9920003356914,229.234451293945,358.751806607471
41.708892870324,-87.9920008091036,229.227142333984,358.751670003688
41.7089120974636,-87.9920013702552,229.218627929687,358.751670003688
41.708928419425,-87.9920018464732,229.213455200195,358.751506079148
41.7089459967169,-87.992002359443,229.208709716797,358.751670003688
41.708963832802,-87.9920028799295,229.204467773437,358.751342154608
41.708981997177,-87.9920034099239,229.2001953125,358.751342154608
41.7090000666908,-87.992003937319,229.197341918945,358.751506079148
41.7090182166627,-87.9920044671757,229.196075439453,358.751342154608
41.7090371198566,-87.9920050189399,229.195388793945,358.751342154608
41.7090563710782,-87.9920055807973,229.194778442383,358.751178230067
41.7090746198652,-87.9920061131443,229.195343017578,358.751178230067
41.7090938636736,-87.9920066755296,229.197860717773,358.751178230067
41.7091132575731,-87.9920072413634,229.201049804688,358.750877701744
41.709131460561,-87.9920077729472,229.204193115234,358.750877701744
41.7091501031424,-87.9920083172177,229.207931518555,358.750877701744
41.7091689808017,-87.9920088684598,229.212539672852,358.750877701744
41.7091895939578,-87.9920094703224,229.21794128418,358.750877701744
41.7092091309345,-87.9920100407753,229.223114013672,358.751178230067
41.7092291214849,-87.9920106245173,229.228332519531,358.751342154608
41.709248530696,-87.9920111914299,229.233337402344,358.751506079148
41.7092684143162,-87.9920117718898,229.238372802734,358.751806607471
41.7092884476155,-87.9920123567966,229.24333190918,358.751970532011
41.7093079489912,-87.9920129267102,229.248062133789,358.751970532011
41.7093280385472,-87.9920135135048,229.2529296875,358.752134456551
41.7093475728773,-87.9920140843881,229.257629394531,358.752134456551
41.7093669544322,-87.9920146505088,229.262298583984,358.752134456551
41.709385832439,-87.9920152017107,229.268661499023,358.752298381091
41.7094050727273,-87.9920157636312,229.278991699219,358.752434984875
41.7094227511182,-87.9920162803881,229.297119140625,358.752598909415
41.7094403529483,-87.9920167947006,229.321029663086,358.752762833955
41.709456157732,-87.9920172569638,229.350860595703,358.752762833955
41.7094718767035,-87.9920177164614,229.38542175293,358.752762833955
41.7094874348148,-87.9920181706972,229.426544189453,358.752926758495
41.7095014808589,-87.9920185816457,229.466384887695,358.752926758495
41.7095161467485,-87.9920190095642,229.511169433594,358.753063362278
41.7095300720241,-87.9920194162092,229.554000854492,358.753063362278
41.7095440724132,-87.9920198243604,229.597061157227,358.753063362278
41.709557608393,-87.9920202196414,229.638320922852,358.753063362278
41.7095708832442,-87.9920206071416,229.678436279297,358.752926758495
41.7095840996992,-87.9920209924327,229.718078613281,358.752926758495
41.7095966859547,-87.9920213599906,229.755737304687,358.753063362278
41.7096092134716,-87.9920217251442,229.793121337891,358.752926758495
41.7096211391637,-87.9920220730179,229.828628540039,358.752598909415
41.7096331829426,-87.9920224244607,229.864501953125,358.752762833955
41.7096451431042,-87.9920227733902,229.900115966797,358.752598909415
41.7096570763287,-87.9920231215852,229.935638427734,358.752598909415
41.7096690617761,-87.9920234711431,229.970794677734,358.753063362278
41.7096810546917,-87.9920238209849,230.0048828125,358.752762833955
41.7096930853689,-87.9920241717276,230.038803100586,358.752926758495
41.7097052564071,-87.9920245262431,230.072616577148,358.752762833955
41.7097178814307,-87.9920248950719,230.104797363281,358.752762833955
41.7097297741364,-87.9920252418267,230.134506225586,358.752298381091
41.7097418809488,-87.9920255947413,230.164337158203,358.752434984875
41.7097547017061,-87.9920259687888,230.193084716797,358.752598909415
41.7097676530233,-87.9920263465144,230.220932006836,358.752598909415
41.7097810445491,-87.9920267370643,230.249328613281,358.752434984875
41.7097969647334,-87.9920272013043,230.279571533203,358.752598909415
41.7098102285008,-87.9920275879467,230.303527832031,358.752434984875
41.7098238749056,-87.9920279859245,230.327514648437,358.752434984875
41.7098381729539,-87.992028403047,230.349365234375,358.752598909415
41.7098517279935,-87.9920287979292,230.369277954102,358.752598909415
41.7098655479585,-87.9920292009047,230.388549804687,358.752434984875
41.7098793180601,-87.9920296025519,230.404754638672,358.752434984875
41.7098939101524,-87.9920300281581,230.421249389648,358.752434984875
41.7099084350412,-87.9920304513371,230.435958862305,358.752298381091
41.7099224755789,-87.9920308612814,230.447479248047,358.752434984875
41.7099367457795,-87.992031277397,230.458709716797,358.752298381091
41.7099511586015,-87.992031697902,230.467742919922,358.752298381091
41.7099651565002,-87.9920321061106,230.474365234375,358.752134456551
41.7099799566497,-87.9920325375868,230.480850219727,358.752134456551
41.7099948305754,-87.9920329715273,230.485626220703,358.752298381091
41.7100099916655,-87.9920334138167,230.489776611328,358.752134456551
41.7100251973006,-87.9920338573225,230.493759155273,358.752134456551
41.7100404179416,-87.9920343014623,230.49772644043,358.752134456551
41.7100561451317,-87.9920347600331,230.501983642578,358.751970532011
41.7100713646346,-87.9920352045431,230.506225585937,358.752134456551
41.7100874859355,-87.9920356744235,230.510818481445,358.751970532011
41.7101026768513,-87.9920361178174,230.515213012695,358.751806607471
41.7101191347264,-87.9920365981868,230.519973754883,358.751506079148
41.7101356444108,-87.992037080074,230.524826049805,358.751670003688
41.7101520426166,-87.9920375584179,230.527435302734,358.751506079148
41.710168175874,-87.9920380285738,230.5283203125,358.751178230067
41.710184812732,-87.9920385142164,230.528457641602,358.751178230067
41.7102016741447,-87.9920390059499,230.527618408203,358.751178230067
41.7102177751434,-87.9920394758017,230.52116394043,358.751041626284
41.710234860798,-87.9920399738585,230.51237487793,358.751041626284
41.7102516391317,-87.9920404635722,230.502502441406,358.750713777204
41.7102707145542,-87.9920410204232,230.489181518555,358.750877701744
41.7102883876696,-87.9920415355419,230.474761962891,358.750713777204
41.71030583067,-87.9920420448709,230.459930419922,358.750713777204
41.7103240481583,-87.9920425769654,230.4443359375,358.750549852664
41.7103419725981,-87.9920431003482,230.42919921875,358.75041324888
41.7103597493676,-87.9920436193773,230.414367675781,358.750549852664
41.7103771391433,-87.9920441271126,230.400009155273,358.75041324888
41.7103948768268,-87.9920446449095,230.385482788086,358.75024932434
41.7104128855301,-87.9920451710953,230.37077331543,358.75041324888
41.7104315080822,-87.9920457149512,230.35563659668,358.75024932434
41.7104492598646,-87.9920462334696,230.341201782227,358.7500853998
41.7104677253782,-87.9920467729532,230.326187133789,358.75024932434
41.7104856002478,-87.9920472950119,230.311660766602,358.75024932434
41.7105037561484,-87.9920478255543,230.296905517578,358.7500853998
41.7105229429954,-87.9920483861063,230.281356811523,358.7500853998
41.7105408211608,-87.9920489083673,230.266830444336,358.7500853998
41.7105596723252,-87.9920494593154,230.251525878906,358.75024932434
41.7105774910941,-87.9920499797746,230.237091064453,358.750549852664
41.7105968656302,-87.9920505459126,230.221343994141,358.750713777204
41.7106157080655,-87.9920510965493,230.205856323242,358.750713777204
41.710633945941,-87.9920516295404,230.190567016602,358.750877701744
41.7106524894638,-87.9920521710494,230.174880981445,358.751041626284
41.7106710675746,-87.9920527140791,230.159133911133,358.751178230067
41.7106882114669,-87.992053215385,230.144424438477,358.751178230067
41.7107057035332,-87.992053726368,230.12907409668,358.751342154608
41.7107230774735,-87.9920542338968,230.113662719727,358.751670003688
41.7107394670653,-87.9920547127686,230.099044799805,358.751806607471
41.7107550308324,-87.9920551674541,230.085144042969,358.751806607471
41.7107714613319,-87.9920556474348,230.070098876953,358.751970532011
41.7107873741432,-87.9920561127693,230.05534362793,358.751970532011
41.7108027939396,-87.9920565630538,230.040969848633,358.751970532011
41.710817459875,-87.9920569908046,230.027297973633,358.752298381091
41.7108331061058,-87.9920574481432,230.012649536133,358.752134456551
41.7108479021832,-87.9920578804972,229.998397827148,358.752434984875
41.7108625342175,-87.9920583074876,229.984191894531,358.752598909415
41.7108762055172,-87.9920587064258,229.97087097168,358.752598909415
41.7108907626014,-87.9920591313226,229.956634521484,358.752762833955
41.7109040857004,-87.9920595204926,229.943664550781,358.752926758495
41.7109165660843,-87.9920598846113,229.931335449219,358.752926758495
41.7109292661904,-87.9920602548423,229.91877746582,358.752926758495
41.7109415502837,-87.9920606131534,229.906600952148,358.752926758495
41.7109532105307,-87.9920609530542,229.895034790039,358.752762833955
41.7109645683629,-87.9920612842466,229.883728027344,358.752762833955
41.7109753949065,-87.9920616003018,229.872985839844,358.752926758495
41.7109861151154,-87.9920619131573,229.862319946289,358.752926758495
41.7109960839346,-87.9920622037014,229.852432250977,358.753063362278
41.7110060481947,-87.9920624943302,229.842498779297,358.753063362278
41.7110156071006,-87.9920627733187,229.833038330078,358.752926758495
41.7110254181468,-87.9920630590002,229.823318481445,358.753063362278
41.711034880415,-87.9920633348139,229.813934326172,358.753063362278
41.7110438288722,-87.9920635959641,229.805114746094,358.753227286819
41.7110525351242,-87.9920638495596,229.796524047852,358.753063362278
41.711061075588,-87.9920640990386,229.788055419922,358.753227286819
41.7110697797131,-87.9920643528101,229.779510498047,358.753227286819
41.7110780877028,-87.9920645951441,229.771286010742,358.753063362278
41.7110862776737,-87.9920648341905,229.763214111328,358.753227286819
41.7110942304427,-87.9920650658646,229.755325317383,358.753063362278
41.7111020674547,-87.9920652943076,229.747650146484,358.753063362278
41.7111102437154,-87.9920655325338,229.73957824707,358.753063362278
41.7111185073576,-87.9920657733022,229.731414794922,358.752926758495
41.7111260933905,-87.9920659946915,229.723983764648,358.753063362278
41.7111338037454,-87.9920662193729,229.716369628906,358.753063362278
41.7111418199722,-87.992066452512,229.708450317383,358.753227286819
41.7111497682797,-87.9920666845662,229.700637817383,358.753227286819
41.7111577929344,-87.9920669191456,229.692687988281,358.753227286819
41.7111659677487,-87.9920671570773,229.684661865234,359.456791412843
41.7111743386414,-87.9920674013379,229.676422119141,0.897438725450368
41.7111833127113,-87.9920676633986,229.667572021484,2.56940745584525
41.7111922956896,-87.9920679257029,229.65869140625,3.66618173040615
41.7112001039048,-87.9920681527268,229.650955200195,4.06765299274351
41.7112090217038,-87.9920684125351,229.642120361328,4.23493969344276
41.7112181954804,-87.9920686806558,229.633041381836,4.29345349717543
41.7112268255662,-87.9920689330809,229.624664306641,4.31701850358562
41.7112364745631,-87.9920689477361,229.615585327148,4.32449756072678
41.7112457086467,-87.9920685131319,229.60856628418,4.32721426846916
41.7112547392482,-87.9920677416025,229.599700927734,4.32775726850817
41.7112644917289,-87.9920668624372,229.592788696289,4.32929576861872
41.711274013793,-87.9920660556546,229.585876464844,4.32436181071703
41.7112840735137,-87.9920651912508,229.575561523438,4.31179767773879
41.711293940375,-87.9920642741101,229.568176269531,4.30024483964454
41.7113040943282,-87.9920633389015,229.555282592773,4.29568782280767
41.7113141920811,-87.9920623678141,229.544738769531,4.29682761062542
41.7113246458036,-87.9920613396059,229.527969360352,3.77091670491277
41.7113351143964,-87.9920603297983,229.511184692383,2.52095793585459
41.7113451784252,-87.9920593254156,229.492553710937,1.66506906539441
41.7113553684883,-87.9920584598318,229.48063659668,1.31373117812153
41.7113649725754,-87.9920574971635,229.476303100586,1.20755567403027
41.7113744033361,-87.9920566172993,229.472869873047,1.16482878534703
41.7113838817957,-87.9920557343315,229.471115112305,1.15572147514075
41.7113935689429,-87.9920549073077,229.467163085937,1.16499676531193
41.7114027083572,-87.992054227027,229.45329284668,1.16247450451749
41.7114116759529,-87.9920540234104,229.433624267578,1.16432463200891
41.7114201604445,-87.9920538400848,229.402297973633,1.16952315301923
41.711428452763,-87.9920535085815,229.378219604492,1.17269791032282
41.7114368130671,-87.9920533328989,229.337585449219,1.17486510800212
41.7114447294693,-87.9920529687049,229.292587280273,1.17652953972549
41.7114523985965,-87.9920525184111,229.265899658203,1.17686219128241
41.711459576533,-87.9920523586829,229.235931396484,1.17752706750943
41.7114660575373,-87.9920521100432,229.205917358398,1.17752706750943
41.7114732987985,-87.9920517003327,229.181427001953,1.17736090181353
41.711479958746,-87.9920514691236,229.16291809082,1.17752706750943
41.7114865857275,-87.9920512850334,229.146667480469,1.17769323320533
41.7114928718158,-87.9920510516382,229.130950927734,1.17769323320533
41.7114999158992,-87.9920508303328,229.115051269531,1.17752706750943
41.7115063769557,-87.9920506480529,229.101089477539,1.17752706750943
41.711512494789,-87.9920504827991,229.08837890625,1.17769323320533
41.7115185425106,-87.992050315184,229.075927734375,1.17769323320533
41.7115243366526,-87.9920501517004,229.06379699707,0.604579103582145
41.7115300671937,-87.9920500024138,229.051712036133,359.5310492295
41.7115356754682,-87.9920498512711,229.039855957031,358.213396455577
41.7115419392094,-87.992049681183,229.026550292969,357.562752635242
41.7115478198403,-87.9920495202757,229.014022827148,357.403008170934
41.711553466013,-87.9920493656256,229.001953125,357.361589903807
41.711559220059,-87.9920492080649,228.989608764648,357.351289978538
41.7115650470255,-87.9920490484515,228.977111816406,357.348858431194
41.7115711282557,-87.9920491051944,228.964004516602,357.34806612925
41.7115768116407,-87.9920494825327,228.951751708984,357.347765600927
41.7115830404937,-87.9920501304339,228.93830871582,357.347765600927
41.7115890890995,-87.9920506959335,228.925262451172,357.347683638657
41.7115951109763,-87.9920511190824,228.91227722168,357.347683638657
41.7116015729827,-87.9920515335167,228.898361206055,357.347601676387
41.7116080425273,-87.9920519393971,228.884414672852,357.347601676387
41.7116143501922,-87.9920523331733,228.870788574219,357.347547034873
41.7116209047186,-87.9920527414837,228.856628417969,357.347465072603
41.7116280448051,-87.9920531859434,228.841186523437,357.347465072603
41.7116349132192,-87.9920536134345,228.82633972168,357.34732846882
41.711642078525,-87.9920540585111,228.810852050781,357.34732846882
41.7116491778996,-87.992054499211,228.795516967773,357.909234471458
41.7116564909646,-87.9920549532718,228.779678344727,358.434394056362
41.7116639512413,-87.9920554164617,228.763534545898,358.658287657355
41.7116718302641,-87.9920559053571,228.746475219727,358.738856568805
41.7116802002685,-87.9920564246286,228.728378295898,358.773335363735
41.7116880561246,-87.9920569121383,228.711380004883,358.787105025102
41.7116956224893,-87.9920573813839,228.695007324219,358.792623817951
41.7117038958567,-87.9920578946127,228.677108764648,358.795055365296
41.7117123604346,-87.9920582050367,228.658767700195,358.795874987996
41.7117204288813,-87.9920583931607,228.641296386719,359.38835291736
41.7117292461363,-87.9920586591642,228.622253417969,0.039564681185252
41.7117377574516,-87.9920589244899,228.603866577148,0.314657797078349
41.7117468474719,-87.9920592008784,228.584197998047,0.439685583774196
41.7117561565276,-87.9920594747494,228.564041137695,0.494164239811275
41.7117653093231,-87.9920597381084,228.544235229492,0.516620140894132
41.7117757375458,-87.9920600342234,228.521667480469,0.527489746627973
41.7117869990102,-87.9920603519117,228.497314453125,0.532290249036581
41.7117969151392,-87.9920604045348,228.475860595703,0.535223068233161
41.7118067349071,-87.9920603083841,228.454620361328,0.537047902680318
41.7118166718675,-87.9920602556413,228.433166503906,0.53741214386215
41.7118268526723,-87.9920601943303,228.41178894043,0.537776118239717
41.7118372425057,-87.992060112313,228.392440795898,0.019782340592626
41.7118468868191,-87.9920600192214,228.375152587891,358.687329621706
41.7118571487639,-87.9920599063905,228.357009887695,356.843834243963
41.7118671284821,-87.9920597898392,228.339797973633,355.520061620545
41.7118779011426,-87.9920596570508,228.323593139648,354.85657704457
41.711888317285,-87.9920595283744,228.30940246582,354.526897473711
41.7118993823099,-87.9920593886446,228.294540405273,354.365786971569
41.7119104251277,-87.9920592496678,228.280197143555,354.284043267582
41.7119206700659,-87.9920593148907,228.267044067383,354.242297151375
41.711931822398,-87.9920597931464,228.252655029297,354.220140017708
41.7119434736587,-87.9920607218035,228.237518310547,354.207299262068
41.711954948921,-87.9920618023149,228.222473144531,354.200113903061
41.7119664030726,-87.9920629180112,228.207382202148,354.195879185776
41.7119778898445,-87.9920641402507,228.192108154297,354.689756504281
41.7119891322209,-87.9920654369352,228.176681518555,355.928807461235
41.7120005246855,-87.992066833233,228.160568237305,357.398800774405
41.7120116609668,-87.9920682554758,228.144714355469,358.440049452995
41.7120222744664,-87.9920696457712,228.129486083984,358.943898847689
41.712032967464,-87.9920710703199,228.114120483398,359.185796827334
41.7120431713991,-87.9920724431922,228.09944152832,359.295571627674
41.7120531338178,-87.9920737894499,228.084350585937,359.350185820278
41.7120628274435,-87.9920749192835,228.069076538086,359.377260690148
41.7120728233038,-87.9920757073551,228.053253173828,359.96044956224
41.7120818399451,-87.9920761060429,228.038848876953,0.471053707785156
41.7120909596607,-87.9920764363513,228.024169921875,0.680412986389504
41.7120999878133,-87.9920767765547,228.009689331055,0.742567974640884
41.7121090215844,-87.9920770722688,227.995147705078,0.769485429994787
41.7121176940418,-87.9920773031637,227.980407714844,0.778837559794121
41.7121265970472,-87.9920774950547,227.964874267578,0.782096840688687
41.7121368525051,-87.9920776764753,227.94694519043,0.783596600820033
41.7121455977421,-87.9920775943211,227.931518554688,0.784095844959679
41.7121535345487,-87.9920774053873,227.917434692383,0.784345360307796
41.7121621100929,-87.9920772567255,227.902236938477,0.784345360307796
41.7121689241708,-87.9920771455428,227.890213012695,0.784345360307796
41.7121764137207,-87.9920770193151,227.876647949219,0.293419857462723
41.7121832619272,-87.9920768971276,227.863693237305,359.916080653392
41.7121899594948,-87.9920767747329,227.850891113281,359.823080797653
41.7121970397564,-87.9920766440353,227.837371826172,359.801196871552
41.7122033214576,-87.9920765284752,227.825347900391,359.796333776863
41.7122095020018,-87.9920764143683,227.813415527344,359.794421323895
41.7122155265618,-87.99207630251,227.801696777344,359.794421323895
41.7122216165027,-87.9920761901194,227.789901733398,359.795377550379
41.7122273558226,-87.9920762715643,227.778778076172,359.795377550379
41.7122329898737,-87.9920764071908,227.767868041992,359.795377550379
41.7122383700739,-87.9920764635285,227.75732421875,359.796333776863
41.7122435645464,-87.99207649641,227.746643066406,359.794421323895
41.712248766283,-87.9920765241381,227.735809326172,359.795377550379
41.7122538223158,-87.9920765496936,227.72526550293,359.794421323895
41.712258461387,-87.9920765732487,227.715621948242,359.795377550379
41.7122632748084,-87.9920765975254,227.705642700195,359.794421323895
41.7122677184198,-87.9920766193649,227.696350097656,359.37444665221
41.7122723452908,-87.9920766420206,227.686630249023,358.581707576381
41.7122764769345,-87.9920766625052,227.677947998047,358.275359931728
41.7122808488583,-87.9920766836661,227.668746948242,358.239760985774
41.712285261217,-87.9920767048228,227.659454345703,358.235089136381
41.7122893920374,-87.9920767246059,227.650772094727,358.233996306114
41.7122934496633,-87.9920767446386,227.642303466797,358.233531853251
41.7122974275153,-87.9920767640416,227.633972167969,358.234542721248
41.7123012770714,-87.9920769448963,227.625854492187,358.234870570328
41.7123051384151,-87.9920773534198,227.617324829102,358.235089136381
41.7123092257837,-87.9920776807422,227.608154296875,358.235416985462
41.7123131230388,-87.9920778783891,227.599395751953,358.235307702435
41.7123170758061,-87.9920780507466,227.590545654297,358.235307702435
41.7123210727091,-87.9920782172198,227.581604003906,358.235089136381
41.7123251824188,-87.9920783875303,227.572418212891,358.235089136381
41.7123290979029,-87.9920785484749,227.563629150391,358.235198419408
41.7123332547635,-87.99207871991,227.554290771484,358.235198419408
41.7123375185368,-87.9920788955776,227.544586181641,358.235198419408
41.7123423632039,-87.9920790956789,227.533584594727,358.235198419408
41.7123467820004,-87.9920792780019,227.523544311523,358.235089136381
41.7123510470065,-87.9920794535267,227.513854980469,358.235089136381
41.7123561689609,-87.9920796648824,227.502243041992,358.234979853355
41.7123608003488,-87.992079856102,227.491760253906,358.234979853355
41.712365439001,-87.9920800475813,227.481170654297,358.234870570328
41.7123702270569,-87.9920802450181,227.469833374023,358.234979853355
41.7123749944152,-87.9920804418567,227.45832824707,358.234761287301
41.712379993829,-87.992080647483,227.446212768555,358.234761287301
41.7123851924021,-87.9920808625497,227.433624267578,358.234870570328
41.7123906974584,-87.9920810897307,227.420303344727,358.234870570328
41.7123961571449,-87.992081315001,227.407028198242,358.234870570328
41.7124020315981,-87.9920815574278,227.392684936523,358.234652004275
41.7124078029757,-87.9920817955784,227.378524780273,358.234652004275
41.7124138150439,-87.9920820439011,227.363739013672,358.234761287301
41.712420167725,-87.9920823061526,227.348175048828,358.234761287301
41.712426313159,-87.9920825595189,227.333114624023,358.234542721248
41.7124325893551,-87.9920828187638,227.31755065918,358.234761287301
41.7124392017777,-87.9920830917884,227.300537109375,358.234652004275
41.7124459866309,-87.9920833719654,227.282897949219,357.812956124918
41.712452469112,-87.9920836395835,227.266006469727,356.85036390481
41.7124590841368,-87.9920839124876,227.24870300293,355.766959298662
41.7124660022177,-87.992084198064,227.230422973633,354.040123551943
41.7124724249352,-87.9920844634772,227.213394165039,352.034943936167
41.7124789342789,-87.9920847321869,227.196105957031,349.890237216027
41.7124851312447,-87.9920849878054,227.179718017578,347.365006996846
41.7124914100393,-87.9920852472855,227.163162231445,345.402092591655
41.7124972507652,-87.9920856460121,227.14762878418,344.779124697836
41.7125031186299,-87.9920863349328,227.131774902344,344.617686346614
41.7125085423951,-87.9920871734082,227.11701965332,344.576759853107
41.712514465634,-87.9920884626967,227.100936889648,344.565121210761
41.7125196688565,-87.9920900141221,227.08674621582,344.562361814336
41.7125247239085,-87.9920918593679,227.072998046875,344.561678795419
41.7125296207842,-87.9920940930464,227.059539794922,344.561460229366
41.7125342354374,-87.9920963727779,227.046936035156,344.561405587853
41.712538654632,-87.9920982380551,227.034896850586,344.561241663313
41.7125428525993,-87.9920998660437,227.023406982422,344.561187021799
41.7125466638988,-87.9921013014571,227.013000488281,344.561105059529
41.7125507360376,-87.9921028206106,227.001831054688,344.860458590473
41.7125547018117,-87.9921042940697,226.990966796875,345.46755312466
41.7125586255059,-87.9921057491788,226.980224609375,346.174067892406
41.7125624015782,-87.9921071483109,226.969863891602,346.491125273678
41.7125659418942,-87.992108459365,226.960205078125,346.549400447677
41.7125692253455,-87.9921096751056,226.951065063477,346.560301429592
41.7125735267967,-87.9921112673638,226.939056396484,346.562049958019
41.7125765881984,-87.9921124001876,226.930587768555,346.56270565618
41.7125797577461,-87.99211345587,226.921829223633,346.563142788287
41.7125828273716,-87.9921142990205,226.91340637207,346.56327939207
41.7125860015793,-87.9921150650869,226.90478515625,346.5640170525
41.7125890198041,-87.9921158669899,226.896575927734,346.564426863851
41.7125918721773,-87.9921167190055,226.889129638672,346.564945958228
41.7125948798477,-87.9921176663634,226.881286621094,346.565301128064
41.7125978117196,-87.9921185964385,226.87336730957,346.565519694118
41.7126007267322,-87.9921195228184,226.865692138672,346.566093430008
41.7126035505947,-87.9921204287711,226.85807800293,346.904734209057
41.7126064490219,-87.9921213417298,226.850402832031,347.503468591701
41.7126092366984,-87.9921222376811,226.843017578125,348.219764190338
41.712612140745,-87.9921231579271,226.83528137207,348.922563335176
41.7126150922168,-87.9921240929943,226.827392578125,349.988537298561
41.7126180480747,-87.9921250390038,226.819488525391,351.303102826979
41.7126209585631,-87.9921259535864,226.811950683594,352.822109577633
41.7126237891411,-87.9921268472081,226.804656982422,353.765331381255
41.7126270083049,-87.9921277271447,226.79655456543,354.006136530633
41.7126298986439,-87.9921283532503,226.789703369141,354.062745138474
41.7126331038266,-87.9921289417147,226.782012939453,354.077471026325
41.7126361951061,-87.9921294639112,226.774932861328,354.08170574361
41.7126395596977,-87.9921298364554,226.76741027832,354.083017139931
41.7126427667988,-87.9921299831469,226.760223388672,354.082989819174
41.7126462744883,-87.9921299772597,226.752670288086,354.082334121014
41.7126498328926,-87.9921300543036,226.745208740234,354.08137789453
41.712653447083,-87.9921303774036,226.738464355469,354.08080415864
41.7126571796994,-87.9921308294934,226.731369018555,354.080448988803
41.7126609369876,-87.9921313401966,226.724334716797,354.078973667942
41.7126647411527,-87.992131869118,226.717102050781,354.076596762111
41.7126689680329,-87.9921324444597,226.70866394043,354.465480412695
41.7126733817355,-87.9921330421795,226.699859619141,355.343077758771
41.7126775195215,-87.9921336044959,226.691635131836,356.370392851455
41.7126819983305,-87.9921342066052,226.682861328125,357.875438695445
41.7126867608683,-87.9921348856666,226.673980712891,359.154214032612
41.7126912666788,-87.9921355668511,226.666458129883,359.539873833907
41.7126962978676,-87.992136300647,226.659454345703,359.659074295302
41.7127012747775,-87.9921370164947,226.653732299805,359.708606827163
41.712706306925,-87.9921375885943,226.649063110352,359.718141771245
41.7127114435173,-87.9921379147297,226.645370483398,359.7216388281
41.7127165095196,-87.9921380819115,226.642852783203,359.724480186794
41.7127219047568,-87.9921379671232,226.641357421875,359.724480186794
41.7127281680397,-87.9921377362441,226.640655517578,359.724480186794
41.7127342865791,-87.9921377095682,226.64045715332,359.724480186794
41.7127400206446,-87.992137739377,226.640548706055,359.725190526468
41.7127482657788,-87.9921377939968,226.641036987305,359.724480186794
41.7127536722529,-87.9921378275009,226.641479492188,359.724480186794
41.7127598495916,-87.992137863851,226.641983032227,359.724480186794
41.7127664638995,-87.9921379023529,226.64241027832,359.724480186794
41.7127732204824,-87.9921379423868,226.642791748047,359.724480186794
41.7127800455979,-87.9921379837519,226.643020629883,359.724480186794
41.7127868696163,-87.9921380253006,226.643218994141,359.724480186794
41.7127937418815,-87.9921380677387,226.64338684082,359.725190526468
41.7128009178864,-87.9921381127245,226.643524169922,359.725190526468
41.7128078622473,-87.992138156425,226.643661499023,359.724480186794
41.7128151248769,-87.9921382022714,226.643783569336,359.724480186794
41.7128230308979,-87.9921382527026,226.64387512207,0.190774080408692
41.7128303680902,-87.9921382996737,226.643981933594,1.33661988908219
41.7128381507491,-87.9921383494621,226.644073486328,2.71512356537195
41.7128457291774,-87.9921383980514,226.644195556641,3.69061459772776
41.712853189179,-87.9921384459922,226.644256591797,4.16565212006803
41.7128612454206,-87.9921384980414,226.644393920898,4.40308785175107
41.7128692438189,-87.9921385496029,226.644485473633,4.52168725649917
41.7128774080672,-87.9921386020481,226.644592285156,4.57911036439876
41.7128856773075,-87.9921384812234,226.644683837891,4.60576859272932
41.7128942883913,-87.9921380114262,226.644760131836,4.61969705599427
41.7129024137094,-87.9921372903742,226.644882202148,4.6266881814966
41.712910686236,-87.992136504156,226.644973754883,4.63007382089081
41.7129190001558,-87.9921357509599,226.645080566406,4.63180826205317
41.7129275783392,-87.9921349546543,226.645202636719,4.63269618664527
41.7129365405822,-87.9921340828771,226.645324707031,4.63311880460017
41.7129457141808,-87.9921331534504,226.645462036133,4.63354184944188
41.7129544162688,-87.9921322471248,226.645568847656,4.6338799438058
41.7129636504483,-87.9921312673817,226.64567565918,4.63417577637422
41.7129731760301,-87.9921302454128,226.645812988281,4.63451387073814
41.7129823553803,-87.9921292542626,226.645919799805,4.63510553587499
41.7129915588528,-87.9921282570072,226.646072387695,4.09643797122688
41.7130012341072,-87.9921272069509,226.646179199219,3.50084526215836
41.7130100683198,-87.992126245334,226.646591186523,3.2231863330097
41.7130203282971,-87.9921251285966,226.649154663086,3.04902333936355
41.7130299627012,-87.9921240814323,226.652359008789,2.96642927682517
41.713039904407,-87.992122995921,226.65625,2.92790444858536
41.7130503691567,-87.9921218539307,226.6650390625,2.90710460157197
41.7130612289302,-87.9921206728763,226.676422119141,2.89664864916973
41.7130718258085,-87.9921197156089,226.688690185547,2.89137254147931
41.7130827195709,-87.992118863817,226.706832885742,2.88839201768025
41.7130923961821,-87.9921180897404,226.724578857422,2.88656174042609
41.7131040295509,-87.9921171708141,226.747695922852,2.88540850567342
41.7131153835764,-87.9921163090669,226.775817871094,2.88473018251147
41.7131254963277,-87.9921155674328,226.80207824707,2.88432293248221
41.7131364706759,-87.9921147810454,226.832046508789,2.88411930746758
41.7131472580639,-87.9921140258639,226.86408996582,2.88391568245295
41.7131574873164,-87.9921133191741,226.894958496094,2.88384780744807
41.7131677141001,-87.9921126185465,226.925994873047,2.88364418243344
41.7131779000365,-87.9921119253266,226.957046508789,2.88364418243344
41.7131879648048,-87.9921112427479,226.987594604492,2.88371205743832
41.7131971868889,-87.9921106182661,227.015380859375,2.88364418243344
41.7132061019436,-87.9921100160076,227.04216003418,2.88371205743832
41.713215435871,-87.9921093853318,227.070098876953,2.88371205743832
41.7132245228041,-87.9921087717981,227.097106933594,2.88364418243344
41.7132330916261,-87.9921081936162,227.122589111328,2.8837799324432
41.7132417402195,-87.9921076095929,227.148254394531,2.88371205743832
41.7132497149951,-87.9921070713215,227.171890258789,2.8837799324432
41.713257889612,-87.9921065195056,227.196105957031,2.88371205743832
41.7132655332342,-87.992106003248,227.218765258789,2.88371205743832
41.7132731716471,-87.9921054877764,227.241363525391,2.88391568245295
41.7132808615958,-87.9921049683514,227.26416015625,2.8837799324432
41.7132881019672,-87.9921044791598,227.285598754883,2.88384780744807
41.7132952373454,-87.9921039976915,227.306701660156,2.88384780744807
41.713302350244,-87.9921035173594,227.327743530273,2.88391568245295
41.7133092334194,-87.992103052362,227.348114013672,2.88391568245295
41.7133155165196,-87.9921026280669,227.366760253906,2.88398355745783
41.713322152975,-87.9921021796781,227.38639831543,2.88398355745783
41.7133283573982,-87.992101760751,227.40478515625,2.8840514324627
41.7133341371907,-87.9921013704621,227.421875,2.88398355745783
41.7133404805975,-87.9921009413931,227.440658569336,2.8840514324627
41.7133463878602,-87.9921005426923,227.458160400391,2.88411930746758
41.7133522260412,-87.9921001486307,227.47541809082,2.88411930746758
41.7133575611902,-87.9920997877461,227.491241455078,2.88411930746758
41.7133630953583,-87.992099413865,227.507614135742,2.8840514324627
41.7133681555525,-87.9920990722457,227.522613525391,2.88411930746758
41.7133732014914,-87.9920987314985,227.537567138672,2.8840514324627
41.7133781125572,-87.9920983998231,227.552124023437,2.88411930746758
41.7133826730086,-87.9920980913263,227.565582275391,2.88411930746758
41.7133874319308,-87.9920977702432,227.579727172852,2.88411930746758
41.7133922456789,-87.9920974452755,227.593978881836,2.8840514324627
41.713396496909,-87.9920971580723,227.606552124023,2.88411930746758
41.7134012048417,-87.9920968397578,227.620529174805,2.88411930746758
41.713405601909,-87.9920965430095,227.633575439453,2.88411930746758
41.7134100006209,-87.9920962454091,227.646621704102,2.88411930746758
41.7134148730315,-87.9920959161924,227.661056518555,2.88418718247246
41.713418216063,-87.9920956904344,227.670928955078,2.88411930746758
41.7134219242373,-87.9920954398109,227.681930541992,2.88418718247246
41.7134263818863,-87.9920951384033,227.695129394531,2.88418718247246
41.7134298861064,-87.9920949023571,227.705520629883,2.88425505747733
41.7134328217781,-87.9920947040123,227.714233398437,2.88432293248221
41.713436157133,-87.9920944784752,227.72412109375,2.88473018251147
41.7134391766886,-87.9920942744154,227.733062744141,2.8873075117061
41.7134423185066,-87.9920940621703,227.742370605469,2.87916037668674
41.7134452031893,-87.992093867099,227.750915527344,2.87909228823845
41.7134480429144,-87.9920936754992,227.759307861328,2.87909228823845
41.7134507727128,-87.9920934909744,227.767379760742,2.87916037668674
41.7134533766848,-87.9920933152544,227.775115966797,2.87916037668674
41.7134560108112,-87.9920931375061,227.782928466797,2.87909228823845
41.7134585851769,-87.9920929634559,227.790588378906,2.88473018251147
41.7134610841564,-87.9920927937551,227.797958374023,2.8873075117061
41.7134635277613,-87.9920926303202,227.804794311523,2.87916037668674
41.7134659593044,-87.9920924656028,227.811798095703,2.87909228823845
41.7134682759864,-87.9920923094293,227.818634033203,2.87909228823845
41.7134703837804,-87.9920921672852,227.824951171875,2.87916037668674
