timestamp_verbose,timeStep,latitude,longitude,elevation,speed,heading,distanceToFinalWaypoints,distanceToIntersection
1712343835.4755995,0.09999990463256836,42.302344264862256,-83.69786100544425,244.54742431640625,0.1,182.65,50,208.93
1712343835.5757308,0.10015392303466797,42.302344264862256,-83.69786100544425,244.54742431640625,0.2,182.65,50,208.93
1712343835.675825,0.10009384155273438,42.302344264862256,-83.69786100544425,244.54742431640625,0.3,182.65,50,208.93
1712343835.7759538,0.1000978946685791,42.302344264862256,-83.69786100544425,244.54742431640625,0.4,182.65,50,208.93
1712343835.8761816,0.10019826889038086,42.302344264862256,-83.69786100544425,244.54742431640625,0.5,182.65,50,208.93
1712343835.9763288,0.10017704963684082,42.302344264862256,-83.69786100544425,244.54742431640625,0.6,182.65,50,208.93
1712343836.0765126,0.10014176368713379,42.302344264862256,-83.69786100544425,244.54742431640625,0.7,182.65,50,208.93
1712343836.1766477,0.10018134117126465,42.302344264862256,-83.69786100544425,244.54742431640625,0.8,182.65,50,208.93
1712343836.2768393,0.10013365745544434,42.302344264862256,-83.69786100544425,244.54742431640625,0.9,182.65,50,208.93
1712343836.3769844,0.10020780563354492,42.302344264862256,-83.69786100544425,244.54742431640625,1.0,182.65,50,208.93
1712343836.4771104,0.10011649131774902,42.302344264862256,-83.69786100544425,244.54742431640625,1.1,182.65,50,208.93
1712343836.5772252,0.1001126766204834,42.302344264862256,-83.69786100544425,244.54742431640625,1.2,182.65,50,208.93
1712343836.677377,0.1001436710357666,42.302344264862256,-83.69786100544425,244.54742431640625,1.3,182.65,50,208.93
1712343836.7775178,0.10013365745544434,42.302344264862256,-83.69786100544425,244.54742431640625,1.4,182.65,50,208.93
1712343836.8776662,0.10017585754394531,42.302344264862256,-83.69786100544425,244.54742431640625,1.5,182.65,50,208.93
1712343836.9778051,0.10010194778442383,42.302344264862256,-83.69786100544425,244.54742431640625,1.6,182.65,50,208.93
1712343837.0779774,0.10015344619750977,42.302344264862256,-83.69786100544425,244.54742431640625,1.7,182.65,50,208.93
1712343837.1781352,0.10017108917236328,42.302344264862256,-83.69786100544425,244.54742431640625,1.8,182.65,50,208.93
1712343837.2782438,0.10014486312866211,42.302344264862256,-83.69786100544425,244.54742431640625,1.9,182.65,50,208.93
1712343837.3783512,0.10009241104125977,42.30232616897584,-83.69786205884073,244.53530883789065,2.0,182.3,50,206.92
1712343837.4784997,0.10011959075927734,42.30232616897584,-83.69786205884073,244.53530883789065,2.1,182.3,50,206.92
1712343837.5786176,0.10012984275817871,42.30232616897584,-83.69786205884073,244.53530883789065,2.2,182.3,50,206.92
1712343837.6787407,0.10010027885437012,42.30232616897584,-83.69786205884073,244.53530883789065,2.3,182.3,50,206.92
1712343837.778872,0.10014724731445312,42.30232616897584,-83.69786205884073,244.53530883789065,2.4,182.3,50,206.92
1712343837.879069,0.10016489028930664,42.30232616897584,-83.69786205884073,244.53530883789065,2.5,182.3,50,206.92
1712343837.9792,0.10014224052429199,42.30232616897584,-83.69786205884073,244.53530883789065,2.6,182.3,50,206.92
1712343838.0793746,0.10013365745544434,42.30232616897584,-83.69786205884073,244.53530883789065,2.7,182.3,50,206.92
1712343838.1795146,0.10017919540405273,42.30230814189247,-83.69786297111098,244.51585388183597,2.8,182.0,50,204.91
1712343838.2796767,0.10009431838989258,42.30230814189247,-83.69786297111098,244.51585388183597,2.9,182.0,50,204.91
1712343838.3798273,0.10018491744995117,42.30230814189247,-83.69786297111098,244.51585388183597,3.0,182.0,50,204.91
1712343838.4799469,0.10013628005981445,42.30230814189247,-83.69786297111098,244.51585388183597,3.1,182.0,50,204.91
1712343838.580111,0.10010910034179688,42.30230814189247,-83.69786297111098,244.51585388183597,3.2,182.0,50,204.91
1712343838.6802263,0.10017061233520508,42.30230814189247,-83.69786297111098,244.51585388183597,3.3,182.0,50,204.91
1712343838.7803304,0.1000971794128418,42.30230814189247,-83.69786297111098,244.51585388183597,3.4,182.0,50,204.91
1712343838.8808281,0.10047221183776855,42.30229018840964,-83.69786376903471,244.4889678955078,3.5,181.79,50,202.92
1712343838.980955,0.10010957717895508,42.30229018840964,-83.69786376903471,244.4889678955078,3.6,181.79,50,202.92
1712343839.0810611,0.10010147094726562,42.30229018840964,-83.69786376903471,244.4889678955078,3.7,181.79,50,202.92
1712343839.1811743,0.1001138687133789,42.30229018840964,-83.69786376903471,244.4889678955078,3.8,181.79,50,202.92
1712343839.2813118,0.10012030601501465,42.30229018840964,-83.69786376903471,244.4889678955078,3.9,181.79,50,202.92
1712343839.381464,0.10014700889587402,42.302262521296086,-83.69786492695539,244.4507598876953,4.0,181.77,50,199.84
1712343839.4816186,0.10011053085327148,42.302262521296086,-83.69786492695539,244.4507598876953,4.1,181.77,50,199.84
1712343839.5817554,0.10015726089477539,42.302262521296086,-83.69786492695539,244.4507598876953,4.2,181.77,50,199.84
1712343839.681846,0.10011768341064453,42.302262521296086,-83.69786492695539,244.4507598876953,4.3,181.77,50,199.84
1712343839.781967,0.1000969409942627,42.302262521296086,-83.69786492695539,244.4507598876953,4.4,181.77,50,199.84
1712343839.8822076,0.10026311874389648,42.302262521296086,-83.69786492695539,244.4507598876953,4.5,181.77,50,199.84
1712343839.9823143,0.10008883476257324,42.302262521296086,-83.69786492695539,244.4507598876953,4.5,181.77,50,199.84
1712343840.0824523,0.10010647773742676,42.3022445642365,-83.69786569142768,244.4024658203125,4.5,181.84,50,197.84
1712343840.1825671,0.10011029243469238,42.3022445642365,-83.69786569142768,244.4024658203125,4.5,181.84,50,197.84
1712343840.2826765,0.1001121997833252,42.3022445642365,-83.69786569142768,244.4024658203125,4.5,181.84,50,197.84
1712343840.3827746,0.1001138687133789,42.3022445642365,-83.69786569142768,244.4024658203125,4.5,181.84,50,197.84
1712343840.4829128,0.10008716583251953,42.3022445642365,-83.69786569142768,244.4024658203125,4.5,181.84,50,197.84
1712343840.5830352,0.10015153884887695,42.30222660772006,-83.69786648833211,244.34652709960935,4.5,181.92,50,195.84
1712343840.6836197,0.10056304931640625,42.30222660772006,-83.69786648833211,244.34652709960935,4.5,181.92,50,195.84
1712343840.783733,0.10010218620300293,42.30222660772006,-83.69786648833211,244.34652709960935,4.5,181.92,50,195.84
1712343840.883907,0.10011434555053711,42.30222660772006,-83.69786648833211,244.34652709960935,4.5,181.92,50,195.84
1712343840.9840584,0.10018396377563477,42.30220865174672,-83.69786732118992,244.28396606445312,4.5,182.01,50,193.85
1712343841.0853734,0.10128188133239746,42.30220865174672,-83.69786732118992,244.28396606445312,4.5,182.01,50,193.85
1712343841.1855361,0.10013961791992188,42.30220865174672,-83.69786732118992,244.28396606445312,4.5,182.01,50,193.85
1712343841.28565,0.10015583038330078,42.30220865174672,-83.69786732118992,244.28396606445312,4.5,182.01,50,193.85
1712343841.3858104,0.10011410713195801,42.30219069659074,-83.69786819324429,244.21578979492188,4.5,182.11,50,191.85
1712343841.4859197,0.10011911392211914,42.30219069659074,-83.69786819324429,244.21578979492188,4.5,182.11,50,191.85
1712343841.586034,0.10010576248168945,42.30219069659074,-83.69786819324429,244.21578979492188,4.5,182.11,50,191.85
1712343841.6861427,0.10011601448059082,42.30219069659074,-83.69786819324429,244.21578979492188,4.5,182.11,50,191.85
1712343841.786259,0.10011553764343262,42.30219069659074,-83.69786819324429,244.21578979492188,4.5,182.11,50,191.85
1712343841.8864052,0.10010147094726562,42.30217274280028,-83.6978691079238,244.1430206298828,4.5,182.21,50,189.85
1712343841.9865556,0.10012578964233398,42.30217274280028,-83.6978691079238,244.1430206298828,4.5,182.21,50,189.85
1712343842.0866885,0.10013961791992188,42.30217274280028,-83.6978691079238,244.1430206298828,4.5,182.21,50,189.85
1712343842.186883,0.10013198852539062,42.30217274280028,-83.6978691079238,244.1430206298828,4.5,182.21,50,189.85
1712343842.2870805,0.10019898414611816,42.30215479051248,-83.69787007004692,244.06661987304688,4.5,182.34,50,187.85
1712343842.3872218,0.10014986991882324,42.30215479051248,-83.69787007004692,244.06661987304688,4.5,182.34,50,187.85
1712343842.4874215,0.10017848014831543,42.30215479051248,-83.69787007004692,244.06661987304688,4.5,182.34,50,187.85
1712343842.587569,0.10014700889587402,42.30215479051248,-83.69787007004692,244.06661987304688,4.5,182.34,50,187.85
1712343842.6876953,0.10014462471008301,42.30215479051248,-83.69787007004692,244.06661987304688,4.5,182.34,50,187.85
1712343842.7878578,0.10012197494506836,42.3021368401385,-83.69787109666369,243.98509216308597,4.5,182.52,50,185.85
1712343842.888039,0.10013246536254883,42.3021368401385,-83.69787109666369,243.98509216308597,4.5,182.52,50,185.85
1712343842.988204,0.10018754005432129,42.3021368401385,-83.69787109666369,243.98509216308597,4.5,182.52,50,185.85
1712343843.0884786,0.10025787353515625,42.3021368401385,-83.69787109666369,243.98509216308597,4.5,182.52,50,185.85
1712343843.18977,0.10130071640014648,42.30211889291198,-83.6978722105693,243.8971710205078,4.5,182.74,50,183.86
1712343843.2899458,0.1001124382019043,42.30211889291198,-83.6978722105693,243.8971710205078,4.5,182.74,50,183.86
1712343843.3901138,0.1001899242401123,42.30211889291198,-83.6978722105693,243.8971710205078,4.5,182.74,50,183.86
1712343843.4905014,0.10015082359313965,42.30211889291198,-83.6978722105693,243.8971710205078,4.5,182.74,50,183.86
1712343843.590736,0.10042476654052734,42.30211889291198,-83.6978722105693,243.8971710205078,4.5,182.74,50,183.86
1712343843.6915777,0.10065126419067383,42.30210094883296,-83.69787341611892,243.802978515625,4.5,182.95,50,181.86
1712343843.7917347,0.10035920143127441,42.30210094883296,-83.69787341611892,243.802978515625,4.5,182.95,50,181.86
1712343843.891867,0.10012102127075195,42.30210094883296,-83.69787341611892,243.802978515625,4.5,182.95,50,181.86
1712343843.9920974,0.10022306442260742,42.30210094883296,-83.69787341611892,243.802978515625,4.5,182.95,50,181.86
1712343844.0922337,0.10013580322265625,42.30208300790139,-83.69787471081064,243.70260620117188,4.5,183.16,50,179.86
1712343844.1923554,0.10010290145874023,42.30208300790139,-83.69787471081064,243.70260620117188,4.5,183.16,50,179.86
1712343844.2926388,0.1002492904663086,42.30208300790139,-83.69787471081064,243.70260620117188,4.5,183.16,50,179.86
1712343844.3927894,0.10018229484558105,42.30208300790139,-83.69787471081064,243.70260620117188,4.5,183.16,50,179.86
1712343844.4929771,0.10012006759643555,42.302065070117294,-83.69787609065995,243.5961761474609,4.5,183.35,50,177.86
1712343844.59312,0.10014820098876953,42.302065070117294,-83.69787609065995,243.5961761474609,4.5,183.35,50,177.86
1712343844.6932209,0.10011720657348633,42.302065070117294,-83.69787609065995,243.5961761474609,4.5,183.35,50,177.86
1712343844.7933996,0.10018420219421387,42.302065070117294,-83.69787609065995,243.5961761474609,4.5,183.35,50,177.86
1712343844.8935041,0.10009884834289551,42.302065070117294,-83.69787609065995,243.5961761474609,4.5,183.35,50,177.86
1712343844.9936628,0.10009980201721191,42.30204713630309,-83.6978775812419,243.48390197753903,4.5,183.8,50,175.87
1712343845.0937905,0.10013151168823242,42.30204713630309,-83.6978775812419,243.48390197753903,4.5,183.8,50,175.87
1712343845.1939323,0.10011911392211914,42.30204713630309,-83.6978775812419,243.48390197753903,4.5,183.8,50,175.87
1712343845.294055,0.1001427173614502,42.30204713630309,-83.6978775812419,243.48390197753903,4.5,183.8,50,175.87
1712343845.3941944,0.10011601448059082,42.30202921413465,-83.6978794141221,243.36801147460935,4.5,184.98,50,173.87
1712343845.4943554,0.10011053085327148,42.30202921413465,-83.6978794141221,243.36801147460935,4.5,184.98,50,173.87
1712343845.5946412,0.10029721260070801,42.30202921413465,-83.6978794141221,243.36801147460935,4.5,184.98,50,173.87
1712343845.6947622,0.10015511512756348,42.30202921413465,-83.6978794141221,243.36801147460935,4.5,184.98,50,173.87
1712343845.7948847,0.10009884834289551,42.30202921413465,-83.6978794141221,243.36801147460935,4.5,184.98,50,173.87
1712343845.8951578,0.10028529167175293,42.30201131567401,-83.69788191464144,243.24908447265625,4.5,187.01,50,171.87
1712343845.99528,0.10007953643798828,42.30201131567401,-83.69788191464144,243.24908447265625,4.5,187.01,50,171.87
1712343846.0954638,0.1001424789428711,42.30201131567401,-83.69788191464144,243.24908447265625,4.5,187.01,50,171.87
1712343846.1956308,0.10017728805541992,42.30201131567401,-83.69788191464144,243.24908447265625,4.5,187.01,50,171.87
1712343846.2957814,0.10015296936035156,42.30199345476518,-83.69788554027865,243.12664794921875,4.5,190.25,50,169.87
1712343846.395916,0.1001126766204834,42.30199345476518,-83.69788554027865,243.12664794921875,4.5,190.25,50,169.87
1712343846.4960842,0.10014176368713379,42.30199345476518,-83.69788554027865,243.12664794921875,4.5,190.25,50,169.87
1712343846.5962322,0.10017037391662598,42.30199345476518,-83.69788554027865,243.12664794921875,4.5,190.25,50,169.87
1712343846.69641,0.1001436710357666,42.30199345476518,-83.69788554027865,243.12664794921875,4.5,190.25,50,169.87
1712343846.796886,0.10052227973937988,42.30197563894697,-83.6978905729155,243.000244140625,4.5,193.3,50,167.88
1712343846.8969917,0.10007762908935547,42.30197563894697,-83.6978905729155,243.000244140625,4.5,193.3,50,167.88
1712343846.9971495,0.10010886192321777,42.30197563894697,-83.6978905729155,243.000244140625,4.5,193.3,50,167.88
1712343847.0973537,0.10018563270568848,42.30197563894697,-83.6978905729155,243.000244140625,4.5,193.3,50,167.88
1712343847.1975248,0.10018658638000488,42.30194639759384,-83.69790067219664,242.80560302734372,4.5,195.46,50,164.6
1712343847.2977085,0.10013151168823242,42.30194639759384,-83.69790067219664,242.80560302734372,4.5,195.46,50,164.6
1712343847.397853,0.10019707679748535,42.30194639759384,-83.69790067219664,242.80560302734372,4.5,195.46,50,164.6
1712343847.4979866,0.10012006759643555,42.30194639759384,-83.69790067219664,242.80560302734372,4.5,195.46,50,164.6
1712343847.598128,0.10013222694396973,42.30194639759384,-83.69790067219664,242.80560302734372,4.5,195.46,50,164.6
1712343847.6982594,0.1001429557800293,42.30194639759384,-83.69790067219664,242.80560302734372,4.5,195.46,50,164.6
1712343847.798444,0.10014748573303223,42.30194639759384,-83.69790067219664,242.80560302734372,4.5,195.46,50,164.6
1712343847.8985713,0.10016465187072754,42.30194639759384,-83.69790067219664,242.80560302734372,4.5,195.46,50,164.6
1712343847.9987364,0.10010671615600586,42.30192864029087,-83.69790757894887,242.68157958984372,4.5,197.33,50,162.6
1712343848.0990021,0.1002957820892334,42.30192864029087,-83.69790757894887,242.68157958984372,4.5,197.33,50,162.6
1712343848.1994154,0.10037374496459961,42.30192864029087,-83.69790757894887,242.68157958984372,4.5,197.33,50,162.6
1712343848.299583,0.10012674331665039,42.30192864029087,-83.69790757894887,242.68157958984372,4.5,197.33,50,162.6
1712343848.3999574,0.10019516944885254,42.3019058153985,-83.69791793722396,242.4192657470703,4.5,200.83,50,160.04
1712343848.5001574,0.10031604766845703,42.3019058153985,-83.69791793722396,242.4192657470703,4.5,200.83,50,160.04
1712343848.6003487,0.10017681121826172,42.3019058153985,-83.69791793722396,242.4192657470703,4.5,200.83,50,160.04
1712343848.7005217,0.10018563270568848,42.3019058153985,-83.69791793722396,242.4192657470703,4.5,200.83,50,160.04
1712343848.8006485,0.10017538070678711,42.3019058153985,-83.69791793722396,242.4192657470703,4.5,200.83,50,160.04
1712343848.900738,0.10009646415710449,42.3019058153985,-83.69791793722396,242.4192657470703,4.5,200.83,50,160.04
1712343849.0008967,0.10009217262268066,42.301887798612086,-83.69792376796988,242.2974395751953,4.5,186.5,50,158.02
1712343849.101005,0.1001276969909668,42.301887798612086,-83.69792376796988,242.2974395751953,4.5,186.5,50,158.02
1712343849.2011156,0.10009264945983887,42.301887798612086,-83.69792376796988,242.2974395751953,4.5,186.5,50,158.02
1712343849.3012302,0.10012197494506836,42.301887798612086,-83.69792376796988,242.2974395751953,4.5,186.5,50,158.02
1712343849.4013734,0.10011172294616699,42.301887798612086,-83.69792376796988,242.2974395751953,4.5,186.5,50,158.02
1712343849.501593,0.10016345977783203,42.3018695926649,-83.69792465596235,242.1778106689453,4.5,178.68,50,156.0
1712343849.6017404,0.1001579761505127,42.3018695926649,-83.69792465596235,242.1778106689453,4.5,178.68,50,156.0
1712343849.7019324,0.10019278526306152,42.3018695926649,-83.69792465596235,242.1778106689453,4.5,178.68,50,156.0
1712343849.80207,0.10013413429260254,42.3018695926649,-83.69792465596235,242.1778106689453,4.5,178.68,50,156.0
1712343849.9022052,0.10013127326965332,42.30185149198167,-83.69792323348793,242.05975341796875,4.5,175.14,50,153.99
1712343850.0025055,0.10029840469360352,42.30185149198167,-83.69792323348793,242.05975341796875,4.5,175.14,23.37,153.99
1712343850.1028905,0.10036563873291016,42.30185149198167,-83.69792323348793,242.05975341796875,4.5,175.14,23.37,153.99
1712343850.2030318,0.10014963150024414,42.30185149198167,-83.69792323348793,242.05975341796875,4.5,175.14,23.37,153.99
1712343850.3031967,0.10011005401611328,42.30185149198167,-83.69792323348793,242.05975341796875,4.5,175.14,23.37,153.99
1712343850.4033968,0.10017800331115723,42.30183353247466,-83.69792073315392,241.9426422119141,4.5,173.21,22.69,152.0
1712343850.5035086,0.10013628005981445,42.30183353247466,-83.69792073315392,241.9426422119141,4.5,173.21,22.69,152.0
1712343850.6036065,0.10009646415710449,42.30183353247466,-83.69792073315392,241.9426422119141,4.5,173.21,22.69,152.0
1712343850.703715,0.10010695457458496,42.30183353247466,-83.69792073315392,241.9426422119141,4.5,173.21,22.69,152.0
1712343850.8038633,0.10010457038879395,42.3018156817956,-83.69791755804572,241.82568359375,4.5,171.95,22.24,150.02
1712343850.9040358,0.10013175010681152,42.3018156817956,-83.69791755804572,241.82568359375,4.5,171.95,22.24,150.02
1712343851.0041742,0.10017204284667969,42.3018156817956,-83.69791755804572,241.82568359375,4.5,171.95,22.24,150.02
1712343851.104282,0.10011839866638184,42.3018156817956,-83.69791755804572,241.82568359375,4.5,171.95,22.24,150.02
1712343851.2066674,0.10237646102905273,42.3018156817956,-83.69791755804572,241.82568359375,4.5,171.95,22.24,150.02
1712343851.3072472,0.10056877136230469,42.3017978830608,-83.697914010709,241.7081451416016,4.5,171.37,21.98,148.05
1712343851.4074178,0.10008883476257324,42.3017978830608,-83.697914010709,241.7081451416016,4.5,171.37,21.98,148.05
1712343851.5075414,0.1001749038696289,42.3017978830608,-83.697914010709,241.7081451416016,4.5,171.37,21.98,148.05
1712343851.607653,0.1001119613647461,42.3017978830608,-83.697914010709,241.7081451416016,4.5,171.37,21.98,148.05
1712343851.7077706,0.10010552406311035,42.30178011187195,-83.69791032576728,241.5899810791016,4.5,171.26,21.92,146.09
1712343851.8078897,0.1000971794128418,42.30178011187195,-83.69791032576728,241.5899810791016,4.5,171.26,21.92,146.09
1712343851.9080029,0.1001133918762207,42.30178011187195,-83.69791032576728,241.5899810791016,4.5,171.26,21.92,146.09
1712343852.0081437,0.10011172294616699,42.30178011187195,-83.69791032576728,241.5899810791016,4.5,171.26,21.92,146.09
1712343852.108263,0.1001431941986084,42.30176234725735,-83.69790667474032,241.47125244140625,4.5,171.51,22.03,144.13
1712343852.2084289,0.10009980201721191,42.30176234725735,-83.69790667474032,241.47125244140625,4.5,171.51,22.03,144.13
1712343852.3085623,0.10016942024230957,42.30176234725735,-83.69790667474032,241.47125244140625,4.5,171.51,22.03,144.13
1712343852.408669,0.10010647773742676,42.30176234725735,-83.69790667474032,241.47125244140625,4.5,171.51,22.03,144.13
1712343852.5088365,0.10011720657348633,42.30176234725735,-83.69790667474032,241.47125244140625,4.5,171.51,22.03,144.13
1712343852.6092002,0.10038256645202637,42.30174457208346,-83.69790318939538,241.35289001464844,4.5,172.07,22.32,142.16
1712343852.709342,0.10011434555053711,42.30174457208346,-83.69790318939538,241.35289001464844,4.5,172.07,22.32,142.16
1712343852.8094764,0.10013151168823242,42.30174457208346,-83.69790318939538,241.35289001464844,4.5,172.07,22.32,142.16
1712343852.9097307,0.10028505325317383,42.30174457208346,-83.69790318939538,241.35289001464844,4.5,172.07,22.32,142.16
1712343853.0098581,0.10010147094726562,42.30172677593288,-83.69790010426324,241.24046325683597,4.5,173.46,22.74,140.2
1712343853.1099646,0.10009241104125977,42.30172677593288,-83.69790010426324,241.24046325683597,4.5,173.46,22.74,140.2
1712343853.2100751,0.10011076927185059,42.30172677593288,-83.69790010426324,241.24046325683597,4.5,173.46,22.74,140.2
1712343853.3102539,0.1001584529876709,42.30172677593288,-83.69790010426324,241.24046325683597,4.5,173.46,22.74,140.2
1712343853.4107354,0.10050463676452637,42.30172677593288,-83.69790010426324,241.24046325683597,4.5,173.46,22.74,140.2
1712343853.5111089,0.10033082962036133,42.301708931802864,-83.69789774987393,241.1293792724609,4.5,175.31,23.27,138.22
1712343853.611705,0.10059738159179688,42.301708931802864,-83.69789774987393,241.1293792724609,4.5,175.31,23.27,138.22
1712343853.7120357,0.10033249855041504,42.301708931802864,-83.69789774987393,241.1293792724609,4.5,175.31,23.27,138.22
1712343853.8124347,0.10039305686950684,42.301708931802864,-83.69789774987393,241.1293792724609,4.5,175.31,23.27,138.22
1712343853.9127977,0.10033512115478516,42.30167508279729,-83.69789603319352,240.9035797119141,4.5,181.81,24.47,134.47
1712343854.012911,0.10008525848388672,42.30167508279729,-83.69789603319352,240.9035797119141,4.5,181.81,24.47,134.47
1712343854.1130297,0.10014986991882324,42.30167508279729,-83.69789603319352,240.9035797119141,4.5,181.81,24.47,134.47
1712343854.213158,0.10007119178771973,42.30167508279729,-83.69789603319352,240.9035797119141,4.5,181.81,24.47,134.47
1712343854.3133857,0.10024523735046387,42.30167508279729,-83.69789603319352,240.9035797119141,4.5,181.81,24.47,134.47
1712343854.413621,0.10022187232971191,42.30167508279729,-83.69789603319352,240.9035797119141,4.5,181.81,24.47,134.47
1712343854.5139174,0.10033011436462402,42.30167508279729,-83.69789603319352,240.9035797119141,4.5,181.81,24.47,134.47
1712343854.6140196,0.10008406639099121,42.30167508279729,-83.69789603319352,240.9035797119141,4.5,181.81,24.47,134.47
1712343854.7143743,0.10033392906188965,42.30165707684185,-83.69789684649936,240.77081298828125,4.5,182.01,25.19,132.47
1712343854.814581,0.10019946098327637,42.30165707684185,-83.69789684649936,240.77081298828125,4.5,182.01,25.19,132.47
1712343854.9147058,0.10009598731994629,42.30165707684185,-83.69789684649936,240.77081298828125,4.5,182.01,25.19,132.47
1712343855.0149043,0.1001272201538086,42.30165707684185,-83.69789684649936,240.77081298828125,4.5,182.01,25.19,132.47
1712343855.1151464,0.10031366348266602,42.30165707684185,-83.69789684649936,240.77081298828125,4.5,182.01,25.19,132.47
1712343855.2153358,0.10016679763793945,42.30162269714268,-83.69789865676972,240.5305938720703,4.5,182.38,26.91,128.64
1712343855.315645,0.10029006004333496,42.30162269714268,-83.69789865676972,240.5305938720703,4.5,182.38,26.91,128.64
1712343855.4157758,0.10013651847839355,42.30162269714268,-83.69789865676972,240.5305938720703,4.5,182.38,26.91,128.64
1712343855.5159664,0.10021519660949707,42.30162269714268,-83.69789865676972,240.5305938720703,4.5,182.38,26.91,128.64
1712343855.6162019,0.10022282600402832,42.30162269714268,-83.69789865676972,240.5305938720703,4.5,182.38,26.91,128.64
1712343855.7163544,0.10014915466308594,42.30162269714268,-83.69789865676972,240.5305938720703,4.5,182.38,26.91,128.64
1712343855.8164861,0.1000986099243164,42.30162269714268,-83.69789865676972,240.5305938720703,4.5,182.38,26.91,128.64
1712343855.9166927,0.10013508796691895,42.30162269714268,-83.69789865676972,240.5305938720703,4.5,182.38,26.91,128.64
1712343856.0168645,0.10021257400512695,42.301604745589,-83.69789963121706,240.40936279296875,4.5,182.22,27.97,126.64
1712343856.1170714,0.1002187728881836,42.301604745589,-83.69789963121706,240.40936279296875,4.5,182.22,27.97,126.64
1712343856.2173426,0.10026025772094727,42.301604745589,-83.69789963121706,240.40936279296875,4.5,182.22,27.97,126.64
1712343856.317466,0.10011696815490723,42.301604745589,-83.69789963121706,240.40936279296875,4.5,182.22,27.97,126.64
1712343856.4176,0.10010528564453125,42.301604745589,-83.69789963121706,240.40936279296875,4.5,182.22,27.97,126.64
1712343856.517749,0.10013651847839355,42.30158679211121,-83.69790054357998,240.28814697265625,4.5,182.08,29.13,124.64
1712343856.6181796,0.1004033088684082,42.30158679211121,-83.69790054357998,240.28814697265625,4.5,182.08,29.13,124.64
1712343856.7185478,0.10041069984436035,42.30158679211121,-83.69790054357998,240.28814697265625,4.5,182.08,29.13,124.64
1712343856.8188522,0.10029435157775879,42.30158679211121,-83.69790054357998,240.28814697265625,4.5,182.08,29.13,124.64
1712343856.9191444,0.10024356842041016,42.30156908460026,-83.69790154174912,240.16693115234372,4.5,182.84,30.36,122.67
1712343857.0199423,0.10077714920043945,42.30156908460026,-83.69790154174912,240.16693115234372,4.5,182.84,30.36,122.67
1712343857.1200864,0.10017871856689453,42.30156908460026,-83.69790154174912,240.16693115234372,4.5,182.84,30.36,122.67
1712343857.2202914,0.10018539428710938,42.30156908460026,-83.69790154174912,240.16693115234372,4.5,182.84,30.36,122.67
1712343857.3204732,0.10017657279968262,42.30156908460026,-83.69790154174912,240.16693115234372,4.5,182.84,30.36,122.67
1712343857.4206202,0.1000971794128418,42.30155143074722,-83.69790291205409,240.04611206054688,4.5,183.75,31.63,120.71
1712343857.520739,0.10010862350463867,42.30155143074722,-83.69790291205409,240.04611206054688,4.5,183.75,31.63,120.71
1712343857.6211898,0.1004030704498291,42.30155143074722,-83.69790291205409,240.04611206054688,4.5,183.75,31.63,120.71
1712343857.7214174,0.10027623176574707,42.30155143074722,-83.69790291205409,240.04611206054688,4.5,183.75,31.63,120.71
1712343857.823628,0.10219669342041016,42.30153379224106,-83.69790466756044,239.9300842285156,4.5,184.69,32.95,118.74
1712343857.9237812,0.1001424789428711,42.30153379224106,-83.69790466756044,239.9300842285156,4.5,184.69,32.95,118.74
1712343858.0238934,0.10010266304016113,42.30153379224106,-83.69790466756044,239.9300842285156,4.5,184.69,32.95,118.74
1712343858.124028,0.1000971794128418,42.30153379224106,-83.69790466756044,239.9300842285156,4.5,184.69,32.95,118.74
1712343858.2241833,0.10014843940734863,42.30151617360514,-83.69790681429127,239.8201141357422,4.5,185.64,34.32,116.78
1712343858.3244383,0.10026097297668457,42.30151617360514,-83.69790681429127,239.8201141357422,4.5,185.64,34.32,116.78
1712343858.424625,0.10016465187072754,42.30151617360514,-83.69790681429127,239.8201141357422,4.5,185.64,34.32,116.78
1712343858.524792,0.1001746654510498,42.30151617360514,-83.69790681429127,239.8201141357422,4.5,185.64,34.32,116.78
1712343858.624966,0.1001901626586914,42.30151617360514,-83.69790681429127,239.8201141357422,4.5,185.64,34.32,116.78
1712343858.7251947,0.10019659996032715,42.30149857970537,-83.69790935817703,239.7161865234375,4.5,186.6,35.71,114.81
1712343858.8253362,0.10009360313415527,42.30149857970537,-83.69790935817703,239.7161865234375,4.5,186.6,35.71,114.81
1712343858.9254992,0.1001746654510498,42.30149857970537,-83.69790935817703,239.7161865234375,4.5,186.6,35.71,114.81
1712343859.0256455,0.10012555122375488,42.30149857970537,-83.69790935817703,239.7161865234375,4.5,186.6,35.71,114.81
1712343859.1257818,0.10017132759094238,42.301481015544965,-83.69791230496286,239.61831665039065,4.5,187.58,37.14,112.85
1712343859.225887,0.10007309913635254,42.301481015544965,-83.69791230496286,239.61831665039065,4.5,187.58,37.14,112.85
1712343859.3260357,0.1000974178314209,42.301481015544965,-83.69791230496286,239.61831665039065,4.5,187.58,37.14,112.85
1712343859.4261951,0.10021257400512695,42.301481015544965,-83.69791230496286,239.61831665039065,4.5,187.58,37.14,112.85
1712343859.5264356,0.10010743141174316,42.30146348674373,-83.69791566039385,239.5264892578125,4.5,188.57,38.59,110.89
1712343859.6266284,0.10027861595153809,42.30146348674373,-83.69791566039385,239.5264892578125,4.5,188.57,38.59,110.89
1712343859.7268245,0.10015249252319336,42.30146348674373,-83.69791566039385,239.5264892578125,4.5,188.57,38.59,110.89
1712343859.8269749,0.10018420219421387,42.30146348674373,-83.69791566039385,239.5264892578125,4.5,188.57,38.59,110.89
1712343859.9270933,0.10007381439208984,42.30146348674373,-83.69791566039385,239.5264892578125,4.5,188.57,38.59,110.89
1712343860.0272336,0.10013031959533691,42.3014459990587,-83.6979194298445,239.4407196044922,4.5,189.58,40.06,108.94
1712343860.1273797,0.10012459754943848,42.3014459990587,-83.6979194298445,239.4407196044922,4.5,189.58,40.06,108.94
1712343860.2275512,0.10018801689147949,42.3014459990587,-83.6979194298445,239.4407196044922,4.5,189.58,40.06,108.94
1712343860.327676,0.1001429557800293,42.3014459990587,-83.6979194298445,239.4407196044922,4.5,189.58,40.06,108.94
1712343860.4277856,0.10007524490356445,42.30142851698864,-83.697923626751,239.3609771728516,4.5,190.43,41.56,106.98
1712343860.5279121,0.10008358955383301,42.30142851698864,-83.697923626751,239.3609771728516,4.5,190.43,41.56,106.98
1712343860.6280572,0.10013794898986816,42.30142851698864,-83.697923626751,239.3609771728516,4.5,190.43,41.56,106.98
1712343860.7282372,0.10015416145324707,42.30142851698864,-83.697923626751,239.3609771728516,4.5,190.43,41.56,106.98
1712343860.828641,0.10044336318969727,42.30141057531716,-83.6979278749003,239.28585815429688,4.5,189.42,43.14,104.97
1712343860.9288664,0.1002044677734375,42.30141057531716,-83.6979278749003,239.28585815429688,4.5,189.42,43.14,104.97
1712343861.0289903,0.10010790824890137,42.30141057531716,-83.6979278749003,239.28585815429688,4.5,189.42,43.14,104.97
1712343861.129127,0.10017132759094238,42.30141057531716,-83.6979278749003,239.28585815429688,4.5,189.42,43.14,104.97
1712343861.2347188,0.10556435585021973,42.30141057531716,-83.6979278749003,239.28585815429688,4.5,189.42,43.14,104.97
1712343861.3348851,0.10011887550354004,42.30139258635137,-83.69793169735436,239.21435546875,4.5,188.42,44.77,102.96
1712343861.434992,0.10011434555053711,42.30139258635137,-83.69793169735436,239.21435546875,4.5,188.42,44.77,102.96
1712343861.5351079,0.10010552406311035,42.30139258635137,-83.69793169735436,239.21435546875,4.5,188.42,44.77,102.96
1712343861.6352205,0.10010886192321777,42.30139258635137,-83.69793169735436,239.21435546875,4.5,188.42,44.77,102.96
1712343861.7354875,0.10026001930236816,42.3013745562593,-83.69793509948768,239.1464691162109,4.5,187.45,46.46,100.95
1712343861.8356433,0.10015082359313965,42.3013745562593,-83.69793509948768,239.1464691162109,4.5,187.45,46.46,100.95
1712343861.9357276,0.1000814437866211,42.3013745562593,-83.69793509948768,239.1464691162109,4.5,187.45,46.46,100.95
1712343862.0358517,0.10007524490356445,42.3013745562593,-83.69793509948768,239.1464691162109,4.5,187.45,46.46,100.95
1712343862.1360717,0.10022592544555664,42.3013745562593,-83.69793509948768,239.1464691162109,4.5,187.45,46.46,100.95
1712343862.2362428,0.10013580322265625,42.301356490592326,-83.6979380866747,239.0821990966797,4.5,186.48,48.18,98.94
1712343862.3364956,0.10021328926086426,42.301356490592326,-83.6979380866747,239.0821990966797,4.5,186.48,48.18,98.94
1712343862.4366145,0.10016775131225586,42.301356490592326,-83.6979380866747,239.0821990966797,4.5,186.48,48.18,98.94
1712343862.536702,0.10011100769042969,42.301356490592326,-83.6979380866747,239.0821990966797,4.5,186.48,48.18,98.94
1712343862.636811,0.1000673770904541,42.30133839503881,-83.69794066484589,239.02154541015625,4.5,185.53,49.95,96.92
1712343862.7369752,0.10009288787841797,42.30133839503881,-83.69794066484589,239.02154541015625,4.5,185.53,49.95,96.92
1712343862.8371089,0.10017108917236328,42.30133839503881,-83.69794066484589,239.02154541015625,4.5,185.53,49.95,96.92
1712343862.9372172,0.10013055801391602,42.30133839503881,-83.69794066484589,239.02154541015625,4.5,185.53,49.95,96.92
1712343863.0373342,0.10010743141174316,42.30133839503881,-83.69794066484589,239.02154541015625,4.5,185.53,49.95,96.92
1712343863.1374853,0.10010647773742676,42.30132027460181,-83.6979428393757,238.9644927978516,4.5,184.6,51.75,94.9
1712343863.2376232,0.10012674331665039,42.30132027460181,-83.6979428393757,238.9644927978516,4.5,184.6,51.75,94.9
1712343863.33773,0.1001291275024414,42.30132027460181,-83.6979428393757,238.9644927978516,4.5,184.6,51.75,94.9
1712343863.4378273,0.10009384155273438,42.30132027460181,-83.6979428393757,238.9644927978516,4.5,184.6,51.75,94.9
1712343863.53807,0.10016393661499023,42.301302134147306,-83.69794461656527,238.91107177734372,4.5,183.68,53.58,92.88
1712343863.638207,0.10014581680297852,42.301302134147306,-83.69794461656527,238.91107177734372,4.5,183.68,53.58,92.88
1712343863.7383351,0.10013341903686523,42.301302134147306,-83.69794461656527,238.91107177734372,4.5,183.68,53.58,92.88
1712343863.8385127,0.10010290145874023,42.301302134147306,-83.69794461656527,238.91107177734372,4.5,183.68,53.58,92.88
1712343863.9386728,0.10021448135375977,42.301302134147306,-83.69794461656527,238.91107177734372,4.5,183.68,53.58,92.88
1712343864.03884,0.1001288890838623,42.30128397813005,-83.6979460021597,238.86007690429688,4.5,182.77,55.43,90.86
1712343864.139014,0.10013628005981445,42.30128397813005,-83.6979460021597,238.86007690429688,4.5,182.77,55.43,90.86
1712343864.239174,0.1001729965209961,42.30128397813005,-83.6979460021597,238.86007690429688,4.5,182.77,55.43,90.86
1712343864.3394227,0.10027861595153809,42.30128397813005,-83.6979460021597,238.86007690429688,4.5,182.77,55.43,90.86
1712343864.4396427,0.10019659996032715,42.30126587933452,-83.69794702015878,238.8091583251953,4.5,182.2,57.3,88.84
1712343864.5398302,0.10011482238769531,42.30126587933452,-83.69794702015878,238.8091583251953,4.5,182.2,57.3,88.84
1712343864.6403627,0.10059857368469238,42.30126587933452,-83.69794702015878,238.8091583251953,4.5,182.2,57.3,88.84
1712343864.7405057,0.10010242462158203,42.30126587933452,-83.69794702015878,238.8091583251953,4.5,182.2,57.3,88.84
1712343864.8406436,0.10013937950134277,42.30126587933452,-83.69794702015878,238.8091583251953,4.5,182.2,57.3,88.84
1712343864.941067,0.10040593147277832,42.30123297505574,-83.6979488353403,238.7071533203125,4.5,182.77,60.73,85.18
1712343865.0413327,0.10026955604553223,42.30123297505574,-83.6979488353403,238.7071533203125,4.5,182.77,60.73,85.18
1712343865.1415565,0.10021376609802246,42.30123297505574,-83.6979488353403,238.7071533203125,4.5,182.77,60.73,85.18
1712343865.2416673,0.10010790824890137,42.30123297505574,-83.6979488353403,238.7071533203125,4.5,182.77,60.73,85.18
1712343865.3418248,0.10014891624450684,42.30123297505574,-83.6979488353403,238.7071533203125,4.5,182.77,60.73,85.18
1712343865.4419932,0.10017180442810059,42.30123297505574,-83.6979488353403,238.7071533203125,4.5,182.77,60.73,85.18
1712343865.5421128,0.10014104843139648,42.30123297505574,-83.6979488353403,238.7071533203125,4.5,182.77,60.73,85.18
1712343865.6422873,0.10016131401062012,42.30123297505574,-83.6979488353403,238.7071533203125,4.5,182.77,60.73,85.18
1712343865.7424414,0.10013318061828613,42.30121503593293,-83.69794996777857,238.65594482421875,4.5,182.54,62.6,83.19
1712343865.8426101,0.1001584529876709,42.30121503593293,-83.69794996777857,238.65594482421875,4.5,182.54,62.6,83.19
1712343865.9427862,0.10010004043579102,42.30121503593293,-83.69794996777857,238.65594482421875,4.5,182.54,62.6,83.19
1712343866.0429654,0.10022234916687012,42.30121503593293,-83.69794996777857,238.65594482421875,4.5,182.54,62.6,83.19
1712343866.1431608,0.10019063949584961,42.30118212402016,-83.69795185579345,238.56329345703125,4.5,182.37,66.06,79.52
1712343866.243299,0.10009646415710449,42.30118212402016,-83.69795185579345,238.56329345703125,4.5,182.37,66.06,79.52
1712343866.343517,0.10023140907287598,42.30118212402016,-83.69795185579345,238.56329345703125,4.5,182.37,66.06,79.52
1712343866.4436994,0.10016584396362305,42.30118212402016,-83.69795185579345,238.56329345703125,4.5,182.37,66.06,79.52
1712343866.5438643,0.10013318061828613,42.30118212402016,-83.69795185579345,238.56329345703125,4.5,182.37,66.06,79.52
1712343866.6439984,0.10017943382263184,42.30118212402016,-83.69795185579345,238.56329345703125,4.5,182.37,66.06,79.52
1712343866.7441378,0.10011005401611328,42.30118212402016,-83.69795185579345,238.56329345703125,4.5,182.37,66.06,79.52
1712343866.8442738,0.10019087791442871,42.30118212402016,-83.69795185579345,238.56329345703125,4.5,182.37,66.06,79.52
1712343866.9443789,0.1000680923461914,42.30118212402016,-83.69795185579345,238.56329345703125,4.5,182.37,66.06,79.52
1712343867.0445127,0.10012555122375488,42.30116417957137,-83.69795282245707,238.51348876953125,4.5,182.33,67.96,77.53
1712343867.144614,0.10009360313415527,42.30116417957137,-83.69795282245707,238.51348876953125,4.5,182.33,67.96,77.53
1712343867.2448149,0.10019183158874512,42.30116417957137,-83.69795282245707,238.51348876953125,4.5,182.33,67.96,77.53
1712343867.34493,0.10011005401611328,42.30116417957137,-83.69795282245707,238.51348876953125,4.5,182.33,67.96,77.53
1712343867.445125,0.10012006759643555,42.30118068854668,-83.69795193381594,238.5592803955078,4.5,182.37,66.22,79.36
1712343867.54531,0.10015583038330078,42.30118068854668,-83.69795193381594,238.5592803955078,4.5,182.37,66.22,79.36
1712343867.645449,0.10019326210021973,42.30118068854668,-83.69795193381594,238.5592803955078,4.5,182.37,66.22,79.36
1712343867.7455964,0.10011506080627441,42.30118068854668,-83.69795193381594,238.5592803955078,4.5,182.37,66.22,79.36
1712343867.8457549,0.10013866424560547,42.30116274396039,-83.69795289908961,238.5095367431641,4.5,182.23,68.12,77.37
1712343867.9458823,0.1001291275024414,42.30116274396039,-83.69795289908961,238.5095367431641,4.5,182.23,68.12,77.37
1712343868.0463104,0.10012340545654297,42.30116274396039,-83.69795289908961,238.5095367431641,4.5,182.23,68.12,77.37
1712343868.1481602,0.1020665168762207,42.30116274396039,-83.69795289908961,238.5095367431641,4.5,182.23,68.12,77.37
1712343868.2483063,0.10022521018981934,42.30116714043743,-83.69795266409547,238.52166748046875,4.5,182.35,67.65,77.86
1712343868.3484972,0.10016679763793945,42.30116714043743,-83.69795266409547,238.52166748046875,4.5,182.35,67.65,77.86
1712343868.448802,0.10029339790344238,42.30114919581303,-83.69795362603325,238.4723052978516,4.5,182.25,69.55,75.86
1712343868.5490994,0.10008931159973145,42.30114919581303,-83.69795362603325,238.4723052978516,4.5,182.25,69.55,75.86
1712343868.6492407,0.10030293464660645,42.30114919581303,-83.69795362603325,238.4723052978516,4.5,182.25,69.55,75.86
1712343868.7494051,0.10016751289367676,42.30114919581303,-83.69795362603325,238.4723052978516,4.5,182.25,69.55,75.86
1712343868.8495448,0.10013127326965332,42.30116211597056,-83.69795293300439,238.5077972412109,4.5,182.36,68.18,77.3
1712343868.9496596,0.10009884834289551,42.30116211597056,-83.69795293300439,238.5077972412109,4.5,182.36,68.18,77.3
1712343869.049765,0.10011053085327148,42.30116211597056,-83.69795293300439,238.5077972412109,4.5,182.36,68.18,77.3
1712343869.1499662,0.10011982917785645,42.301128739325605,-83.69795473539837,238.4240875244141,4.5,182.54,71.73,73.58
1712343869.2502377,0.10031843185424805,42.301128739325605,-83.69795473539837,238.4240875244141,4.5,182.54,71.73,73.58
1712343869.3503785,0.10011696815490723,42.301128739325605,-83.69795473539837,238.4240875244141,4.5,182.54,71.73,73.58
1712343869.4505029,0.1001136302947998,42.301128739325605,-83.69795473539837,238.4240875244141,4.5,182.54,71.73,73.58
1712343869.550654,0.10013008117675781,42.301128739325605,-83.69795473539837,238.4240875244141,4.5,182.54,71.73,73.58
1712343869.650813,0.10021734237670898,42.301128739325605,-83.69795473539837,238.4240875244141,4.5,182.54,71.73,73.58
1712343869.7510006,0.10008621215820312,42.301128739325605,-83.69795473539837,238.4240875244141,4.5,182.54,71.73,73.58
1712343869.8511367,0.10018539428710938,42.301128739325605,-83.69795473539837,238.4240875244141,4.5,182.54,71.73,73.58
1712343869.9513113,0.10014033317565918,42.30111079397062,-83.6979559075892,238.3750762939453,4.5,182.98,73.64,71.59
1712343870.0515575,0.10028553009033203,42.30111079397062,-83.6979559075892,238.3750762939453,4.5,182.98,73.64,71.59
1712343870.1520777,0.100494384765625,42.30111079397062,-83.6979559075892,238.3750762939453,4.5,182.98,73.64,71.59
1712343870.252268,0.10019397735595703,42.30111079397062,-83.6979559075892,238.3750762939453,4.5,182.98,73.64,71.59
1712343870.3523743,0.1000983715057373,42.30111079397062,-83.6979559075892,238.3750762939453,4.5,182.98,73.64,71.59
1712343870.4525728,0.10015296936035156,42.30109285440176,-83.69795725658162,238.3260498046875,4.5,183.38,75.55,69.59
1712343870.5529244,0.10036206245422363,42.30109285440176,-83.69795725658162,238.3260498046875,4.5,183.38,75.55,69.59
1712343870.653097,0.10017108917236328,42.30109285440176,-83.69795725658162,238.3260498046875,4.5,183.38,75.55,69.59
1712343870.753273,0.10011434555053711,42.30109285440176,-83.69795725658162,238.3260498046875,4.5,183.38,75.55,69.59
1712343870.8534157,0.10016226768493652,42.301074753940696,-83.6979586571875,238.27703857421875,4.5,182.99,77.48,67.58
1712343870.9535766,0.10016179084777832,42.301074753940696,-83.6979586571875,238.27703857421875,4.5,182.99,77.48,67.58
1712343871.053701,0.1001439094543457,42.301074753940696,-83.6979586571875,238.27703857421875,4.5,182.99,77.48,67.58
1712343871.1538458,0.10007739067077637,42.301074753940696,-83.6979586571875,238.27703857421875,4.5,182.99,77.48,67.58
1712343871.254064,0.10026335716247559,42.301074753940696,-83.6979586571875,238.27703857421875,4.5,182.99,77.48,67.58
1712343871.3542314,0.10010409355163574,42.30105657935332,-83.69795978999643,238.22804260253903,4.5,182.31,79.43,65.55
1712343871.4543312,0.10011696815490723,42.30105657935332,-83.69795978999643,238.22804260253903,4.5,182.31,79.43,65.55
1712343871.5544384,0.10009360313415527,42.30105657935332,-83.69795978999643,238.22804260253903,4.5,182.31,79.43,65.55
1712343871.65468,0.1002357006072998,42.30105657935332,-83.69795978999643,238.22804260253903,4.5,182.31,79.43,65.55
1712343871.7548833,0.10019803047180176,42.301038385193806,-83.697960620167,238.1796112060547,4.5,181.59,81.38,63.53
1712343871.8549995,0.10008955001831055,42.301038385193806,-83.697960620167,238.1796112060547,4.5,181.59,81.38,63.53
1712343871.9551685,0.10011506080627441,42.301038385193806,-83.697960620167,238.1796112060547,4.5,181.59,81.38,63.53
1712343872.055278,0.10016608238220215,42.301038385193806,-83.697960620167,238.1796112060547,4.5,181.59,81.38,63.53
1712343872.15544,0.10012173652648926,42.301038385193806,-83.697960620167,238.1796112060547,4.5,181.59,81.38,63.53
1712343872.255566,0.10014510154724121,42.30102017231877,-83.69796113009316,238.13204956054688,4.5,180.83,83.35,61.5
1712343872.3558547,0.10017085075378418,42.30102017231877,-83.69796113009316,238.13204956054688,4.5,180.83,83.35,61.5
1712343872.4559877,0.1002206802368164,42.30102017231877,-83.69796113009316,238.13204956054688,4.5,180.83,83.35,61.5
1712343872.5561383,0.1001291275024414,42.30102017231877,-83.69796113009316,238.13204956054688,4.5,180.83,83.35,61.5
1712343872.6563067,0.10014510154724121,42.30100194254448,-83.69796130216893,238.0853576660156,4.5,180.03,85.33,59.48
1712343872.7564886,0.10012078285217285,42.30100194254448,-83.69796130216893,238.0853576660156,4.5,180.03,85.33,59.48
1712343872.8566287,0.10019230842590332,42.30100194254448,-83.69796130216893,238.0853576660156,4.5,180.03,85.33,59.48
1712343872.9567747,0.10013270378112793,42.30100194254448,-83.69796130216893,238.0853576660156,4.5,180.03,85.33,59.48
1712343873.056899,0.1001584529876709,42.30100194254448,-83.69796130216893,238.0853576660156,4.5,180.03,85.33,59.48
1712343873.157119,0.1001119613647461,42.300983698543774,-83.69796111878824,238.0395355224609,4.5,179.18,87.32,57.45
1712343873.2572632,0.10017704963684082,42.300983698543774,-83.69796111878824,238.0395355224609,4.5,179.18,87.32,57.45
1712343873.3577902,0.10015392303466797,42.300983698543774,-83.69796111878824,238.0395355224609,4.5,179.18,87.32,57.45
1712343873.457917,0.10050773620605469,42.300983698543774,-83.69796111878824,238.0395355224609,4.5,179.18,87.32,57.45
1712343873.5581324,0.10014033317565918,42.30096544391475,-83.69796056253041,237.99456787109372,4.5,178.3,89.32,55.42
1712343873.6645243,0.10638880729675293,42.30096544391475,-83.69796056253041,237.99456787109372,4.5,178.3,89.32,55.42
1712343873.7647011,0.10015130043029785,42.30096544391475,-83.69796056253041,237.99456787109372,4.5,178.3,89.32,55.42
1712343873.8648672,0.10017108917236328,42.30096544391475,-83.69796056253041,237.99456787109372,4.5,178.3,89.32,55.42
1712343873.965035,0.10017824172973633,42.30096544391475,-83.69796056253041,237.99456787109372,4.5,178.3,89.32,55.42
1712343874.0651546,0.10014677047729492,42.30094718311227,-83.69795961560408,237.9504852294922,4.5,177.38,91.33,53.39
1712343874.165294,0.10009217262268066,42.30094718311227,-83.69795961560408,237.9504852294922,4.5,177.38,91.33,53.39
1712343874.2660432,0.10068249702453613,42.30094718311227,-83.69795961560408,237.9504852294922,4.5,177.38,91.33,53.39
1712343874.3664372,0.10049200057983398,42.30094718311227,-83.69795961560408,237.9504852294922,4.5,177.38,91.33,53.39
1712343874.4667344,0.1002962589263916,42.30092892141349,-83.69795826086654,237.90725708007807,4.5,176.42,93.34,51.36
1712343874.5668697,0.10007357597351074,42.30092892141349,-83.69795826086654,237.90725708007807,4.5,176.42,93.34,51.36
1712343874.6669903,0.10014033317565918,42.30092892141349,-83.69795826086654,237.90725708007807,4.5,176.42,93.34,51.36
1712343874.7674177,0.10036849975585938,42.30092892141349,-83.69795826086654,237.90725708007807,4.5,176.42,93.34,51.36
1712343874.8678179,0.1004641056060791,42.30092892141349,-83.69795826086654,237.90725708007807,4.5,176.42,93.34,51.36
1712343874.9679844,0.10010719299316406,42.30091098994859,-83.69795664815435,237.86497497558597,4.5,176.45,95.33,49.37
1712343875.0681212,0.1001288890838623,42.30091098994859,-83.69795664815435,237.86497497558597,4.5,176.45,95.33,49.37
1712343875.16831,0.10021376609802246,42.30091098994859,-83.69795664815435,237.86497497558597,4.5,176.45,95.33,49.37
1712343875.2684596,0.10016107559204102,42.30091098994859,-83.69795664815435,237.86497497558597,4.5,176.45,95.33,49.37
1712343875.3686342,0.10013675689697266,42.30089335311348,-83.69795538413418,237.8240203857422,4.5,177.38,97.27,47.42
1712343875.4688,0.10009241104125977,42.30089335311348,-83.69795538413418,237.8240203857422,4.5,177.38,97.27,47.42
1712343875.5689356,0.1001729965209961,42.30089335311348,-83.69795538413418,237.8240203857422,4.5,177.38,97.27,47.42
1712343875.6691012,0.10012054443359375,42.30089335311348,-83.69795538413418,237.8240203857422,4.5,177.38,97.27,47.42
1712343875.7693632,0.10030055046081543,42.30087571819246,-83.69795449947759,237.7844390869141,4.5,178.27,99.21,45.46
1712343875.8695807,0.10020947456359863,42.30087571819246,-83.69795449947759,237.7844390869141,4.5,178.27,99.21,45.46
1712343875.9697146,0.10008478164672852,42.30087571819246,-83.69795449947759,237.7844390869141,4.5,178.27,99.21,45.46
1712343876.0698376,0.10015153884887695,42.30087571819246,-83.69795449947759,237.7844390869141,4.5,178.27,99.21,45.46
1712343876.169986,0.10012388229370117,42.30087571819246,-83.69795449947759,237.7844390869141,4.5,178.27,99.21,45.46
1712343876.27018,0.10021090507507324,42.30085808994869,-83.69795397694921,237.74624633789065,4.5,179.12,101.15,43.5
1712343876.3703408,0.10013651847839355,42.30085808994869,-83.69795397694921,237.74624633789065,4.5,179.12,101.15,43.5
1712343876.4704614,0.10011982917785645,42.30085808994869,-83.69795397694921,237.74624633789065,4.5,179.12,101.15,43.5
1712343876.5705576,0.10009360313415527,42.30085808994869,-83.69795397694921,237.74624633789065,4.5,179.12,101.15,43.5
1712343876.6706705,0.10009574890136719,42.3008404723916,-83.69795379922098,237.7094268798828,4.5,179.93,103.08,41.55
1712343876.7707734,0.10008955001831055,42.3008404723916,-83.69795379922098,237.7094268798828,4.5,179.93,103.08,41.55
1712343876.8708718,0.10009527206420898,42.3008404723916,-83.69795379922098,237.7094268798828,4.5,179.93,103.08,41.55
1712343876.971009,0.10010027885437012,42.3008404723916,-83.69795379922098,237.7094268798828,4.5,179.93,103.08,41.55
1712343877.0711856,0.10015749931335449,42.30082286862236,-83.69795394850156,237.6739959716797,4.5,180.7,105.0,39.59
1712343877.1713417,0.10013198852539062,42.30082286862236,-83.69795394850156,237.6739959716797,4.5,180.7,105.0,39.59
1712343877.2714794,0.10015463829040527,42.30082286862236,-83.69795394850156,237.6739959716797,4.5,180.7,105.0,39.59
1712343877.3715878,0.10011935234069824,42.30082286862236,-83.69795394850156,237.6739959716797,4.5,180.7,105.0,39.59
1712343877.4716852,0.10010719299316406,42.30082286862236,-83.69795394850156,237.6739959716797,4.5,180.7,105.0,39.59
1712343877.5718787,0.1001431941986084,42.30080528088561,-83.69795440727759,237.63995361328125,4.5,181.43,106.93,37.63
1712343877.6720002,0.10012006759643555,42.30080528088561,-83.69795440727759,237.63995361328125,4.5,181.43,106.93,37.63
1712343877.7721457,0.10018038749694824,42.30080528088561,-83.69795440727759,237.63995361328125,4.5,181.43,106.93,37.63
1712343877.8722632,0.10006880760192871,42.30080528088561,-83.69795440727759,237.63995361328125,4.5,181.43,106.93,37.63
1712343877.9724088,0.10012078285217285,42.3007877106206,-83.69795515822103,237.6072998046875,4.5,182.12,108.84,35.68
1712343878.072918,0.10051894187927246,42.3007877106206,-83.69795515822103,237.6072998046875,4.5,182.12,50,35.68
1712343878.173087,0.10016393661499023,42.3007877106206,-83.69795515822103,237.6072998046875,4.5,182.12,50,35.68
1712343878.2733166,0.10023999214172363,42.3007877106206,-83.69795515822103,237.6072998046875,4.5,182.12,50,35.68
1712343878.373553,0.10019540786743164,42.30077015834132,-83.69795618344786,237.57550048828125,4.5,182.76,50,33.73
1712343878.473687,0.1000971794128418,42.30077015834132,-83.69795618344786,237.57550048828125,4.5,182.76,50,33.73
1712343878.5738149,0.10014748573303223,42.30077015834132,-83.69795618344786,237.57550048828125,4.5,182.76,50,33.73
1712343878.6739192,0.10010290145874023,42.30077015834132,-83.69795618344786,237.57550048828125,4.5,182.76,50,33.73
1712343878.7740152,0.10009527206420898,42.30077015834132,-83.69795618344786,237.57550048828125,4.5,182.76,50,33.73
1712343878.8741622,0.1000983715057373,42.30075249795894,-83.6979574538618,237.543701171875,4.5,183.08,50,31.76
1712343878.9745326,0.10038328170776367,42.30075249795894,-83.6979574538618,237.543701171875,4.5,183.08,50,31.76
1712343879.074684,0.10014939308166504,42.30075249795894,-83.6979574538618,237.543701171875,4.5,183.08,50,31.76
1712343879.1748214,0.10010385513305664,42.30075249795894,-83.6979574538618,237.543701171875,4.5,183.08,50,31.76
1712343879.2749484,0.10013508796691895,42.300717451648495,-83.69795967472328,237.4816131591797,4.5,182.26,50,27.86
1712343879.3750744,0.10009121894836426,42.300717451648495,-83.69795967472328,237.4816131591797,4.5,182.26,50,27.86
1712343879.4752493,0.1001424789428711,42.300717451648495,-83.69795967472328,237.4816131591797,4.5,182.26,50,27.86
1712343879.5754185,0.10017657279968262,42.300717451648495,-83.69795967472328,237.4816131591797,4.5,182.26,50,27.86
1712343879.6755428,0.10015177726745605,42.300717451648495,-83.69795967472328,237.4816131591797,4.5,182.26,50,27.86
1712343879.7756605,0.10011959075927734,42.300717451648495,-83.69795967472328,237.4816131591797,4.5,182.26,50,27.86
1712343879.8757763,0.1001284122467041,42.300717451648495,-83.69795967472328,237.4816131591797,4.5,182.26,50,27.86
1712343879.9758728,0.10009002685546875,42.300717451648495,-83.69795967472328,237.4816131591797,4.5,182.26,50,27.86
1712343880.075983,0.10010957717895508,42.300717451648495,-83.69795967472328,237.4816131591797,4.5,182.26,50,27.86
1712343880.1763213,0.10033345222473145,42.30069949934838,-83.69796063267654,237.45004272460935,4.5,182.26,50,25.86
1712343880.2764368,0.10007858276367188,42.30069949934838,-83.69796063267654,237.45004272460935,4.5,182.26,50,25.86
1712343880.376562,0.1001124382019043,42.30069949934838,-83.69796063267654,237.45004272460935,4.5,182.26,50,25.86
1712343880.4767125,0.10019326210021973,42.30069949934838,-83.69796063267654,237.45004272460935,4.5,182.26,50,25.86
1712343880.5768182,0.10006999969482422,42.30068154702602,-83.69796159007383,237.41891479492188,4.5,182.26,50,23.86
1712343880.6769345,0.10010313987731934,42.30068154702602,-83.69796159007383,237.41891479492188,4.5,182.26,50,23.86
1712343880.777051,0.10010886192321777,42.30068154702602,-83.69796159007383,237.41891479492188,4.5,182.26,50,23.86
1712343880.8771584,0.10010981559753418,42.30068154702602,-83.69796159007383,237.41891479492188,4.5,182.26,50,23.86
1712343880.9772613,0.10010290145874023,42.30068154702602,-83.69796159007383,237.41891479492188,4.5,182.26,50,23.86
1712343881.0774033,0.10013008117675781,42.3006521261502,-83.69796316414542,237.36886596679688,4.5,182.27,50,20.59
1712343881.1775708,0.10017776489257812,42.3006521261502,-83.69796316414542,237.36886596679688,4.5,182.27,50,20.59
1712343881.2777376,0.10016870498657227,42.3006521261502,-83.69796316414542,237.36886596679688,4.5,182.27,50,20.59
1712343881.3778882,0.10013771057128906,42.3006521261502,-83.69796316414542,237.36886596679688,4.5,182.27,50,20.59
1712343881.478,0.1000826358795166,42.3006521261502,-83.69796316414542,237.36886596679688,4.5,182.27,50,20.59
1712343881.5781112,0.10011434555053711,42.3006521261502,-83.69796316414542,237.36886596679688,4.5,182.27,50,20.59
1712343881.6782331,0.1001129150390625,42.3006521261502,-83.69796316414542,237.36886596679688,4.5,182.27,50,20.59
1712343881.7784243,0.10018563270568848,42.30062851972269,-83.69796445355533,237.32955932617188,4.5,182.35,50,17.96
1712343881.8785565,0.10011029243469238,42.30062851972269,-83.69796445355533,237.32955932617188,4.5,182.35,50,17.96
1712343881.9787066,0.10012030601501465,42.30062851972269,-83.69796445355533,237.32955932617188,4.5,182.35,50,17.96
1712343882.0788715,0.10018634796142578,42.30062851972269,-83.69796445355533,237.32955932617188,4.5,182.35,50,17.96
1712343882.1789997,0.10011911392211914,42.30062851972269,-83.69796445355533,237.32955932617188,4.5,182.35,50,17.96
1712343882.2791278,0.10013318061828613,42.30062851972269,-83.69796445355533,237.32955932617188,4.5,182.35,50,17.96
1712343882.3792825,0.10012102127075195,42.30059522031851,-83.69796630459754,237.2754364013672,4.5,182.32,50,14.26
1712343882.4794161,0.10013365745544434,42.30059522031851,-83.69796630459754,237.2754364013672,4.5,182.32,50,14.26
1712343882.5795283,0.1001119613647461,42.30059522031851,-83.69796630459754,237.2754364013672,4.5,182.32,50,14.26
1712343882.6796439,0.1001133918762207,42.30059522031851,-83.69796630459754,237.2754364013672,4.5,182.32,50,14.26
1712343882.7797933,0.10011696815490723,42.30059522031851,-83.69796630459754,237.2754364013672,4.5,182.32,50,14.26
1712343882.8798866,0.10013937950134277,42.30059522031851,-83.69796630459754,237.2754364013672,4.5,182.32,50,14.26
1712343882.980006,0.10008788108825684,42.30059522031851,-83.69796630459754,237.2754364013672,4.5,182.32,50,14.26
1712343883.0800946,0.10012245178222656,42.30059522031851,-83.69796630459754,237.2754364013672,4.5,182.32,50,14.26
1712343883.180196,0.10007500648498535,42.30057726812626,-83.69796726727664,237.2469024658203,4.5,182.23,50,12.26
1712343883.2802832,0.10007357597351074,42.30057726812626,-83.69796726727664,237.2469024658203,4.5,182.23,50,12.26
1712343883.3803844,0.10009145736694336,42.30057726812626,-83.69796726727664,237.2469024658203,4.5,182.23,50,12.26
1712343883.480487,0.10010385513305664,42.30057726812626,-83.69796726727664,237.2469024658203,4.5,182.23,50,12.26
1712343883.5805998,0.10010147094726562,42.30057915315845,-83.69796716784892,237.2498779296875,4.5,182.23,50,12.47
1712343883.6806915,0.10008025169372559,42.30056120029207,-83.69796810773283,237.2217254638672,4.5,182.2,50,10.47
1712343883.7807987,0.10006928443908691,42.30056120029207,-83.69796810773283,237.2217254638672,4.5,182.2,50,10.47
1712343883.8808904,0.1001138687133789,42.30056120029207,-83.69796810773283,237.2217254638672,4.5,182.2,50,10.47
1712343883.980986,0.1000833511352539,42.30056120029207,-83.69796810773283,237.2217254638672,4.5,182.2,50,10.47
1712343884.0812755,0.1002960205078125,42.3005432470907,-83.69796903631183,237.19403076171875,4.5,182.18,50,8.47
1712343884.1814046,0.10009455680847168,42.3005432470907,-83.69796903631183,237.19403076171875,4.5,182.18,50,8.47
1712343884.281551,0.10011124610900879,42.3005432470907,-83.69796903631183,237.19403076171875,4.5,182.18,50,8.47
1712343884.381699,0.10013794898986816,42.3005432470907,-83.69796903631183,237.19403076171875,4.5,182.18,50,8.47
1712343884.48181,0.10015368461608887,42.3005432470907,-83.69796903631183,237.19403076171875,4.5,182.18,50,8.47
1712343884.581948,0.10009098052978516,42.30052097595615,-83.69797017922106,237.1602783203125,4.5,182.17,50,5.99
1712343884.6820965,0.10015606880187988,42.30052097595615,-83.69797017922106,237.1602783203125,4.5,182.17,50,5.99
1712343884.7822173,0.10010313987731934,42.30052097595615,-83.69797017922106,237.1602783203125,4.5,182.17,50,5.99
1712343884.882306,0.1001124382019043,42.30052097595615,-83.69797017922106,237.1602783203125,4.5,182.17,50,5.99
1712343884.9824312,0.10008049011230469,42.30052097595615,-83.69797017922106,237.1602783203125,4.5,182.17,50,5.99
1712343885.0825524,0.10013675689697266,42.30050302282899,-83.69797111067261,237.133544921875,4.5,182.26,50,4.0
1712343885.1826835,0.10008430480957031,42.30050302282899,-83.69797111067261,237.133544921875,4.5,182.26,50,4.0
1712343885.2829533,0.10030674934387207,42.30050302282899,-83.69797111067261,237.133544921875,4.5,182.26,50,4.0
1712343885.3833938,0.10041260719299316,42.30050302282899,-83.69797111067261,237.133544921875,4.5,182.26,50,4.0
1712343885.4835193,0.10014152526855469,42.30050302282899,-83.69797111067261,237.133544921875,4.5,182.26,50,4.0
1712343885.5861516,0.1026163101196289,42.30048507045064,-83.6979720680699,237.1069183349609,4.5,182.26,50,2.0
1712343885.687495,0.10128974914550781,42.30048507045064,-83.6979720680699,237.1069183349609,4.5,182.26,50,2.0
1712343885.7883368,0.1008443832397461,42.30048507045064,-83.6979720680699,237.1069183349609,4.5,182.26,50,2.0
1712343885.8884528,0.10013747215270996,42.30048507045064,-83.6979720680699,237.1069183349609,4.5,182.26,50,2.0
1712343885.988608,0.10010933876037598,42.30046711803288,-83.69797302407724,237.08029174804688,4.5,182.25,143.94,0.0
1712343886.0887449,0.10012578964233398,42.30046711803288,-83.69797302407724,237.08029174804688,4.5,182.25,143.94,0.0
1712343886.1888835,0.1001288890838623,42.30046711803288,-83.69797302407724,237.08029174804688,4.5,182.25,143.94,0.0
1712343886.289065,0.1001439094543457,42.30046711803288,-83.69797302407724,237.08029174804688,4.5,182.25,143.94,0.0
1712343886.389336,0.10033512115478516,42.30046711803288,-83.69797302407724,237.08029174804688,4.5,182.25,143.94,0.0
1712343886.4894981,0.1001136302947998,42.30044915280232,-83.69797397860196,237.0536651611328,4.5,182.22,145.92,2.0
1712343886.5896409,0.10012531280517578,42.30044915280232,-83.69797397860196,237.0536651611328,4.5,182.22,145.92,2.0
1712343886.6898587,0.10022354125976562,42.30044915280232,-83.69797397860196,237.0536651611328,4.5,182.22,145.92,2.0
1712343886.7928202,0.10298991203308105,42.30044915280232,-83.69797397860196,237.0536651611328,4.5,182.22,145.92,2.0
1712343886.8929653,0.1000986099243164,42.30043110047424,-83.69797487595342,237.0264587402344,4.5,181.99,147.9,4.01
1712343886.993106,0.10010743141174316,42.30043110047424,-83.69797487595342,237.0264587402344,4.5,181.99,147.9,4.01
1712343887.0932393,0.10016131401062012,42.30043110047424,-83.69797487595342,237.0264587402344,4.5,181.99,147.9,4.01
1712343887.193379,0.10010099411010742,42.30043110047424,-83.69797487595342,237.0264587402344,4.5,181.99,147.9,4.01
1712343887.2935514,0.10020732879638672,42.300413045605154,-83.6979756748038,236.99838256835935,4.5,181.76,149.89,6.02
1712343887.3937383,0.10017132759094238,42.300413045605154,-83.6979756748038,236.99838256835935,4.5,181.76,149.89,6.02
1712343887.4940865,0.10034465789794922,42.300413045605154,-83.6979756748038,236.99838256835935,4.5,181.76,149.89,6.02
1712343887.594209,0.10009336471557617,42.300413045605154,-83.6979756748038,236.99838256835935,4.5,181.76,149.89,6.02
1712343887.694311,0.10011863708496094,42.300413045605154,-83.6979756748038,236.99838256835935,4.5,181.76,149.89,6.02
1712343887.7944891,0.10015535354614258,42.30039498853773,-83.69797637478241,236.96942138671875,4.5,181.53,151.88,8.03
1712343887.8947515,0.1002342700958252,42.30039498853773,-83.69797637478241,236.96942138671875,4.5,181.53,151.88,8.03
1712343887.9949176,0.10018110275268555,42.30039498853773,-83.69797637478241,236.96942138671875,4.5,181.53,151.88,8.03
1712343888.095179,0.10024356842041016,42.30039498853773,-83.69797637478241,236.96942138671875,4.5,181.53,151.88,8.03
1712343888.1953654,0.10016155242919922,42.300376929528994,-83.69797697700125,236.9395904541016,4.5,181.3,153.87,10.03
1712343888.2956142,0.10022306442260742,42.300376929528994,-83.69797697700125,236.9395904541016,4.5,181.3,153.87,10.03
1712343888.3958285,0.10013890266418457,42.300376929528994,-83.69797697700125,236.9395904541016,4.5,181.3,153.87,10.03
1712343888.4959562,0.10022926330566406,42.300376929528994,-83.69797697700125,236.9395904541016,4.5,181.3,153.87,10.03
1712343888.5960703,0.10009884834289551,42.300376929528994,-83.69797697700125,236.9395904541016,4.5,181.3,153.87,10.03
1712343888.6961818,0.10010528564453125,42.30035888256032,-83.69797748146028,236.90887451171875,4.5,181.1,155.86,12.04
1712343888.7962732,0.10007977485656738,42.30035888256032,-83.69797748146028,236.90887451171875,4.5,181.1,155.86,12.04
1712343888.8964336,0.10015678405761719,42.30035888256032,-83.69797748146028,236.90887451171875,4.5,181.1,155.86,12.04
1712343888.9965677,0.10015177726745605,42.30035888256032,-83.69797748146028,236.90887451171875,4.5,181.1,155.86,12.04
1712343889.0967386,0.10012650489807129,42.30034091949205,-83.6979779473714,236.8772735595703,4.5,181.1,157.85,14.04
1712343889.1968596,0.10010075569152832,42.30034091949205,-83.6979779473714,236.8772735595703,4.5,181.1,157.85,14.04
1712343889.2970812,0.10020136833190918,42.30034091949205,-83.6979779473714,236.8772735595703,4.5,181.1,157.85,14.04
1712343889.3972073,0.10013842582702637,42.30034091949205,-83.6979779473714,236.8772735595703,4.5,181.1,157.85,14.04
1712343889.4973218,0.10014057159423828,42.30034091949205,-83.6979779473714,236.8772735595703,4.5,181.1,157.85,14.04
1712343889.5974872,0.10012388229370117,42.30032307911577,-83.69797846091144,236.84454345703125,4.5,181.38,159.82,16.02
1712343889.6976194,0.10009932518005371,42.30032307911577,-83.69797846091144,236.84454345703125,4.5,181.38,159.82,16.02
1712343889.7977443,0.10013151168823242,42.30032307911577,-83.69797846091144,236.84454345703125,4.5,181.38,159.82,16.02
1712343889.8978965,0.1001884937286377,42.30032307911577,-83.69797846091144,236.84454345703125,4.5,181.38,159.82,16.02
1712343889.998006,0.10006356239318848,42.30030526225951,-83.69797911335378,236.8102264404297,4.5,181.72,161.78,18.0
1712343890.0981307,0.10009241104125977,42.30030526225951,-83.69797911335378,236.8102264404297,4.5,181.72,161.78,18.0
1712343890.1982598,0.10015201568603516,42.30030526225951,-83.69797911335378,236.8102264404297,4.5,181.72,161.78,18.0
1712343890.2983596,0.10009407997131348,42.30030526225951,-83.69797911335378,236.8102264404297,4.5,181.72,161.78,18.0
1712343890.3984706,0.1000986099243164,42.30028744849952,-83.6979799065517,236.77430725097656,4.5,182.05,163.75,19.99
1712343890.4985626,0.10007929801940918,42.30028744849952,-83.6979799065517,236.77430725097656,4.5,182.05,163.75,19.99
1712343890.598691,0.1000971794128418,42.30028744849952,-83.6979799065517,236.77430725097656,4.5,182.05,163.75,19.99
1712343890.6988182,0.10013484954833984,42.30028744849952,-83.6979799065517,236.77430725097656,4.5,182.05,163.75,19.99
1712343890.7989345,0.10012650489807129,42.30028744849952,-83.6979799065517,236.77430725097656,4.5,182.05,163.75,19.99
1712343890.8990505,0.10010719299316406,42.300269638435424,-83.69798084078315,236.7368011474609,4.5,182.39,165.71,21.97
1712343890.9991705,0.10009288787841797,42.300269638435424,-83.69798084078315,236.7368011474609,4.5,182.39,165.71,21.97
1712343891.0992827,0.10011458396911621,42.300269638435424,-83.69798084078315,236.7368011474609,4.5,182.39,165.71,21.97
1712343891.1994112,0.10013413429260254,42.300269638435424,-83.69798084078315,236.7368011474609,4.5,182.39,165.71,21.97
1712343891.2995143,0.10009407997131348,42.3002518326841,-83.69798191614082,236.69769287109372,4.5,182.73,167.67,23.95
1712343891.3996363,0.10007882118225098,42.3002518326841,-83.69798191614082,236.69769287109372,4.5,182.73,167.67,23.95
1712343891.4997554,0.10013461112976074,42.3002518326841,-83.69798191614082,236.69769287109372,4.5,182.73,167.67,23.95
1712343891.59988,0.10011410713195801,42.3002518326841,-83.69798191614082,236.69769287109372,4.5,182.73,167.67,23.95
1712343891.700057,0.10016751289367676,42.3002518326841,-83.69798191614082,236.69769287109372,4.5,182.73,167.67,23.95
1712343891.8001926,0.10013747215270996,42.30023403189659,-83.6979831329027,236.656982421875,4.5,183.06,169.63,25.93
1712343891.90033,0.1000971794128418,42.30023403189659,-83.6979831329027,236.656982421875,4.5,183.06,169.63,25.93
1712343892.0004554,0.10014605522155762,42.30023403189659,-83.6979831329027,236.656982421875,4.5,183.06,169.63,25.93
1712343892.1005886,0.1001136302947998,42.30023403189659,-83.6979831329027,236.656982421875,4.5,183.06,169.63,25.93
1712343892.2007442,0.10012936592102051,42.300216236689806,-83.69798449116145,236.61492919921875,4.5,183.4,171.59,27.91
1712343892.300849,0.10012006759643555,42.300216236689806,-83.69798449116145,236.61492919921875,4.5,183.4,171.59,27.91
1712343892.4009702,0.10009455680847168,42.300216236689806,-83.69798449116145,236.61492919921875,4.5,183.4,171.59,27.91
1712343892.5011451,0.10013723373413086,42.300216236689806,-83.69798449116145,236.61492919921875,4.5,183.4,171.59,27.91
1712343892.6013024,0.10020232200622559,42.300198406147445,-83.6979859886005,236.57272338867188,4.5,183.64,173.56,29.9
1712343892.70142,0.1000816822052002,42.300198406147445,-83.6979859886005,236.57272338867188,4.5,183.64,173.56,29.9
1712343892.801545,0.10012435913085938,42.300198406147445,-83.6979859886005,236.57272338867188,4.5,183.64,173.56,29.9
1712343892.9017067,0.10013604164123535,42.300198406147445,-83.6979859886005,236.57272338867188,4.5,183.64,173.56,29.9
1712343893.0018644,0.10015511512756348,42.300198406147445,-83.6979859886005,236.57272338867188,4.5,183.64,173.56,29.9
1712343893.101989,0.10015487670898438,42.300169730251554,-83.69798845705832,236.5052032470703,4.5,183.73,176.72,33.09
1712343893.202107,0.10008358955383301,42.300169730251554,-83.69798845705832,236.5052032470703,4.5,183.73,176.72,33.09
1712343893.30225,0.10013699531555176,42.300169730251554,-83.69798845705832,236.5052032470703,4.5,183.73,176.72,33.09
1712343893.4023733,0.10014033317565918,42.300169730251554,-83.69798845705832,236.5052032470703,4.5,183.73,176.72,33.09
1712343893.5024855,0.10011506080627441,42.300169730251554,-83.69798845705832,236.5052032470703,4.5,183.73,176.72,33.09
1712343893.602606,0.10011148452758789,42.300169730251554,-83.69798845705832,236.5052032470703,4.5,183.73,176.72,33.09
1712343893.7027473,0.10011506080627441,42.300169730251554,-83.69798845705832,236.5052032470703,4.5,183.73,176.72,33.09
1712343893.802897,0.10014009475708008,42.30015235608059,-83.69799017355342,236.4642791748047,4.5,184.71,178.63,35.03
1712343893.9033005,0.10042619705200195,42.30015235608059,-83.69799017355342,236.4642791748047,4.5,184.71,178.63,35.03
1712343894.003715,0.10040402412414551,42.30015235608059,-83.69799017355342,236.4642791748047,4.5,184.71,178.63,35.03
1712343894.1038878,0.1001746654510498,42.30015235608059,-83.69799017355342,236.4642791748047,4.5,184.71,178.63,35.03
1712343894.2042336,0.10032224655151367,42.30013528264303,-83.69799241016766,236.4254302978516,4.5,186.57,180.51,36.93
1712343894.3043497,0.10008120536804199,42.30013528264303,-83.69799241016766,236.4254302978516,4.5,186.57,180.51,36.93
1712343894.4044995,0.10018253326416016,42.30013528264303,-83.69799241016766,236.4254302978516,4.5,186.57,180.51,36.93
1712343894.504739,0.10020589828491211,42.30013528264303,-83.69799241016766,236.4254302978516,4.5,186.57,180.51,36.93
1712343894.6050935,0.10037088394165039,42.30013528264303,-83.69799241016766,236.4254302978516,4.5,186.57,180.51,36.93
1712343894.7052124,0.10008859634399414,42.3001185616157,-83.69799555997878,236.3878936767578,4.5,189.37,182.34,38.8
1712343894.8053427,0.10013628005981445,42.3001185616157,-83.69799555997878,236.3878936767578,4.5,189.37,182.34,38.8
1712343894.9055204,0.10016250610351562,42.3001185616157,-83.69799555997878,236.3878936767578,4.5,189.37,182.34,38.8
1712343895.0057669,0.10024762153625488,42.3001185616157,-83.69799555997878,236.3878936767578,4.5,189.37,182.34,38.8
1712343895.1067367,0.1009373664855957,42.30010221993373,-83.69799982137893,236.3509521484375,4.5,192.53,184.12,40.63
1712343895.2069027,0.10016441345214844,42.30010221993373,-83.69799982137893,236.3509521484375,4.5,192.53,184.12,40.63
1712343895.3070269,0.10014224052429199,42.30010221993373,-83.69799982137893,236.3509521484375,4.5,192.53,184.12,40.63
1712343895.4072387,0.10018634796142578,42.30010221993373,-83.69799982137893,236.3509521484375,4.5,192.53,184.12,40.63
1712343895.5074043,0.10016512870788574,42.30008628549186,-83.6980053088073,236.31382751464844,4.5,196.1,185.85,42.43
1712343895.6075327,0.10007023811340332,42.30008628549186,-83.6980053088073,236.31382751464844,4.5,196.1,185.85,42.43
1712343895.707675,0.10019063949584961,42.30008628549186,-83.6980053088073,236.31382751464844,4.5,196.1,185.85,42.43
1712343895.8104932,0.10270977020263672,42.30008628549186,-83.6980053088073,236.31382751464844,4.5,196.1,185.85,42.43
1712343895.910727,0.10024189949035645,42.300066687148416,-83.69801421551168,236.2649688720703,4.5,201.32,187.97,44.65
1712343896.010849,0.10006332397460938,42.300066687148416,-83.69801421551168,236.2649688720703,4.5,201.32,187.97,44.65
1712343896.1109607,0.10013175010681152,42.300066687148416,-83.69801421551168,236.2649688720703,4.5,201.32,187.97,44.65
1712343896.2111418,0.10017824172973633,42.300066687148416,-83.69801421551168,236.2649688720703,4.5,201.32,187.97,44.65
1712343896.3112717,0.1001286506652832,42.300066687148416,-83.69801421551168,236.2649688720703,4.5,201.32,187.97,44.65
1712343896.4114063,0.10010337829589844,42.30005051203125,-83.69802283597912,236.22564697265625,4.5,202.76,189.72,46.51
1712343896.511518,0.10012364387512207,42.30005051203125,-83.69802283597912,236.22564697265625,4.5,202.76,189.72,46.51
1712343896.6116176,0.1000673770904541,42.30005051203125,-83.69802283597912,236.22564697265625,4.5,202.76,189.72,46.51
1712343896.7117214,0.10010290145874023,42.30005051203125,-83.69802283597912,236.22564697265625,4.5,202.76,189.72,46.51
1712343896.8119504,0.10021710395812988,42.30003638197425,-83.69803195089794,236.1864013671875,4.5,208.22,191.24,48.14
1712343896.912094,0.10013365745544434,42.30003638197425,-83.69803195089794,236.1864013671875,4.5,208.22,191.24,48.14
1712343897.0122473,0.10013508796691895,42.30003638197425,-83.69803195089794,236.1864013671875,4.5,208.22,191.24,48.14
1712343897.1124647,0.10020279884338379,42.30003638197425,-83.69803195089794,236.1864013671875,4.5,208.22,191.24,48.14
1712343897.2126417,0.10013270378112793,42.30001037002427,-83.69805540175697,236.10922241210935,4.5,219.11,194.02,51.24
1712343897.3128145,0.10013461112976074,42.30001037002427,-83.69805540175697,236.10922241210935,4.5,219.11,194.02,51.24
1712343897.412995,0.10023188591003418,42.30001037002427,-83.69805540175697,236.10922241210935,4.5,219.11,194.02,51.24
1712343897.5131142,0.10010695457458496,42.30001037002427,-83.69805540175697,236.10922241210935,4.5,219.11,194.02,51.24
1712343897.6132665,0.100128173828125,42.30001037002427,-83.69805540175697,236.10922241210935,4.5,219.11,194.02,51.24
1712343897.7133758,0.10016655921936035,42.30001037002427,-83.69805540175697,236.10922241210935,4.5,219.11,194.02,51.24
1712343897.8135126,0.10007596015930176,42.30001037002427,-83.69805540175697,236.10922241210935,4.5,219.11,194.02,51.24
1712343897.9136868,0.10015463829040527,42.30001037002427,-83.69805540175697,236.10922241210935,4.5,219.11,194.02,51.24
1712343898.0142508,0.1005551815032959,42.29999849625386,-83.69806970637697,236.0713348388672,4.5,223.91,195.28,52.71
1712343898.1144211,0.10013818740844727,42.29999849625386,-83.69806970637697,236.0713348388672,4.5,223.91,195.28,52.71
1712343898.214542,0.10016727447509766,42.29999849625386,-83.69806970637697,236.0713348388672,4.5,223.91,195.28,52.71
1712343898.3146696,0.1001119613647461,42.29999849625386,-83.69806970637697,236.0713348388672,4.5,223.91,195.28,52.71
1712343898.4147928,0.10012435913085938,42.29998728824648,-83.69808542086918,236.03366088867188,4.5,228.13,196.48,54.15
1712343898.5148985,0.10009431838989258,42.29998728824648,-83.69808542086918,236.03366088867188,4.5,228.13,196.48,54.15
1712343898.615065,0.10013484954833984,42.29998728824648,-83.69808542086918,236.03366088867188,4.5,228.13,196.48,54.15
1712343898.7151709,0.10013294219970703,42.29998728824648,-83.69808542086918,236.03366088867188,4.5,228.13,196.48,54.15
1712343898.8153937,0.1002340316772461,42.29997696415478,-83.69810219904349,235.9961700439453,4.5,232.32,197.58,55.53
1712343898.9155395,0.10006499290466309,42.29997696415478,-83.69810219904349,235.9961700439453,4.5,232.32,197.58,55.53
1712343899.0156834,0.10015726089477539,42.29997696415478,-83.69810219904349,235.9961700439453,4.5,232.32,197.58,55.53
1712343899.115824,0.10013842582702637,42.29997696415478,-83.69810219904349,235.9961700439453,4.5,232.32,197.58,55.53
1712343899.216079,0.10024213790893555,42.29995824225904,-83.69813964549039,235.9219970703125,4.5,237.73,199.59,58.22
1712343899.3164268,0.10035991668701172,42.29995824225904,-83.69813964549039,235.9219970703125,4.5,237.73,199.59,58.22
1712343899.4165719,0.10014677047729492,42.29995824225904,-83.69813964549039,235.9219970703125,4.5,237.73,199.59,58.22
1712343899.5167198,0.1000823974609375,42.29995824225904,-83.69813964549039,235.9219970703125,4.5,237.73,199.59,58.22
1712343899.6174011,0.1006779670715332,42.29995824225904,-83.69813964549039,235.9219970703125,4.5,237.73,199.59,58.22
1712343899.717597,0.10023784637451172,42.29995824225904,-83.69813964549039,235.9219970703125,4.5,237.73,199.59,58.22
1712343899.817712,0.10010051727294922,42.29995824225904,-83.69813964549039,235.9219970703125,4.5,237.73,199.59,58.22
1712343899.9178524,0.10016179084777832,42.29995824225904,-83.69813964549039,235.9219970703125,4.5,237.73,199.59,58.22
1712343900.0180728,0.10017752647399902,42.29994944940992,-83.6981593954696,235.8849639892578,4.5,240.11,200.55,59.57
1712343900.1182966,0.1002035140991211,42.29994944940992,-83.6981593954696,235.8849639892578,4.5,240.11,200.55,59.57
1712343900.218444,0.10012602806091309,42.29994944940992,-83.6981593954696,235.8849639892578,4.5,240.11,200.55,59.57
1712343900.3186188,0.10014891624450684,42.29994944940992,-83.6981593954696,235.8849639892578,4.5,240.11,200.55,59.57
1712343900.4188867,0.10030174255371094,42.29993795107222,-83.69818839704604,235.8468017578125,4.5,243.53,201.83,61.45
1712343900.5190055,0.10009002685546875,42.29993795107222,-83.69818839704604,235.8468017578125,4.5,243.53,201.83,61.45
1712343900.6191363,0.10012316703796387,42.29993795107222,-83.69818839704604,235.8468017578125,4.5,243.53,201.83,61.45
1712343900.7192955,0.1001279354095459,42.29993795107222,-83.69818839704604,235.8468017578125,4.5,243.53,201.83,61.45
1712343900.8194919,0.10019159317016602,42.29993795107222,-83.69818839704604,235.8468017578125,4.5,243.53,201.83,61.45
1712343900.9196703,0.10016131401062012,42.29993795107222,-83.69818839704604,235.8468017578125,4.5,243.53,201.83,61.45
1712343901.019845,0.10017156600952148,42.29992936396758,-83.69822059865712,235.7952423095703,4.5,254.69,202.82,63.17
1712343901.1200404,0.10014939308166504,42.29992936396758,-83.69822059865712,235.7952423095703,4.5,254.69,202.82,63.17
1712343901.2202055,0.10019993782043457,42.29992936396758,-83.69822059865712,235.7952423095703,4.5,254.69,202.82,63.17
1712343901.3203342,0.10014796257019043,42.29992936396758,-83.69822059865712,235.7952423095703,4.5,254.69,202.82,63.17
1712343901.4205859,0.10025691986083984,42.29992936396758,-83.69822059865712,235.7952423095703,4.5,254.69,202.82,63.17
1712343901.5208063,0.10024380683898926,42.29992936396758,-83.69822059865712,235.7952423095703,4.5,254.69,202.82,63.17
1712343901.6209624,0.1000831127166748,42.29992331422929,-83.69824455814503,235.7483673095703,4.5,255.59,203.54,64.46
1712343901.7210805,0.10011744499206543,42.29992331422929,-83.69824455814503,235.7483673095703,4.5,255.59,203.54,64.46
1712343901.8212278,0.10012125968933105,42.29992331422929,-83.69824455814503,235.7483673095703,4.5,255.59,203.54,64.46
1712343901.9213858,0.10015439987182617,42.29992331422929,-83.69824455814503,235.7483673095703,4.5,255.59,203.54,64.46
1712343902.0220988,0.10075044631958008,42.29992331422929,-83.69824455814503,235.7483673095703,4.5,255.59,203.54,64.46
1712343902.122365,0.10024285316467285,42.29991839260529,-83.69826792236387,235.7027130126953,4.5,252.09,204.15,65.66
1712343902.2225828,0.10019803047180176,42.29991839260529,-83.69826792236387,235.7027130126953,4.5,252.09,204.15,65.66
1712343902.3227065,0.1001119613647461,42.29991839260529,-83.69826792236387,235.7027130126953,4.5,252.09,204.15,65.66
1712343902.422838,0.10011672973632812,42.29991839260529,-83.69826792236387,235.7027130126953,4.5,252.09,204.15,65.66
1712343902.5229764,0.10013437271118164,42.29992074464951,-83.69825765990264,235.7227478027344,4.5,254.8,203.86,65.11
1712343902.6230965,0.10010504722595215,42.29992074464951,-83.69825765990264,235.7227478027344,4.5,254.8,203.86,65.11
1712343902.723222,0.10011887550354004,42.29991545121345,-83.69828063688152,235.67913818359372,4.5,253.02,204.52,66.35
1712343902.8233778,0.10009932518005371,42.29991545121345,-83.69828063688152,235.67913818359372,4.5,253.02,204.52,66.35
1712343902.9234934,0.10015749931335449,42.29991545121345,-83.69828063688152,235.67913818359372,4.5,253.02,204.52,66.35
1712343903.0236425,0.1001121997833252,42.29991545121345,-83.69828063688152,235.67913818359372,4.5,253.02,204.52,66.35
1712343903.1238542,0.10023379325866699,42.29991545121345,-83.69828063688152,235.67913818359372,4.5,253.02,204.52,66.35
1712343903.2240307,0.10012960433959961,42.29991063342206,-83.69830351739789,235.64273071289065,4.5,254.81,205.14,67.58
1712343903.3242264,0.10013699531555176,42.29991063342206,-83.69830351739789,235.64273071289065,4.5,254.81,205.14,67.58
1712343903.4243844,0.10024666786193848,42.29991063342206,-83.69830351739789,235.64273071289065,4.5,254.81,205.14,67.58
1712343903.5245283,0.10007357597351074,42.29991063342206,-83.69830351739789,235.64273071289065,4.5,254.81,205.14,67.58
1712343903.6246789,0.10015726089477539,42.29990655596444,-83.69832631664855,235.6118011474609,4.5,257.65,205.7,68.77
1712343903.724854,0.1001577377319336,42.29990655596444,-83.69832631664855,235.6118011474609,4.5,257.65,205.7,68.77
1712343903.8249826,0.10012388229370117,42.29990655596444,-83.69832631664855,235.6118011474609,4.5,257.65,205.7,68.77
1712343903.92511,0.10010671615600586,42.29990655596444,-83.69832631664855,235.6118011474609,4.5,257.65,205.7,68.77
1712343904.0252507,0.10015726089477539,42.29990368112124,-83.69834908513499,235.58580017089844,4.5,262.26,206.14,69.87
1712343904.1253545,0.10007786750793457,42.29990368112124,-83.69834908513499,235.58580017089844,4.5,262.26,206.14,69.87
1712343904.225624,0.10027265548706055,42.29990368112124,-83.69834908513499,235.58580017089844,4.5,262.26,206.14,69.87
1712343904.3257449,0.10011100769042969,42.29990368112124,-83.69834908513499,235.58580017089844,4.5,262.26,206.14,69.87
1712343904.4258795,0.10011076927185059,42.29990368112124,-83.69834908513499,235.58580017089844,4.5,262.26,206.14,69.87
1712343904.5260077,0.10013842582702637,42.29990216193522,-83.69837141615795,235.56504821777344,4.5,267.55,206.44,70.85
1712343904.6261346,0.10010933876037598,42.29990216193522,-83.69837141615795,235.56504821777344,4.5,267.55,206.44,70.85
1712343904.7262425,0.10011720657348633,42.29990216193522,-83.69837141615795,235.56504821777344,4.5,267.55,206.44,70.85
1712343904.8263476,0.10009098052978516,42.29990216193522,-83.69837141615795,235.56504821777344,4.5,267.55,206.44,70.85
1712343904.9264758,0.10012125968933105,42.29990195008807,-83.69839287058605,235.5498809814453,4.5,271.39,206.61,71.71
1712343905.026593,0.10009050369262695,42.29990195008807,-83.69839287058605,235.5498809814453,4.5,271.39,206.61,71.71
1712343905.1270497,0.10047650337219238,42.29990195008807,-83.69839287058605,235.5498809814453,4.5,271.39,206.61,71.71
1712343905.2272482,0.10020732879638672,42.29990195008807,-83.69839287058605,235.5498809814453,4.5,271.39,206.61,71.71
1712343905.3276849,0.10038399696350098,42.29990270618572,-83.69841362855671,235.5308837890625,4.5,275.49,206.69,72.47
1712343905.4278784,0.100189208984375,42.29990270618572,-83.69841362855671,235.5308837890625,4.5,275.49,206.69,72.47
1712343905.5281224,0.10022377967834473,42.29990270618572,-83.69841362855671,235.5308837890625,4.5,275.49,206.69,72.47
1712343905.6283078,0.10017919540405273,42.29989929353431,-83.69843772981949,235.5046539306641,4.5,251.5,207.26,73.81
1712343905.7285461,0.10020160675048828,42.29989929353431,-83.69843772981949,235.5046539306641,4.5,251.5,207.26,73.81
1712343905.8287501,0.10022473335266113,42.29989929353431,-83.69843772981949,235.5046539306641,4.5,251.5,207.26,73.81
1712343905.9288957,0.10010862350463867,42.29989929353431,-83.69843772981949,235.5046539306641,4.5,251.5,207.26,73.81
1712343906.0290709,0.10019254684448242,42.29989929353431,-83.69843772981949,235.5046539306641,4.5,251.5,207.26,73.81
1712343906.1292005,0.10011982917785645,42.29989535746731,-83.69846818880441,235.4906768798828,4.5,254.14,207.97,75.5
1712343906.229334,0.10009217262268066,42.29989535746731,-83.69846818880441,235.4906768798828,4.5,254.14,207.97,75.5
1712343906.3295004,0.10014510154724121,42.29989535746731,-83.69846818880441,235.4906768798828,4.5,254.14,207.97,75.5
1712343906.4296255,0.1001746654510498,42.29989535746731,-83.69846818880441,235.4906768798828,4.5,254.14,207.97,75.5
1712343906.529779,0.10010385513305664,42.29989535746731,-83.69846818880441,235.4906768798828,4.5,254.14,207.97,75.5
1712343906.6299279,0.10016369819641113,42.29989535746731,-83.69846818880441,235.4906768798828,4.5,254.14,207.97,75.5
1712343906.7301068,0.10021638870239258,42.29990186743274,-83.69852400945842,235.2979278564453,4.5,298.73,207.84,77.49
1712343906.8302095,0.10006499290466309,42.29990186743274,-83.69852400945842,235.2979278564453,4.5,298.73,207.84,77.49
1712343906.9303694,0.10010457038879395,42.29990186743274,-83.69852400945842,235.2979278564453,4.5,298.73,207.84,77.49
1712343907.03053,0.10022163391113281,42.29990186743274,-83.69852400945842,235.2979278564453,4.5,298.73,207.84,77.49
1712343907.130782,0.10023188591003418,42.29990186743274,-83.69852400945842,235.2979278564453,4.5,298.73,207.84,77.49
1712343907.2309463,0.10017633438110352,42.29990186743274,-83.69852400945842,235.2979278564453,4.5,298.73,207.84,77.49
1712343907.3311467,0.10017919540405273,42.29990186743274,-83.69852400945842,235.2979278564453,4.5,298.73,207.84,77.49
1712343907.431286,0.10012507438659668,42.29990186743274,-83.69852400945842,235.2979278564453,4.5,298.73,207.84,77.49
1712343907.531442,0.10015511512756348,42.29990186743274,-83.69852400945842,235.2979278564453,4.5,298.73,207.84,77.49
1712343907.631595,0.10014224052429199,42.29990186743274,-83.69852400945842,235.2979278564453,4.5,298.73,207.84,77.49
1712343907.7317874,0.10015010833740234,42.29991684998007,-83.69854724255867,235.29330444335935,4.5,314.88,206.46,77.29
1712343907.831925,0.10015177726745605,42.29991684998007,-83.69854724255867,235.29330444335935,4.5,314.88,206.46,77.29
1712343907.9320273,0.1001133918762207,42.29991684998007,-83.69854724255867,235.29330444335935,4.5,314.88,206.46,77.29
1712343908.032169,0.10014081001281738,42.29991684998007,-83.69854724255867,235.29330444335935,4.5,314.88,206.46,77.29
1712343908.1323023,0.10009407997131348,42.29991684998007,-83.69854724255867,235.29330444335935,4.5,314.88,206.46,77.29
1712343908.2324507,0.10014939308166504,42.299910334944485,-83.69853840970694,235.2899475097656,4.5,314.39,207.07,77.43
1712343908.332611,0.10011029243469238,42.299910334944485,-83.69853840970694,235.2899475097656,4.5,314.39,207.07,77.43
1712343908.4327805,0.10018682479858398,42.299910334944485,-83.69853840970694,235.2899475097656,4.5,314.39,207.07,77.43
1712343908.5329182,0.10017132759094238,42.29992231633421,-83.69855545748514,235.29730224609372,4.5,313.38,205.97,77.23
1712343908.633062,0.10008072853088379,42.29992231633421,-83.69855545748514,235.29730224609372,4.5,313.38,205.97,77.23
1712343908.7331834,0.10014224052429199,42.29992231633421,-83.69855545748514,235.29730224609372,4.5,313.38,205.97,77.23
1712343908.8336046,0.10044455528259277,42.29992231633421,-83.69855545748514,235.29730224609372,4.5,313.38,205.97,77.23
1712343908.9340827,0.10041618347167969,42.29993062757947,-83.69856674438556,235.30465698242188,4.5,318.92,205.2,77.09
1712343909.0342073,0.10011792182922363,42.29993062757947,-83.69856674438556,235.30465698242188,4.5,318.92,205.2,77.09
1712343909.13433,0.10011458396911621,42.29993062757947,-83.69856674438556,235.30465698242188,4.5,318.92,205.2,77.09
1712343909.234519,0.10011696815490723,42.299939748242366,-83.69857715070657,235.31201171875,4.5,324.63,204.33,76.86
1712343909.3346653,0.10016083717346191,42.299939748242366,-83.69857715070657,235.31201171875,4.5,324.63,204.33,76.86
1712343909.4348493,0.1001288890838623,42.299939748242366,-83.69857715070657,235.31201171875,4.5,324.63,204.33,76.86
1712343909.5350554,0.10024881362915039,42.29994971567507,-83.6985865349513,235.3229217529297,4.5,330.52,203.36,76.52
1712343909.6351829,0.10008835792541504,42.29994971567507,-83.6985865349513,235.3229217529297,4.5,330.52,203.36,76.52
1712343909.735296,0.10012984275817871,42.29994971567507,-83.6985865349513,235.3229217529297,4.5,330.52,203.36,76.52
1712343909.8356102,0.10029125213623047,42.29996054180265,-83.69859471610201,235.3550262451172,4.5,336.58,202.29,76.07
1712343909.9357886,0.10018515586853027,42.29996054180265,-83.69859471610201,235.3550262451172,4.5,336.58,202.29,76.07
1712343910.0360005,0.10016345977783203,42.29996054180265,-83.69859471610201,235.3550262451172,4.5,336.58,202.29,76.07
1712343910.1361647,0.10016393661499023,42.299972205515246,-83.69860148288632,235.4106903076172,4.5,342.82,201.11,75.5
1712343910.236309,0.10009622573852539,42.299972205515246,-83.69860148288632,235.4106903076172,4.5,342.82,201.11,75.5
1712343910.3364727,0.10014605522155762,42.299972205515246,-83.69860148288632,235.4106903076172,4.5,342.82,201.11,75.5
1712343910.4366477,0.10017180442810059,42.29998464663728,-83.69860660568456,235.4899444580078,4.5,349.23,199.82,74.79
1712343910.5367706,0.10013031959533691,42.29998464663728,-83.69860660568456,235.4899444580078,4.5,349.23,199.82,74.79
1712343910.6368947,0.10010814666748047,42.29998464663728,-83.69860660568456,235.4899444580078,4.5,349.23,199.82,74.79
1712343910.7371058,0.10023331642150879,42.29999776147227,-83.69860984968794,235.5927581787109,4.5,355.81,198.44,73.94
1712343910.8372252,0.10009598731994629,42.29999776147227,-83.69860984968794,235.5927581787109,4.5,355.81,198.44,73.94
1712343910.9373345,0.10008955001831055,42.29999776147227,-83.69860984968794,235.5927581787109,4.5,355.81,198.44,73.94
1712343911.0374453,0.1001124382019043,42.29999776147227,-83.69860984968794,235.5927581787109,4.5,355.81,198.44,73.94
1712343911.1375535,0.1000986099243164,42.30001140156944,-83.69861098977094,235.7191467285156,4.5,2.58,196.96,72.94
1712343911.2376895,0.10008907318115234,42.30001140156944,-83.69861098977094,235.7191467285156,4.5,2.58,196.96,72.94
1712343911.3378108,0.10014986991882324,42.30001140156944,-83.69861098977094,235.7191467285156,4.5,2.58,196.96,72.94
1712343911.4379203,0.10009527206420898,42.30002764259464,-83.69860933716718,235.8687896728516,4.5,5.57,195.16,71.6
1712343911.5380445,0.10008525848388672,42.30002764259464,-83.69860933716718,235.8687896728516,4.5,5.57,195.16,71.6
1712343911.638168,0.10014033317565918,42.30002764259464,-83.69860933716718,235.8687896728516,4.5,5.57,195.16,71.6
1712343911.7382748,0.10010528564453125,42.30002764259464,-83.69860933716718,235.8687896728516,4.5,5.57,195.16,71.6
1712343911.8384144,0.10011053085327148,42.30004654588615,-83.69860697045367,236.01634216308597,4.5,4.17,193.06,70.04
1712343911.9385805,0.10012030601501465,42.30004654588615,-83.69860697045367,236.01634216308597,4.5,4.17,193.06,70.04
1712343912.0390177,0.10048532485961914,42.30004654588615,-83.69860697045367,236.01634216308597,4.5,4.17,193.06,70.04
1712343912.1391559,0.10011696815490723,42.30004654588615,-83.69860697045367,236.01634216308597,4.5,4.17,193.06,70.04
1712343912.2393048,0.10012054443359375,42.30004654588615,-83.69860697045367,236.01634216308597,4.5,4.17,193.06,70.04
1712343912.3395143,0.10017538070678711,42.30006540832417,-83.69860521156511,236.14389038085935,4.5,2.96,190.97,68.55
1712343912.4397578,0.10021662712097168,42.30006540832417,-83.69860521156511,236.14389038085935,4.5,2.96,190.97,68.55
1712343912.5398922,0.1001896858215332,42.30006540832417,-83.69860521156511,236.14389038085935,4.5,2.96,190.97,68.55
1712343912.6400027,0.10009121894836426,42.30006540832417,-83.69860521156511,236.14389038085935,4.5,2.96,190.97,68.55
1712343912.740133,0.10011720657348633,42.30008421160949,-83.69860398284966,236.2514495849609,4.5,1.91,188.9,67.12
1712343912.8402572,0.10010075569152832,42.30008421160949,-83.69860398284966,236.2514495849609,4.5,1.91,188.9,67.12
1712343912.9404252,0.10013532638549805,42.30008421160949,-83.69860398284966,236.2514495849609,4.5,1.91,188.9,67.12
1712343913.0406203,0.1001729965209961,42.30008421160949,-83.69860398284966,236.2514495849609,4.5,1.91,188.9,67.12
1712343913.1407988,0.10018730163574219,42.30008421160949,-83.69860398284966,236.2514495849609,4.5,1.91,188.9,67.12
1712343913.2409363,0.10018110275268555,42.30010294302864,-83.69860320503386,236.3390045166016,4.5,1.05,186.84,65.77
1712343913.3410408,0.10007977485656738,42.30010294302864,-83.69860320503386,236.3390045166016,4.5,1.05,186.84,65.77
1712343913.4411464,0.10011076927185059,42.30010294302864,-83.69860320503386,236.3390045166016,4.5,1.05,186.84,65.77
1712343913.5412555,0.10010743141174316,42.30010294302864,-83.69860320503386,236.3390045166016,4.5,1.05,186.84,65.77
1712343913.6413586,0.10010361671447754,42.30010294302864,-83.69860320503386,236.3390045166016,4.5,1.05,186.84,65.77
1712343913.7414649,0.10009574890136719,42.3001215958308,-83.69860279805663,236.4065399169922,4.5,0.35,184.8,64.49
1712343913.8416018,0.1000816822052002,42.3001215958308,-83.69860279805663,236.4065399169922,4.5,0.35,184.8,64.49
1712343913.941977,0.10040044784545898,42.3001215958308,-83.69860279805663,236.4065399169922,4.5,0.35,184.8,64.49
1712343914.042286,0.1003274917602539,42.3001215958308,-83.69860279805663,236.4065399169922,4.5,0.35,184.8,64.49
1712343914.1423972,0.10009169578552246,42.30014016898801,-83.69860268167152,236.4540863037109,4.5,359.83,182.77,63.27
1712343914.2425034,0.10007953643798828,42.30014016898801,-83.69860268167152,236.4540863037109,4.5,359.83,182.77,63.27
1712343914.3426387,0.10011816024780273,42.30014016898801,-83.69860268167152,236.4540863037109,4.5,359.83,182.77,63.27
1712343914.4427493,0.10013794898986816,42.30014016898801,-83.69860268167152,236.4540863037109,4.5,359.83,182.77,63.27
1712343914.5428607,0.10009193420410156,42.30014016898801,-83.69860268167152,236.4540863037109,4.5,359.83,182.77,63.27
1712343914.6430192,0.10013127326965332,42.30015866746922,-83.69860277540045,236.48336791992188,4.5,359.49,180.75,62.12
1712343914.743151,0.10013151168823242,42.30015866746922,-83.69860277540045,236.48336791992188,4.5,359.49,180.75,62.12
1712343914.8432693,0.10011005401611328,42.30015866746922,-83.69860277540045,236.48336791992188,4.5,359.49,180.75,62.12
1712343914.9434204,0.10016107559204102,42.30015866746922,-83.69860277540045,236.48336791992188,4.5,359.49,180.75,62.12
1712343915.0435615,0.10011124610900879,42.30017710203475,-83.69860299969199,236.50921630859372,4.5,359.32,178.75,61.03
1712343915.1437235,0.1001119613647461,42.30017710203475,-83.69860299969199,236.50921630859372,4.5,359.32,178.75,61.03
1712343915.2439132,0.10018157958984375,42.30017710203475,-83.69860299969199,236.50921630859372,4.5,359.32,178.75,61.03
1712343915.3441086,0.10019278526306152,42.30017710203475,-83.69860299969199,236.50921630859372,4.5,359.32,178.75,61.03
1712343915.444239,0.10018253326416016,42.30017710203475,-83.69860299969199,236.50921630859372,4.5,359.32,178.75,61.03
1712343915.5443518,0.10009956359863281,42.30021216000589,-83.69860325335779,236.5585479736328,4.5,357.29,174.93,59.08
1712343915.6444488,0.1000816822052002,42.30021216000589,-83.69860325335779,236.5585479736328,4.5,357.29,174.93,59.08
1712343915.7446172,0.10011887550354004,42.30021216000589,-83.69860325335779,236.5585479736328,4.5,357.29,174.93,59.08
1712343915.8449314,0.10036349296569824,42.30021216000589,-83.69860325335779,236.5585479736328,4.5,357.29,174.93,59.08
1712343915.945032,0.1000967025756836,42.30021216000589,-83.69860325335779,236.5585479736328,4.5,357.29,174.93,59.08
1712343916.0451784,0.10010337829589844,42.30021216000589,-83.69860325335779,236.5585479736328,4.5,357.29,174.93,59.08
1712343916.1453202,0.10014677047729492,42.30021216000589,-83.69860325335779,236.5585479736328,4.5,357.29,174.93,59.08
1712343916.2454743,0.10014891624450684,42.30021216000589,-83.69860325335779,236.5585479736328,4.5,357.29,174.93,59.08
1712343916.3457139,0.10015988349914551,42.300230137280806,-83.69860407870986,236.58790588378903,4.5,359.37,172.99,58.21
1712343916.4458632,0.10019373893737793,42.300230137280806,-83.69860407870986,236.58790588378903,4.5,359.37,172.99,58.21
1712343916.5459926,0.10010409355163574,42.300230137280806,-83.69860407870986,236.58790588378903,4.5,359.37,172.99,58.21
1712343916.6461718,0.10017228126525879,42.300230137280806,-83.69860407870986,236.58790588378903,4.5,359.37,172.99,58.21
1712343916.746283,0.10013961791992188,42.300230137280806,-83.69860407870986,236.58790588378903,4.5,359.37,172.99,58.21
1712343916.8463922,0.1000969409942627,42.300249389293214,-83.69860428159616,236.6147918701172,4.5,0.84,170.9,57.28
1712343916.9465082,0.10008096694946289,42.300249389293214,-83.69860428159616,236.6147918701172,4.5,0.84,170.9,57.28
1712343917.0466602,0.10013294219970703,42.300249389293214,-83.69860428159616,236.6147918701172,4.5,0.84,170.9,57.28
1712343917.146781,0.10015606880187988,42.300249389293214,-83.69860428159616,236.6147918701172,4.5,0.84,170.9,57.28
1712343917.2469225,0.10010981559753418,42.300249389293214,-83.69860428159616,236.6147918701172,4.5,0.84,170.9,57.28
1712343917.3471224,0.10015106201171875,42.30026735261035,-83.69860381865028,236.6423492431641,4.5,1.33,168.93,56.43
1712343917.4472775,0.10014748573303223,42.30026735261035,-83.69860381865028,236.6423492431641,4.5,1.33,168.93,56.43
1712343917.5474374,0.10016298294067383,42.30026735261035,-83.69860381865028,236.6423492431641,4.5,1.33,168.93,56.43
1712343917.6475596,0.10013461112976074,42.30026735261035,-83.69860381865028,236.6423492431641,4.5,1.33,168.93,56.43
1712343917.7522979,0.10466432571411133,42.30028542390144,-83.69860320067869,236.66989135742188,4.5,1.34,166.96,55.63
1712343917.8528426,0.10058331489562988,42.30028542390144,-83.69860320067869,236.66989135742188,4.5,1.34,166.96,55.63
1712343917.95323,0.10035490989685059,42.30028542390144,-83.69860320067869,236.66989135742188,4.5,1.34,166.96,55.63
1712343918.053418,0.10015511512756348,42.30028542390144,-83.69860320067869,236.66989135742188,4.5,1.34,166.96,55.63
1712343918.153619,0.10019683837890625,42.30028542390144,-83.69860320067869,236.66989135742188,4.5,1.34,166.96,55.63
1712343918.2537496,0.10016798973083496,42.30030362530351,-83.69860274222698,236.6971435546875,4.5,0.81,164.97,54.89
1712343918.3538907,0.10009527206420898,42.30030362530351,-83.69860274222698,236.6971435546875,4.5,0.81,164.97,54.89
1712343918.4540238,0.10014843940734863,42.30030362530351,-83.69860274222698,236.6971435546875,4.5,0.81,164.97,54.89
1712343918.5542018,0.1001427173614502,42.30030362530351,-83.69860274222698,236.6971435546875,4.5,0.81,164.97,54.89
1712343918.6543393,0.10017704963684082,42.30032183754619,-83.69860252831374,236.72169494628903,4.5,0.21,162.99,54.23
1712343918.7544546,0.10007977485656738,42.30032183754619,-83.69860252831374,236.72169494628903,4.5,0.21,162.99,54.23
1712343918.8545964,0.10013747215270996,42.30032183754619,-83.69860252831374,236.72169494628903,4.5,0.21,162.99,54.23
1712343918.9547088,0.10013484954833984,42.30032183754619,-83.69860252831374,236.72169494628903,4.5,0.21,162.99,54.23
1712343919.0548654,0.1000978946685791,42.30032183754619,-83.69860252831374,236.72169494628903,4.5,0.21,162.99,54.23
1712343919.155023,0.10017108917236328,42.3003400600812,-83.6986025882669,236.7429962158203,4.5,359.54,161.01,53.67
1712343919.2551801,0.10011959075927734,42.3003400600812,-83.6986025882669,236.7429962158203,4.5,359.54,161.01,53.67
1712343919.3553774,0.10017013549804688,42.3003400600812,-83.6986025882669,236.7429962158203,4.5,359.54,161.01,53.67
1712343919.4555724,0.10024142265319824,42.3003400600812,-83.6986025882669,236.7429962158203,4.5,359.54,161.01,53.67
1712343919.555767,0.10013294219970703,42.30035829110943,-83.69860295178505,236.7610626220703,4.5,358.81,159.04,53.2
1712343919.6559234,0.10015344619750977,42.30035829110943,-83.69860295178505,236.7610626220703,4.5,358.81,159.04,53.2
1712343919.7560387,0.10013842582702637,42.30035829110943,-83.69860295178505,236.7610626220703,4.5,358.81,159.04,53.2
1712343919.8561852,0.10012435913085938,42.30035829110943,-83.69860295178505,236.7610626220703,4.5,358.81,159.04,53.2
1712343919.9563186,0.10013628005981445,42.30035829110943,-83.69860295178505,236.7610626220703,4.5,358.81,159.04,53.2
1712343920.056485,0.10013484954833984,42.30037652737542,-83.69860364833512,236.77590942382807,4.5,358.0,157.08,52.83
1712343920.1567476,0.10029315948486328,42.30037652737542,-83.69860364833512,236.77590942382807,4.5,358.0,157.08,52.83
1712343920.2569962,0.1002359390258789,42.30037652737542,-83.69860364833512,236.77590942382807,4.5,358.0,157.08,52.83
1712343920.357221,0.10013079643249512,42.30037652737542,-83.69860364833512,236.77590942382807,4.5,358.0,157.08,52.83
1712343920.4573712,0.10022330284118652,42.30039457723467,-83.69860464928416,236.7876892089844,4.5,357.73,155.14,52.57
1712343920.557473,0.10007953643798828,42.30039457723467,-83.69860464928416,236.7876892089844,4.5,357.73,155.14,52.57
1712343920.657568,0.10010266304016113,42.30039457723467,-83.69860464928416,236.7876892089844,4.5,357.73,155.14,52.57
1712343920.7576656,0.10009098052978516,42.30039457723467,-83.69860464928416,236.7876892089844,4.5,357.73,155.14,52.57
1712343920.8580065,0.10031342506408691,42.30041218175759,-83.69860534981876,236.7993927001953,4.5,358.81,153.25,52.36
1712343920.9581327,0.10010671615600586,42.30041218175759,-83.69860534981876,236.7993927001953,4.5,358.81,153.25,52.36
1712343921.058256,0.10011553764343262,42.30041218175759,-83.69860534981876,236.7993927001953,4.5,358.81,153.25,52.36
1712343921.1583586,0.10011792182922363,42.30041218175759,-83.69860534981876,236.7993927001953,4.5,358.81,153.25,52.36
1712343921.2585244,0.1001136302947998,42.30041218175759,-83.69860534981876,236.7993927001953,4.5,358.81,153.25,52.36
1712343921.358665,0.1001739501953125,42.30042977962757,-83.69860561701341,236.81204223632807,4.5,359.81,151.35,52.19
1712343921.4587786,0.10009264945983887,42.30042977962757,-83.69860561701341,236.81204223632807,4.5,359.81,151.35,52.19
1712343921.5589087,0.10011768341064453,42.30042977962757,-83.69860561701341,236.81204223632807,4.5,359.81,151.35,52.19
1712343921.6590147,0.1001279354095459,42.30042977962757,-83.69860561701341,236.81204223632807,4.5,359.81,151.35,52.19
1712343921.7592006,0.10012650489807129,42.30044736524178,-83.69860548052036,236.8256378173828,4.5,0.75,149.45,52.06
1712343921.8593335,0.10013628005981445,42.30044736524178,-83.69860548052036,236.8256378173828,4.5,0.75,149.45,52.06
1712343921.959455,0.1001129150390625,42.30044736524178,-83.69860548052036,236.8256378173828,4.5,0.75,149.45,52.06
1712343922.0595944,0.10013389587402344,42.30044736524178,-83.69860548052036,236.8256378173828,4.5,0.75,149.45,52.06
1712343922.160058,0.10014486312866211,42.30046493475365,-83.69860497040885,236.84017944335935,4.5,1.63,147.54,51.97
1712343922.2601876,0.10040712356567383,42.30046493475365,-83.69860497040885,236.84017944335935,4.5,1.63,147.54,51.97
1712343922.3603365,0.10013127326965332,42.30046493475365,-83.69860497040885,236.84017944335935,4.5,1.63,147.54,51.97
1712343922.4605107,0.10015749931335449,42.30046493475365,-83.69860497040885,236.84017944335935,4.5,1.63,147.54,51.97
1712343922.5606506,0.10014152526855469,42.30046493475365,-83.69860497040885,236.84017944335935,4.5,1.63,147.54,51.97
1712343922.6609206,0.1002810001373291,42.30048248603859,-83.6986041163775,236.85565185546875,4.5,2.43,145.63,51.93
1712343922.7614143,0.1004643440246582,42.30048248603859,-83.6986041163775,236.85565185546875,4.5,2.43,145.63,51.93
1712343922.8615894,0.10013222694396973,42.30048248603859,-83.6986041163775,236.85565185546875,4.5,2.43,145.63,51.93
1712343922.9617705,0.10018038749694824,42.30048248603859,-83.6986041163775,236.85565185546875,4.5,2.43,145.63,51.93
1712343923.0619147,0.10018205642700195,42.30050007054152,-83.6986029489125,236.8714599609375,4.5,3.02,143.71,51.94
1712343923.1621227,0.10009074211120605,42.30050007054152,-83.6986029489125,236.8714599609375,4.5,3.02,143.71,51.94
1712343923.2627695,0.10071468353271484,42.30050007054152,-83.6986029489125,236.8714599609375,4.5,3.02,143.71,51.94
1712343923.3629417,0.10015535354614258,42.30050007054152,-83.6986029489125,236.8714599609375,4.5,3.02,143.71,51.94
1712343923.4630787,0.10015034675598145,42.30051801607056,-83.6986017650924,236.8872528076172,4.5,2.55,141.76,52.02
1712343923.5632162,0.10011458396911621,42.30051801607056,-83.6986017650924,236.8872528076172,4.5,2.55,141.76,52.02
1712343923.66331,0.10011553764343262,42.30051801607056,-83.6986017650924,236.8872528076172,4.5,2.55,141.76,52.02
1712343923.7634323,0.10011768341064453,42.30051801607056,-83.6986017650924,236.8872528076172,4.5,2.55,141.76,52.02
1712343923.8635404,0.10011053085327148,42.30051801607056,-83.6986017650924,236.8872528076172,4.5,2.55,141.76,52.02
1712343923.9636517,0.10009074211120605,42.30054222903448,-83.69860034572221,236.8983154296875,4.5,2.46,139.12,52.26
1712343924.0637667,0.10010552406311035,42.30054222903448,-83.69860034572221,236.8983154296875,4.5,2.46,139.12,52.26
1712343924.1639216,0.1001133918762207,42.30054222903448,-83.69860034572221,236.8983154296875,4.5,2.46,139.12,52.26
1712343924.2640822,0.10015273094177246,42.30054222903448,-83.69860034572221,236.8983154296875,4.5,2.46,139.12,52.26
1712343924.36422,0.1001594066619873,42.30054222903448,-83.69860034572221,236.8983154296875,4.5,2.46,139.12,52.26
1712343924.4643476,0.10013484954833984,42.30054222903448,-83.69860034572221,236.8983154296875,4.5,2.46,139.12,52.26
1712343924.565313,0.10093498229980469,42.30056017932333,-83.69859931942976,236.9143218994141,4.5,2.39,137.17,52.54
1712343924.665563,0.10026192665100098,42.30056017932333,-83.69859931942976,236.9143218994141,4.5,2.39,137.17,52.54
1712343924.7657118,0.10010051727294922,42.30056017932333,-83.69859931942976,236.9143218994141,4.5,2.39,137.17,52.54
1712343924.8658369,0.10016155242919922,42.30056017932333,-83.69859931942976,236.9143218994141,4.5,2.39,137.17,52.54
1712343924.9659767,0.1000969409942627,42.30057813032778,-83.6985983168591,236.93040466308597,4.5,2.34,135.22,52.89
1712343925.0661156,0.10013771057128906,42.30057813032778,-83.6985983168591,236.93040466308597,4.5,2.34,135.22,52.89
1712343925.1662338,0.1000986099243164,42.30057813032778,-83.6985983168591,236.93040466308597,4.5,2.34,135.22,52.89
1712343925.266329,0.1001121997833252,42.30057813032778,-83.6985983168591,236.93040466308597,4.5,2.34,135.22,52.89
1712343925.3664308,0.10009551048278809,42.30057813032778,-83.6985983168591,236.93040466308597,4.5,2.34,135.22,52.89
1712343925.4665637,0.10010600090026855,42.30059608178195,-83.69859732916092,236.94651794433597,4.5,2.32,133.27,53.31
1712343925.566735,0.10011982917785645,42.30059608178195,-83.69859732916092,236.94651794433597,4.5,2.32,133.27,53.31
1712343925.6668327,0.10015368461608887,42.30059608178195,-83.69859732916092,236.94651794433597,4.5,2.32,133.27,53.31
1712343925.76695,0.10009312629699707,42.30059608178195,-83.69859732916092,236.94651794433597,4.5,2.32,133.27,53.31
1712343925.8675442,0.10059642791748047,42.30061403333326,-83.69859634512294,236.9626922607422,4.5,2.34,131.32,53.8
1712343925.968049,0.10049939155578613,42.30061403333326,-83.69859634512294,236.9626922607422,4.5,2.34,131.32,53.8
1712343926.0683203,0.10026431083679199,42.30061403333326,-83.69859634512294,236.9626922607422,4.5,2.34,131.32,53.8
1712343926.1684856,0.10010051727294922,42.30061403333326,-83.69859634512294,236.9626922607422,4.5,2.34,131.32,53.8
1712343926.2686799,0.10018801689147949,42.30061403333326,-83.69859634512294,236.9626922607422,4.5,2.34,131.32,53.8
1712343926.368869,0.10019135475158691,42.30064069410372,-83.69859488604651,236.986572265625,4.5,2.28,128.43,54.66
1712343926.4690971,0.10020923614501953,42.30064069410372,-83.69859488604651,236.986572265625,4.5,2.28,128.43,54.66
1712343926.5702944,0.10115766525268555,42.30064069410372,-83.69859488604651,236.986572265625,4.5,2.28,128.43,54.66
1712343926.6704834,0.10021424293518066,42.30064069410372,-83.69859488604651,236.986572265625,4.5,2.28,128.43,54.66
1712343926.770604,0.10015559196472168,42.30064069410372,-83.69859488604651,236.986572265625,4.5,2.28,128.43,54.66
1712343926.8707094,0.10010075569152832,42.30064069410372,-83.69859488604651,236.986572265625,4.5,2.28,128.43,54.66
1712343926.9709678,0.10013747215270996,42.30065882535507,-83.6985939201242,237.00286865234372,4.5,2.25,126.47,55.33
1712343927.0711477,0.10023999214172363,42.30065882535507,-83.6985939201242,237.00286865234372,4.5,2.25,126.47,55.33
1712343927.1713538,0.10010433197021484,42.30065882535507,-83.6985939201242,237.00286865234372,4.5,2.25,126.47,55.33
1712343927.271476,0.10022187232971191,42.30065882535507,-83.6985939201242,237.00286865234372,4.5,2.25,126.47,55.33
1712343927.3716133,0.1000971794128418,42.30065882535507,-83.6985939201242,237.00286865234372,4.5,2.25,126.47,55.33
1712343927.4717758,0.10014486312866211,42.3006767777996,-83.69859295119034,237.01919555664065,4.5,2.26,124.53,56.06
1712343927.5758338,0.10406851768493652,42.3006767777996,-83.69859295119034,237.01919555664065,4.5,2.26,124.53,56.06
1712343927.6763322,0.10050320625305176,42.3006767777996,-83.69859295119034,237.01919555664065,4.5,2.26,124.53,56.06
1712343927.7764683,0.10013723373413086,42.3006767777996,-83.69859295119034,237.01919555664065,4.5,2.26,124.53,56.06
1712343927.8766046,0.10011792182922363,42.30069473164821,-83.69859204017102,237.03558349609372,4.5,2.07,122.59,56.85
1712343927.976735,0.1000831127166748,42.30069473164821,-83.69859204017102,237.03558349609372,4.5,2.07,122.59,56.85
1712343928.0768456,0.10013127326965332,42.30069473164821,-83.69859204017102,237.03558349609372,4.5,2.07,122.59,56.85
1712343928.177087,0.10020828247070312,42.30069473164821,-83.69859204017102,237.03558349609372,4.5,2.07,122.59,56.85
1712343928.2771857,0.10014081001281738,42.30069473164821,-83.69859204017102,237.03558349609372,4.5,2.07,122.59,56.85
1712343928.3773015,0.10009193420410156,42.30071268636553,-83.69859116533675,237.052001953125,4.5,2.1,120.65,57.71
1712343928.4774034,0.10008573532104492,42.30071268636553,-83.69859116533675,237.052001953125,4.5,2.1,120.65,57.71
1712343928.5775282,0.10010814666748047,42.30071268636553,-83.69859116533675,237.052001953125,4.5,2.1,120.65,57.71
1712343928.6776202,0.1001138687133789,42.30071268636553,-83.69859116533675,237.052001953125,4.5,2.1,120.65,57.71
1712343928.7777593,0.10008549690246582,42.30073801926335,-83.69858982334041,237.0748291015625,4.5,1.88,117.92,59.0
1712343928.8778598,0.10011720657348633,42.30073801926335,-83.69858982334041,237.0748291015625,4.5,1.88,117.92,59.0
1712343928.9779856,0.10008430480957031,42.30073801926335,-83.69858982334041,237.0748291015625,4.5,1.88,117.92,59.0
1712343929.0784168,0.10047531127929688,42.30073801926335,-83.69858982334041,237.0748291015625,4.5,1.88,117.92,59.0
1712343929.1786747,0.10026693344116211,42.30073801926335,-83.69858982334041,237.0748291015625,4.5,1.88,117.92,59.0
1712343929.2787578,0.10006427764892578,42.30073801926335,-83.69858982334041,237.0748291015625,4.5,1.88,117.92,59.0
1712343929.3790812,0.10028910636901855,42.30075615475735,-83.6985888629779,237.08956909179688,4.5,1.49,115.97,59.98
1712343929.4792132,0.10009217262268066,42.30075615475735,-83.6985888629779,237.08956909179688,4.5,1.49,115.97,59.98
1712343929.5794096,0.10014557838439941,42.30075615475735,-83.6985888629779,237.08956909179688,4.5,1.49,115.97,59.98
1712343929.6795452,0.1001746654510498,42.30075615475735,-83.6985888629779,237.08956909179688,4.5,1.49,115.97,59.98
1712343929.7796843,0.10019445419311523,42.30075615475735,-83.6985888629779,237.08956909179688,4.5,1.49,115.97,59.98
1712343929.8797762,0.10006594657897949,42.300774773320825,-83.6985885234132,237.1045684814453,4.5,0.07,113.99,61.1
1712343929.9799619,0.10016036033630371,42.300774773320825,-83.6985885234132,237.1045684814453,4.5,0.07,113.99,61.1
1712343930.0800683,0.10010647773742676,42.300774773320825,-83.6985885234132,237.1045684814453,4.5,0.07,113.99,61.1
1712343930.1801817,0.10010123252868652,42.300774773320825,-83.6985885234132,237.1045684814453,4.5,0.07,113.99,61.1
1712343930.280307,0.10010480880737305,42.30079294797244,-83.69858862603782,237.11956787109372,4.5,359.83,112.06,62.26
1712343930.3804538,0.10010337829589844,42.30079294797244,-83.69858862603782,237.11956787109372,4.5,359.83,112.06,62.26
1712343930.4806128,0.1002049446105957,42.30079294797244,-83.69858862603782,237.11956787109372,4.5,359.83,112.06,62.26
1712343930.580723,0.1000986099243164,42.30079294797244,-83.69858862603782,237.11956787109372,4.5,359.83,112.06,62.26
1712343930.6808436,0.10011839866638184,42.30079294797244,-83.69858862603782,237.11956787109372,4.5,359.83,112.06,62.26
1712343930.7810333,0.10016512870788574,42.30081091660023,-83.69858863484083,237.1345672607422,4.5,0.12,110.16,63.44
1712343930.881158,0.1000967025756836,42.30081091660023,-83.69858863484083,237.1345672607422,4.5,0.12,110.16,63.44
1712343930.9813468,0.1001901626586914,42.30081091660023,-83.69858863484083,237.1345672607422,4.5,0.12,110.16,63.44
1712343931.0814435,0.10011601448059082,42.30081091660023,-83.69858863484083,237.1345672607422,4.5,0.12,110.16,63.44
1712343931.1815946,0.10008668899536133,42.30082888661076,-83.6985885317529,237.1494140625,4.5,0.36,108.26,64.66
1712343931.2817323,0.10012388229370117,42.30082888661076,-83.6985885317529,237.1494140625,4.5,0.36,108.26,64.66
1712343931.3818755,0.10013508796691895,42.30082888661076,-83.6985885317529,237.1494140625,4.5,0.36,108.26,64.66
1712343931.4819834,0.1001424789428711,42.30082888661076,-83.6985885317529,237.1494140625,4.5,0.36,108.26,64.66
1712343931.5821776,0.10019326210021973,42.30082888661076,-83.6985885317529,237.1494140625,4.5,0.36,108.26,64.66
1712343931.6823702,0.10017204284667969,42.30084685778124,-83.69858833299011,237.1638641357422,4.5,0.57,106.36,65.91
1712343931.782515,0.10012078285217285,42.30084685778124,-83.69858833299011,237.1638641357422,4.5,0.57,106.36,65.91
1712343931.882672,0.10015583038330078,42.30084685778124,-83.69858833299011,237.1638641357422,4.5,0.57,106.36,65.91
1712343931.9828553,0.10015010833740234,42.30084685778124,-83.69858833299011,237.1638641357422,4.5,0.57,106.36,65.91
1712343932.082987,0.10013270378112793,42.30086482990615,-83.69858805472221,237.17791748046875,4.5,0.74,104.46,67.19
1712343932.1831434,0.10015201568603516,42.30086482990615,-83.69858805472221,237.17791748046875,4.5,0.74,104.46,67.19
1712343932.2833035,0.10017275810241699,42.30086482990615,-83.69858805472221,237.17791748046875,4.5,0.74,104.46,67.19
1712343932.3836758,0.1003108024597168,42.30086482990615,-83.69858805472221,237.17791748046875,4.5,0.74,104.46,67.19
1712343932.4838634,0.10018610954284668,42.30088280283118,-83.69858771325792,237.19158935546875,4.5,0.87,102.56,68.5
1712343932.5839942,0.10010814666748047,42.30088280283118,-83.69858771325792,237.19158935546875,4.5,0.87,102.56,68.5
1712343932.6841197,0.10013175010681152,42.30088280283118,-83.69858771325792,237.19158935546875,4.5,0.87,102.56,68.5
1712343932.785272,0.10110092163085938,42.30088280283118,-83.69858771325792,237.19158935546875,4.5,0.87,102.56,68.5
1712343932.8853946,0.10018730163574219,42.30088280283118,-83.69858771325792,237.19158935546875,4.5,0.87,102.56,68.5
1712343932.9855518,0.10012078285217285,42.30090077631653,-83.698587324767,237.20486450195312,4.5,0.96,100.67,69.84
1712343933.0856853,0.10012626647949219,42.30090077631653,-83.698587324767,237.20486450195312,4.5,0.96,100.67,69.84
1712343933.1858263,0.1001129150390625,42.30090077631653,-83.698587324767,237.20486450195312,4.5,0.96,100.67,69.84
1712343933.2864015,0.10053730010986328,42.30090077631653,-83.698587324767,237.20486450195312,4.5,0.96,100.67,69.84
1712343933.3865893,0.10021114349365234,42.30091875020793,-83.69858690532655,237.2177581787109,4.5,1.01,98.78,71.21
1712343933.4867632,0.10012507438659668,42.30091875020793,-83.69858690532655,237.2177581787109,4.5,1.01,98.78,71.21
1712343933.5870433,0.10027146339416504,42.30091875020793,-83.69858690532655,237.2177581787109,4.5,1.01,98.78,71.21
1712343933.6871915,0.10018682479858398,42.30091875020793,-83.69858690532655,237.2177581787109,4.5,1.01,98.78,71.21
1712343933.7873058,0.10013365745544434,42.30091875020793,-83.69858690532655,237.2177581787109,4.5,1.01,98.78,71.21
1712343933.8874738,0.10013103485107422,42.30093672423126,-83.69858647133795,237.2302703857422,4.5,1.03,96.89,72.61
1712343933.9876611,0.10011744499206543,42.30093672423126,-83.69858647133795,237.2302703857422,4.5,1.03,96.89,72.61
1712343934.0878756,0.10030126571655273,42.30093672423126,-83.69858647133795,237.2302703857422,4.5,1.03,96.89,72.61
1712343934.1879795,0.10008811950683594,42.30093672423126,-83.69858647133795,237.2302703857422,4.5,1.03,96.89,72.61
1712343934.2881122,0.10009288787841797,42.30095469824949,-83.69858603878563,237.2448883056641,4.5,1.01,95.01,74.04
1712343934.388364,0.1001136302947998,42.30095469824949,-83.69858603878563,237.2448883056641,4.5,1.01,95.01,74.04
1712343934.4885516,0.10030174255371094,42.30095469824949,-83.69858603878563,237.2448883056641,4.5,1.01,95.01,74.04
1712343934.588725,0.10014057159423828,42.30095469824949,-83.69858603878563,237.2448883056641,4.5,1.01,95.01,74.04
1712343934.6888685,0.10019135475158691,42.30095469824949,-83.69858603878563,237.2448883056641,4.5,1.01,95.01,74.04
1712343934.7890534,0.10011506080627441,42.30097267202271,-83.69858562402467,237.2633819580078,4.5,0.94,93.13,75.49
1712343934.8914826,0.1024332046508789,42.30097267202271,-83.69858562402467,237.2633819580078,4.5,0.94,93.13,75.49
1712343934.991633,0.10013937950134277,42.30097267202271,-83.69858562402467,237.2633819580078,4.5,0.94,93.13,75.49
1712343935.091819,0.10024809837341309,42.30097267202271,-83.69858562402467,237.2633819580078,4.5,0.94,93.13,75.49
1712343935.1921732,0.10030937194824219,42.30099064541383,-83.69858524327114,237.28575134277344,4.5,0.85,91.26,76.97
1712343935.292291,0.10012221336364746,42.30099064541383,-83.69858524327114,237.28575134277344,4.5,0.85,91.26,76.97
1712343935.3927808,0.10047554969787598,42.30099064541383,-83.69858524327114,237.28575134277344,4.5,0.85,91.26,76.97
1712343935.4929106,0.10009527206420898,42.30099064541383,-83.69858524327114,237.28575134277344,4.5,0.85,91.26,76.97
1712343935.593038,0.10013103485107422,42.30100861814879,-83.6985849125558,237.31198120117188,4.5,0.71,89.4,78.47
1712343935.6931436,0.10008859634399414,42.30100861814879,-83.6985849125558,237.31198120117188,4.5,0.71,89.4,78.47
1712343935.793279,0.10011053085327148,42.30100861814879,-83.6985849125558,237.31198120117188,4.5,0.71,89.4,78.47
1712343935.8933935,0.10013771057128906,42.30100861814879,-83.6985849125558,237.31198120117188,4.5,0.71,89.4,78.47
1712343935.993532,0.1001126766204834,42.30100861814879,-83.6985849125558,237.31198120117188,4.5,0.71,89.4,78.47
1712343936.0937018,0.10014533996582031,42.3010265900904,-83.69858464828005,237.34207153320312,4.5,0.53,87.54,80.0
1712343936.1938243,0.10012316703796387,42.3010265900904,-83.69858464828005,237.34207153320312,4.5,0.53,87.54,80.0
1712343936.2939496,0.1001274585723877,42.3010265900904,-83.69858464828005,237.34207153320312,4.5,0.53,87.54,80.0
1712343936.3940878,0.10011601448059082,42.3010265900904,-83.69858464828005,237.34207153320312,4.5,0.53,87.54,80.0
1712343936.4942324,0.10013914108276367,42.30104456099889,-83.69858446656731,237.37603759765625,4.5,0.32,85.7,81.56
1712343936.594426,0.1001884937286377,42.30104456099889,-83.69858446656731,237.37603759765625,4.5,0.32,85.7,81.56
1712343936.695056,0.10062456130981445,42.30104456099889,-83.69858446656731,237.37603759765625,4.5,0.32,85.7,81.56
1712343936.7952108,0.10013031959533691,42.30104456099889,-83.69858446656731,237.37603759765625,4.5,0.32,85.7,81.56
1712343936.895343,0.10013985633850098,42.30104456099889,-83.69858446656731,237.37603759765625,4.5,0.32,85.7,81.56
1712343936.9955106,0.100128173828125,42.30106253066856,-83.69858438358732,237.41368103027344,4.5,0.07,83.86,83.13
1712343937.095649,0.10012507438659668,42.30106253066856,-83.69858438358732,237.41368103027344,4.5,0.07,83.86,83.13
1712343937.1957762,0.10014843940734863,42.30106253066856,-83.69858438358732,237.41368103027344,4.5,0.07,83.86,83.13
1712343937.2958841,0.1001133918762207,42.30106253066856,-83.69858438358732,237.41368103027344,4.5,0.07,83.86,83.13
1712343937.3959925,0.10009288787841797,42.30108049892817,-83.69858441560248,237.4522399902344,4.5,359.78,82.04,84.74
1712343937.4963384,0.10033321380615234,42.30108049892817,-83.69858441560248,237.4522399902344,4.5,359.78,82.04,84.74
1712343937.5965319,0.10019063949584961,42.30108049892817,-83.69858441560248,237.4522399902344,4.5,359.78,82.04,84.74
1712343937.6966305,0.10011911392211914,42.30108049892817,-83.69858441560248,237.4522399902344,4.5,359.78,82.04,84.74
1712343937.7967424,0.10007739067077637,42.30108049892817,-83.69858441560248,237.4522399902344,4.5,359.78,82.04,84.74
1712343937.8969285,0.10010623931884766,42.301097554564336,-83.69858423986652,237.4908142089844,4.5,1.22,80.3,86.26
1712343937.997069,0.10016441345214844,42.301097554564336,-83.69858423986652,237.4908142089844,4.5,1.22,80.3,86.26
1712343938.097182,0.10013079643249512,42.301097554564336,-83.69858423986652,237.4908142089844,4.5,1.22,80.3,86.26
1712343938.1972907,0.1000981330871582,42.301097554564336,-83.69858423986652,237.4908142089844,4.5,1.22,80.3,86.26
1712343938.2974224,0.10013270378112793,42.30111599666808,-83.69858331971989,237.5328063964844,4.5,3.28,78.42,87.89
1712343938.397533,0.10007715225219727,42.30111599666808,-83.69858331971989,237.5328063964844,4.5,3.28,78.42,87.89
1712343938.4976635,0.10014867782592773,42.30111599666808,-83.69858331971989,237.5328063964844,4.5,3.28,78.42,87.89
1712343938.5977798,0.10010004043579102,42.30111599666808,-83.69858331971989,237.5328063964844,4.5,3.28,78.42,87.89
1712343938.697902,0.10012054443359375,42.301135587420106,-83.69858027248705,237.58001708984372,4.5,11.69,76.34,89.55
1712343938.798034,0.1000831127166748,42.301135587420106,-83.69858027248705,237.58001708984372,4.5,11.69,76.34,89.55
1712343938.8982089,0.1002202033996582,42.301135587420106,-83.69858027248705,237.58001708984372,4.5,11.69,76.34,89.55
1712343938.99874,0.10052084922790527,42.301135587420106,-83.69858027248705,237.58001708984372,4.5,11.69,76.34,89.55
1712343939.0988703,0.1001129150390625,42.301135587420106,-83.69858027248705,237.58001708984372,4.5,11.69,76.34,89.55
1712343939.1990938,0.10021328926086426,42.301121747237374,-83.69858282809471,237.56224060058597,4.5,3.84,77.82,88.4
1712343939.2992268,0.10009217262268066,42.301121747237374,-83.69858282809471,237.56224060058597,4.5,3.84,77.82,88.4
1712343939.3993762,0.10015344619750977,42.301121747237374,-83.69858282809471,237.56224060058597,4.5,3.84,77.82,88.4
1712343939.499517,0.10016655921936035,42.301121747237374,-83.69858282809471,237.56224060058597,4.5,3.84,77.82,88.4
1712343939.5996273,0.10008430480957031,42.30113964982314,-83.69858082957884,237.589111328125,4.5,5.52,75.96,89.95
1712343939.6997535,0.10012650489807129,42.30113964982314,-83.69858082957884,237.589111328125,4.5,5.52,75.96,89.95
1712343939.7998695,0.10010075569152832,42.30113964982314,-83.69858082957884,237.589111328125,4.5,5.52,75.96,89.95
1712343939.9000604,0.10021805763244629,42.30113964982314,-83.69858082957884,237.589111328125,4.5,5.52,75.96,89.95
1712343940.0002131,0.10007143020629883,42.30115750480599,-83.69857821304505,237.60240173339844,4.5,6.77,74.08,91.49
1712343940.1003458,0.1001284122467041,42.30115750480599,-83.69857821304505,237.60240173339844,4.5,6.77,74.08,91.49
1712343940.2004678,0.10012698173522949,42.30115750480599,-83.69857821304505,237.60240173339844,4.5,6.77,74.08,91.49
1712343940.3005664,0.1001126766204834,42.30115750480599,-83.69857821304505,237.60240173339844,4.5,6.77,74.08,91.49
1712343940.400688,0.10010933876037598,42.30115750480599,-83.69857821304505,237.60240173339844,4.5,6.77,74.08,91.49
1712343940.5007994,0.10010790824890137,42.3011753236656,-83.6985751685921,237.61624145507807,4.5,7.55,72.2,93.03
1712343940.6009014,0.10007929801940918,42.3011753236656,-83.6985751685921,237.61624145507807,4.5,7.55,72.2,93.03
1712343940.7012148,0.10031795501708984,42.3011753236656,-83.6985751685921,237.61624145507807,4.5,7.55,72.2,93.03
1712343940.8013937,0.10010194778442383,42.3011753236656,-83.6985751685921,237.61624145507807,4.5,7.55,72.2,93.03
1712343940.9015186,0.10018157958984375,42.30119312620877,-83.69857190290551,237.6437225341797,4.5,7.83,70.32,94.57
1712343941.001672,0.10009026527404785,42.30119312620877,-83.69857190290551,237.6437225341797,4.5,7.83,70.32,94.57
1712343941.101791,0.10016322135925293,42.30119312620877,-83.69857190290551,237.6437225341797,4.5,7.83,70.32,94.57
1712343941.2019286,0.10010552406311035,42.30119312620877,-83.69857190290551,237.6437225341797,4.5,7.83,70.32,94.57
1712343941.3020644,0.10014462471008301,42.30121092586842,-83.69856857582948,237.6795959472656,4.5,7.89,68.45,96.12
1712343941.4021912,0.10012483596801758,42.30121092586842,-83.69856857582948,237.6795959472656,4.5,7.89,68.45,96.12
1712343941.5025003,0.10033607482910156,42.30121092586842,-83.69856857582948,237.6795959472656,4.5,7.89,68.45,96.12
1712343941.60281,0.10030031204223633,42.30121092586842,-83.69856857582948,237.6795959472656,4.5,7.89,68.45,96.12
1712343941.7029414,0.10009431838989258,42.30121092586842,-83.69856857582948,237.6795959472656,4.5,7.89,68.45,96.12
1712343941.8031712,0.10022163391113281,42.30122872949809,-83.69856525153335,237.72000122070312,4.5,7.81,66.58,97.69
1712343941.9033017,0.10012578964233398,42.30122872949809,-83.69856525153335,237.72000122070312,4.5,7.81,66.58,97.69
1712343942.0034668,0.10011148452758789,42.30122872949809,-83.69856525153335,237.72000122070312,4.5,7.81,66.58,97.69
1712343942.1036046,0.10015535354614258,42.30122872949809,-83.69856525153335,237.72000122070312,4.5,7.81,66.58,97.69
1712343942.2037637,0.10013103485107422,42.3012465459388,-83.69856200340647,237.7648162841797,4.5,7.51,64.72,99.29
1712343942.3038943,0.10011959075927734,42.3012465459388,-83.69856200340647,237.7648162841797,4.5,7.51,64.72,99.29
1712343942.404012,0.1001286506652832,42.3012465459388,-83.69856200340647,237.7648162841797,4.5,7.51,64.72,99.29
1712343942.5042133,0.1002194881439209,42.3012465459388,-83.69856200340647,237.7648162841797,4.5,7.51,64.72,99.29
1712343942.6043594,0.10011053085327148,42.3012465459388,-83.69856200340647,237.7648162841797,4.5,7.51,64.72,99.29
1712343942.7046165,0.10025262832641602,42.301264389240345,-83.69855894908487,237.81866455078125,4.5,6.82,62.87,100.9
1712343942.8047998,0.10017633438110352,42.301264389240345,-83.69855894908487,237.81866455078125,4.5,6.82,62.87,100.9
1712343942.904931,0.10011529922485352,42.301264389240345,-83.69855894908487,237.81866455078125,4.5,6.82,62.87,100.9
1712343943.0051324,0.1001901626586914,42.301264389240345,-83.69855894908487,237.81866455078125,4.5,6.82,62.87,100.9
1712343943.1052926,0.10012435913085938,42.30128229867333,-83.69855636326896,237.88888549804688,4.5,5.18,61.05,102.56
1712343943.2054296,0.10012960433959961,42.30128229867333,-83.69855636326896,237.88888549804688,4.5,5.18,61.05,102.56
1712343943.3055384,0.10013151168823242,42.30128229867333,-83.69855636326896,237.88888549804688,4.5,5.18,61.05,102.56
1712343943.405695,0.10015368461608887,42.30128229867333,-83.69855636326896,237.88888549804688,4.5,5.18,61.05,102.56
1712343943.5058935,0.10021495819091797,42.30128229867333,-83.69855636326896,237.88888549804688,4.5,5.18,61.05,102.56
1712343943.6060405,0.10008645057678223,42.30130030603812,-83.69855492601475,237.95736694335935,4.5,1.02,59.28,104.28
1712343943.706186,0.10012125968933105,42.30130030603812,-83.69855492601475,237.95736694335935,4.5,1.02,59.28,104.28
1712343943.8063052,0.10013055801391602,42.30130030603812,-83.69855492601475,237.95736694335935,4.5,1.02,59.28,104.28
1712343943.9064443,0.10013318061828613,42.30130030603812,-83.69855492601475,237.95736694335935,4.5,1.02,59.28,104.28
1712343944.0065653,0.10013055801391602,42.30131898284984,-83.698557061209,237.98753356933597,4.5,344.03,57.62,106.21
1712343944.1066654,0.10007667541503906,42.30131898284984,-83.698557061209,237.98753356933597,4.5,344.03,57.62,106.21
1712343944.2068186,0.10011172294616699,42.30131898284984,-83.698557061209,237.98753356933597,4.5,344.03,57.62,106.21
1712343944.3069353,0.10015726089477539,42.30131898284984,-83.698557061209,237.98753356933597,4.5,344.03,57.62,106.21
1712343944.40723,0.1002042293548584,42.30131898284984,-83.698557061209,237.98753356933597,4.5,344.03,57.62,106.21
1712343944.5074892,0.10027527809143066,42.30132315177906,-83.69855841163769,238.01080322265625,4.5,348.15,57.29,106.67
1712343944.6078086,0.10035991668701172,42.30134120093862,-83.6985604147404,238.05625915527344,4.5,359.28,55.73,108.54
1712343944.7079031,0.10005378723144531,42.30134120093862,-83.6985604147404,238.05625915527344,4.5,359.28,55.73,108.54
1712343944.8080332,0.1001288890838623,42.30134120093862,-83.6985604147404,238.05625915527344,4.5,359.28,55.73,108.54
1712343944.9083376,0.10030627250671387,42.30134120093862,-83.6985604147404,238.05625915527344,4.5,359.28,55.73,108.54
1712343945.011527,0.10312843322753906,42.30135951785997,-83.69855858505707,238.0674591064453,4.5,13.57,53.98,110.3
1712343945.1116416,0.10013175010681152,42.30135951785997,-83.69855858505707,238.0674591064453,4.5,13.57,53.98,110.3
1712343945.2124364,0.10079360008239746,42.30135951785997,-83.69855858505707,238.0674591064453,4.5,13.57,53.98,110.3
1712343945.3125358,0.1000986099243164,42.30135951785997,-83.69855858505707,238.0674591064453,4.5,13.57,53.98,110.3
1712343945.4127858,0.10025453567504883,42.30135951785997,-83.69855858505707,238.0674591064453,4.5,13.57,53.98,110.3
1712343945.5129325,0.10011982917785645,42.30137657331776,-83.69854935935926,238.0996551513672,4.5,28.77,52.0,111.68
1712343945.6133876,0.10040855407714844,42.30137657331776,-83.69854935935926,238.0996551513672,4.5,28.77,52.0,111.68
1712343945.7134914,0.10013294219970703,42.30137657331776,-83.69854935935926,238.0996551513672,4.5,28.77,52.0,111.68
1712343945.8138857,0.1004033088684082,42.30137657331776,-83.69854935935926,238.0996551513672,4.5,28.77,52.0,111.68
1712343945.9140158,0.10009336471557617,42.30139196343541,-83.69853610971101,238.1510467529297,4.5,35.57,49.97,112.78
1712343946.014164,0.10011482238769531,42.30139196343541,-83.69853610971101,238.1510467529297,4.5,35.57,49.97,112.78
1712343946.1143312,0.10014462471008301,42.30139196343541,-83.69853610971101,238.1510467529297,4.5,35.57,49.97,112.78
1712343946.222664,0.10839366912841797,42.30139196343541,-83.69853610971101,238.1510467529297,4.5,35.57,49.97,112.78
1712343946.322898,0.10020732879638672,42.30139196343541,-83.69853610971101,238.1510467529297,4.5,35.57,49.97,112.78
1712343946.4230993,0.10013151168823242,42.30140621120569,-83.69852111743661,238.21275329589844,4.5,40.0,47.97,113.74
1712343946.5232298,0.10016202926635742,42.30140621120569,-83.69852111743661,238.21275329589844,4.5,40.0,47.97,113.74
1712343946.6233892,0.10011148452758789,42.30140621120569,-83.69852111743661,238.21275329589844,4.5,40.0,47.97,113.74
1712343946.72352,0.10016012191772461,42.30140621120569,-83.69852111743661,238.21275329589844,4.5,40.0,47.97,113.74
1712343946.8236654,0.10012388229370117,42.301426855492,-83.69849609269131,238.3740997314453,4.5,38.85,44.9,115.06
1712343946.9237866,0.10011529922485352,42.301426855492,-83.69849609269131,238.3740997314453,4.5,38.85,44.9,115.06
1712343947.0238981,0.10010647773742676,42.301426855492,-83.69849609269131,238.3740997314453,4.5,38.85,44.9,115.06
1712343947.1240284,0.10014009475708008,42.301426855492,-83.69849609269131,238.3740997314453,4.5,38.85,44.9,115.06
1712343947.224384,0.10036182403564453,42.301426855492,-83.69849609269131,238.3740997314453,4.5,38.85,44.9,115.06
1712343947.3245087,0.10010337829589844,42.301426855492,-83.69849609269131,238.3740997314453,4.5,38.85,44.9,115.06
1712343947.424693,0.1002051830291748,42.301426855492,-83.69849609269131,238.3740997314453,4.5,38.85,44.9,115.06
1712343947.524839,0.10010862350463867,42.301448609011885,-83.69847717427261,238.47044372558597,4.5,25.09,42.03,116.75
1712343947.625096,0.10022449493408203,42.301448609011885,-83.69847717427261,238.47044372558597,4.5,25.09,42.03,116.75
1712343947.725343,0.10021066665649414,42.301448609011885,-83.69847717427261,238.47044372558597,4.5,25.09,42.03,116.75
1712343947.825598,0.10030770301818848,42.301448609011885,-83.69847717427261,238.47044372558597,4.5,25.09,42.03,116.75
1712343947.9257681,0.10016441345214844,42.301448609011885,-83.69847717427261,238.47044372558597,4.5,25.09,42.03,116.75
1712343948.0258987,0.1001129150390625,42.301448609011885,-83.69847717427261,238.47044372558597,4.5,25.09,42.03,116.75
1712343948.1261342,0.10020971298217773,42.30147379935195,-83.6984663117238,238.55322265625,4.5,10.2,39.25,119.06
1712343948.226365,0.10021686553955078,42.30147379935195,-83.6984663117238,238.55322265625,4.5,10.2,39.25,119.06
1712343948.3265052,0.10012125968933105,42.30147379935195,-83.6984663117238,238.55322265625,4.5,10.2,39.25,119.06
1712343948.4266703,0.1001894474029541,42.30147379935195,-83.6984663117238,238.55322265625,4.5,10.2,39.25,119.06
1712343948.5268614,0.10018324851989746,42.30147379935195,-83.6984663117238,238.55322265625,4.5,10.2,39.25,119.06
1712343948.626982,0.10011982917785645,42.30147379935195,-83.6984663117238,238.55322265625,4.5,10.2,39.25,119.06
1712343948.727107,0.10010004043579102,42.30147379935195,-83.6984663117238,238.55322265625,4.5,10.2,39.25,119.06
1712343948.8272653,0.1001746654510498,42.3014953876862,-83.69846381222378,238.6880798339844,4.5,359.81,37.25,121.25
1712343948.9274383,0.1000828742980957,42.3014953876862,-83.69846381222378,238.6880798339844,4.5,359.81,37.25,121.25
1712343949.0276055,0.10018277168273926,42.3014953876862,-83.69846381222378,238.6880798339844,4.5,359.81,37.25,121.25
1712343949.127762,0.10020589828491211,42.3014953876862,-83.69846381222378,238.6880798339844,4.5,359.81,37.25,121.25
1712343949.2278883,0.10010790824890137,42.3014953876862,-83.69846381222378,238.6880798339844,4.5,359.81,37.25,121.25
1712343949.3280547,0.10012483596801758,42.30151333694087,-83.69846326328634,238.8104248046875,4.5,2.78,35.71,123.12
1712343949.4282198,0.10012602806091309,42.30151333694087,-83.69846326328634,238.8104248046875,4.5,2.78,35.71,123.12
1712343949.528463,0.10026931762695312,42.30151333694087,-83.69846326328634,238.8104248046875,4.5,2.78,35.71,123.12
1712343949.6286056,0.10014104843139648,42.30151333694087,-83.69846326328634,238.8104248046875,4.5,2.78,35.71,123.12
1712343949.7287178,0.10012364387512207,42.30151333694087,-83.69846326328634,238.8104248046875,4.5,2.78,35.71,123.12
1712343949.828847,0.10010933876037598,42.30153126583557,-83.69846133839147,238.9032440185547,4.5,6.63,34.14,124.96
1712343949.9290037,0.10009980201721191,42.30153126583557,-83.69846133839147,238.9032440185547,4.5,6.63,34.14,124.96
1712343950.0291297,0.10016489028930664,42.30153126583557,-83.69846133839147,238.9032440185547,4.5,6.63,34.14,124.96
1712343950.1292748,0.10010862350463867,42.30153126583557,-83.69846133839147,238.9032440185547,4.5,6.63,34.14,124.96
1712343950.229414,0.10016655921936035,42.301549091648525,-83.69845732607028,238.9925842285156,4.5,12.72,32.5,126.73
1712343950.329586,0.10010671615600586,42.301549091648525,-83.69845732607028,238.9925842285156,4.5,12.72,32.5,126.73
1712343950.4297206,0.10018205642700195,42.301549091648525,-83.69845732607028,238.9925842285156,4.5,12.72,32.5,126.73
1712343950.529855,0.1001129150390625,42.301549091648525,-83.69845732607028,238.9925842285156,4.5,12.72,32.5,126.73
1712343950.63,0.10014033317565918,42.301549091648525,-83.69845732607028,238.9925842285156,4.5,12.72,32.5,126.73
1712343950.7301514,0.10013008117675781,42.30156640275888,-83.69845007544453,239.09841918945312,4.5,22.03,30.74,128.38
1712343950.8302703,0.10012221336364746,42.30156640275888,-83.69845007544453,239.09841918945312,4.5,22.03,30.74,128.38
1712343950.930399,0.10011696815490723,42.30156640275888,-83.69845007544453,239.09841918945312,4.5,22.03,30.74,128.38
1712343951.0305464,0.10012602806091309,42.30156640275888,-83.69845007544453,239.09841918945312,4.5,22.03,30.74,128.38
1712343951.1308463,0.10033869743347168,42.30158218820819,-83.69843803625704,239.20904541015625,4.5,34.38,28.83,129.75
1712343951.2310011,0.10006308555603027,42.30158218820819,-83.69843803625704,239.20904541015625,4.5,34.38,28.83,129.75
1712343951.3311493,0.10019850730895996,42.30158218820819,-83.69843803625704,239.20904541015625,4.5,34.38,28.83,129.75
1712343951.4312878,0.10011649131774902,42.30158218820819,-83.69843803625704,239.20904541015625,4.5,34.38,28.83,129.75
1712343951.531488,0.1001427173614502,42.30159680499602,-83.69842395171241,239.3223419189453,4.5,36.19,26.89,130.98
1712343951.631621,0.10015082359313965,42.30159680499602,-83.69842395171241,239.3223419189453,4.5,36.19,26.89,130.98
1712343951.73177,0.10012054443359375,42.30159680499602,-83.69842395171241,239.3223419189453,4.5,36.19,26.89,130.98
1712343951.8319066,0.10015130043029785,42.30159680499602,-83.69842395171241,239.3223419189453,4.5,36.19,26.89,130.98
1712343951.9320455,0.10013127326965332,42.30159680499602,-83.69842395171241,239.3223419189453,4.5,36.19,26.89,130.98
1712343952.032248,0.10017037391662598,42.30161099515064,-83.69840923251678,239.43875122070312,4.5,39.26,24.95,132.16
1712343952.1324148,0.10013556480407715,42.30161099515064,-83.69840923251678,239.43875122070312,4.5,39.26,24.95,132.16
1712343952.232533,0.10016131401062012,42.30161099515064,-83.69840923251678,239.43875122070312,4.5,39.26,24.95,132.16
1712343952.3327036,0.10012435913085938,42.30161099515064,-83.69840923251678,239.43875122070312,4.5,39.26,24.95,132.16
1712343952.4328775,0.10016775131225586,42.30162813840204,-83.6983892990642,239.59689331054688,4.5,40.89,22.48,133.56
1712343952.5330455,0.10012936592102051,42.30162813840204,-83.6983892990642,239.59689331054688,4.5,40.89,22.48,133.56
1712343952.6331668,0.10016632080078125,42.30162813840204,-83.6983892990642,239.59689331054688,4.5,40.89,22.48,133.56
1712343952.7333806,0.10024333000183105,42.30162813840204,-83.6983892990642,239.59689331054688,4.5,40.89,22.48,133.56
1712343952.833545,0.10016131401062012,42.30162813840204,-83.6983892990642,239.59689331054688,4.5,40.89,22.48,133.56
1712343952.9336908,0.10007524490356445,42.30162813840204,-83.6983892990642,239.59689331054688,4.5,40.89,22.48,133.56
1712343953.0338655,0.1001591682434082,42.30164891351714,-83.69836071150743,239.81298828125,4.5,42.07,19.21,135.22
1712343953.1339874,0.10013985633850098,42.30164891351714,-83.69836071150743,239.81298828125,4.5,42.07,19.21,135.22
1712343953.234099,0.10009312629699707,42.30164891351714,-83.69836071150743,239.81298828125,4.5,42.07,19.21,135.22
1712343953.3342206,0.10012269020080566,42.30164891351714,-83.69836071150743,239.81298828125,4.5,42.07,19.21,135.22
1712343953.4343634,0.10013008117675781,42.30164891351714,-83.69836071150743,239.81298828125,4.5,42.07,19.21,135.22
1712343953.534468,0.10012388229370117,42.30164891351714,-83.69836071150743,239.81298828125,4.5,42.07,19.21,135.22
1712343953.634577,0.1000978946685791,42.30164891351714,-83.69836071150743,239.81298828125,4.5,42.07,19.21,135.22
1712343953.7347229,0.10013198852539062,42.30166204548189,-83.69834417842758,239.96170043945312,4.5,44.1,17.25,136.33
1712343953.8348534,0.10009956359863281,42.30166204548189,-83.69834417842758,239.96170043945312,4.5,44.1,17.25,136.33
1712343953.9349785,0.10013508796691895,42.30166204548189,-83.69834417842758,239.96170043945312,4.5,44.1,17.25,136.33
1712343954.0352635,0.10029816627502441,42.30166204548189,-83.69834417842758,239.96170043945312,4.5,44.1,17.25,136.33
1712343954.1353977,0.10009407997131348,42.30166204548189,-83.69834417842758,239.96170043945312,4.5,44.1,17.25,136.33
1712343954.2363536,0.10091996192932129,42.30165353948354,-83.69835507118461,239.87698364257807,4.5,42.68,18.53,135.61
1712343954.3367047,0.10024619102478027,42.30165353948354,-83.69835507118461,239.87698364257807,4.5,42.68,18.53,135.61
1712343954.436825,0.10020017623901367,42.30165353948354,-83.69835507118461,239.87698364257807,4.5,42.68,18.53,135.61
1712343954.5369682,0.1001131534576416,42.3016664805092,-83.6983383159908,240.0065460205078,4.5,44.57,16.57,136.71
1712343954.637116,0.10012173652648926,42.3016664805092,-83.6983383159908,240.0065460205078,4.5,44.57,16.57,136.71
1712343954.7375088,0.10041546821594238,42.3016664805092,-83.6983383159908,240.0065460205078,4.5,44.57,16.57,136.71
1712343954.8376758,0.10016679763793945,42.3016664805092,-83.6983383159908,240.0065460205078,4.5,44.57,16.57,136.71
1712343954.9381351,0.1004483699798584,42.301683597428166,-83.6983150446206,240.16067504882807,4.5,45.84,13.91,138.16
1712343955.0382802,0.10008978843688965,42.301683597428166,-83.6983150446206,240.16067504882807,4.5,45.84,13.91,138.16
1712343955.1384606,0.10022449493408203,42.301683597428166,-83.6983150446206,240.16067504882807,4.5,45.84,13.91,138.16
1712343955.238625,0.10016059875488281,42.301683597428166,-83.6983150446206,240.16067504882807,4.5,45.84,13.91,138.16
1712343955.3390384,0.10039567947387695,42.301683597428166,-83.6983150446206,240.16067504882807,4.5,45.84,13.91,138.16
1712343955.4392772,0.10023689270019531,42.301683597428166,-83.6983150446206,240.16067504882807,4.5,45.84,13.91,138.16
1712343955.5394373,0.10015463829040527,42.30169594767753,-83.69829739661583,240.28717041015625,4.5,47.6,11.95,139.22
1712343955.6395652,0.1001126766204834,42.30169594767753,-83.69829739661583,240.28717041015625,4.5,47.6,11.95,139.22
1712343955.7397244,0.10017108917236328,42.30169594767753,-83.69829739661583,240.28717041015625,4.5,47.6,11.95,139.22
1712343955.8398302,0.1000974178314209,42.30169594767753,-83.69829739661583,240.28717041015625,4.5,47.6,11.95,139.22
1712343955.940018,0.10019326210021973,42.30170774107921,-83.69827902731988,240.4083404541016,4.5,50.76,9.98,140.23
1712343956.040146,0.1001121997833252,42.30170774107921,-83.69827902731988,240.4083404541016,4.5,50.76,9.98,140.23
1712343956.140265,0.10009574890136719,42.30170774107921,-83.69827902731988,240.4083404541016,4.5,50.76,9.98,140.23
1712343956.2404263,0.1001594066619873,42.30170774107921,-83.69827902731988,240.4083404541016,4.5,50.76,9.98,140.23
1712343956.3405066,0.10010123252868652,42.30170774107921,-83.69827902731988,240.4083404541016,4.5,50.76,9.98,140.23
1712343956.440649,0.10010647773742676,42.30171859164554,-83.69825960675871,240.52615356445312,4.5,54.9,7.99,141.14
1712343956.54082,0.10009098052978516,42.30171859164554,-83.69825960675871,240.52615356445312,4.5,54.9,7.99,141.14
1712343956.6409633,0.10017728805541992,42.30171859164554,-83.69825960675871,240.52615356445312,4.5,54.9,7.99,141.14
1712343956.7410786,0.10012984275817871,42.30171859164554,-83.69825960675871,240.52615356445312,4.5,54.9,7.99,141.14
1712343956.8412144,0.10012078285217285,42.30172852480345,-83.69823930543282,240.64132690429688,4.5,58.04,6.0,141.96
1712343956.9414191,0.10019731521606445,42.30172852480345,-83.69823930543282,240.64132690429688,4.5,58.04,6.0,141.96
1712343957.0415976,0.10019350051879883,42.30172852480345,-83.69823930543282,240.64132690429688,4.5,58.04,6.0,141.96
1712343957.141731,0.10009193420410156,42.30172852480345,-83.69823930543282,240.64132690429688,4.5,58.04,6.0,141.96
1712343957.2423098,0.10058975219726562,42.30172852480345,-83.69823930543282,240.64132690429688,4.5,58.04,6.0,141.96
1712343957.342432,0.1001429557800293,42.30173768831429,-83.69821834795805,240.7506866455078,4.5,60.64,4.0,142.71
1712343957.4426007,0.10014176368713379,42.30173768831429,-83.69821834795805,240.7506866455078,4.5,60.64,4.0,142.71
1712343957.5427463,0.10013008117675781,42.30173768831429,-83.69821834795805,240.7506866455078,4.5,60.64,4.0,142.71
1712343957.6428995,0.10017585754394531,42.30173768831429,-83.69821834795805,240.7506866455078,4.5,60.64,4.0,142.71
1712343957.7430313,0.1000833511352539,42.30173768831429,-83.69821834795805,240.7506866455078,4.5,60.64,4.0,142.71
1712343957.8431485,0.20021724700927734,42.30173768831429,-83.69821834795805,240.7506866455078,4.5,60.64,4.0,142.71
1712343957.9433105,0.3004035949707031,42.30173768831429,-83.69821834795805,240.7506866455078,4.5,60.64,4.0,142.71
1712343958.0435102,0.40059900283813477,42.30173768831429,-83.69821834795805,240.7506866455078,4.5,60.64,4.0,142.71
1712343958.143654,0.5007355213165283,42.30173768831429,-83.69821834795805,240.7506866455078,4.5,60.64,4.0,142.71
1712343958.243788,0.6008388996124268,42.30173768831429,-83.69821834795805,240.7506866455078,4.5,60.64,4.0,142.71
1712343958.3439336,0.7010242938995361,42.30173768831429,-83.69821834795805,240.7506866455078,4.5,60.64,4.0,142.71
1712343958.444044,0.8011159896850586,42.30173768831429,-83.69821834795805,240.7506866455078,4.5,60.64,4.0,142.71
1712343958.5441523,0.9012255668640137,42.30173768831429,-83.69821834795805,240.7506866455078,4.5,60.64,4.0,142.71
1712343958.6443071,1.0013978481292725,42.30173768831429,-83.69821834795805,240.7506866455078,4.5,60.64,4.0,142.71
1712343958.7444615,1.1015641689300537,42.30173768831429,-83.69821834795805,240.7506866455078,4.5,60.64,4.0,142.71
1712343958.844613,1.2016968727111816,42.30173768831429,-83.69821834795805,240.7506866455078,4.5,60.64,4.0,142.71
1712343958.9447186,1.3017988204956055,42.30173768831429,-83.69821834795805,240.7506866455078,4.5,60.64,4.0,142.71
1712343959.0448172,1.40189528465271,42.30173768831429,-83.69821834795805,240.7506866455078,4.5,60.64,4.0,142.71
1712343959.1449304,1.50199294090271,42.30173768831429,-83.69821834795805,240.7506866455078,4.5,60.64,4.0,142.71
1712343959.24508,1.602156400680542,42.30173768831429,-83.69821834795805,240.7506866455078,4.5,60.64,4.0,142.71
1712343959.3452542,1.7022705078125,42.30173768831429,-83.69821834795805,240.7506866455078,4.5,60.64,4.0,142.71
1712343959.4468908,1.8039581775665283,42.30173768831429,-83.69821834795805,240.7506866455078,4.5,60.64,4.0,142.71
1712343959.5470734,1.9040892124176025,42.30173768831429,-83.69821834795805,240.7506866455078,4.5,60.64,4.0,142.71
1712343959.6472802,2.0043511390686035,42.30173768831429,-83.69821834795805,240.7506866455078,4.5,60.64,4.0,142.71
1712343959.7474768,2.104494571685791,42.30173768831429,-83.69821834795805,240.7506866455078,4.5,60.64,4.0,142.71
1712343959.8475993,2.2046749591827393,42.30173768831429,-83.69821834795805,240.7506866455078,4.5,60.64,4.0,142.71
1712343959.9477994,2.3048601150512695,42.30173768831429,-83.69821834795805,240.7506866455078,4.5,60.64,4.0,142.71
1712343960.047961,2.404999256134033,42.30173768831429,-83.69821834795805,240.7506866455078,4.5,60.64,4.0,142.71
1712343960.1480863,2.505154848098755,42.30173768831429,-83.69821834795805,240.7506866455078,4.5,60.64,4.0,142.71
1712343960.2483697,2.605426073074341,42.30173768831429,-83.69821834795805,240.7506866455078,4.5,60.64,4.0,142.71
1712343960.348532,2.7055599689483643,42.30173768831429,-83.69821834795805,240.7506866455078,4.5,60.64,4.0,142.71
1712343960.4486911,2.805737257003784,42.30173768831429,-83.69821834795805,240.7506866455078,4.5,60.64,4.0,142.71
1712343960.5488122,2.9058775901794434,42.30173768831429,-83.69821834795805,240.7506866455078,4.5,60.64,4.0,142.71
1712343960.6489193,3.0060014724731445,42.30173768831429,-83.69821834795805,240.7506866455078,4.5,60.64,4.0,142.71
1712343960.7490783,3.106099843978882,42.30173768831429,-83.69821834795805,240.7506866455078,4.5,60.64,4.0,142.71
1712343960.8491952,3.20627498626709,42.30173768831429,-83.69821834795805,240.7506866455078,4.5,60.64,4.0,142.71
1712343960.9492877,3.3063926696777344,42.30173768831429,-83.69821834795805,240.7506866455078,4.5,60.64,4.0,142.71
1712343961.04949,3.4065756797790527,42.30173768831429,-83.69821834795805,240.7506866455078,4.5,60.64,4.0,142.71
1712343961.1496499,3.506681203842163,42.30173768831429,-83.69821834795805,240.7506866455078,4.5,60.64,4.0,142.71
1712343961.2497892,3.6068501472473145,42.30173768831429,-83.69821834795805,240.7506866455078,4.5,60.64,4.0,142.71
1712343961.3499112,3.7069835662841797,42.30173768831429,-83.69821834795805,240.7506866455078,4.5,60.64,4.0,142.71
1712343961.4500117,3.807088613510132,42.30173768831429,-83.69821834795805,240.7506866455078,4.5,60.64,4.0,142.71
1712343961.550273,3.907376527786255,42.30173768831429,-83.69821834795805,240.7506866455078,4.5,60.64,4.0,142.71
1712343961.650414,4.007450103759766,42.30173768831429,-83.69821834795805,240.7506866455078,4.5,60.64,4.0,142.71
1712343961.7505403,4.107617139816284,42.30173768831429,-83.69821834795805,240.7506866455078,4.5,60.64,4.0,142.71
1712343961.8508239,4.207896709442139,42.30173768831429,-83.69821834795805,240.7506866455078,4.5,60.64,4.0,142.71
1712343961.9509954,4.308086633682251,42.30173768831429,-83.69821834795805,240.7506866455078,4.5,60.64,4.0,142.71
1712343962.0511725,4.408254384994507,42.30173768831429,-83.69821834795805,240.7506866455078,4.5,60.64,4.0,142.71
1712343962.1512783,4.508353233337402,42.30173768831429,-83.69821834795805,240.7506866455078,4.5,60.64,4.0,142.71
1712343962.251501,4.608588457107544,42.30173768831429,-83.69821834795805,240.7506866455078,4.5,60.64,4.0,142.71
1712343962.3516226,4.708683490753174,42.30173768831429,-83.69821834795805,240.7506866455078,4.5,60.64,4.0,142.71
1712343962.4518032,4.808876037597656,42.30173768831429,-83.69821834795805,240.7506866455078,4.5,60.64,4.0,142.71
1712343962.5519862,4.909004211425781,42.30173768831429,-83.69821834795805,240.7506866455078,4.5,60.64,4.0,142.71
1712343962.652163,5.009198427200317,42.30173768831429,-83.69821834795805,240.7506866455078,4.5,60.64,4.0,142.71
1712343962.7522829,5.109341144561768,42.30173768831429,-83.69821834795805,240.7506866455078,4.5,60.64,4.0,142.71
1712343962.8524086,5.209467172622681,42.30173768831429,-83.69821834795805,240.7506866455078,4.5,60.64,4.0,142.71
1712343962.9525263,5.309603929519653,42.30173768831429,-83.69821834795805,240.7506866455078,4.5,60.64,4.0,142.71
1712343963.0526304,5.4097089767456055,42.30173768831429,-83.69821834795805,240.7506866455078,4.5,60.64,4.0,142.71
1712343963.152762,5.509808540344238,42.30173768831429,-83.69821834795805,240.7506866455078,4.5,60.64,4.0,142.71
1712343963.2528715,5.6099488735198975,42.30173768831429,-83.69821834795805,240.7506866455078,4.5,60.64,4.0,142.71
1712343963.353008,5.710049390792847,42.30173768831429,-83.69821834795805,240.7506866455078,4.5,60.64,4.0,142.71
1712343963.453156,5.810203313827515,42.30173768831429,-83.69821834795805,240.7506866455078,4.5,60.64,4.0,142.71
1712343963.5533266,5.910353660583496,42.30173768831429,-83.69821834795805,240.7506866455078,4.5,60.64,4.0,142.71
1712343963.6534994,6.0105299949646,42.30173768831429,-83.69821834795805,240.7506866455078,4.5,60.64,4.0,142.71
1712343963.7536292,6.110699415206909,42.30173768831429,-83.69821834795805,240.7506866455078,4.5,60.64,4.0,142.71
1712343963.8537388,6.2108166217803955,42.30173768831429,-83.69821834795805,240.7506866455078,4.5,60.64,4.0,142.71
1712343963.953844,6.310922384262085,42.30173768831429,-83.69821834795805,240.7506866455078,4.5,60.64,4.0,142.71
1712343964.0540478,6.411133527755737,42.30173768831429,-83.69821834795805,240.7506866455078,4.5,60.64,4.0,142.71
1712343964.1541631,6.511243581771851,42.30173768831429,-83.69821834795805,240.7506866455078,4.5,60.64,4.0,142.71
1712343964.2545493,6.6115944385528564,42.30173768831429,-83.69821834795805,240.7506866455078,4.5,60.64,4.0,142.71
1712343964.3549237,6.7120115756988525,42.30173768831429,-83.69821834795805,240.7506866455078,4.5,60.64,4.0,142.71
1712343964.4551115,6.812192678451538,42.30173768831429,-83.69821834795805,240.7506866455078,4.5,60.64,4.0,142.71
1712343964.555307,6.912402868270874,42.30173768831429,-83.69821834795805,240.7506866455078,4.5,60.64,4.0,142.71
1712343964.659488,7.016534090042114,42.30173768831429,-83.69821834795805,240.7506866455078,4.5,60.64,4.0,142.71
1712343964.7596152,7.116686820983887,42.30173768831429,-83.69821834795805,240.7506866455078,4.5,60.64,4.0,142.71
1712343964.8598225,7.216901779174805,42.30173768831429,-83.69821834795805,240.7506866455078,4.5,60.64,4.0,142.71
1712343964.959981,7.317070722579956,42.30173768831429,-83.69821834795805,240.7506866455078,4.5,60.64,4.0,142.71
1712343965.0601346,7.41721248626709,42.30173768831429,-83.69821834795805,240.7506866455078,4.5,60.64,4.0,142.71
1712343965.1603453,7.517401695251465,42.30173768831429,-83.69821834795805,240.7506866455078,4.5,60.64,4.0,142.71
1712343965.260508,7.617595911026001,42.30173768831429,-83.69821834795805,240.7506866455078,4.5,60.64,4.0,142.71
1712343965.3606207,7.717693090438843,42.30173768831429,-83.69821834795805,240.7506866455078,4.5,60.64,4.0,142.71
1712343965.4607553,7.817812204360962,42.30173768831429,-83.69821834795805,240.7506866455078,4.5,60.64,4.0,142.71
1712343965.5608807,7.91794490814209,42.30173768831429,-83.69821834795805,240.7506866455078,4.5,60.64,4.0,142.71
1712343965.6610296,8.018075227737427,42.30173768831429,-83.69821834795805,240.7506866455078,4.5,60.64,4.0,142.71
1712343965.7613337,8.118427515029907,42.30173768831429,-83.69821834795805,240.7506866455078,4.5,60.64,4.0,142.71
1712343965.8614423,8.218522310256958,42.30173768831429,-83.69821834795805,240.7506866455078,4.5,60.64,4.0,142.71
1712343965.9615953,8.318678140640259,42.30173768831429,-83.69821834795805,240.7506866455078,4.5,60.64,4.0,142.71
1712343966.061707,8.41878366470337,42.30173768831429,-83.69821834795805,240.7506866455078,4.5,60.64,4.0,142.71
1712343966.161807,8.51888108253479,42.30173768831429,-83.69821834795805,240.7506866455078,4.5,60.64,4.0,142.71
1712343966.2619135,8.618982791900635,42.30173768831429,-83.69821834795805,240.7506866455078,4.5,60.64,4.0,142.71
1712343966.3620534,8.719091176986694,42.30173768831429,-83.69821834795805,240.7506866455078,4.5,60.64,4.0,142.71
1712343966.462169,8.819243907928467,42.30173768831429,-83.69821834795805,240.7506866455078,4.5,60.64,4.0,142.71
1712343966.5622733,8.91934609413147,42.30173768831429,-83.69821834795805,240.7506866455078,4.5,60.64,4.0,142.71
1712343966.662486,9.019571781158447,42.30173768831429,-83.69821834795805,240.7506866455078,4.5,60.64,4.0,142.71
1712343966.7626002,9.119671106338501,42.30173768831429,-83.69821834795805,240.7506866455078,4.5,60.64,4.0,142.71
1712343966.8627312,9.219810009002686,42.30173768831429,-83.69821834795805,240.7506866455078,4.5,60.64,4.0,142.71
1712343966.962903,9.319924592971802,42.30173768831429,-83.69821834795805,240.7506866455078,4.5,60.64,4.0,142.71
1712343967.0630577,9.420108795166016,42.30173768831429,-83.69821834795805,240.7506866455078,4.5,60.64,4.0,142.71
1712343967.1632278,9.520252227783203,42.30173768831429,-83.69821834795805,240.7506866455078,4.5,60.64,4.0,142.71
1712343967.2633803,9.620423316955566,42.30173768831429,-83.69821834795805,240.7506866455078,4.5,60.64,4.0,142.71
1712343967.3635483,9.720574855804443,42.30173768831429,-83.69821834795805,240.7506866455078,4.5,60.64,4.0,142.71
1712343967.4637048,9.820754766464233,42.30173768831429,-83.69821834795805,240.7506866455078,4.5,60.64,4.0,142.71
1712343967.563887,9.920906066894531,42.30173768831429,-83.69821834795805,240.7506866455078,4.5,60.64,4.0,142.71
1712343967.6642916,10.021370887756348,42.30173768831429,-83.69821834795805,240.7506866455078,4.5,60.64,4.0,142.71
1712343967.7643971,10.121475458145142,42.30173768831429,-83.69821834795805,240.7506866455078,4.5,60.64,4.0,142.71
1712343967.8645887,10.221671342849731,42.30173768831429,-83.69821834795805,240.7506866455078,4.5,60.64,4.0,142.71
1712343967.9646983,10.32177448272705,42.30173768831429,-83.69821834795805,240.7506866455078,4.5,60.64,4.0,142.71
1712343968.0649219,10.421993255615234,42.30173768831429,-83.69821834795805,240.7506866455078,4.5,60.64,4.0,142.71
1712343968.1650286,10.522106409072876,42.30173768831429,-83.69821834795805,240.7506866455078,4.5,60.64,4.0,142.71
1712343968.2652822,10.622347354888916,42.30173768831429,-83.69821834795805,240.7506866455078,4.5,60.64,4.0,142.71
1712343968.3654702,10.722488403320312,42.30173768831429,-83.69821834795805,240.7506866455078,4.5,60.64,4.0,142.71
1712343968.465605,10.822673320770264,42.30173768831429,-83.69821834795805,240.7506866455078,4.5,60.64,4.0,142.71
1712343968.565733,10.922792911529541,42.30173768831429,-83.69821834795805,240.7506866455078,4.5,60.64,4.0,142.71
1712343968.6658618,11.022933959960938,42.30173768831429,-83.69821834795805,240.7506866455078,4.5,60.64,4.0,142.71
1712343968.766125,11.123200416564941,42.30173768831429,-83.69821834795805,240.7506866455078,4.5,60.64,4.0,142.71
1712343968.866252,11.223322868347168,42.30173768831429,-83.69821834795805,240.7506866455078,4.5,60.64,4.0,142.71
1712343968.9664047,11.323505640029907,42.30173768831429,-83.69821834795805,240.7506866455078,4.5,60.64,4.0,142.71
1712343969.0665762,11.42362356185913,42.30173768831429,-83.69821834795805,240.7506866455078,4.5,60.64,4.0,142.71
1712343969.1666875,11.523764610290527,42.30173768831429,-83.69821834795805,240.7506866455078,4.5,60.64,4.0,142.71
1712343969.2668037,11.623864889144897,42.30173768831429,-83.69821834795805,240.7506866455078,4.5,60.64,4.0,142.71
1712343969.3669684,11.723996639251709,42.30173768831429,-83.69821834795805,240.7506866455078,4.5,60.64,4.0,142.71
1712343969.467114,11.824188470840454,42.30173768831429,-83.69821834795805,240.7506866455078,4.5,60.64,4.0,142.71
1712343969.567268,11.924352169036865,42.30173768831429,-83.69821834795805,240.7506866455078,4.5,60.64,4.0,142.71
1712343969.6674976,12.024596691131592,42.30173768831429,-83.69821834795805,240.7506866455078,4.5,60.64,4.0,142.71
1712343969.767642,12.124688386917114,42.30173768831429,-83.69821834795805,240.7506866455078,4.5,60.64,4.0,142.71
1712343969.8677588,12.22483515739441,42.30173768831429,-83.69821834795805,240.7506866455078,4.5,60.64,4.0,142.71
1712343969.9679437,12.324960708618164,42.30173768831429,-83.69821834795805,240.7506866455078,4.5,60.64,4.0,142.71
1712343970.0680752,12.425143957138062,42.30173768831429,-83.69821834795805,240.7506866455078,4.5,60.64,4.0,142.71
1712343970.168227,12.525254964828491,42.30173768831429,-83.69821834795805,240.7506866455078,4.5,60.64,4.0,142.71
1712343970.2683694,12.62544322013855,42.30173768831429,-83.69821834795805,240.7506866455078,4.5,60.64,4.0,142.71
1712343970.3685396,12.72556209564209,42.30173768831429,-83.69821834795805,240.7506866455078,4.5,60.64,4.0,142.71
1712343970.4686532,12.825731754302979,42.30173768831429,-83.69821834795805,240.7506866455078,4.5,60.64,4.0,142.71
1712343970.5687575,12.925835371017456,42.30173768831429,-83.69821834795805,240.7506866455078,4.5,60.64,4.0,142.71
1712343970.6688755,13.025935649871826,42.30173768831429,-83.69821834795805,240.7506866455078,4.5,60.64,4.0,142.71
1712343970.7690237,13.1260666847229,42.30173768831429,-83.69821834795805,240.7506866455078,4.5,60.64,4.0,142.71
1712343970.8691626,13.226222515106201,42.30173768831429,-83.69821834795805,240.7506866455078,4.5,60.64,4.0,142.71
1712343970.9693072,13.326353549957275,42.30173768831429,-83.69821834795805,240.7506866455078,4.5,60.64,4.0,142.71
1712343971.0697072,13.426795482635498,42.30173768831429,-83.69821834795805,240.7506866455078,4.5,60.64,4.0,142.71
1712343971.1699069,13.526978492736816,42.30173768831429,-83.69821834795805,240.7506866455078,4.5,60.64,4.0,142.71
1712343971.2700264,13.62709355354309,42.30173768831429,-83.69821834795805,240.7506866455078,4.5,60.64,4.0,142.71
1712343971.3702297,13.727308750152588,42.30173768831429,-83.69821834795805,240.7506866455078,4.5,60.64,4.0,142.71
1712343971.4708955,13.827517032623291,42.30173768831429,-83.69821834795805,240.7506866455078,4.5,60.64,4.0,142.71
1712343971.5710208,13.92812204360962,42.30173768831429,-83.69821834795805,240.7506866455078,4.5,60.64,4.0,142.71
1712343971.6711614,14.028215885162354,42.30173768831429,-83.69821834795805,240.7506866455078,4.5,60.64,4.0,142.71
1712343971.771459,14.128527164459229,42.30173768831429,-83.69821834795805,240.7506866455078,4.5,60.64,4.0,142.71
1712343971.871619,14.22869610786438,42.30173768831429,-83.69821834795805,240.7506866455078,4.5,60.64,4.0,142.71
1712343971.9717388,14.328800916671753,42.30173768831429,-83.69821834795805,240.7506866455078,4.5,60.64,4.0,142.71
1712343972.071887,14.428974628448486,42.30173768831429,-83.69821834795805,240.7506866455078,4.5,60.64,4.0,142.71
1712343972.172171,14.529223918914795,42.30173768831429,-83.69821834795805,240.7506866455078,4.5,60.64,4.0,142.71
1712343972.2723625,14.62945032119751,42.30173768831429,-83.69821834795805,240.7506866455078,4.5,60.64,4.0,142.71
1712343972.3724785,14.729565143585205,42.30173768831429,-83.69821834795805,240.7506866455078,4.5,60.64,4.0,142.71
1712343972.4726334,14.829710960388184,42.30173768831429,-83.69821834795805,240.7506866455078,4.5,60.64,4.0,142.71
1712343972.572766,14.92984127998352,42.30173768831429,-83.69821834795805,240.7506866455078,4.5,60.64,4.0,142.71
1712343972.6729946,15.030050277709961,42.30173768831429,-83.69821834795805,240.7506866455078,4.5,60.64,4.0,142.71
1712343972.7731366,15.130195140838623,42.30173768831429,-83.69821834795805,240.7506866455078,4.5,60.64,4.0,142.71
1712343972.8732722,15.230324983596802,42.30173768831429,-83.69821834795805,240.7506866455078,4.5,60.64,4.0,142.71
1712343972.9734097,15.33046579360962,42.30173768831429,-83.69821834795805,240.7506866455078,4.5,60.64,4.0,142.71
1712343973.073538,15.430604457855225,42.30173768831429,-83.69821834795805,240.7506866455078,4.5,60.64,4.0,142.71
1712343973.1736534,15.5307297706604,42.30173768831429,-83.69821834795805,240.7506866455078,4.5,60.64,4.0,142.71
1712343973.2738056,15.630903244018555,42.30173768831429,-83.69821834795805,240.7506866455078,4.5,60.64,4.0,142.71
1712343973.3739774,15.731051921844482,42.30173768831429,-83.69821834795805,240.7506866455078,4.5,60.64,4.0,142.71
1712343973.474081,15.831166982650757,42.30173768831429,-83.69821834795805,240.7506866455078,4.5,60.64,4.0,142.71
1712343973.5741758,15.93125605583191,42.30173768831429,-83.69821834795805,240.7506866455078,4.5,60.64,4.0,142.71
1712343973.6747303,16.03174924850464,42.30173768831429,-83.69821834795805,240.7506866455078,4.5,60.64,4.0,142.71
1712343973.7748775,16.131953716278076,42.30173768831429,-83.69821834795805,240.7506866455078,4.5,60.64,4.0,142.71
1712343973.8787336,16.235808610916138,42.30173768831429,-83.69821834795805,240.7506866455078,4.5,60.64,4.0,142.71
1712343973.9788828,16.3359272480011,42.30173768831429,-83.69821834795805,240.7506866455078,4.5,60.64,4.0,142.71
1712343974.0790114,16.436075448989868,42.30173768831429,-83.69821834795805,240.7506866455078,4.5,60.64,4.0,142.71
1712343974.179148,16.536203145980835,42.30173768831429,-83.69821834795805,240.7506866455078,4.5,60.64,4.0,142.71
1712343974.2792854,16.636335849761963,42.30173768831429,-83.69821834795805,240.7506866455078,4.5,60.64,4.0,142.71
1712343974.3794754,16.73658013343811,42.30173768831429,-83.69821834795805,240.7506866455078,4.5,60.64,4.0,142.71
1712343974.4795988,16.836650848388672,42.30173768831429,-83.69821834795805,240.7506866455078,4.5,60.64,4.0,142.71
1712343974.5796978,16.93678641319275,42.30173768831429,-83.69821834795805,240.7506866455078,4.5,60.64,4.0,142.71
1712343974.6797965,17.036871671676636,42.30173768831429,-83.69821834795805,240.7506866455078,4.5,60.64,4.0,142.71
1712343974.7798994,17.13697123527527,42.30173768831429,-83.69821834795805,240.7506866455078,4.5,60.64,4.0,142.71
1712343974.8800328,17.237086534500122,42.30173768831429,-83.69821834795805,240.7506866455078,4.5,60.64,4.0,142.71
1712343974.9801986,17.337230682373047,42.30173768831429,-83.69821834795805,240.7506866455078,4.5,60.64,4.0,142.71
1712343975.0803194,17.437397718429565,42.30173768831429,-83.69821834795805,240.7506866455078,4.5,60.64,4.0,142.71
1712343975.1805778,17.537646293640137,42.30173768831429,-83.69821834795805,240.7506866455078,4.5,60.64,4.0,142.71
1712343975.281003,17.638088703155518,42.30173768831429,-83.69821834795805,240.7506866455078,4.5,60.64,4.0,142.71
1712343975.3811338,17.738194227218628,42.30173768831429,-83.69821834795805,240.7506866455078,4.5,60.64,4.0,142.71
1712343975.481253,17.838318586349487,42.30173768831429,-83.69821834795805,240.7506866455078,4.5,60.64,4.0,142.71
1712343975.581357,17.93843698501587,42.30173768831429,-83.69821834795805,240.7506866455078,4.5,60.64,4.0,142.71
1712343975.681474,18.03854727745056,42.30173768831429,-83.69821834795805,240.7506866455078,4.5,60.64,4.0,142.71
1712343975.7816384,18.13865876197815,42.30173768831429,-83.69821834795805,240.7506866455078,4.5,60.64,4.0,142.71
1712343975.8817596,18.238839864730835,42.30173768831429,-83.69821834795805,240.7506866455078,4.5,60.64,4.0,142.71
1712343975.981859,18.338932514190674,42.30173768831429,-83.69821834795805,240.7506866455078,4.5,60.64,4.0,142.71
1712343976.0820076,18.439050436019897,42.30173768831429,-83.69821834795805,240.7506866455078,4.5,60.64,4.0,142.71
1712343976.1823833,18.539448976516724,42.30173768831429,-83.69821834795805,240.7506866455078,4.5,60.64,4.0,142.71
1712343976.2826838,18.63975167274475,42.30173768831429,-83.69821834795805,240.7506866455078,4.5,60.64,4.0,142.71
1712343976.382856,18.739880800247192,42.30173768831429,-83.69821834795805,240.7506866455078,4.5,60.64,4.0,142.71
1712343976.4829843,18.840054988861084,42.30173768831429,-83.69821834795805,240.7506866455078,4.5,60.64,4.0,142.71
1712343976.5831084,18.940173625946045,42.30173768831429,-83.69821834795805,240.7506866455078,4.5,60.64,4.0,142.71
1712343976.6832554,19.040334463119507,42.30173768831429,-83.69821834795805,240.7506866455078,4.5,60.64,4.0,142.71
1712343976.7834349,19.14044451713562,42.30173768831429,-83.69821834795805,240.7506866455078,4.5,60.64,4.0,142.71
1712343976.883556,19.240630865097046,42.30173768831429,-83.69821834795805,240.7506866455078,4.5,60.64,4.0,142.71
1712343976.983678,19.340734720230103,42.30173768831429,-83.69821834795805,240.7506866455078,4.5,60.64,4.0,142.71
1712343977.083849,19.440873622894287,42.30173768831429,-83.69821834795805,240.7506866455078,4.5,60.64,4.0,142.71
1712343977.1839926,19.541049003601074,42.30173768831429,-83.69821834795805,240.7506866455078,4.5,60.64,4.0,142.71
1712343977.284125,19.641177892684937,42.30173768831429,-83.69821834795805,240.7506866455078,4.5,60.64,4.0,142.71
1712343977.3842955,19.741315364837646,42.30173768831429,-83.69821834795805,240.7506866455078,4.5,60.64,4.0,142.71
1712343977.4844139,19.841492891311646,42.30173768831429,-83.69821834795805,240.7506866455078,4.5,60.64,4.0,142.71
1712343977.584527,19.941588878631592,42.30173768831429,-83.69821834795805,240.7506866455078,4.5,60.64,4.0,142.71
1712343977.684648,20.041714429855347,42.30173768831429,-83.69821834795805,240.7506866455078,4.5,60.64,4.0,142.71
1712343977.78476,20.14183282852173,42.30173768831429,-83.69821834795805,240.7506866455078,4.5,60.64,4.0,142.71
1712343977.8848736,20.24194025993347,42.30173768831429,-83.69821834795805,240.7506866455078,4.5,60.64,4.0,142.71
1712343977.9849992,20.34205389022827,42.30173768831429,-83.69821834795805,240.7506866455078,4.5,60.64,4.0,142.71
1712343978.0851407,20.442190885543823,42.30173768831429,-83.69821834795805,240.7506866455078,4.5,60.64,4.0,142.71
1712343978.1853416,20.542330503463745,42.30173768831429,-83.69821834795805,240.7506866455078,4.5,60.64,4.0,142.71
1712343978.2894275,20.646477460861206,42.30173768831429,-83.69821834795805,240.7506866455078,4.5,60.64,4.0,142.71
1712343978.3899481,20.74701452255249,42.30173768831429,-83.69821834795805,240.7506866455078,4.5,60.64,4.0,142.71
1712343978.4900846,20.847182512283325,42.30173768831429,-83.69821834795805,240.7506866455078,4.5,60.64,4.0,142.71
1712343978.590194,20.947261095046997,42.30173768831429,-83.69821834795805,240.7506866455078,4.5,60.64,4.0,142.71
1712343978.6903012,21.04737162590027,42.30173768831429,-83.69821834795805,240.7506866455078,4.5,60.64,4.0,142.71
1712343978.7904177,21.147488594055176,42.30173768831429,-83.69821834795805,240.7506866455078,4.5,60.64,4.0,142.71
1712343978.8905163,21.24759340286255,42.30173768831429,-83.69821834795805,240.7506866455078,4.5,60.64,4.0,142.71
1712343978.9906213,21.347692012786865,42.30173768831429,-83.69821834795805,240.7506866455078,4.5,60.64,4.0,142.71
1712343979.0907595,21.447814226150513,42.30173768831429,-83.69821834795805,240.7506866455078,4.5,60.64,4.0,142.71
1712343979.190931,21.54795551300049,42.30173768831429,-83.69821834795805,240.7506866455078,4.5,60.64,4.0,142.71
1712343979.2913496,21.648425102233887,42.30173768831429,-83.69821834795805,240.7506866455078,4.5,60.64,4.0,142.71
1712343979.391648,21.748735904693604,42.30173768831429,-83.69821834795805,240.7506866455078,4.5,60.64,4.0,142.71
1712343979.49175,21.84883189201355,42.30173768831429,-83.69821834795805,240.7506866455078,4.5,60.64,4.0,142.71
1712343979.59191,21.948930025100708,42.30173768831429,-83.69821834795805,240.7506866455078,4.5,60.64,4.0,142.71
1712343979.6920555,22.049123764038086,42.30173768831429,-83.69821834795805,240.7506866455078,4.5,60.64,4.0,142.71
1712343979.792151,22.149231672286987,42.30173768831429,-83.69821834795805,240.7506866455078,4.5,60.64,4.0,142.71
1712343979.8922608,22.249326467514038,42.30173768831429,-83.69821834795805,240.7506866455078,4.5,60.64,4.0,142.71
1712343979.9924061,22.349446296691895,42.30173768831429,-83.69821834795805,240.7506866455078,4.5,60.64,4.0,142.71
1712343980.0925186,22.449594259262085,42.30173768831429,-83.69821834795805,240.7506866455078,4.5,60.64,4.0,142.71
1712343980.1926506,22.549701690673828,42.30173768831429,-83.69821834795805,240.7506866455078,4.5,60.64,4.0,142.71
1712343980.2930741,22.650161743164062,42.30173768831429,-83.69821834795805,240.7506866455078,4.5,60.64,4.0,142.71
1712343980.3932226,22.750322580337524,42.30173768831429,-83.69821834795805,240.7506866455078,4.5,60.64,4.0,142.71
1712343980.4934356,22.85053825378418,42.30173768831429,-83.69821834795805,240.7506866455078,4.5,60.64,4.0,142.71
1712343980.5935853,22.95061182975769,42.30173768831429,-83.69821834795805,240.7506866455078,4.5,60.64,4.0,142.71
1712343980.693704,23.050784587860107,42.30173768831429,-83.69821834795805,240.7506866455078,4.5,60.64,4.0,142.71
1712343980.7938075,23.15088939666748,42.30173768831429,-83.69821834795805,240.7506866455078,4.5,60.64,4.0,142.71
1712343980.893922,23.250983715057373,42.30173768831429,-83.69821834795805,240.7506866455078,4.5,60.64,4.0,142.71
1712343980.9940336,23.351106643676758,42.30173768831429,-83.69821834795805,240.7506866455078,4.5,60.64,4.0,142.71
1712343981.0941699,23.45122480392456,42.30173768831429,-83.69821834795805,240.7506866455078,4.5,60.64,4.0,142.71
1712343981.1943536,23.5513653755188,42.30173768831429,-83.69821834795805,240.7506866455078,4.5,60.64,4.0,142.71
